{
"type": "FeatureCollection",
"name": "estados",
"crs": { "type": "name", "properties": { "name": "urn:ogc:def:crs:OGC:1.3:CRS84" } },
"features": [
{ "type": "Feature", "properties": { "NAME_1": "Aguascalientes" }, "geometry": { "type": "Polygon", "coordinates": [ [ [ -102.467422485352003, 21.671779632568398 ], [ -102.498527526855, 21.704339981079201 ], [ -102.524780273437997, 21.715581893920799 ], [ -102.693252563477003, 21.729120254516701 ], [ -102.728706359862997, 21.71928024292 ], [ -102.774803161620994, 21.687871932983501 ], [ -102.784683227539006, 21.6899108886719 ], [ -102.862648010254006, 21.762889862060501 ], [ -102.871742248535, 21.782190322876101 ], [ -102.871376037597997, 21.8171291351319 ], [ -102.821426391602003, 21.923812866211001 ], [ -102.694236755370994, 22.084400177002099 ], [ -102.67569732666, 22.128208160400401 ], [ -102.664840698242003, 22.192569732666001 ], [ -102.651756286620994, 22.2159194946288 ], [ -102.619071960449006, 22.239740371704201 ], [ -102.537269592285, 22.256771087646499 ], [ -102.477752685547003, 22.296871185302798 ], [ -102.387031555175994, 22.3371696472168 ], [ -102.345031738280994, 22.371131896972798 ], [ -102.339233398437997, 22.408210754394499 ], [ -102.3076171875, 22.418500900268601 ], [ -102.274620056152003, 22.3661098480225 ], [ -102.207191467285, 22.304309844970799 ], [ -102.050010681152003, 22.225969314575298 ], [ -102.037986755370994, 22.203010559081999 ], [ -102.024139404297003, 22.134670257568398 ], [ -101.994087219237997, 22.071172714233398 ], [ -101.96501159668, 22.035520553588899 ], [ -101.975631713867003, 21.997919082641701 ], [ -101.974472045897997, 21.9700012207032 ], [ -101.912567138672003, 21.919111251831101 ], [ -101.896156311035, 21.890230178833001 ], [ -101.911346435547003, 21.877080917358501 ], [ -101.9794921875, 21.859380722046001 ], [ -102.066963195800994, 21.816932678222699 ], [ -102.16886138916, 21.6846103668213 ], [ -102.197563171387003, 21.6657829284668 ], [ -102.346366882324006, 21.621749877929801 ], [ -102.368362426757997, 21.624620437622099 ], [ -102.467422485352003, 21.671779632568398 ] ] ] } },
{ "type": "Feature", "properties": { "NAME_1": "Baja California" }, "geometry": { "type": "MultiPolygon", "coordinates": [ [ [ [ -115.361946105957003, 28.129444122314499 ], [ -115.364166259765994, 28.128057479858501 ], [ -115.36499786377, 28.130556106567401 ], [ -115.364166259765994, 28.13138961792 ], [ -115.361946105957003, 28.129444122314499 ] ] ], [ [ [ -115.343055725097997, 28.120832443237202 ], [ -115.30638885498, 28.146110534668001 ], [ -115.238609313965, 28.229444503784201 ], [ -115.248336791992003, 28.2508335113525 ], [ -115.247497558594006, 28.243333816528398 ], [ -115.25333404541, 28.247499465942401 ], [ -115.254722595215, 28.286111831665 ], [ -115.266670227050994, 28.296943664550799 ], [ -115.249168395995994, 28.3163871765137 ], [ -115.254997253417997, 28.340000152587901 ], [ -115.241668701172003, 28.343610763549702 ], [ -115.243057250977003, 28.350276947021499 ], [ -115.250274658202997, 28.348611831665199 ], [ -115.247779846190994, 28.3580551147462 ], [ -115.230834960937003, 28.363889694213899 ], [ -115.23055267334, 28.375555038452202 ], [ -115.207496643065994, 28.373611450195298 ], [ -115.19361114502, 28.361389160156399 ], [ -115.190551757812003, 28.3216667175293 ], [ -115.174163818359006, 28.306390762329102 ], [ -115.163612365722997, 28.260833740234499 ], [ -115.172775268555, 28.2111110687256 ], [ -115.156669616699006, 28.1802768707275 ], [ -115.15860748291, 28.138610839843899 ], [ -115.186111450195, 28.1049995422363 ], [ -115.184722900390994, 28.032224655151399 ], [ -115.208885192870994, 28.039443969726499 ], [ -115.230834960937003, 28.027778625488398 ], [ -115.255279541015994, 28.0372219085694 ], [ -115.263336181640994, 28.068611145019599 ], [ -115.292503356934006, 28.093889236450199 ], [ -115.354721069335994, 28.0761108398438 ], [ -115.355834960937997, 28.118055343628001 ], [ -115.343055725097997, 28.120832443237202 ] ] ], [ [ [ -115.543334960937997, 28.311111450195298 ], [ -115.536109924315994, 28.300554275512798 ], [ -115.544723510742003, 28.290275573730501 ], [ -115.551666259765994, 28.3052787780762 ], [ -115.543334960937997, 28.311111450195298 ] ] ], [ [ [ -115.590278625487997, 28.315557479858501 ], [ -115.584442138672003, 28.307500839233501 ], [ -115.57194519043, 28.3161106109619 ], [ -115.559997558594006, 28.307777404785298 ], [ -115.574165344237997, 28.311111450195298 ], [ -115.580833435059006, 28.295833587646602 ], [ -115.606666564940994, 28.2999992370606 ], [ -115.600830078125, 28.316944122314499 ], [ -115.590278625487997, 28.315557479858501 ] ] ], [ [ [ -115.26000213623, 28.309999465942401 ], [ -115.25666809082, 28.310277938842798 ], [ -115.258056640625, 28.306943893432699 ], [ -115.26000213623, 28.308332443237202 ], [ -115.26000213623, 28.309999465942401 ] ] ], [ [ [ -118.281860351562003, 28.852418899536101 ], [ -118.279441833495994, 28.852777481078999 ], [ -118.279907226562003, 28.847108840942401 ], [ -118.285797119140994, 28.848661422729599 ], [ -118.281860351562003, 28.852418899536101 ] ] ], [ [ [ -118.297660827637003, 28.864845275878999 ], [ -118.295822143555, 28.865760803222699 ], [ -118.294494628905994, 28.864517211914201 ], [ -118.296333312987997, 28.863407135009801 ], [ -118.297660827637003, 28.864845275878999 ] ] ], [ [ [ -118.29426574707, 28.868656158447202 ], [ -118.295356750487997, 28.873504638671999 ], [ -118.293045043945, 28.8764839172363 ], [ -118.289443969727003, 28.8714504241944 ], [ -118.29426574707, 28.868656158447202 ] ] ], [ [ [ -118.290824890137003, 28.907899856567301 ], [ -118.289497375487997, 28.908525466918899 ], [ -118.28816986084, 28.904890060424901 ], [ -118.289344787597997, 28.904607772827099 ], [ -118.290824890137003, 28.907899856567301 ] ] ], [ [ [ -118.226669311522997, 28.938055038452202 ], [ -118.22770690918, 28.921941757202099 ], [ -118.248291015625, 28.89111328125 ], [ -118.297225952147997, 28.880556106567401 ], [ -118.282775878905994, 28.893611907959102 ], [ -118.300003051757997, 28.9347229003907 ], [ -118.291664123535, 28.968055725097699 ], [ -118.313888549805, 28.9802780151368 ], [ -118.305557250977003, 29.005556106567301 ], [ -118.321983337402003, 29.045036315918001 ], [ -118.365837097167997, 29.080278396606602 ], [ -118.351928710937003, 29.1152954101563 ], [ -118.36888885498, 29.149166107177798 ], [ -118.333885192870994, 29.1711120605469 ], [ -118.301109313965, 29.169721603393601 ], [ -118.259452819824006, 29.190561294555799 ], [ -118.28581237793, 29.150321960449201 ], [ -118.28694152832, 29.130277633666999 ], [ -118.282218933105, 29.108610153198399 ], [ -118.253883361815994, 29.095006942749102 ], [ -118.226669311522997, 29.059165954589801 ], [ -118.22110748291, 29.0127773284912 ], [ -118.230003356934006, 28.992551803588899 ], [ -118.220901489257997, 28.9637355804443 ], [ -118.226669311522997, 28.938055038452202 ] ] ], [ [ [ -115.788612365722997, 29.796667098998999 ], [ -115.788330078125, 29.792221069336001 ], [ -115.797225952147997, 29.784164428711001 ], [ -115.794166564940994, 29.797775268554801 ], [ -115.788612365722997, 29.796667098998999 ] ] ], [ [ [ -114.381378173827997, 29.8181056976319 ], [ -114.369117736815994, 29.8086242675782 ], [ -114.37060546875, 29.8055515289307 ], [ -114.380126953125, 29.8125 ], [ -114.390113830565994, 29.808235168457099 ], [ -114.39778137207, 29.818332672119102 ], [ -114.381378173827997, 29.8181056976319 ] ] ], [ [ [ -114.415557861327997, 29.987514495849599 ], [ -114.400299072265994, 29.980812072753999 ], [ -114.391296386719006, 29.9611206054688 ], [ -114.411018371582003, 29.953832626342798 ], [ -114.423614501952997, 29.966110229492202 ], [ -114.415557861327997, 29.987514495849599 ] ] ], [ [ [ -114.386352539062003, 29.9922389984131 ], [ -114.386947631835994, 29.989444732666001 ], [ -114.390274047852003, 29.987777709961101 ], [ -114.390014648437997, 29.9945068359375 ], [ -114.386352539062003, 29.9922389984131 ] ] ], [ [ [ -114.476112365722997, 30.014167785644499 ], [ -114.480003356934006, 30.020277023315501 ], [ -114.47354888916, 30.022758483886701 ], [ -114.473609924315994, 30.0136108398438 ], [ -114.476112365722997, 30.014167785644499 ] ] ], [ [ [ -114.717498779297003, 29.110277175903299 ], [ -114.72386932373, 29.133123397827099 ], [ -114.737449645995994, 29.138990402221701 ], [ -114.734725952147997, 29.157499313354499 ], [ -114.743225097655994, 29.180908203125099 ], [ -114.757774353027003, 29.183399200439499 ], [ -114.770370483397997, 29.1971225738525 ], [ -114.78694152832, 29.196945190429702 ], [ -114.796020507812003, 29.214973449706999 ], [ -114.80492401123, 29.208658218383899 ], [ -114.813865661620994, 29.213901519775401 ], [ -114.825073242187003, 29.238195419311499 ], [ -114.837524414062003, 29.2366943359375 ], [ -114.846664428710994, 29.246112823486399 ], [ -114.875, 29.2855224609375 ], [ -114.868423461914006, 29.286090850830099 ], [ -114.873649597167997, 29.287223815917901 ], [ -114.87939453125, 29.284301757812599 ], [ -114.968330383300994, 29.375555038452099 ], [ -115.011947631835994, 29.3850002288819 ], [ -115.073608398437997, 29.416093826293999 ], [ -115.189445495605, 29.427778244018601 ], [ -115.211120605469006, 29.471923828125 ], [ -115.251663208007997, 29.515834808349599 ], [ -115.343322753905994, 29.556129455566499 ], [ -115.378608703612997, 29.558057785034201 ], [ -115.457778930664006, 29.625 ], [ -115.477500915527003, 29.626708984375099 ], [ -115.505310058594006, 29.6160888671875 ], [ -115.564163208007997, 29.663610458374102 ], [ -115.58472442627, 29.691944122314499 ], [ -115.620834350585994, 29.695278167724702 ], [ -115.698608398437003, 29.755277633666999 ], [ -115.684722900390994, 29.827222824096701 ], [ -115.702209472655994, 29.900331497192401 ], [ -115.743049621582003, 29.947557449340898 ], [ -115.787498474120994, 29.959167480468899 ], [ -115.8125, 29.9502773284913 ], [ -115.792503356934006, 30.0355548858643 ], [ -115.780212402344006, 30.038511276245099 ], [ -115.788612365722997, 30.046943664550799 ], [ -115.781921386719006, 30.091918945312599 ], [ -115.803886413574006, 30.133611679077301 ], [ -115.7958984375, 30.2472229003906 ], [ -115.811622619629006, 30.3000392913818 ], [ -115.845558166504006, 30.3533325195313 ], [ -115.915832519530994, 30.402221679687599 ], [ -115.948120117187003, 30.4066772460938 ], [ -115.986511230469006, 30.3903198242188 ], [ -115.971557617187003, 30.410556793212798 ], [ -115.940490722655994, 30.4130172729493 ], [ -115.944725036620994, 30.4466667175293 ], [ -115.935623168945, 30.458194732666101 ], [ -115.9501953125, 30.462097167968899 ], [ -115.968330383300994, 30.4855556488038 ], [ -115.978309631347997, 30.484855651855401 ], [ -115.982139587402003, 30.494138717651499 ], [ -115.976669311522997, 30.496110916137798 ], [ -115.992858886719006, 30.499145507812599 ], [ -115.991668701172003, 30.5083332061769 ], [ -115.998886108397997, 30.496667861938601 ], [ -115.963310241699006, 30.4634609222412 ], [ -115.95662689209, 30.4463920593263 ], [ -115.958129882812003, 30.437683105468899 ], [ -115.978057861327997, 30.426664352416999 ], [ -115.995895385742003, 30.4512615203857 ], [ -116.02555847168, 30.4527778625488 ], [ -115.99494934082, 30.406982421875099 ], [ -115.993377685547003, 30.381111145019499 ], [ -115.978057861327997, 30.3650016784668 ], [ -115.985412597655994, 30.3563232421875 ], [ -116.001663208007997, 30.3597221374512 ], [ -116.015258789062003, 30.426334381103601 ], [ -116.033332824707003, 30.437778472900501 ], [ -116.035552978515994, 30.457221984863299 ], [ -116.049163818359006, 30.472501754760799 ], [ -116.031669616699006, 30.5725002288819 ], [ -116.026611328125, 30.657470703124901 ], [ -116.032501220702997, 30.697633743286101 ], [ -116.047180175780994, 30.717527389526399 ], [ -116.058296203612997, 30.796415328979599 ], [ -116.072998046875, 30.815307617187599 ], [ -116.104164123535, 30.821388244628999 ], [ -116.146095275879006, 30.857244491577202 ], [ -116.175598144530994, 30.861089706421001 ], [ -116.205276489257997, 30.886667251586999 ], [ -116.216125488280994, 30.914184570312599 ], [ -116.234962463379006, 30.9328098297119 ], [ -116.244445800780994, 30.9319458007812 ], [ -116.267448425292997, 30.965192794799901 ], [ -116.285827636719006, 30.968322753906399 ], [ -116.320556640625, 30.955278396606399 ], [ -116.337677001952997, 30.9688739776612 ], [ -116.339447021484006, 30.988054275512599 ], [ -116.3125, 31.096496582031399 ], [ -116.309204101562003, 31.151426315307599 ], [ -116.339416503905994, 31.2066745758057 ], [ -116.351387023925994, 31.2127780914307 ], [ -116.361663818359006, 31.243610382080099 ], [ -116.391632080077997, 31.282455444336101 ], [ -116.416389465332003, 31.2927780151368 ], [ -116.438331604004006, 31.3225002288819 ], [ -116.456115722655994, 31.329711914062599 ], [ -116.456390380859006, 31.347221374511701 ], [ -116.484725952147997, 31.366666793823299 ], [ -116.500831604004006, 31.410278320312599 ], [ -116.511596679687997, 31.413879394531399 ], [ -116.521690368652003, 31.434116363525401 ], [ -116.572776794432997, 31.465000152587901 ], [ -116.602142333984006, 31.462461471557699 ], [ -116.608627319335994, 31.496374130249102 ], [ -116.63444519043, 31.516944885253899 ], [ -116.649169921875, 31.5155563354493 ], [ -116.667526245117003, 31.551124572753899 ], [ -116.691665649414006, 31.5536117553712 ], [ -116.69189453125, 31.5717163085938 ], [ -116.650863647460994, 31.583078384399499 ], [ -116.66805267334, 31.617500305175799 ], [ -116.648887634277003, 31.660833358764801 ], [ -116.677780151367003, 31.6983356475831 ], [ -116.692779541015994, 31.704166412353501 ], [ -116.696105957030994, 31.7158813476562 ], [ -116.715835571289006, 31.7147216796875 ], [ -116.714416503905994, 31.724668502807699 ], [ -116.724998474120994, 31.723056793212901 ], [ -116.72721862793, 31.733888626098601 ], [ -116.745552062987997, 31.743333816528398 ], [ -116.741668701172003, 31.750278472900298 ], [ -116.724708557129006, 31.7483825683594 ], [ -116.661392211914006, 31.718332290649499 ], [ -116.640808105469006, 31.736082077026399 ], [ -116.626220703125, 31.7653198242188 ], [ -116.639724731445, 31.725833892822401 ], [ -116.657196044922003, 31.7191867828369 ], [ -116.629997253417997, 31.6947231292725 ], [ -116.631317138672003, 31.7086296081544 ], [ -116.641387939452997, 31.717220306396499 ], [ -116.611114501952997, 31.771389007568398 ], [ -116.620002746582003, 31.780277252197301 ], [ -116.609169006347997, 31.815555572509801 ], [ -116.616371154785, 31.850320816040199 ], [ -116.628112792969006, 31.8591327667237 ], [ -116.632774353027003, 31.854724884033299 ], [ -116.625648498535, 31.843336105346701 ], [ -116.639724731445, 31.860000610351701 ], [ -116.669952392577997, 31.861143112182599 ], [ -116.698890686035, 31.8941669464112 ], [ -116.746337890625, 31.9017639160157 ], [ -116.756385803222997, 31.912778854370199 ], [ -116.755851745605, 31.944505691528398 ], [ -116.769927978515994, 31.971443176269499 ], [ -116.798522949219006, 31.981689453125099 ], [ -116.831077575684006, 31.977413177490298 ], [ -116.855766296387003, 31.990594863891602 ], [ -116.880401611327997, 32.017887115478501 ], [ -116.887580871582003, 32.038509368896499 ], [ -116.887588500977003, 32.049190521240199 ], [ -116.877777099609006, 32.054164886474602 ], [ -116.886764526367003, 32.086231231689503 ], [ -116.880218505859006, 32.091789245605398 ], [ -116.885261535644005, 32.1205673217775 ], [ -116.908180236815994, 32.165824890136697 ], [ -116.921730041504006, 32.2249984741212 ], [ -116.9375, 32.2431030273438 ], [ -117.021484375, 32.2669067382812 ], [ -117.040000915527003, 32.285556793212898 ], [ -117.053894042969006, 32.330322265625099 ], [ -117.060554504394005, 32.331943511962898 ], [ -117.056945800780994, 32.336666107177699 ], [ -117.090621948242003, 32.397071838378999 ], [ -117.102188110352003, 32.438907623291101 ], [ -117.12166595459, 32.468612670898501 ], [ -117.123901367187003, 32.5308837890625 ], [ -116.007682800292997, 32.624130249023402 ], [ -114.719200134277003, 32.718040466308601 ], [ -114.756286621094006, 32.651489257812599 ], [ -114.782516479492003, 32.62260055542 ], [ -114.808990478515994, 32.616481781005902 ], [ -114.800506591797003, 32.592090606689503 ], [ -114.812973022460994, 32.5594291687012 ], [ -114.794647216797003, 32.564891815185703 ], [ -114.789436340332003, 32.555900573730497 ], [ -114.80330657959, 32.547809600830099 ], [ -114.81273651123, 32.522510528564602 ], [ -114.802467346190994, 32.508640289306598 ], [ -114.815406799315994, 32.505580902099702 ], [ -114.8154296875, 32.490158081054702 ], [ -114.84228515625, 32.4774780273438 ], [ -114.870178222655994, 32.492492675781399 ], [ -114.920593261719006, 32.4912719726563 ], [ -114.926727294922003, 32.464019775390703 ], [ -114.945671081542997, 32.438629150390703 ], [ -114.94458770752, 32.421749114990298 ], [ -114.963500976562003, 32.404907226562599 ], [ -114.96556854248, 32.3595199584962 ], [ -114.981506347655994, 32.335876464843899 ], [ -115.039428710937003, 32.284912109375099 ], [ -115.0283203125, 32.2612915039063 ], [ -114.992370605469006, 32.233093261718899 ], [ -114.981994628905994, 32.2092895507812 ], [ -115.006713867187003, 32.147277832031399 ], [ -114.994873046875, 32.108520507812599 ], [ -114.996704101562003, 32.0667114257813 ], [ -115.012023925780994, 32.0175170898438 ], [ -115.002075195312003, 31.984312057495199 ], [ -115.030212402344006, 31.957275390625099 ], [ -114.98828125, 31.9188842773438 ], [ -114.977783203125, 31.924316406250099 ], [ -114.949829101562003, 31.9138793945312 ], [ -114.932678222655994, 31.8970947265625 ], [ -114.897216796875, 31.8856811523438 ], [ -114.798736572265994, 31.820299148559599 ], [ -114.808334350585994, 31.815555572509801 ], [ -114.817665100097997, 31.747146606445298 ], [ -114.813331604004006, 31.724445343017599 ], [ -114.788612365722997, 31.6822223663331 ], [ -114.778610229492003, 31.632499694824201 ], [ -114.825836181640994, 31.574167251586999 ], [ -114.856941223145, 31.4900016784669 ], [ -114.849723815917997, 31.4366664886475 ], [ -114.862503051757997, 31.420833587646602 ], [ -114.855003356934006, 31.406110763549801 ], [ -114.862777709960994, 31.3994445800781 ], [ -114.85221862793, 31.386945724487401 ], [ -114.871917724609006, 31.340236663818398 ], [ -114.879745483397997, 31.2919826507569 ], [ -114.892219543457003, 31.288890838623001 ], [ -114.885559082030994, 31.279167175293001 ], [ -114.896385192870994, 31.254444122314499 ], [ -114.883613586425994, 31.259445190429702 ], [ -114.880279541015994, 31.240556716919102 ], [ -114.890830993652003, 31.154720306396499 ], [ -114.88444519043, 31.118610382080099 ], [ -114.86888885498, 31.092222213745199 ], [ -114.811737060547003, 31.0461521148682 ], [ -114.832412719725994, 31.021997451782301 ], [ -114.832496643065994, 30.998611450195401 ], [ -114.82194519043, 30.997499465942401 ], [ -114.828887939452997, 30.9947223663331 ], [ -114.821113586425994, 30.9958305358887 ], [ -114.824447631835994, 30.989444732666001 ], [ -114.80916595459, 30.977222442627099 ], [ -114.719848632812003, 30.936323165893601 ], [ -114.71028137207, 30.90944480896 ], [ -114.704406738280994, 30.864501953125099 ], [ -114.709442138672003, 30.842222213745199 ], [ -114.695831298827997, 30.8163871765138 ], [ -114.699996948242003, 30.745555877685501 ], [ -114.69189453125, 30.746704101562599 ], [ -114.705558776855, 30.716110229492202 ], [ -114.693336486815994, 30.676944732666101 ], [ -114.698890686035, 30.633611679077099 ], [ -114.68083190918, 30.590833663940501 ], [ -114.65119934082, 30.555805206298899 ], [ -114.647499084472997, 30.525278091430799 ], [ -114.630004882812003, 30.4888916015625 ], [ -114.638442993164006, 30.4545631408693 ], [ -114.629997253417997, 30.419166564941499 ], [ -114.644165039062003, 30.376386642456101 ], [ -114.6357421875, 30.367139816284201 ], [ -114.635009765625, 30.347471237182599 ], [ -114.640510559082003, 30.347740173339801 ], [ -114.656669616699006, 30.2855548858644 ], [ -114.639282226562003, 30.259275436401399 ], [ -114.667465209960994, 30.191665649414201 ], [ -114.651977539062003, 30.174316406250099 ], [ -114.627571105957003, 30.119981765747202 ], [ -114.602783203125, 30.107271194458001 ], [ -114.583801269530994, 30.074096679687599 ], [ -114.576065063475994, 30.033918380737301 ], [ -114.535110473632997, 29.9697704315187 ], [ -114.487266540527003, 29.949050903320401 ], [ -114.470161437987997, 29.913927078247099 ], [ -114.434204101562003, 29.909912109375099 ], [ -114.413040161132997, 29.8910846710206 ], [ -114.41259765625, 29.848510742187599 ], [ -114.39387512207, 29.8277797698975 ], [ -114.405662536620994, 29.8252353668213 ], [ -114.409400939940994, 29.815917968750099 ], [ -114.398094177245994, 29.8094081878662 ], [ -114.404724121094006, 29.804166793823299 ], [ -114.399169921875, 29.799167633056701 ], [ -114.395202636719006, 29.8076782226563 ], [ -114.388565063477003, 29.779464721679801 ], [ -114.353698730469006, 29.768920898437599 ], [ -114.341659545897997, 29.746906280517599 ], [ -114.321105957030994, 29.741090774536101 ], [ -114.294708251952997, 29.742237091064499 ], [ -114.281669616699006, 29.759445190429801 ], [ -114.2919921875, 29.757324218750099 ], [ -114.29239654541, 29.7668647766113 ], [ -114.280883789062003, 29.7722778320312 ], [ -114.208015441894005, 29.744672775268601 ], [ -114.198608398437997, 29.725833892822301 ], [ -114.16007232666, 29.6914787292482 ], [ -114.144073486327997, 29.6918334960938 ], [ -114.109634399414006, 29.6526069641113 ], [ -114.062568664550994, 29.628780364990199 ], [ -114.046325683594006, 29.596923828125099 ], [ -113.980827331542997, 29.567577362060501 ], [ -113.896659851074006, 29.485208511352699 ], [ -113.861602783202997, 29.462465286254901 ], [ -113.835823059082003, 29.4563217163087 ], [ -113.824157714844006, 29.4290962219238 ], [ -113.773582458495994, 29.410791397094801 ], [ -113.761108398437997, 29.391479492187599 ], [ -113.725524902344006, 29.366090774536101 ], [ -113.694709777832003, 29.324375152587901 ], [ -113.637512207030994, 29.2836723327638 ], [ -113.625, 29.252685546875099 ], [ -113.65380859375, 29.222715377807599 ], [ -113.656120300292997, 29.209651947021602 ], [ -113.640197753905994, 29.200208663940401 ], [ -113.643043518065994, 29.183265686035298 ], [ -113.635696411132997, 29.174085617065401 ], [ -113.627494812012003, 29.175764083862401 ], [ -113.618881225585994, 29.160209655761701 ], [ -113.609710693359006, 29.164375305175898 ], [ -113.594436645507997, 29.132431030273501 ], [ -113.570495605469006, 29.1163654327394 ], [ -113.562767028809006, 29.086597442626999 ], [ -113.538681030272997, 29.058338165283299 ], [ -113.534469604492003, 29.032512664794901 ], [ -113.548095703125, 29.040527343750099 ], [ -113.562995910645, 29.0081596374512 ], [ -113.547302246094006, 28.9852905273437 ], [ -113.544212341309006, 28.9614772796631 ], [ -113.556617736815994, 28.9450798034669 ], [ -113.525169372559006, 28.8927402496338 ], [ -113.491882324219006, 28.889204025268601 ], [ -113.478485107422003, 28.8955974578857 ], [ -113.470909118652003, 28.9139728546144 ], [ -113.487487792969006, 28.9281024932862 ], [ -113.474609375, 28.9437255859375 ], [ -113.479675292969006, 28.948064804077099 ], [ -113.447853088379006, 28.940069198608398 ], [ -113.437217712402003, 28.9596843719482 ], [ -113.42366027832, 28.948431015014599 ], [ -113.427680969237997, 28.934589385986399 ], [ -113.413795471190994, 28.923622131347699 ], [ -113.3857421875, 28.9397087097169 ], [ -113.394714355469006, 28.919496536255 ], [ -113.368148803710994, 28.904281616210898 ], [ -113.380783081055, 28.894285202026399 ], [ -113.357559204100994, 28.873855590820401 ], [ -113.370231628417997, 28.860761642456101 ], [ -113.370559692382997, 28.8371906280518 ], [ -113.364013671875, 28.8220825195312 ], [ -113.351898193359006, 28.8168258666993 ], [ -113.354721069335994, 28.802219390869201 ], [ -113.311279296875, 28.803710937499901 ], [ -113.283203125, 28.828125 ], [ -113.248336791992003, 28.840280532836999 ], [ -113.22110748291, 28.8253173828125 ], [ -113.212341308594006, 28.803136825561499 ], [ -113.196250915527003, 28.792322158813398 ], [ -113.19401550293, 28.7450771331788 ], [ -113.184326171875, 28.7192993164063 ], [ -113.175445556640994, 28.712875366211101 ], [ -113.15860748291, 28.659721374511701 ], [ -113.128036499022997, 28.631397247314499 ], [ -113.129997253417997, 28.598333358764702 ], [ -113.103332519530994, 28.5052795410156 ], [ -113.014167785645, 28.4572238922119 ], [ -112.969444274902003, 28.457010269165 ], [ -112.903076171875, 28.4752807617188 ], [ -112.88444519043, 28.4630546569825 ], [ -112.883056640625, 28.4513874053956 ], [ -112.873886108397997, 28.450275421142599 ], [ -112.882019042969006, 28.437963485717798 ], [ -112.866386413574006, 28.425556182861399 ], [ -112.859802246094006, 28.440307617187599 ], [ -112.845848083495994, 28.440233230590799 ], [ -112.843940734862997, 28.4225063323975 ], [ -112.859367370605, 28.404405593872099 ], [ -112.849182128905994, 28.381103515625 ], [ -112.875312805175994, 28.313346862793001 ], [ -112.867874145507997, 28.3000202178956 ], [ -112.873039245605, 28.283876419067401 ], [ -112.801391601562003, 28.2038879394531 ], [ -112.785934448242003, 28.1964416503906 ], [ -112.810203552245994, 28.1479015350343 ], [ -112.812683105469006, 28.118286132812599 ], [ -112.802497863769005, 28.0841674804688 ], [ -112.78833770752, 28.0674953460693 ], [ -112.801391601562003, 28.049072265625099 ], [ -112.803588867187997, 28.023023605346701 ], [ -112.785552978515994, 28.003889083862401 ], [ -112.766662597655994, 28.0025444030762 ], [ -112.756713867187003, 27.973047256469801 ], [ -112.766944885254006, 27.9394435882568 ], [ -112.760833740234006, 27.896942138671999 ], [ -112.768058776855, 27.879167556762798 ], [ -112.789184570312003, 27.9368896484375 ], [ -112.828308105469006, 27.9492797851562 ], [ -114.094696044922003, 27.952873229980501 ], [ -114.084999084472997, 27.970832824706999 ], [ -114.08617401123, 27.9830818176269 ], [ -114.095832824707003, 27.976942062378001 ], [ -114.09944152832, 27.9891662597657 ], [ -114.090278625487997, 27.993335723877099 ], [ -114.098609924315994, 28.000001907348601 ], [ -114.092224121094006, 28.007505416870199 ], [ -114.101928710937997, 28.004701614379901 ], [ -114.105796813965, 28.0224533081056 ], [ -114.125, 28.016944885253899 ], [ -114.116111755370994, 28.025833129882901 ], [ -114.119720458984006, 28.036945343017599 ], [ -114.093627929687997, 28.033874511718899 ], [ -114.098609924315994, 28.033054351806602 ], [ -114.098892211914006, 28.026666641235501 ], [ -114.103332519530994, 28.0236110687256 ], [ -114.103332519530994, 28.019443511962901 ], [ -114.097778320312003, 28.0255546569825 ], [ -114.084999084472997, 28.018888473510799 ], [ -114.075561523437003, 28.000057220458899 ], [ -114.08194732666, 27.999721527099599 ], [ -114.075836181640994, 27.994167327880898 ], [ -114.083305358887003, 27.990312576293899 ], [ -114.076599121094006, 27.989501953125 ], [ -114.080810546875, 27.9774799346925 ], [ -114.041114807129006, 28.0219459533693 ], [ -114.035003662109006, 28.041395187378001 ], [ -114.048362731934006, 28.039840698242202 ], [ -114.068519592285, 28.054723739624102 ], [ -114.099685668945, 28.057039260864201 ], [ -114.102905273437997, 28.106019973755 ], [ -114.114532470702997, 28.120124816894499 ], [ -114.059875488280994, 28.2005004882813 ], [ -114.062377929687997, 28.167295455932699 ], [ -114.076667785645, 28.1402778625488 ], [ -114.076293945312003, 28.1137084960938 ], [ -114.068885803222997, 28.1033325195312 ], [ -114.063888549805, 28.106388092041101 ], [ -114.067779541015994, 28.100835800170898 ], [ -114.066390991210994, 28.095556259155298 ], [ -114.057502746582003, 28.095092773437599 ], [ -114.066108703612997, 28.0972213745118 ], [ -114.062194824219006, 28.107482910156399 ], [ -114.074447631835994, 28.123611450195298 ], [ -114.061943054199006, 28.109722137451101 ], [ -114.054122924805, 28.106967926025401 ], [ -114.065002441405994, 28.120000839233501 ], [ -114.055786132812003, 28.118896484375099 ], [ -114.06640625, 28.1245136260987 ], [ -114.063331604004006, 28.1600017547607 ], [ -114.054725646972997, 28.160278320312599 ], [ -114.061668395995994, 28.1622219085693 ], [ -114.054168701172003, 28.169721603393601 ], [ -114.056945800780994, 28.1826782226562 ], [ -114.04638671875, 28.191942214965799 ], [ -114.052780151367003, 28.223611831665 ], [ -114.064353942870994, 28.235509872436499 ], [ -114.067779541015994, 28.256944656372099 ], [ -114.074447631835994, 28.247777938842798 ], [ -114.081977844237997, 28.2522506713868 ], [ -114.103576660155994, 28.2380981445313 ], [ -114.125556945800994, 28.256111145019499 ], [ -114.080276489257997, 28.343887329101602 ], [ -114.045555114745994, 28.4464740753175 ], [ -114.04638671875, 28.4680786132812 ], [ -114.069725036620994, 28.4908332824707 ], [ -114.06925201416, 28.514539718627901 ], [ -114.086112976074006, 28.5219440460206 ], [ -114.096923828125, 28.5460815429688 ], [ -114.111946105957003, 28.556110382080099 ], [ -114.1591796875, 28.5661010742188 ], [ -114.156372070312003, 28.6219596862794 ], [ -114.164489746094006, 28.6422729492188 ], [ -114.181396484375, 28.6561279296875 ], [ -114.235832214355, 28.666944503784201 ], [ -114.245529174805, 28.662521362304801 ], [ -114.245834350585994, 28.652780532836999 ], [ -114.258613586425994, 28.661945343017599 ], [ -114.270034790039006, 28.6597633361818 ], [ -114.26887512207, 28.6880378723144 ], [ -114.284645080565994, 28.706142425537202 ], [ -114.301940917969006, 28.705276489257901 ], [ -114.314735412597997, 28.7272243499756 ], [ -114.347503662109006, 28.730558395385899 ], [ -114.341941833495994, 28.750278472900401 ], [ -114.35221862793, 28.764999389648398 ], [ -114.348564147949006, 28.7714138031007 ], [ -114.360832214355, 28.780555725097699 ], [ -114.360298156737997, 28.796140670776399 ], [ -114.373336791992003, 28.811944961548001 ], [ -114.387092590332003, 28.8064708709718 ], [ -114.398620605469006, 28.8175048828125 ], [ -114.404739379882997, 28.861122131347599 ], [ -114.416946411132997, 28.8791694641113 ], [ -114.426391601562003, 28.88330078125 ], [ -114.438552856445, 28.8758258819581 ], [ -114.446617126465, 28.904499053955199 ], [ -114.461112976074006, 28.906665802001999 ], [ -114.489440917969006, 28.9322223663331 ], [ -114.526428222655994, 28.931884765624901 ], [ -114.53141784668, 28.917621612548899 ], [ -114.546104431152003, 28.934503555297901 ], [ -114.547180175780994, 28.953672409057699 ], [ -114.565002441405994, 28.972776412963899 ], [ -114.579528808594006, 28.9744873046875 ], [ -114.586906433105, 28.963962554931701 ], [ -114.598373413085994, 28.974792480468899 ], [ -114.6083984375, 29.058834075927699 ], [ -114.618606567382997, 29.062768936157301 ], [ -114.628913879395, 29.091680526733299 ], [ -114.654418945312003, 29.097379684448399 ], [ -114.676078796387003, 29.1129169464112 ], [ -114.695617675780994, 29.1102905273438 ], [ -114.702438354492003, 29.100622177124102 ], [ -114.717498779297003, 29.110277175903299 ] ] ], [ [ [ -114.490898132324006, 30.049732208251999 ], [ -114.48998260498, 30.053899765014801 ], [ -114.488037109375, 30.053922653198399 ], [ -114.48722076416, 30.0499992370606 ], [ -114.490898132324006, 30.049732208251999 ] ] ], [ [ [ -114.54638671875, 30.0916767120362 ], [ -114.53971862793, 30.091388702392599 ], [ -114.534736633300994, 30.083936691284201 ], [ -114.553886413574006, 30.089443206787202 ], [ -114.54638671875, 30.0916767120362 ] ] ], [ [ [ -116.108695983887003, 30.4963703155518 ], [ -116.098892211914006, 30.484167098999102 ], [ -116.122085571289006, 30.483375549316399 ], [ -116.123596191405994, 30.492790222168001 ], [ -116.108695983887003, 30.4963703155518 ] ] ], [ [ [ -116.788299560547003, 31.8047695159913 ], [ -116.785835266112997, 31.791667938232401 ], [ -116.788612365722997, 31.790277481079201 ], [ -116.798278808594006, 31.8060913085938 ], [ -116.788299560547003, 31.8047695159913 ] ] ], [ [ [ -116.801002502440994, 31.8066921234131 ], [ -116.808898925780994, 31.8095092773437 ], [ -116.808334350585994, 31.812221527099702 ], [ -116.801651000977003, 31.8119716644287 ], [ -116.801002502440994, 31.8066921234131 ] ] ], [ [ [ -117.248336791992003, 32.419166564941499 ], [ -117.2421875, 32.4116821289062 ], [ -117.239974975585994, 32.390373229980497 ], [ -117.245834350585994, 32.395278930664098 ], [ -117.248336791992003, 32.419166564941499 ] ] ], [ [ [ -117.257499694824006, 32.418888092041101 ], [ -117.25887298584, 32.417243957519503 ], [ -117.259719848632997, 32.4141654968262 ], [ -117.260833740234006, 32.418334960937401 ], [ -117.257499694824006, 32.418888092041101 ] ] ], [ [ [ -117.297424316405994, 32.4448852539062 ], [ -117.294982910155994, 32.439994812011797 ], [ -117.294052124022997, 32.433704376220703 ], [ -117.301666259765994, 32.443611145019602 ], [ -117.297424316405994, 32.4448852539062 ] ] ], [ [ [ -114.228889465332003, 27.8861103057862 ], [ -114.228248596190994, 27.8840656280518 ], [ -114.235832214355, 27.885553359985501 ], [ -114.234169006347997, 27.888057708740298 ], [ -114.228889465332003, 27.8861103057862 ] ] ], [ [ [ -114.225067138672003, 27.889774322509901 ], [ -114.22957611084, 27.8867626190187 ], [ -114.231941223145, 27.889999389648501 ], [ -114.22444152832, 27.894443511962901 ], [ -114.225067138672003, 27.889774322509901 ] ] ], [ [ [ -114.236282348632997, 27.889036178588999 ], [ -114.239608764647997, 27.890213012695401 ], [ -114.237777709960994, 27.892778396606602 ], [ -114.235832214355, 27.890832901001001 ], [ -114.236282348632997, 27.889036178588999 ] ] ], [ [ [ -114.228332519530994, 27.896389007568398 ], [ -114.229164123535, 27.894166946411101 ], [ -114.234443664550994, 27.894720077514702 ], [ -114.230003356934006, 27.897499084472798 ], [ -114.228332519530994, 27.896389007568398 ] ] ], [ [ [ -114.15714263916, 27.9010925292969 ], [ -114.163612365722997, 27.908056259155298 ], [ -114.152496337890994, 27.9194946289062 ], [ -114.145835876465, 27.908056259155298 ], [ -114.15714263916, 27.9010925292969 ] ] ], [ [ [ -114.169723510742003, 27.9213886260987 ], [ -114.169441223145, 27.910833358764599 ], [ -114.186340332030994, 27.918655395507901 ], [ -114.176658630370994, 27.9218769073487 ], [ -114.169723510742003, 27.9213886260987 ] ] ], [ [ [ -114.175003051757997, 27.9256496429444 ], [ -114.179168701172003, 27.923610687255898 ], [ -114.180000305175994, 27.924442291259801 ], [ -114.177780151367003, 27.928106307983501 ], [ -114.175003051757997, 27.9256496429444 ] ] ], [ [ [ -114.177223205565994, 27.928888320922901 ], [ -114.18083190918, 27.9266643524169 ], [ -114.183143615722997, 27.929807662963899 ], [ -114.175392150879006, 27.929887771606499 ], [ -114.177223205565994, 27.928888320922901 ] ] ], [ [ [ -114.173362731934006, 27.927803039550898 ], [ -114.174133300780994, 27.9277648925782 ], [ -114.174430847167997, 27.928758621215898 ], [ -114.171768188477003, 27.9303283691407 ], [ -114.173362731934006, 27.927803039550898 ] ] ], [ [ [ -114.167221069335994, 27.926111221313501 ], [ -114.159164428710994, 27.9241657257081 ], [ -114.16527557373, 27.9186115264893 ], [ -114.168853759765994, 27.922813415527401 ], [ -114.174163818359006, 27.923610687255898 ], [ -114.169395446777003, 27.926162719726602 ], [ -114.17374420166, 27.9449996948243 ], [ -114.16471862793, 27.9513893127443 ], [ -114.167221069335994, 27.926111221313501 ] ] ], [ [ [ -114.158889770507997, 27.952499389648398 ], [ -114.179077148437997, 27.9489135742188 ], [ -114.174308776855, 27.932638168335 ], [ -114.195877075195, 27.930042266845799 ], [ -114.205276489257997, 27.918333053588899 ], [ -114.217224121094006, 27.9238891601562 ], [ -114.234443664550994, 27.9174995422363 ], [ -114.263885498047003, 27.887500762939599 ], [ -114.273612976074006, 27.896942138671999 ], [ -114.267990112305, 27.940902709961001 ], [ -114.200744628905994, 28.003610610961999 ], [ -114.140983581542997, 28.078485488891701 ], [ -114.125274658202997, 28.084722518921001 ], [ -114.116813659667997, 28.046506881713899 ], [ -114.150604248047003, 28.0200099945069 ], [ -114.152778625487997, 28.0100002288819 ], [ -114.128921508789006, 27.971979141235401 ], [ -114.137512207030994, 27.9567260742188 ], [ -114.123054504394005, 27.9525146484375 ], [ -114.158889770507997, 27.952499389648398 ] ] ], [ [ [ -114.102821350097997, 27.995590209960898 ], [ -114.104446411132997, 27.9963893890381 ], [ -114.109169006347997, 27.994722366333001 ], [ -114.103889465332003, 27.998332977294901 ], [ -114.102821350097997, 27.995590209960898 ] ] ], [ [ [ -114.128364562987997, 28.012466430664102 ], [ -114.117225646972997, 28.002777099609499 ], [ -114.117774963379006, 28.0008335113525 ], [ -114.130279541015994, 28.006111145019499 ], [ -114.135276794432997, 28.018053054809599 ], [ -114.128364562987997, 28.012466430664102 ] ] ], [ [ [ -114.116386413574006, 28.0100002288819 ], [ -114.119163513182997, 28.009168624878001 ], [ -114.120552062987997, 28.0108337402343 ], [ -114.117500305175994, 28.011110305786101 ], [ -114.116386413574006, 28.0100002288819 ] ] ], [ [ [ -114.097343444824006, 28.0280361175538 ], [ -114.096542358397997, 28.0293292999269 ], [ -114.09619140625, 28.026121139526399 ], [ -114.097358703612997, 28.026260375976701 ], [ -114.097343444824006, 28.0280361175538 ] ] ], [ [ [ -114.069999694824006, 28.033889770507901 ], [ -114.071388244629006, 28.033054351806602 ], [ -114.073303222655994, 28.034727096557699 ], [ -114.069717407227003, 28.036394119262798 ], [ -114.069999694824006, 28.033889770507901 ] ] ], [ [ [ -114.085510253905994, 28.037475585937599 ], [ -114.086387634277003, 28.036668777465799 ], [ -114.089996337890994, 28.0408325195312 ], [ -114.087776184082003, 28.0408325195312 ], [ -114.085510253905994, 28.037475585937599 ] ] ], [ [ [ -114.070831298827997, 28.0455532073975 ], [ -114.068054199219006, 28.043888092041101 ], [ -114.070007324219006, 28.0394897460938 ], [ -114.074165344237997, 28.043331146240298 ], [ -114.070831298827997, 28.0455532073975 ] ] ], [ [ [ -114.070556640625, 28.1458339691162 ], [ -114.069442749022997, 28.141664505005 ], [ -114.070190429687997, 28.139709472656399 ], [ -114.07349395752, 28.1427307128907 ], [ -114.070556640625, 28.1458339691162 ] ] ], [ [ [ -114.066108703612997, 28.1486110687256 ], [ -114.06583404541, 28.150554656982401 ], [ -114.064674377440994, 28.151367187500099 ], [ -114.064445495605, 28.148677825927699 ], [ -114.066108703612997, 28.1486110687256 ] ] ], [ [ [ -114.074996948242003, 28.243055343628001 ], [ -114.054443359375, 28.219165802002099 ], [ -114.060180664062003, 28.2113037109375 ], [ -114.079170227050994, 28.244443893432599 ], [ -114.074996948242003, 28.243055343628001 ] ] ], [ [ [ -114.27889251709, 28.668333053588899 ], [ -114.27889251709, 28.670833587646602 ], [ -114.27555847168, 28.670000076294102 ], [ -114.276664733887003, 28.668056488037099 ], [ -114.27889251709, 28.668333053588899 ] ] ], [ [ [ -113.542778015137003, 28.9547214508057 ], [ -113.543334960937003, 28.955278396606499 ], [ -113.54305267334, 28.957221984863398 ], [ -113.541778564452997, 28.9564533233643 ], [ -113.542778015137003, 28.9547214508057 ] ] ], [ [ [ -113.608016967772997, 29.1683044433594 ], [ -113.606239318847997, 29.168676376342901 ], [ -113.606941223144005, 29.166112899780298 ], [ -113.608055114745994, 29.166112899780298 ], [ -113.608016967772997, 29.1683044433594 ] ] ], [ [ [ -113.573020935059006, 29.513994216918999 ], [ -113.574012756347997, 29.512731552124102 ], [ -113.575729370117003, 29.513362884521499 ], [ -113.575096130370994, 29.515062332153299 ], [ -113.573020935059006, 29.513994216918999 ] ] ], [ [ [ -113.5615234375, 29.561452865600501 ], [ -113.560729980469006, 29.5548706054688 ], [ -113.575836181640994, 29.545574188232401 ], [ -113.579742431640994, 29.560777664184702 ], [ -113.566665649414006, 29.566404342651499 ], [ -113.5615234375, 29.561452865600501 ] ] ], [ [ [ -114.305961608887003, 29.7444458007812 ], [ -114.303588867187003, 29.745298385620199 ], [ -114.303024291992003, 29.744470596313398 ], [ -114.304504394530994, 29.742494583129901 ], [ -114.305961608887003, 29.7444458007812 ] ] ], [ [ [ -112.822387695312003, 28.647703170776399 ], [ -112.764129638672003, 28.602817535400401 ], [ -112.755836486815994, 28.587501525878999 ], [ -112.773803710937003, 28.576112747192401 ], [ -112.782676696777003, 28.579856872558601 ], [ -112.798889160155994, 28.610000610351602 ], [ -112.843482971190994, 28.639396667480501 ], [ -112.868110656737997, 28.6440544128419 ], [ -112.866432189940994, 28.6519870758057 ], [ -112.894409179687997, 28.6782836914063 ], [ -112.860015869140994, 28.672966003418001 ], [ -112.822387695312003, 28.647703170776399 ] ] ], [ [ [ -112.915473937987997, 28.700426101684599 ], [ -112.897277832030994, 28.697082519531399 ], [ -112.895278930664006, 28.679445266723601 ], [ -112.932983398437003, 28.697429656982401 ], [ -112.933448791504006, 28.709701538085898 ], [ -112.915473937987997, 28.700426101684599 ] ] ], [ [ [ -112.553405761719006, 28.730712890625 ], [ -112.541381835937003, 28.711732864379901 ], [ -112.552215576172003, 28.673902511596701 ], [ -112.604721069335994, 28.669166564941499 ], [ -112.61279296875, 28.7266845703125 ], [ -112.553405761719006, 28.730712890625 ] ] ], [ [ [ -112.957084655762003, 28.7304000854493 ], [ -112.950622558594006, 28.727294921875 ], [ -112.946388244629006, 28.7166652679444 ], [ -112.967224121094006, 28.734443664550898 ], [ -112.957084655762003, 28.7304000854493 ] ] ], [ [ [ -112.97566986084, 28.8258361816406 ], [ -112.977447509765994, 28.820564270019499 ], [ -112.986595153809006, 28.824384689331101 ], [ -112.985412597655994, 28.826696395874102 ], [ -112.97566986084, 28.8258361816406 ] ] ], [ [ [ -113.03125, 28.886838912963899 ], [ -113.029342651367003, 28.8887939453125 ], [ -113.026428222655994, 28.885679244995099 ], [ -113.028869628905994, 28.885072708129901 ], [ -113.03125, 28.886838912963899 ] ] ], [ [ [ -113.039916992187997, 28.888305664062599 ], [ -113.046127319335994, 28.8841781616212 ], [ -113.048614501952997, 28.894443511962901 ], [ -113.040100097655994, 28.891189575195401 ], [ -113.036209106445, 28.9007282257081 ], [ -113.039916992187997, 28.888305664062599 ] ] ], [ [ [ -113.384719848632997, 28.9230556488038 ], [ -113.385833740234006, 28.925277709960898 ], [ -113.384826660155994, 28.926698684692401 ], [ -113.382957458495994, 28.9226894378662 ], [ -113.384719848632997, 28.9230556488038 ] ] ], [ [ [ -113.454170227050994, 28.946323394775401 ], [ -113.452033996582003, 28.949510574340799 ], [ -113.44645690918, 28.950878143310501 ], [ -113.452667236327997, 28.945096969604499 ], [ -113.454170227050994, 28.946323394775401 ] ] ], [ [ [ -113.480590820312003, 28.9547138214112 ], [ -113.482780456542997, 28.955278396606499 ], [ -113.483329772949006, 28.956943511963001 ], [ -113.481506347655994, 28.956724166870199 ], [ -113.480590820312003, 28.9547138214112 ] ] ], [ [ [ -113.47444152832, 28.9555568695068 ], [ -113.476943969727003, 28.954999923706101 ], [ -113.47777557373, 28.956111907958999 ], [ -113.474700927734006, 28.957801818847798 ], [ -113.47444152832, 28.9555568695068 ] ] ], [ [ [ -113.482788085937997, 28.978271484375 ], [ -113.476280212402003, 28.974275588989201 ], [ -113.477569580077997, 28.966257095336999 ], [ -113.485832214355, 28.978515625000099 ], [ -113.482788085937997, 28.978271484375 ] ] ], [ [ [ -113.50855255127, 29.0020465850831 ], [ -113.502105712890994, 28.993473052978601 ], [ -113.511688232422003, 28.988756179809702 ], [ -113.516654968262003, 29.0015964508057 ], [ -113.50855255127, 29.0020465850831 ] ] ], [ [ [ -113.518615722655994, 28.9981079101562 ], [ -113.518104553222997, 28.996662139892599 ], [ -113.518333435059006, 28.994722366333001 ], [ -113.521385192870994, 28.999166488647401 ], [ -113.518615722655994, 28.9981079101562 ] ] ], [ [ [ -113.521072387695, 29.0049781799318 ], [ -113.52352142334, 29.0022697448731 ], [ -113.5244140625, 29.0025024414062 ], [ -113.523376464844006, 29.0075073242188 ], [ -113.521072387695, 29.0049781799318 ] ] ], [ [ [ -113.51358795166, 29.010065078735401 ], [ -113.515426635742003, 29.011814117431701 ], [ -113.510269165039006, 29.011655807495199 ], [ -113.51106262207, 29.010879516601602 ], [ -113.51358795166, 29.010065078735401 ] ] ], [ [ [ -113.525001525879006, 29.0136108398438 ], [ -113.523612976074006, 29.0119438171387 ], [ -113.525207519530994, 29.010555267334102 ], [ -113.52555847168, 29.0119438171387 ], [ -113.525001525879006, 29.0136108398438 ] ] ], [ [ [ -113.510711669922003, 29.014385223388601 ], [ -113.51123046875, 29.0132656097413 ], [ -113.51668548584, 29.013761520385799 ], [ -113.514526367187003, 29.016906738281399 ], [ -113.510711669922003, 29.014385223388601 ] ] ], [ [ [ -113.463912963867003, 29.0202350616456 ], [ -113.459716796875, 29.014165878296001 ], [ -113.463333129882997, 29.011388778686499 ], [ -113.469444274902003, 29.024723052978501 ], [ -113.463912963867003, 29.0202350616456 ] ] ], [ [ [ -113.082748413085994, 29.065931320190401 ], [ -113.086006164550994, 29.062330245971701 ], [ -113.098274230957003, 29.060125350952202 ], [ -113.095275878905994, 29.067777633667099 ], [ -113.082748413085994, 29.065931320190401 ] ] ], [ [ [ -113.510833740234006, 29.0961303710938 ], [ -113.501586914062003, 29.0894775390625 ], [ -113.507453918457003, 29.080314636230501 ], [ -113.502197265625, 29.049682617187599 ], [ -113.488891601562003, 29.037475585937599 ], [ -113.505187988280994, 29.0393466949463 ], [ -113.514755249022997, 29.052991867065401 ], [ -113.514312744140994, 29.0761108398438 ], [ -113.522224426269005, 29.078332901001001 ], [ -113.527824401855, 29.094850540161101 ], [ -113.510833740234006, 29.0961303710938 ] ] ], [ [ [ -113.518608093262003, 29.068609237670898 ], [ -113.515686035155994, 29.067079544067401 ], [ -113.515487670897997, 29.064990997314499 ], [ -113.522476196289006, 29.069768905639599 ], [ -113.518608093262003, 29.068609237670898 ] ] ], [ [ [ -113.529167175292997, 29.099166870117099 ], [ -113.527496337890994, 29.097778320312599 ], [ -113.530242919922003, 29.0959987640381 ], [ -113.530281066895, 29.098333358764801 ], [ -113.529167175292997, 29.099166870117099 ] ] ], [ [ [ -113.323631286620994, 29.156436920166101 ], [ -113.403877258300994, 29.208818435668999 ], [ -113.430442810059006, 29.242725372314499 ], [ -113.428565979004006, 29.256050109863299 ], [ -113.443656921387003, 29.275959014892599 ], [ -113.497344970702997, 29.2840976715088 ], [ -113.507507324219006, 29.323486328125 ], [ -113.526382446289006, 29.335208892822301 ], [ -113.570533752440994, 29.400772094726602 ], [ -113.590545654297003, 29.411384582519599 ], [ -113.592559814452997, 29.450723648071399 ], [ -113.568908691405994, 29.4890747070312 ], [ -113.56420135498, 29.5058059692382 ], [ -113.571937561035, 29.514930725097798 ], [ -113.572509765625, 29.5377197265625 ], [ -113.558601379395, 29.554653167724702 ], [ -113.557769775390994, 29.534652709960898 ], [ -113.54443359375, 29.533817291259801 ], [ -113.5166015625, 29.551881790161101 ], [ -113.510543823242003, 29.537153244018601 ], [ -113.47582244873, 29.531042098999102 ], [ -113.430297851562003, 29.4907932281494 ], [ -113.415824890137003, 29.465488433837901 ], [ -113.39404296875, 29.460248947143601 ], [ -113.362487792969006, 29.3947143554688 ], [ -113.351806640625, 29.387512207031399 ], [ -113.375823974609006, 29.350208282470799 ], [ -113.365821838379006, 29.3071517944337 ], [ -113.345542907715, 29.295763015747099 ], [ -113.303894042969006, 29.2910766601562 ], [ -113.29443359375, 29.2823581695557 ], [ -113.275604248047003, 29.29052734375 ], [ -113.256553649902003, 29.283060073852699 ], [ -113.182189941405994, 29.289672851562599 ], [ -113.16722869873, 29.278478622436602 ], [ -113.178321838379006, 29.248540878296001 ], [ -113.166877746582003, 29.190797805786101 ], [ -113.174438476562003, 29.126874923706101 ], [ -113.155212402344006, 29.097429275512798 ], [ -113.148803710937997, 29.0664463043213 ], [ -113.120544433594006, 29.0560417175294 ], [ -113.099899291992003, 29.057579040527301 ], [ -113.114868164062003, 29.028526306152401 ], [ -113.115295410155994, 28.9874877929688 ], [ -113.189437866210994, 29.0290966033937 ], [ -113.201110839844006, 29.048095703125 ], [ -113.243675231934006, 29.067022323608501 ], [ -113.266647338867003, 29.107154846191499 ], [ -113.30110168457, 29.145208358764702 ], [ -113.323631286620994, 29.156436920166101 ] ] ], [ [ [ -113.537223815917997, 29.565000534057699 ], [ -113.533874511719006, 29.562498092651399 ], [ -113.545288085937997, 29.565307617187599 ], [ -113.53914642334, 29.566421508789201 ], [ -113.537223815917997, 29.565000534057699 ] ] ] ] } },
{ "type": "Feature", "properties": { "NAME_1": "Baja California Sur" }, "geometry": { "type": "MultiPolygon", "coordinates": [ [ [ [ -114.711524963379006, 18.3476371765137 ], [ -114.72486114502, 18.341249465942401 ], [ -114.729026794434006, 18.3487472534181 ], [ -114.734580993652003, 18.340139389038001 ], [ -114.752082824707003, 18.337917327880898 ], [ -114.760971069335994, 18.348194122314499 ], [ -114.756805419922003, 18.366249084472699 ], [ -114.739860534667997, 18.374305725097798 ], [ -114.72486114502, 18.366249084472699 ], [ -114.690971374512003, 18.371250152587901 ], [ -114.680419921875, 18.362361907959102 ], [ -114.69596862793, 18.344861984253001 ], [ -114.711524963379006, 18.3476371765137 ] ] ], [ [ [ -114.755973815917997, 18.369304656982401 ], [ -114.757362365722997, 18.365972518921001 ], [ -114.759307861327997, 18.367082595825298 ], [ -114.758750915527003, 18.3709716796875 ], [ -114.755973815917997, 18.369304656982401 ] ] ], [ [ [ -115.764305114745994, 24.9595832824707 ], [ -115.763748168945, 24.958194732666101 ], [ -115.768196105957003, 24.9559726715088 ], [ -115.76513671875, 24.962917327880898 ], [ -115.764305114745994, 24.9595832824707 ] ] ], [ [ [ -113.621620178222997, 26.727516174316499 ], [ -113.622619628905994, 26.727294921875099 ], [ -113.623001098632997, 26.728635787963999 ], [ -113.620887756347997, 26.728174209594801 ], [ -113.621620178222997, 26.727516174316499 ] ] ], [ [ [ -113.626960754394005, 26.735712051391701 ], [ -113.627380371094006, 26.7373046875 ], [ -113.62548828125, 26.736694335937599 ], [ -113.625556945800994, 26.735277175903299 ], [ -113.626960754394005, 26.735712051391701 ] ] ], [ [ [ -113.643890380859006, 26.75 ], [ -113.642211914062003, 26.7509574890137 ], [ -113.643058776855, 26.747777938842798 ], [ -113.643890380859006, 26.748888015747099 ], [ -113.643890380859006, 26.75 ] ] ], [ [ [ -114.294662475585994, 27.102336883545 ], [ -114.294807434082003, 27.107276916503999 ], [ -114.293891906737997, 27.110834121704102 ], [ -114.289443969727003, 27.098333358764599 ], [ -114.294662475585994, 27.102336883545 ] ] ], [ [ [ -114.3720703125, 27.1494750976562 ], [ -114.37166595459, 27.144443511962901 ], [ -114.385559082030994, 27.145555496215799 ], [ -114.375358581542997, 27.1518878936768 ], [ -114.3720703125, 27.1494750976562 ] ] ], [ [ [ -113.889694213867003, 27.558563232421999 ], [ -113.888648986815994, 27.557254791259801 ], [ -113.888603210449006, 27.555091857910199 ], [ -113.892852783202997, 27.558610916137798 ], [ -113.889694213867003, 27.558563232421999 ] ] ], [ [ [ -113.886901855469006, 27.603086471557699 ], [ -113.885833740234006, 27.603889465332099 ], [ -113.884399414062003, 27.6019306182862 ], [ -113.885833740234006, 27.601942062378001 ], [ -113.886901855469006, 27.603086471557699 ] ] ], [ [ [ -113.889945983887003, 27.608587265014599 ], [ -113.887672424315994, 27.6054172515869 ], [ -113.893890380859006, 27.6105556488038 ], [ -113.893371582030994, 27.6109008789062 ], [ -113.889945983887003, 27.608587265014599 ] ] ], [ [ [ -114.079170227050994, 27.656389236450298 ], [ -114.080833435059006, 27.659721374511701 ], [ -114.074165344237997, 27.660556793212901 ], [ -114.078330993652003, 27.655832290649499 ], [ -114.079170227050994, 27.656389236450298 ] ] ], [ [ [ -114.170555114745994, 27.7119464874269 ], [ -114.15380859375, 27.7058715820312 ], [ -114.149444580077997, 27.7008342742919 ], [ -114.16527557373, 27.7055549621581 ], [ -114.170555114745994, 27.7119464874269 ] ] ], [ [ [ -114.228889465332003, 27.714166641235401 ], [ -114.226387023925994, 27.7127780914307 ], [ -114.22777557373, 27.7075004577637 ], [ -114.231391906737997, 27.7102775573732 ], [ -114.228889465332003, 27.714166641235401 ] ] ], [ [ [ -114.141944885254006, 27.715555191040099 ], [ -114.141944885254006, 27.7175006866456 ], [ -114.139999389647997, 27.718610763549801 ], [ -114.138885498047003, 27.7144451141357 ], [ -114.141944885254006, 27.715555191040099 ] ] ], [ [ [ -114.223052978515994, 27.763610839843899 ], [ -114.205276489257997, 27.739999771118299 ], [ -114.184997558594006, 27.721666336059702 ], [ -114.222290039062003, 27.7402954101563 ], [ -114.248886108397997, 27.744167327880898 ], [ -114.249694824219006, 27.7567157745362 ], [ -114.223052978515994, 27.763610839843899 ] ] ], [ [ [ -113.985000610352003, 27.778335571289102 ], [ -113.98469543457, 27.776992797851499 ], [ -113.986083984375, 27.7772827148438 ], [ -113.985557556152003, 27.779445648193398 ], [ -113.985000610352003, 27.778335571289102 ] ] ], [ [ [ -113.946662902832003, 27.789442062378001 ], [ -113.944396972655994, 27.756103515625099 ], [ -113.953330993652003, 27.7483310699463 ], [ -113.949722290039006, 27.7627773284913 ], [ -113.980003356934006, 27.7627773284913 ], [ -113.949447631835994, 27.764165878295799 ], [ -113.948104858397997, 27.788381576538001 ], [ -113.96028137207, 27.790554046630898 ], [ -113.948333740234006, 27.790277481079201 ], [ -113.954193115234006, 27.8186340332031 ], [ -113.946662902832003, 27.789442062378001 ] ] ], [ [ [ -113.984169006347997, 27.7841987609863 ], [ -113.984443664550994, 27.782810211181602 ], [ -113.985778808594006, 27.782287597656399 ], [ -113.985229492187003, 27.785888671875099 ], [ -113.984169006347997, 27.7841987609863 ] ] ], [ [ [ -114.383605957030994, 27.812498092651399 ], [ -114.385833740234006, 27.811389923095799 ], [ -114.388610839844006, 27.8136100769044 ], [ -114.383888244629006, 27.814167022705099 ], [ -114.383605957030994, 27.812498092651399 ] ] ], [ [ [ -114.382499694824006, 27.813888549804702 ], [ -114.380836486815994, 27.816110610961999 ], [ -114.379699707030994, 27.815307617187599 ], [ -114.380836486815994, 27.8136100769044 ], [ -114.382499694824006, 27.813888549804702 ] ] ], [ [ [ -113.962219238280994, 27.815000534057699 ], [ -113.963890075684006, 27.813888549804702 ], [ -113.964447021484006, 27.815555572509901 ], [ -113.96240234375, 27.816942214965799 ], [ -113.962219238280994, 27.815000534057699 ] ] ], [ [ [ -114.353614807129006, 27.8194465637207 ], [ -114.354721069335994, 27.817499160766602 ], [ -114.355895996094006, 27.8217163085938 ], [ -114.354164123535, 27.821668624878001 ], [ -114.353614807129006, 27.8194465637207 ] ] ], [ [ [ -115.073333740234006, 27.823055267333899 ], [ -115.069442749022997, 27.8194465637207 ], [ -115.069725036620994, 27.816667556762798 ], [ -115.076385498047003, 27.823888778686499 ], [ -115.073333740234006, 27.823055267333899 ] ] ], [ [ [ -113.954971313477003, 27.827554702758899 ], [ -113.954406738280994, 27.822509765625099 ], [ -113.955276489257997, 27.821388244628999 ], [ -113.957778930664006, 27.826665878296001 ], [ -113.954971313477003, 27.827554702758899 ] ] ], [ [ [ -114.374443054199006, 27.825000762939499 ], [ -114.376113891602003, 27.823888778686499 ], [ -114.37833404541, 27.8244438171387 ], [ -114.376945495605, 27.825834274291999 ], [ -114.374443054199006, 27.825000762939499 ] ] ], [ [ [ -114.364990234375, 27.827270507812599 ], [ -114.364204406737997, 27.824485778808501 ], [ -114.366111755370994, 27.823610305786101 ], [ -114.366943359375, 27.825834274291999 ], [ -114.364990234375, 27.827270507812599 ] ] ], [ [ [ -114.344718933105, 27.828332901001101 ], [ -114.342224121094006, 27.825555801391701 ], [ -114.342529296875, 27.824705123901399 ], [ -114.347221374512003, 27.8280563354493 ], [ -114.347229003905994, 27.8308715820313 ], [ -114.344718933105, 27.828332901001101 ] ] ], [ [ [ -114.229721069335994, 27.8297214508057 ], [ -114.235275268555, 27.825834274291999 ], [ -114.223892211914006, 27.838333129882901 ], [ -114.22721862793, 27.8297214508057 ], [ -114.229721069335994, 27.8297214508057 ] ] ], [ [ [ -113.94970703125, 27.8452758789062 ], [ -113.949996948242003, 27.8361110687256 ], [ -113.944725036620994, 27.8325004577637 ], [ -113.948059082030994, 27.831388473510799 ], [ -113.958335876465, 27.845277786255 ], [ -113.94970703125, 27.8452758789062 ] ] ], [ [ [ -113.947212219237997, 27.841682434081999 ], [ -113.948638916015994, 27.8411655426025 ], [ -113.948638916015994, 27.8422966003419 ], [ -113.947807312012003, 27.842536926269599 ], [ -113.947212219237997, 27.841682434081999 ] ] ], [ [ [ -115.212776184082003, 27.896942138671999 ], [ -115.161209106445, 27.8705863952637 ], [ -115.165580749512003, 27.851894378662099 ], [ -115.179725646972997, 27.849168777465799 ], [ -115.187812805175994, 27.8740158081056 ], [ -115.220001220702997, 27.8883342742919 ], [ -115.212776184082003, 27.896942138671999 ] ] ], [ [ [ -115.221389770507997, 27.8924999237062 ], [ -115.223609924315994, 27.891944885253999 ], [ -115.224723815917997, 27.894443511962901 ], [ -115.223335266112997, 27.8950004577637 ], [ -115.221389770507997, 27.8924999237062 ] ] ], [ [ [ -114.155830383300994, 27.940835952758899 ], [ -114.164848327637003, 27.937097549438501 ], [ -114.16748046875, 27.9295043945313 ], [ -114.168579101562003, 27.931091308593899 ], [ -114.161720275879006, 27.9442062377931 ], [ -114.155830383300994, 27.940835952758899 ] ] ], [ [ [ -114.156578063965, 27.9486598968506 ], [ -114.155319213867003, 27.950199127197301 ], [ -114.154418945312003, 27.9481201171875 ], [ -114.157432556152003, 27.947433471679702 ], [ -114.156578063965, 27.9486598968506 ] ] ], [ [ [ -114.150833129882997, 27.951110839843899 ], [ -114.15389251709, 27.951942443847699 ], [ -114.154602050780994, 27.9526977539062 ], [ -114.149169921875, 27.9527072906494 ], [ -114.150833129882997, 27.951110839843899 ] ] ], [ [ [ -114.160011291504006, 27.9528484344482 ], [ -114.160278320312003, 27.952224731445401 ], [ -114.161018371582003, 27.9526882171631 ], [ -114.160011291504006, 27.9528484344482 ] ] ], [ [ [ -113.0, 26.0 ], [ -113.000137329102003, 26.0 ], [ -113.000137329102003, 26.000139236450298 ], [ -113.0, 26.000139236450298 ], [ -113.0, 26.0 ] ] ], [ [ [ -112.789756774902003, 26.420043945312599 ], [ -112.789169311522997, 26.4165973663331 ], [ -112.785934448242003, 26.414091110229599 ], [ -112.786323547362997, 26.411985397338999 ], [ -112.792282104492003, 26.4169731140137 ], [ -112.801109313965, 26.419168472290199 ], [ -112.789756774902003, 26.420043945312599 ] ] ], [ [ [ -112.802780151367003, 26.421390533447301 ], [ -112.801124572754006, 26.4218864440919 ], [ -112.801940917969006, 26.419168472290199 ], [ -112.80305480957, 26.419998168945401 ], [ -112.802780151367003, 26.421390533447301 ] ] ], [ [ [ -112.805969238280994, 26.424072265625099 ], [ -112.804626464844006, 26.426698684692401 ], [ -112.801704406737997, 26.425411224365199 ], [ -112.803588867187997, 26.423244476318299 ], [ -112.805969238280994, 26.424072265625099 ] ] ], [ [ [ -112.803337097167997, 26.427778244018601 ], [ -112.806663513184006, 26.426111221313501 ], [ -112.807777404785, 26.426944732666101 ], [ -112.806205749512003, 26.428422927856499 ], [ -112.803337097167997, 26.427778244018601 ] ] ], [ [ [ -112.904998779297003, 26.522171020507798 ], [ -112.904167175292997, 26.523332595825099 ], [ -112.903053283690994, 26.5227775573732 ], [ -112.903388977050994, 26.5220527648925 ], [ -112.904998779297003, 26.522171020507798 ] ] ], [ [ [ -112.916122436522997, 26.526138305664201 ], [ -112.915939331055, 26.525133132934599 ], [ -112.918045043945, 26.5253620147706 ], [ -112.917022705077997, 26.526489257812599 ], [ -112.916122436522997, 26.526138305664201 ] ] ], [ [ [ -112.930770874022997, 26.5300598144532 ], [ -112.929504394530994, 26.530702590942401 ], [ -112.927360534667997, 26.529586791992099 ], [ -112.929634094237997, 26.5283508300782 ], [ -112.930770874022997, 26.5300598144532 ] ] ], [ [ [ -112.942085266112997, 26.5295219421387 ], [ -112.939727783202997, 26.530883789062599 ], [ -112.938598632812003, 26.529724121093899 ], [ -112.939514160155994, 26.528320312500099 ], [ -112.942085266112997, 26.5295219421387 ] ] ], [ [ [ -112.946960449219006, 26.539180755615298 ], [ -112.946342468262003, 26.5369586944581 ], [ -112.94962310791, 26.537776947021499 ], [ -112.94856262207, 26.540210723876999 ], [ -112.946960449219006, 26.539180755615298 ] ] ], [ [ [ -112.952880859375, 26.5413208007813 ], [ -112.953002929687003, 26.5369262695313 ], [ -112.956985473632997, 26.537574768066499 ], [ -112.95735168457, 26.541635513305799 ], [ -112.952880859375, 26.5413208007813 ] ] ], [ [ [ -113.074180603027003, 26.622077941894599 ], [ -113.08056640625, 26.624021530151399 ], [ -113.081954956055, 26.627632141113299 ], [ -113.080291748047003, 26.628465652465799 ], [ -113.074180603027003, 26.622077941894599 ] ] ], [ [ [ -113.077224731445, 26.634445190429801 ], [ -113.074798583984006, 26.6333332061769 ], [ -113.076385498047003, 26.6307163238525 ], [ -113.077865600585994, 26.632156372070401 ], [ -113.077224731445, 26.634445190429801 ] ] ], [ [ [ -113.11083984375, 26.657741546630898 ], [ -113.101684570312003, 26.656494140625099 ], [ -113.098609924315994, 26.649723052978601 ], [ -113.086975097655994, 26.640504837036101 ], [ -113.086608886719006, 26.6275024414063 ], [ -113.068801879882997, 26.6123142242432 ], [ -113.123886108397997, 26.6358337402344 ], [ -113.126403808594006, 26.646728515625 ], [ -113.11083984375, 26.657741546630898 ] ] ], [ [ [ -113.080215454102003, 26.639020919799702 ], [ -113.081604003905994, 26.638187408447401 ], [ -113.082717895507997, 26.638187408447401 ], [ -113.082160949707003, 26.639575958251999 ], [ -113.080215454102003, 26.639020919799702 ] ] ], [ [ [ -113.080421447754006, 26.6452751159668 ], [ -113.084037780762003, 26.6452751159668 ], [ -113.084587097167997, 26.642499923706101 ], [ -113.085144042969006, 26.645555496215898 ], [ -113.083198547362997, 26.648332595825199 ], [ -113.080421447754006, 26.6452751159668 ] ] ], [ [ [ -113.066680908202997, 26.6502780914307 ], [ -113.068069458007997, 26.643053054809599 ], [ -113.074737548827997, 26.6413879394531 ], [ -113.074737548827997, 26.6502780914307 ], [ -113.066680908202997, 26.6502780914307 ] ] ], [ [ [ -113.092742919922003, 26.6499137878419 ], [ -113.094421386719006, 26.6480617523194 ], [ -113.097106933594006, 26.650039672851602 ], [ -113.094604492187003, 26.6513061523438 ], [ -113.092742919922003, 26.6499137878419 ] ] ], [ [ [ -113.097442626952997, 26.655565261840799 ], [ -113.095108032225994, 26.6556205749512 ], [ -113.095008850097997, 26.6526184082031 ], [ -113.096374511719006, 26.6528434753419 ], [ -113.097442626952997, 26.655565261840799 ] ] ], [ [ [ -113.087165832519005, 26.656389236450298 ], [ -113.085777282715, 26.656389236450298 ], [ -113.086326599120994, 26.654167175293001 ], [ -113.086883544922003, 26.654167175293001 ], [ -113.087165832519005, 26.656389236450298 ] ] ], [ [ [ -113.092994689940994, 26.657011032104499 ], [ -113.091888427734006, 26.6564540863038 ], [ -113.093551635742003, 26.655065536498999 ], [ -113.093826293945, 26.6564540863038 ], [ -113.092994689940994, 26.657011032104499 ] ] ], [ [ [ -113.095817565917997, 26.658889770507901 ], [ -113.100845336914006, 26.658332824706999 ], [ -113.09334564209, 26.665002822876101 ], [ -113.091125488280994, 26.663055419921999 ], [ -113.095817565917997, 26.658889770507901 ] ] ], [ [ [ -113.087371826172003, 26.663545608520501 ], [ -113.086532592772997, 26.659656524658299 ], [ -113.090698242187003, 26.6579895019531 ], [ -113.090148925780994, 26.664934158325298 ], [ -113.087371826172003, 26.663545608520501 ] ] ], [ [ [ -113.232788085937003, 26.734315872192401 ], [ -113.197776794434006, 26.7247219085693 ], [ -113.197219848632997, 26.712776184082099 ], [ -113.193336486815994, 26.721944808960099 ], [ -113.175758361815994, 26.718814849853601 ], [ -113.135871887207003, 26.662256240844702 ], [ -113.194160461425994, 26.688930511474702 ], [ -113.263610839844006, 26.703125 ], [ -113.268333435059006, 26.713333129882901 ], [ -113.253608703612997, 26.716108322143601 ], [ -113.232788085937003, 26.734315872192401 ] ] ], [ [ [ -113.620277404785, 26.729722976684599 ], [ -113.622673034667997, 26.7294635772706 ], [ -113.623054504394005, 26.730556488037099 ], [ -113.621704101562003, 26.7308959960938 ], [ -113.620277404785, 26.729722976684599 ] ] ], [ [ [ -113.231666564940994, 26.7708339691162 ], [ -113.20703125, 26.760423660278299 ], [ -113.192497253417997, 26.738611221313501 ], [ -113.214996337890994, 26.7383327484132 ], [ -113.215919494629006, 26.7484455108643 ], [ -113.238159179687003, 26.7715969085693 ], [ -113.231666564940994, 26.7708339691162 ] ] ], [ [ [ -113.226921081542997, 26.7721939086913 ], [ -113.229385375975994, 26.770912170410199 ], [ -113.231941223144005, 26.7719440460206 ], [ -113.228660583495994, 26.7732753753663 ], [ -113.226921081542997, 26.7721939086913 ] ] ], [ [ [ -113.143402099609006, 26.797864913940501 ], [ -113.144432067870994, 26.7965488433838 ], [ -113.149719238280994, 26.794721603393601 ], [ -113.144721984862997, 26.7997226715088 ], [ -113.143402099609006, 26.797864913940501 ] ] ], [ [ [ -113.431228637695, 26.813583374023398 ], [ -113.431266784667997, 26.812282562255898 ], [ -113.43416595459, 26.813333511352599 ], [ -113.433609008789006, 26.814167022705099 ], [ -113.431228637695, 26.813583374023398 ] ] ], [ [ [ -113.472778320312003, 26.816389083862401 ], [ -113.467781066894005, 26.813888549804702 ], [ -113.481506347655994, 26.8170776367188 ], [ -113.475280761719006, 26.819517135620099 ], [ -113.472778320312003, 26.816389083862401 ] ] ], [ [ [ -113.401000976562003, 26.8162841796875 ], [ -113.400314331055, 26.819381713867202 ], [ -113.39778137207, 26.815000534057699 ], [ -113.398612976074006, 26.8144435882569 ], [ -113.401000976562003, 26.8162841796875 ] ] ], [ [ [ -113.45922088623, 26.825983047485501 ], [ -113.456390380859006, 26.818611145019499 ], [ -113.468330383300994, 26.8158359527588 ], [ -113.468284606934006, 26.821941375732401 ], [ -113.45922088623, 26.825983047485501 ] ] ], [ [ [ -113.439437866210994, 26.822780609131001 ], [ -113.438217163085994, 26.815280914306701 ], [ -113.454460144042997, 26.816389083862401 ], [ -113.45361328125, 26.825071334838899 ], [ -113.439437866210994, 26.822780609131001 ] ] ], [ [ [ -113.437591552734006, 26.822919845581101 ], [ -113.435691833495994, 26.824008941650401 ], [ -113.436317443847997, 26.820825576782301 ], [ -113.436935424805, 26.821336746215898 ], [ -113.437591552734006, 26.822919845581101 ] ] ], [ [ [ -113.153076171875, 26.908821105956999 ], [ -113.149742126465, 26.8963012695313 ], [ -113.154663085937997, 26.890651702880898 ], [ -113.161926269530994, 26.912109375000099 ], [ -113.156257629395, 26.9168815612793 ], [ -113.153076171875, 26.908821105956999 ] ] ], [ [ [ -113.159538269042997, 26.923681259155298 ], [ -113.160453796387003, 26.920028686523398 ], [ -113.168212890625, 26.928651809692301 ], [ -113.162467956542997, 26.9321594238282 ], [ -113.159538269042997, 26.923681259155298 ] ] ], [ [ [ -112.366104125977003, 26.201408386230501 ], [ -112.408996582030994, 26.245483398437599 ], [ -112.447196960449006, 26.260887145996101 ], [ -112.472106933594006, 26.259521484375 ], [ -112.477600097655994, 26.238096237182599 ], [ -112.497840881347997, 26.231199264526499 ], [ -112.634895324707003, 26.3202323913575 ], [ -112.653160095215, 26.3246288299562 ], [ -112.680648803710994, 26.314836502075298 ], [ -112.710891723632997, 26.357116699218899 ], [ -112.790107727050994, 26.407447814941499 ], [ -112.792221069335994, 26.414442062378001 ], [ -112.785652160645, 26.408250808715898 ], [ -112.771385192870994, 26.402500152587901 ], [ -112.789169311522997, 26.420276641845799 ], [ -112.778030395507997, 26.423906326294102 ], [ -112.769119262695, 26.4310512542725 ], [ -112.784492492675994, 26.4222087860107 ], [ -112.800773620605, 26.422399520873999 ], [ -112.800010681152003, 26.4253635406494 ], [ -112.804649353027003, 26.429094314575298 ], [ -112.811836242675994, 26.4275627136231 ], [ -112.802185058594006, 26.41748046875 ], [ -112.793548583984006, 26.413755416870099 ], [ -112.79906463623, 26.413436889648398 ], [ -112.883369445800994, 26.481367111206101 ], [ -112.963523864745994, 26.529119491577301 ], [ -112.931343078612997, 26.527177810668899 ], [ -112.920776367187003, 26.514350891113299 ], [ -112.913330078125, 26.514722824096701 ], [ -112.921020507812003, 26.515075683593899 ], [ -112.928100585937003, 26.528600692748999 ], [ -112.910217285155994, 26.521774291992202 ], [ -112.902885437012003, 26.521375656127901 ], [ -112.899360656737997, 26.508455276489201 ], [ -112.878471374512003, 26.498043060302699 ], [ -112.880004882812003, 26.493284225463999 ], [ -112.878601074219006, 26.4909057617188 ], [ -112.868728637695, 26.4938068389893 ], [ -112.813888549805, 26.456943511962901 ], [ -112.834770202637003, 26.4807739257812 ], [ -112.906188964844006, 26.529724121093899 ], [ -112.969924926757997, 26.548784255981499 ], [ -112.975028991699006, 26.5429286956787 ], [ -112.958312988280994, 26.538330078125099 ], [ -112.976501464844006, 26.533519744873001 ], [ -112.986129760742003, 26.560268402099702 ], [ -112.996391296387003, 26.556943893432699 ], [ -113.016670227050994, 26.567222595214801 ], [ -113.003051757812003, 26.556390762329102 ], [ -113.001388549805, 26.559165954589801 ], [ -112.996925354004006, 26.5555934906006 ], [ -112.987030029297003, 26.559038162231399 ], [ -112.985908508300994, 26.5416564941406 ], [ -113.067527770995994, 26.604558944702099 ], [ -113.064430236815994, 26.614097595214801 ], [ -113.057579040527003, 26.607997894287202 ], [ -113.059669494629006, 26.616611480713001 ], [ -113.06640625, 26.624511718750099 ], [ -113.06916809082, 26.619443893432699 ], [ -113.081893920897997, 26.634443283081001 ], [ -113.075805664062003, 26.629159927368299 ], [ -113.069076538085994, 26.640039443969801 ], [ -113.053588867187003, 26.6397094726563 ], [ -113.143325805664006, 26.747760772705099 ], [ -113.152481079102003, 26.749134063720799 ], [ -113.141296386719006, 26.757873535156399 ], [ -113.151390075684006, 26.772222518921001 ], [ -113.14134979248, 26.780641555786101 ], [ -113.149444580077997, 26.793333053588899 ], [ -113.13191986084, 26.791690826416101 ], [ -113.125328063965, 26.793281555175799 ], [ -113.126663208007997, 26.796390533447301 ], [ -113.146125793457003, 26.801498413086001 ], [ -113.153198242187997, 26.789672851562599 ], [ -113.167709350585994, 26.796405792236399 ], [ -113.172821044922003, 26.765876770019599 ], [ -113.185836791992003, 26.7558326721193 ], [ -113.188056945800994, 26.7619438171388 ], [ -113.210662841797003, 26.7625846862793 ], [ -113.244384765625, 26.786682128906399 ], [ -113.229194641112997, 26.7955627441407 ], [ -113.196105957030994, 26.793092727661101 ], [ -113.208824157715, 26.796680450439599 ], [ -113.138961791992003, 26.8577766418457 ], [ -113.130615234375, 26.8919067382813 ], [ -113.13712310791, 26.935844421386701 ], [ -113.163696289062003, 26.992675781250099 ], [ -113.175842285155994, 26.992265701293999 ], [ -113.169387817382997, 26.979314804077099 ], [ -113.187683105469006, 26.969297409057699 ], [ -113.200378417969006, 26.927490234375 ], [ -113.196250915527003, 26.8956813812256 ], [ -113.203605651855, 26.850744247436499 ], [ -113.230285644530994, 26.835157394409201 ], [ -113.253273010254006, 26.8447799682618 ], [ -113.271125793457003, 26.8197765350343 ], [ -113.265502929687003, 26.752075195312599 ], [ -113.286956787109006, 26.7514362335206 ], [ -113.32958984375, 26.782470703125099 ], [ -113.363883972167997, 26.796720504760899 ], [ -113.457214355469006, 26.806703567504901 ], [ -113.415557861327997, 26.812778472900401 ], [ -113.433334350585994, 26.8161106109619 ], [ -113.421112060547003, 26.826112747192401 ], [ -113.399444580077997, 26.812019348144599 ], [ -113.391357421875, 26.8150157928468 ], [ -113.396392822265994, 26.825527191162099 ], [ -113.417625427245994, 26.832517623901399 ], [ -113.457832336425994, 26.8305568695068 ], [ -113.470405578612997, 26.822790145874102 ], [ -113.469680786132997, 26.815555572509901 ], [ -113.475296020507997, 26.824928283691499 ], [ -113.485137939452997, 26.817874908447202 ], [ -113.474197387695, 26.807258605957099 ], [ -113.462646484375, 26.8123168945312 ], [ -113.466484069824006, 26.804552078247099 ], [ -113.509719848632997, 26.790832519531399 ], [ -113.520866394042997, 26.753122329711999 ], [ -113.549118041992003, 26.738302230835 ], [ -113.547912597655994, 26.719726562500099 ], [ -113.569702148437997, 26.715513229370099 ], [ -113.576469421387003, 26.705266952514599 ], [ -113.609375, 26.714477539062599 ], [ -113.64143371582, 26.733272552490298 ], [ -113.657478332519005, 26.756965637206999 ], [ -113.70027923584, 26.790000915527301 ], [ -113.66748046875, 26.775880813598601 ], [ -113.664169311522997, 26.7652778625488 ], [ -113.658332824707003, 26.7591667175293 ], [ -113.644721984862997, 26.756944656372202 ], [ -113.643157958984006, 26.7382316589356 ], [ -113.615837097167997, 26.722221374511701 ], [ -113.590553283690994, 26.716108322143601 ], [ -113.606407165527003, 26.732175827026399 ], [ -113.618591308594006, 26.7305297851563 ], [ -113.626495361327997, 26.739721298217699 ], [ -113.641387939452997, 26.7391662597657 ], [ -113.641677856445, 26.757766723632798 ], [ -113.661109924315994, 26.7644443511963 ], [ -113.667442321777003, 26.782730102539102 ], [ -113.689079284667997, 26.794441223144599 ], [ -113.715087890625, 26.790409088134702 ], [ -113.734313964844006, 26.7996826171875 ], [ -113.78157043457, 26.911870956421001 ], [ -113.849998474120994, 26.968887329101602 ], [ -113.949066162109006, 26.9990844726563 ], [ -113.972961425780994, 26.995246887207099 ], [ -113.983444213867003, 26.973354339599599 ], [ -114.002449035645, 26.970888137817401 ], [ -114.051879882812003, 27.0200805664063 ], [ -114.060791015625, 27.052488327026499 ], [ -114.087219238280994, 27.082275390625099 ], [ -114.154403686522997, 27.1269855499269 ], [ -114.195663452147997, 27.142375946044901 ], [ -114.257225036620994, 27.152221679687599 ], [ -114.288818359375, 27.1447143554688 ], [ -114.296363830565994, 27.122739791870099 ], [ -114.333526611327997, 27.1570854187012 ], [ -114.359283447265994, 27.162353515625099 ], [ -114.380920410155994, 27.178895950317301 ], [ -114.395599365234006, 27.182815551757901 ], [ -114.414672851562003, 27.1682739257813 ], [ -114.43480682373, 27.176450729370199 ], [ -114.428352355957003, 27.1917247772218 ], [ -114.436706542969006, 27.210325241088899 ], [ -114.457221984862997, 27.2199993133544 ], [ -114.478332519530994, 27.216388702392599 ], [ -114.488304138184006, 27.228614807128999 ], [ -114.488403320312003, 27.3505554199219 ], [ -114.511657714844006, 27.414676666259901 ], [ -114.576812744140994, 27.451604843139599 ], [ -114.602294921875, 27.4788818359375 ], [ -114.713752746582003, 27.521619796753001 ], [ -114.737503051757997, 27.5236110687257 ], [ -114.758483886719006, 27.548095703125099 ], [ -114.767791748047003, 27.579666137695401 ], [ -114.792778015137003, 27.6139430999756 ], [ -114.824447631835994, 27.630834579467699 ], [ -114.842102050780994, 27.6287231445313 ], [ -114.846923828125, 27.6168823242188 ], [ -114.874412536620994, 27.6438217163087 ], [ -114.871116638184006, 27.649999618530298 ], [ -114.856384277344006, 27.638122558593899 ], [ -114.847236633300994, 27.6478881835938 ], [ -114.846923828125, 27.674682617187599 ], [ -114.862426757812003, 27.6927604675294 ], [ -114.877502441405994, 27.699167251586999 ], [ -114.891326904297003, 27.691171646118299 ], [ -114.902183532715, 27.674757003784201 ], [ -114.900085449219006, 27.6641235351562 ], [ -114.929725646972997, 27.674444198608501 ], [ -114.938056945800994, 27.701389312744102 ], [ -114.954696655272997, 27.716415405273501 ], [ -114.986663818359006, 27.7291679382325 ], [ -115.006408691405994, 27.7158813476563 ], [ -115.014404296875, 27.734167098999102 ], [ -115.026947021484006, 27.740833282470799 ], [ -115.052185058594006, 27.819702148437599 ], [ -115.083610534667997, 27.8488883972169 ], [ -115.053886413574006, 27.8622226715088 ], [ -115.008056640625, 27.8288879394531 ], [ -114.969444274902003, 27.825834274291999 ], [ -114.915000915527003, 27.836952209472699 ], [ -114.854797363280994, 27.8289184570312 ], [ -114.832214355469006, 27.809146881103501 ], [ -114.785835266112997, 27.817224502563601 ], [ -114.760833740234006, 27.806667327880898 ], [ -114.72110748291, 27.806388854980501 ], [ -114.708618164062003, 27.791076660156399 ], [ -114.669998168945, 27.789722442626999 ], [ -114.636108398437997, 27.776111602783299 ], [ -114.601669311522997, 27.773609161377099 ], [ -114.568611145019005, 27.7855548858643 ], [ -114.535400390625, 27.786682128906399 ], [ -114.498886108397997, 27.7727775573731 ], [ -114.407218933105, 27.820278167724702 ], [ -114.395553588867003, 27.8199996948243 ], [ -114.383613586425994, 27.807777404785199 ], [ -114.360275268555, 27.816110610961999 ], [ -114.347778320312003, 27.811944961547798 ], [ -114.349975585937997, 27.8217163085938 ], [ -114.358581542969006, 27.825317382812599 ], [ -114.339721679687003, 27.8225002288819 ], [ -114.348052978515994, 27.839445114135899 ], [ -114.343887329102003, 27.84055519104 ], [ -114.340553283690994, 27.844999313354599 ], [ -114.353614807129006, 27.845834732055799 ], [ -114.358329772949006, 27.833053588867301 ], [ -114.370552062987997, 27.8377780914307 ], [ -114.37109375, 27.8283081054688 ], [ -114.379692077637003, 27.8264064788818 ], [ -114.388305664062003, 27.818908691406399 ], [ -114.389709472655994, 27.831958770752099 ], [ -114.341667175292997, 27.872499465942401 ], [ -114.318374633789006, 27.878654479980401 ], [ -114.294509887695, 27.868118286132901 ], [ -114.292221069335994, 27.859165191650401 ], [ -114.29638671875, 27.832275390625099 ], [ -114.300018310547003, 27.836389541626001 ], [ -114.304725646972997, 27.838611602783299 ], [ -114.298332214355, 27.831388473510799 ], [ -114.314720153809006, 27.7800006866456 ], [ -114.301109313965, 27.75 ], [ -114.227172851562003, 27.6939086914063 ], [ -114.200332641602003, 27.691667556762798 ], [ -114.161392211914006, 27.672775268554702 ], [ -114.116638183594006, 27.634712219238299 ], [ -114.124725341797003, 27.6324996948243 ], [ -114.12166595459, 27.621944427490298 ], [ -114.100524902344006, 27.622779846191499 ], [ -114.105834960937997, 27.6141662597656 ], [ -114.101112365722997, 27.603612899780298 ], [ -114.04914855957, 27.651081085205099 ], [ -114.045776367187997, 27.669677734375099 ], [ -114.038612365722997, 27.671388626098601 ], [ -114.058052062987997, 27.6705532073975 ], [ -114.060791015625, 27.6638793945312 ], [ -114.068611145019005, 27.684442520141701 ], [ -114.076614379882997, 27.6817150115968 ], [ -114.07421875, 27.6738891601563 ], [ -114.084999084472997, 27.680000305175799 ], [ -114.063293457030994, 27.691711425781399 ], [ -114.030830383300994, 27.683332443237301 ], [ -114.017501831055, 27.667499542236399 ], [ -113.957221984862997, 27.659164428710898 ], [ -113.91862487793, 27.710567474365199 ], [ -113.928833007812003, 27.727504730224599 ], [ -113.951667785644005, 27.7330551147462 ], [ -113.945831298827997, 27.7363891601562 ], [ -113.945556640625, 27.7402782440187 ], [ -113.952774047852003, 27.737224578857401 ], [ -113.962219238280994, 27.7432861328125 ], [ -113.950317382812003, 27.7432861328125 ], [ -113.941589355469006, 27.758300781249901 ], [ -113.929588317870994, 27.7524223327638 ], [ -113.936485290527003, 27.737369537353601 ], [ -113.9091796875, 27.712524414062401 ], [ -113.925575256347997, 27.678552627563501 ], [ -113.937774658202997, 27.671112060546999 ], [ -113.91943359375, 27.647283554077099 ], [ -113.93968963623, 27.666454315185501 ], [ -113.958831787109006, 27.649818420410199 ], [ -113.900444030762003, 27.551710128784201 ], [ -113.886596679687997, 27.5538940429688 ], [ -113.885192871094006, 27.5653076171875 ], [ -113.86531829834, 27.5461616516113 ], [ -113.857261657715, 27.558933258056602 ], [ -113.865875244140994, 27.570909500122099 ], [ -113.849998474120994, 27.564722061157301 ], [ -113.853576660155994, 27.571107864379901 ], [ -113.8408203125, 27.588075637817401 ], [ -113.851516723632997, 27.607374191284102 ], [ -113.861137390137003, 27.608629226684599 ], [ -113.855934143065994, 27.605110168457099 ], [ -113.865242004395, 27.601362228393601 ], [ -113.878608703612997, 27.611110687256001 ], [ -113.867774963379006, 27.610000610351602 ], [ -113.872406005859006, 27.617858886718899 ], [ -113.898048400879006, 27.631181716918899 ], [ -113.906311035155994, 27.663085937500099 ], [ -113.906234741210994, 27.675119400024499 ], [ -113.896034240722997, 27.683303833007901 ], [ -113.872497558594006, 27.659727096557699 ], [ -113.853614807129006, 27.657777786255 ], [ -113.890281677245994, 27.692077636718899 ], [ -113.88818359375, 27.7070922851563 ], [ -113.878639221190994, 27.711967468261701 ], [ -113.891479492187997, 27.728515625000099 ], [ -113.886611938477003, 27.739433288574201 ], [ -113.897964477539006, 27.775474548339801 ], [ -113.888061523437003, 27.806024551391499 ], [ -113.898559570312003, 27.820943832397599 ], [ -113.910278320312003, 27.8203125 ], [ -113.926445007324006, 27.8369235992431 ], [ -113.941390991210994, 27.829166412353501 ], [ -113.934204101562003, 27.841924667358501 ], [ -113.959999084472997, 27.853055953979499 ], [ -113.960830688477003, 27.8669452667237 ], [ -113.965835571289006, 27.854721069336001 ], [ -113.979721069335994, 27.860000610351602 ], [ -113.980003356934006, 27.869167327881001 ], [ -113.98388671875, 27.8561115264893 ], [ -113.97110748291, 27.850278854370199 ], [ -113.980773925780994, 27.831115722656399 ], [ -113.973022460937003, 27.829711914062599 ], [ -113.974166870117003, 27.840000152588001 ], [ -113.959999084472997, 27.831388473510799 ], [ -113.963890075684006, 27.821668624878001 ], [ -113.979225158690994, 27.822393417358398 ], [ -113.998718261719006, 27.789672851562599 ], [ -113.998733520507997, 27.7615871429444 ], [ -113.989997863769005, 27.762222290039102 ], [ -113.97509765625, 27.757507324218899 ], [ -113.965835571289006, 27.7483310699463 ], [ -113.974487304687003, 27.7424926757812 ], [ -113.979721069335994, 27.743610382080099 ], [ -113.974876403809006, 27.7543754577638 ], [ -113.9912109375, 27.759721755981399 ], [ -113.991157531737997, 27.7489528656006 ], [ -114.029441833495994, 27.740833282470799 ], [ -114.046081542969006, 27.782470703125099 ], [ -114.067497253417997, 27.804166793823399 ], [ -114.070831298827997, 27.795000076293899 ], [ -114.038269042969006, 27.7327785491944 ], [ -114.052795410155994, 27.7310791015625 ], [ -114.049377441405994, 27.716125488281399 ], [ -114.073890686035, 27.728332519531399 ], [ -114.095558166504006, 27.707220077514702 ], [ -114.118057250977003, 27.706111907959102 ], [ -114.183891296387003, 27.75 ], [ -114.184997558594006, 27.7675170898438 ], [ -114.174446105957003, 27.7694702148438 ], [ -114.157218933105, 27.747777938842798 ], [ -114.150268554687997, 27.748714447021499 ], [ -114.174446105957003, 27.7880554199218 ], [ -114.179725646972997, 27.8199996948243 ], [ -114.130867004394005, 27.884193420410199 ], [ -114.151916503905994, 27.898681640624901 ], [ -114.141670227050994, 27.897222518921001 ], [ -114.141387939452997, 27.898338317871101 ], [ -114.153053283690994, 27.899999618530298 ], [ -114.154441833495994, 27.900878906250099 ], [ -114.144721984862997, 27.906944274902301 ], [ -114.145835876465, 27.901945114135799 ], [ -114.138885498047003, 27.9011116027832 ], [ -114.149169921875, 27.919166564941499 ], [ -114.161376953125, 27.9158935546875 ], [ -114.157775878905994, 27.9273071289062 ], [ -114.166381835937997, 27.9277782440187 ], [ -114.15389251709, 27.942777633666999 ], [ -114.146385192870994, 27.938613891601602 ], [ -114.149169921875, 27.9527072906494 ], [ -114.123054504394005, 27.9525146484375 ], [ -114.111389160155994, 27.926111221313501 ], [ -114.094795227050994, 27.952703475952202 ], [ -112.828308105469006, 27.9492797851562 ], [ -112.789184570312003, 27.9368896484375 ], [ -112.768165588379006, 27.879062652587901 ], [ -112.770278930664006, 27.860275268554702 ], [ -112.734169006347997, 27.825834274291999 ], [ -112.719177246094006, 27.824705123901399 ], [ -112.707221984862997, 27.764165878295799 ], [ -112.675552368164006, 27.721389770507901 ], [ -112.660003662109006, 27.7091674804688 ], [ -112.63720703125, 27.7058715820312 ], [ -112.623336791992003, 27.678611755371101 ], [ -112.597503662109006, 27.664443969726701 ], [ -112.593887329102003, 27.649999618530298 ], [ -112.529167175292997, 27.638055801391602 ], [ -112.481811523437997, 27.618915557861399 ], [ -112.466674804687997, 27.5996704101562 ], [ -112.419158935547003, 27.591161727905199 ], [ -112.371536254882997, 27.5630702972413 ], [ -112.353332519530994, 27.533056259155298 ], [ -112.330001831055, 27.5174999237062 ], [ -112.317779541015994, 27.459999084472699 ], [ -112.321662902832003, 27.443889617919901 ], [ -112.311706542969006, 27.4328937530519 ], [ -112.318054199219006, 27.429723739624102 ], [ -112.297248840332003, 27.402208328247202 ], [ -112.302780151367003, 27.385278701782202 ], [ -112.289169311522997, 27.366388320922798 ], [ -112.269409179687003, 27.356689453125099 ], [ -112.261108398437003, 27.332502365112401 ], [ -112.240783691405994, 27.325317382812599 ], [ -112.22777557373, 27.2900009155275 ], [ -112.194137573242003, 27.249181747436499 ], [ -112.201667785644005, 27.2472229003907 ], [ -112.213333129882997, 27.204999923706101 ], [ -112.193420410155994, 27.196714401245199 ], [ -112.164443969727003, 27.165000915527401 ], [ -112.135536193847997, 27.1594982147218 ], [ -112.096618652344006, 27.1331176757812 ], [ -112.070678710937997, 27.1340942382813 ], [ -112.062774658202997, 27.125833511352699 ], [ -112.018890380859006, 27.1203002929688 ], [ -111.99055480957, 27.096389770507901 ], [ -111.952926635742003, 27.096542358398501 ], [ -111.945556640625, 27.069999694824201 ], [ -111.976112365722997, 27.066389083862401 ], [ -112.006233215332003, 27.032672882080099 ], [ -112.014892578125, 26.975097656250099 ], [ -112.007720947265994, 26.957813262939499 ], [ -111.955535888672003, 26.9141654968263 ], [ -111.952438354492003, 26.900781631469801 ], [ -111.956108093262003, 26.903434753418001 ], [ -111.970497131347997, 26.8977775573732 ], [ -111.954277038574006, 26.899919509887798 ], [ -111.93733215332, 26.8831081390382 ], [ -111.915916442870994, 26.877334594726602 ], [ -111.910827636719006, 26.856872558593899 ], [ -111.872787475585994, 26.8309936523438 ], [ -111.860961914062003, 26.784116744995199 ], [ -111.873649597167997, 26.776599884033299 ], [ -111.876434326172003, 26.755781173706101 ], [ -111.883583068847997, 26.765556335449201 ], [ -111.894714355469006, 26.7575073242187 ], [ -111.890548706055, 26.7486858367919 ], [ -111.906578063965, 26.7323722839357 ], [ -111.908325195312003, 26.718507766723601 ], [ -111.862976074219006, 26.6939086914063 ], [ -111.849670410155994, 26.649417877197401 ], [ -111.806373596190994, 26.626041412353501 ], [ -111.779693603515994, 26.565708160400501 ], [ -111.735809326172003, 26.538396835327202 ], [ -111.694885253905994, 26.564697265625 ], [ -111.676910400390994, 26.587621688842798 ], [ -111.715614318847997, 26.630977630615199 ], [ -111.759826660155994, 26.661499023437599 ], [ -111.765716552734006, 26.676622390747099 ], [ -111.793907165527003, 26.6882247924806 ], [ -111.815002441405994, 26.7163906097413 ], [ -111.823944091797003, 26.8210220336913 ], [ -111.836227416992003, 26.833896636962798 ], [ -111.851020812987997, 26.879383087158299 ], [ -111.832977294922003, 26.883979797363299 ], [ -111.821594238280994, 26.8963012695313 ], [ -111.800720214844006, 26.888671875000099 ], [ -111.79126739502, 26.874500274658299 ], [ -111.74755859375, 26.846256256103601 ], [ -111.721076965332003, 26.806930541992202 ], [ -111.681045532227003, 26.780044555664102 ], [ -111.666275024414006, 26.7803974151612 ], [ -111.647193908690994, 26.745420455932699 ], [ -111.626007080077997, 26.740392684936602 ], [ -111.626152038574006, 26.732561111450298 ], [ -111.610763549805, 26.727758407592798 ], [ -111.607482910155994, 26.719171524048001 ], [ -111.561477661132997, 26.697507858276399 ], [ -111.567344665527003, 26.563470840454201 ], [ -111.555191040039006, 26.5508728027344 ], [ -111.500434875487997, 26.5297565460206 ], [ -111.461036682129006, 26.5377807617187 ], [ -111.46118927002, 26.5283298492432 ], [ -111.441764831542997, 26.5176887512207 ], [ -111.451873779297003, 26.515123367309702 ], [ -111.454895019530994, 26.4874877929688 ], [ -111.471015930175994, 26.4622821807862 ], [ -111.468299865722997, 26.411676406860401 ], [ -111.4248046875, 26.380804061889599 ], [ -111.421447753905994, 26.372665405273398 ], [ -111.433578491210994, 26.370256423950298 ], [ -111.434127807617003, 26.362791061401499 ], [ -111.421455383300994, 26.348703384399499 ], [ -111.403190612792997, 26.350265502929801 ], [ -111.386772155762003, 26.323011398315401 ], [ -111.382133483887003, 26.284318923950298 ], [ -111.394348144530994, 26.2770175933838 ], [ -111.397468566894005, 26.256395339965898 ], [ -111.377365112305, 26.2164916992188 ], [ -111.378028869629006, 26.188867568969801 ], [ -111.360260009765994, 26.166072845458999 ], [ -111.353439331055, 26.128751754760899 ], [ -111.343856811522997, 26.111816406250099 ], [ -111.323951721190994, 26.099550247192401 ], [ -111.31810760498, 26.070581436157202 ], [ -111.345512390137003, 26.026609420776399 ], [ -111.33763885498, 25.9879169464112 ], [ -111.358474731445, 25.958749771118299 ], [ -111.354583740234006, 25.9270839691163 ], [ -111.343193054199006, 25.922082901001101 ], [ -111.336250305175994, 25.906803131103501 ], [ -111.341804504395, 25.876806259155401 ], [ -111.331253051757997, 25.852361679077202 ], [ -111.332916259765994, 25.8356952667237 ], [ -111.310417175292997, 25.8320827484131 ], [ -111.316528320312003, 25.817361831665099 ], [ -111.307083129882997, 25.810417175293001 ], [ -111.305969238280994, 25.773471832275401 ], [ -111.253753662109006, 25.739860534668001 ], [ -111.242637634277003, 25.7206935882568 ], [ -111.224029541015994, 25.725416183471701 ], [ -111.211524963379006, 25.7023601531982 ], [ -111.215972900390994, 25.690416336059599 ], [ -111.204864501952997, 25.672361373901499 ], [ -111.193473815917997, 25.6137504577638 ], [ -111.172080993652003, 25.595417022705199 ], [ -111.163749694824006, 25.572362899780298 ], [ -111.145416259765994, 25.5659713745118 ], [ -111.142082214355, 25.549861907959102 ], [ -111.120140075682997, 25.527082443237301 ], [ -111.073753356934006, 25.525693893432599 ], [ -111.069862365722997, 25.531528472900501 ], [ -111.07430267334, 25.520971298217798 ], [ -111.068748474120994, 25.5140285491944 ], [ -111.05403137207, 25.520971298217798 ], [ -111.039581298827997, 25.515693664550799 ], [ -111.039024353027003, 25.521528244018601 ], [ -111.017082214355, 25.515417098998999 ], [ -111.02458190918, 25.444028854370199 ], [ -111.003471374512003, 25.416528701782202 ], [ -111.000694274902003, 25.388196945190401 ], [ -110.984580993652003, 25.366249084472798 ], [ -110.97875213623, 25.341527938842798 ], [ -110.952919006347997, 25.3293056488037 ], [ -110.957084655762003, 25.322639465331999 ], [ -110.943473815917997, 25.3056945800781 ], [ -110.947639465332003, 25.295139312744201 ], [ -110.932640075684006, 25.291803359985401 ], [ -110.938468933105, 25.286527633666999 ], [ -110.933746337890994, 25.2740268707275 ], [ -110.943748474120994, 25.272638320923001 ], [ -110.946250915527003, 25.257917404174801 ], [ -110.932640075684006, 25.2143058776856 ], [ -110.920417785644005, 25.209863662719801 ], [ -110.905975341797003, 25.1831951141357 ], [ -110.912635803222997, 25.171806335449201 ], [ -110.906524658202997, 25.144861221313601 ], [ -110.879829406737997, 25.126295089721602 ], [ -110.862640380859006, 25.0804157257081 ], [ -110.829307556152003, 25.064027786254801 ], [ -110.816528320312003, 25.035139083862301 ], [ -110.797920227050994, 25.029861450195298 ], [ -110.789581298827997, 25.035692214965898 ], [ -110.757362365722997, 25.0143051147462 ], [ -110.761528015137003, 25.005138397216701 ], [ -110.748748779297003, 24.9870834350587 ], [ -110.749031066894005, 24.9651412963868 ], [ -110.720970153809006, 24.935693740844702 ], [ -110.718475341797003, 24.923749923706101 ], [ -110.699859619140994, 24.915695190429702 ], [ -110.707641601562003, 24.907361984252901 ], [ -110.684860229492003, 24.8848590850831 ], [ -110.684860229492003, 24.8576374053956 ], [ -110.664581298827997, 24.810184478759901 ], [ -110.656814575195, 24.807331085205199 ], [ -110.664306640625, 24.7668056488037 ], [ -110.683197021484006, 24.7440280914307 ], [ -110.690971374512003, 24.704584121704201 ], [ -110.709587097167997, 24.695972442626999 ], [ -110.726036071777003, 24.675983428955099 ], [ -110.740417480469006, 24.616247177124102 ], [ -110.729309082030994, 24.515693664550799 ], [ -110.686531066895, 24.4634723663331 ], [ -110.692916870117003, 24.405694961547901 ], [ -110.682357788085994, 24.3937492370606 ], [ -110.680694580077997, 24.3562507629394 ], [ -110.639862060547003, 24.314861297607401 ], [ -110.63402557373, 24.289861679077202 ], [ -110.611808776855, 24.2568054199219 ], [ -110.581802368164006, 24.240137100219801 ], [ -110.562362670897997, 24.212638854980501 ], [ -110.420692443847997, 24.176805496215898 ], [ -110.325691223145, 24.175693511962901 ], [ -110.32763671875, 24.165971755981499 ], [ -110.372085571289006, 24.1481952667237 ], [ -110.404861450195, 24.170972824096701 ], [ -110.43180847168, 24.172082901001001 ], [ -110.42569732666, 24.162082672119102 ], [ -110.430419921875, 24.144861221313601 ], [ -110.41625213623, 24.1290283203125 ], [ -110.423469543457003, 24.117914199829201 ], [ -110.414306640625, 24.107917785644599 ], [ -110.350975036620994, 24.114305496215898 ], [ -110.346527099609006, 24.136806488037202 ], [ -110.351806640625, 24.142082214355501 ], [ -110.32152557373, 24.15625 ], [ -110.304580688477003, 24.175136566162202 ], [ -110.299583435059006, 24.212915420532301 ], [ -110.312637329102003, 24.2206935882568 ], [ -110.306251525879006, 24.2351379394532 ], [ -110.314308166504006, 24.249860763549901 ], [ -110.327079772949006, 24.244583129882798 ], [ -110.310974121094006, 24.261249542236399 ], [ -110.324584960937003, 24.257640838623001 ], [ -110.32096862793, 24.265693664550898 ], [ -110.331253051757997, 24.276527404785199 ], [ -110.330413818359006, 24.2568054199219 ], [ -110.336524963379006, 24.257917404174801 ], [ -110.337364196777003, 24.275693893432699 ], [ -110.32763671875, 24.283750534057699 ], [ -110.334861755370994, 24.283750534057699 ], [ -110.331253051757997, 24.290138244628999 ], [ -110.337913513184006, 24.295694351196399 ], [ -110.327919006347997, 24.300973892211999 ], [ -110.337913513184006, 24.302639007568501 ], [ -110.339859008789006, 24.3165283203125 ], [ -110.315971374512003, 24.3131942749025 ], [ -110.316528320312003, 24.321250915527301 ], [ -110.33430480957, 24.328750610351602 ], [ -110.306251525879006, 24.338750839233299 ], [ -110.297080993652003, 24.352638244628999 ], [ -110.282081604004006, 24.354305267334102 ], [ -110.232635498047003, 24.34375 ], [ -110.23486328125, 24.316249847412099 ], [ -110.192359924315994, 24.293472290039102 ], [ -110.175415039062003, 24.252639770507798 ], [ -110.140975952147997, 24.244304656982401 ], [ -110.123191833495994, 24.225414276123001 ], [ -110.089302062987997, 24.2162475585938 ], [ -110.029861450195, 24.1718044281007 ], [ -110.017364501952997, 24.1698608398438 ], [ -109.99764251709, 24.1301383972169 ], [ -109.98486328125, 24.043750762939499 ], [ -109.924858093262003, 24.028749465942401 ], [ -109.826248168945, 24.060693740844801 ], [ -109.825416564940994, 24.039861679077301 ], [ -109.809303283690994, 24.031528472900401 ], [ -109.80403137207, 24.0195827484131 ], [ -109.817359924315994, 23.9948616027832 ], [ -109.834587097167997, 23.9868068695069 ], [ -109.83708190918, 23.932361602783299 ], [ -109.823196411132997, 23.909584045410199 ], [ -109.774024963379006, 23.876804351806602 ], [ -109.698471069335994, 23.798471450805799 ], [ -109.70874786377, 23.777915954589801 ], [ -109.71263885498, 23.733749389648601 ], [ -109.699859619140994, 23.710416793823399 ], [ -109.697639465332003, 23.6637496948243 ], [ -109.674026489257997, 23.642360687255898 ], [ -109.594024658202997, 23.614860534668001 ], [ -109.577079772949006, 23.599861145019599 ], [ -109.520416259765994, 23.584861755371101 ], [ -109.512641906737997, 23.568750381469801 ], [ -109.470138549805, 23.557636260986399 ], [ -109.479309082030994, 23.518194198608501 ], [ -109.423469543457003, 23.446527481079201 ], [ -109.432083129882997, 23.412361145019599 ], [ -109.415138244629006, 23.403749465942401 ], [ -109.41291809082, 23.385972976684599 ], [ -109.432357788085994, 23.375415802001999 ], [ -109.424026489257997, 23.337917327880799 ], [ -109.428749084472997, 23.2951393127443 ], [ -109.43985748291, 23.2740268707275 ], [ -109.435691833495994, 23.2406940460206 ], [ -109.45930480957, 23.195695877075298 ], [ -109.534301757812003, 23.1101379394531 ], [ -109.567085266112997, 23.0956935882569 ], [ -109.575691223145, 23.0834693908693 ], [ -109.602363586425994, 23.0837497711182 ], [ -109.690139770507997, 23.0531940460206 ], [ -109.687637329102003, 23.047084808349599 ], [ -109.714859008789006, 23.028194427490199 ], [ -109.712913513184006, 23.005695343017599 ], [ -109.731246948242003, 22.990140914916999 ], [ -109.759307861327997, 22.984861373901499 ], [ -109.795692443847997, 22.9634704589844 ], [ -109.80680847168, 22.949581146240199 ], [ -109.807083129882997, 22.934858322143601 ], [ -109.842636108397997, 22.901527404785199 ], [ -109.899307250977003, 22.892084121704201 ], [ -109.906524658202997, 22.883192062378001 ], [ -109.893753051757997, 22.874305725097798 ], [ -109.964302062987997, 22.871250152587901 ], [ -109.99153137207, 22.884580612182699 ], [ -110.059585571289006, 22.945972442626999 ], [ -110.085975646972997, 22.989582061767699 ], [ -110.153472900390994, 23.229028701782202 ], [ -110.164863586425994, 23.310417175293001 ], [ -110.215698242187997, 23.382360458374102 ], [ -110.214859008789006, 23.3945846557618 ], [ -110.230140686035, 23.402915954589801 ], [ -110.232086181640994, 23.424028396606602 ], [ -110.263748168945, 23.4776382446288 ], [ -110.324859619140994, 23.557083129882901 ], [ -110.371528625487997, 23.5929164886475 ], [ -110.551803588867003, 23.669860839843899 ], [ -110.618469238280994, 23.712917327880898 ], [ -110.684303283690994, 23.769304275512798 ], [ -110.844306945800994, 23.936805725097699 ], [ -110.876251220702997, 23.955692291259901 ], [ -110.916809082030994, 24.0023612976075 ], [ -111.00846862793, 24.070417404174801 ], [ -111.012084960937003, 24.0848617553712 ], [ -111.043746948242003, 24.1090297698975 ], [ -111.178192138672003, 24.184028625488299 ], [ -111.250968933105, 24.2340278625488 ], [ -111.374305725097997, 24.2951374053956 ], [ -111.38346862793, 24.300693511963001 ], [ -111.38402557373, 24.302639007568501 ], [ -111.360420227050994, 24.290971755981399 ], [ -111.38069152832, 24.304582595825199 ], [ -111.477638244629006, 24.348194122314599 ], [ -111.475975036620994, 24.362083435058601 ], [ -111.531806945800994, 24.413194656372202 ], [ -111.553192138672003, 24.410972595214901 ], [ -111.557083129882997, 24.4043064117432 ], [ -111.563751220702997, 24.412914276123001 ], [ -111.57096862793, 24.4054164886475 ], [ -111.575691223144005, 24.415695190429702 ], [ -111.58374786377, 24.414304733276399 ], [ -111.582084655762003, 24.432916641235401 ], [ -111.594581604004006, 24.427360534668001 ], [ -111.611251831055, 24.440139770507798 ], [ -111.628753662109006, 24.514305114746101 ], [ -111.65291595459, 24.5523586273194 ], [ -111.646530151367003, 24.5448608398438 ], [ -111.637084960937997, 24.547916412353601 ], [ -111.656806945800994, 24.569583892822301 ], [ -111.691802978515994, 24.584861755371101 ], [ -111.697364807129006, 24.571527481079201 ], [ -111.690139770507997, 24.557638168335 ], [ -111.700141906737997, 24.537950515747202 ], [ -111.732360839844006, 24.5412502288819 ], [ -111.733779907227003, 24.550174713134901 ], [ -111.725975036620994, 24.5540275573732 ], [ -111.732360839844006, 24.559305191040199 ], [ -111.756530761719006, 24.540695190429702 ], [ -111.795417785644005, 24.545972824096701 ], [ -111.810691833495994, 24.562084197998001 ], [ -111.794303894042997, 24.570972442627099 ], [ -111.801246643065994, 24.5712509155275 ], [ -111.800415039062003, 24.585971832275401 ], [ -111.811248779297003, 24.5918064117432 ], [ -111.808471679687003, 24.597085952758899 ], [ -111.815971374512003, 24.597917556762699 ], [ -111.805137634277003, 24.573194503784201 ], [ -111.814308166504006, 24.559305191040199 ], [ -111.80403137207, 24.542360305786101 ], [ -111.75846862793, 24.5148620605469 ], [ -111.809585571289006, 24.5179157257081 ], [ -111.810417175292997, 24.508750915527301 ], [ -111.819030761719006, 24.5095825195313 ], [ -111.816253662109006, 24.572639465331999 ], [ -111.841461181640994, 24.638229370117301 ], [ -111.937637329102003, 24.7395839691163 ], [ -111.939025878905994, 24.745138168335 ], [ -111.930969238280994, 24.744861602783299 ], [ -111.911804199219006, 24.7251415252687 ], [ -111.926803588867003, 24.749305725097699 ], [ -111.968193054199006, 24.782083511352699 ], [ -111.972640991210994, 24.777637481689499 ], [ -111.963752746582003, 24.759304046630898 ], [ -111.971252441405994, 24.752082824707099 ], [ -111.954307556152003, 24.752641677856499 ], [ -111.964859008789006, 24.736249923706001 ], [ -111.987640380859006, 24.742916107177699 ], [ -112.03125, 24.738470077514702 ], [ -112.019584655762003, 24.7440280914307 ], [ -112.032638549805, 24.757360458374102 ], [ -112.029304504395, 24.764583587646602 ], [ -112.039024353027003, 24.7668056488037 ], [ -112.037361145019005, 24.7831935882568 ], [ -112.045692443847997, 24.7870826721193 ], [ -112.029586791992003, 24.796249389648398 ], [ -112.029586791992003, 24.802637100219801 ], [ -112.05403137207, 24.829584121704201 ], [ -112.037361145019005, 24.834583282470799 ], [ -112.02791595459, 24.829860687255898 ], [ -112.032913208007997, 24.821805953979499 ], [ -112.02458190918, 24.815416336059599 ], [ -112.030693054199006, 24.8231945037843 ], [ -112.024864196777003, 24.8273620605469 ], [ -112.025970458984006, 24.836805343627901 ], [ -112.028472900390994, 24.839582443237401 ], [ -112.056526184082003, 24.830415725708001 ], [ -112.04069519043, 24.8081951141357 ], [ -112.04125213623, 24.799028396606499 ], [ -112.053192138672003, 24.807916641235401 ], [ -112.04402923584, 24.7995834350587 ], [ -112.052085876465, 24.7840270996094 ], [ -112.042640686035, 24.754028320312401 ], [ -112.072082519530994, 24.7415275573732 ], [ -112.077079772949006, 24.724582672119102 ], [ -112.077079772949006, 24.735416412353601 ], [ -112.069030761719006, 24.745695114135799 ], [ -112.065139770507997, 24.7615261077881 ], [ -112.077362060547003, 24.7643051147462 ], [ -112.094306945800994, 24.7956943511963 ], [ -112.107086181640994, 24.798471450805799 ], [ -112.092636108397997, 24.778194427490199 ], [ -112.114028930664006, 24.790138244628899 ], [ -112.120697021484006, 24.782638549804599 ], [ -112.117637634277003, 24.805141448974702 ], [ -112.094581604004006, 24.8073616027832 ], [ -112.101806640625, 24.812639236450099 ], [ -112.091247558594006, 24.8320827484131 ], [ -112.101806640625, 24.841806411743299 ], [ -112.098747253417997, 24.848749160766602 ], [ -112.106803894042997, 24.842361450195298 ], [ -112.116249084472997, 24.848749160766602 ], [ -112.123748779297003, 24.87180519104 ], [ -112.095413208007997, 24.917083740234499 ], [ -112.105972290039006, 24.915695190429702 ], [ -112.111808776855, 24.936527252197301 ], [ -112.10375213623, 24.938472747802798 ], [ -112.099029541015994, 24.928749084472599 ], [ -112.084861755370994, 24.928470611572301 ], [ -112.077079772949006, 24.933471679687599 ], [ -112.084030151367003, 24.930416107177699 ], [ -112.098747253417997, 24.9409694671631 ], [ -112.086807250977003, 24.938472747802798 ], [ -112.08374786377, 24.945138931274499 ], [ -112.077919006347997, 24.939582824707099 ], [ -112.079025268555, 24.9501361846925 ], [ -112.110969543457003, 24.9423637390138 ], [ -112.107360839844006, 24.959306716918899 ], [ -112.094581604004006, 24.9626388549806 ], [ -112.10375213623, 24.9823627471925 ], [ -112.09708404541, 25.001527786254901 ], [ -112.101524353027003, 25.007362365722699 ], [ -112.104858398437997, 25.007362365722699 ], [ -112.110137939452997, 25.000415802001999 ], [ -112.101806640625, 24.994304656982401 ], [ -112.109024047852003, 24.979030609130898 ], [ -112.117080688477003, 24.985416412353601 ], [ -112.114585876465, 24.975694656372202 ], [ -112.139030456542997, 24.9490261077881 ], [ -112.137084960937997, 24.934305191040199 ], [ -112.130416870117003, 24.932916641235401 ], [ -112.135139465332003, 24.926527023315501 ], [ -112.127082824707003, 24.922082901001101 ], [ -112.131248474120994, 24.920415878296001 ], [ -112.142639160155994, 24.904027938842798 ], [ -112.136528015137003, 24.882360458373999 ], [ -112.147918701172003, 24.865972518920898 ], [ -112.134582519530994, 24.866249084472699 ], [ -112.130973815917997, 24.859029769897599 ], [ -112.135414123535, 24.864305496215898 ], [ -112.136528015137003, 24.841249465942301 ], [ -112.145141601562003, 24.834863662719801 ], [ -112.140693664550994, 24.8112506866456 ], [ -112.145141601562003, 24.803747177124102 ], [ -112.160415649414006, 24.833194732666101 ], [ -112.145141601562003, 24.849027633666999 ], [ -112.151527404785, 24.852361679077301 ], [ -112.148750305175994, 24.860694885253899 ], [ -112.154029846190994, 24.845970153808501 ], [ -112.169860839844006, 24.835416793823399 ], [ -112.165412902832003, 24.820972442626999 ], [ -112.173469543457003, 24.819583892822301 ], [ -112.166526794434006, 24.811805725097798 ], [ -112.176803588867003, 24.817361831665199 ], [ -112.189582824707003, 24.851804733276499 ], [ -112.185974121094006, 24.860416412353501 ], [ -112.180137634277003, 24.854028701782202 ], [ -112.157638549805, 24.868749618530401 ], [ -112.173469543457003, 24.867082595825298 ], [ -112.157913208007997, 24.922361373901499 ], [ -112.160140991210994, 24.932638168335 ], [ -112.183197021484006, 24.943195343017599 ], [ -112.164306640625, 24.952083587646602 ], [ -112.183471679687003, 24.946527481078999 ], [ -112.184303283690994, 24.960695266723601 ], [ -112.170417785644005, 24.968473434448299 ], [ -112.145118713379006, 24.965349197387798 ], [ -112.15291595459, 24.982084274292099 ], [ -112.137084960937997, 24.997917175293001 ], [ -112.122360229492003, 25.038194656372099 ], [ -112.130973815917997, 25.047916412353501 ], [ -112.121803283690994, 25.0729160308838 ], [ -112.142913818359006, 25.0740280151368 ], [ -112.155693054199006, 25.066249847412202 ], [ -112.157363891602003, 25.095415115356499 ], [ -112.148475646972997, 25.112361907958999 ], [ -112.141807556152003, 25.1054172515869 ], [ -112.151527404785, 25.118473052978501 ], [ -112.148475646972997, 25.1301383972169 ], [ -112.149864196777003, 25.136249542236399 ], [ -112.130142211914006, 25.183473587036101 ], [ -112.114303588867003, 25.185972213745199 ], [ -112.125137329102003, 25.1934719085693 ], [ -112.114860534667997, 25.210138320922901 ], [ -112.115417480469006, 25.239860534668001 ], [ -112.105140686035, 25.237911224365298 ], [ -112.093475341797003, 25.238195419311602 ], [ -112.085136413574006, 25.2443046569825 ], [ -112.081253051757997, 25.234306335449201 ], [ -112.077919006347997, 25.241807937622099 ], [ -112.085418701172003, 25.260971069336101 ], [ -112.09375, 25.262363433837901 ], [ -112.100135803222997, 25.2534713745118 ], [ -112.106803894042997, 25.255416870117301 ], [ -112.10375213623, 25.274860382080099 ], [ -112.086807250977003, 25.274583816528398 ], [ -112.097358703612997, 25.2693061828613 ], [ -112.080696105957003, 25.262638092041001 ], [ -112.075691223144005, 25.2787494659425 ], [ -112.083190917969006, 25.299861907958999 ], [ -112.07430267334, 25.3004169464112 ], [ -112.076805114745994, 25.3304157257081 ], [ -112.071250915527003, 25.3329162597656 ], [ -112.07763671875, 25.342081069946399 ], [ -112.070419311522997, 25.352361679077099 ], [ -112.084861755370994, 25.351804733276399 ], [ -112.087913513184006, 25.358474731445298 ], [ -112.085136413574006, 25.365972518921001 ], [ -112.076805114745994, 25.3612499237062 ], [ -112.073196411132997, 25.3665275573732 ], [ -112.085975646972997, 25.372085571289102 ], [ -112.07430267334, 25.374027252197301 ], [ -112.093193054199006, 25.371250152587901 ], [ -112.095413208007997, 25.377082824707099 ], [ -112.09375, 25.400417327880898 ], [ -112.079025268555, 25.407083511352599 ], [ -112.090698242187003, 25.414028167724702 ], [ -112.086250305175994, 25.4331951141357 ], [ -112.074584960937997, 25.415138244628899 ], [ -112.067359924315994, 25.431249618530401 ], [ -112.069580078125, 25.4451389312744 ], [ -112.08708190918, 25.4395847320556 ], [ -112.088195800780994, 25.462360382080099 ], [ -112.07152557373, 25.463752746581999 ], [ -112.080696105957003, 25.466527938842901 ], [ -112.064025878905994, 25.472917556762798 ], [ -112.028472900390994, 25.471805572509901 ], [ -112.02458190918, 25.474582672119102 ], [ -112.091247558594006, 25.472917556762798 ], [ -112.080139160155994, 25.508195877075298 ], [ -112.07096862793, 25.506803512573399 ], [ -112.074584960937997, 25.4923610687256 ], [ -112.064025878905994, 25.4923610687256 ], [ -112.070693969727003, 25.494861602783299 ], [ -112.070419311522997, 25.509027481079102 ], [ -112.081253051757997, 25.512083053588899 ], [ -112.079307556152003, 25.5168056488038 ], [ -112.073471069335994, 25.515970230102599 ], [ -112.066802978515994, 25.5184745788575 ], [ -112.063468933105, 25.5220832824707 ], [ -112.069305419922003, 25.533472061157202 ], [ -112.064636230469006, 25.555971145629901 ], [ -112.084861755370994, 25.556249618530298 ], [ -112.065414428710994, 25.566249847412202 ], [ -112.074859619140994, 25.576250076293999 ], [ -112.062080383300994, 25.586526870727599 ], [ -112.061531066895, 25.612363815307699 ], [ -112.066528320312003, 25.619028091430799 ], [ -112.072082519530994, 25.6140251159668 ], [ -112.074028015137003, 25.622638702392599 ], [ -112.065696716309006, 25.636249542236399 ], [ -112.073471069335994, 25.647638320923001 ], [ -112.066802978515994, 25.652082443237401 ], [ -112.076530456542997, 25.662082672119102 ], [ -112.074584960937997, 25.667360305786101 ], [ -112.074028015137003, 25.675970077514801 ], [ -112.085975646972997, 25.675138473510799 ], [ -112.094306945800994, 25.692081451416101 ], [ -112.079582214355, 25.698749542236399 ], [ -112.072639465332003, 25.687915802002099 ], [ -112.074028015137003, 25.696527481079102 ], [ -112.081253051757997, 25.700416564941499 ], [ -112.075141906737997, 25.727361679077099 ], [ -112.082641601562003, 25.700138092041101 ], [ -112.095695495605, 25.702083587646399 ], [ -112.097640991210994, 25.6881942749025 ], [ -112.10652923584, 25.7793064117432 ], [ -112.129585266112997, 25.814861297607401 ], [ -112.190414428710994, 25.983472824096701 ], [ -112.231117248535, 26.034137725830199 ], [ -112.278854370117003, 26.062160491943501 ], [ -112.270919799805, 26.070035934448399 ], [ -112.269165039062003, 26.102273941040099 ], [ -112.24666595459, 26.086666107177699 ], [ -112.244720458984006, 26.087223052978501 ], [ -112.238037109375, 26.082841873168999 ], [ -112.231666564940994, 26.081943511962901 ], [ -112.264251708984006, 26.102333068847599 ], [ -112.273155212402003, 26.102535247802798 ], [ -112.27278137207, 26.068889617919901 ], [ -112.294784545897997, 26.057327270507798 ], [ -112.30827331543, 26.072135925293001 ], [ -112.310302734375, 26.098169326782301 ], [ -112.330635070800994, 26.152122497558501 ], [ -112.366104125977003, 26.201408386230501 ] ] ], [ [ [ -112.10652923584, 24.71875 ], [ -112.104309082030994, 24.71875 ], [ -112.10319519043, 24.715694427490298 ], [ -112.108192443847997, 24.717638015747202 ], [ -112.105972290039006, 24.720972061157301 ], [ -112.10652923584, 24.71875 ] ] ], [ [ [ -112.095413208007997, 24.834583282470799 ], [ -112.095695495605, 24.832359313964901 ], [ -112.094306945800994, 24.830694198608398 ], [ -112.097358703612997, 24.833194732666101 ], [ -112.097640991210994, 24.835973739624102 ], [ -112.095413208007997, 24.834583282470799 ] ] ], [ [ [ -112.138473510742003, 24.871530532836999 ], [ -112.137916564940994, 24.8693046569825 ], [ -112.140975952147997, 24.8726406097412 ], [ -112.139579772949006, 24.872917175293001 ], [ -112.138473510742003, 24.871530532836999 ] ] ], [ [ [ -112.13402557373, 24.877916336059599 ], [ -112.135696411132997, 24.876527786254801 ], [ -112.135971069335994, 24.880695343017599 ], [ -112.133750915527003, 24.880695343017599 ], [ -112.13402557373, 24.877916336059599 ] ] ], [ [ [ -112.190139770507997, 24.894027709960898 ], [ -112.187919616699006, 24.892084121704201 ], [ -112.187637329102003, 24.8909721374512 ], [ -112.191528320312003, 24.892639160156399 ], [ -112.191528320312003, 24.895694732666001 ], [ -112.190139770507997, 24.894027709960898 ] ] ], [ [ [ -112.14680480957, 25.158750534057599 ], [ -112.166809082030994, 25.096805572509801 ], [ -112.161804199219006, 25.0584716796875 ], [ -112.177085876465, 25.0387496948243 ], [ -112.161529541015994, 25.019859313965 ], [ -112.155693054199006, 24.9895839691162 ], [ -112.164581298827997, 24.988193511962901 ], [ -112.153747558594006, 24.969028472900501 ], [ -112.171806335449006, 24.970138549804599 ], [ -112.18514251709, 24.962917327880898 ], [ -112.188751220702997, 24.9562492370607 ], [ -112.184585571289006, 24.931249618530298 ], [ -112.165969848632997, 24.910972595215 ], [ -112.177360534667997, 24.8873596191406 ], [ -112.188751220702997, 24.893194198608501 ], [ -112.194580078125, 24.9090270996094 ], [ -112.182914733887003, 24.906528472900298 ], [ -112.177917480469006, 24.921249389648601 ], [ -112.197364807129006, 24.9179172515869 ], [ -112.191802978515994, 24.888473510742301 ], [ -112.177635192870994, 24.8826389312744 ], [ -112.177360534667997, 24.874027252197301 ], [ -112.192642211914006, 24.860969543457099 ], [ -112.203750610352003, 24.868749618530401 ], [ -112.21875, 24.845970153808501 ], [ -112.209030151367003, 24.8356952667237 ], [ -112.208473205565994, 24.825138092041001 ], [ -112.214859008789006, 24.8237495422363 ], [ -112.189033508300994, 24.808750152587901 ], [ -112.197639465332003, 24.8065280914306 ], [ -112.193748474120994, 24.8015251159669 ], [ -112.187919616699006, 24.806251525878999 ], [ -112.178192138672003, 24.797916412353601 ], [ -112.185974121094006, 24.796806335449201 ], [ -112.171806335449006, 24.793470382690401 ], [ -112.177917480469006, 24.7904167175293 ], [ -112.164863586425994, 24.776527404785298 ], [ -112.171806335449006, 24.7668056488037 ], [ -112.134307861327997, 24.736249923706001 ], [ -112.130416870117003, 24.708194732666001 ], [ -112.118469238280994, 24.697637557983501 ], [ -112.117080688477003, 24.685693740844801 ], [ -112.143196105957003, 24.649305343627901 ], [ -112.138748168945, 24.633752822876001 ], [ -112.104026794434006, 24.616807937622099 ], [ -112.079025268555, 24.585138320922901 ], [ -112.072082519530994, 24.585695266723601 ], [ -112.055969238280994, 24.538194656372099 ], [ -112.100692749022997, 24.5565280914307 ], [ -112.104278564452997, 24.582662582397599 ], [ -112.11653137207, 24.6020832061768 ], [ -112.147087097167997, 24.620416641235401 ], [ -112.157081604004006, 24.644029617309499 ], [ -112.175415039062003, 24.6526393890381 ], [ -112.167640686035, 24.671529769897599 ], [ -112.146530151367003, 24.667360305786101 ], [ -112.137084960937997, 24.6837482452393 ], [ -112.139030456542997, 24.7226371765138 ], [ -112.153198242187997, 24.745416641235401 ], [ -112.195419311522997, 24.777915954589801 ], [ -112.233474731445, 24.789026260376001 ], [ -112.260971069335994, 24.7793064117432 ], [ -112.257637023925994, 24.756250381469801 ], [ -112.260414123535, 24.749584197998001 ], [ -112.274864196777003, 24.774860382080199 ], [ -112.306526184082003, 24.7995834350587 ], [ -112.304306030272997, 24.812360763549801 ], [ -112.287635803222997, 24.815139770507901 ], [ -112.280693054199006, 24.827915191650501 ], [ -112.220413208007997, 24.97513961792 ], [ -112.154029846190994, 25.186527252197202 ], [ -112.141525268555, 25.262363433837901 ], [ -112.13069152832, 25.271804809570401 ], [ -112.122360229492003, 25.254583358764702 ], [ -112.122360229492003, 25.2179164886475 ], [ -112.14680480957, 25.158750534057599 ] ] ], [ [ [ -112.165138244629006, 24.907638549804702 ], [ -112.166809082030994, 24.905696868896499 ], [ -112.167640686035, 24.905971527099599 ], [ -112.16569519043, 24.909584045410199 ], [ -112.165138244629006, 24.907638549804702 ] ] ], [ [ [ -112.118469238280994, 24.927362442016701 ], [ -112.12264251709, 24.8981952667237 ], [ -112.133750915527003, 24.891527175903398 ], [ -112.141250610352003, 24.904027938842798 ], [ -112.131530761719006, 24.914028167724599 ], [ -112.13069152832, 24.9198608398438 ], [ -112.126251220702997, 24.9218063354493 ], [ -112.124305725097997, 24.928749084472599 ], [ -112.118469238280994, 24.927362442016701 ] ] ], [ [ [ -112.182640075684006, 24.917360305786101 ], [ -112.184585571289006, 24.914028167724599 ], [ -112.189308166504006, 24.914304733276399 ], [ -112.186248779297003, 24.9190273284912 ], [ -112.182640075684006, 24.917360305786101 ] ] ], [ [ [ -112.164863586425994, 24.927640914916999 ], [ -112.161804199219006, 24.924861907958999 ], [ -112.164306640625, 24.915973663330099 ], [ -112.170692443847997, 24.9218063354493 ], [ -112.164863586425994, 24.927640914916999 ] ] ], [ [ [ -112.118194580077997, 24.956527709961001 ], [ -112.123191833495994, 24.9470825195312 ], [ -112.11930847168, 24.940694808960099 ], [ -112.122917175292997, 24.936250686645501 ], [ -112.131248474120994, 24.9470825195312 ], [ -112.118194580077997, 24.956527709961001 ] ] ], [ [ [ -112.119026184082003, 24.9651412963868 ], [ -112.121528625487997, 24.959861755371101 ], [ -112.125419616699006, 24.959028244018501 ], [ -112.12264251709, 24.9651412963868 ], [ -112.119026184082003, 24.9651412963868 ] ] ], [ [ [ -112.101806640625, 25.002916336059599 ], [ -112.102256774902003, 24.999860763549801 ], [ -112.10652923584, 24.9995841979982 ], [ -112.105140686035, 25.0059719085693 ], [ -112.101806640625, 25.002916336059599 ] ] ], [ [ [ -112.147087097167997, 25.048194885253899 ], [ -112.147087097167997, 25.0337524414063 ], [ -112.15291595459, 25.022081375122099 ], [ -112.16291809082, 25.036806106567401 ], [ -112.147087097167997, 25.048194885253899 ] ] ], [ [ [ -112.16625213623, 25.0387496948243 ], [ -112.165138244629006, 25.0412502288818 ], [ -112.163192749022997, 25.0420837402344 ], [ -112.165412902832003, 25.037361145019599 ], [ -112.16625213623, 25.0387496948243 ] ] ], [ [ [ -112.141525268555, 25.049863815307599 ], [ -112.141525268555, 25.047359466552798 ], [ -112.142639160155994, 25.0465278625488 ], [ -112.144302368164006, 25.0504169464112 ], [ -112.141525268555, 25.049863815307599 ] ] ], [ [ [ -112.13680267334, 25.0484733581543 ], [ -112.139030456542997, 25.047082901001001 ], [ -112.140419006347997, 25.050138473510899 ], [ -112.138191223144005, 25.0506916046143 ], [ -112.13680267334, 25.0484733581543 ] ] ], [ [ [ -112.136528015137003, 25.054027557373001 ], [ -112.134307861327997, 25.051805496215898 ], [ -112.135139465332003, 25.0504169464112 ], [ -112.139305114745994, 25.053749084472699 ], [ -112.136528015137003, 25.054027557373001 ] ] ], [ [ [ -112.140975952147997, 25.0556945800782 ], [ -112.144302368164006, 25.054027557373001 ], [ -112.145416259765994, 25.054307937622099 ], [ -112.143753051757997, 25.057361602783299 ], [ -112.140975952147997, 25.0556945800782 ] ] ], [ [ [ -112.146530151367003, 25.057361602783299 ], [ -112.150695800780994, 25.052639007568398 ], [ -112.154586791992003, 25.0587482452393 ], [ -112.147087097167997, 25.0620841979981 ], [ -112.146530151367003, 25.057361602783299 ] ] ], [ [ [ -112.154304504394005, 25.105138778686499 ], [ -112.156806945800994, 25.1045856475831 ], [ -112.155136108397997, 25.1081943511963 ], [ -112.154029846190994, 25.107917785644599 ], [ -112.154304504394005, 25.105138778686499 ] ] ], [ [ [ -112.153198242187997, 25.110694885253999 ], [ -112.155975341797003, 25.109582901001101 ], [ -112.154861450195, 25.113470077514801 ], [ -112.152084350585994, 25.112916946411101 ], [ -112.153198242187997, 25.110694885253999 ] ] ], [ [ [ -112.150413513184006, 25.128751754760899 ], [ -112.151252746582003, 25.126806259155298 ], [ -112.153198242187997, 25.124860763549901 ], [ -112.15013885498, 25.130695343017599 ], [ -112.150413513184006, 25.128751754760899 ] ] ], [ [ [ -112.088752746582003, 25.257083892822401 ], [ -112.094863891602003, 25.239305496215799 ], [ -112.11597442627, 25.2415275573731 ], [ -112.106803894042997, 25.252916336059599 ], [ -112.09708404541, 25.252361297607401 ], [ -112.091804504394005, 25.2598590850831 ], [ -112.088752746582003, 25.257083892822401 ] ] ], [ [ [ -112.097915649414006, 25.293472290039102 ], [ -112.096252441405994, 25.280416488647401 ], [ -112.110969543457003, 25.2895812988282 ], [ -112.107086181640994, 25.295972824096701 ], [ -112.097915649414006, 25.293472290039102 ] ] ], [ [ [ -112.09041595459, 25.2993049621582 ], [ -112.089027404785, 25.297082901001101 ], [ -112.091529846190994, 25.2948608398438 ], [ -112.093475341797003, 25.299583435058601 ], [ -112.09041595459, 25.2993049621582 ] ] ], [ [ [ -112.090141296387003, 25.3045845031738 ], [ -112.093193054199006, 25.301805496215898 ], [ -112.095413208007997, 25.306249618530298 ], [ -112.090141296387003, 25.3065280914307 ], [ -112.090141296387003, 25.3045845031738 ] ] ], [ [ [ -112.096580505370994, 25.3148593902588 ], [ -112.10041809082, 25.305973052978501 ], [ -112.094306945800994, 25.299861907958999 ], [ -112.111808776855, 25.296527862548899 ], [ -112.11319732666, 25.310417175293001 ], [ -112.10319519043, 25.315416336059499 ], [ -112.107360839844006, 25.308750152588001 ], [ -112.102912902832003, 25.306249618530298 ], [ -112.099029541015994, 25.320972442627099 ], [ -112.096580505370994, 25.3148593902588 ] ] ], [ [ [ -112.092086791992003, 25.310693740844702 ], [ -112.092918395995994, 25.309583663940501 ], [ -112.095413208007997, 25.311250686645501 ], [ -112.093193054199006, 25.312084197998001 ], [ -112.092086791992003, 25.310693740844702 ] ] ], [ [ [ -112.095138549805, 25.3273601531982 ], [ -112.092918395995994, 25.326248168945298 ], [ -112.09375, 25.3176383972169 ], [ -112.098197937012003, 25.322639465331999 ], [ -112.095138549805, 25.3273601531982 ] ] ], [ [ [ -112.095413208007997, 25.3645839691162 ], [ -112.087364196777003, 25.361528396606602 ], [ -112.096527099609006, 25.3376388549806 ], [ -112.100975036620994, 25.363193511962901 ], [ -112.095413208007997, 25.3645839691162 ] ] ], [ [ [ -112.10319519043, 25.3784713745118 ], [ -112.10319519043, 25.374860763549801 ], [ -112.107917785645, 25.376527786254901 ], [ -112.105697631835994, 25.3801383972168 ], [ -112.10319519043, 25.3784713745118 ] ] ], [ [ [ -112.110420227050994, 25.395971298217901 ], [ -112.105140686035, 25.490974426269599 ], [ -112.089027404785, 25.497917175293001 ], [ -112.098472595215, 25.4843063354493 ], [ -112.096527099609006, 25.427639007568398 ], [ -112.10986328125, 25.3754177093506 ], [ -112.10319519043, 25.367359161376999 ], [ -112.102912902832003, 25.332361221313601 ], [ -112.117919921875, 25.307916641235501 ], [ -112.121803283690994, 25.279584884643601 ], [ -112.138191223144005, 25.294305801391602 ], [ -112.126808166504006, 25.312084197998001 ], [ -112.110420227050994, 25.395971298217901 ] ] ], [ [ [ -112.094863891602003, 25.633472442626999 ], [ -112.088470458984006, 25.6045837402344 ], [ -112.10041809082, 25.499860763549901 ], [ -112.10652923584, 25.516250610351602 ], [ -112.097915649414006, 25.575696945190401 ], [ -112.098472595215, 25.677639007568501 ], [ -112.095413208007997, 25.6798610687256 ], [ -112.094863891602003, 25.633472442626999 ] ] ], [ [ [ -112.089859008789006, 25.637638092041001 ], [ -112.09041595459, 25.629861831665099 ], [ -112.090972900390994, 25.629306793212901 ], [ -112.091529846190994, 25.6373615264894 ], [ -112.089584350585994, 25.640417098999102 ], [ -112.089859008789006, 25.637638092041001 ] ] ], [ [ [ -112.20272064209, 27.2089443206787 ], [ -112.204170227050994, 27.2119445800782 ], [ -112.198974609375, 27.2222881317138 ], [ -112.201713562012003, 27.211431503295898 ], [ -112.20272064209, 27.2089443206787 ] ] ], [ [ [ -112.736389160155994, 27.841943740844702 ], [ -112.737503051757997, 27.841110229492202 ], [ -112.741462707519005, 27.842939376831001 ], [ -112.740539550780994, 27.843772888183601 ], [ -112.736389160155994, 27.841943740844702 ] ] ], [ [ [ -111.725692749022997, 24.401250839233501 ], [ -111.707084655762003, 24.382360458374102 ], [ -111.700973510742003, 24.366806030273601 ], [ -111.70597076416, 24.359582901001101 ], [ -111.695137023925994, 24.349859237670898 ], [ -111.710693359375, 24.302917480468899 ], [ -111.74430847168, 24.346250534057599 ], [ -111.871505737305, 24.437942504882901 ], [ -111.927085876465, 24.4679164886475 ], [ -111.94652557373, 24.4887504577637 ], [ -112.007629394530994, 24.515430450439499 ], [ -111.992637634277003, 24.525693893432599 ], [ -111.967361450195, 24.5179157257081 ], [ -111.863166809082003, 24.519645690918001 ], [ -111.841247558594006, 24.502361297607401 ], [ -111.828750610352003, 24.4795837402344 ], [ -111.821250915527003, 24.4795837402344 ], [ -111.819580078125, 24.467361450195298 ], [ -111.780975341797003, 24.462917327880898 ], [ -111.750137329100994, 24.442083358764801 ], [ -111.742362976074006, 24.4181938171388 ], [ -111.725692749022997, 24.401250839233501 ] ] ], [ [ [ -111.839302062987997, 24.511529922485401 ], [ -111.84041595459, 24.508472442626999 ], [ -111.84708404541, 24.508472442626999 ], [ -111.841804504395, 24.512916564941499 ], [ -111.839302062987997, 24.511529922485401 ] ] ], [ [ [ -111.803749084472997, 24.5829162597657 ], [ -111.801803588867003, 24.580694198608501 ], [ -111.80347442627, 24.577083587646602 ], [ -111.807083129882997, 24.583194732666101 ], [ -111.803749084472997, 24.5829162597657 ] ] ], [ [ [ -111.947914123535, 24.7548637390138 ], [ -111.952362060547003, 24.753194808960099 ], [ -111.953475952147997, 24.753751754760899 ], [ -111.946250915527003, 24.756250381469801 ], [ -111.947914123535, 24.7548637390138 ] ] ], [ [ [ -112.069580078125, 24.7612495422363 ], [ -112.067085266112997, 24.757638931274499 ], [ -112.067359924315994, 24.755695343017599 ], [ -112.07430267334, 24.762916564941499 ], [ -112.069580078125, 24.7612495422363 ] ] ], [ [ [ -112.031806945800994, 24.8029174804688 ], [ -112.032081604004006, 24.799028396606499 ], [ -112.034301757812003, 24.797084808349599 ], [ -112.036529541015994, 24.8029174804688 ], [ -112.031806945800994, 24.8029174804688 ] ] ], [ [ [ -112.085136413574006, 25.253196716308601 ], [ -112.082359313965, 25.249027252197401 ], [ -112.08374786377, 25.24680519104 ], [ -112.088195800780994, 25.253749847412202 ], [ -112.085136413574006, 25.253196716308601 ] ] ], [ [ [ -112.08763885498, 25.313194274902401 ], [ -112.086250305175994, 25.310972213745099 ], [ -112.09041595459, 25.314306259155401 ], [ -112.089302062987997, 25.3148593902588 ], [ -112.08763885498, 25.313194274902401 ] ] ], [ [ [ -112.085975646972997, 25.318473815918001 ], [ -112.087913513184006, 25.3165283203125 ], [ -112.090141296387003, 25.3176383972169 ], [ -112.086807250977003, 25.319585800171001 ], [ -112.085975646972997, 25.318473815918001 ] ] ], [ [ [ -112.088752746582003, 25.3220825195312 ], [ -112.088470458984006, 25.320972442627099 ], [ -112.087913513184006, 25.320417404174901 ], [ -112.09041595459, 25.3212509155275 ], [ -112.088752746582003, 25.3220825195312 ] ] ], [ [ [ -112.086250305175994, 25.340415954589801 ], [ -112.07763671875, 25.334861755371101 ], [ -112.088470458984006, 25.3259716033937 ], [ -112.096801757812003, 25.3345832824707 ], [ -112.086250305175994, 25.340415954589801 ] ] ], [ [ [ -112.085418701172003, 25.3418064117432 ], [ -112.085693359375, 25.3431930541993 ], [ -112.082359313965, 25.343471527099702 ], [ -112.082916259765994, 25.3409729003906 ], [ -112.085418701172003, 25.3418064117432 ] ] ], [ [ [ -112.089584350585994, 25.344581604003899 ], [ -112.091529846190994, 25.344581604003899 ], [ -112.093475341797003, 25.3431930541993 ], [ -112.091804504394005, 25.345695495605401 ], [ -112.086807250977003, 25.345972061157202 ], [ -112.089584350585994, 25.344581604003899 ] ] ], [ [ [ -112.081253051757997, 25.345417022705099 ], [ -112.084861755370994, 25.344581604003899 ], [ -112.085418701172003, 25.3465270996094 ], [ -112.081802368164006, 25.346805572509801 ], [ -112.081253051757997, 25.345417022705099 ] ] ], [ [ [ -112.087364196777003, 25.3698635101318 ], [ -112.086524963379006, 25.363193511962901 ], [ -112.095695495605, 25.367639541626101 ], [ -112.095695495605, 25.3698635101318 ], [ -112.087364196777003, 25.3698635101318 ] ] ], [ [ [ -112.076530456542997, 25.436252593994102 ], [ -112.075141906737997, 25.434860229492202 ], [ -112.077079772949006, 25.424581527710099 ], [ -112.082359313965, 25.432916641235401 ], [ -112.076530456542997, 25.436252593994102 ] ] ], [ [ [ -112.078750610352003, 25.552637100219801 ], [ -112.06819152832, 25.530971527099702 ], [ -112.075141906737997, 25.525693893432599 ], [ -112.066253662109006, 25.5212497711182 ], [ -112.079864501952997, 25.5179157257081 ], [ -112.084587097167997, 25.513748168945298 ], [ -112.086524963379006, 25.538473129272401 ], [ -112.078750610352003, 25.552637100219801 ] ] ], [ [ [ -112.069862365722997, 25.552637100219801 ], [ -112.07096862793, 25.5476379394532 ], [ -112.075141906737997, 25.548471450805799 ], [ -112.073471069335994, 25.553472518921001 ], [ -112.069862365722997, 25.552637100219801 ] ] ], [ [ [ -112.081253051757997, 25.594028472900401 ], [ -112.07152557373, 25.5926399230957 ], [ -112.073753356934006, 25.583194732666101 ], [ -112.080413818359006, 25.589027404785298 ], [ -112.076805114745994, 25.5604171752931 ], [ -112.085693359375, 25.563749313354499 ], [ -112.081253051757997, 25.594028472900401 ] ] ], [ [ [ -112.079307556152003, 25.625974655151499 ], [ -112.073753356934006, 25.618473052978601 ], [ -112.078750610352003, 25.608472824096602 ], [ -112.069030761719006, 25.599861145019599 ], [ -112.074584960937997, 25.594305038452301 ], [ -112.08430480957, 25.601528167724702 ], [ -112.079307556152003, 25.625974655151499 ] ] ], [ [ [ -112.072364807129006, 25.612363815307699 ], [ -112.067642211914006, 25.613195419311602 ], [ -112.067085266112997, 25.611803054809702 ], [ -112.072914123535, 25.609861373901399 ], [ -112.075141906737997, 25.614860534668001 ], [ -112.072364807129006, 25.612363815307699 ] ] ], [ [ [ -112.080413818359006, 25.646528244018601 ], [ -112.073753356934006, 25.643749237060501 ], [ -112.080696105957003, 25.6390285491943 ], [ -112.074028015137003, 25.625139236450298 ], [ -112.087364196777003, 25.629306793212901 ], [ -112.080413818359006, 25.646528244018601 ] ] ], [ [ [ -112.074028015137003, 25.6545848846437 ], [ -112.077079772949006, 25.6462497711182 ], [ -112.081802368164006, 25.6481952667237 ], [ -112.081802368164006, 25.6529140472412 ], [ -112.077079772949006, 25.6518058776856 ], [ -112.074028015137003, 25.6545848846437 ] ] ], [ [ [ -112.081253051757997, 25.670694351196399 ], [ -112.088195800780994, 25.661527633666999 ], [ -112.082916259765994, 25.650417327880898 ], [ -112.088752746582003, 25.643194198608299 ], [ -112.092918395995994, 25.669025421142699 ], [ -112.081253051757997, 25.670694351196399 ] ] ], [ [ [ -112.080139160155994, 25.663471221923899 ], [ -112.075973510742003, 25.656528472900401 ], [ -112.083190917969006, 25.6529140472412 ], [ -112.087364196777003, 25.661249160766602 ], [ -112.080139160155994, 25.663471221923899 ] ] ], [ [ [ -112.075691223144005, 25.671249389648601 ], [ -112.075416564940994, 25.667638778686499 ], [ -112.077919006347997, 25.665138244628999 ], [ -112.079025268555, 25.672082901000898 ], [ -112.075691223144005, 25.671249389648601 ] ] ], [ [ [ -111.831169128417997, 26.642515182495099 ], [ -111.830017089844006, 26.642089843750099 ], [ -111.827209472655994, 26.638671875000099 ], [ -111.833396911620994, 26.641483306884801 ], [ -111.831169128417997, 26.642515182495099 ] ] ], [ [ [ -111.866394042969006, 26.719726562500099 ], [ -111.868286132812003, 26.720275878906399 ], [ -111.864440917969006, 26.722499847412202 ], [ -111.863609313965, 26.7211112976075 ], [ -111.866394042969006, 26.719726562500099 ] ] ], [ [ [ -111.883728027344006, 26.722778320312599 ], [ -111.884719848632997, 26.720556259155298 ], [ -111.889709472655994, 26.7211303710938 ], [ -111.888885498047003, 26.725833892822301 ], [ -111.883728027344006, 26.722778320312599 ] ] ], [ [ [ -111.873924255370994, 26.742002487182699 ], [ -111.875045776367003, 26.741727828979499 ], [ -111.874526977539006, 26.743141174316499 ], [ -111.873657226562003, 26.743137359619102 ], [ -111.873924255370994, 26.742002487182699 ] ] ], [ [ [ -111.88899230957, 26.7475490570068 ], [ -111.888038635254006, 26.747747421264599 ], [ -111.887130737305, 26.7472248077394 ], [ -111.88939666748, 26.746160507202301 ], [ -111.88899230957, 26.7475490570068 ] ] ], [ [ [ -111.887222290039006, 26.7549972534181 ], [ -111.887512207030994, 26.7559204101563 ], [ -111.886070251465, 26.756980895996101 ], [ -111.885803222655994, 26.7553100585938 ], [ -111.887222290039006, 26.7549972534181 ] ] ], [ [ [ -111.914108276367003, 26.879409790039102 ], [ -111.913627624512003, 26.877790451049901 ], [ -111.915603637695, 26.877506256103601 ], [ -111.915405273437003, 26.878200531005898 ], [ -111.914108276367003, 26.879409790039102 ] ] ], [ [ [ -111.915000915527003, 27.035833358764702 ], [ -111.915008544922003, 27.037519454956101 ], [ -111.908058166504006, 27.0422248840332 ], [ -111.910003662109006, 27.0363883972169 ], [ -111.915000915527003, 27.035833358764702 ] ] ], [ [ [ -112.096664428710994, 27.2522201538087 ], [ -112.087501525879006, 27.259445190429702 ], [ -112.046875, 27.2238788604737 ], [ -112.043273925780994, 27.208314895629901 ], [ -112.059181213379006, 27.180505752563501 ], [ -112.074447631835994, 27.177499771118299 ], [ -112.084968566894005, 27.186145782470799 ], [ -112.088722229004006, 27.2159233093263 ], [ -112.108612060547003, 27.238609313964801 ], [ -112.096664428710994, 27.2522201538087 ] ] ], [ [ [ -111.884216308594006, 27.4560871124268 ], [ -111.863182067870994, 27.449003219604499 ], [ -111.858375549315994, 27.431980133056701 ], [ -111.896499633789006, 27.4314498901368 ], [ -111.902526855469006, 27.447875976562599 ], [ -111.884216308594006, 27.4560871124268 ] ] ], [ [ [ -110.954307556152003, 18.836805343628001 ], [ -110.947082519530994, 18.841527938842798 ], [ -110.939308166504006, 18.8337516784668 ], [ -110.907363891602003, 18.778749465942301 ], [ -110.919303894042997, 18.7693061828613 ], [ -110.919586181640994, 18.732084274292099 ], [ -110.940139770507997, 18.7298603057862 ], [ -110.950973510742003, 18.718471527099702 ], [ -110.969863891602003, 18.744304656982401 ], [ -110.983749389647997, 18.7431945800782 ], [ -110.999580383300994, 18.7568054199219 ], [ -111.015693664550994, 18.752082824707099 ], [ -111.014862060547003, 18.763748168945401 ], [ -111.035140991210994, 18.786527633666999 ], [ -111.056251525879006, 18.7795810699463 ], [ -111.041526794434006, 18.797361373901399 ], [ -111.048469543457003, 18.8020839691163 ], [ -111.04402923584, 18.813472747802798 ], [ -111.052085876465, 18.817083358764702 ], [ -111.01180267334, 18.8265285491943 ], [ -111.009582519530994, 18.847639083862401 ], [ -110.990135192870994, 18.867082595825199 ], [ -110.954307556152003, 18.836805343628001 ] ] ], [ [ [ -111.057083129882997, 18.8293056488038 ], [ -111.058746337890994, 18.829027175903398 ], [ -111.058197021484006, 18.8329162597656 ], [ -111.056526184082003, 18.832359313964801 ], [ -111.057083129882997, 18.8293056488038 ] ] ], [ [ [ -110.795417785644005, 19.3345832824706 ], [ -110.789306640625, 19.312360763549801 ], [ -110.796806335449006, 19.307083129882798 ], [ -110.795692443847997, 19.291528701782301 ], [ -110.807083129882997, 19.285694122314499 ], [ -110.819862365722997, 19.307638168335 ], [ -110.801246643065994, 19.3256950378419 ], [ -110.802917480469006, 19.3348617553712 ], [ -110.795417785644005, 19.3345832824706 ] ] ], [ [ [ -110.80680847168, 19.3248615264893 ], [ -110.809585571289006, 19.3248615264893 ], [ -110.809860229492003, 19.327917098999102 ], [ -110.80680847168, 19.3268051147462 ], [ -110.80680847168, 19.3248615264893 ] ] ], [ [ [ -109.882637023925994, 24.174583435058501 ], [ -109.920974731445, 24.2551364898682 ], [ -109.917915344237997, 24.2887496948243 ], [ -109.938194274902003, 24.323472976684599 ], [ -109.93180847168, 24.3740253448487 ], [ -109.842086791992003, 24.227361679077099 ], [ -109.819305419922003, 24.2062492370606 ], [ -109.797920227050994, 24.156528472900501 ], [ -109.801246643065994, 24.137083053588899 ], [ -109.864028930664006, 24.146804809570401 ], [ -109.874580383300994, 24.1523628234863 ], [ -109.870971679687997, 24.158750534057599 ], [ -109.882637023925994, 24.174583435058501 ] ] ], [ [ [ -110.337913513184006, 24.286806106567401 ], [ -110.339859008789006, 24.285417556762798 ], [ -110.341804504395, 24.285139083862401 ], [ -110.339859008789006, 24.2884731292725 ], [ -110.337913513184006, 24.286806106567401 ] ] ], [ [ [ -111.441802978515994, 24.327638626098601 ], [ -111.417083740234006, 24.318195343017599 ], [ -111.41291809082, 24.315139770507901 ], [ -111.445693969727003, 24.327083587646499 ], [ -111.441802978515994, 24.327638626098601 ] ] ], [ [ [ -111.612915039062003, 24.377916336059702 ], [ -111.531524658202997, 24.366249084472798 ], [ -111.45263671875, 24.329582214355501 ], [ -111.52458190918, 24.357639312744102 ], [ -111.575973510742003, 24.3681945800781 ], [ -111.66902923584, 24.3573608398438 ], [ -111.654586791992003, 24.375972747802798 ], [ -111.644584655762003, 24.3656940460206 ], [ -111.612915039062003, 24.377916336059702 ] ] ], [ [ [ -111.546249389647997, 24.4062519073487 ], [ -111.546249389647997, 24.4043064117432 ], [ -111.549583435057997, 24.4054164886475 ], [ -111.549308776855, 24.407363891601602 ], [ -111.546249389647997, 24.4062519073487 ] ] ], [ [ [ -110.387916564940994, 24.4654140472412 ], [ -110.387641906737997, 24.4662494659425 ], [ -110.382362365722997, 24.4668083190919 ], [ -110.38346862793, 24.465694427490298 ], [ -110.387916564940994, 24.4654140472412 ] ] ], [ [ [ -110.369583129882997, 24.476804733276499 ], [ -110.365135192870994, 24.480138778686499 ], [ -110.386253356934006, 24.474027633666999 ], [ -110.382919311522997, 24.4895820617675 ], [ -110.39347076416, 24.4976406097412 ], [ -110.382637023925994, 24.506526947021602 ], [ -110.39680480957, 24.5093078613282 ], [ -110.38680267334, 24.515693664550799 ], [ -110.398475646972997, 24.519861221313398 ], [ -110.381805419922003, 24.5226364135743 ], [ -110.360137939452997, 24.534025192260899 ], [ -110.335693359375, 24.524026870727699 ], [ -110.320137023925994, 24.501806259155401 ], [ -110.302635192870994, 24.500972747802798 ], [ -110.305969238280994, 24.487363815307599 ], [ -110.288475036620994, 24.470140457153299 ], [ -110.292640686035, 24.4579162597657 ], [ -110.31014251709, 24.4526386260987 ], [ -110.307083129882997, 24.425693511962901 ], [ -110.327079772949006, 24.401807785034201 ], [ -110.352638244629006, 24.4062519073487 ], [ -110.345695495605, 24.4145832061768 ], [ -110.354858398437997, 24.414861679077099 ], [ -110.345695495605, 24.425138473510899 ], [ -110.349861145019005, 24.4331951141357 ], [ -110.362640380859006, 24.436805725097798 ], [ -110.370697021484006, 24.4265251159669 ], [ -110.376525878905994, 24.4409713745118 ], [ -110.371246337890994, 24.445972442626999 ], [ -110.378471374512003, 24.449306488037202 ], [ -110.354583740234006, 24.4568061828613 ], [ -110.371246337890994, 24.4570827484131 ], [ -110.357360839844006, 24.468194961547901 ], [ -110.375968933105, 24.4668083190919 ], [ -110.369583129882997, 24.476804733276499 ] ] ], [ [ [ -110.399024963379006, 24.4840297698975 ], [ -110.400970458984006, 24.480972290039102 ], [ -110.408470153809006, 24.4787502288818 ], [ -110.404029846190994, 24.485139846801701 ], [ -110.399024963379006, 24.4840297698975 ] ] ], [ [ [ -110.380973815917997, 24.5845832824707 ], [ -110.38069152832, 24.571527481079201 ], [ -110.360694885254006, 24.5556945800781 ], [ -110.367637634277003, 24.530693054199201 ], [ -110.378471374512003, 24.539861679077202 ], [ -110.384582519530994, 24.530971527099599 ], [ -110.39347076416, 24.532638549804702 ], [ -110.389579772949006, 24.5384731292725 ], [ -110.399307250977003, 24.535972595215 ], [ -110.375694274902003, 24.5520839691163 ], [ -110.384307861327997, 24.5565280914307 ], [ -110.408195495605, 24.544305801391602 ], [ -110.404586791992003, 24.5520839691163 ], [ -110.411804199219006, 24.5540275573732 ], [ -110.39347076416, 24.562637329101602 ], [ -110.41569519043, 24.564582824707099 ], [ -110.397087097167997, 24.580694198608501 ], [ -110.398193359375, 24.5920810699463 ], [ -110.380973815917997, 24.5845832824707 ] ] ], [ [ [ -110.400970458984006, 24.598228454589801 ], [ -110.404861450195, 24.597917556762699 ], [ -110.404861450195, 24.598749160766701 ], [ -110.39958190918, 24.599027633666999 ], [ -110.400970458984006, 24.598228454589801 ] ] ], [ [ [ -110.565696716309006, 24.842082977294901 ], [ -110.567916870117003, 24.8273620605469 ], [ -110.560417175292997, 24.822639465332099 ], [ -110.56485748291, 24.814027786254901 ], [ -110.56819152832, 24.8231945037843 ], [ -110.576805114745994, 24.819862365722699 ], [ -110.58708190918, 24.828193664550898 ], [ -110.581527709960994, 24.837917327880898 ], [ -110.565696716309006, 24.842082977294901 ] ] ], [ [ [ -110.60375213623, 24.875972747802798 ], [ -110.60319519043, 24.872917175293001 ], [ -110.604309082030994, 24.873470306396602 ], [ -110.604309082030994, 24.879306793212901 ], [ -110.60375213623, 24.875972747802798 ] ] ], [ [ [ -110.574028015137003, 25.012638092041001 ], [ -110.565696716309006, 24.985694885253999 ], [ -110.569030761719006, 24.950416564941499 ], [ -110.547637939452997, 24.908472061157301 ], [ -110.52458190918, 24.8826389312744 ], [ -110.544586181640994, 24.872917175293001 ], [ -110.567085266112997, 24.876806259155401 ], [ -110.550971984862997, 24.872358322143601 ], [ -110.589859008789006, 24.864027023315501 ], [ -110.569862365722997, 24.8873596191406 ], [ -110.617919921875, 24.9154167175294 ], [ -110.641807556152003, 24.9134731292725 ], [ -110.635139465332003, 24.9281921386719 ], [ -110.655693054199006, 24.947360992431602 ], [ -110.677635192870994, 25.016527175903299 ], [ -110.713470458984006, 25.029861450195298 ], [ -110.708190917969006, 25.033470153808601 ], [ -110.714302062987997, 25.042638778686602 ], [ -110.715141296387003, 25.035417556762599 ], [ -110.719024658202997, 25.053195953369102 ], [ -110.710693359375, 25.101528167724702 ], [ -110.697639465332003, 25.0990276336669 ], [ -110.690139770507997, 25.0740280151368 ], [ -110.674072265625, 25.055364608764599 ], [ -110.602081298827997, 25.039861679077301 ], [ -110.574028015137003, 25.012638092041001 ] ] ], [ [ [ -109.999862670897997, 24.999860763549801 ], [ -110.000137329102003, 24.999860763549801 ], [ -110.000137329102003, 25.000139236450199 ], [ -109.999862670897997, 25.000139236450199 ], [ -109.999862670897997, 24.999860763549801 ] ] ], [ [ [ -110.509307861327997, 25.113752365112301 ], [ -110.50846862793, 25.110694885253999 ], [ -110.511528015137003, 25.110694885253999 ], [ -110.511528015137003, 25.116249084472699 ], [ -110.509307861327997, 25.113752365112301 ] ] ], [ [ [ -110.695419311522997, 25.203750610351701 ], [ -110.695693969727003, 25.197914123535199 ], [ -110.704864501952997, 25.1931953430175 ], [ -110.700141906737997, 25.2023620605469 ], [ -110.695419311522997, 25.203750610351701 ] ] ], [ [ [ -110.689582824707003, 25.310138702392599 ], [ -110.708473205565994, 25.2679176330568 ], [ -110.727912902832003, 25.2604160308838 ], [ -110.734024047852003, 25.287916183471701 ], [ -110.718193054199006, 25.3045845031738 ], [ -110.689582824707003, 25.310138702392599 ] ] ], [ [ [ -111.147918701172003, 25.587360382080099 ], [ -111.144302368164006, 25.5854167938232 ], [ -111.153198242187003, 25.582639694213899 ], [ -111.152359008789006, 25.588750839233501 ], [ -111.147918701172003, 25.587360382080099 ] ] ], [ [ [ -111.130142211914006, 25.587085723876999 ], [ -111.129302978515994, 25.587085723876999 ], [ -111.129859924315994, 25.584304809570298 ], [ -111.13069152832, 25.584581375122099 ], [ -111.132080078125, 25.5884723663331 ], [ -111.130142211914006, 25.587085723876999 ] ] ], [ [ [ -110.792640686035, 25.6206951141357 ], [ -110.806251525879006, 25.659584045410298 ], [ -110.798194885254006, 25.6870841979981 ], [ -110.773750305175994, 25.713193893432599 ], [ -110.762916564940994, 25.69069480896 ], [ -110.769027709960994, 25.676527023315501 ], [ -110.757362365722997, 25.629306793212901 ], [ -110.758750915527003, 25.593471527099702 ], [ -110.781806945800994, 25.6009731292725 ], [ -110.792640686035, 25.6206951141357 ] ] ], [ [ [ -111.046249389647997, 25.707361221313601 ], [ -111.033752441405994, 25.714582443237301 ], [ -111.032638549805, 25.703470230102599 ], [ -111.017082214355, 25.693750381469801 ], [ -111.012916564940994, 25.669584274291999 ], [ -111.029861450195, 25.649583816528299 ], [ -111.045135498047003, 25.660139083862401 ], [ -111.057914733887003, 25.6959724426269 ], [ -111.059028625487997, 25.7095832824707 ], [ -111.046249389647997, 25.707361221313601 ] ] ], [ [ [ -111.043746948242003, 25.742082595825099 ], [ -111.043472290039006, 25.7395839691163 ], [ -111.04402923584, 25.7387504577637 ], [ -111.044586181640994, 25.7431945800781 ], [ -111.043746948242003, 25.742082595825099 ] ] ], [ [ [ -111.275413513184006, 25.7559719085693 ], [ -111.275695800780994, 25.757917404174901 ], [ -111.274024963379006, 25.758192062378001 ], [ -111.274024963379006, 25.7568054199219 ], [ -111.275413513184006, 25.7559719085693 ] ] ], [ [ [ -111.260139465332003, 25.813474655151499 ], [ -111.253753662109006, 25.8112506866456 ], [ -111.242919921875, 25.789583206176701 ], [ -111.24430847168, 25.764583587646602 ], [ -111.259582519530994, 25.7831935882568 ], [ -111.260139465332003, 25.813474655151499 ] ] ], [ [ [ -111.307640075684006, 25.829307556152401 ], [ -111.292358398437003, 25.813474655151499 ], [ -111.297080993652003, 25.807638168335 ], [ -111.308197021484006, 25.812915802001999 ], [ -111.307640075684006, 25.829307556152401 ] ] ], [ [ [ -111.181251525879006, 25.865972518920799 ], [ -111.203193664550994, 25.849027633666999 ], [ -111.204582214355, 25.806249618530401 ], [ -111.227912902832003, 25.8220825195313 ], [ -111.233474731445, 25.848749160766602 ], [ -111.214859008789006, 25.869861602783299 ], [ -111.219863891602003, 25.885139465331999 ], [ -111.197639465332003, 25.9559726715088 ], [ -111.167915344237997, 25.9890251159669 ], [ -111.172676086425994, 26.0047512054444 ], [ -111.162521362305, 26.0193901062012 ], [ -111.175521850585994, 26.0417594909669 ], [ -111.135040283202997, 26.052064895629901 ], [ -111.128608703612997, 26.067222595215 ], [ -111.103790283202997, 26.052249908447401 ], [ -111.060279846190994, 26.073055267333899 ], [ -111.084014892577997, 26.015832901001001 ], [ -111.080139160155994, 25.998193740844801 ], [ -111.068473815917997, 25.997360229492202 ], [ -111.067359924315994, 25.964025497436499 ], [ -111.10041809082, 25.997360229492202 ], [ -111.119026184082003, 25.994583129882798 ], [ -111.131805419922003, 25.961526870727599 ], [ -111.180694580077997, 25.902915954589901 ], [ -111.181251525879006, 25.865972518920799 ] ] ], [ [ [ -111.177276611327997, 26.043966293335 ], [ -111.180397033690994, 26.044797897338899 ], [ -111.180274963379006, 26.045885086059702 ], [ -111.178611755370994, 26.045555114746101 ], [ -111.177276611327997, 26.043966293335 ] ] ], [ [ [ -111.306823730469006, 26.1045246124268 ], [ -111.30583190918, 26.106943130493299 ], [ -111.30305480957, 26.1052780151368 ], [ -111.303756713867003, 26.104669570922798 ], [ -111.306823730469006, 26.1045246124268 ] ] ], [ [ [ -111.265632629395, 26.136655807495099 ], [ -111.262451171875, 26.106399536132798 ], [ -111.296592712402003, 26.0984001159669 ], [ -111.279556274414006, 26.1113815307618 ], [ -111.286354064940994, 26.1253547668457 ], [ -111.265632629395, 26.136655807495099 ] ] ], [ [ [ -111.426132202147997, 26.632209777831999 ], [ -111.4296875, 26.623901367187599 ], [ -111.435791015625, 26.636718750000099 ], [ -111.434448242187003, 26.641944885253899 ], [ -111.426132202147997, 26.632209777831999 ] ] ] ] } },
{ "type": "Feature", "properties": { "NAME_1": "Campeche" }, "geometry": { "type": "MultiPolygon", "coordinates": [ [ [ [ -91.814926147460895, 17.928241729736399 ], [ -91.835769653320298, 17.931980133056602 ], [ -91.851753234863295, 17.925451278686602 ], [ -91.885719299316406, 17.949420928955199 ], [ -91.906326293945298, 17.945390701294102 ], [ -91.934852600097599, 17.9781799316406 ], [ -91.948097229003906, 18.007738113403398 ], [ -92.003166198730398, 18.0377807617188 ], [ -92.036537170410099, 18.0707397460938 ], [ -92.086692810058494, 18.096319198608501 ], [ -92.101676940917898, 18.1283683776857 ], [ -92.134033203125, 18.161598205566499 ], [ -92.145072937011705, 18.193719863891701 ], [ -92.167800903320298, 18.218521118164102 ], [ -92.176490783691406, 18.262002944946399 ], [ -92.196601867675795, 18.277830123901399 ], [ -92.200798034667997, 18.2942810058594 ], [ -92.187049865722699, 18.343349456787099 ], [ -92.196990966796903, 18.364578247070401 ], [ -92.238586425781193, 18.412742614746101 ], [ -92.251838684082003, 18.407091140747099 ], [ -92.251296997070298, 18.3909511566162 ], [ -92.266761779785099, 18.3891696929932 ], [ -92.308113098144503, 18.439149856567401 ], [ -92.329055786132798, 18.4311408996582 ], [ -92.340026855468807, 18.435319900512798 ], [ -92.397521972656193, 18.4732894897462 ], [ -92.425712585449205, 18.5146503448487 ], [ -92.469909667968807, 18.647510528564599 ], [ -92.345695495605398, 18.670972824096701 ], [ -91.964584350585895, 18.6987495422363 ], [ -91.949302673339801, 18.693195343017599 ], [ -91.909027099609304, 18.6354160308838 ], [ -91.855415344238196, 18.6101379394531 ], [ -91.882637023925795, 18.562360763549702 ], [ -91.887916564941406, 18.570695877075199 ], [ -91.879859924316307, 18.5801391601562 ], [ -91.885971069335895, 18.5856952667237 ], [ -91.903198242187401, 18.5668048858644 ], [ -91.931526184082003, 18.5723609924318 ], [ -91.922920227050795, 18.602361679077301 ], [ -91.933746337890497, 18.615694046020501 ], [ -91.945693969726605, 18.612638473510799 ], [ -91.955970764160199, 18.596527099609499 ], [ -91.964027404785199, 18.6029167175294 ], [ -91.960693359375, 18.5893058776856 ], [ -91.971252441406193, 18.5829162597657 ], [ -92.000968933105398, 18.599027633666999 ], [ -92.008468627929702, 18.587917327880898 ], [ -92.003471374511705, 18.5776386260987 ], [ -91.9912490844725, 18.576248168945401 ], [ -91.983192443847699, 18.584306716918999 ], [ -91.973472595214801, 18.579862594604599 ], [ -91.983474731445298, 18.568750381469702 ], [ -91.999862670898395, 18.56569480896 ], [ -91.991806030273395, 18.5370826721193 ], [ -92.002639770507798, 18.5476379394532 ], [ -92.002914428710895, 18.565416336059599 ], [ -92.01513671875, 18.543472290039201 ], [ -92.029029846191406, 18.5456943511963 ], [ -92.0281982421875, 18.528749465942401 ], [ -92.035140991210895, 18.5306930541993 ], [ -92.040412902832003, 18.523471832275401 ], [ -92.044303894042997, 18.524305343628001 ], [ -92.045135498046804, 18.522638320922901 ], [ -92.039024353027301, 18.521804809570298 ], [ -92.026252746581903, 18.526527404785298 ], [ -92.023193359374901, 18.535972595214901 ], [ -92.014305114745994, 18.5284748077394 ], [ -92.012916564941406, 18.537641525268601 ], [ -92.009025573730497, 18.523195266723601 ], [ -91.994308471679702, 18.515417098999102 ], [ -91.961807250976605, 18.5143051147462 ], [ -91.947364807128807, 18.5293064117432 ], [ -91.967086791992102, 18.569860458373999 ], [ -91.962364196777301, 18.581527709960898 ], [ -91.951248168945298, 18.566251754760799 ], [ -91.924583435058494, 18.560972213745199 ], [ -91.933746337890497, 18.5573616027832 ], [ -91.923469543457003, 18.548471450805799 ], [ -91.907081604003906, 18.549304962158299 ], [ -91.897636413574205, 18.563194274902301 ], [ -91.897918701171903, 18.544584274292099 ], [ -91.857360839843807, 18.5268058776857 ], [ -91.848747253417898, 18.504306793213001 ], [ -91.807640075683494, 18.500972747802798 ], [ -91.711250305175696, 18.464305877685501 ], [ -91.587081909179602, 18.4418048858643 ], [ -91.518196105957003, 18.446805953979499 ], [ -91.515975952148395, 18.472917556762798 ], [ -91.487640380859403, 18.499305725097699 ], [ -91.375419616699205, 18.541805267333999 ], [ -91.309028625488295, 18.557916641235401 ], [ -91.294586181640597, 18.6209735870362 ], [ -91.281524658202997, 18.630416870117202 ], [ -91.276802062988295, 18.667638778686499 ], [ -91.249580383300696, 18.682638168335 ], [ -91.239303588867202, 18.708194732666101 ], [ -91.239860534667997, 18.741806030273501 ], [ -91.222358703613295, 18.751806259155298 ], [ -91.243194580078097, 18.7495841979982 ], [ -91.270141601562401, 18.783195495605501 ], [ -91.290412902832003, 18.795974731445401 ], [ -91.306251525878906, 18.790695190429801 ], [ -91.32763671875, 18.766527175903299 ], [ -91.331253051757798, 18.778749465942301 ], [ -91.345413208007798, 18.774583816528299 ], [ -91.363197326660199, 18.781528472900401 ], [ -91.373474121093807, 18.7923603057862 ], [ -91.374862670898395, 18.810695648193398 ], [ -91.391525268554702, 18.804027557373001 ], [ -91.383750915527301, 18.830137252807599 ], [ -91.360420227050795, 18.846805572509801 ], [ -91.367362976074205, 18.862363815307699 ], [ -91.358192443847599, 18.867639541626001 ], [ -91.355140686035099, 18.8634738922119 ], [ -91.345970153808494, 18.859859466552699 ], [ -91.341804504394503, 18.860694885253999 ], [ -91.3629150390625, 18.877916336059499 ], [ -91.295692443847699, 18.9198608398438 ], [ -91.212364196777301, 18.954860687255898 ], [ -91.151802062988196, 18.989860534668001 ], [ -91.129859924316307, 19.008752822876101 ], [ -91.114860534667997, 19.0106925964357 ], [ -91.110137939453097, 19.020139694213899 ], [ -91.101806640625, 19.019027709960898 ], [ -91.099586486816406, 19.031248092651399 ], [ -91.139579772949205, 19.010414123535298 ], [ -91.139862060546903, 19.001249313354499 ], [ -91.154586791992102, 18.992082595825298 ], [ -91.163192749023395, 18.998472213745199 ], [ -91.178749084472699, 18.995416641235298 ], [ -91.222915649414105, 18.953752517700298 ], [ -91.244308471679602, 18.950138092041101 ], [ -91.259582519531193, 18.937915802001999 ], [ -91.263191223144503, 18.939859390258899 ], [ -91.277641296386705, 18.935972213745199 ], [ -91.280418395996094, 18.939859390258899 ], [ -91.284584045410199, 18.933750152587901 ], [ -91.286529541015597, 18.9370841979982 ], [ -91.290138244628906, 18.9251384735107 ], [ -91.318473815917997, 18.909860610961999 ], [ -91.340141296386705, 18.916528701782301 ], [ -91.342918395995994, 18.909305572509801 ], [ -91.356803894042997, 18.908472061157202 ], [ -91.371246337890597, 18.8945827484132 ], [ -91.368751525878807, 18.877916336059499 ], [ -91.380973815917898, 18.873193740844702 ], [ -91.391807556152301, 18.883472442627099 ], [ -91.394584655761705, 18.874305725097699 ], [ -91.382637023925795, 18.871528625488398 ], [ -91.395690917968807, 18.871248245239201 ], [ -91.406524658203097, 18.864305496215898 ], [ -91.3790283203125, 18.870138168335 ], [ -91.383468627929602, 18.8581943511963 ], [ -91.410972595214801, 18.844028472900298 ], [ -91.402915954589801, 18.8448600769044 ], [ -91.410697937011705, 18.8329162597656 ], [ -91.419586181640597, 18.8265285491943 ], [ -91.433197021484403, 18.829860687256001 ], [ -91.414581298828097, 18.8529167175294 ], [ -91.409027099609304, 18.869026184082099 ], [ -91.434585571289006, 18.832641601562599 ], [ -91.443191528320298, 18.831527709960898 ], [ -91.442085266113295, 18.819026947021399 ], [ -91.450691223144503, 18.822639465332099 ], [ -91.467361450195298, 18.803747177124102 ], [ -91.463752746582003, 18.791313171386701 ], [ -91.472358703613196, 18.782363891601602 ], [ -91.497360229492202, 18.781528472900401 ], [ -91.497917175292898, 18.789861679077301 ], [ -91.393753051757798, 18.891527175903299 ], [ -91.130691528320298, 19.0240268707275 ], [ -91.081253051757699, 19.0676383972169 ], [ -90.901527404785199, 19.181528091430799 ], [ -90.760414123535099, 19.305414199829102 ], [ -90.714859008789105, 19.363471984863398 ], [ -90.722640991210895, 19.358749389648398 ], [ -90.725692749023395, 19.391527175903398 ], [ -90.702919006347599, 19.485416412353601 ], [ -90.711250305175795, 19.527360916137798 ], [ -90.704025268554702, 19.553749084472699 ], [ -90.712081909179602, 19.562639236450298 ], [ -90.685417175292997, 19.6281967163087 ], [ -90.690971374511705, 19.642360687255898 ], [ -90.705696105956903, 19.651527404785199 ], [ -90.707084655761705, 19.675693511962901 ], [ -90.669029235839801, 19.7206935882568 ], [ -90.661804199218693, 19.758192062378001 ], [ -90.624862670898395, 19.792640686035099 ], [ -90.508750915527301, 19.866249084472798 ], [ -90.453193664550795, 19.9518051147462 ], [ -90.45263671875, 19.973194122314499 ], [ -90.463195800781193, 19.974582672119201 ], [ -90.473197937011705, 19.994583129882901 ], [ -90.462638854980497, 20.0012493133544 ], [ -90.463470458984403, 20.0131931304932 ], [ -90.491531372070298, 20.060693740844702 ], [ -90.479309082031193, 20.114028930663999 ], [ -90.495414733886605, 20.162082672119201 ], [ -90.480415344238196, 20.173194885253899 ], [ -90.477638244628807, 20.185138702392599 ], [ -90.488746643066406, 20.215694427490298 ], [ -90.490135192870994, 20.3309726715088 ], [ -90.499031066894503, 20.344028472900401 ], [ -90.489303588867102, 20.3465270996093 ], [ -90.484024047851605, 20.376806259155199 ], [ -90.490692138671903, 20.404861450195401 ], [ -90.480972290039105, 20.407640457153299 ], [ -90.479583740234304, 20.412916183471701 ], [ -90.492637634277301, 20.406248092651399 ], [ -90.497085571289105, 20.434030532836999 ], [ -90.488471984863295, 20.451250076294102 ], [ -90.494308471679702, 20.4479160308838 ], [ -90.502639770507798, 20.465694427490199 ], [ -90.484580993652301, 20.4634723663331 ], [ -90.478195190429702, 20.467361450195401 ], [ -90.476249694824205, 20.470972061157202 ], [ -90.481529235839801, 20.4679164886475 ], [ -90.491249084472699, 20.478473663330099 ], [ -90.502082824707003, 20.471525192260799 ], [ -90.502914428710895, 20.495971679687599 ], [ -90.448471069335895, 20.633472442627099 ], [ -90.443473815917997, 20.717359542846701 ], [ -90.451805114745994, 20.685972213745199 ], [ -90.454307556152202, 20.702917098999102 ], [ -90.448471069335895, 20.7170810699463 ], [ -90.434303283691406, 20.7270832061769 ], [ -90.431251525878906, 20.746528625488299 ], [ -90.411804199218807, 20.758470535278398 ], [ -90.389305114746094, 20.811134338378999 ], [ -90.383796691894503, 20.8009357452393 ], [ -90.390357971191406, 20.526460647583001 ], [ -90.374130249023395, 20.518590927123999 ], [ -90.237197875976605, 20.512290954589801 ], [ -90.218940734863196, 20.500810623168999 ], [ -90.180618286132798, 20.4256706237794 ], [ -90.135162353515597, 20.440980911255 ], [ -90.078292846679702, 20.3974914550781 ], [ -90.067680358886705, 20.403650283813501 ], [ -90.037872314453097, 20.4605598449707 ], [ -90.010307312011705, 20.467420578002901 ], [ -89.994659423828097, 20.426591873168999 ], [ -89.966598510742102, 20.403480529785199 ], [ -89.966590881347599, 20.358238220214901 ], [ -89.954536437988295, 20.3507595062256 ], [ -89.944038391113295, 20.319070816040199 ], [ -89.881019592285099, 20.283138275146499 ], [ -89.856147766113196, 20.257280349731602 ], [ -89.812736511230398, 20.137510299682699 ], [ -89.791801452636705, 20.107328414916999 ], [ -89.779098510742102, 20.096492767333999 ], [ -89.694206237792898, 20.065891265869102 ], [ -89.637496948242202, 20.027910232543899 ], [ -89.613296508789105, 19.994920730590799 ], [ -89.580078124999901, 19.918159484863299 ], [ -89.464118957519503, 19.7984104156494 ], [ -89.445549011230497, 19.750429153442401 ], [ -89.426490783691406, 19.655860900878999 ], [ -89.415336608886705, 19.6510906219482 ], [ -89.361862182617102, 19.582599639892599 ], [ -89.304237365722599, 19.5348510742188 ], [ -89.234428405761705, 19.495130538940501 ], [ -89.150276184082003, 19.421739578247099 ], [ -89.097473144531193, 19.3663005828857 ], [ -89.020462036132699, 19.2613925933838 ], [ -89.012145996093693, 19.231901168823299 ], [ -89.021972656249901, 19.1478805541993 ], [ -89.021102905273395, 19.022331237793001 ], [ -89.032035827636705, 19.0094318389893 ], [ -89.068252563476605, 18.9971008300781 ], [ -89.084342956542898, 18.9715690612794 ], [ -89.078857421875, 18.839820861816499 ], [ -89.107879638671804, 18.696041107177699 ], [ -89.101081848144503, 18.6320610046388 ], [ -89.067947387695298, 18.5967807769775 ], [ -89.057136535644503, 18.5666618347169 ], [ -89.059226989746094, 18.537229537963899 ], [ -89.078025817870994, 18.5093307495118 ], [ -89.049285888671903, 18.4982395172119 ], [ -89.042991638183594, 18.488449096679702 ], [ -89.065666198730398, 18.424491882324201 ], [ -89.048446655273395, 18.384901046753001 ], [ -89.032577514648395, 18.21222114563 ], [ -89.058372497558594, 18.144350051879801 ], [ -89.15625, 18.036319732666001 ], [ -89.145393371581903, 17.942550659179702 ], [ -89.146888732910099, 17.8145866394044 ], [ -90.982032775878906, 17.815111160278398 ], [ -90.981002807617102, 17.8774509429932 ], [ -91.101692199707003, 17.916351318359499 ], [ -91.140098571777202, 17.937990188598601 ], [ -91.161231994628807, 17.9239406585694 ], [ -91.175941467285099, 17.925319671630898 ], [ -91.198181152343807, 17.956550598144599 ], [ -91.254219055175696, 17.974880218505898 ], [ -91.326011657714801, 18.0410594940187 ], [ -91.359069824218807, 18.040670394897599 ], [ -91.483901977539105, 18.072828292846701 ], [ -91.521476745605497, 18.067449569702099 ], [ -91.559288024902301, 18.073270797729599 ], [ -91.583366394042898, 18.066352844238299 ], [ -91.597221374511705, 18.024040222168001 ], [ -91.582511901855497, 17.9665927886962 ], [ -91.583137512207003, 17.935920715332099 ], [ -91.594261169433594, 17.919612884521499 ], [ -91.661460876464801, 17.915260314941399 ], [ -91.712799072265597, 17.890830993652301 ], [ -91.746276855468807, 17.9162712097169 ], [ -91.780982971191406, 17.920419692993299 ], [ -91.801399230957003, 17.933521270751999 ], [ -91.814926147460895, 17.928241729736399 ] ] ], [ [ [ -91.797080993652202, 18.516527175903299 ], [ -91.798751831054702, 18.515138626098601 ], [ -91.799308776855497, 18.515417098999102 ], [ -91.797637939453097, 18.5176391601562 ], [ -91.797080993652202, 18.516527175903299 ] ] ], [ [ [ -91.981246948242202, 18.5331935882568 ], [ -91.964584350585895, 18.529584884643601 ], [ -91.959861755370994, 18.5268058776857 ], [ -91.973762512207003, 18.524299621581999 ], [ -91.986808776855497, 18.531806945800799 ], [ -91.981246948242202, 18.5331935882568 ] ] ], [ [ [ -92.007080078124901, 18.553192138671999 ], [ -92.007080078124901, 18.551805496215799 ], [ -92.008193969726506, 18.551248550415 ], [ -92.007362365722599, 18.5548610687257 ], [ -92.007080078124901, 18.553192138671999 ] ] ], [ [ [ -91.980415344238295, 18.564582824707099 ], [ -91.982917785644503, 18.564582824707099 ], [ -91.983192443847699, 18.56569480896 ], [ -91.980415344238295, 18.566528320312599 ], [ -91.980415344238295, 18.564582824707099 ] ] ], [ [ [ -91.957359313964801, 18.584306716918999 ], [ -91.959861755370994, 18.582639694213899 ], [ -91.960418701171804, 18.585138320922798 ], [ -91.957359313964801, 18.5856952667237 ], [ -91.957359313964801, 18.584306716918999 ] ] ], [ [ [ -91.954307556152301, 18.588193893432699 ], [ -91.955413818359403, 18.585971832275401 ], [ -91.958473205566406, 18.586805343627901 ], [ -91.956527709960895, 18.589582443237401 ], [ -91.954307556152301, 18.588193893432699 ] ] ], [ [ [ -91.957084655761705, 18.594583511352599 ], [ -91.954025268554602, 18.594863891601602 ], [ -91.953750610351506, 18.592359542846701 ], [ -91.959304809570199, 18.5929164886475 ], [ -91.957084655761705, 18.594583511352599 ] ] ], [ [ [ -91.694580078125, 18.635694503784201 ], [ -91.692359924316307, 18.634862899780298 ], [ -91.697082519531193, 18.6365280151368 ], [ -91.695968627929602, 18.6365280151368 ], [ -91.694580078125, 18.635694503784201 ] ] ], [ [ [ -91.689308166503807, 18.676805496215898 ], [ -91.685974121093693, 18.6654167175294 ], [ -91.693748474121094, 18.6598625183106 ], [ -91.698196411132798, 18.6681938171387 ], [ -91.689308166503807, 18.676805496215898 ] ] ], [ [ [ -91.685974121093693, 18.681526184082099 ], [ -91.686248779296804, 18.6798610687256 ], [ -91.689025878906193, 18.6798610687256 ], [ -91.687919616699205, 18.682638168335 ], [ -91.685974121093693, 18.681526184082099 ] ] ], [ [ [ -91.687919616699205, 18.687362670898398 ], [ -91.686805725097599, 18.684305191040199 ], [ -91.690139770507798, 18.684305191040199 ], [ -91.689025878906193, 18.688194274902401 ], [ -91.687919616699205, 18.687362670898398 ] ] ], [ [ [ -91.961807250976605, 20.1637496948243 ], [ -91.964027404785199, 20.164026260376101 ], [ -91.962638854980398, 20.1662483215332 ], [ -91.961524963378906, 20.165971755981399 ], [ -91.961807250976605, 20.1637496948243 ] ] ], [ [ [ -91.955696105957003, 20.195417404174702 ], [ -91.959304809570199, 20.195693969726602 ], [ -91.959304809570199, 20.196805953979499 ], [ -91.955970764160199, 20.197362899780298 ], [ -91.955696105957003, 20.195417404174702 ] ] ], [ [ [ -91.961250305175795, 20.205694198608501 ], [ -91.960136413574205, 20.202638626098601 ], [ -91.963470458984304, 20.201250076293899 ], [ -91.962364196777301, 20.208194732666001 ], [ -91.961250305175795, 20.205694198608501 ] ] ], [ [ [ -92.212364196777301, 20.911806106567401 ], [ -92.214027404785, 20.909585952758899 ], [ -92.216529846191406, 20.909305572509801 ], [ -92.212081909179702, 20.9137496948243 ], [ -92.212364196777301, 20.911806106567401 ] ] ], [ [ [ -92.305137634277301, 20.959863662719801 ], [ -92.306808471679602, 20.958194732666101 ], [ -92.3084716796875, 20.9584693908693 ], [ -92.305694580078097, 20.962638854980501 ], [ -92.305137634277301, 20.959863662719801 ] ] ], [ [ [ -91.658752441406193, 18.660972595215 ], [ -91.660140991210895, 18.651527404785199 ], [ -91.679580688476506, 18.638196945190501 ], [ -91.6915283203125, 18.6354160308838 ], [ -91.669860839843594, 18.650138854980401 ], [ -91.674583435058594, 18.6590270996094 ], [ -91.658752441406193, 18.660972595215 ] ] ], [ [ [ -91.685691833495994, 18.677639007568398 ], [ -91.686248779296804, 18.6759738922119 ], [ -91.687919616699205, 18.677085876464801 ], [ -91.686531066894503, 18.679027557373001 ], [ -91.685691833495994, 18.677639007568398 ] ] ], [ [ [ -91.690414428710895, 18.689027786254901 ], [ -91.702362060546804, 18.6862525939943 ], [ -91.692085266113196, 18.684305191040199 ], [ -91.701248168945298, 18.666528701782301 ], [ -91.707916259765497, 18.6706943511963 ], [ -91.732086181640597, 18.6618061065675 ], [ -91.776252746582003, 18.634862899780298 ], [ -91.797363281249901, 18.6409721374512 ], [ -91.810142517089801, 18.6309719085694 ], [ -91.829582214355398, 18.629861831665099 ], [ -91.850975036621094, 18.649305343628001 ], [ -91.839859008789105, 18.663749694824201 ], [ -91.789024353027301, 18.667360305786101 ], [ -91.71875, 18.688194274902401 ], [ -91.697364807128906, 18.706527709961001 ], [ -91.531806945800795, 18.780694961547901 ], [ -91.510696411132699, 18.7523593902588 ], [ -91.538192749023395, 18.7259712219238 ], [ -91.554031372070298, 18.7179164886475 ], [ -91.564025878906193, 18.725694656372202 ], [ -91.539024353027301, 18.728473663330099 ], [ -91.527359008789006, 18.738193511962901 ], [ -91.536529541015597, 18.756250381469702 ], [ -91.539581298828097, 18.743749618530199 ], [ -91.555969238281193, 18.737361907959102 ], [ -91.565971374511705, 18.737361907959102 ], [ -91.561248779296903, 18.750694274902301 ], [ -91.567642211914105, 18.751527786254901 ], [ -91.580139160156193, 18.7279167175293 ], [ -91.578193664550696, 18.741806030273501 ], [ -91.625137329101406, 18.730972290039201 ], [ -91.612083435058594, 18.7226371765137 ], [ -91.614585876464801, 18.712917327880898 ], [ -91.635414123535099, 18.705694198608501 ], [ -91.616806030273395, 18.7054157257081 ], [ -91.608749389648395, 18.7206935882568 ], [ -91.594581604003807, 18.7168064117432 ], [ -91.662086486816406, 18.6634731292725 ], [ -91.676803588867102, 18.6679172515869 ], [ -91.692085266113196, 18.697641372680799 ], [ -91.690414428710895, 18.689027786254901 ] ] ], [ [ [ -91.537361145019503, 18.740692138671999 ], [ -91.540412902832003, 18.739582061767599 ], [ -91.542083740234403, 18.739862442016602 ], [ -91.539024353027301, 18.7423610687257 ], [ -91.537361145019503, 18.740692138671999 ] ] ], [ [ [ -91.436248779296903, 18.8084735870362 ], [ -91.445693969726605, 18.804859161376999 ], [ -91.457641601562401, 18.806249618530401 ], [ -91.449859619140597, 18.809303283691499 ], [ -91.436248779296903, 18.8084735870362 ] ] ], [ [ [ -91.375137329101605, 18.8637504577637 ], [ -91.374031066894403, 18.864305496215898 ], [ -91.374580383300696, 18.861803054809599 ], [ -91.375694274902301, 18.861803054809599 ], [ -91.375137329101605, 18.8637504577637 ] ] ], [ [ [ -91.371803283691307, 18.869583129882901 ], [ -91.375694274902301, 18.864027023315501 ], [ -91.379302978515597, 18.8626384735107 ], [ -91.378471374511705, 18.867916107177699 ], [ -91.371803283691307, 18.869583129882901 ] ] ], [ [ [ -91.323471069335895, 18.9079189300538 ], [ -91.325141906738295, 18.905696868896499 ], [ -91.347358703613295, 18.894027709961001 ], [ -91.333190917968693, 18.906528472900501 ], [ -91.323471069335895, 18.9079189300538 ] ] ], [ [ [ -91.2620849609375, 18.9370841979982 ], [ -91.263748168945298, 18.935972213745199 ], [ -91.264862060546903, 18.9362506866456 ], [ -91.263748168945298, 18.938194274902301 ], [ -91.2620849609375, 18.9370841979982 ] ] ], [ [ [ -91.000137329101605, 19.999860763549901 ], [ -91.000137329101605, 20.000139236450298 ], [ -90.999862670898395, 20.000139236450298 ], [ -90.999862670898395, 19.999860763549901 ], [ -91.000137329101605, 19.999860763549901 ] ] ] ] } },
{ "type": "Feature", "properties": { "NAME_1": "Chiapas" }, "geometry": { "type": "MultiPolygon", "coordinates": [ [ [ [ -93.345970153808594, 15.6004180908204 ], [ -93.371246337890597, 15.622639656066999 ], [ -93.394027709960895, 15.6401386260987 ], [ -93.346252441406193, 15.605137825012299 ], [ -93.321807861328097, 15.584029197693001 ], [ -93.345970153808594, 15.6004180908204 ] ] ], [ [ [ -93.280136108398395, 15.551527976989799 ], [ -93.310691833496094, 15.5809726715088 ], [ -93.420135498046804, 15.6659708023071 ], [ -93.398193359374901, 15.644026756286699 ], [ -93.532081604003807, 15.7493047714234 ], [ -93.682357788085895, 15.854026794433601 ], [ -93.517913818359403, 15.744029045105 ], [ -93.522361755370994, 15.751805305481099 ], [ -93.679580688476605, 15.859582901001 ], [ -93.714584350585895, 15.8790273666382 ], [ -93.687637329101506, 15.860138893127401 ], [ -93.692359924316406, 15.8606958389282 ], [ -93.862358093261605, 15.961251258850099 ], [ -93.938194274902301, 15.988751411437899 ], [ -93.924308776855497, 16.007360458374102 ], [ -93.912361145019503, 16.008472442626999 ], [ -93.908752441406193, 16.000694274902301 ], [ -93.897087097167997, 16.008750915527401 ], [ -93.893753051757798, 15.9893045425416 ], [ -93.872642517089801, 15.9859733581544 ], [ -93.854583740234403, 16.0068054199219 ], [ -93.869583129882798, 16.030138015747099 ], [ -93.873474121093807, 16.056528091430799 ], [ -93.899581909179702, 16.0848617553712 ], [ -93.937080383300795, 16.094305038452099 ], [ -93.984580993652301, 16.094305038452099 ], [ -94.008193969726605, 16.108749389648601 ], [ -94.037918090820298, 16.107362747192401 ], [ -94.085693359374901, 16.124305725097699 ], [ -94.102912902832003, 16.142084121704102 ], [ -94.115135192871094, 16.160139083862401 ], [ -94.110694885253807, 16.173194885253999 ], [ -94.122566223144503, 16.208740234374901 ], [ -94.117637634277301, 16.220138549804801 ], [ -94.128166198730497, 16.320430755615199 ], [ -94.106506347656193, 16.3890895843507 ], [ -94.157341003417997, 16.500778198242202 ], [ -94.066192626953097, 16.764379501342798 ], [ -93.966262817382798, 16.842750549316399 ], [ -93.948905944824205, 16.865278244018601 ], [ -93.924392700195298, 16.9552898406982 ], [ -93.922126770019503, 16.993270874023398 ], [ -93.886543273925795, 17.038660049438398 ], [ -93.887252807617102, 17.115140914916999 ], [ -93.865859985351506, 17.166782379150401 ], [ -93.846359252929702, 17.1887912750244 ], [ -93.758636474609403, 17.228061676025501 ], [ -93.6956787109375, 17.285341262817401 ], [ -93.627952575683594, 17.321601867675799 ], [ -93.592300415039105, 17.353639602661101 ], [ -93.520835876464801, 17.443048477172901 ], [ -93.504356384277301, 17.475770950317401 ], [ -93.506027221679702, 17.522630691528299 ], [ -93.468589782714702, 17.559209823608501 ], [ -93.450439453124901, 17.594221115112301 ], [ -93.402626037597699, 17.6244411468506 ], [ -93.379310607910099, 17.668979644775401 ], [ -93.365661621093693, 17.7222003936768 ], [ -93.367340087890597, 17.827730178833001 ], [ -93.3521728515625, 17.866670608520501 ], [ -93.353492736816406, 17.931140899658299 ], [ -93.346588134765597, 17.9416103363038 ], [ -93.319839477539105, 17.946010589599702 ], [ -93.307876586914006, 17.9597282409669 ], [ -93.283119201660199, 17.950750350952202 ], [ -93.268356323242202, 17.971920013427798 ], [ -93.237075805664105, 17.965311050415 ], [ -93.205581665039105, 17.944471359253001 ], [ -93.175605773925696, 17.941511154174702 ], [ -93.153877258300696, 17.924110412597699 ], [ -93.120483398437401, 17.8766803741456 ], [ -93.101806640624901, 17.866300582885799 ], [ -93.047332763671804, 17.8615207672119 ], [ -92.994606018066307, 17.871820449829102 ], [ -92.977539062499901, 17.866630554199201 ], [ -92.985603332519503, 17.814857482910298 ], [ -93.048370361328097, 17.7204494476318 ], [ -93.051109313964801, 17.685749053955099 ], [ -93.026306152343807, 17.6455097198487 ], [ -92.978889465332003, 17.613370895385799 ], [ -92.956672668457003, 17.5791702270507 ], [ -92.968566894531193, 17.507471084594801 ], [ -92.961616516113196, 17.497512817382901 ], [ -92.931648254394503, 17.502519607544102 ], [ -92.909637451171804, 17.496200561523398 ], [ -92.886848449706903, 17.511070251464801 ], [ -92.871589660644403, 17.508039474487301 ], [ -92.848503112792898, 17.485120773315401 ], [ -92.830696105957003, 17.441921234130799 ], [ -92.817070007324205, 17.429029464721701 ], [ -92.808113098144503, 17.388902664184599 ], [ -92.788803100585895, 17.3702297210694 ], [ -92.756477355956903, 17.358432769775401 ], [ -92.730003356933594, 17.361402511596701 ], [ -92.680351257324205, 17.390710830688601 ], [ -92.592887878417898, 17.470188140869102 ], [ -92.503456115722599, 17.524400711059599 ], [ -92.358512878417898, 17.634750366211001 ], [ -92.317916870117202, 17.6793327331544 ], [ -92.196342468261705, 17.7181911468506 ], [ -92.180915832519503, 17.7482509613038 ], [ -92.197380065917997, 17.815580368042099 ], [ -92.192909240722699, 17.829420089721701 ], [ -92.17236328125, 17.829811096191399 ], [ -92.174911499023395, 17.839229583740199 ], [ -92.185188293457003, 17.8377494812012 ], [ -92.1767578125, 17.843490600586101 ], [ -92.161819458007798, 17.8448696136475 ], [ -92.106391906738295, 17.8249626159668 ], [ -92.042266845703097, 17.821470260620199 ], [ -92.023536682128906, 17.8319606781006 ], [ -92.000152587890597, 17.896619796753001 ], [ -91.992652893066307, 17.8974094390869 ], [ -91.964408874511705, 17.883369445800898 ], [ -91.941856384277301, 17.882560729980501 ], [ -91.946952819824205, 17.859889984130898 ], [ -91.933906555175696, 17.848779678344702 ], [ -91.916358947753807, 17.851280212402401 ], [ -91.900810241699205, 17.8650302886963 ], [ -91.867500305175795, 17.8566207885743 ], [ -91.798408508300696, 17.865869522094801 ], [ -91.762939453124901, 17.816890716552798 ], [ -91.754646301269403, 17.7763996124269 ], [ -91.757247924804702, 17.734741210937599 ], [ -91.717956542968807, 17.713340759277401 ], [ -91.685462951660199, 17.712419509887798 ], [ -91.652893066406193, 17.6805019378663 ], [ -91.634826660156193, 17.6126003265381 ], [ -91.607589721679602, 17.565269470214801 ], [ -91.616127014160199, 17.522541046142599 ], [ -91.638381958007798, 17.479129791259702 ], [ -91.637786865234304, 17.462989807128999 ], [ -91.619972229003807, 17.449769973754901 ], [ -91.570602416992202, 17.441179275512699 ], [ -91.533653259277301, 17.443580627441399 ], [ -91.470993041992102, 17.421361923217901 ], [ -91.456726074218807, 17.385320663452099 ], [ -91.404090881347699, 17.371610641479499 ], [ -91.362556457519503, 17.318912506103501 ], [ -91.360290527343693, 17.303020477295 ], [ -91.399253845214801, 17.285169601440501 ], [ -91.412246704101506, 17.252531051635899 ], [ -91.437576293945298, 17.250841140747099 ], [ -91.424606323242202, 17.221179962158299 ], [ -91.415496826171804, 17.2122497558594 ], [ -91.375137329101605, 17.2104797363281 ], [ -91.342323303222699, 17.168069839477599 ], [ -91.321571350097599, 17.184169769287202 ], [ -91.275222778320298, 17.172519683837901 ], [ -91.276435852050696, 17.1404342651368 ], [ -91.269721984863295, 17.126918792724702 ], [ -91.229743957519403, 17.102043151855501 ], [ -91.217010498046903, 17.065162658691399 ], [ -91.172103881835895, 17.020645141601701 ], [ -91.152526855468807, 17.010797500610501 ], [ -91.124610900878807, 17.010339736938501 ], [ -91.117897033691406, 16.9722404479981 ], [ -91.103820800781193, 16.966051101684599 ], [ -91.062530517578097, 16.919918060302699 ], [ -91.069877624511705, 16.910039901733398 ], [ -91.058403015136705, 16.8949298858643 ], [ -91.0046768188475, 16.8796615600587 ], [ -90.979118347167898, 16.8551731109619 ], [ -90.972892761230398, 16.867099761962901 ], [ -90.977645874023395, 16.889360427856399 ], [ -90.955245971679602, 16.891658782958899 ], [ -90.952850341796903, 16.878356933593899 ], [ -90.967422485351605, 16.856096267700298 ], [ -90.932807922363295, 16.854076385498001 ], [ -90.915847778320298, 16.814439773559599 ], [ -90.867156982421804, 16.814477920532301 ], [ -90.843070983886705, 16.789737701416101 ], [ -90.798202514648295, 16.792516708373999 ], [ -90.796546936035099, 16.7711906433106 ], [ -90.756477355957003, 16.756763458252099 ], [ -90.747673034667997, 16.743463516235401 ], [ -90.711196899414006, 16.7232856750488 ], [ -90.703125, 16.699445724487202 ], [ -90.679298400878906, 16.685224533081101 ], [ -90.671958923339801, 16.6554260253906 ], [ -90.656021118164105, 16.639142990112401 ], [ -90.651573181152301, 16.593294143676701 ], [ -90.675895690917997, 16.5905570983887 ], [ -90.663261413574105, 16.591001510620199 ], [ -90.6661376953125, 16.5834445953369 ], [ -90.657569885253906, 16.572900772094702 ], [ -90.638969421386705, 16.5767841339112 ], [ -90.6348876953125, 16.585748672485401 ], [ -90.626228332519503, 16.575120925903398 ], [ -90.644256591796804, 16.554552078247202 ], [ -90.641967773437401, 16.514663696288999 ], [ -90.630538940429602, 16.5100822448731 ], [ -90.609306335449205, 16.518547058105501 ], [ -90.604339599609403, 16.507078170776399 ], [ -90.608177185058594, 16.493331909179702 ], [ -90.631286621093693, 16.488758087158299 ], [ -90.629882812499901, 16.478902816772599 ], [ -90.614418029785099, 16.4733982086182 ], [ -90.591758728027301, 16.4864406585693 ], [ -90.583702087402301, 16.466724395751999 ], [ -90.541854858398295, 16.478839874267599 ], [ -90.541770935058594, 16.465541839599702 ], [ -90.519416809082003, 16.454286575317401 ], [ -90.500808715820298, 16.466863632202202 ], [ -90.488708496093693, 16.451032638549901 ], [ -90.473922729492102, 16.458576202392599 ], [ -90.481178283691307, 16.4207744598388 ], [ -90.412841796875, 16.420892715454102 ], [ -90.402664184570298, 16.401851654052699 ], [ -90.393173217773395, 16.411249160766701 ], [ -90.385566711425795, 16.408920288086001 ], [ -90.397224426269503, 16.3922138214112 ], [ -90.367309570312401, 16.370151519775501 ], [ -90.372581481933494, 16.361000061035199 ], [ -90.378486633300696, 16.372007369995099 ], [ -90.393234252929702, 16.375703811645501 ], [ -90.407562255859304, 16.362045288086101 ], [ -90.404914855957003, 16.3440971374512 ], [ -90.398567199707003, 16.354059219360401 ], [ -90.393478393554702, 16.342279434204201 ], [ -90.408874511718807, 16.3276062011719 ], [ -90.404411315917898, 16.3129386901857 ], [ -90.435142517089702, 16.299697875976701 ], [ -90.430656433105398, 16.290754318237301 ], [ -90.4364013671875, 16.282281875610401 ], [ -90.421920776367202, 16.2687301635743 ], [ -90.421493530273395, 16.255903244018601 ], [ -90.436912536621094, 16.262550354003899 ], [ -90.449356079101605, 16.248382568359499 ], [ -90.446044921875, 16.238531112671001 ], [ -90.434860229492202, 16.242631912231499 ], [ -90.424911499023395, 16.231849670410199 ], [ -90.448486328124901, 16.223178863525401 ], [ -90.450256347656193, 16.188806533813501 ], [ -90.420852661132798, 16.1649265289307 ], [ -90.447296142578097, 16.148019790649499 ], [ -90.442092895507798, 16.139766693115298 ], [ -90.424980163574205, 16.13698387146 ], [ -90.427856445312401, 16.119733810424901 ], [ -90.443687438964801, 16.1270961761475 ], [ -90.451576232910199, 16.123180389404201 ], [ -90.449623107910099, 16.0933933258056 ], [ -90.442489624023395, 16.089860916137798 ], [ -90.420799255370994, 16.102922439575099 ], [ -90.443702697753807, 16.082485198974702 ], [ -90.441017150878807, 16.070381164550799 ], [ -91.7252197265625, 16.080949783325298 ], [ -92.214645385742202, 15.265567779541099 ], [ -92.059967041015597, 15.0716609954835 ], [ -92.094993591308494, 15.013438224792599 ], [ -92.130287170410099, 15.014936447143601 ], [ -92.147903442382798, 14.984637260437101 ], [ -92.142326354980497, 14.8876352310181 ], [ -92.184494018554702, 14.834186553955201 ], [ -92.162788391113196, 14.765504837036101 ], [ -92.170982360839801, 14.747073173522899 ], [ -92.148811340332003, 14.7111196517944 ], [ -92.147605895996094, 14.6674613952638 ], [ -92.175270080566406, 14.626691818237401 ], [ -92.176162719726506, 14.599611282348601 ], [ -92.189971923828097, 14.5637397766113 ], [ -92.207557678222699, 14.556530952453601 ], [ -92.2200927734375, 14.533809661865201 ], [ -92.256530761718693, 14.558751106262299 ], [ -92.404861450195199, 14.697639465332101 ], [ -92.410415649414105, 14.695417404174799 ], [ -92.394584655761705, 14.7029170989991 ], [ -92.403472900390597, 14.7048616409303 ], [ -92.401802062988196, 14.7126379013062 ], [ -92.404029846191406, 14.7126379013062 ], [ -92.404304504394503, 14.7073621749878 ], [ -92.407913208007699, 14.7051401138307 ], [ -92.407081604003906, 14.7029170989991 ], [ -92.411247253417898, 14.6993045806884 ], [ -92.430419921874901, 14.721247673034799 ], [ -92.433471679687401, 14.73597240448 ], [ -92.505416870117202, 14.7943058013916 ], [ -92.627914428710895, 14.922362327575801 ], [ -92.617637634277301, 14.9176387786865 ], [ -92.621246337890497, 14.924028396606399 ], [ -92.854583740234304, 15.1570825576782 ], [ -92.841247558593693, 15.1454162597656 ], [ -92.851249694824205, 15.1656942367554 ], [ -92.840972900390497, 15.178194999694901 ], [ -92.832359313964801, 15.168749809265099 ], [ -92.821807861327997, 15.163749694824199 ], [ -92.818748474120994, 15.1634712219238 ], [ -92.813751220703097, 15.167362213134901 ], [ -92.792083740234403, 15.157917022705099 ], [ -92.779586791992202, 15.157361030578601 ], [ -92.773475646972699, 15.151806831359799 ], [ -92.773193359375, 15.153751373291 ], [ -92.803474426269503, 15.1790266036987 ], [ -92.804862976074205, 15.1662502288819 ], [ -92.816528320312401, 15.1681938171387 ], [ -92.819580078124901, 15.1643056869507 ], [ -92.831253051757798, 15.169028282165501 ], [ -92.844306945800696, 15.194583892822299 ], [ -92.854309082031193, 15.2018041610719 ], [ -92.842918395996094, 15.1965284347535 ], [ -92.849029541015597, 15.2087488174438 ], [ -92.865135192871094, 15.209029197693001 ], [ -92.841529846191307, 15.1862487792969 ], [ -92.847915649414006, 15.1751384735107 ], [ -92.8709716796875, 15.1793069839479 ], [ -92.875137329101605, 15.188470840454199 ], [ -92.889305114745994, 15.194862365722701 ], [ -92.871246337890597, 15.177082061767599 ], [ -92.86319732666, 15.1740283966066 ], [ -92.864585876464801, 15.167083740234499 ], [ -92.954025268554702, 15.252637863159199 ], [ -92.952079772949105, 15.2595834732056 ], [ -92.957359313964801, 15.2631950378418 ], [ -92.955413818359304, 15.2595834732056 ], [ -92.957359313964801, 15.256251335144199 ], [ -93.040695190429702, 15.3337497711182 ], [ -93.044303894042997, 15.3451385498047 ], [ -93.063751220702997, 15.354027748108001 ], [ -93.229026794433494, 15.5026388168335 ], [ -93.172637939453097, 15.457915306091399 ], [ -93.162635803222599, 15.4545831680297 ], [ -93.163475036620994, 15.457915306091399 ], [ -93.223197937011705, 15.5012512207032 ], [ -93.221527099609403, 15.509026527404799 ], [ -93.234580993652301, 15.5073614120485 ], [ -93.317916870117202, 15.5806951522828 ], [ -93.280136108398395, 15.551527976989799 ] ] ], [ [ [ -94.101524353027301, 16.095138549804702 ], [ -94.094024658203097, 16.097917556762798 ], [ -94.067085266113196, 16.078470230102699 ], [ -94.056808471679602, 16.049026489257901 ], [ -94.033195495605497, 16.019304275512798 ], [ -93.979026794433594, 16.0034713745118 ], [ -93.969306945800795, 15.9926385879518 ], [ -94.000137329101506, 16.000139236450199 ], [ -94.107360839843594, 16.0529174804688 ], [ -94.096527099609403, 16.060861587524499 ], [ -94.100952148437401, 16.0781955718994 ], [ -94.071250915527301, 16.05930519104 ], [ -94.067085266113196, 16.061805725097699 ], [ -94.09375, 16.087638854980501 ], [ -94.100975036621094, 16.0865268707275 ], [ -94.101524353027301, 16.095138549804702 ] ] ], [ [ [ -92.859580993652301, 15.166527748108001 ], [ -92.860420227050696, 15.164584159851101 ], [ -92.857360839843693, 15.1643056869507 ], [ -92.856529235839801, 15.1634712219238 ], [ -92.860969543457003, 15.1634712219238 ], [ -92.86319732666, 15.167362213134901 ], [ -92.859580993652301, 15.166527748108001 ] ] ], [ [ [ -92.857635498046804, 15.1718063354493 ], [ -92.852638244628906, 15.1706943511963 ], [ -92.853195190429702, 15.162639617919901 ], [ -92.861251831054602, 15.172916412353599 ], [ -92.857635498046804, 15.1718063354493 ] ] ], [ [ [ -92.854026794433494, 15.173472404480099 ], [ -92.853469848632699, 15.1720819473268 ], [ -92.857635498046804, 15.1723623275757 ], [ -92.857086181640597, 15.174585342407299 ], [ -92.854026794433494, 15.173472404480099 ] ] ] ] } },
{ "type": "Feature", "properties": { "NAME_1": "Chihuahua" }, "geometry": { "type": "Polygon", "coordinates": [ [ [ -107.838043212890994, 26.390928268432599 ], [ -107.927536010742003, 26.509849548339901 ], [ -107.92610168457, 26.561767578125099 ], [ -107.933708190917997, 26.5844707489013 ], [ -107.94677734375, 26.598939895629901 ], [ -107.990249633789006, 26.6173610687256 ], [ -107.998596191405994, 26.6326198577881 ], [ -108.003227233887003, 26.656600952148601 ], [ -107.981323242187997, 26.7082710266113 ], [ -107.985809326172003, 26.735868453979599 ], [ -108.00456237793, 26.764640808105501 ], [ -107.987213134765994, 26.839160919189499 ], [ -108.012016296387003, 26.8771705627443 ], [ -108.029716491699006, 26.924259185791101 ], [ -108.078163146972997, 26.913501739501999 ], [ -108.108207702637003, 26.928970336914201 ], [ -108.112892150879006, 26.947080612182599 ], [ -108.099983215332003, 27.0064506530762 ], [ -108.111785888672003, 27.030229568481499 ], [ -108.149291992187997, 27.040531158447301 ], [ -108.339401245117003, 27.0318393707275 ], [ -108.400405883789006, 27.0458908081056 ], [ -108.481056213379006, 27.023330688476602 ], [ -108.622566223144005, 27.0890102386475 ], [ -108.625022888184006, 27.1043510437013 ], [ -108.603149414062003, 27.109582901001001 ], [ -108.590270996094006, 27.129962921142599 ], [ -108.611122131347997, 27.198118209838899 ], [ -108.612396240234006, 27.2363605499268 ], [ -108.58674621582, 27.280950546264702 ], [ -108.565277099609006, 27.3443298339844 ], [ -108.559036254882997, 27.4063110351563 ], [ -108.62377166748, 27.5536193847657 ], [ -108.66690826416, 27.613002777099702 ], [ -108.687469482422003, 27.682071685791101 ], [ -108.750205993652003, 27.727340698242301 ], [ -108.804779052734006, 27.747688293457099 ], [ -108.825675964355, 27.7706527709962 ], [ -108.79744720459, 27.8578186035157 ], [ -108.806396484375, 27.903671264648398 ], [ -108.858222961425994, 27.961410522461101 ], [ -108.895767211914006, 28.022609710693398 ], [ -108.952560424805, 28.038030624389801 ], [ -108.972206115722997, 28.0529708862306 ], [ -108.984336853027003, 28.073490142822202 ], [ -108.984916687012003, 28.101261138916101 ], [ -108.957153320312003, 28.163499832153299 ], [ -108.967376708984006, 28.176670074462798 ], [ -109.02303314209, 28.2088527679444 ], [ -109.031387329102003, 28.223068237304801 ], [ -108.988998413085994, 28.279462814331101 ], [ -108.888153076172003, 28.2970294952393 ], [ -108.830070495605, 28.326900482177798 ], [ -108.807670593262003, 28.3261108398437 ], [ -108.734657287597997, 28.2782802581788 ], [ -108.713180541992003, 28.2745895385743 ], [ -108.660057067870994, 28.312219619751101 ], [ -108.615379333495994, 28.3118629455568 ], [ -108.57341003418, 28.357812881469801 ], [ -108.530715942382997, 28.364681243896602 ], [ -108.505332946777003, 28.401639938354499 ], [ -108.603706359862997, 28.4409503936769 ], [ -108.654136657715, 28.4922199249268 ], [ -108.660316467285, 28.527509689331101 ], [ -108.637130737305, 28.5890502929688 ], [ -108.669738769530994, 28.641839981079102 ], [ -108.675025939940994, 28.671871185302699 ], [ -108.667259216309006, 28.7086086273194 ], [ -108.629470825195, 28.778480529785298 ], [ -108.608657836914006, 28.800859451294102 ], [ -108.622489929199006, 28.816440582275401 ], [ -108.639808654785, 28.884750366211101 ], [ -108.632843017577997, 28.912479400634901 ], [ -108.603622436522997, 28.946170806884801 ], [ -108.624389648437997, 28.993680953979499 ], [ -108.62491607666, 29.028551101684599 ], [ -108.616203308105, 29.042341232299801 ], [ -108.565795898437003, 29.0725708007813 ], [ -108.56965637207, 29.137008666992202 ], [ -108.561912536620994, 29.1670608520507 ], [ -108.551170349120994, 29.177852630615199 ], [ -108.506790161132997, 29.1904602050782 ], [ -108.495498657227003, 29.203550338745199 ], [ -108.505142211914006, 29.4068717956544 ], [ -108.498802185059006, 29.438341140746999 ], [ -108.464202880859006, 29.480791091918999 ], [ -108.467185974120994, 29.567100524902301 ], [ -108.48738861084, 29.666940689086999 ], [ -108.494827270507997, 29.7847595214844 ], [ -108.513656616210994, 29.809040069580099 ], [ -108.545936584472997, 29.813940048217901 ], [ -108.561378479004006, 29.838600158691499 ], [ -108.543746948242003, 29.899959564208899 ], [ -108.538459777832003, 30.010280609130898 ], [ -108.485107421875, 30.109371185302798 ], [ -108.481163024902003, 30.138349533081101 ], [ -108.542846679687997, 30.194240570068501 ], [ -108.552932739257997, 30.212619781494102 ], [ -108.549102783202997, 30.228548049926701 ], [ -108.515296936035, 30.246770858764599 ], [ -108.506523132324006, 30.2604999542237 ], [ -108.503273010254006, 30.303169250488299 ], [ -108.527778625487997, 30.395441055297798 ], [ -108.551956176757997, 30.429651260376001 ], [ -108.556617736815994, 30.4794006347657 ], [ -108.586517333984006, 30.534349441528299 ], [ -108.579986572265994, 30.573829650878999 ], [ -108.628150939940994, 30.6231594085694 ], [ -108.627532958984006, 30.6421298980713 ], [ -108.601440429687997, 30.704019546508899 ], [ -108.642150878905994, 30.729740142822301 ], [ -108.645523071289006, 30.813550949096701 ], [ -108.677871704102003, 30.833972930908299 ], [ -108.700996398925994, 30.864580154418999 ], [ -108.740547180175994, 30.884069442748999 ], [ -108.754776000977003, 30.904529571533299 ], [ -108.756050109862997, 30.920030593872099 ], [ -108.747688293457003, 30.929620742797901 ], [ -108.688690185547003, 30.930580139160298 ], [ -108.684432983397997, 30.947330474853501 ], [ -108.693061828612997, 30.981939315796001 ], [ -108.671882629395, 31.0428581237793 ], [ -108.68628692627, 31.101112365722599 ], [ -108.703926086425994, 31.134950637817401 ], [ -108.747200012207003, 31.187370300293001 ], [ -108.768058776855, 31.2530708312988 ], [ -108.728973388672003, 31.2865009307862 ], [ -108.728439331055, 31.294559478759901 ], [ -108.77214050293, 31.332765579223601 ], [ -108.209053039550994, 31.334020614623999 ], [ -108.209022521972997, 31.784521102905298 ], [ -106.529029846190994, 31.784490585327099 ], [ -106.527709960937003, 31.7743110656738 ], [ -106.488845825195, 31.7477626800538 ], [ -106.425491333007997, 31.751880645751999 ], [ -106.385139465332003, 31.733150482177699 ], [ -106.37491607666, 31.713159561157301 ], [ -106.349998474120994, 31.698120117187401 ], [ -106.336708068847997, 31.6664104461669 ], [ -106.306198120117003, 31.6278896331787 ], [ -106.280448913574006, 31.560291290283299 ], [ -106.250267028809006, 31.5459804534913 ], [ -106.221229553222997, 31.483579635620199 ], [ -106.20475769043, 31.4652805328369 ], [ -106.173370361327997, 31.4555892944337 ], [ -106.142906188965, 31.4298305511475 ], [ -106.110168457030994, 31.423402786254901 ], [ -106.077072143555, 31.397758483886701 ], [ -106.004623413085994, 31.391630172729499 ], [ -105.976692199707003, 31.369800567626999 ], [ -105.954788208007997, 31.364110946655298 ], [ -105.939613342285, 31.3182697296143 ], [ -105.908706665039006, 31.313970565795898 ], [ -105.896987915039006, 31.293090820312599 ], [ -105.869270324707003, 31.288150787353501 ], [ -105.785690307617003, 31.199670791626001 ], [ -105.77214050293, 31.167430877685501 ], [ -105.735900878905994, 31.162450790405401 ], [ -105.713920593262003, 31.139329910278299 ], [ -105.654151916504006, 31.1190605163575 ], [ -105.641616821289006, 31.100479125976602 ], [ -105.601776123047003, 31.081449508666999 ], [ -105.560333251952997, 30.992021560669102 ], [ -105.53360748291, 30.983690261840799 ], [ -105.519569396972997, 30.966150283813501 ], [ -105.501396179199006, 30.966131210327202 ], [ -105.491226196289006, 30.941930770874102 ], [ -105.468299865722997, 30.926588058471701 ], [ -105.454956054687997, 30.9267902374269 ], [ -105.455917358397997, 30.917131423950199 ], [ -105.447456359862997, 30.918462753296001 ], [ -105.401710510254006, 30.888671875 ], [ -105.403762817382997, 30.879409790039102 ], [ -105.394798278809006, 30.872991561889599 ], [ -105.399291992187997, 30.852170944213899 ], [ -105.366050720215, 30.849670410156399 ], [ -105.353012084960994, 30.837940216064599 ], [ -105.342086791992003, 30.842130661010799 ], [ -105.308135986327997, 30.812189102173001 ], [ -105.300987243652003, 30.8253498077394 ], [ -105.292518615722997, 30.826208114624102 ], [ -105.260772705077997, 30.797058105468899 ], [ -105.217613220215, 30.805509567260799 ], [ -105.212326049805, 30.797981262207099 ], [ -105.219566345215, 30.786199569702099 ], [ -105.196479797362997, 30.7918605804444 ], [ -105.178031921387003, 30.76983833313 ], [ -105.166831970215, 30.778150558471602 ], [ -105.15837097168, 30.770759582519499 ], [ -105.161552429199006, 30.753679275512699 ], [ -105.113708496094006, 30.746749877929702 ], [ -105.113906860352003, 30.733011245727699 ], [ -105.099632263184006, 30.717649459838999 ], [ -105.088417053222997, 30.717250823974702 ], [ -105.084808349609006, 30.701850891113398 ], [ -105.064376831055, 30.6986694335937 ], [ -105.064819335937997, 30.6885795593262 ], [ -105.047912597655994, 30.6820297241212 ], [ -105.045722961425994, 30.689460754394599 ], [ -105.031433105469006, 30.682331085205199 ], [ -105.004417419432997, 30.6844711303712 ], [ -104.988670349120994, 30.661830902099702 ], [ -104.975090026855, 30.613470077514702 ], [ -104.935020446777003, 30.6015300750732 ], [ -104.921951293945, 30.605319976806602 ], [ -104.920928955077997, 30.5884304046631 ], [ -104.90128326416, 30.570989608764801 ], [ -104.868492126465, 30.493232727050898 ], [ -104.867622375487997, 30.442899703979499 ], [ -104.848648071289006, 30.418100357055799 ], [ -104.856781005859006, 30.4122409820557 ], [ -104.856910705565994, 30.387510299682699 ], [ -104.836563110352003, 30.375120162963999 ], [ -104.819061279297003, 30.3749809265137 ], [ -104.812461853027003, 30.361980438232401 ], [ -104.821998596190994, 30.352859497070298 ], [ -104.811965942382997, 30.335441589355501 ], [ -104.795066833495994, 30.327470779418999 ], [ -104.779556274414006, 30.306619644165 ], [ -104.765579223632997, 30.303110122680799 ], [ -104.763542175292997, 30.2770900726318 ], [ -104.749542236327997, 30.273107528686499 ], [ -104.751083374022997, 30.2629718780518 ], [ -104.732490539550994, 30.26194190979 ], [ -104.708251953125, 30.2364101409913 ], [ -104.705596923827997, 30.2085781097413 ], [ -104.687370300292997, 30.167211532592901 ], [ -104.687522888184006, 30.142009735107401 ], [ -104.697517395019005, 30.1319599151612 ], [ -104.687927246094006, 30.084249496460099 ], [ -104.70775604248, 30.052240371704201 ], [ -104.697113037109006, 30.0412406921388 ], [ -104.705673217772997, 30.0248317718506 ], [ -104.690795898437997, 30.014020919799901 ], [ -104.68766784668, 29.986650466919102 ], [ -104.693412780762003, 29.976318359375099 ], [ -104.683776855469006, 29.973981857299901 ], [ -104.683952331542997, 29.958391189575298 ], [ -104.675849914550994, 29.955070495605501 ], [ -104.68962097168, 29.9375228881837 ], [ -104.686080932617003, 29.9216327667237 ], [ -104.677658081055, 29.903190612793001 ], [ -104.660308837890994, 29.903932571411101 ], [ -104.658531188965, 29.891180038452301 ], [ -104.634185791015994, 29.870660781860401 ], [ -104.624900817870994, 29.845840454101701 ], [ -104.611526489257997, 29.842279434204201 ], [ -104.619781494140994, 29.829561233520501 ], [ -104.608695983887003, 29.829109191894499 ], [ -104.609786987305, 29.820350646972699 ], [ -104.571136474609006, 29.778419494628899 ], [ -104.569702148437003, 29.752340316772599 ], [ -104.552772521972997, 29.741130828857401 ], [ -104.560920715332003, 29.736200332641701 ], [ -104.551116943359006, 29.730190277099702 ], [ -104.546287536620994, 29.699670791626001 ], [ -104.531646728515994, 29.6915607452393 ], [ -104.544288635254006, 29.682319641113299 ], [ -104.536666870117003, 29.6679706573487 ], [ -104.526733398437997, 29.668840408325298 ], [ -104.51335144043, 29.6354503631593 ], [ -104.497276306152003, 29.639331817626999 ], [ -104.469482421875, 29.6207504272462 ], [ -104.465217590332003, 29.609920501708999 ], [ -104.398429870605, 29.572240829467798 ], [ -104.382392883300994, 29.5431098937988 ], [ -104.354972839355, 29.540542602539102 ], [ -104.35230255127, 29.529640197753999 ], [ -104.336120605469006, 29.521110534668001 ], [ -104.313133239745994, 29.5330410003662 ], [ -104.308486938477003, 29.524499893188601 ], [ -104.250427246094006, 29.5070705413819 ], [ -104.237396240234006, 29.498401641845799 ], [ -104.231323242187997, 29.482120513916001 ], [ -104.212532043457003, 29.483770370483501 ], [ -104.214706420897997, 29.454320907592798 ], [ -104.182426452637003, 29.427581787109499 ], [ -104.166107177734006, 29.394720077514801 ], [ -104.125099182129006, 29.380680084228601 ], [ -104.119941711425994, 29.371700286865298 ], [ -104.10856628418, 29.374891281128001 ], [ -104.088500976562003, 29.349950790405298 ], [ -104.052932739257997, 29.328800201416101 ], [ -103.974502563477003, 29.297290802001999 ], [ -103.928382873535, 29.2952995300294 ], [ -103.891616821289006, 29.281030654907202 ], [ -103.847717285155994, 29.281681060791101 ], [ -103.832679748535, 29.2730407714844 ], [ -103.811798095702997, 29.273771286010899 ], [ -103.79914855957, 29.259992599487401 ], [ -103.783210754394005, 29.266061782836999 ], [ -103.775260925292997, 29.252109527587901 ], [ -103.779823303222997, 29.2257919311525 ], [ -103.771240234375, 29.2210407257081 ], [ -103.759757995605, 29.23291015625 ], [ -103.757698059082003, 29.221969604492301 ], [ -103.745086669922003, 29.2205696105956 ], [ -103.722068786620994, 29.184640884399499 ], [ -103.65934753418, 29.171640396118299 ], [ -103.649337768555, 29.157751083374102 ], [ -103.61311340332, 29.164930343627901 ], [ -103.583786010742003, 29.151220321655298 ], [ -103.555389404297003, 29.158590316772599 ], [ -103.548606872559006, 29.146419525146499 ], [ -103.526901245117003, 29.139320373535199 ], [ -103.523582458495994, 29.122449874877901 ], [ -103.503509521484006, 29.1166706085206 ], [ -103.490081787109006, 29.095069885253999 ], [ -103.471397399902003, 29.085119247436602 ], [ -103.474746704102003, 29.065269470214801 ], [ -103.454193115234006, 29.072362899780401 ], [ -103.432189941405994, 29.044599533081101 ], [ -103.38948059082, 29.0330905914307 ], [ -103.385459899902003, 29.024240493774499 ], [ -103.406005859375, 28.998109817505 ], [ -103.423950195312003, 28.9551506042481 ], [ -103.475646972655994, 28.878488540649499 ], [ -103.467903137207003, 28.860771179199201 ], [ -103.401809692382997, 28.840610504150501 ], [ -103.39769744873, 28.829339981079102 ], [ -103.409545898437997, 28.8029403686525 ], [ -103.432609558105, 28.773809432983501 ], [ -103.465896606445, 28.784919738769599 ], [ -103.489356994629006, 28.778079986572301 ], [ -103.514793395995994, 28.739540100097699 ], [ -103.558181762695, 28.637630462646602 ], [ -103.619781494140994, 28.5925197601318 ], [ -103.681762695312003, 28.5742912292481 ], [ -103.703269958495994, 28.530460357666101 ], [ -103.781951904297003, 28.429340362548899 ], [ -103.797943115234006, 28.399061203003001 ], [ -103.770042419434006, 28.3636398315431 ], [ -103.763397216797003, 28.341579437255898 ], [ -103.796829223632997, 28.308349609375099 ], [ -103.81453704834, 28.250761032104499 ], [ -103.875129699707003, 28.146640777587901 ], [ -103.886856079102003, 28.097530364990199 ], [ -103.907112121582003, 28.058771133422901 ], [ -103.931076049805, 28.045259475708001 ], [ -103.993949890137003, 28.071289062499901 ], [ -104.002540588379006, 28.068080902099702 ], [ -104.002372741699006, 28.0152702331544 ], [ -103.95726776123, 28.009019851684599 ], [ -103.936851501465, 27.9658603668212 ], [ -103.958351135254006, 27.936510086059599 ], [ -104.027389526367003, 27.926929473876999 ], [ -104.024719238280994, 27.905351638794102 ], [ -103.995216369629006, 27.866321563720799 ], [ -103.999557495117003, 27.8461303710938 ], [ -104.02465057373, 27.822280883789102 ], [ -103.993606567382997, 27.7890090942382 ], [ -103.987899780272997, 27.763788223266701 ], [ -104.031303405762003, 27.722610473632901 ], [ -104.031143188477003, 27.7121696472169 ], [ -104.002510070800994, 27.5689201354981 ], [ -103.953948974609006, 27.543581008911101 ], [ -103.944519042969006, 27.514289855957099 ], [ -103.940902709960994, 27.476520538330099 ], [ -103.956703186035, 27.455869674682699 ], [ -103.959815979004006, 27.435939788818398 ], [ -103.932876586914006, 27.304901123046999 ], [ -103.924186706542997, 27.132501602173001 ], [ -103.902191162109006, 27.108167648315501 ], [ -103.82950592041, 27.0800380706787 ], [ -103.845756530762003, 27.0248908996582 ], [ -103.891906738280994, 27.023450851440501 ], [ -103.936408996582003, 26.9863815307618 ], [ -104.006156921387003, 26.962869644165099 ], [ -104.011222839355, 26.9550704956056 ], [ -103.993461608887003, 26.926610946655401 ], [ -103.998519897460994, 26.890460968017599 ], [ -103.991767883300994, 26.866970062255898 ], [ -103.911506652832003, 26.811580657958899 ], [ -103.86856842041, 26.745719909668001 ], [ -103.906883239745994, 26.7346706390381 ], [ -103.958290100097997, 26.768060684204102 ], [ -103.983306884765994, 26.7382106781006 ], [ -103.989692687987997, 26.755460739135799 ], [ -103.972297668457003, 26.775640487670898 ], [ -103.994232177734006, 26.781040191650501 ], [ -104.077690124512003, 26.766731262206999 ], [ -104.132247924805, 26.7423496246338 ], [ -104.159767150879006, 26.7435398101807 ], [ -104.192649841307997, 26.762540817260799 ], [ -104.211647033690994, 26.7386283874512 ], [ -104.227210998535, 26.733499526977699 ], [ -104.284973144530994, 26.743921279907301 ], [ -104.307266235352003, 26.778141021728601 ], [ -104.36897277832, 26.788150787353501 ], [ -104.410713195800994, 26.818452835083001 ], [ -104.430572509765994, 26.818380355835 ], [ -104.457901000977003, 26.804519653320401 ], [ -104.463882446289006, 26.7735500335693 ], [ -104.446868896484006, 26.758489608764702 ], [ -104.385047912597997, 26.7541694641113 ], [ -104.380172729492003, 26.7395305633544 ], [ -104.388031005859006, 26.718420028686499 ], [ -104.484962463379006, 26.705850601196399 ], [ -104.528198242187997, 26.653409957885799 ], [ -104.598297119140994, 26.627702713012699 ], [ -104.668510437012003, 26.524919509887699 ], [ -104.659942626952997, 26.4715099334718 ], [ -104.669731140137003, 26.443721771240199 ], [ -104.695953369140994, 26.434209823608398 ], [ -104.756149291992003, 26.4422702789306 ], [ -104.835968017577997, 26.408140182495199 ], [ -104.864448547362997, 26.417270660400401 ], [ -104.933166503905994, 26.459831237793001 ], [ -104.99919128418, 26.5265102386475 ], [ -105.040481567382997, 26.518970489502099 ], [ -105.061126708984006, 26.5248107910156 ], [ -105.13355255127, 26.520809173583999 ], [ -105.201393127440994, 26.558710098266701 ], [ -105.214241027832003, 26.552192687988299 ], [ -105.212852478027003, 26.518011093139702 ], [ -105.276496887207003, 26.49294090271 ], [ -105.306701660155994, 26.467109680175799 ], [ -105.320251464844006, 26.468770980835 ], [ -105.336563110352003, 26.488439559936602 ], [ -105.398620605469006, 26.452959060668899 ], [ -105.414916992187997, 26.4764308929444 ], [ -105.436096191405994, 26.4769096374512 ], [ -105.466377258300994, 26.492099761962798 ], [ -105.525848388672003, 26.4835300445557 ], [ -105.541175842285, 26.497180938720799 ], [ -105.569732666015994, 26.5511283874512 ], [ -105.596786499022997, 26.553380966186499 ], [ -105.635612487792997, 26.541030883788999 ], [ -105.657928466797003, 26.576990127563501 ], [ -105.711242675780994, 26.582960128784201 ], [ -105.773422241210994, 26.632041931152301 ], [ -105.80623626709, 26.6249294281006 ], [ -105.843521118164006, 26.635370254516701 ], [ -105.862121582030994, 26.6627006530762 ], [ -105.89274597168, 26.669609069824201 ], [ -105.907096862792997, 26.683290481567401 ], [ -105.934677124022997, 26.7193717956544 ], [ -105.945960998535, 26.753152847290199 ], [ -105.987617492675994, 26.761289596557599 ], [ -106.056526184082003, 26.802881240844801 ], [ -106.114807128905994, 26.807369232177798 ], [ -106.141799926757997, 26.8395404815675 ], [ -106.160301208495994, 26.832248687744102 ], [ -106.172286987305, 26.8201408386232 ], [ -106.17684173584, 26.784009933471701 ], [ -106.187286376952997, 26.768060684204102 ], [ -106.253387451172003, 26.7512607574462 ], [ -106.248970031737997, 26.687210083007901 ], [ -106.27906036377, 26.659940719604599 ], [ -106.310317993164006, 26.548570632934599 ], [ -106.311309814452997, 26.478660583496001 ], [ -106.345176696777003, 26.436019897461001 ], [ -106.339088439940994, 26.419450759887699 ], [ -106.294631958007997, 26.401649475097699 ], [ -106.296241760254006, 26.3613204956056 ], [ -106.317810058594006, 26.335269927978601 ], [ -106.37947845459, 26.315120697021499 ], [ -106.417747497559006, 26.284980773925799 ], [ -106.422576904297003, 26.271289825439499 ], [ -106.414878845215, 26.248081207275401 ], [ -106.422080993652003, 26.2305698394775 ], [ -106.462097167969006, 26.2364902496338 ], [ -106.475646972655994, 26.2316398620606 ], [ -106.47811126709, 26.2181301116943 ], [ -106.459381103515994, 26.1527404785156 ], [ -106.464111328125, 26.146030426025401 ], [ -106.497749328612997, 26.141130447387699 ], [ -106.567329406737997, 26.004129409790199 ], [ -106.566650390625, 25.983169555664102 ], [ -106.51390838623, 25.900711059570401 ], [ -106.506469726562003, 25.867870330810501 ], [ -106.513313293457003, 25.845550537109499 ], [ -106.600471496582003, 25.735410690307699 ], [ -106.674140930175994, 25.677310943603501 ], [ -106.732231140137003, 25.645839691162099 ], [ -106.756828308105, 25.605712890625 ], [ -106.781303405762003, 25.587100982666001 ], [ -106.807327270507997, 25.597551345825199 ], [ -106.833831787109006, 25.6416110992432 ], [ -106.906356811522997, 25.649837493896499 ], [ -106.940986633300994, 25.6897201538087 ], [ -106.989608764647997, 25.674280166626001 ], [ -107.038726806640994, 25.697650909423899 ], [ -107.054580688477003, 25.748319625854499 ], [ -107.076042175292997, 25.748939514160199 ], [ -107.136962890625, 25.726209640502901 ], [ -107.159332275390994, 25.6963195800781 ], [ -107.244880676269005, 25.7975807189943 ], [ -107.26863861084, 25.9144897460938 ], [ -107.329978942870994, 25.9983005523682 ], [ -107.384010314940994, 26.090692520141701 ], [ -107.401466369629006, 26.1020107269288 ], [ -107.444747924805, 26.1107997894288 ], [ -107.58602142334, 26.123451232910298 ], [ -107.75, 26.156681060791101 ], [ -107.773796081542997, 26.2117404937744 ], [ -107.790596008300994, 26.299900054931602 ], [ -107.838043212890994, 26.390928268432599 ] ] ] } },
{ "type": "Feature", "properties": { "NAME_1": "Coahuila" }, "geometry": { "type": "Polygon", "coordinates": [ [ [ -103.127471923827997, 24.804349899291999 ], [ -103.15168762207, 24.8106708526612 ], [ -103.180038452147997, 24.833280563354599 ], [ -103.205940246582003, 24.832138061523501 ], [ -103.262336730957003, 24.860570907592901 ], [ -103.28002166748, 24.885931015014801 ], [ -103.309700012207003, 24.898500442504901 ], [ -103.330146789550994, 24.921281814575298 ], [ -103.340408325195, 24.9368400573732 ], [ -103.340126037597997, 24.9869918823243 ], [ -103.36205291748, 25.050519943237401 ], [ -103.464233398437003, 25.124801635742301 ], [ -103.47762298584, 25.17578125 ], [ -103.543991088867003, 25.241020202636701 ], [ -103.566390991210994, 25.303541183471701 ], [ -103.568351745605, 25.3409194946288 ], [ -103.580841064452997, 25.371749877929702 ], [ -103.556602478027003, 25.403610229492202 ], [ -103.524772644042997, 25.425001144409201 ], [ -103.43660736084, 25.436122894287202 ], [ -103.438735961914006, 25.450090408325199 ], [ -103.466751098632997, 25.4858112335206 ], [ -103.526626586914006, 25.499658584594702 ], [ -103.546806335449006, 25.524879455566499 ], [ -103.548072814940994, 25.544561386108501 ], [ -103.487190246582003, 25.634201049804702 ], [ -103.444648742675994, 25.663461685180799 ], [ -103.434997558594006, 25.705419540405298 ], [ -103.416625976562003, 25.7305297851563 ], [ -103.395477294922003, 25.786302566528398 ], [ -103.410057067870994, 25.854000091552798 ], [ -103.444763183594006, 25.937650680542099 ], [ -103.451736450195, 26.021530151367202 ], [ -103.435546875, 26.091709136963001 ], [ -103.509407043457003, 26.257961273193398 ], [ -103.490051269530994, 26.370040893554702 ], [ -103.522666931152003, 26.4856491088868 ], [ -103.547409057617003, 26.532550811767599 ], [ -103.638877868652003, 26.609119415283299 ], [ -103.704399108887003, 26.685329437255898 ], [ -103.720649719237997, 26.695209503173899 ], [ -103.849906921387003, 26.727148056030298 ], [ -103.911506652832003, 26.811580657958899 ], [ -103.983917236327997, 26.860170364379801 ], [ -103.997695922852003, 26.879730224609499 ], [ -103.993461608887003, 26.926610946655401 ], [ -104.010856628417997, 26.960100173950298 ], [ -103.940567016602003, 26.984069824218899 ], [ -103.891906738280994, 27.023450851440501 ], [ -103.845756530762003, 27.0248908996582 ], [ -103.82950592041, 27.0800380706787 ], [ -103.902191162109006, 27.108167648315501 ], [ -103.924186706542997, 27.132501602173001 ], [ -103.932876586914006, 27.304901123046999 ], [ -103.959815979004006, 27.435939788818398 ], [ -103.956703186035, 27.455869674682699 ], [ -103.940902709960994, 27.476520538330099 ], [ -103.944519042969006, 27.514289855957099 ], [ -103.953948974609006, 27.543581008911101 ], [ -104.002510070800994, 27.5689201354981 ], [ -104.031143188477003, 27.7121696472169 ], [ -104.031303405762003, 27.722610473632901 ], [ -103.987899780272997, 27.763788223266701 ], [ -103.993606567382997, 27.7890090942382 ], [ -104.02465057373, 27.822280883789102 ], [ -103.999557495117003, 27.8461303710938 ], [ -103.995216369629006, 27.866321563720799 ], [ -104.024719238280994, 27.905351638794102 ], [ -104.027389526367003, 27.926929473876999 ], [ -103.958351135254006, 27.936510086059599 ], [ -103.936851501465, 27.9658603668212 ], [ -103.95726776123, 28.009019851684599 ], [ -104.002372741699006, 28.0152702331544 ], [ -104.002006530762003, 28.0706100463868 ], [ -103.931076049805, 28.045259475708001 ], [ -103.907112121582003, 28.058771133422901 ], [ -103.886856079102003, 28.097530364990199 ], [ -103.875129699707003, 28.146640777587901 ], [ -103.81453704834, 28.250761032104499 ], [ -103.796829223632997, 28.308349609375099 ], [ -103.763397216797003, 28.341579437255898 ], [ -103.770042419434006, 28.3636398315431 ], [ -103.797943115234006, 28.399061203003001 ], [ -103.781951904297003, 28.429340362548899 ], [ -103.703269958495994, 28.530460357666101 ], [ -103.681762695312003, 28.5742912292481 ], [ -103.619781494140994, 28.5925197601318 ], [ -103.558181762695, 28.637630462646602 ], [ -103.514793395995994, 28.739540100097699 ], [ -103.489356994629006, 28.778079986572301 ], [ -103.465896606445, 28.784919738769599 ], [ -103.432609558105, 28.773809432983501 ], [ -103.417419433594006, 28.790550231933501 ], [ -103.400596618652003, 28.8194694519043 ], [ -103.401809692382997, 28.840610504150501 ], [ -103.467903137207003, 28.860771179199201 ], [ -103.475646972655994, 28.878488540649499 ], [ -103.385559082030994, 29.024625778198299 ], [ -103.360305786132997, 29.0206909179688 ], [ -103.347198486327997, 29.044511795043899 ], [ -103.330383300780994, 29.041360855102699 ], [ -103.329521179199006, 29.032659530639702 ], [ -103.343276977539006, 29.0248928070069 ], [ -103.332061767577997, 29.017890930175898 ], [ -103.311508178710994, 29.025409698486399 ], [ -103.316009521484006, 29.007369995117301 ], [ -103.290252685547003, 29.001728057861399 ], [ -103.285713195800994, 28.978910446167099 ], [ -103.268119812012003, 28.995521545410199 ], [ -103.250862121582003, 28.980430603027401 ], [ -103.227752685547003, 28.988929748535199 ], [ -103.191131591797003, 28.984970092773398 ], [ -103.165061950684006, 28.9705924987794 ], [ -103.117088317870994, 28.9834594726563 ], [ -103.114280700684006, 29.006040573120099 ], [ -103.098686218262003, 29.0211811065675 ], [ -103.105583190917997, 29.0384311676025 ], [ -103.100608825684006, 29.058771133422798 ], [ -103.086410522460994, 29.0555019378662 ], [ -103.074737548827997, 29.0925598144532 ], [ -103.036872863769005, 29.098220825195298 ], [ -103.035331726074006, 29.113410949707099 ], [ -103.018020629882997, 29.125370025634901 ], [ -102.99828338623, 29.1566696166993 ], [ -102.997467041015994, 29.177801132202202 ], [ -102.972709655762003, 29.1862812042237 ], [ -102.954582214355, 29.1757717132569 ], [ -102.940460205077997, 29.189920425415099 ], [ -102.918098449707003, 29.192819595336999 ], [ -102.914756774902003, 29.216770172119102 ], [ -102.896713256835994, 29.208530426025501 ], [ -102.867942810059006, 29.222150802612301 ], [ -102.873336791992003, 29.242652893066399 ], [ -102.907836914062003, 29.258249282836999 ], [ -102.890632629395, 29.2894401550293 ], [ -102.88387298584, 29.350631713867202 ], [ -102.842788696289006, 29.358140945434599 ], [ -102.845916748047003, 29.3731994628907 ], [ -102.818176269530994, 29.398490905761701 ], [ -102.832916259765994, 29.410539627075199 ], [ -102.827346801757997, 29.4214992523193 ], [ -102.831939697265994, 29.4391403198243 ], [ -102.821823120117003, 29.4495029449463 ], [ -102.826156616210994, 29.453968048095799 ], [ -102.816070556640994, 29.480819702148398 ], [ -102.802612304687997, 29.485761642456101 ], [ -102.808052062987997, 29.522760391235401 ], [ -102.791915893555, 29.541971206665 ], [ -102.774772644042997, 29.5465412139893 ], [ -102.774490356445, 29.5694694519043 ], [ -102.762092590332003, 29.575279235839801 ], [ -102.767486572265994, 29.595769882202301 ], [ -102.741790771484006, 29.595960617065501 ], [ -102.74153137207, 29.635850906372099 ], [ -102.694946289062003, 29.672758102416999 ], [ -102.697319030762003, 29.6969909667969 ], [ -102.671516418457003, 29.7439193725587 ], [ -102.65438079834, 29.734249114990199 ], [ -102.627090454102003, 29.7353706359863 ], [ -102.613243103027003, 29.746240615844702 ], [ -102.574058532715, 29.7540512084962 ], [ -102.566696166992003, 29.7707195281982 ], [ -102.546966552734006, 29.745059967041101 ], [ -102.512382507324006, 29.765569686889599 ], [ -102.513450622559006, 29.783411026001001 ], [ -102.482933044434006, 29.783201217651399 ], [ -102.476890563965, 29.774629592895501 ], [ -102.466583251952997, 29.7812805175781 ], [ -102.387641906737997, 29.761039733886701 ], [ -102.388252258300994, 29.782100677490199 ], [ -102.377487182617003, 29.791959762573299 ], [ -102.363250732422003, 29.845870971679801 ], [ -102.340171813965, 29.866979598999102 ], [ -102.32682800293, 29.860399246215898 ], [ -102.318901062012003, 29.877969741821399 ], [ -102.30094909668, 29.876060485839801 ], [ -102.281616210937997, 29.862720489502099 ], [ -102.26490020752, 29.8671894073487 ], [ -102.258659362792997, 29.850830078125099 ], [ -102.244766235352003, 29.862569808960099 ], [ -102.244873046875, 29.846540451049901 ], [ -102.224182128905994, 29.840549468994201 ], [ -102.196182250977003, 29.836530685424801 ], [ -102.189102172852003, 29.847211837768601 ], [ -102.18221282959, 29.8455200195312 ], [ -102.18009185791, 29.824951171875 ], [ -102.167472839355, 29.8247394561769 ], [ -102.140548706055, 29.800989151001001 ], [ -102.069702148437997, 29.786331176757901 ], [ -102.041366577147997, 29.789150238037099 ], [ -102.032272338867003, 29.803979873657202 ], [ -102.014251708984006, 29.798360824585 ], [ -101.997619628905994, 29.806451797485298 ], [ -101.986396789550994, 29.798870086669901 ], [ -101.976303100585994, 29.8164596557618 ], [ -101.96565246582, 29.811162948608398 ], [ -101.961647033690994, 29.797491073608501 ], [ -101.934326171875, 29.798891067504901 ], [ -101.930313110352003, 29.784299850463899 ], [ -101.909072875977003, 29.797960281372099 ], [ -101.874839782715, 29.795810699463001 ], [ -101.853523254395, 29.80717086792 ], [ -101.823143005370994, 29.7888908386231 ], [ -101.819961547852003, 29.811389923095799 ], [ -101.805603027344006, 29.803840637207099 ], [ -101.816360473632997, 29.7912998199463 ], [ -101.807189941405994, 29.780460357666101 ], [ -101.791381835937003, 29.77889251709 ], [ -101.781639099120994, 29.790500640869102 ], [ -101.738166809082003, 29.773330688476602 ], [ -101.721397399902003, 29.7758903503419 ], [ -101.709053039550994, 29.763259887695401 ], [ -101.687103271484006, 29.7700099945069 ], [ -101.677406311035, 29.758710861206101 ], [ -101.663436889647997, 29.7699203491212 ], [ -101.64525604248, 29.7541618347169 ], [ -101.625587463379006, 29.769580841064499 ], [ -101.576179504395, 29.769840240478601 ], [ -101.569808959960994, 29.79421043396 ], [ -101.545936584472997, 29.811500549316499 ], [ -101.537307739257997, 29.799711227416999 ], [ -101.538139343262003, 29.7593898773194 ], [ -101.503562927245994, 29.7653694152832 ], [ -101.458763122559006, 29.7888793945312 ], [ -101.447036743164006, 29.749649047851602 ], [ -101.403778076172003, 29.770820617675799 ], [ -101.399436950682997, 29.763090133666999 ], [ -101.417556762695, 29.746831893921001 ], [ -101.398406982422003, 29.7333297729493 ], [ -101.398048400879006, 29.711349487304702 ], [ -101.374732971190994, 29.6992702484131 ], [ -101.376525878905994, 29.681381225586001 ], [ -101.363960266112997, 29.650840759277401 ], [ -101.338409423827997, 29.661239624023601 ], [ -101.30623626709, 29.652931213378899 ], [ -101.302368164062003, 29.640140533447401 ], [ -101.313598632812003, 29.586860656738398 ], [ -101.307685852050994, 29.577760696411101 ], [ -101.286628723145, 29.572509765625099 ], [ -101.277519226074006, 29.594160079956101 ], [ -101.277946472167997, 29.6216526031494 ], [ -101.26286315918, 29.630529403686499 ], [ -101.249130249022997, 29.624731063842901 ], [ -101.251930236815994, 29.601331710815401 ], [ -101.24356842041, 29.5684299468994 ], [ -101.262435913085994, 29.533840179443398 ], [ -101.259132385254006, 29.5228805541993 ], [ -101.178840637207003, 29.515079498291001 ], [ -101.15209197998, 29.475950241088999 ], [ -101.127487182617003, 29.477119445800799 ], [ -101.114273071289006, 29.467630386352599 ], [ -101.093902587890994, 29.471969604492202 ], [ -101.06388092041, 29.459430694580099 ], [ -101.012008666992003, 29.370990753173899 ], [ -100.969383239745994, 29.3489208221437 ], [ -100.94896697998, 29.346807479858501 ], [ -100.938858032227003, 29.3313007354737 ], [ -100.889472961425994, 29.3083400726319 ], [ -100.877136230469006, 29.2804698944093 ], [ -100.842491149902003, 29.2642307281494 ], [ -100.817390441894005, 29.262132644653299 ], [ -100.819923400879006, 29.253400802612401 ], [ -100.798416137695, 29.2453098297119 ], [ -100.799308776855, 29.2287902832032 ], [ -100.78360748291, 29.224781036376999 ], [ -100.779228210449006, 29.2027912139893 ], [ -100.768707275390994, 29.195531845092798 ], [ -100.777893066405994, 29.171609878540099 ], [ -100.741188049315994, 29.151689529418899 ], [ -100.732681274414006, 29.134321212768601 ], [ -100.67977142334, 29.105760574340799 ], [ -100.666511535644005, 29.078319549560501 ], [ -100.651306152344006, 29.001329421997202 ], [ -100.652450561522997, 28.946710586547901 ], [ -100.630401611327997, 28.921140670776499 ], [ -100.643356323242003, 28.914180755615298 ], [ -100.634429931640994, 28.903680801391701 ], [ -100.621978759765994, 28.908340454101602 ], [ -100.604766845702997, 28.901100158691499 ], [ -100.607810974120994, 28.8909797668456 ], [ -100.592178344727003, 28.886480331420898 ], [ -100.599906921387003, 28.877260208129901 ], [ -100.594100952147997, 28.863979339599702 ], [ -100.575790405272997, 28.8484706878663 ], [ -100.578269958495994, 28.830560684204201 ], [ -100.551216125487997, 28.827020645141701 ], [ -100.537567138672003, 28.805059432983398 ], [ -100.533638000487997, 28.758712768554702 ], [ -100.520118713379006, 28.7550983428956 ], [ -100.509101867675994, 28.7377128601075 ], [ -100.512466430664006, 28.694530487060501 ], [ -100.501899719237997, 28.662429809570298 ], [ -100.466506958007997, 28.641920089721602 ], [ -100.44938659668, 28.6401596069337 ], [ -100.448722839355, 28.611679077148398 ], [ -100.398323059082003, 28.5843181610107 ], [ -100.413673400879006, 28.5447597503663 ], [ -100.387626647949006, 28.514999389648398 ], [ -100.336311340332003, 28.499090194702099 ], [ -100.342987060547003, 28.4871215820312 ], [ -100.370376586914006, 28.476011276245099 ], [ -100.341293334960994, 28.4480705261232 ], [ -100.338119506835994, 28.432920455932599 ], [ -100.348297119140994, 28.392450332641701 ], [ -100.290626525879006, 28.314939498901399 ], [ -100.292053222655994, 28.276790618896602 ], [ -100.253723144530994, 28.236890792846701 ], [ -100.223266601562003, 28.234201431274499 ], [ -100.20768737793, 28.192390441894599 ], [ -100.163803100585994, 28.169471740722798 ], [ -100.085906982422003, 28.146570205688501 ], [ -100.05753326416, 28.107500076293999 ], [ -100.050819396972997, 28.0831298828125 ], [ -100.018356323242003, 28.0665798187256 ], [ -100.010643005370994, 28.0302410125732 ], [ -99.984382629394503, 27.994359970092901 ], [ -99.938079833984403, 27.981920242309599 ], [ -99.942222595214702, 27.9451198577882 ], [ -99.923728942871094, 27.920721054077301 ], [ -99.899566650390597, 27.9050598144532 ], [ -99.909378051757798, 27.873310089111399 ], [ -99.882698059082003, 27.840610504150401 ], [ -99.881217956542997, 27.797800064086999 ], [ -99.854530334472699, 27.7940902709962 ], [ -99.843360900878906, 27.7648410797119 ], [ -99.853767395019503, 27.743291854858501 ], [ -99.878982543945298, 27.722110748291101 ], [ -99.935173034667997, 27.7133903503418 ], [ -100.01180267334, 27.6669101715088 ], [ -100.039001464844006, 27.666641235351602 ], [ -100.089813232422003, 27.6821594238282 ], [ -100.180763244629006, 27.684320449829201 ], [ -100.232086181640994, 27.699670791626001 ], [ -100.379257202147997, 27.690670013427798 ], [ -100.40225982666, 27.6828708648682 ], [ -100.423866271972997, 27.667890548706101 ], [ -100.446449279785, 27.584989547729499 ], [ -100.520431518555, 27.479171752929702 ], [ -100.524963378905994, 27.450260162353601 ], [ -100.51538848877, 27.390979766845799 ], [ -100.53076171875, 27.368450164795 ], [ -100.633331298827997, 27.369190216064499 ], [ -100.716926574707003, 27.336381912231602 ], [ -100.764488220215, 27.350009918213001 ], [ -100.802375793457003, 27.322389602661101 ], [ -100.844131469727003, 27.275499343872099 ], [ -100.885513305664006, 27.206569671631001 ], [ -100.885070800780994, 27.1344699859619 ], [ -100.875137329102003, 27.0872516632081 ], [ -100.750419616699006, 27.0107727050782 ], [ -100.738845825195, 27.015037536621101 ], [ -100.724800109862997, 27.097080230713001 ], [ -100.711128234862997, 27.126501083374102 ], [ -100.693328857422003, 27.128919601440501 ], [ -100.655197143555, 27.097730636596602 ], [ -100.61116027832, 27.0801181793213 ], [ -100.601013183594006, 27.061510086059599 ], [ -100.604766845702997, 26.998729705810501 ], [ -100.584938049315994, 26.904300689697301 ], [ -100.617073059082003, 26.836719512939599 ], [ -100.620613098145, 26.8071899414063 ], [ -100.662933349609006, 26.779342651367202 ], [ -100.675628662109006, 26.748449325561602 ], [ -100.692558288574006, 26.736881256103501 ], [ -100.701881408690994, 26.702550888061499 ], [ -100.846542358397997, 26.7003993988038 ], [ -100.940406799315994, 26.641420364379901 ], [ -101.04313659668, 26.641700744628999 ], [ -101.09300994873, 26.6231498718262 ], [ -101.124603271484006, 26.582180023193398 ], [ -101.157150268555, 26.500991821289102 ], [ -101.239646911620994, 26.4317302703857 ], [ -101.25366973877, 26.4139308929444 ], [ -101.260536193847997, 26.381692886352599 ], [ -101.256217956542997, 26.37068939209 ], [ -101.149749755859006, 26.279792785644599 ], [ -101.071487426757997, 26.195110321045 ], [ -100.963661193847997, 26.122049331665 ], [ -100.915283203125, 26.002010345458999 ], [ -100.894119262695, 25.995121002197301 ], [ -100.864707946777003, 25.968471527099702 ], [ -100.824645996094006, 25.964319229126001 ], [ -100.814765930175994, 25.955818176269599 ], [ -100.839233398437003, 25.9016399383544 ], [ -100.855010986327997, 25.8377609252931 ], [ -100.845413208007997, 25.7482795715332 ], [ -100.811576843262003, 25.684070587158299 ], [ -100.798782348632997, 25.676019668579201 ], [ -100.761383056640994, 25.6776428222657 ], [ -100.733749389647997, 25.654870986938601 ], [ -100.642578125, 25.649410247802798 ], [ -100.634788513184006, 25.638830184936499 ], [ -100.616226196289006, 25.5252075195312 ], [ -100.600296020507997, 25.4987907409668 ], [ -100.454086303710994, 25.4228210449219 ], [ -100.446250915527003, 25.408388137817401 ], [ -100.468406677245994, 25.385389328003001 ], [ -100.466232299805, 25.375980377197301 ], [ -100.386306762695, 25.359130859375099 ], [ -100.330017089844006, 25.358739852905298 ], [ -100.305000305175994, 25.326280593871999 ], [ -100.270027160645, 25.314960479736399 ], [ -100.254318237305, 25.280290603637798 ], [ -100.281379699707003, 25.253509521484499 ], [ -100.28791809082, 25.212970733642599 ], [ -100.298118591309006, 25.1993103027344 ], [ -100.381660461425994, 25.199790954589801 ], [ -100.414627075195, 25.213260650634801 ], [ -100.517646789550994, 25.231510162353601 ], [ -100.53938293457, 25.246000289916999 ], [ -100.56697845459, 25.285270690918001 ], [ -100.586326599120994, 25.290969848632798 ], [ -100.670356750487997, 25.2882194519043 ], [ -100.677192687987997, 25.282680511474599 ], [ -100.661766052245994, 25.255172729492202 ], [ -100.736968994140994, 25.232219696045 ], [ -100.761016845702997, 25.1804504394532 ], [ -100.799766540527003, 25.132972717285298 ], [ -100.804969787597997, 25.115470886230401 ], [ -100.770500183105, 25.017829895019499 ], [ -100.776016235352003, 24.982370376586999 ], [ -100.767196655272997, 24.921398162841701 ], [ -100.78434753418, 24.914241790771499 ], [ -100.854827880859006, 24.917240142822301 ], [ -100.876441955565994, 24.905429840087901 ], [ -100.864128112792997, 24.862060546875099 ], [ -100.875778198242003, 24.8195705413819 ], [ -100.826637268065994, 24.7758483886719 ], [ -100.818206787109006, 24.7187099456787 ], [ -100.79239654541, 24.6805305480957 ], [ -100.823051452637003, 24.604841232299801 ], [ -100.827529907227003, 24.562192916870199 ], [ -100.832496643065994, 24.555099487304599 ], [ -100.872650146484006, 24.567632675170799 ], [ -100.934448242187997, 24.569419860839801 ], [ -100.949913024902003, 24.554620742797901 ], [ -100.954216003417997, 24.531560897827301 ], [ -101.011268615722997, 24.518039703369102 ], [ -101.028396606445, 24.518501281738299 ], [ -101.118347167969006, 24.561082839965799 ], [ -101.173812866210994, 24.632270812988299 ], [ -101.219619750977003, 24.724391937255898 ], [ -101.276077270507997, 24.762781143188501 ], [ -101.394706726074006, 24.776050567627099 ], [ -101.431137084960994, 24.764410018921001 ], [ -101.477966308594006, 24.7619724273682 ], [ -101.521911621094006, 24.725610733032301 ], [ -101.635032653809006, 24.7258911132813 ], [ -101.642616271972997, 24.738050460815501 ], [ -101.650672912597997, 24.827579498291001 ], [ -101.665596008300994, 24.861629486083999 ], [ -101.706130981445, 24.8674411773682 ], [ -101.744155883789006, 24.8507003784181 ], [ -101.765090942382997, 24.852460861206101 ], [ -101.851013183594006, 24.964588165283299 ], [ -101.929306030272997, 25.024829864501999 ], [ -102.039138793945, 25.064590454101602 ], [ -102.12166595459, 25.117919921875099 ], [ -102.150405883789006, 25.126510620117301 ], [ -102.251373291015994, 25.124729156494102 ], [ -102.48445892334, 25.147550582885799 ], [ -102.656066894530994, 25.1097011566162 ], [ -102.729759216309006, 25.103540420532202 ], [ -102.747482299805, 25.086370468139702 ], [ -102.748046875, 25.026861190796001 ], [ -102.869888305664006, 24.953090667724599 ], [ -102.889717102050994, 24.92405128479 ], [ -102.913642883300994, 24.838479995727599 ], [ -102.909523010254006, 24.808469772338899 ], [ -102.893310546875, 24.7842597961425 ], [ -102.904556274414006, 24.756830215454201 ], [ -102.932456970215, 24.748960494995199 ], [ -103.023345947265994, 24.800010681152301 ], [ -103.098731994629006, 24.8082695007325 ], [ -103.127471923827997, 24.804349899291999 ] ] ] } },
{ "type": "Feature", "properties": { "NAME_1": "Colima" }, "geometry": { "type": "MultiPolygon", "coordinates": [ [ [ [ -103.970413208007997, 18.866249084472599 ], [ -104.155418395995994, 18.9604167938232 ], [ -104.293746948242003, 19.0129165649413 ], [ -104.331802368164006, 19.017084121704201 ], [ -104.336807250977003, 19.029027938842901 ], [ -104.329864501952997, 19.0515251159669 ], [ -104.315696716309006, 19.060693740844702 ], [ -104.312080383300994, 19.053749084472699 ], [ -104.293746948242003, 19.059028625488398 ], [ -104.290412902832003, 19.075693130493299 ], [ -104.301528930664006, 19.078750610351602 ], [ -104.29402923584, 19.065416336059499 ], [ -104.30347442627, 19.061805725097699 ], [ -104.311248779297003, 19.086805343628001 ], [ -104.338470458984006, 19.1037502288819 ], [ -104.354026794434006, 19.089305877685501 ], [ -104.350975036620994, 19.110416412353601 ], [ -104.35986328125, 19.117639541626101 ], [ -104.395690917969006, 19.113193511962901 ], [ -104.398475646972997, 19.105138778686602 ], [ -104.389579772949006, 19.096805572509801 ], [ -104.395141601562003, 19.084861755371101 ], [ -104.412361145019005, 19.105695724487401 ], [ -104.427635192870994, 19.091527938842798 ], [ -104.438468933105, 19.097917556762798 ], [ -104.435417175292997, 19.085138320922901 ], [ -104.441802978515994, 19.0829162597656 ], [ -104.450691223144005, 19.1081943511963 ], [ -104.467361450195, 19.109861373901399 ], [ -104.485694885254006, 19.124027252197301 ], [ -104.58708190918, 19.148471832275401 ], [ -104.586524963379006, 19.1554164886475 ], [ -104.596801757812003, 19.149860382080099 ], [ -104.680694580077997, 19.176805496215799 ], [ -104.693748474120994, 19.172916412353601 ], [ -104.701530456542997, 19.182081222534201 ], [ -104.688468933105, 19.198749542236399 ], [ -104.67569732666, 19.185972213745199 ], [ -104.657913208007997, 19.182916641235401 ], [ -104.656524658202997, 19.193195343017699 ], [ -104.67847442627, 19.197914123535298 ], [ -104.674285888672003, 19.206649780273601 ], [ -104.639656066895, 19.1949901580812 ], [ -104.596870422362997, 19.2014904022218 ], [ -104.549667358397997, 19.267150878906399 ], [ -104.517677307129006, 19.265079498291101 ], [ -104.498229980469006, 19.248979568481499 ], [ -104.482231140137003, 19.2487392425538 ], [ -104.4638671875, 19.279220581054702 ], [ -104.422286987305, 19.307191848754901 ], [ -104.400390625, 19.292249679565501 ], [ -104.358352661132997, 19.306819915771499 ], [ -104.316467285155994, 19.30131149292 ], [ -104.249588012695, 19.3255310058593 ], [ -104.204132080077997, 19.3094902038575 ], [ -104.181419372559006, 19.320499420166001 ], [ -104.153396606445, 19.322080612182599 ], [ -104.134178161620994, 19.346572875976602 ], [ -104.09098815918, 19.354171752929702 ], [ -104.066711425780994, 19.388629913330099 ], [ -104.020851135254006, 19.4126300811768 ], [ -103.900115966797003, 19.398130416870199 ], [ -103.843826293945, 19.4055995941162 ], [ -103.728202819824006, 19.4604091644288 ], [ -103.614692687987997, 19.5607509613038 ], [ -103.594383239745994, 19.560480117797901 ], [ -103.571388244629006, 19.446491241455199 ], [ -103.574668884277003, 19.398559570312599 ], [ -103.539260864257997, 19.376171112060501 ], [ -103.526527404785, 19.342691421508899 ], [ -103.502731323242003, 19.337509155273601 ], [ -103.486572265625, 19.323810577392599 ], [ -103.501808166504006, 19.300140380859499 ], [ -103.507308959960994, 19.268369674682699 ], [ -103.501228332519005, 19.153720855713001 ], [ -103.527366638182997, 19.0916423797607 ], [ -103.493637084960994, 19.031089782714801 ], [ -103.492767333984006, 18.958639144897599 ], [ -103.543037414550994, 18.907859802246101 ], [ -103.571449279785, 18.895259857177798 ], [ -103.59114074707, 18.8731498718263 ], [ -103.643356323242003, 18.883079528808601 ], [ -103.647720336914006, 18.802129745483398 ], [ -103.655601501465, 18.791740417480501 ], [ -103.720352172852003, 18.761510848998999 ], [ -103.747344970702997, 18.6970729827881 ], [ -103.799858093262003, 18.750137329101602 ], [ -103.954864501952997, 18.847639083862401 ], [ -103.968475341797003, 18.864027023315501 ], [ -103.959861755370994, 18.867082595825199 ], [ -103.958473205565994, 18.871248245239201 ], [ -103.970413208007997, 18.866249084472599 ] ] ], [ [ [ -104.485137939452997, 19.104028701782301 ], [ -104.484024047852003, 19.103193283081101 ], [ -104.487083435059006, 19.100416183471602 ], [ -104.487640380859006, 19.104028701782301 ], [ -104.485137939452997, 19.104028701782301 ] ] ] ] } },
{ "type": "Feature", "properties": { "NAME_1": "Distrito Federal" }, "geometry": { "type": "Polygon", "coordinates": [ [ [ -99.240348815917997, 19.093790054321399 ], [ -99.321617126464801, 19.229829788208001 ], [ -99.325347900390597, 19.2670993804932 ], [ -99.298301696777202, 19.299379348754901 ], [ -99.208396911621094, 19.357629776001001 ], [ -99.173057556152301, 19.453750610351602 ], [ -99.08740234375, 19.539659500122099 ], [ -99.074386596679702, 19.526081085205 ], [ -99.074058532714801, 19.480789184570298 ], [ -99.048446655273395, 19.464490890503001 ], [ -99.025466918945298, 19.436801910400501 ], [ -98.9906005859375, 19.3473205566406 ], [ -98.908622741699205, 19.286590576171999 ], [ -98.900398254394503, 19.2311611175538 ], [ -98.872245788574205, 19.245912551879901 ], [ -98.852981567382798, 19.151861190796001 ], [ -98.855262756347699, 19.130529403686602 ], [ -98.873092651367202, 19.1026706695557 ], [ -98.865379333496094, 19.071191787719702 ], [ -98.919151306152301, 19.0688991546632 ], [ -98.990303039550795, 19.043268203735501 ], [ -99.045639038085895, 19.0759811401368 ], [ -99.116851806640597, 19.028480529785199 ], [ -99.155738830566406, 19.0713005065919 ], [ -99.217002868652301, 19.063440322876001 ], [ -99.240348815917997, 19.093790054321399 ] ] ] } },
{ "type": "Feature", "properties": { "NAME_1": "Durango" }, "geometry": { "type": "Polygon", "coordinates": [ [ [ -104.980010986327997, 22.482128143310501 ], [ -105.051696777344006, 22.635210037231399 ], [ -105.035850524902003, 22.6581115722656 ], [ -104.984100341797003, 22.700139999389801 ], [ -104.909103393555, 22.7388401031494 ], [ -104.889228820800994, 22.775720596313601 ], [ -104.89274597168, 22.8059196472169 ], [ -104.900901794434006, 22.813440322876001 ], [ -104.942932128905994, 22.8107109069825 ], [ -104.96354675293, 22.823991775512798 ], [ -104.971176147460994, 22.884719848632901 ], [ -104.99292755127, 22.919660568237401 ], [ -105.058403015137003, 22.918439865112401 ], [ -105.117279052734006, 22.940040588378999 ], [ -105.159896850585994, 22.9727783203125 ], [ -105.184646606445, 23.008319854736399 ], [ -105.206047058105, 23.009132385253999 ], [ -105.24250793457, 22.960861206054702 ], [ -105.313949584960994, 22.9486408233643 ], [ -105.382522583007997, 23.030160903930799 ], [ -105.481941223145, 23.1261806488038 ], [ -105.506286621094006, 23.128580093383899 ], [ -105.547836303710994, 23.104021072387798 ], [ -105.607040405272997, 23.1070327758788 ], [ -105.628616333007997, 23.1189708709718 ], [ -105.645652770995994, 23.158861160278398 ], [ -105.651329040527003, 23.242589950561602 ], [ -105.665145874022997, 23.266420364379901 ], [ -105.705238342285, 23.297992706298899 ], [ -105.729347229004006, 23.355800628662202 ], [ -105.718902587890994, 23.3967399597169 ], [ -105.760726928710994, 23.498052597045898 ], [ -105.77806854248, 23.601360321044901 ], [ -105.846603393555, 23.6621913909913 ], [ -105.876808166504006, 23.7269001007081 ], [ -105.936431884765994, 23.7946891784669 ], [ -105.95125579834, 23.887580871581999 ], [ -105.979759216309006, 23.927110671997099 ], [ -106.011177062987997, 24.022050857543899 ], [ -106.002380371094006, 24.060911178588899 ], [ -106.037490844727003, 24.079879760742202 ], [ -106.047790527344006, 24.176111221313601 ], [ -106.109573364257997, 24.240329742431602 ], [ -106.121917724609006, 24.294441223144599 ], [ -106.135597229004006, 24.302761077880898 ], [ -106.172348022460994, 24.305929183960099 ], [ -106.199256896972997, 24.351882934570401 ], [ -106.25318145752, 24.385602951049901 ], [ -106.418609619140994, 24.4303894042969 ], [ -106.445129394530994, 24.391952514648501 ], [ -106.463676452637003, 24.3881511688232 ], [ -106.494873046875, 24.356870651245099 ], [ -106.536697387695, 24.338342666626001 ], [ -106.560935974120994, 24.312191009521399 ], [ -106.614967346190994, 24.305950164794901 ], [ -106.634368896484006, 24.286979675293001 ], [ -106.665641784667997, 24.305259704589801 ], [ -106.698768615722997, 24.298770904541101 ], [ -106.72257232666, 24.370479583740298 ], [ -106.761817932129006, 24.421899795532301 ], [ -106.770210266112997, 24.4905395507813 ], [ -106.791809082030994, 24.536149978637798 ], [ -106.794647216797003, 24.575059890747099 ], [ -106.802337646484006, 24.581861495971701 ], [ -106.824913024902003, 24.566551208496101 ], [ -106.847473144530994, 24.573921203613398 ], [ -106.849250793457003, 24.6032104492188 ], [ -106.896171569824006, 24.737199783325298 ], [ -106.948829650879006, 24.747962951660199 ], [ -106.984573364257997, 24.843240737915099 ], [ -107.052497863769005, 24.843309402465898 ], [ -107.072875976562003, 24.852739334106399 ], [ -107.085395812987997, 24.838920593261701 ], [ -107.103607177734006, 24.835109710693398 ], [ -107.140953063965, 24.8626804351807 ], [ -107.136222839355, 24.9374103546143 ], [ -107.180023193359006, 25.009679794311602 ], [ -107.209976196289006, 25.033189773559599 ], [ -107.229179382324006, 25.099479675293001 ], [ -107.270446777344006, 25.123849868774499 ], [ -107.248046875, 25.204740524291999 ], [ -107.239181518555, 25.325067520141701 ], [ -107.245727539062003, 25.378879547119201 ], [ -107.188911437987997, 25.509691238403398 ], [ -107.195365905762003, 25.520029067993299 ], [ -107.223190307617003, 25.519580841064499 ], [ -107.238403320312003, 25.543279647827099 ], [ -107.219009399414006, 25.579029083252099 ], [ -107.169372558594006, 25.623388290405298 ], [ -107.121566772460994, 25.6515197753907 ], [ -107.127799987792997, 25.678308486938501 ], [ -107.151596069335994, 25.671159744262699 ], [ -107.160682678222997, 25.676950454711999 ], [ -107.146797180175994, 25.7199401855469 ], [ -107.076042175292997, 25.748939514160199 ], [ -107.054580688477003, 25.748319625854499 ], [ -107.038726806640994, 25.697650909423899 ], [ -106.989608764647997, 25.674280166626001 ], [ -106.940986633300994, 25.6897201538087 ], [ -106.906356811522997, 25.649837493896499 ], [ -106.833831787109006, 25.6416110992432 ], [ -106.807327270507997, 25.597551345825199 ], [ -106.781303405762003, 25.587100982666001 ], [ -106.756828308105, 25.605712890625 ], [ -106.732231140137003, 25.645839691162099 ], [ -106.674140930175994, 25.677310943603501 ], [ -106.600471496582003, 25.735410690307699 ], [ -106.513313293457003, 25.845550537109499 ], [ -106.506469726562003, 25.867870330810501 ], [ -106.51390838623, 25.900711059570401 ], [ -106.566650390625, 25.983169555664102 ], [ -106.567329406737997, 26.004129409790199 ], [ -106.497749328612997, 26.141130447387699 ], [ -106.464111328125, 26.146030426025401 ], [ -106.459381103515994, 26.1527404785156 ], [ -106.47811126709, 26.2181301116943 ], [ -106.475646972655994, 26.2316398620606 ], [ -106.462097167969006, 26.2364902496338 ], [ -106.422080993652003, 26.2305698394775 ], [ -106.414878845215, 26.248081207275401 ], [ -106.422576904297003, 26.271289825439499 ], [ -106.417747497559006, 26.284980773925799 ], [ -106.37947845459, 26.315120697021499 ], [ -106.317810058594006, 26.335269927978601 ], [ -106.299850463867003, 26.354209899902401 ], [ -106.294631958007997, 26.401649475097699 ], [ -106.339088439940994, 26.419450759887699 ], [ -106.345176696777003, 26.436019897461001 ], [ -106.311309814452997, 26.478660583496001 ], [ -106.310317993164006, 26.548570632934599 ], [ -106.27906036377, 26.659940719604599 ], [ -106.248970031737997, 26.687210083007901 ], [ -106.253387451172003, 26.7512607574462 ], [ -106.187286376952997, 26.768060684204102 ], [ -106.17684173584, 26.784009933471701 ], [ -106.172286987305, 26.8201408386232 ], [ -106.141799926757997, 26.8395404815675 ], [ -106.114807128905994, 26.807369232177798 ], [ -106.056526184082003, 26.802881240844801 ], [ -105.987617492675994, 26.761289596557599 ], [ -105.945960998535, 26.753152847290199 ], [ -105.934677124022997, 26.7193717956544 ], [ -105.907096862792997, 26.683290481567401 ], [ -105.89274597168, 26.669609069824201 ], [ -105.862121582030994, 26.6627006530762 ], [ -105.843521118164006, 26.635370254516701 ], [ -105.80623626709, 26.6249294281006 ], [ -105.773422241210994, 26.632041931152301 ], [ -105.711242675780994, 26.582960128784201 ], [ -105.657928466797003, 26.576990127563501 ], [ -105.635612487792997, 26.541030883788999 ], [ -105.596786499022997, 26.553380966186499 ], [ -105.569732666015994, 26.5511283874512 ], [ -105.541175842285, 26.497180938720799 ], [ -105.525848388672003, 26.4835300445557 ], [ -105.466377258300994, 26.492099761962798 ], [ -105.436096191405994, 26.4769096374512 ], [ -105.414916992187997, 26.4764308929444 ], [ -105.398620605469006, 26.452959060668899 ], [ -105.336563110352003, 26.488439559936602 ], [ -105.320251464844006, 26.468770980835 ], [ -105.306701660155994, 26.467109680175799 ], [ -105.276496887207003, 26.49294090271 ], [ -105.212852478027003, 26.518011093139702 ], [ -105.214241027832003, 26.552192687988299 ], [ -105.201393127440994, 26.558710098266701 ], [ -105.13355255127, 26.520809173583999 ], [ -105.061126708984006, 26.5248107910156 ], [ -105.040481567382997, 26.518970489502099 ], [ -104.99919128418, 26.5265102386475 ], [ -104.933166503905994, 26.459831237793001 ], [ -104.864448547362997, 26.417270660400401 ], [ -104.835968017577997, 26.408140182495199 ], [ -104.756149291992003, 26.4422702789306 ], [ -104.695953369140994, 26.434209823608398 ], [ -104.669731140137003, 26.443721771240199 ], [ -104.659942626952997, 26.4715099334718 ], [ -104.668510437012003, 26.524919509887699 ], [ -104.598297119140994, 26.627702713012699 ], [ -104.528198242187997, 26.653409957885799 ], [ -104.484962463379006, 26.705850601196399 ], [ -104.388031005859006, 26.718420028686499 ], [ -104.380172729492003, 26.7395305633544 ], [ -104.385047912597997, 26.7541694641113 ], [ -104.446868896484006, 26.758489608764702 ], [ -104.463882446289006, 26.7735500335693 ], [ -104.457901000977003, 26.804519653320401 ], [ -104.423843383789006, 26.8202419281006 ], [ -104.410713195800994, 26.818452835083001 ], [ -104.36897277832, 26.788150787353501 ], [ -104.307266235352003, 26.778141021728601 ], [ -104.293632507324006, 26.7493705749513 ], [ -104.269577026367003, 26.7405796051025 ], [ -104.218170166015994, 26.734479904174901 ], [ -104.192649841307997, 26.762540817260799 ], [ -104.159767150879006, 26.7435398101807 ], [ -104.132247924805, 26.7423496246338 ], [ -104.077690124512003, 26.766731262206999 ], [ -103.987815856934006, 26.780628204345799 ], [ -103.972297668457003, 26.775640487670898 ], [ -103.989692687987997, 26.755460739135799 ], [ -103.984832763672003, 26.7386894226075 ], [ -103.958290100097997, 26.768060684204102 ], [ -103.906883239745994, 26.7346706390381 ], [ -103.86856842041, 26.745719909668001 ], [ -103.83943939209, 26.7229099273682 ], [ -103.720649719237997, 26.695209503173899 ], [ -103.682685852050994, 26.665920257568398 ], [ -103.638877868652003, 26.609119415283299 ], [ -103.547409057617003, 26.532550811767599 ], [ -103.513397216797003, 26.462049484252901 ], [ -103.490051269530994, 26.370040893554702 ], [ -103.509407043457003, 26.257961273193398 ], [ -103.435546875, 26.091709136963001 ], [ -103.451736450195, 26.021530151367202 ], [ -103.444763183594006, 25.937650680542099 ], [ -103.396728515625, 25.8047904968262 ], [ -103.396926879882997, 25.776229858398398 ], [ -103.434997558594006, 25.705419540405298 ], [ -103.444648742675994, 25.663461685180799 ], [ -103.487190246582003, 25.634201049804702 ], [ -103.548072814940994, 25.544561386108501 ], [ -103.546806335449006, 25.524879455566499 ], [ -103.526626586914006, 25.499658584594702 ], [ -103.466751098632997, 25.4858112335206 ], [ -103.434745788574006, 25.4414081573487 ], [ -103.449752807617003, 25.431421279907202 ], [ -103.531471252440994, 25.422641754150501 ], [ -103.579246520995994, 25.3756618499756 ], [ -103.549850463867003, 25.250181198120199 ], [ -103.483268737792997, 25.184278488159102 ], [ -103.464233398437003, 25.124801635742301 ], [ -103.36205291748, 25.050519943237401 ], [ -103.340126037597997, 24.9869918823243 ], [ -103.340408325195, 24.9368400573732 ], [ -103.330146789550994, 24.921281814575298 ], [ -103.309700012207003, 24.898500442504901 ], [ -103.28002166748, 24.885931015014801 ], [ -103.262336730957003, 24.860570907592901 ], [ -103.212211608887003, 24.834709167480401 ], [ -103.180038452147997, 24.833280563354599 ], [ -103.136016845702997, 24.804370880126999 ], [ -103.098731994629006, 24.8082695007325 ], [ -103.016311645507997, 24.798381805419901 ], [ -102.940559387207003, 24.7524528503418 ], [ -102.916641235352003, 24.750339508056602 ], [ -102.893432617187003, 24.7758903503418 ], [ -102.89444732666, 24.790309906006001 ], [ -102.912246704102003, 24.816379547119201 ], [ -102.913642883300994, 24.838479995727599 ], [ -102.893249511719006, 24.9163818359375 ], [ -102.87858581543, 24.943340301513601 ], [ -102.748046875, 25.026861190796001 ], [ -102.734100341797003, 25.012649536132901 ], [ -102.732955932617003, 24.948011398315401 ], [ -102.70662689209, 24.941930770874102 ], [ -102.688537597655994, 24.895410537719702 ], [ -102.611671447754006, 24.8614006042481 ], [ -102.595199584960994, 24.835840225219801 ], [ -102.611633300780994, 24.786371231079102 ], [ -102.60986328125, 24.712560653686602 ], [ -102.627555847167997, 24.6568698883057 ], [ -102.572357177734006, 24.6332912445068 ], [ -102.569427490234006, 24.598779678344801 ], [ -102.538681030272997, 24.494108200073299 ], [ -102.541999816894005, 24.4853210449219 ], [ -102.570861816405994, 24.479230880737401 ], [ -102.57984161377, 24.468339920044102 ], [ -102.55396270752, 24.441900253296001 ], [ -102.562683105469006, 24.421800613403398 ], [ -102.805221557617003, 24.400220870971701 ], [ -102.864212036132997, 24.4125881195068 ], [ -102.902610778809006, 24.375949859619102 ], [ -102.999580383300994, 24.403600692748999 ], [ -103.056922912597997, 24.435108184814499 ], [ -103.102478027344006, 24.4346408843994 ], [ -103.137916564940994, 24.415138244628899 ], [ -103.175338745117003, 24.4067897796632 ], [ -103.272895812987997, 24.433090209960898 ], [ -103.393936157227003, 24.4346008300781 ], [ -103.436576843262003, 24.442560195923001 ], [ -103.492286682129006, 24.398691177368299 ], [ -103.515907287597997, 24.343620300293001 ], [ -103.611351013184006, 24.277271270752099 ], [ -103.660926818847997, 24.225519180298001 ], [ -103.69393157959, 24.173540115356399 ], [ -103.743881225585994, 24.129020690918001 ], [ -103.803146362305, 24.084060668945401 ], [ -103.872291564940994, 24.072069168090799 ], [ -103.89013671875, 24.056779861450199 ], [ -103.891372680664006, 24.015558242797798 ], [ -103.88111114502, 24.017829895019499 ], [ -103.858428955077997, 24.0012016296387 ], [ -103.843650817870994, 23.9409103393556 ], [ -103.856590270995994, 23.8920612335206 ], [ -103.841316223144005, 23.809400558471701 ], [ -103.859451293945, 23.765691757202202 ], [ -103.821983337402003, 23.632530212402301 ], [ -103.823753356934006, 23.608379364013601 ], [ -103.935676574707003, 23.519119262695401 ], [ -104.02458190918, 23.424739837646499 ], [ -104.031631469727003, 23.343389511108501 ], [ -104.063102722167997, 23.236722946166999 ], [ -104.083625793457003, 23.130350112915 ], [ -104.107551574707003, 23.116970062255898 ], [ -104.110649108887003, 23.0942497253419 ], [ -104.166427612305, 23.003971099853501 ], [ -104.165679931640994, 22.968330383300898 ], [ -104.131607055664006, 22.8539028167725 ], [ -104.128608703612997, 22.766229629516701 ], [ -104.140106201172003, 22.709089279174901 ], [ -104.138259887695, 22.643741607666101 ], [ -104.155639648437003, 22.620410919189499 ], [ -104.222351074219006, 22.6013298034668 ], [ -104.276168823242003, 22.572242736816399 ], [ -104.316986083984006, 22.516429901123001 ], [ -104.358726501465, 22.407220840454201 ], [ -104.408599853515994, 22.379169464111399 ], [ -104.480445861815994, 22.354850769043001 ], [ -104.490867614745994, 22.340980529785199 ], [ -104.496726989745994, 22.3036003112793 ], [ -104.515830993652003, 22.302391052246101 ], [ -104.562431335449006, 22.337110519409201 ], [ -104.59236907959, 22.347780227661101 ], [ -104.626426696777003, 22.420810699463001 ], [ -104.720527648925994, 22.506170272827099 ], [ -104.803833007812003, 22.532550811767599 ], [ -104.843536376952997, 22.5913200378419 ], [ -104.895202636719006, 22.5247306823731 ], [ -104.905876159667997, 22.492071151733398 ], [ -104.936248779297003, 22.4640407562256 ], [ -104.963592529297003, 22.464929580688501 ], [ -104.980010986327997, 22.482128143310501 ] ] ] } },
{ "type": "Feature", "properties": { "NAME_1": "Guanajuato" }, "geometry": { "type": "Polygon", "coordinates": [ [ [ -101.509857177734006, 20.3160705566406 ], [ -101.531021118164006, 20.308988571166999 ], [ -101.566436767577997, 20.3225612640381 ], [ -101.640167236327997, 20.297601699829102 ], [ -101.660423278809006, 20.261539459228601 ], [ -101.673789978027003, 20.252780914306602 ], [ -101.68335723877, 20.227729797363299 ], [ -101.720390319824006, 20.1921901702881 ], [ -101.751686096190994, 20.2028827667237 ], [ -101.844802856445, 20.197982788085898 ], [ -101.863952636719006, 20.214481353759801 ], [ -101.911056518555, 20.187641143798899 ], [ -101.940330505370994, 20.188592910766701 ], [ -101.96272277832, 20.2110710144043 ], [ -101.974342346190994, 20.290309906006001 ], [ -101.989143371582003, 20.309650421142599 ], [ -101.97444152832, 20.332981109619201 ], [ -102.004356384277003, 20.3501911163331 ], [ -102.025520324707003, 20.340631484985501 ], [ -102.031227111815994, 20.3231697082519 ], [ -102.039710998535, 20.344650268554702 ], [ -102.028038024902003, 20.382991790771499 ], [ -102.066040039062003, 20.3691310882569 ], [ -102.055839538574006, 20.399362564086999 ], [ -102.054862976074006, 20.4634609222412 ], [ -102.023696899414006, 20.514570236206101 ], [ -102.002807617187003, 20.5709018707275 ], [ -101.98021697998, 20.594409942626999 ], [ -101.981559753417997, 20.6107997894288 ], [ -102.030532836914006, 20.701280593872099 ], [ -102.108009338379006, 20.726520538330199 ], [ -102.134185791015994, 20.7635307312013 ], [ -102.130577087402003, 20.77592086792 ], [ -102.094749450684006, 20.797920227050799 ], [ -102.049751281737997, 20.8490314483643 ], [ -102.045036315917997, 20.880790710449201 ], [ -102.001350402832003, 20.9085712432862 ], [ -101.958480834960994, 20.954460144043001 ], [ -101.931640625, 21.030441284179702 ], [ -101.891456604004006, 21.0907306671143 ], [ -101.872673034667997, 21.108182907104499 ], [ -101.831802368164006, 21.126449584960898 ], [ -101.791976928710994, 21.1632804870606 ], [ -101.785469055175994, 21.193220138549801 ], [ -101.752113342285, 21.257938385009901 ], [ -101.751251220702997, 21.295150756836001 ], [ -101.717971801757997, 21.3185424804688 ], [ -101.677001953125, 21.313369750976499 ], [ -101.659629821777003, 21.327430725097798 ], [ -101.638893127440994, 21.3625297546387 ], [ -101.637466430664006, 21.3844528198243 ], [ -101.665466308594006, 21.395870208740199 ], [ -101.640419006347997, 21.474571228027301 ], [ -101.666679382324006, 21.478929519653398 ], [ -101.669418334960994, 21.489629745483501 ], [ -101.608161926269005, 21.694061279296999 ], [ -101.613639831542997, 21.718189239502099 ], [ -101.565391540527003, 21.768310546875 ], [ -101.589027404785, 21.783607482910199 ], [ -101.595947265625, 21.797010421753001 ], [ -101.556037902832003, 21.841581344604499 ], [ -101.54744720459, 21.845079421997099 ], [ -101.50316619873, 21.821550369262699 ], [ -101.476249694824006, 21.856689453125099 ], [ -101.435417175292997, 21.832710266113398 ], [ -101.323471069335994, 21.822980880737301 ], [ -101.263313293457003, 21.792970657348601 ], [ -101.152770996094006, 21.762620925903299 ], [ -101.066047668457003, 21.750101089477599 ], [ -101.025802612305, 21.724292755127099 ], [ -100.978118896484006, 21.7252311706544 ], [ -100.950286865234006, 21.711509704589901 ], [ -100.788040161132997, 21.587680816650501 ], [ -100.67798614502, 21.534570693969801 ], [ -100.568656921387003, 21.535419464111399 ], [ -100.511260986327997, 21.555698394775298 ], [ -100.506050109862997, 21.569919586181701 ], [ -100.513496398925994, 21.600521087646399 ], [ -100.490898132324006, 21.645830154419102 ], [ -100.488906860352003, 21.6686305999757 ], [ -100.452117919922003, 21.696231842041101 ], [ -100.35563659668, 21.671949386596701 ], [ -100.306182861327997, 21.6473999023438 ], [ -100.290412902832003, 21.648199081421001 ], [ -100.185859680175994, 21.579048156738398 ], [ -100.164482116699006, 21.573520660400401 ], [ -100.15357208252, 21.5477504730225 ], [ -100.131942749022997, 21.548820495605501 ], [ -100.061172485352003, 21.468942642211999 ], [ -99.994056701660199, 21.4776000976562 ], [ -99.975158691406193, 21.4981994628906 ], [ -99.951820373535099, 21.466451644897599 ], [ -99.887466430664006, 21.4652004241943 ], [ -99.825080871582003, 21.487831115722798 ], [ -99.781570434570298, 21.5146999359132 ], [ -99.763206481933494, 21.500379562378001 ], [ -99.766296386718807, 21.419370651245099 ], [ -99.809600830078097, 21.368080139160298 ], [ -99.812110900878807, 21.347509384155298 ], [ -99.798957824707003, 21.339719772338899 ], [ -99.716018676757798, 21.329259872436602 ], [ -99.714607238769503, 21.281101226806602 ], [ -99.735038757324205, 21.235149383545 ], [ -99.807876586914105, 21.19734954834 ], [ -99.823326110839801, 21.1637706756593 ], [ -99.876731872558594, 21.160699844360401 ], [ -99.935997009277301, 21.2228202819825 ], [ -99.985221862792898, 21.207881927490298 ], [ -100.016296386719006, 21.1859111785888 ], [ -100.055152893065994, 21.1142597198487 ], [ -100.086982727050994, 21.0767307281494 ], [ -100.082832336425994, 21.021980285644499 ], [ -100.107482910155994, 20.963760375976602 ], [ -100.117416381835994, 20.961990356445401 ], [ -100.148452758789006, 20.979749679565401 ], [ -100.15495300293, 20.9325695037843 ], [ -100.191223144530994, 20.924180984497099 ], [ -100.279609680175994, 20.939319610595799 ], [ -100.346168518065994, 20.911390304565501 ], [ -100.400787353515994, 20.916549682617202 ], [ -100.430335998535, 20.902778625488299 ], [ -100.457382202147997, 20.9150905609131 ], [ -100.512466430664006, 20.906351089477699 ], [ -100.529350280762003, 20.901029586791999 ], [ -100.543251037597997, 20.881629943847699 ], [ -100.572273254395, 20.801959991455099 ], [ -100.581390380859006, 20.683372497558501 ], [ -100.539962768555, 20.650079727172901 ], [ -100.519088745117003, 20.600660324096701 ], [ -100.513847351074006, 20.5626125335693 ], [ -100.519729614257997, 20.5058498382569 ], [ -100.494346618652003, 20.4456996917725 ], [ -100.471000671387003, 20.412469863891701 ], [ -100.390312194824006, 20.359289169311499 ], [ -100.379127502440994, 20.341150283813501 ], [ -100.361236572265994, 20.2966499328613 ], [ -100.373092651367003, 20.279541015625099 ], [ -100.377227783202997, 20.2435512542725 ], [ -100.352333068847997, 20.2068195343018 ], [ -100.350456237792997, 20.1610507965088 ], [ -100.37230682373, 20.0984401702881 ], [ -100.362129211425994, 20.090562820434702 ], [ -100.344276428222997, 20.0933227539063 ], [ -100.338043212890994, 20.082410812378001 ], [ -100.356719970702997, 20.043430328369201 ], [ -100.394515991210994, 20.012660980224599 ], [ -100.47673034668, 20.0016708374025 ], [ -100.506286621094006, 19.972000122070401 ], [ -100.534446716309006, 19.909509658813501 ], [ -100.548316955565994, 19.9109191894531 ], [ -100.552589416504006, 19.923000335693299 ], [ -100.539497375487997, 19.9788608551025 ], [ -100.597328186035, 19.961971282958999 ], [ -100.634437561035, 19.959842681884801 ], [ -100.669380187987997, 19.926540374755898 ], [ -100.689376831055, 19.920970916748001 ], [ -100.827056884765994, 19.927959442138601 ], [ -100.863426208495994, 19.9400310516357 ], [ -100.880416870117003, 19.9547328948975 ], [ -100.915252685547003, 19.9610900878906 ], [ -100.981842041015994, 19.9674510955812 ], [ -100.989669799805, 19.956069946289201 ], [ -101.012107849120994, 19.955869674682599 ], [ -101.011405944824006, 20.000551223755 ], [ -101.029098510742003, 20.067510604858501 ], [ -101.120468139647997, 20.043582916259801 ], [ -101.167320251465, 20.0647411346437 ], [ -101.172317504882997, 20.054090499877901 ], [ -101.197166442870994, 20.040920257568398 ], [ -101.183380126952997, 20.007850646972699 ], [ -101.232048034667997, 19.987880706787099 ], [ -101.304351806640994, 20.0158805847169 ], [ -101.405822753905994, 20.024852752685501 ], [ -101.426177978515994, 20.047960281372099 ], [ -101.424468994140994, 20.16090965271 ], [ -101.437759399414006, 20.184770584106499 ], [ -101.445053100585994, 20.227188110351602 ], [ -101.434379577637003, 20.232112884521499 ], [ -101.398231506347997, 20.211242675781399 ], [ -101.379051208495994, 20.218990325927798 ], [ -101.378120422362997, 20.228370666503999 ], [ -101.401496887207003, 20.260770797729499 ], [ -101.456207275390994, 20.3088703155518 ], [ -101.48770904541, 20.320409774780298 ], [ -101.509857177734006, 20.3160705566406 ] ] ] } },
{ "type": "Feature", "properties": { "NAME_1": "Guerrero" }, "geometry": { "type": "MultiPolygon", "coordinates": [ [ [ [ -99.908195495605497, 16.824861526489201 ], [ -99.901252746582003, 16.8231945037843 ], [ -99.905136108398395, 16.8173637390137 ], [ -99.918746948242102, 16.822082519531399 ], [ -99.908195495605497, 16.824861526489201 ] ] ], [ [ [ -100.27791595459, 17.009027481079201 ], [ -100.649024963379006, 17.130418777465799 ], [ -100.64680480957, 17.137081146240298 ], [ -100.652084350585994, 17.131528854370099 ], [ -100.680694580077997, 17.138750076294102 ], [ -100.82763671875, 17.197082519531399 ], [ -100.903472900390994, 17.218471527099702 ], [ -100.901252746582003, 17.223194122314499 ], [ -101.013748168945, 17.2540283203125 ], [ -101.035972595215, 17.269861221313501 ], [ -101.061531066894005, 17.265138626098601 ], [ -101.065971374512003, 17.273750305175898 ], [ -101.056526184082003, 17.275138854980401 ], [ -101.050971984862997, 17.2948608398438 ], [ -101.056251525879006, 17.307361602783299 ], [ -101.125137329102003, 17.364305496215799 ], [ -101.174583435059006, 17.388471603393601 ], [ -101.179580688477003, 17.409307479858501 ], [ -101.200973510742003, 17.427360534668001 ], [ -101.336807250977003, 17.482639312744201 ], [ -101.338470458984006, 17.490417480468899 ], [ -101.348472595215, 17.487363815307599 ], [ -101.444030761719006, 17.527082443237301 ], [ -101.457359313965, 17.5251388549806 ], [ -101.461524963379006, 17.536249160766701 ], [ -101.441253662109006, 17.5404167175293 ], [ -101.442916870117003, 17.564306259155298 ], [ -101.504302978515994, 17.6209716796875 ], [ -101.552635192870994, 17.611249923706101 ], [ -101.557640075684006, 17.620416641235298 ], [ -101.545974731445, 17.6254177093507 ], [ -101.552635192870994, 17.638750076293899 ], [ -101.573196411132997, 17.621803283691499 ], [ -101.577362060547003, 17.636249542236399 ], [ -101.596527099609006, 17.633750915527301 ], [ -101.607360839844006, 17.661249160766602 ], [ -101.642082214355, 17.6670837402343 ], [ -101.653472900390994, 17.662082672119102 ], [ -101.642913818359006, 17.669584274291999 ], [ -101.64347076416, 17.7018032073975 ], [ -101.659301757812003, 17.725416183471602 ], [ -101.69596862793, 17.761529922485501 ], [ -101.747917175292997, 17.792638778686602 ], [ -101.748191833495994, 17.8104152679444 ], [ -101.771530151367003, 17.830139160156399 ], [ -101.770973205565994, 17.846805572509901 ], [ -101.815971374512003, 17.892360687255898 ], [ -101.861251831055, 17.915693283081101 ], [ -101.865135192870994, 17.910139083862401 ], [ -101.870697021484006, 17.9195842742919 ], [ -101.963470458984006, 17.9679164886475 ], [ -102.04069519043, 17.989305496215799 ], [ -102.100692749022997, 17.981805801391701 ], [ -102.131530761719006, 17.949306488037099 ], [ -102.16487121582, 17.974979400634901 ], [ -102.175552368164006, 17.9900207519531 ], [ -102.186515808105, 18.0703525543212 ], [ -102.182998657227003, 18.143592834472699 ], [ -102.165138244629006, 18.1751003265381 ], [ -102.044189453125, 18.217180252075298 ], [ -102.002403259277003, 18.2091693878175 ], [ -101.982940673827997, 18.2251300811768 ], [ -101.947807312012003, 18.2327995300294 ], [ -101.91739654541, 18.262271881103501 ], [ -101.874755859375, 18.254472732543899 ], [ -101.855537414550994, 18.231611251831001 ], [ -101.848640441895, 18.252378463745199 ], [ -101.825439453125, 18.255348205566399 ], [ -101.812652587890994, 18.270999908447401 ], [ -101.856636047362997, 18.260690689086999 ], [ -101.889282226562003, 18.270618438720799 ], [ -101.876251220702997, 18.2807807922363 ], [ -101.869293212890994, 18.310222625732401 ], [ -101.874176025390994, 18.348239898681701 ], [ -101.903205871582003, 18.4049301147462 ], [ -101.880577087402003, 18.449420928955099 ], [ -101.905540466309006, 18.497270584106399 ], [ -101.899978637695, 18.506599426269599 ], [ -101.869972229004006, 18.512489318847699 ], [ -101.891998291015994, 18.520250320434702 ], [ -101.896125793457003, 18.535169601440501 ], [ -101.868537902832003, 18.555280685424901 ], [ -101.859817504882997, 18.536191940307699 ], [ -101.859832763672003, 18.5506095886231 ], [ -101.841430664062003, 18.547460556030401 ], [ -101.849662780762003, 18.564479827880898 ], [ -101.836837768555, 18.560920715331999 ], [ -101.82740020752, 18.569070816040199 ], [ -101.818206787109006, 18.5499801635743 ], [ -101.808036804199006, 18.5535411834718 ], [ -101.804656982422003, 18.531299591064499 ], [ -101.797157287597997, 18.547479629516701 ], [ -101.803199768065994, 18.5601310729981 ], [ -101.798599243164006, 18.568550109863299 ], [ -101.786987304687003, 18.567060470581101 ], [ -101.800056457519005, 18.5825290679932 ], [ -101.779968261719006, 18.579349517822301 ], [ -101.779968261719006, 18.5855312347413 ], [ -101.757446289062003, 18.594921112060501 ], [ -101.757232666015994, 18.549589157104499 ], [ -101.752403259277003, 18.566480636596701 ], [ -101.728675842285, 18.570810317993299 ], [ -101.719261169434006, 18.5549201965332 ], [ -101.717552185059006, 18.577329635620199 ], [ -101.690216064452997, 18.588951110839801 ], [ -101.657089233397997, 18.582180023193398 ], [ -101.655868530272997, 18.589729309081999 ], [ -101.638465881347997, 18.587009429931701 ], [ -101.61939239502, 18.5666408538819 ], [ -101.596946716309006, 18.517379760742099 ], [ -101.513977050780994, 18.481531143188601 ], [ -101.482086181640994, 18.4805927276612 ], [ -101.412147521972997, 18.503360748291001 ], [ -101.375526428222997, 18.5007209777832 ], [ -101.367668151855, 18.518310546875099 ], [ -101.348587036132997, 18.514970779418899 ], [ -101.292503356934006, 18.53537940979 ], [ -101.217697143555, 18.5342807769775 ], [ -101.194496154785, 18.512960433959901 ], [ -101.171936035155994, 18.513931274414201 ], [ -101.097763061522997, 18.493970870971701 ], [ -101.037773132324006, 18.5029411315919 ], [ -101.010032653809006, 18.493982315063398 ], [ -100.992851257324006, 18.4591999053956 ], [ -100.970710754395, 18.445411682128999 ], [ -100.953926086425994, 18.395391464233501 ], [ -100.933746337890994, 18.3945198059082 ], [ -100.918556213379006, 18.412612915039102 ], [ -100.90323638916, 18.4143180847168 ], [ -100.877029418945, 18.436750411987401 ], [ -100.852432250977003, 18.415040969848601 ], [ -100.798927307129006, 18.408769607543899 ], [ -100.779052734375, 18.376239776611399 ], [ -100.727996826172003, 18.343410491943398 ], [ -100.703536987305, 18.3590908050537 ], [ -100.687889099120994, 18.343420028686499 ], [ -100.688850402832003, 18.317710876464801 ], [ -100.679832458495994, 18.307489395141602 ], [ -100.647216796875, 18.308559417724702 ], [ -100.620628356934006, 18.3389492034913 ], [ -100.618606567382997, 18.354820251464901 ], [ -100.681617736815994, 18.420850753784201 ], [ -100.729591369629006, 18.491540908813501 ], [ -100.741600036620994, 18.611291885376001 ], [ -100.784446716309006, 18.743700027465799 ], [ -100.78955078125, 18.784748077392599 ], [ -100.771263122559006, 18.8119506835938 ], [ -100.718856811522997, 18.847547531127901 ], [ -100.706123352050994, 18.830232620239201 ], [ -100.698226928710994, 18.787820816040099 ], [ -100.687927246094006, 18.782850265502901 ], [ -100.590476989745994, 18.894340515136701 ], [ -100.544357299805, 18.9232692718506 ], [ -100.509773254395, 19.007440567016602 ], [ -100.414436340332003, 19.059240341186499 ], [ -100.42325592041, 19.012739181518601 ], [ -100.407096862792997, 18.982320785522599 ], [ -100.404960632324006, 18.959608078003001 ], [ -100.453163146972997, 18.864231109619102 ], [ -100.479011535644005, 18.714899063110401 ], [ -100.464019775390994, 18.653881072998001 ], [ -100.400253295897997, 18.635210037231499 ], [ -100.389472961425994, 18.612180709838899 ], [ -100.389022827147997, 18.588478088378999 ], [ -100.407409667969006, 18.541660308838001 ], [ -100.465316772460994, 18.4863395690919 ], [ -100.466026306152003, 18.4769210815431 ], [ -100.459259033202997, 18.465507507324201 ], [ -100.440612792969006, 18.457901000976602 ], [ -100.393913269042997, 18.468290328979599 ], [ -100.327186584472997, 18.455419540405298 ], [ -100.314331054687003, 18.404251098632901 ], [ -100.255302429199006, 18.339300155639702 ], [ -100.247001647949006, 18.361738204956101 ], [ -100.229415893555, 18.354959487915 ], [ -100.215881347655994, 18.369791030883899 ], [ -100.211357116699006, 18.352460861206101 ], [ -100.177139282227003, 18.396730422973601 ], [ -100.12272644043, 18.442359924316499 ], [ -100.068305969237997, 18.447639465331999 ], [ -100.027290344237997, 18.463630676269499 ], [ -100.057746887207003, 18.513820648193501 ], [ -100.052062988280994, 18.529951095581101 ], [ -100.016967773437003, 18.552860260009801 ], [ -100.003120422362997, 18.555549621581999 ], [ -99.966262817382798, 18.538200378418001 ], [ -99.839981079101506, 18.545749664306602 ], [ -99.831596374511605, 18.5477008819581 ], [ -99.820075988769503, 18.5701084136963 ], [ -99.793991088867102, 18.583778381347699 ], [ -99.750907897949205, 18.5748004913331 ], [ -99.733642578124901, 18.634410858154201 ], [ -99.663238525390597, 18.646369934081999 ], [ -99.660797119140597, 18.663709640503001 ], [ -99.68017578125, 18.707201004028398 ], [ -99.657516479492102, 18.7187690734863 ], [ -99.634483337402301, 18.7040901184082 ], [ -99.608963012695298, 18.672960281372099 ], [ -99.562080383300696, 18.664829254150401 ], [ -99.529716491699205, 18.647470474243299 ], [ -99.496932983398395, 18.665998458862401 ], [ -99.460792541503807, 18.6590881347657 ], [ -99.444160461425795, 18.624282836914102 ], [ -99.450813293457003, 18.605960845947401 ], [ -99.470558166503906, 18.586931228637699 ], [ -99.469711303710895, 18.577671051025401 ], [ -99.452888488769503, 18.573310852050799 ], [ -99.410217285156193, 18.5818996429444 ], [ -99.378387451171804, 18.573991775512798 ], [ -99.352142333984403, 18.551691055297901 ], [ -99.308677673339801, 18.483631134033299 ], [ -99.284461975097599, 18.4628505706787 ], [ -99.055747985839801, 18.431999206543001 ], [ -98.972557067871094, 18.347391128540099 ], [ -98.977111816406193, 18.321559906006001 ], [ -98.971267700195298, 18.294450759887798 ], [ -98.920097351074205, 18.255670547485401 ], [ -98.858161926269503, 18.2252712249757 ], [ -98.817718505859304, 18.145891189575099 ], [ -98.714599609375, 18.157728195190501 ], [ -98.698547363281193, 18.1534099578857 ], [ -98.685607910156193, 18.131660461425799 ], [ -98.723121643066307, 18.085678100586001 ], [ -98.616912841796903, 18.050500869751101 ], [ -98.590156555175795, 18.023250579834102 ], [ -98.555152893066406, 18.017581939697301 ], [ -98.545982360839801, 18.006111145019599 ], [ -98.550277709960895, 17.976749420166001 ], [ -98.493942260742102, 17.988481521606602 ], [ -98.471977233886705, 17.977991104126101 ], [ -98.441116333007798, 18.011150360107401 ], [ -98.385559082031193, 18.0192604064943 ], [ -98.314872741699105, 17.940378189086999 ], [ -98.250602722167997, 17.909959793090799 ], [ -98.279159545898395, 17.8667812347412 ], [ -98.320442199707003, 17.759050369262798 ], [ -98.326828002929702, 17.704561233520501 ], [ -98.316818237304702, 17.6650695800782 ], [ -98.239295959472699, 17.5319309234619 ], [ -98.217910766601605, 17.472549438476499 ], [ -98.204887390136705, 17.338951110839901 ], [ -98.193717956542997, 17.29660987854 ], [ -98.230316162109403, 17.264511108398398 ], [ -98.231719970703097, 17.1924228668213 ], [ -98.236495971679702, 17.207250595092798 ], [ -98.237457275390597, 17.185390472412099 ], [ -98.215599060058594, 17.1655502319337 ], [ -98.123718261718807, 17.135889053344801 ], [ -98.103698730468693, 17.0760307312012 ], [ -98.107650756835895, 17.0023212432862 ], [ -98.046142578125, 16.979629516601701 ], [ -98.021087646484403, 16.9139003753662 ], [ -98.037078857421903, 16.8283290863038 ], [ -98.058319091796804, 16.793521881103601 ], [ -98.101486206054702, 16.753368377685501 ], [ -98.143173217773395, 16.749740600586001 ], [ -98.176750183105398, 16.7293205261232 ], [ -98.184257507324205, 16.680429458618299 ], [ -98.194763183593807, 16.663379669189499 ], [ -98.260978698730398, 16.599411010742202 ], [ -98.345756530761705, 16.547460556030298 ], [ -98.365013122558494, 16.4659309387206 ], [ -98.376426696777301, 16.4491996765137 ], [ -98.556251525878906, 16.319026947021602 ], [ -98.569862365722599, 16.325138092041101 ], [ -98.567085266113196, 16.339860916137699 ], [ -98.582916259765597, 16.3565273284912 ], [ -98.698471069335895, 16.4587497711182 ], [ -98.704582214355497, 16.469863891601602 ], [ -98.692916870117202, 16.470972061157301 ], [ -98.694862365722699, 16.474306106567401 ], [ -98.707084655761705, 16.473749160766602 ], [ -98.773193359374901, 16.554582595825099 ], [ -98.813194274902301, 16.554582595825099 ], [ -98.824859619140597, 16.562084197998001 ], [ -98.816802978515597, 16.554582595825099 ], [ -98.844581604003906, 16.547359466552798 ], [ -98.855972290039006, 16.527082443237301 ], [ -98.907081604003807, 16.5340270996094 ], [ -99.040138244628807, 16.581527709961001 ], [ -99.329864501953097, 16.657083511352599 ], [ -99.490692138671903, 16.688749313354599 ], [ -99.604583740234403, 16.684860229492202 ], [ -99.603195190429702, 16.707359313964801 ], [ -99.612640380859403, 16.684028625488398 ], [ -99.652084350585895, 16.694305419921999 ], [ -99.763191223144503, 16.745971679687599 ], [ -99.819862365722599, 16.790695190429702 ], [ -99.836524963378807, 16.782638549804801 ], [ -99.859024047851605, 16.794584274292099 ], [ -99.850418090820298, 16.7995834350587 ], [ -99.839584350585895, 16.794305801391701 ], [ -99.835975646972599, 16.803470611572301 ], [ -99.876525878906193, 16.813749313354499 ], [ -99.863197326660199, 16.835138320923001 ], [ -99.850975036621094, 16.837917327880898 ], [ -99.860420227050795, 16.854860305786101 ], [ -99.882637023925795, 16.8601379394531 ], [ -99.899581909179602, 16.8537483215332 ], [ -99.908470153808594, 16.841249465942301 ], [ -99.892082214355497, 16.835416793823399 ], [ -99.914581298828097, 16.827360153198299 ], [ -99.924583435058594, 16.859584808349702 ], [ -99.977912902832003, 16.9043064117432 ], [ -100.123191833495994, 16.949306488037099 ], [ -100.27791595459, 17.009027481079201 ] ], [ [ -100.216186523437003, 18.347391128540099 ], [ -100.234191894530994, 18.346271514892599 ], [ -100.233772277832003, 18.336860656738299 ], [ -100.231506347655994, 18.3341808319093 ], [ -100.216186523437003, 18.347391128540099 ] ] ], [ [ [ -101.657913208007997, 17.6781959533693 ], [ -101.654304504395, 17.678747177123999 ], [ -101.651802062987997, 17.674583435058601 ], [ -101.660140991210994, 17.674028396606399 ], [ -101.657913208007997, 17.6781959533693 ] ] ], [ [ [ -99.605140686035199, 16.6926383972169 ], [ -99.607086181640597, 16.688749313354599 ], [ -99.606529235839702, 16.6979160308838 ], [ -99.6048583984375, 16.696805953979499 ], [ -99.605140686035199, 16.6926383972169 ] ] ] ] } },
{ "type": "Feature", "properties": { "NAME_1": "Hidalgo" }, "geometry": { "type": "Polygon", "coordinates": [ [ [ -99.212226867675795, 19.8078308105469 ], [ -99.229866027832003, 19.8072700500488 ], [ -99.284088134765597, 19.8413600921632 ], [ -99.302818298339801, 19.845251083373999 ], [ -99.300582885742102, 19.7924709320069 ], [ -99.311096191406193, 19.758621215820401 ], [ -99.330329895019503, 19.736291885376001 ], [ -99.363220214843693, 19.723791122436499 ], [ -99.355583190917898, 19.815322875976701 ], [ -99.370773315429602, 19.841302871704201 ], [ -99.371177673339801, 19.866050720215 ], [ -99.402282714843807, 19.894750595092798 ], [ -99.412307739257798, 19.938270568847699 ], [ -99.449417114257798, 19.964960098266602 ], [ -99.459663391113196, 19.9812202453613 ], [ -99.458961486816307, 19.998630523681701 ], [ -99.433296203613295, 20.026960372924901 ], [ -99.481597900390497, 20.101390838623001 ], [ -99.493858337402301, 20.140968322753899 ], [ -99.519302368164105, 20.150579452514801 ], [ -99.527526855468807, 20.173360824585 ], [ -99.669921874999901, 20.187589645385899 ], [ -99.710166931152301, 20.1986618041993 ], [ -99.755371093749901, 20.2315998077393 ], [ -99.809593200683594, 20.250310897827301 ], [ -99.862266540527301, 20.30721282959 ], [ -99.853546142578097, 20.3291110992432 ], [ -99.852867126464801, 20.3890800476075 ], [ -99.827392578124901, 20.545459747314499 ], [ -99.811820983886705, 20.559259414672901 ], [ -99.758758544921903, 20.5719528198243 ], [ -99.722656249999901, 20.597690582275401 ], [ -99.690856933593807, 20.597480773925898 ], [ -99.605812072753906, 20.6243495941163 ], [ -99.545791625976605, 20.6573791503907 ], [ -99.512886047363295, 20.684892654419102 ], [ -99.512878417968594, 20.705320358276399 ], [ -99.538986206054602, 20.741580963134901 ], [ -99.537986755371094, 20.760620117187401 ], [ -99.485679626464801, 20.8651428222656 ], [ -99.445846557617202, 20.872680664062599 ], [ -99.413459777832003, 20.917800903320298 ], [ -99.396186828613295, 20.964981079101602 ], [ -99.391830444335895, 21.010320663452202 ], [ -99.361351013183594, 21.0595207214356 ], [ -99.377082824707003, 21.0870094299318 ], [ -99.374732971191406, 21.095710754394599 ], [ -99.329933166503807, 21.123109817504901 ], [ -99.314849853515597, 21.152839660644599 ], [ -99.293807983398395, 21.150060653686499 ], [ -99.257667541503807, 21.127780914306701 ], [ -99.212112426757798, 21.138431549072301 ], [ -99.159416198730398, 21.164600372314499 ], [ -99.109519958496094, 21.1680908203125 ], [ -99.081413269042898, 21.1911010742187 ], [ -99.069686889648395, 21.232019424438501 ], [ -99.044799804687401, 21.2724094390869 ], [ -99.042266845703097, 21.2938117980956 ], [ -98.959449768066307, 21.3211994171144 ], [ -98.943351745605497, 21.316038131713899 ], [ -98.916908264160099, 21.269309997558501 ], [ -98.906562805175795, 21.231630325317401 ], [ -98.873146057128807, 21.2016105651856 ], [ -98.853096008300696, 21.1909503936769 ], [ -98.809997558593693, 21.1923007965087 ], [ -98.764366149902301, 21.256111145019599 ], [ -98.765327453613295, 21.284931182861399 ], [ -98.756156921386705, 21.280849456787099 ], [ -98.737152099609304, 21.243869781494102 ], [ -98.719329833984403, 21.2322711944581 ], [ -98.665977478027301, 21.342710494995099 ], [ -98.603523254394503, 21.4121704101562 ], [ -98.509033203124901, 21.410671234130898 ], [ -98.487800598144503, 21.3638000488282 ], [ -98.506057739257798, 21.282890319824201 ], [ -98.445098876953097, 21.224460601806701 ], [ -98.372589111328097, 21.186580657959102 ], [ -98.319602966308594, 21.186719894409201 ], [ -98.292167663574205, 21.219190597534201 ], [ -98.263740539550696, 21.216659545898398 ], [ -98.210952758789105, 21.196090698242202 ], [ -98.190986633300696, 21.180070877075298 ], [ -98.186851501464801, 21.157302856445401 ], [ -98.110176086425795, 21.068170547485401 ], [ -98.111412048339801, 21.0560607910156 ], [ -98.175308227539105, 20.99102973938 ], [ -98.205802917480497, 20.9180202484131 ], [ -98.2093505859375, 20.892780303955099 ], [ -98.187179565429702, 20.8531818389893 ], [ -98.191848754882699, 20.832309722900401 ], [ -98.25, 20.818740844726701 ], [ -98.309127807617102, 20.872787475585898 ], [ -98.327476501464801, 20.87260055542 ], [ -98.418968200683594, 20.796501159668001 ], [ -98.435882568359304, 20.759241104126001 ], [ -98.461959838867202, 20.738870620727699 ], [ -98.474845886230497, 20.601488113403398 ], [ -98.502716064453097, 20.5381298065187 ], [ -98.509071350097699, 20.4809799194337 ], [ -98.447158813476605, 20.356018066406399 ], [ -98.430717468261705, 20.338331222534201 ], [ -98.418685913085895, 20.336828231811602 ], [ -98.353179931640597, 20.402919769287099 ], [ -98.292587280273395, 20.422121047973601 ], [ -98.254096984863196, 20.4464302062988 ], [ -98.178779602050696, 20.530189514160298 ], [ -98.108757019042898, 20.560590744018601 ], [ -98.011611938476605, 20.6585597991943 ], [ -97.999862670898395, 20.660659790039201 ], [ -97.959686279296903, 20.6278190612793 ], [ -97.937957763671804, 20.623001098632901 ], [ -97.9337158203125, 20.5139694213868 ], [ -97.962677001953097, 20.479011535644599 ], [ -98.049377441406193, 20.415111541748001 ], [ -98.092765808105497, 20.3585090637207 ], [ -98.230400085449205, 20.2987575531007 ], [ -98.221282958984304, 20.2670497894288 ], [ -98.202201843261705, 20.2404804229737 ], [ -98.184478759765597, 20.237880706787202 ], [ -98.137481689453097, 20.257099151611399 ], [ -98.113113403320298, 20.255731582641701 ], [ -98.114311218261705, 20.2204494476318 ], [ -98.100456237792898, 20.1892204284669 ], [ -98.101791381835895, 20.151041030883899 ], [ -98.108963012695298, 20.146770477294901 ], [ -98.102203369140497, 20.144020080566399 ], [ -98.104782104492202, 20.121789932251001 ], [ -98.131950378417898, 19.994421005248999 ], [ -98.164291381835895, 19.950599670410199 ], [ -98.1956787109375, 19.865129470825298 ], [ -98.195182800292898, 19.834730148315501 ], [ -98.159523010253906, 19.707080841064599 ], [ -98.165267944335895, 19.699308395385899 ], [ -98.2564697265625, 19.720060348510899 ], [ -98.302223205566406, 19.651582717895501 ], [ -98.342216491699205, 19.619308471679702 ], [ -98.409248352050795, 19.606491088867202 ], [ -98.474403381347599, 19.614831924438501 ], [ -98.674797058105497, 19.5501594543457 ], [ -98.682800292968594, 19.595649719238299 ], [ -98.678466796875, 19.620651245117202 ], [ -98.662536621093807, 19.662330627441499 ], [ -98.619316101074205, 19.7262897491456 ], [ -98.609069824218693, 19.760549545288001 ], [ -98.616065979003906, 19.826572418212901 ], [ -98.672752380370994, 19.826908111572301 ], [ -98.788276672363196, 19.806850433349599 ], [ -98.841682434081903, 19.8060703277588 ], [ -98.866371154785099, 19.768840789795 ], [ -98.897026062011705, 19.7431926727294 ], [ -98.921180725097699, 19.7006111145019 ], [ -98.938568115234304, 19.699899673461999 ], [ -98.951957702636705, 19.710069656372202 ], [ -98.954406738281094, 19.75465965271 ], [ -98.986587524414105, 19.817070007324201 ], [ -98.952140808105497, 19.846178054809599 ], [ -98.908088684082003, 19.853691101074201 ], [ -98.902313232421804, 19.8616027832032 ], [ -98.903106689453097, 19.9056205749513 ], [ -98.893539428710895, 19.939140319824201 ], [ -98.871856689453097, 19.973182678222699 ], [ -98.863777160644503, 20.015520095825199 ], [ -98.874221801757798, 20.054319381713899 ], [ -98.892662048339801, 20.070619583129901 ], [ -98.955963134765597, 20.052249908447301 ], [ -99.015266418457003, 20.016229629516499 ], [ -99.163757324218807, 19.982091903686602 ], [ -99.177642822265597, 19.956098556518601 ], [ -99.180763244628906, 19.859430313110501 ], [ -99.212226867675795, 19.8078308105469 ] ] ] } },
{ "type": "Feature", "properties": { "NAME_1": "Jalisco" }, "geometry": { "type": "MultiPolygon", "coordinates": [ [ [ [ -104.812362670897997, 19.232084274291999 ], [ -104.813468933105, 19.224861145019499 ], [ -104.816802978515994, 19.2209701538087 ], [ -104.814308166504006, 19.233749389648601 ], [ -104.812362670897997, 19.232084274291999 ] ] ], [ [ [ -104.682357788085994, 19.201250076293899 ], [ -104.690696716309006, 19.218194961547798 ], [ -104.711250305175994, 19.222639083862401 ], [ -104.711524963379006, 19.213750839233398 ], [ -104.734306335449006, 19.222082138061602 ], [ -104.733474731445, 19.239025115966701 ], [ -104.751525878905994, 19.237363815307599 ], [ -104.755142211914006, 19.225139617919901 ], [ -104.772087097167997, 19.2304172515869 ], [ -104.773475646972997, 19.2387504577637 ], [ -104.79736328125, 19.229860305786101 ], [ -104.809860229492003, 19.2331943511963 ], [ -104.809860229492003, 19.258193969726499 ], [ -104.799858093262003, 19.2615280151368 ], [ -104.788749694824006, 19.281528472900501 ], [ -104.801246643065994, 19.300693511962901 ], [ -104.834587097167997, 19.3065280914307 ], [ -104.837364196777003, 19.289028167724599 ], [ -104.864028930664006, 19.290693283081101 ], [ -104.874031066894005, 19.283750534057599 ], [ -104.871803283690994, 19.276805877685501 ], [ -104.87735748291, 19.276527404785199 ], [ -104.879585266112997, 19.286527633667099 ], [ -104.902641296387003, 19.300693511962901 ], [ -104.938468933105, 19.3073616027832 ], [ -104.963752746582003, 19.3301391601562 ], [ -104.993751525879006, 19.358474731445401 ], [ -104.987640380859006, 19.376527786254901 ], [ -104.99764251709, 19.3654174804688 ], [ -105.029586791992003, 19.3845825195313 ], [ -105.031524658202997, 19.396528244018601 ], [ -105.022636413574006, 19.395694732666101 ], [ -105.017913818359006, 19.4170837402343 ], [ -105.029861450195, 19.427917480468899 ], [ -105.024307250977003, 19.435417175293001 ], [ -105.032638549805, 19.444860458374102 ], [ -105.073196411132997, 19.4706935882568 ], [ -105.058746337890994, 19.471805572509801 ], [ -105.066802978515994, 19.4887504577637 ], [ -105.061531066894005, 19.495418548583999 ], [ -105.076805114745994, 19.500139236450199 ], [ -105.079582214355, 19.514583587646602 ], [ -105.086250305175994, 19.5140285491944 ], [ -105.081253051757997, 19.532363891601602 ], [ -105.089302062987997, 19.5604152679444 ], [ -105.119857788085994, 19.587638854980501 ], [ -105.13346862793, 19.585693359374901 ], [ -105.132362365722997, 19.572914123535099 ], [ -105.142364501952997, 19.5745830535888 ], [ -105.154304504394005, 19.590694427490298 ], [ -105.151527404785, 19.602361679077202 ], [ -105.163192749022997, 19.602918624878001 ], [ -105.161529541015994, 19.612363815307599 ], [ -105.202362060547003, 19.619583129882901 ], [ -105.200416564940994, 19.630418777465799 ], [ -105.264579772949006, 19.6781921386718 ], [ -105.260414123535, 19.688749313354499 ], [ -105.27513885498, 19.710695266723601 ], [ -105.29125213623, 19.719303131103501 ], [ -105.33097076416, 19.7651386260987 ], [ -105.347915649414006, 19.808750152587798 ], [ -105.492080688477003, 19.9890251159668 ], [ -105.550140380859006, 20.094028472900401 ], [ -105.541526794432997, 20.182083129882901 ], [ -105.550415039062003, 20.2204189300537 ], [ -105.567359924315994, 20.236251831054801 ], [ -105.58097076416, 20.235694885253999 ], [ -105.591529846190994, 20.264583587646602 ], [ -105.65625, 20.317361831665199 ], [ -105.686805725097997, 20.367082595825298 ], [ -105.694862365722997, 20.409584045410199 ], [ -105.672637939452997, 20.407640457153299 ], [ -105.671524047852003, 20.4259738922119 ], [ -105.653198242187003, 20.428472518921001 ], [ -105.648750305175994, 20.445693969726701 ], [ -105.635696411132997, 20.445693969726701 ], [ -105.616249084472997, 20.471250534057599 ], [ -105.57430267334, 20.484306335449201 ], [ -105.469581604004006, 20.496805191040099 ], [ -105.443748474120994, 20.4876384735107 ], [ -105.441802978515994, 20.501806259155298 ], [ -105.316802978515994, 20.512636184692401 ], [ -105.320137023925994, 20.5184726715088 ], [ -105.292640686035, 20.532917022705199 ], [ -105.287635803222997, 20.546806335449201 ], [ -105.257919311522997, 20.557638168335 ], [ -105.232360839844006, 20.6181945800781 ], [ -105.24153137207, 20.656806945800898 ], [ -105.248474121094006, 20.653749465942401 ], [ -105.285140991210994, 20.6726379394532 ], [ -105.296524047852003, 20.693098068237301 ], [ -105.269737243652003, 20.7170219421388 ], [ -105.221366882324006, 20.789779663086101 ], [ -105.201301574707003, 20.797700881958001 ], [ -105.200462341309006, 20.815788269043001 ], [ -105.138153076172003, 20.8915004730225 ], [ -105.106056213379006, 20.9114303588868 ], [ -105.066307067870994, 20.922309875488398 ], [ -105.053916931152003, 20.921550750732401 ], [ -105.031318664550994, 20.902032852172901 ], [ -104.967437744140994, 20.907142639160199 ], [ -104.851081848145, 20.995100021362401 ], [ -104.801292419434006, 21.00345993042 ], [ -104.741516113280994, 20.975580215454201 ], [ -104.686950683594006, 20.918401718139702 ], [ -104.628143310547003, 20.898731231689499 ], [ -104.586853027344006, 20.9037399291993 ], [ -104.569961547852003, 20.8925590515137 ], [ -104.469047546387003, 20.783870697021499 ], [ -104.420890808105, 20.758970260620199 ], [ -104.386726379394005, 20.719022750854499 ], [ -104.321502685547003, 20.671901702880898 ], [ -104.295867919922003, 20.6395797729493 ], [ -104.281776428222997, 20.591260910034201 ], [ -104.259452819824006, 20.5813503265381 ], [ -104.263336181640994, 20.6427516937256 ], [ -104.279289245605, 20.667730331420898 ], [ -104.30744934082, 20.6845607757569 ], [ -104.297653198242003, 20.710651397705099 ], [ -104.324928283690994, 20.730180740356399 ], [ -104.340042114257997, 20.787940979003899 ], [ -104.328872680664006, 20.808429718017599 ], [ -104.292030334472997, 20.816329956054702 ], [ -104.286628723145, 20.8242282867432 ], [ -104.246406555175994, 21.000331878662099 ], [ -104.229339599609006, 21.138019561767599 ], [ -104.095626831055, 21.152210235595799 ], [ -104.067848205565994, 21.1467609405518 ], [ -104.040870666504006, 21.1550312042237 ], [ -103.991172790527003, 21.197921752929801 ], [ -103.911598205565994, 21.211290359497099 ], [ -103.849311828612997, 21.243860244751001 ], [ -103.82884979248, 21.261659622192401 ], [ -103.814651489257997, 21.298259735107401 ], [ -103.814628601074006, 21.355768203735401 ], [ -103.801048278809006, 21.4452304840088 ], [ -103.804336547852003, 21.4846706390381 ], [ -103.832817077637003, 21.5283107757568 ], [ -103.876571655272997, 21.560569763183601 ], [ -103.903846740722997, 21.614259719848601 ], [ -103.916557312012003, 21.676000595092798 ], [ -103.928939819335994, 21.7004203796388 ], [ -103.950706481932997, 21.715160369873001 ], [ -104.097457885742003, 21.724809646606602 ], [ -104.125549316405994, 21.735710144043001 ], [ -104.149307250977003, 21.7899703979493 ], [ -104.158042907715, 21.900550842285199 ], [ -104.225196838379006, 21.9144001007081 ], [ -104.267211914062003, 21.955680847168001 ], [ -104.332992553710994, 21.9362812042237 ], [ -104.345291137695, 21.972009658813601 ], [ -104.349716186522997, 22.061750411987401 ], [ -104.333969116210994, 22.136070251464801 ], [ -104.303176879882997, 22.220911026001101 ], [ -104.308959960937997, 22.248582839965799 ], [ -104.291496276855, 22.276790618896499 ], [ -104.268966674805, 22.292459487915 ], [ -104.233268737792997, 22.294321060180799 ], [ -104.215103149414006, 22.2819519042969 ], [ -104.204612731934006, 22.285539627075298 ], [ -104.210556030272997, 22.351261138916001 ], [ -104.19026184082, 22.4016304016113 ], [ -104.13591003418, 22.410501480102699 ], [ -104.074028015137003, 22.437021255493299 ], [ -104.056686401367003, 22.4292316436768 ], [ -104.055961608887003, 22.4037895202637 ], [ -104.094551086425994, 22.302610397338999 ], [ -104.083946228027003, 22.284410476684702 ], [ -104.011741638182997, 22.3271083831787 ], [ -103.970703125, 22.371000289916999 ], [ -103.976959228515994, 22.424108505249102 ], [ -104.046989440917997, 22.566339492798001 ], [ -104.042556762695, 22.595899581909201 ], [ -103.964286804199006, 22.648710250854499 ], [ -103.888168334960994, 22.6674003601075 ], [ -103.843948364257997, 22.665470123291101 ], [ -103.799766540527003, 22.649700164795 ], [ -103.774971008300994, 22.624080657958999 ], [ -103.783737182617003, 22.595340728759901 ], [ -103.830177307129006, 22.562969207763601 ], [ -103.90007019043, 22.4746608734132 ], [ -103.951995849609006, 22.346250534057699 ], [ -103.960021972655994, 22.247238159179702 ], [ -103.954795837402003, 22.215450286865199 ], [ -103.924652099609006, 22.165620803833001 ], [ -103.892646789550994, 22.1414394378663 ], [ -103.860038757324006, 22.143081665039102 ], [ -103.846229553222997, 22.1773796081544 ], [ -103.841262817382997, 22.262670516967798 ], [ -103.8486328125, 22.3973197937012 ], [ -103.839897155762003, 22.458749771118299 ], [ -103.810417175292997, 22.471830368042099 ], [ -103.683036804199006, 22.493579864501999 ], [ -103.626487731934006, 22.474689483642599 ], [ -103.570297241210994, 22.426090240478601 ], [ -103.5517578125, 22.382909774780401 ], [ -103.548027038574006, 22.310989379882901 ], [ -103.698806762695, 22.081689834594702 ], [ -103.70263671875, 22.064500808715898 ], [ -103.67936706543, 22.039880752563601 ], [ -103.609527587890994, 22.036422729492301 ], [ -103.571846008300994, 22.069650650024499 ], [ -103.546379089355, 22.058599472046001 ], [ -103.523918151855, 22.0618190765381 ], [ -103.501007080077997, 22.042310714721602 ], [ -103.459991455077997, 22.058679580688501 ], [ -103.415817260742003, 22.131891250610401 ], [ -103.354690551757997, 22.162982940673899 ], [ -103.326988220215, 22.193830490112401 ], [ -103.332176208495994, 22.206180572509801 ], [ -103.363098144530994, 22.2153205871582 ], [ -103.376556396484006, 22.231941223144499 ], [ -103.363983154297003, 22.301519393920799 ], [ -103.297439575195, 22.3265094757081 ], [ -103.234901428222997, 22.327489852905298 ], [ -103.195510864257997, 22.318059921264801 ], [ -103.185836791992003, 22.290390014648501 ], [ -103.214668273925994, 22.2500400543213 ], [ -103.212547302245994, 22.228479385376001 ], [ -103.193260192870994, 22.216941833496101 ], [ -103.1103515625, 22.212329864501999 ], [ -103.090049743652003, 22.198600769043001 ], [ -103.089836120605, 22.1704006195069 ], [ -103.133087158202997, 22.023981094360401 ], [ -103.17399597168, 21.950740814208999 ], [ -103.195266723632997, 21.935350418090898 ], [ -103.258880615234006, 21.923290252685501 ], [ -103.369209289550994, 21.869880676269599 ], [ -103.452133178710994, 21.7966403961182 ], [ -103.559906005859006, 21.7269496917725 ], [ -103.568389892577997, 21.6938400268556 ], [ -103.557418823242003, 21.648450851440401 ], [ -103.575538635254006, 21.5517597198487 ], [ -103.626510620117003, 21.514310836792099 ], [ -103.640548706055, 21.489959716796999 ], [ -103.704795837402003, 21.480289459228601 ], [ -103.700965881347997, 21.437040328979499 ], [ -103.672386169434006, 21.3838710784913 ], [ -103.643997192382997, 21.363662719726701 ], [ -103.594482421875, 21.382230758666999 ], [ -103.567657470702997, 21.376939773559599 ], [ -103.554039001465, 21.354780197143601 ], [ -103.558067321777003, 21.316749572753999 ], [ -103.569969177245994, 21.294740676879901 ], [ -103.604682922362997, 21.274549484253001 ], [ -103.758209228515994, 21.2189006805419 ], [ -103.765899658202997, 21.211729049682699 ], [ -103.764106750487997, 21.194658279418999 ], [ -103.74308013916, 21.1816501617432 ], [ -103.652687072754006, 21.1621112823487 ], [ -103.629219055175994, 21.134820938110401 ], [ -103.602996826172003, 21.074970245361399 ], [ -103.562271118164006, 21.0524806976319 ], [ -103.471893310547003, 21.059709548950298 ], [ -103.355728149414006, 20.999540328979599 ], [ -103.316337585449006, 21.017360687255898 ], [ -103.285179138184006, 21.0123805999756 ], [ -103.266456604004006, 21.0394496917725 ], [ -103.227127075195, 21.0465412139894 ], [ -103.191429138184006, 21.031650543212901 ], [ -103.158561706542997, 21.028400421142599 ], [ -103.140167236327997, 21.0460510253907 ], [ -103.094177246094006, 21.053300857543899 ], [ -103.075813293457003, 21.134889602661101 ], [ -103.062126159667997, 21.151041030883899 ], [ -103.003189086914006, 21.17746925354 ], [ -102.928855895995994, 21.159200668334901 ], [ -102.790657043457003, 21.267360687255898 ], [ -102.698905944824006, 21.319778442382901 ], [ -102.660713195800994, 21.368869781494201 ], [ -102.639701843262003, 21.446161270141499 ], [ -102.641616821289006, 21.469400405883899 ], [ -102.752349853515994, 21.536211013793899 ], [ -102.778656005859006, 21.6054096221925 ], [ -102.774803161620994, 21.687871932983501 ], [ -102.728706359862997, 21.71928024292 ], [ -102.693252563477003, 21.729120254516701 ], [ -102.524780273437997, 21.715581893920799 ], [ -102.498527526855, 21.704339981079201 ], [ -102.455261230469006, 21.6625995635987 ], [ -102.410491943359006, 21.649919509887699 ], [ -102.368362426757997, 21.624620437622099 ], [ -102.346366882324006, 21.621749877929801 ], [ -102.197563171387003, 21.6657829284668 ], [ -102.16886138916, 21.6846103668213 ], [ -102.066963195800994, 21.816932678222699 ], [ -101.9794921875, 21.859380722046001 ], [ -101.911346435547003, 21.877080917358501 ], [ -101.896156311035, 21.890230178833001 ], [ -101.912567138672003, 21.919111251831101 ], [ -101.974472045897997, 21.9700012207032 ], [ -101.975631713867003, 21.997919082641701 ], [ -101.964729309082003, 22.029621124267699 ], [ -101.975219726562003, 22.0517902374268 ], [ -101.896492004394005, 22.0389308929443 ], [ -101.77921295166, 21.992650985717798 ], [ -101.641983032227003, 21.887609481811602 ], [ -101.547721862792997, 21.8532829284668 ], [ -101.54744720459, 21.845079421997099 ], [ -101.595947265625, 21.797010421753001 ], [ -101.589027404785, 21.783607482910199 ], [ -101.565391540527003, 21.768310546875 ], [ -101.613639831542997, 21.718189239502099 ], [ -101.608161926269005, 21.694061279296999 ], [ -101.669418334960994, 21.489629745483501 ], [ -101.666679382324006, 21.478929519653398 ], [ -101.640419006347997, 21.474571228027301 ], [ -101.665466308594006, 21.395870208740199 ], [ -101.637466430664006, 21.3844528198243 ], [ -101.638893127440994, 21.3625297546387 ], [ -101.659629821777003, 21.327430725097798 ], [ -101.677001953125, 21.313369750976499 ], [ -101.717971801757997, 21.3185424804688 ], [ -101.751251220702997, 21.295150756836001 ], [ -101.752113342285, 21.257938385009901 ], [ -101.785469055175994, 21.193220138549801 ], [ -101.791976928710994, 21.1632804870606 ], [ -101.831802368164006, 21.126449584960898 ], [ -101.872673034667997, 21.108182907104499 ], [ -101.891456604004006, 21.0907306671143 ], [ -101.931640625, 21.030441284179702 ], [ -101.958480834960994, 20.954460144043001 ], [ -102.001350402832003, 20.9085712432862 ], [ -102.045036315917997, 20.880790710449201 ], [ -102.046600341797003, 20.854120254516499 ], [ -102.075042724609006, 20.816921234131001 ], [ -102.133987426757997, 20.770811080932699 ], [ -102.124008178710994, 20.7417602539062 ], [ -102.108009338379006, 20.726520538330199 ], [ -102.030532836914006, 20.701280593872099 ], [ -101.979537963867003, 20.602401733398501 ], [ -102.002807617187003, 20.5709018707275 ], [ -102.023696899414006, 20.514570236206101 ], [ -102.054862976074006, 20.4634609222412 ], [ -102.055839538574006, 20.399362564086999 ], [ -102.066040039062003, 20.3691310882569 ], [ -102.170539855957003, 20.370510101318398 ], [ -102.263801574707003, 20.329280853271499 ], [ -102.32585144043, 20.336851119995199 ], [ -102.40030670166, 20.315250396728601 ], [ -102.452293395995994, 20.323200225830099 ], [ -102.495216369629006, 20.310550689697401 ], [ -102.577423095702997, 20.2488098144532 ], [ -102.600570678710994, 20.243659973144599 ], [ -102.61971282959, 20.251579284668001 ], [ -102.659782409667997, 20.2118110656738 ], [ -102.697723388672003, 20.199560165405401 ], [ -102.700981140137003, 20.153081893920799 ], [ -102.708358764647997, 20.145700454711999 ], [ -102.746955871582003, 20.145490646362301 ], [ -102.8076171875, 20.116228103637699 ], [ -102.82740020752, 20.118089675903299 ], [ -102.830467224120994, 20.094909667968899 ], [ -102.841911315917997, 20.085069656372202 ], [ -102.853996276855, 20.0859298706056 ], [ -102.876968383789006, 20.121271133423001 ], [ -102.896118164062003, 20.135280609131001 ], [ -102.978721618652003, 20.151760101318398 ], [ -102.994583129882997, 20.152280807495199 ], [ -103.005821228027003, 20.1402091979982 ], [ -102.998077392577997, 20.110910415649499 ], [ -103.047805786132997, 20.116210937500099 ], [ -103.056945800780994, 20.108919143676701 ], [ -103.058921813965, 20.017490386962901 ], [ -103.094596862792997, 19.9600505828857 ], [ -103.090682983397997, 19.943250656128001 ], [ -103.06095123291, 19.924110412597699 ], [ -103.031227111815994, 19.949201583862301 ], [ -103.006698608397997, 19.936439514160298 ], [ -102.958099365234006, 19.939609527587901 ], [ -102.804290771484006, 19.8932704925538 ], [ -102.770721435547003, 19.832029342651499 ], [ -102.767196655272997, 19.794050216674901 ], [ -102.780097961425994, 19.763050079345799 ], [ -102.81339263916, 19.746149063110298 ], [ -102.817108154297003, 19.735389709472798 ], [ -102.781539916992003, 19.644861221313398 ], [ -102.754058837890994, 19.616849899291999 ], [ -102.740951538085994, 19.576379776001101 ], [ -102.76619720459, 19.478071212768501 ], [ -102.646438598632997, 19.485441207885799 ], [ -102.620635986327997, 19.4711399078369 ], [ -102.601829528807997, 19.440029144287202 ], [ -102.597846984862997, 19.421941757202301 ], [ -102.605178833007997, 19.3962707519532 ], [ -102.699195861815994, 19.301532745361399 ], [ -102.733436584472997, 19.2134094238281 ], [ -102.743827819824006, 19.2111206054688 ], [ -102.803886413574006, 19.238981246948299 ], [ -102.834350585937997, 19.2323608398438 ], [ -102.880447387695, 19.2081394195557 ], [ -103.040977478027003, 19.072349548339901 ], [ -103.086669921875, 19.056259155273398 ], [ -103.129028320312003, 19.026292800903398 ], [ -103.199768066405994, 18.9573898315431 ], [ -103.219528198242003, 18.969739913940501 ], [ -103.254257202147997, 19.023500442504901 ], [ -103.270523071289006, 19.028400421142699 ], [ -103.364189147949006, 18.962841033935501 ], [ -103.405540466309006, 18.962171554565401 ], [ -103.42024230957, 18.973199844360401 ], [ -103.448127746582003, 18.973651885986399 ], [ -103.492767333984006, 18.958639144897599 ], [ -103.493637084960994, 19.031089782714801 ], [ -103.527366638182997, 19.0916423797607 ], [ -103.501228332519005, 19.153720855713001 ], [ -103.507308959960994, 19.268369674682699 ], [ -103.501808166504006, 19.300140380859499 ], [ -103.486572265625, 19.323810577392599 ], [ -103.502731323242003, 19.337509155273601 ], [ -103.526527404785, 19.342691421508899 ], [ -103.539260864257997, 19.376171112060501 ], [ -103.574668884277003, 19.398559570312599 ], [ -103.571388244629006, 19.446491241455199 ], [ -103.585830688475994, 19.540279388427798 ], [ -103.591957092285, 19.558509826660199 ], [ -103.602760314940994, 19.562721252441499 ], [ -103.617027282715, 19.558851242065501 ], [ -103.722129821777003, 19.464361190795898 ], [ -103.843826293945, 19.4055995941162 ], [ -103.900115966797003, 19.398130416870199 ], [ -104.020851135254006, 19.4126300811768 ], [ -104.066711425780994, 19.388629913330099 ], [ -104.09098815918, 19.354171752929702 ], [ -104.134178161620994, 19.346572875976602 ], [ -104.153396606445, 19.322080612182599 ], [ -104.181419372559006, 19.320499420166001 ], [ -104.204132080077997, 19.3094902038575 ], [ -104.249588012695, 19.3255310058593 ], [ -104.316467285155994, 19.30131149292 ], [ -104.358352661132997, 19.306819915771499 ], [ -104.400390625, 19.292249679565501 ], [ -104.422286987305, 19.307191848754901 ], [ -104.4638671875, 19.279220581054702 ], [ -104.482231140137003, 19.2487392425538 ], [ -104.498229980469006, 19.248979568481499 ], [ -104.517677307129006, 19.265079498291101 ], [ -104.552642822265994, 19.2659511566163 ], [ -104.596870422362997, 19.2014904022218 ], [ -104.639656066895, 19.1949901580812 ], [ -104.674285888672003, 19.206649780273601 ], [ -104.682357788085994, 19.201250076293899 ] ] ], [ [ [ -105.034301757812003, 19.390693664550799 ], [ -105.033470153809006, 19.388750076293899 ], [ -105.036247253417997, 19.388196945190501 ], [ -105.036804199219006, 19.391527175903398 ], [ -105.034301757812003, 19.390693664550799 ] ] ], [ [ [ -105.064025878905994, 19.477638244628999 ], [ -105.065971374512003, 19.476804733276399 ], [ -105.06819152832, 19.4779167175294 ], [ -105.065414428710994, 19.479028701782301 ], [ -105.064025878905994, 19.477638244628999 ] ] ], [ [ [ -105.092361450195, 19.5259723663331 ], [ -105.090141296387003, 19.525140762329102 ], [ -105.091529846190994, 19.5226364135743 ], [ -105.095413208007997, 19.5268058776857 ], [ -105.092361450195, 19.5259723663331 ] ] ], [ [ [ -105.087364196777003, 19.533750534057699 ], [ -105.087913513184006, 19.53125 ], [ -105.089584350585994, 19.531803131103501 ], [ -105.088195800780994, 19.5362472534181 ], [ -105.087364196777003, 19.533750534057699 ] ] ], [ [ [ -105.091804504395, 19.539028167724702 ], [ -105.092918395995994, 19.5379161834718 ], [ -105.095138549805, 19.5387496948243 ], [ -105.093475341797003, 19.540971755981399 ], [ -105.091804504395, 19.539028167724702 ] ] ], [ [ [ -105.108192443847997, 19.5509719848632 ], [ -105.105140686035, 19.549861907958999 ], [ -105.110694885254006, 19.543750762939499 ], [ -105.113471984862997, 19.547361373901399 ], [ -105.108192443847997, 19.5509719848632 ] ] ], [ [ [ -105.10986328125, 19.5604152679444 ], [ -105.111526489257997, 19.556804656982401 ], [ -105.117637634277003, 19.555416107177798 ], [ -105.113471984862997, 19.5620841979982 ], [ -105.10986328125, 19.5604152679444 ] ] ] ] } },
{ "type": "Feature", "properties": { "NAME_1": "Michoacán" }, "geometry": { "type": "MultiPolygon", "coordinates": [ [ [ [ -102.934585571289006, 17.354303359985501 ], [ -102.934585571289006, 17.352638244628899 ], [ -102.936805725097997, 17.353193283081101 ], [ -102.936531066895, 17.355138778686602 ], [ -102.934585571289006, 17.354303359985501 ] ] ], [ [ [ -102.235420227050994, 17.936805725097699 ], [ -102.29402923584, 17.9651393890382 ], [ -102.471527099609006, 18.016527175903398 ], [ -102.519859313965, 18.0212497711182 ], [ -102.555694580077997, 18.032917022705099 ], [ -102.557357788085994, 18.0395832061768 ], [ -102.559860229492003, 18.032917022705099 ], [ -102.60652923584, 18.048749923706101 ], [ -102.653198242187003, 18.049303054809599 ], [ -102.673469543457003, 18.05930519104 ], [ -102.696807861327997, 18.053472518920799 ], [ -102.730697631835994, 18.071527481079102 ], [ -102.759864807129006, 18.0701408386231 ], [ -102.764579772949006, 18.078750610351602 ], [ -102.78736114502, 18.082361221313398 ], [ -102.785972595215, 18.089860916137699 ], [ -102.789306640625, 18.0940265655518 ], [ -102.79069519043, 18.085973739624102 ], [ -102.805137634277003, 18.090694427490298 ], [ -103.029586791992003, 18.1870841979982 ], [ -103.057083129882997, 18.186525344848601 ], [ -103.061531066895, 18.1934738159181 ], [ -103.11319732666, 18.189582824706999 ], [ -103.11653137207, 18.2023620605469 ], [ -103.147087097167997, 18.199861526489201 ], [ -103.186531066895, 18.221805572509901 ], [ -103.206253051757997, 18.220417022705099 ], [ -103.209861755370994, 18.2306938171387 ], [ -103.233749389647997, 18.2295837402344 ], [ -103.247360229492003, 18.241247177124102 ], [ -103.243194580077997, 18.2334728240968 ], [ -103.292358398437003, 18.24680519104 ], [ -103.306526184082003, 18.260139465331999 ], [ -103.340972900390994, 18.271528244018601 ], [ -103.360969543457003, 18.262638092041101 ], [ -103.37735748291, 18.281248092651399 ], [ -103.388748168945, 18.2784729003907 ], [ -103.427917480469006, 18.303472518921001 ], [ -103.49430847168, 18.328193664550799 ], [ -103.493469238280994, 18.337083816528398 ], [ -103.512359619140994, 18.346525192260799 ], [ -103.513191223145, 18.362361907959102 ], [ -103.530136108397997, 18.383472442626999 ], [ -103.533752441405994, 18.414861679077301 ], [ -103.58430480957, 18.507638931274499 ], [ -103.672637939452997, 18.5809726715088 ], [ -103.712364196777003, 18.596250534057699 ], [ -103.689582824707003, 18.6129169464112 ], [ -103.685974121094006, 18.6293048858643 ], [ -103.702079772949006, 18.6590270996094 ], [ -103.747344970702997, 18.6970729827881 ], [ -103.720352172852003, 18.761510848998999 ], [ -103.655601501465, 18.791740417480501 ], [ -103.647720336914006, 18.802129745483398 ], [ -103.643356323242003, 18.883079528808601 ], [ -103.59114074707, 18.8731498718263 ], [ -103.571449279785, 18.895259857177798 ], [ -103.543037414550994, 18.907859802246101 ], [ -103.487503051757997, 18.962329864501999 ], [ -103.429885864257997, 18.974119186401499 ], [ -103.405540466309006, 18.962171554565401 ], [ -103.364189147949006, 18.962841033935501 ], [ -103.275917053222997, 19.0276203155519 ], [ -103.250541687012003, 19.019710540771499 ], [ -103.214508056640994, 18.964139938354499 ], [ -103.204299926757997, 18.9570617675781 ], [ -103.19278717041, 18.960311889648398 ], [ -103.129028320312003, 19.026292800903398 ], [ -103.086669921875, 19.056259155273398 ], [ -103.040977478027003, 19.072349548339901 ], [ -102.880447387695, 19.2081394195557 ], [ -102.834350585937997, 19.2323608398438 ], [ -102.803886413574006, 19.238981246948299 ], [ -102.743827819824006, 19.2111206054688 ], [ -102.733436584472997, 19.2134094238281 ], [ -102.699195861815994, 19.301532745361399 ], [ -102.605178833007997, 19.3962707519532 ], [ -102.598747253417997, 19.4314708709718 ], [ -102.607437133789006, 19.454902648925799 ], [ -102.631996154785, 19.480840682983501 ], [ -102.722320556640994, 19.4849529266357 ], [ -102.76619720459, 19.478071212768501 ], [ -102.740951538085994, 19.576379776001101 ], [ -102.754058837890994, 19.616849899291999 ], [ -102.781539916992003, 19.644861221313398 ], [ -102.817108154297003, 19.735389709472798 ], [ -102.81339263916, 19.746149063110298 ], [ -102.780097961425994, 19.763050079345799 ], [ -102.767196655272997, 19.794050216674901 ], [ -102.770721435547003, 19.832029342651499 ], [ -102.804290771484006, 19.8932704925538 ], [ -102.958099365234006, 19.939609527587901 ], [ -103.006698608397997, 19.936439514160298 ], [ -103.031227111815994, 19.949201583862301 ], [ -103.06095123291, 19.924110412597699 ], [ -103.090682983397997, 19.943250656128001 ], [ -103.094596862792997, 19.9600505828857 ], [ -103.058921813965, 20.017490386962901 ], [ -103.056007385254006, 20.1107501983643 ], [ -103.047805786132997, 20.116210937500099 ], [ -102.998077392577997, 20.110910415649499 ], [ -103.005821228027003, 20.1402091979982 ], [ -102.994583129882997, 20.152280807495199 ], [ -102.978721618652003, 20.151760101318398 ], [ -102.896118164062003, 20.135280609131001 ], [ -102.876968383789006, 20.121271133423001 ], [ -102.853996276855, 20.0859298706056 ], [ -102.841911315917997, 20.085069656372202 ], [ -102.830467224120994, 20.094909667968899 ], [ -102.82740020752, 20.118089675903299 ], [ -102.8076171875, 20.116228103637699 ], [ -102.746955871582003, 20.145490646362301 ], [ -102.708358764647997, 20.145700454711999 ], [ -102.700981140137003, 20.153081893920799 ], [ -102.697723388672003, 20.199560165405401 ], [ -102.659782409667997, 20.2118110656738 ], [ -102.61971282959, 20.251579284668001 ], [ -102.600570678710994, 20.243659973144599 ], [ -102.577423095702997, 20.2488098144532 ], [ -102.495216369629006, 20.310550689697401 ], [ -102.452293395995994, 20.323200225830099 ], [ -102.40030670166, 20.315250396728601 ], [ -102.32585144043, 20.336851119995199 ], [ -102.271392822265994, 20.327899932861399 ], [ -102.173728942870994, 20.369970321655298 ], [ -102.084320068359006, 20.365730285644599 ], [ -102.028038024902003, 20.382991790771499 ], [ -102.039710998535, 20.344650268554702 ], [ -102.035186767577997, 20.328790664673001 ], [ -102.02709197998, 20.3234882354737 ], [ -102.025520324707003, 20.340631484985501 ], [ -102.000450134277003, 20.350498199462901 ], [ -101.97444152832, 20.332981109619201 ], [ -101.989143371582003, 20.309650421142599 ], [ -101.974342346190994, 20.290309906006001 ], [ -101.96272277832, 20.2110710144043 ], [ -101.940330505370994, 20.188592910766701 ], [ -101.911056518555, 20.187641143798899 ], [ -101.863952636719006, 20.214481353759801 ], [ -101.844802856445, 20.197982788085898 ], [ -101.751686096190994, 20.2028827667237 ], [ -101.720390319824006, 20.1921901702881 ], [ -101.68335723877, 20.227729797363299 ], [ -101.673789978027003, 20.252780914306602 ], [ -101.660423278809006, 20.261539459228601 ], [ -101.653007507324006, 20.2830924987794 ], [ -101.636756896972997, 20.2994594573975 ], [ -101.566436767577997, 20.3225612640381 ], [ -101.531021118164006, 20.308988571166999 ], [ -101.501838684082003, 20.319580078125099 ], [ -101.47403717041, 20.3178195953369 ], [ -101.430526733397997, 20.289730072021602 ], [ -101.376892089844006, 20.224729537963899 ], [ -101.398231506347997, 20.211242675781399 ], [ -101.434379577637003, 20.232112884521499 ], [ -101.445053100585994, 20.227188110351602 ], [ -101.437759399414006, 20.184770584106499 ], [ -101.424468994140994, 20.16090965271 ], [ -101.426177978515994, 20.047960281372099 ], [ -101.405822753905994, 20.024852752685501 ], [ -101.304351806640994, 20.0158805847169 ], [ -101.232048034667997, 19.987880706787099 ], [ -101.183380126952997, 20.007850646972699 ], [ -101.197166442870994, 20.040920257568398 ], [ -101.172317504882997, 20.054090499877901 ], [ -101.167320251465, 20.0647411346437 ], [ -101.120468139647997, 20.043582916259801 ], [ -101.029098510742003, 20.067510604858501 ], [ -101.011405944824006, 20.000551223755 ], [ -101.012107849120994, 19.955869674682599 ], [ -100.989669799805, 19.956069946289201 ], [ -100.981842041015994, 19.9674510955812 ], [ -100.915252685547003, 19.9610900878906 ], [ -100.880416870117003, 19.9547328948975 ], [ -100.863426208495994, 19.9400310516357 ], [ -100.827056884765994, 19.927959442138601 ], [ -100.689376831055, 19.920970916748001 ], [ -100.669380187987997, 19.926540374755898 ], [ -100.634437561035, 19.959842681884801 ], [ -100.597328186035, 19.961971282958999 ], [ -100.539497375487997, 19.9788608551025 ], [ -100.552589416504006, 19.923000335693299 ], [ -100.55005645752, 19.912490844726602 ], [ -100.537162780762003, 19.908779144287202 ], [ -100.524841308594006, 19.919269561767599 ], [ -100.506286621094006, 19.972000122070401 ], [ -100.47673034668, 20.0016708374025 ], [ -100.394515991210994, 20.012660980224599 ], [ -100.36856842041, 20.0306606292725 ], [ -100.343658447265994, 20.061939239501999 ], [ -100.339797973632997, 20.089260101318398 ], [ -100.37230682373, 20.0984401702881 ], [ -100.351432800292997, 20.154169082641602 ], [ -100.3515625, 20.199050903320401 ], [ -100.37223815918, 20.229200363159201 ], [ -100.37850189209, 20.2556591033937 ], [ -100.361236572265994, 20.2966499328613 ], [ -100.324012756347997, 20.283000946045 ], [ -100.251609802245994, 20.194700241088899 ], [ -100.254211425780994, 20.153190612793001 ], [ -100.12629699707, 20.043760299682699 ], [ -100.132392883300994, 19.961589813232401 ], [ -100.119880676269005, 19.938760757446399 ], [ -100.09496307373, 19.921329498291001 ], [ -100.09041595459, 19.906221389770501 ], [ -100.146865844727003, 19.833482742309702 ], [ -100.157890319824006, 19.7558898925781 ], [ -100.169403076172003, 19.736818313598601 ], [ -100.231956481934006, 19.717212677001999 ], [ -100.280166625977003, 19.726142883300799 ], [ -100.287567138672003, 19.721460342407301 ], [ -100.253768920897997, 19.654090881347699 ], [ -100.22664642334, 19.630081176757901 ], [ -100.230049133300994, 19.600788116455099 ], [ -100.208038330077997, 19.485450744628999 ], [ -100.207420349120994, 19.440071105957099 ], [ -100.221160888672003, 19.409990310668999 ], [ -100.247550964355, 19.4056606292725 ], [ -100.254837036132997, 19.397331237793001 ], [ -100.291160583495994, 19.333560943603601 ], [ -100.295547485352003, 19.3153610229493 ], [ -100.284637451172003, 19.278049468994201 ], [ -100.328491210937997, 19.187290191650501 ], [ -100.381729125977003, 19.1333026885987 ], [ -100.397476196289006, 19.074600219726602 ], [ -100.443939208984006, 19.04008102417 ], [ -100.509773254395, 19.007440567016602 ], [ -100.544357299805, 18.9232692718506 ], [ -100.590476989745994, 18.894340515136701 ], [ -100.687927246094006, 18.782850265502901 ], [ -100.698226928710994, 18.787820816040099 ], [ -100.706123352050994, 18.830232620239201 ], [ -100.718856811522997, 18.847547531127901 ], [ -100.771263122559006, 18.8119506835938 ], [ -100.78955078125, 18.784748077392599 ], [ -100.784446716309006, 18.743700027465799 ], [ -100.741600036620994, 18.611291885376001 ], [ -100.729591369629006, 18.491540908813501 ], [ -100.681617736815994, 18.420850753784201 ], [ -100.618606567382997, 18.354820251464901 ], [ -100.6328125, 18.321132659912202 ], [ -100.647216796875, 18.308559417724702 ], [ -100.679832458495994, 18.307489395141602 ], [ -100.688850402832003, 18.317710876464801 ], [ -100.687889099120994, 18.343420028686499 ], [ -100.703536987305, 18.3590908050537 ], [ -100.727996826172003, 18.343410491943398 ], [ -100.779052734375, 18.376239776611399 ], [ -100.798927307129006, 18.408769607543899 ], [ -100.852432250977003, 18.415040969848601 ], [ -100.877029418945, 18.436750411987401 ], [ -100.90323638916, 18.4143180847168 ], [ -100.918556213379006, 18.412612915039102 ], [ -100.933746337890994, 18.3945198059082 ], [ -100.953926086425994, 18.395391464233501 ], [ -100.969009399414006, 18.443109512329102 ], [ -100.992851257324006, 18.4591999053956 ], [ -101.010032653809006, 18.493982315063398 ], [ -101.030838012695, 18.501369476318398 ], [ -101.054916381835994, 18.504800796508899 ], [ -101.097763061522997, 18.493970870971701 ], [ -101.171936035155994, 18.513931274414201 ], [ -101.194496154785, 18.512960433959901 ], [ -101.217697143555, 18.5342807769775 ], [ -101.292503356934006, 18.53537940979 ], [ -101.348587036132997, 18.514970779418899 ], [ -101.367668151855, 18.518310546875099 ], [ -101.375526428222997, 18.5007209777832 ], [ -101.412147521972997, 18.503360748291001 ], [ -101.482086181640994, 18.4805927276612 ], [ -101.513977050780994, 18.481531143188601 ], [ -101.596946716309006, 18.517379760742099 ], [ -101.61939239502, 18.5666408538819 ], [ -101.638465881347997, 18.587009429931701 ], [ -101.655868530272997, 18.589729309081999 ], [ -101.657089233397997, 18.582180023193398 ], [ -101.690216064452997, 18.588951110839801 ], [ -101.717552185059006, 18.577329635620199 ], [ -101.719261169434006, 18.5549201965332 ], [ -101.728675842285, 18.570810317993299 ], [ -101.752403259277003, 18.566480636596701 ], [ -101.757232666015994, 18.549589157104499 ], [ -101.757446289062003, 18.594921112060501 ], [ -101.779968261719006, 18.5855312347413 ], [ -101.779968261719006, 18.579349517822301 ], [ -101.800056457519005, 18.5825290679932 ], [ -101.786987304687003, 18.567060470581101 ], [ -101.798599243164006, 18.568550109863299 ], [ -101.803199768065994, 18.5601310729981 ], [ -101.797157287597997, 18.547479629516701 ], [ -101.804656982422003, 18.531299591064499 ], [ -101.808036804199006, 18.5535411834718 ], [ -101.818206787109006, 18.5499801635743 ], [ -101.824729919434006, 18.568809509277401 ], [ -101.836837768555, 18.560920715331999 ], [ -101.849662780762003, 18.564479827880898 ], [ -101.841430664062003, 18.547460556030401 ], [ -101.859832763672003, 18.5506095886231 ], [ -101.859817504882997, 18.536191940307699 ], [ -101.868537902832003, 18.555280685424901 ], [ -101.897087097167997, 18.532199859619102 ], [ -101.891998291015994, 18.520250320434702 ], [ -101.869972229004006, 18.509742736816499 ], [ -101.899978637695, 18.506599426269599 ], [ -101.905540466309006, 18.497270584106399 ], [ -101.880577087402003, 18.449420928955099 ], [ -101.903205871582003, 18.4049301147462 ], [ -101.874176025390994, 18.348239898681701 ], [ -101.869293212890994, 18.310222625732401 ], [ -101.876251220702997, 18.2807807922363 ], [ -101.889282226562003, 18.270618438720799 ], [ -101.856636047362997, 18.260690689086999 ], [ -101.812652587890994, 18.270999908447401 ], [ -101.819641113280994, 18.258949279785099 ], [ -101.848640441895, 18.252378463745199 ], [ -101.855537414550994, 18.231611251831001 ], [ -101.874755859375, 18.254472732543899 ], [ -101.91739654541, 18.262271881103501 ], [ -101.947807312012003, 18.2327995300294 ], [ -101.982940673827997, 18.2251300811768 ], [ -102.002403259277003, 18.2091693878175 ], [ -102.044189453125, 18.217180252075298 ], [ -102.165138244629006, 18.1751003265381 ], [ -102.184921264647997, 18.133060455322301 ], [ -102.185737609862997, 18.0490608215332 ], [ -102.17325592041, 17.984590530395501 ], [ -102.142082214355, 17.958660125732401 ], [ -102.137359619140994, 17.939582824707099 ], [ -102.167915344237997, 17.928749084472798 ], [ -102.176803588867003, 17.934305191040199 ], [ -102.173469543457003, 17.9426383972168 ], [ -102.154586791992003, 17.950971603393601 ], [ -102.166809082030994, 17.947639465332099 ], [ -102.170692443847997, 17.957639694213899 ], [ -102.182357788085994, 17.937084197998001 ], [ -102.186248779297003, 17.958749771118299 ], [ -102.182357788085994, 17.934583663940501 ], [ -102.187919616699006, 17.923471450805799 ], [ -102.177360534667997, 17.930414199829102 ], [ -102.167358398437997, 17.9226398468018 ], [ -102.191253662109006, 17.914304733276399 ], [ -102.235420227050994, 17.936805725097699 ] ] ], [ [ [ -103.520973205565994, 18.351251602173001 ], [ -103.523193359375, 18.350973129272599 ], [ -103.523475646972997, 18.3520832061768 ], [ -103.521530151367003, 18.352638244628899 ], [ -103.520973205565994, 18.351251602173001 ] ] ], [ [ [ -103.516250610352003, 18.3529167175293 ], [ -103.516807556152003, 18.351528167724702 ], [ -103.518753051757997, 18.3520832061768 ], [ -103.517913818359006, 18.353473663330099 ], [ -103.516250610352003, 18.3529167175293 ] ] ] ] } },
{ "type": "Feature", "properties": { "NAME_1": "Morelos" }, "geometry": { "type": "Polygon", "coordinates": [ [ [ -98.842857360839801, 18.451509475708001 ], [ -98.868362426757798, 18.4137897491456 ], [ -98.972557067871094, 18.347391128540099 ], [ -99.064186096191406, 18.436050415039102 ], [ -99.284461975097599, 18.4628505706787 ], [ -99.308677673339801, 18.483631134033299 ], [ -99.352142333984403, 18.551691055297901 ], [ -99.378387451171804, 18.573991775512798 ], [ -99.410217285156193, 18.5818996429444 ], [ -99.452888488769503, 18.573310852050799 ], [ -99.469711303710895, 18.577671051025401 ], [ -99.470558166503906, 18.586931228637699 ], [ -99.450813293457003, 18.605960845947401 ], [ -99.444160461425795, 18.624282836914102 ], [ -99.449287414550795, 18.646158218383899 ], [ -99.464836120605497, 18.6614494323732 ], [ -99.454849243164105, 18.699499130248999 ], [ -99.392883300781193, 18.769229888916101 ], [ -99.381233215332003, 18.814752578735501 ], [ -99.344726562499901, 18.854520797729599 ], [ -99.282272338867102, 18.969591140747099 ], [ -99.254112243652301, 19.001012802124102 ], [ -99.217002868652301, 19.063440322876001 ], [ -99.155738830566406, 19.0713005065919 ], [ -99.110755920410199, 19.0282306671143 ], [ -99.045639038085895, 19.0759811401368 ], [ -98.990303039550795, 19.043268203735501 ], [ -98.919151306152301, 19.0688991546632 ], [ -98.865379333496094, 19.071191787719702 ], [ -98.824127197265597, 19.038179397583001 ], [ -98.806976318359403, 18.9993000030518 ], [ -98.789009094238196, 18.979570388794102 ], [ -98.686653137207003, 18.943759918213001 ], [ -98.657623291015497, 18.957271575927798 ], [ -98.582557678222599, 19.0222396850587 ], [ -98.546577453613295, 19.0288696289063 ], [ -98.580406188964801, 18.964788436889801 ], [ -98.625579833984304, 18.824171066284201 ], [ -98.658157348632798, 18.750259399414201 ], [ -98.622543334960895, 18.526760101318398 ], [ -98.604476928710895, 18.470239639282301 ], [ -98.614212036132798, 18.4453525543213 ], [ -98.628196716308594, 18.4339103698732 ], [ -98.643280029296903, 18.439388275146499 ], [ -98.688713073730398, 18.490869522094801 ], [ -98.743782043457003, 18.5348606109619 ], [ -98.759071350097599, 18.529699325561602 ], [ -98.790657043457003, 18.481370925903398 ], [ -98.842857360839801, 18.451509475708001 ] ] ] } },
{ "type": "Feature", "properties": { "NAME_1": "México" }, "geometry": { "type": "MultiPolygon", "coordinates": [ [ [ [ -100.229858398437997, 18.347391128540099 ], [ -100.22673034668, 18.346910476684499 ], [ -100.216186523437003, 18.347391128540099 ], [ -100.231506347655994, 18.3341808319093 ], [ -100.229858398437997, 18.347391128540099 ] ] ], [ [ [ -100.224647521972997, 18.358140945434702 ], [ -100.249786376952997, 18.36083984375 ], [ -100.255302429199006, 18.339300155639702 ], [ -100.262130737305, 18.343420028686499 ], [ -100.314331054687003, 18.404251098632901 ], [ -100.321022033690994, 18.446500778198299 ], [ -100.331886291504006, 18.457901000976602 ], [ -100.393913269042997, 18.468290328979599 ], [ -100.440612792969006, 18.457901000976602 ], [ -100.461891174315994, 18.468919754028398 ], [ -100.465316772460994, 18.4863395690919 ], [ -100.400527954102003, 18.552299499511701 ], [ -100.388610839844006, 18.6020183563232 ], [ -100.400253295897997, 18.635210037231499 ], [ -100.457778930664006, 18.650751113891499 ], [ -100.469596862792997, 18.662748336791999 ], [ -100.479011535644005, 18.714899063110401 ], [ -100.476776123047003, 18.749109268188501 ], [ -100.449645996094006, 18.8755702972412 ], [ -100.404960632324006, 18.959608078003001 ], [ -100.407096862792997, 18.982320785522599 ], [ -100.42325592041, 19.012739181518601 ], [ -100.412117004395, 19.049659729003999 ], [ -100.41967010498, 19.060510635376001 ], [ -100.397476196289006, 19.074600219726602 ], [ -100.375106811522997, 19.144090652465898 ], [ -100.335090637207003, 19.179101943969702 ], [ -100.320106506347997, 19.2030124664307 ], [ -100.284637451172003, 19.278049468994201 ], [ -100.294746398925994, 19.319690704345799 ], [ -100.265029907227003, 19.382759094238299 ], [ -100.247550964355, 19.4056606292725 ], [ -100.221160888672003, 19.409990310668999 ], [ -100.207420349120994, 19.440071105957099 ], [ -100.208038330077997, 19.485450744628999 ], [ -100.230049133300994, 19.600788116455099 ], [ -100.22664642334, 19.630081176757901 ], [ -100.253768920897997, 19.654090881347699 ], [ -100.287567138672003, 19.721460342407301 ], [ -100.280166625977003, 19.726142883300799 ], [ -100.226959228515994, 19.717939376831101 ], [ -100.163757324219006, 19.743089675903299 ], [ -100.146865844727003, 19.833482742309702 ], [ -100.09041595459, 19.906221389770501 ], [ -100.09496307373, 19.921329498291001 ], [ -100.119880676269005, 19.938760757446399 ], [ -100.132392883300994, 19.961589813232401 ], [ -100.12629699707, 20.043760299682699 ], [ -100.084136962890994, 20.0547904968263 ], [ -100.03116607666, 20.051660537719801 ], [ -99.947853088378906, 20.131309509277401 ], [ -99.947448730468693, 20.161159515380898 ], [ -99.978958129882798, 20.240209579467901 ], [ -99.966552734375, 20.2435607910156 ], [ -99.936203002929602, 20.2216300964356 ], [ -99.914833068847599, 20.217952728271499 ], [ -99.909881591796804, 20.2299404144287 ], [ -99.918388366699205, 20.253709793090799 ], [ -99.915176391601605, 20.2670497894288 ], [ -99.862876892089702, 20.307359695434599 ], [ -99.809593200683594, 20.250310897827301 ], [ -99.755371093749901, 20.2315998077393 ], [ -99.700469970703097, 20.194740295410199 ], [ -99.524696350097599, 20.172338485717699 ], [ -99.519302368164105, 20.150579452514801 ], [ -99.493858337402301, 20.140968322753899 ], [ -99.481597900390497, 20.101390838623001 ], [ -99.433296203613295, 20.026960372924901 ], [ -99.458961486816307, 19.998630523681701 ], [ -99.459663391113196, 19.9812202453613 ], [ -99.449417114257798, 19.964960098266602 ], [ -99.412307739257798, 19.938270568847699 ], [ -99.402282714843807, 19.894750595092798 ], [ -99.371177673339801, 19.866050720215 ], [ -99.370773315429602, 19.841302871704201 ], [ -99.355583190917898, 19.815322875976701 ], [ -99.364570617675696, 19.727279663085898 ], [ -99.359382629394503, 19.721229553222699 ], [ -99.330329895019503, 19.736291885376001 ], [ -99.311096191406193, 19.758621215820401 ], [ -99.300582885742102, 19.7924709320069 ], [ -99.302818298339801, 19.845251083373999 ], [ -99.284088134765597, 19.8413600921632 ], [ -99.229866027832003, 19.8072700500488 ], [ -99.207939147949205, 19.8114910125732 ], [ -99.180763244628906, 19.859430313110501 ], [ -99.177642822265597, 19.956098556518601 ], [ -99.163757324218807, 19.982091903686602 ], [ -99.015266418457003, 20.016229629516499 ], [ -98.955963134765597, 20.052249908447301 ], [ -98.895828247070298, 20.070371627807699 ], [ -98.874221801757798, 20.054319381713899 ], [ -98.863777160644503, 20.015520095825199 ], [ -98.871856689453097, 19.973182678222699 ], [ -98.893539428710895, 19.939140319824201 ], [ -98.903106689453097, 19.9056205749513 ], [ -98.902313232421804, 19.8616027832032 ], [ -98.908088684082003, 19.853691101074201 ], [ -98.952140808105497, 19.846178054809599 ], [ -98.986587524414105, 19.817070007324201 ], [ -98.954406738281094, 19.75465965271 ], [ -98.949661254882798, 19.7057304382325 ], [ -98.921180725097699, 19.7006111145019 ], [ -98.897026062011705, 19.7431926727294 ], [ -98.866371154785099, 19.768840789795 ], [ -98.841682434081903, 19.8060703277588 ], [ -98.788276672363196, 19.806850433349599 ], [ -98.672752380370994, 19.826908111572301 ], [ -98.616065979003906, 19.826572418212901 ], [ -98.612350463867202, 19.7459812164307 ], [ -98.633293151855398, 19.7006111145019 ], [ -98.662536621093807, 19.662330627441499 ], [ -98.681076049804602, 19.611312866210898 ], [ -98.681999206542997, 19.582990646362301 ], [ -98.659706115722599, 19.5148105621338 ], [ -98.636253356933494, 19.481071472168001 ], [ -98.611396789550795, 19.4901428222656 ], [ -98.601791381835895, 19.486209869384901 ], [ -98.584877014160199, 19.467300415039102 ], [ -98.570388793945298, 19.416660308837901 ], [ -98.569549560546903, 19.3984909057618 ], [ -98.593070983886705, 19.371360778808601 ], [ -98.593299865722699, 19.3336696624757 ], [ -98.551376342773395, 19.195989608764599 ], [ -98.546577453613295, 19.0288696289063 ], [ -98.592628479003906, 19.0160617828369 ], [ -98.679237365722599, 18.944650650024499 ], [ -98.777099609374901, 18.973768234252901 ], [ -98.796730041503807, 18.986181259155298 ], [ -98.822357177734403, 19.035709381103501 ], [ -98.865379333496094, 19.071191787719702 ], [ -98.8726806640625, 19.093400955200298 ], [ -98.852981567382798, 19.151861190796001 ], [ -98.872245788574205, 19.245912551879901 ], [ -98.900398254394503, 19.2311611175538 ], [ -98.908622741699205, 19.286590576171999 ], [ -98.9906005859375, 19.3473205566406 ], [ -99.025466918945298, 19.436801910400501 ], [ -99.048446655273395, 19.464490890503001 ], [ -99.074058532714801, 19.480789184570298 ], [ -99.074386596679702, 19.526081085205 ], [ -99.090736389160199, 19.538688659668001 ], [ -99.173057556152301, 19.453750610351602 ], [ -99.208396911621094, 19.357629776001001 ], [ -99.298301696777202, 19.299379348754901 ], [ -99.325347900390597, 19.2670993804932 ], [ -99.321617126464801, 19.229829788208001 ], [ -99.257270812988196, 19.1178798675538 ], [ -99.217002868652301, 19.063440322876001 ], [ -99.254112243652301, 19.001012802124102 ], [ -99.282272338867102, 18.969591140747099 ], [ -99.344726562499901, 18.854520797729599 ], [ -99.381233215332003, 18.814752578735501 ], [ -99.392883300781193, 18.769229888916101 ], [ -99.451896667480497, 18.704450607299702 ], [ -99.464836120605497, 18.6614494323732 ], [ -99.496932983398395, 18.665998458862401 ], [ -99.529716491699205, 18.647470474243299 ], [ -99.562080383300696, 18.664829254150401 ], [ -99.608963012695298, 18.672960281372099 ], [ -99.645416259765597, 18.7138690948487 ], [ -99.670341491699205, 18.7169704437256 ], [ -99.680366516113295, 18.700550079345799 ], [ -99.660820007324205, 18.6503105163575 ], [ -99.733642578124901, 18.634410858154201 ], [ -99.750907897949205, 18.5748004913331 ], [ -99.793991088867102, 18.583778381347699 ], [ -99.820075988769503, 18.5701084136963 ], [ -99.831596374511605, 18.5477008819581 ], [ -99.839981079101506, 18.545749664306602 ], [ -99.966262817382798, 18.538200378418001 ], [ -100.003120422362997, 18.555549621581999 ], [ -100.016967773437003, 18.552860260009801 ], [ -100.052062988280994, 18.529951095581101 ], [ -100.057746887207003, 18.513820648193501 ], [ -100.027290344237997, 18.463630676269499 ], [ -100.068305969237997, 18.447639465331999 ], [ -100.12272644043, 18.442359924316499 ], [ -100.177139282227003, 18.396730422973601 ], [ -100.211357116699006, 18.352460861206101 ], [ -100.215881347655994, 18.369791030883899 ], [ -100.224647521972997, 18.358140945434702 ] ] ] ] } },
{ "type": "Feature", "properties": { "NAME_1": "Nayarit" }, "geometry": { "type": "MultiPolygon", "coordinates": [ [ [ [ -105.582084655762003, 20.703193664550898 ], [ -105.578475952147997, 20.700136184692401 ], [ -105.58763885498, 20.691528320312599 ], [ -105.59041595459, 20.699306488037099 ], [ -105.582084655762003, 20.703193664550898 ] ] ], [ [ [ -105.563751220702997, 20.703752517700298 ], [ -105.567359924315994, 20.698194503784102 ], [ -105.57152557373, 20.6990261077881 ], [ -105.570693969727003, 20.702083587646499 ], [ -105.563751220702997, 20.703752517700298 ] ] ], [ [ [ -106.230972290039006, 21.334863662719801 ], [ -106.221527099609006, 21.321804046631001 ], [ -106.226806640625, 21.322082519531399 ], [ -106.22875213623, 21.290971755981399 ], [ -106.234580993652003, 21.299028396606499 ], [ -106.242080688477003, 21.291805267333999 ], [ -106.256805419922003, 21.291805267333999 ], [ -106.265975952147997, 21.3009719848632 ], [ -106.272087097167997, 21.2965278625488 ], [ -106.269027709960994, 21.3029174804688 ], [ -106.279586791992003, 21.314306259155298 ], [ -106.273750305175994, 21.322639465332099 ], [ -106.258193969727003, 21.335693359375 ], [ -106.230972290039006, 21.334863662719801 ] ] ], [ [ [ -106.286804199219006, 21.321804046631001 ], [ -106.285972595215, 21.317361831665199 ], [ -106.288749694824006, 21.315416336059599 ], [ -106.29069519043, 21.3184719085693 ], [ -106.286804199219006, 21.321804046631001 ] ] ], [ [ [ -106.380416870117003, 21.445417404174901 ], [ -106.384864807129006, 21.420417785644499 ], [ -106.398193359375, 21.417917251586999 ], [ -106.462913513184006, 21.449306488037099 ], [ -106.481246948242003, 21.448472976684599 ], [ -106.49764251709, 21.4659729003906 ], [ -106.461524963379006, 21.4948616027832 ], [ -106.438751220702997, 21.4987506866456 ], [ -106.422637939452997, 21.488193511962901 ], [ -106.372085571289006, 21.480972290039201 ], [ -106.358192443847997, 21.4554157257081 ], [ -106.380416870117003, 21.445417404174901 ] ] ], [ [ [ -105.431167602539006, 21.612958908081001 ], [ -105.449584960937003, 21.6301383972168 ], [ -105.453475952147997, 21.656528472900401 ], [ -105.488471984862997, 21.722082138061499 ], [ -105.484024047850994, 21.733194351196399 ], [ -105.495697021484006, 21.7595825195313 ], [ -105.498748779297003, 21.749305725097699 ], [ -105.488471984862997, 21.733194351196399 ], [ -105.496246337890994, 21.7379169464112 ], [ -105.529304504394005, 21.803749084472599 ], [ -105.517639160155994, 21.809028625488398 ], [ -105.532363891602003, 21.827917098998999 ], [ -105.524307250977003, 21.808750152588001 ], [ -105.533752441405994, 21.811250686645501 ], [ -105.596527099609006, 21.903194427490298 ], [ -105.648193359375, 22.0051383972169 ], [ -105.655136108397997, 22.047082901001001 ], [ -105.647636413574006, 22.168750762939499 ], [ -105.637084960937003, 22.1818046569825 ], [ -105.616806030272997, 22.185693740844702 ], [ -105.604309082030994, 22.170972824096701 ], [ -105.596801757812003, 22.140415191650401 ], [ -105.580139160155994, 22.134305953979499 ], [ -105.57763671875, 22.125139236450298 ], [ -105.572364807129006, 22.136249542236399 ], [ -105.56014251709, 22.106805801391701 ], [ -105.535697937012003, 22.093751907348601 ], [ -105.538749694824006, 22.0784721374513 ], [ -105.525413513182997, 22.0629177093506 ], [ -105.50846862793, 22.0659713745118 ], [ -105.50569152832, 22.070138931274499 ], [ -105.534301757812003, 22.0768051147462 ], [ -105.532913208007997, 22.089582443237401 ], [ -105.514579772949006, 22.090694427490298 ], [ -105.492637634277003, 22.080694198608398 ], [ -105.492919921875, 22.074583053588899 ], [ -105.477363586425994, 22.050693511962901 ], [ -105.467636108397997, 22.0440273284912 ], [ -105.468475341797003, 22.036806106567401 ], [ -105.459587097167997, 22.0229187011719 ], [ -105.449584960937003, 22.026527404785099 ], [ -105.466804504395, 22.036247253417901 ], [ -105.464859008789006, 22.0493068695069 ], [ -105.490974426269005, 22.0765285491944 ], [ -105.473747253417997, 22.0865268707275 ], [ -105.481246948242003, 22.0993041992188 ], [ -105.470138549805, 22.129583358764702 ], [ -105.483192443847997, 22.142360687256001 ], [ -105.499031066895, 22.141807556152401 ], [ -105.508193969727003, 22.1534729003907 ], [ -105.519584655762003, 22.1443061828613 ], [ -105.530693054199006, 22.160139083862401 ], [ -105.519859313965, 22.167638778686499 ], [ -105.534027099609006, 22.177639007568501 ], [ -105.547637939452997, 22.172361373901499 ], [ -105.558471679687003, 22.185693740844702 ], [ -105.56014251709, 22.170417785644599 ], [ -105.529029846190994, 22.131250381469801 ], [ -105.534858703612997, 22.124860763549901 ], [ -105.544860839844006, 22.1326408386232 ], [ -105.547920227050994, 22.152360916137798 ], [ -105.57430267334, 22.159860610961999 ], [ -105.581802368164006, 22.180973052978501 ], [ -105.569030761719006, 22.186250686645501 ], [ -105.568748474120994, 22.2159729003906 ], [ -105.590698242187997, 22.217361450195401 ], [ -105.601524353027003, 22.192083358764599 ], [ -105.611251831055, 22.206527709961101 ], [ -105.608474731445, 22.240972518921001 ], [ -105.628753662109006, 22.273193359375 ], [ -105.63346862793, 22.363193511962901 ], [ -105.644027709960994, 22.388750076294102 ], [ -105.637359619140994, 22.408750534057599 ], [ -105.649864196777003, 22.4218063354493 ], [ -105.640975952147997, 22.434860229492301 ], [ -105.641525268555, 22.4551391601562 ], [ -105.666809082030994, 22.473749160766701 ], [ -105.654304504395, 22.4926376342775 ], [ -105.668746948242003, 22.504583358764702 ], [ -105.656806945800994, 22.518194198608299 ], [ -105.671524047852003, 22.536806106567401 ], [ -105.671524047852003, 22.557916641235501 ], [ -105.680137634277003, 22.573751449585 ], [ -105.666954040527003, 22.5801391601563 ], [ -105.583045959472997, 22.533971786499102 ], [ -105.504600524902003, 22.5283107757568 ], [ -105.454086303710994, 22.509889602661101 ], [ -105.441673278809006, 22.517929077148501 ], [ -105.430366516112997, 22.545789718628001 ], [ -105.437431335449006, 22.616300582885799 ], [ -105.455322265625, 22.634929656982401 ], [ -105.466377258300994, 22.690301895141701 ], [ -105.515731811522997, 22.7329196929932 ], [ -105.533699035644005, 22.780881881713899 ], [ -105.505821228027003, 22.8419094085693 ], [ -105.448402404785, 22.903150558471701 ], [ -105.446990966797003, 22.965541839599702 ], [ -105.43522644043, 23.015888214111399 ], [ -105.397262573242003, 23.0453109741212 ], [ -105.313949584960994, 22.9486408233643 ], [ -105.24250793457, 22.960861206054702 ], [ -105.208656311035, 23.006780624389702 ], [ -105.194671630859006, 23.010690689086999 ], [ -105.180107116699006, 23.0054016113281 ], [ -105.159896850585994, 22.9727783203125 ], [ -105.117279052734006, 22.940040588378999 ], [ -105.058403015137003, 22.918439865112401 ], [ -104.99292755127, 22.919660568237401 ], [ -104.971176147460994, 22.884719848632901 ], [ -104.96354675293, 22.823991775512798 ], [ -104.942932128905994, 22.8107109069825 ], [ -104.900901794434006, 22.813440322876001 ], [ -104.89274597168, 22.8059196472169 ], [ -104.889228820800994, 22.775720596313601 ], [ -104.909103393555, 22.7388401031494 ], [ -104.984100341797003, 22.700139999389801 ], [ -105.035850524902003, 22.6581115722656 ], [ -105.051696777344006, 22.635210037231399 ], [ -104.993301391602003, 22.504251480102599 ], [ -104.963592529297003, 22.464929580688501 ], [ -104.940910339355, 22.461240768432699 ], [ -104.905876159667997, 22.492071151733398 ], [ -104.895202636719006, 22.5247306823731 ], [ -104.843536376952997, 22.5913200378419 ], [ -104.803833007812003, 22.532550811767599 ], [ -104.720527648925994, 22.506170272827099 ], [ -104.626426696777003, 22.420810699463001 ], [ -104.59236907959, 22.347780227661101 ], [ -104.562431335449006, 22.337110519409201 ], [ -104.515830993652003, 22.302391052246101 ], [ -104.496726989745994, 22.3036003112793 ], [ -104.490867614745994, 22.340980529785199 ], [ -104.480445861815994, 22.354850769043001 ], [ -104.363327026367003, 22.403251647949201 ], [ -104.355659484862997, 22.382989883422901 ], [ -104.35929107666, 22.3395004272462 ], [ -104.351036071777003, 22.286460876465 ], [ -104.334266662597997, 22.260761260986399 ], [ -104.308959960937997, 22.248582839965799 ], [ -104.301902770995994, 22.230791091919102 ], [ -104.336448669434006, 22.127319335937599 ], [ -104.349716186522997, 22.061750411987401 ], [ -104.338623046875, 21.944160461425799 ], [ -104.32430267334, 21.933881759643601 ], [ -104.261268615722997, 21.9543991088868 ], [ -104.225196838379006, 21.9144001007081 ], [ -104.158042907715, 21.900550842285199 ], [ -104.149307250977003, 21.7899703979493 ], [ -104.137092590332003, 21.753890991211001 ], [ -104.115547180175994, 21.729520797729499 ], [ -103.950706481932997, 21.715160369873001 ], [ -103.928939819335994, 21.7004203796388 ], [ -103.916557312012003, 21.676000595092798 ], [ -103.903846740722997, 21.614259719848601 ], [ -103.876571655272997, 21.560569763183601 ], [ -103.832817077637003, 21.5283107757568 ], [ -103.804336547852003, 21.4846706390381 ], [ -103.801048278809006, 21.4452304840088 ], [ -103.816627502440994, 21.287168502807699 ], [ -103.82884979248, 21.261659622192401 ], [ -103.849311828612997, 21.243860244751001 ], [ -103.911598205565994, 21.211290359497099 ], [ -103.991172790527003, 21.197921752929801 ], [ -104.045227050780994, 21.1533908843994 ], [ -104.229339599609006, 21.138019561767599 ], [ -104.246406555175994, 21.000331878662099 ], [ -104.286628723145, 20.8242282867432 ], [ -104.292030334472997, 20.816329956054702 ], [ -104.328872680664006, 20.808429718017599 ], [ -104.340042114257997, 20.787940979003899 ], [ -104.324928283690994, 20.730180740356399 ], [ -104.297653198242003, 20.710651397705099 ], [ -104.30744934082, 20.6845607757569 ], [ -104.279289245605, 20.667730331420898 ], [ -104.261772155762003, 20.638729095458999 ], [ -104.256523132324006, 20.5908012390137 ], [ -104.261589050292997, 20.579090118408299 ], [ -104.281776428222997, 20.591260910034201 ], [ -104.295867919922003, 20.6395797729493 ], [ -104.321502685547003, 20.671901702880898 ], [ -104.386726379394005, 20.719022750854499 ], [ -104.420890808105, 20.758970260620199 ], [ -104.469047546387003, 20.783870697021499 ], [ -104.569961547852003, 20.8925590515137 ], [ -104.586853027344006, 20.9037399291993 ], [ -104.628143310547003, 20.898731231689499 ], [ -104.686950683594006, 20.918401718139702 ], [ -104.741516113280994, 20.975580215454201 ], [ -104.801292419434006, 21.00345993042 ], [ -104.851081848145, 20.995100021362401 ], [ -104.90022277832, 20.961219787597798 ], [ -104.919548034667997, 20.937271118164102 ], [ -104.971557617187997, 20.905799865722699 ], [ -105.031318664550994, 20.902032852172901 ], [ -105.053916931152003, 20.921550750732401 ], [ -105.066307067870994, 20.922309875488398 ], [ -105.131881713867003, 20.896329879760899 ], [ -105.200462341309006, 20.815788269043001 ], [ -105.201301574707003, 20.797700881958001 ], [ -105.221366882324006, 20.789779663086101 ], [ -105.269737243652003, 20.7170219421388 ], [ -105.296524047852003, 20.693098068237301 ], [ -105.318748474120994, 20.736249923706101 ], [ -105.352912902832003, 20.761249542236399 ], [ -105.364303588867003, 20.761806488037202 ], [ -105.399024963379006, 20.734306335449201 ], [ -105.41236114502, 20.734306335449201 ], [ -105.432083129882997, 20.747083663940401 ], [ -105.465698242187003, 20.755416870117301 ], [ -105.475975036620994, 20.751249313354499 ], [ -105.51180267334, 20.772081375122202 ], [ -105.532363891602003, 20.7576408386232 ], [ -105.538749694824006, 20.761806488037202 ], [ -105.527359008789006, 20.789861679077202 ], [ -105.519027709960994, 20.792360305786101 ], [ -105.506805419922003, 20.7820835113525 ], [ -105.48819732666, 20.7951374053956 ], [ -105.453193664550994, 20.874584197998001 ], [ -105.442085266112997, 20.870138168335 ], [ -105.433471679687003, 20.875694274902301 ], [ -105.402084350585994, 20.931249618530401 ], [ -105.359580993652003, 20.954860687256001 ], [ -105.345695495605, 20.979028701782301 ], [ -105.33097076416, 20.985694885253899 ], [ -105.31819152832, 21.006528854370199 ], [ -105.313468933105, 21.036249160766701 ], [ -105.271247863769005, 21.024026870727699 ], [ -105.242919921875, 21.049028396606602 ], [ -105.22541809082, 21.091527938842798 ], [ -105.239303588867003, 21.132917404174801 ], [ -105.224029541015994, 21.1581935882569 ], [ -105.232360839844006, 21.1637496948243 ], [ -105.233749389647997, 21.182361602783299 ], [ -105.215972900390994, 21.199863433837901 ], [ -105.218475341797003, 21.239027023315501 ], [ -105.24430847168, 21.3448600769044 ], [ -105.237915039062003, 21.347639083862401 ], [ -105.24430847168, 21.346805572509901 ], [ -105.247917175292997, 21.347639083862401 ], [ -105.239585876465, 21.3529167175294 ], [ -105.238746643065994, 21.372638702392599 ], [ -105.229026794434006, 21.376527786255 ], [ -105.230972290039006, 21.386249542236399 ], [ -105.220413208007997, 21.385971069336001 ], [ -105.219863891602003, 21.404861450195401 ], [ -105.203750610352003, 21.434583663940501 ], [ -105.188751220702997, 21.445417404174901 ], [ -105.189582824707003, 21.4643058776857 ], [ -105.201530456542997, 21.480972290039201 ], [ -105.196807861327997, 21.492082595825298 ], [ -105.232086181640994, 21.526807785034201 ], [ -105.246803283690994, 21.524585723877099 ], [ -105.247917175292997, 21.5123615264893 ], [ -105.265693664550994, 21.512083053588899 ], [ -105.266250610352003, 21.535417556762798 ], [ -105.267639160155994, 21.5165214538575 ], [ -105.431167602539006, 21.612958908081001 ] ] ], [ [ [ -106.536529541015994, 21.632085800170898 ], [ -106.50569152832, 21.604028701782301 ], [ -106.515419006347997, 21.58736038208 ], [ -106.51180267334, 21.569860458373999 ], [ -106.528747558594006, 21.557083129882901 ], [ -106.532081604004006, 21.540971755981399 ], [ -106.541809082030994, 21.544305801391701 ], [ -106.53791809082, 21.5568046569825 ], [ -106.547080993652003, 21.564584732055799 ], [ -106.552360534667997, 21.560417175293001 ], [ -106.630142211914006, 21.598472595215 ], [ -106.63069152832, 21.621528625488299 ], [ -106.656806945800994, 21.6570854187012 ], [ -106.647918701172003, 21.6620826721193 ], [ -106.648193359375, 21.678749084472699 ], [ -106.661247253417997, 21.694026947021499 ], [ -106.597915649414006, 21.691249847412202 ], [ -106.573753356934006, 21.682638168335 ], [ -106.534858703612997, 21.657363891601602 ], [ -106.536529541015994, 21.632085800170898 ] ] ], [ [ [ -106.701530456542997, 21.740137100219702 ], [ -106.701248168945, 21.738193511963001 ], [ -106.703475952147997, 21.740972518920898 ], [ -106.70263671875, 21.741247177124102 ], [ -106.701530456542997, 21.740137100219702 ] ] ], [ [ [ -106.672080993652003, 21.774305343628001 ], [ -106.658195495605, 21.739860534668001 ], [ -106.676803588867003, 21.729028701782202 ], [ -106.688468933105, 21.7595825195313 ], [ -106.672080993652003, 21.774305343628001 ] ] ], [ [ [ -105.892082214355, 21.8548603057862 ], [ -105.880973815917997, 21.85013961792 ], [ -105.880416870117003, 21.842081069946399 ], [ -105.888191223144005, 21.8409729003906 ], [ -105.892082214355, 21.8548603057862 ] ] ], [ [ [ -106.000137329102003, 21.999860763549901 ], [ -106.000137329102003, 22.000139236450298 ], [ -105.999862670897997, 22.000139236450298 ], [ -105.999862670897997, 21.999860763549901 ], [ -106.000137329102003, 21.999860763549901 ] ] ], [ [ [ -105.640419006347997, 22.188472747802798 ], [ -105.689308166504006, 22.391527175903398 ], [ -105.75902557373, 22.530971527099599 ], [ -105.754302978515994, 22.539861679077202 ], [ -105.74764251709, 22.536249160766602 ], [ -105.71541595459, 22.4754161834718 ], [ -105.677917480469006, 22.468194961547901 ], [ -105.671249389647997, 22.480140686035199 ], [ -105.675140380859006, 22.507358551025401 ], [ -105.700973510742003, 22.560693740844702 ], [ -105.687362670897997, 22.5720825195312 ], [ -105.674308776855, 22.5556945800782 ], [ -105.675971984862997, 22.537082672119102 ], [ -105.661529541015994, 22.517360687256001 ], [ -105.670974731445, 22.5051383972169 ], [ -105.660140991210994, 22.490137100219801 ], [ -105.668472290039006, 22.478195190429702 ], [ -105.668746948242003, 22.468751907348601 ], [ -105.642913818359006, 22.4473609924318 ], [ -105.652359008789006, 22.421249389648501 ], [ -105.638748168945, 22.408750534057599 ], [ -105.645416259765994, 22.385972976684599 ], [ -105.635414123535, 22.2704162597657 ], [ -105.620140075684006, 22.2404174804688 ], [ -105.615417480469006, 22.192361831665 ], [ -105.640419006347997, 22.188472747802798 ] ] ], [ [ [ -105.717636108397997, 22.483472824096602 ], [ -105.713752746582003, 22.480417251586999 ], [ -105.713195800780994, 22.477636337280298 ], [ -105.719024658202997, 22.484584808349599 ], [ -105.717636108397997, 22.483472824096602 ] ] ], [ [ [ -105.273750305175994, 21.049861907958899 ], [ -105.271247863769005, 21.049583435058501 ], [ -105.271530151367003, 21.0468063354493 ], [ -105.274307250975994, 21.0468063354493 ], [ -105.273750305175994, 21.049861907958899 ] ] ] ] } },
{ "type": "Feature", "properties": { "NAME_1": "Nuevo León" }, "geometry": { "type": "Polygon", "coordinates": [ [ [ -100.468650817870994, 23.239990234375 ], [ -100.497901916504006, 23.3138027191162 ], [ -100.498260498047003, 23.3843994140625 ], [ -100.511177062987997, 23.421369552612301 ], [ -100.508003234862997, 23.464420318603501 ], [ -100.528541564940994, 23.511299133300799 ], [ -100.522872924805, 23.569789886474702 ], [ -100.498710632324006, 23.624139785766701 ], [ -100.482376098632997, 23.7175903320312 ], [ -100.487106323242003, 23.7506427764893 ], [ -100.525489807129006, 23.803989410400401 ], [ -100.517112731934006, 23.964759826660298 ], [ -100.552536010742003, 24.047082901001001 ], [ -100.651557922362997, 24.162340164184599 ], [ -100.645317077637003, 24.209020614624102 ], [ -100.650680541992003, 24.221410751342901 ], [ -100.712013244629006, 24.270982742309599 ], [ -100.727127075195, 24.2983112335206 ], [ -100.726020812987997, 24.311809539794901 ], [ -100.678031921387003, 24.3720798492432 ], [ -100.707099914550994, 24.3857326507568 ], [ -100.687408447265994, 24.425880432128999 ], [ -100.687683105469006, 24.443250656128001 ], [ -100.740371704102003, 24.4616203308106 ], [ -100.776351928710994, 24.453161239624102 ], [ -100.792869567870994, 24.457790374755898 ], [ -100.812088012695, 24.474969863891701 ], [ -100.854110717772997, 24.5394210815431 ], [ -100.827529907227003, 24.562192916870199 ], [ -100.823051452637003, 24.604841232299801 ], [ -100.79239654541, 24.6805305480957 ], [ -100.818206787109006, 24.7187099456787 ], [ -100.826637268065994, 24.7758483886719 ], [ -100.875778198242003, 24.8195705413819 ], [ -100.864128112792997, 24.862060546875099 ], [ -100.876441955565994, 24.905429840087901 ], [ -100.854827880859006, 24.917240142822301 ], [ -100.78434753418, 24.914241790771499 ], [ -100.767196655272997, 24.921398162841701 ], [ -100.776016235352003, 24.982370376586999 ], [ -100.770500183105, 25.017829895019499 ], [ -100.801429748535, 25.094749450683601 ], [ -100.803253173827997, 25.125829696655298 ], [ -100.766578674315994, 25.171470642089901 ], [ -100.736968994140994, 25.232219696045 ], [ -100.661766052245994, 25.255172729492202 ], [ -100.675849914550994, 25.284980773925898 ], [ -100.639686584472997, 25.293579101562599 ], [ -100.575981140137003, 25.289390563965 ], [ -100.55345916748, 25.2712802886963 ], [ -100.531761169434006, 25.237951278686602 ], [ -100.517646789550994, 25.231510162353601 ], [ -100.414627075195, 25.213260650634801 ], [ -100.381660461425994, 25.199790954589801 ], [ -100.30354309082, 25.198869705200099 ], [ -100.290435791015994, 25.206020355224599 ], [ -100.281379699707003, 25.253509521484499 ], [ -100.252906799315994, 25.285139083862401 ], [ -100.270027160645, 25.314960479736399 ], [ -100.305000305175994, 25.326280593871999 ], [ -100.330017089844006, 25.358739852905298 ], [ -100.386306762695, 25.359130859375099 ], [ -100.466232299805, 25.375980377197301 ], [ -100.468406677245994, 25.385389328003001 ], [ -100.446250915527003, 25.408388137817401 ], [ -100.454086303710994, 25.4228210449219 ], [ -100.600296020507997, 25.4987907409668 ], [ -100.616226196289006, 25.5252075195312 ], [ -100.634788513184006, 25.638830184936499 ], [ -100.642578125, 25.649410247802798 ], [ -100.733749389647997, 25.654870986938601 ], [ -100.761383056640994, 25.6776428222657 ], [ -100.798782348632997, 25.676019668579201 ], [ -100.811576843262003, 25.684070587158299 ], [ -100.845413208007997, 25.7482795715332 ], [ -100.855010986327997, 25.8377609252931 ], [ -100.839233398437003, 25.9016399383544 ], [ -100.814765930175994, 25.955818176269599 ], [ -100.824645996094006, 25.964319229126001 ], [ -100.864707946777003, 25.968471527099702 ], [ -100.894119262695, 25.995121002197301 ], [ -100.915283203125, 26.002010345458999 ], [ -100.963661193847997, 26.122049331665 ], [ -101.071487426757997, 26.195110321045 ], [ -101.149749755859006, 26.279792785644599 ], [ -101.256217956542997, 26.37068939209 ], [ -101.260536193847997, 26.381692886352599 ], [ -101.25366973877, 26.4139308929444 ], [ -101.239646911620994, 26.4317302703857 ], [ -101.157150268555, 26.500991821289102 ], [ -101.124603271484006, 26.582180023193398 ], [ -101.09300994873, 26.6231498718262 ], [ -101.04313659668, 26.641700744628999 ], [ -100.940406799315994, 26.641420364379901 ], [ -100.846542358397997, 26.7003993988038 ], [ -100.701881408690994, 26.702550888061499 ], [ -100.692558288574006, 26.736881256103501 ], [ -100.675628662109006, 26.748449325561602 ], [ -100.662933349609006, 26.779342651367202 ], [ -100.620613098145, 26.8071899414063 ], [ -100.617073059082003, 26.836719512939599 ], [ -100.584938049315994, 26.904300689697301 ], [ -100.604766845702997, 26.998729705810501 ], [ -100.601013183594006, 27.061510086059599 ], [ -100.61116027832, 27.0801181793213 ], [ -100.655197143555, 27.097730636596602 ], [ -100.693328857422003, 27.128919601440501 ], [ -100.711128234862997, 27.126501083374102 ], [ -100.724800109862997, 27.097080230713001 ], [ -100.738845825195, 27.015037536621101 ], [ -100.750419616699006, 27.0107727050782 ], [ -100.875137329102003, 27.0872516632081 ], [ -100.885070800780994, 27.1344699859619 ], [ -100.885513305664006, 27.206569671631001 ], [ -100.844131469727003, 27.275499343872099 ], [ -100.802375793457003, 27.322389602661101 ], [ -100.764488220215, 27.350009918213001 ], [ -100.716926574707003, 27.336381912231602 ], [ -100.633331298827997, 27.369190216064499 ], [ -100.53076171875, 27.368450164795 ], [ -100.51538848877, 27.390979766845799 ], [ -100.524963378905994, 27.450260162353601 ], [ -100.520431518555, 27.479171752929702 ], [ -100.446449279785, 27.584989547729499 ], [ -100.423866271972997, 27.667890548706101 ], [ -100.40225982666, 27.6828708648682 ], [ -100.379257202147997, 27.690670013427798 ], [ -100.232086181640994, 27.699670791626001 ], [ -100.180763244629006, 27.684320449829201 ], [ -100.089813232422003, 27.6821594238282 ], [ -100.039001464844006, 27.666641235351602 ], [ -100.01180267334, 27.6669101715088 ], [ -99.935173034667997, 27.7133903503418 ], [ -99.878982543945298, 27.722110748291101 ], [ -99.853767395019503, 27.743291854858501 ], [ -99.843360900878906, 27.7648410797119 ], [ -99.820686340332003, 27.775159835815501 ], [ -99.810440063476605, 27.7659416198731 ], [ -99.799232482910099, 27.731849670410199 ], [ -99.769493103027301, 27.727191925048899 ], [ -99.726409912109403, 27.668109893798899 ], [ -99.748725891113295, 27.655981063842901 ], [ -99.782623291015597, 27.664630889892599 ], [ -99.771026611328097, 27.637720108032301 ], [ -99.794570922851506, 27.599279403686602 ], [ -99.841056823730497, 27.5896110534668 ], [ -99.870613098144503, 27.5706291198731 ], [ -99.923492431640597, 27.561491012573299 ], [ -99.939453124999901, 27.541450500488299 ], [ -99.928802490234403, 27.513250350952202 ], [ -99.942787170410099, 27.475389480590898 ], [ -99.929443359374901, 27.4631881713868 ], [ -99.898010253906193, 27.4559307098388 ], [ -99.758842468261705, 27.452642440796001 ], [ -99.7569580078125, 27.421091079711999 ], [ -99.806503295898395, 27.3744411468507 ], [ -99.753120422363295, 27.3396911621094 ], [ -99.749443054199205, 27.320739746093899 ], [ -99.761672973632798, 27.2516803741456 ], [ -99.752220153808494, 27.202470779418999 ], [ -99.706398010253906, 27.1615905761719 ], [ -99.7071533203125, 27.110532760620099 ], [ -99.685287475585895, 27.059921264648501 ], [ -99.689376831054602, 27.047479629516499 ], [ -99.755027770996094, 26.997970581054801 ], [ -99.774665832519503, 26.956560134887699 ], [ -99.788581848144503, 26.8972396850587 ], [ -99.777488708495994, 26.8684597015382 ], [ -99.723793029785199, 26.874122619628999 ], [ -99.673522949218807, 26.850772857666101 ], [ -99.652786254882798, 26.830360412597798 ], [ -99.673843383789006, 26.7675304412843 ], [ -99.677276611328097, 26.654190063476602 ], [ -99.655746459960895, 26.632360458373999 ], [ -99.622467041015597, 26.644161224365199 ], [ -99.594779968261705, 26.637771606445298 ], [ -99.553009033203097, 26.5619926452637 ], [ -99.524818420410199, 26.565380096435501 ], [ -99.471061706542997, 26.5482501983643 ], [ -99.428512573242202, 26.4050312042237 ], [ -99.364967346191406, 26.324020385742202 ], [ -99.345687866210895, 26.312850952148601 ], [ -99.299430847167898, 26.319932937622099 ], [ -99.299301147460895, 26.2784729003907 ], [ -99.250411987304602, 26.223890304565501 ], [ -99.227226257324205, 26.222560882568501 ], [ -99.205497741699205, 26.247158050537202 ], [ -99.172317504882798, 26.247299194335898 ], [ -99.165367126464801, 26.225320816040099 ], [ -99.179397583007798, 26.1992797851562 ], [ -99.147277832031193, 26.154790878295898 ], [ -99.186401367187401, 26.134750366211101 ], [ -99.152008056640497, 26.122390747070298 ], [ -99.149436950683594, 26.106269836425799 ], [ -99.132316589355497, 26.0972595214844 ], [ -99.069541931152301, 26.081909179687599 ], [ -98.998916625976506, 26.078290939331101 ], [ -98.974067687988295, 26.054531097412202 ], [ -98.932769775390597, 25.976480484008899 ], [ -98.915435791015597, 25.963750839233501 ], [ -98.894401550292898, 25.957519531250099 ], [ -98.863861083984403, 25.964969635009801 ], [ -98.773490905761705, 26.016109466552798 ], [ -98.745719909667898, 26.007240295410199 ], [ -98.626846313476605, 26.031269073486399 ], [ -98.586479187011605, 26.022689819336001 ], [ -98.573883056640597, 25.951839447021499 ], [ -98.551033020019503, 25.9415607452394 ], [ -98.546043395995994, 25.926000595092901 ], [ -98.558097839355497, 25.804990768432599 ], [ -98.533142089843693, 25.754400253295898 ], [ -98.557312011718807, 25.7092208862306 ], [ -98.554412841796804, 25.6722011566162 ], [ -98.561378479003807, 25.647399902343899 ], [ -98.533805847167898, 25.590019226074201 ], [ -98.550163269042997, 25.561292648315501 ], [ -98.510681152343807, 25.53125 ], [ -98.418678283691406, 25.5033702850343 ], [ -98.413757324218693, 25.479919433593899 ], [ -98.424858093261705, 25.458530426025401 ], [ -98.469711303710895, 25.4314403533937 ], [ -98.498947143554702, 25.3732795715332 ], [ -98.548690795898395, 25.3506793975831 ], [ -98.603118896484403, 25.298601150512798 ], [ -98.634368896484403, 25.295312881469801 ], [ -98.674011230468693, 25.254470825195401 ], [ -98.826210021972599, 25.233600616455199 ], [ -98.862068176269503, 25.214492797851602 ], [ -98.888175964355497, 25.181810379028398 ], [ -98.899627685546903, 25.137559890747099 ], [ -98.918426513671804, 25.108240127563601 ], [ -99.020202636718693, 25.112300872802798 ], [ -99.035499572753906, 25.1226406097413 ], [ -99.054542541503807, 25.1586208343506 ], [ -99.077941894531193, 25.158180236816499 ], [ -99.117736816406193, 25.100700378418001 ], [ -99.133331298828097, 25.088850021362401 ], [ -99.183479309081903, 25.073900222778398 ], [ -99.193710327148395, 25.0591716766357 ], [ -99.193305969238295, 25.0365505218506 ], [ -99.175338745117102, 24.985109329223601 ], [ -99.142768859863295, 24.964361190795799 ], [ -99.145698547363196, 24.944152832031399 ], [ -99.1578369140625, 24.903930664062599 ], [ -99.200576782226605, 24.898870468139702 ], [ -99.222602844238295, 24.8854885101319 ], [ -99.249908447265597, 24.816930770873999 ], [ -99.294326782226605, 24.8005294799806 ], [ -99.305938720703097, 24.849420547485501 ], [ -99.311088562011705, 24.857301712036101 ], [ -99.320686340332003, 24.853940963745099 ], [ -99.338851928710895, 24.8136100769044 ], [ -99.384902954101605, 24.795780181884801 ], [ -99.429702758789006, 24.737529754638601 ], [ -99.449371337890597, 24.7341995239257 ], [ -99.494247436523395, 24.745790481567401 ], [ -99.559806823730497, 24.657592773437599 ], [ -99.600601196289006, 24.635440826416101 ], [ -99.666748046875, 24.617080688476499 ], [ -99.693649291992202, 24.592138290405298 ], [ -99.746116638183494, 24.568069458007798 ], [ -99.765266418457003, 24.526269912719801 ], [ -99.771736145019503, 24.484910964965898 ], [ -99.701736450195298, 24.4851799011232 ], [ -99.680076599121094, 24.478651046753001 ], [ -99.639411926269503, 24.377590179443501 ], [ -99.642517089843807, 24.335020065307699 ], [ -99.675666809082003, 24.206501007080199 ], [ -99.675819396972699, 24.1403198242188 ], [ -99.605056762695298, 24.0636806488038 ], [ -99.544250488281193, 23.9228610992431 ], [ -99.494720458984403, 23.9015998840332 ], [ -99.464256286621094, 23.815631866455099 ], [ -99.47110748291, 23.811351776123001 ], [ -99.560928344726506, 23.831689834594702 ], [ -99.568550109863196, 23.828161239623999 ], [ -99.569923400878906, 23.792680740356499 ], [ -99.582000732421804, 23.772970199585 ], [ -99.652107238769503, 23.7370910644531 ], [ -99.686141967773395, 23.7316608428956 ], [ -99.782371520995994, 23.7571105957031 ], [ -99.809837341308494, 23.750810623168899 ], [ -99.874977111816307, 23.711429595947301 ], [ -99.885910034179702, 23.689691543579201 ], [ -99.901283264160099, 23.608190536499102 ], [ -99.960060119628906, 23.542890548706101 ], [ -99.973342895507798, 23.507707595825298 ], [ -99.974578857421903, 23.4680480957032 ], [ -99.958068847656193, 23.4134712219238 ], [ -99.966140747070298, 23.337459564208999 ], [ -99.989677429199205, 23.3465805053712 ], [ -100.042747497559006, 23.3443508148194 ], [ -100.069313049315994, 23.356571197509901 ], [ -100.094383239745994, 23.348749160766499 ], [ -100.121536254882997, 23.326280593872099 ], [ -100.099792480469006, 23.276590347290199 ], [ -100.102378845215, 23.262199401855501 ], [ -100.116676330565994, 23.2482604980469 ], [ -100.272972106934006, 23.2757892608643 ], [ -100.324920654297003, 23.219230651855501 ], [ -100.351119995117003, 23.1756610870362 ], [ -100.361541748047003, 23.1721591949463 ], [ -100.425857543945, 23.198949813842798 ], [ -100.468650817870994, 23.239990234375 ] ] ] } },
{ "type": "Feature", "properties": { "NAME_1": "Oaxaca" }, "geometry": { "type": "MultiPolygon", "coordinates": [ [ [ [ -97.321250915527301, 15.944583892822299 ], [ -97.359306335449205, 15.9440279006959 ], [ -97.368751525878906, 15.9362487792969 ], [ -97.42236328125, 15.940694808959901 ], [ -97.537086486816406, 15.9715280532837 ], [ -97.565696716308594, 15.9626388549806 ], [ -97.657913208007798, 15.9776401519775 ], [ -97.673751831054702, 15.9726400375366 ], [ -97.678192138671804, 15.9626388549806 ], [ -97.772361755371094, 15.977084159851101 ], [ -97.860694885253906, 16.027915954589801 ], [ -97.962081909179602, 16.100139617919901 ], [ -98.105415344238196, 16.178749084472798 ], [ -98.186531066894503, 16.212083816528299 ], [ -98.197364807128807, 16.225694656372099 ], [ -98.286529541015597, 16.250972747802699 ], [ -98.424583435058594, 16.269861221313501 ], [ -98.555839538574205, 16.319026947021602 ], [ -98.376426696777301, 16.4491996765137 ], [ -98.365013122558494, 16.4659309387206 ], [ -98.345756530761705, 16.547460556030298 ], [ -98.260978698730398, 16.599411010742202 ], [ -98.194763183593807, 16.663379669189499 ], [ -98.184257507324205, 16.680429458618299 ], [ -98.176750183105398, 16.7293205261232 ], [ -98.143173217773395, 16.749740600586001 ], [ -98.101486206054702, 16.753368377685501 ], [ -98.058319091796804, 16.793521881103601 ], [ -98.037078857421903, 16.8283290863038 ], [ -98.023002624511705, 16.895910263061499 ], [ -98.024009704589801, 16.9297981262206 ], [ -98.046142578125, 16.979629516601701 ], [ -98.107650756835895, 17.0023212432862 ], [ -98.103698730468693, 17.0760307312012 ], [ -98.123718261718807, 17.135889053344801 ], [ -98.215599060058594, 17.1655502319337 ], [ -98.237457275390597, 17.185390472412099 ], [ -98.236495971679702, 17.207250595092798 ], [ -98.231719970703097, 17.1924228668213 ], [ -98.230316162109403, 17.264511108398398 ], [ -98.193717956542997, 17.29660987854 ], [ -98.204887390136705, 17.338951110839901 ], [ -98.217910766601605, 17.472549438476499 ], [ -98.239295959472699, 17.5319309234619 ], [ -98.313583374023395, 17.658861160278398 ], [ -98.326553344726605, 17.6987209320068 ], [ -98.321899414062401, 17.754301071166999 ], [ -98.279159545898395, 17.8667812347412 ], [ -98.264289855957003, 17.894121170043899 ], [ -98.202697753906193, 17.963520050048899 ], [ -98.120201110839801, 18.0152091979981 ], [ -98.079521179199205, 18.026050567626999 ], [ -97.919242858886705, 18.029340744018601 ], [ -97.854949951171903, 18.0522994995118 ], [ -97.773696899414105, 17.990409851074201 ], [ -97.726348876953097, 17.976610183715898 ], [ -97.698028564453097, 17.9846801757812 ], [ -97.636451721191406, 18.035221099853601 ], [ -97.626632690429702, 18.054479598998999 ], [ -97.638648986816406, 18.071718215942401 ], [ -97.719535827636705, 18.122270584106399 ], [ -97.741645812988295, 18.155458450317401 ], [ -97.660171508789006, 18.320869445800799 ], [ -97.597946166992202, 18.3467311859131 ], [ -97.5340576171875, 18.354511260986399 ], [ -97.515480041503807, 18.3412780761719 ], [ -97.507400512695298, 18.291110992431602 ], [ -97.5576171875, 18.258020401001101 ], [ -97.562866210937401, 18.241939544677699 ], [ -97.486351013183594, 18.177270889282301 ], [ -97.462471008300696, 18.112249374389599 ], [ -97.419967651367202, 18.051599502563501 ], [ -97.400367736816307, 17.977519989013601 ], [ -97.387161254882798, 17.963598251342901 ], [ -97.372543334960895, 17.962232589721701 ], [ -97.337677001953097, 17.994729995727599 ], [ -97.296768188476605, 18.073310852050898 ], [ -97.212692260742102, 18.1591091156007 ], [ -97.135643005370994, 18.177061080932599 ], [ -96.994850158691406, 18.142860412597699 ], [ -96.923751831054602, 18.1994724273681 ], [ -96.928703308105398, 18.218059539794901 ], [ -96.921257019042898, 18.2327804565431 ], [ -96.907646179199205, 18.2121906280518 ], [ -96.853157043457003, 18.246498107910298 ], [ -96.800392150878906, 18.267650604248001 ], [ -96.789176940917898, 18.261529922485401 ], [ -96.757987976074205, 18.2658405303956 ], [ -96.731040954589801, 18.318910598754901 ], [ -96.699707031249901, 18.351970672607401 ], [ -96.681037902831903, 18.397439956665199 ], [ -96.630760192870994, 18.451959609985501 ], [ -96.589950561523395, 18.544389724731399 ], [ -96.609657287597699, 18.5773811340331 ], [ -96.607688903808494, 18.610200881958001 ], [ -96.597816467285199, 18.629560470581101 ], [ -96.581466674804602, 18.6332492828369 ], [ -96.544891357421903, 18.5949401855469 ], [ -96.495346069335895, 18.575679779052699 ], [ -96.518577575683594, 18.527479171752901 ], [ -96.500190734863196, 18.477239608764801 ], [ -96.494766235351506, 18.4232501983643 ], [ -96.469245910644503, 18.388910293579102 ], [ -96.390930175781094, 18.329401016235401 ], [ -96.366889953613196, 18.327001571655298 ], [ -96.334609985351605, 18.344160079956001 ], [ -96.291107177734403, 18.321769714355501 ], [ -96.238388061523395, 18.237379074096701 ], [ -96.208358764648395, 18.2451400756837 ], [ -96.1884765625, 18.2400302886963 ], [ -96.210899353027301, 18.214660644531399 ], [ -96.202751159667898, 18.198802947998001 ], [ -96.167610168457003, 18.189170837402301 ], [ -96.096542358398395, 18.22322845459 ], [ -96.030326843261705, 18.200321197509801 ], [ -95.979217529296804, 18.207269668579201 ], [ -95.944831848144503, 18.1921195983887 ], [ -95.905998229980497, 18.1913681030275 ], [ -95.877098083496094, 18.171800613403398 ], [ -95.840988159179702, 18.049730300903398 ], [ -95.839073181152301, 17.997159957885899 ], [ -95.878059387207003, 17.936508178711001 ], [ -95.917709350585895, 17.837970733642599 ], [ -95.948127746582003, 17.804357528686602 ], [ -95.932861328124901, 17.7819328308106 ], [ -95.940048217773395, 17.739711761474599 ], [ -95.896125793457003, 17.6645393371582 ], [ -95.869361877441307, 17.590179443359499 ], [ -95.853240966796804, 17.569770812988398 ], [ -95.774742126464801, 17.547611236572301 ], [ -95.739723205566406, 17.569761276245099 ], [ -95.667358398437401, 17.567569732666101 ], [ -95.609878540039105, 17.579362869262798 ], [ -95.489952087402301, 17.6599311828613 ], [ -95.358810424804702, 17.686830520629901 ], [ -95.303108215332003, 17.733221054077099 ], [ -95.287117004394503, 17.736730575561499 ], [ -95.223846435546903, 17.701789855957099 ], [ -95.222640991210895, 17.6851406097413 ], [ -95.299476623535199, 17.641902923583999 ], [ -95.299446105957003, 17.607299804687599 ], [ -95.165176391601406, 17.438081741333001 ], [ -95.036270141601605, 17.3450412750244 ], [ -95.027603149414105, 17.331359863281399 ], [ -95.027961730957003, 17.2929992675782 ], [ -95.002571105956903, 17.2712802886963 ], [ -95.020271301269503, 17.233770370483501 ], [ -95.019386291503906, 17.2187309265138 ], [ -93.873916625976605, 17.1514282226563 ], [ -93.887252807617102, 17.115140914916999 ], [ -93.886543273925795, 17.038660049438398 ], [ -93.922126770019503, 16.993270874023398 ], [ -93.924392700195298, 16.9552898406982 ], [ -93.948905944824205, 16.865278244018601 ], [ -93.966262817382798, 16.842750549316399 ], [ -94.066192626953097, 16.764379501342798 ], [ -94.153411865234304, 16.5223102569581 ], [ -94.156951904296804, 16.489261627197301 ], [ -94.106506347656193, 16.3890895843507 ], [ -94.128166198730497, 16.320430755615199 ], [ -94.121749877929602, 16.2215251922607 ], [ -94.139862060546804, 16.222084045410099 ], [ -94.167915344238196, 16.199306488037099 ], [ -94.213195800781193, 16.187084197998001 ], [ -94.242080688476506, 16.207639694213899 ], [ -94.283470153808494, 16.208471298217901 ], [ -94.301246643066406, 16.237918853759801 ], [ -94.321250915527301, 16.244028091430799 ], [ -94.335975646972699, 16.237638473510899 ], [ -94.352081298828097, 16.277082443237401 ], [ -94.375968933105497, 16.2968063354493 ], [ -94.415695190429702, 16.281528472900401 ], [ -94.410140991210895, 16.2351379394532 ], [ -94.428474426269503, 16.246528625488299 ], [ -94.441802978515597, 16.240694046020501 ], [ -94.440696716308594, 16.227361679077301 ], [ -94.4093017578125, 16.223194122314499 ], [ -94.385971069335895, 16.212640762329102 ], [ -94.421806335449205, 16.224027633666999 ], [ -94.443191528320298, 16.2159748077394 ], [ -94.399024963378906, 16.187084197998001 ], [ -94.396247863769503, 16.177360534668001 ], [ -94.335418701171903, 16.1654167175294 ], [ -94.292083740234304, 16.1470832824707 ], [ -94.29736328125, 16.157640457153398 ], [ -94.352363586425795, 16.177639007568398 ], [ -94.253753662109403, 16.161249160766701 ], [ -94.234580993652202, 16.1662502288819 ], [ -94.222358703613196, 16.159862518310501 ], [ -94.221801757812401, 16.166805267333999 ], [ -94.186805725097699, 16.147361755371101 ], [ -94.188468933105497, 16.144306182861399 ], [ -94.161529541015497, 16.1309719085694 ], [ -94.156806945800795, 16.123193740844702 ], [ -94.170974731445298, 16.133472442627099 ], [ -94.161804199218693, 16.125415802001999 ], [ -94.164306640625, 16.116807937622202 ], [ -94.204582214355497, 16.1318054199219 ], [ -94.207084655761705, 16.1293048858643 ], [ -94.103469848632798, 16.081249237060501 ], [ -94.096527099609403, 16.060861587524499 ], [ -94.108001708984304, 16.053415298461999 ], [ -94.238471984863196, 16.1148605346681 ], [ -94.414581298828097, 16.168472290039201 ], [ -94.5584716796875, 16.196250915527401 ], [ -94.725692749023395, 16.210971832275401 ], [ -94.720138549804702, 16.215694427490199 ], [ -94.730972290039105, 16.2295837402344 ], [ -94.662086486816307, 16.2487506866456 ], [ -94.6129150390625, 16.272638320923001 ], [ -94.586524963378906, 16.305416107177798 ], [ -94.580696105957003, 16.336526870727699 ], [ -94.591529846191307, 16.333751678466701 ], [ -94.617362976074205, 16.353471755981499 ], [ -94.614585876464801, 16.365972518921001 ], [ -94.620414733886705, 16.3545837402344 ], [ -94.675971984863295, 16.365139007568398 ], [ -94.727363586425795, 16.330137252807699 ], [ -94.734580993652301, 16.304027557373001 ], [ -94.777641296386705, 16.300693511962901 ], [ -94.790969848632798, 16.276527404785199 ], [ -94.801803588867102, 16.272638320923001 ], [ -94.816253662109403, 16.295972824096701 ], [ -94.787086486816406, 16.310417175293001 ], [ -94.771804809570298, 16.330694198608501 ], [ -94.798469543457003, 16.346248626708999 ], [ -94.805694580078097, 16.364305496215898 ], [ -94.816802978515597, 16.368473052978501 ], [ -94.822082519531193, 16.3784713745118 ], [ -94.812080383300795, 16.380695343017599 ], [ -94.806526184082003, 16.394861221313501 ], [ -94.823753356933494, 16.400693893432699 ], [ -94.824028015136705, 16.407915115356399 ], [ -94.838752746582003, 16.4081935882568 ], [ -94.842086791992202, 16.429306030273501 ], [ -94.862083435058494, 16.432083129882798 ], [ -94.881805419921804, 16.4245834350587 ], [ -94.882637023925795, 16.428749084472699 ], [ -94.879585266113295, 16.434583663940401 ], [ -94.880416870117202, 16.435693740844801 ], [ -94.883468627929702, 16.430139541626001 ], [ -94.883750915527301, 16.422082901001001 ], [ -94.929031372070298, 16.4154167175293 ], [ -94.955139160156193, 16.384027481079201 ], [ -94.971252441406193, 16.334863662719702 ], [ -95.030975341796804, 16.330137252807699 ], [ -95.054031372070298, 16.300971984863299 ], [ -95.067359924316406, 16.298749923706101 ], [ -95.065971374511705, 16.2804164886475 ], [ -95.028198242187401, 16.257360458373999 ], [ -94.952362060546903, 16.243473052978601 ], [ -94.867362976074205, 16.255416870117301 ], [ -94.845138549804702, 16.269027709960898 ], [ -94.866531372070298, 16.280139923095799 ], [ -94.861808776855398, 16.282917022705099 ], [ -94.833190917968693, 16.283472061157301 ], [ -94.8165283203125, 16.273471832275501 ], [ -94.829307556152301, 16.262916564941399 ], [ -94.841804504394503, 16.2704162597657 ], [ -94.839302062988196, 16.262916564941399 ], [ -94.848197937011705, 16.256526947021499 ], [ -94.927635192871094, 16.240972518920898 ], [ -94.989303588867102, 16.244304656982401 ], [ -95.074028015136705, 16.265970230102699 ], [ -95.105140686035199, 16.235694885253899 ], [ -95.082916259765597, 16.226251602172901 ], [ -95.042640686035199, 16.224859237671001 ], [ -94.8709716796875, 16.236249923706101 ], [ -94.819305419921903, 16.223194122314499 ], [ -94.766807556152301, 16.2237472534181 ], [ -94.771247863769503, 16.2181930541993 ], [ -94.761253356933594, 16.2206935882568 ], [ -94.763748168945298, 16.213752746581999 ], [ -94.751525878906193, 16.212083816528299 ], [ -94.747642517089801, 16.209026336669901 ], [ -94.879859924316406, 16.2134723663331 ], [ -95.071250915527301, 16.1840305328369 ], [ -95.145141601562401, 16.190139770507901 ], [ -95.155418395995994, 16.1837482452394 ], [ -95.167915344238196, 16.1968078613282 ], [ -95.151802062988196, 16.166528701782301 ], [ -95.193191528320298, 16.166805267333999 ], [ -95.194862365722699, 16.172359466552798 ], [ -95.201805114746094, 16.1690273284912 ], [ -95.196807861328097, 16.160694122314499 ], [ -95.197082519531193, 16.1501388549806 ], [ -95.201805114746094, 16.1454162597656 ], [ -95.198471069335895, 16.160139083862401 ], [ -95.213195800781193, 16.154861450195401 ], [ -95.216247558593807, 16.1618061065675 ], [ -95.243194580078097, 16.155694961547901 ], [ -95.251525878906193, 16.142637252807699 ], [ -95.274024963378906, 16.145694732666001 ], [ -95.275138854980497, 16.1312484741212 ], [ -95.270973205566406, 16.144306182861399 ], [ -95.252082824707003, 16.1384716033937 ], [ -95.28125, 16.120416641235501 ], [ -95.282913208007798, 16.1081943511963 ], [ -95.275970458984304, 16.107915878296001 ], [ -95.354583740234403, 16.0793056488038 ], [ -95.378753662109403, 16.0451393127443 ], [ -95.368194580078097, 16.019861221313501 ], [ -95.423751831054702, 16.001527786254901 ], [ -95.435417175292898, 15.9756937026978 ], [ -95.471252441406193, 15.9784717559815 ], [ -95.448753356933594, 15.9820823669434 ], [ -95.455413818359403, 15.993471145629901 ], [ -95.457916259765597, 15.9843044281006 ], [ -95.471527099609403, 15.9806938171388 ], [ -95.492919921874901, 15.9873609542846 ], [ -95.496803283691406, 15.980416297912701 ], [ -95.472915649414006, 15.9784717559815 ], [ -95.492919921874901, 15.974583625793599 ], [ -95.497085571289105, 15.9651393890381 ], [ -95.5343017578125, 15.966251373291 ], [ -95.528472900390597, 15.961526870727599 ], [ -95.574584960937401, 15.9556941986085 ], [ -95.554862976074205, 15.964027404785099 ], [ -95.575973510742202, 15.9651393890381 ], [ -95.583747863769503, 15.9440279006959 ], [ -95.605697631835895, 15.943193435669 ], [ -95.612640380859304, 15.9309730529785 ], [ -95.6370849609375, 15.927638053894199 ], [ -95.661529541015597, 15.912361145019499 ], [ -95.772636413574205, 15.894583702087401 ], [ -95.781524658203097, 15.8804168701172 ], [ -95.776252746582003, 15.8709716796875 ], [ -95.783195495605497, 15.870415687561 ], [ -95.784301757812401, 15.884026527404799 ], [ -95.790969848632798, 15.8854169845582 ], [ -95.803474426269503, 15.8737497329712 ], [ -95.786247253417997, 15.872637748718301 ], [ -95.784858703613196, 15.871527671814 ], [ -95.784858703613196, 15.870694160461399 ], [ -95.830139160156193, 15.866527557373001 ], [ -95.880416870117102, 15.8518047332765 ], [ -95.890419006347599, 15.842083930969199 ], [ -95.963752746582003, 15.8276386260987 ], [ -95.967918395996094, 15.817359924316399 ], [ -96.005691528320298, 15.809027671814 ], [ -96.029586791992102, 15.7918062210084 ], [ -96.054306030273395, 15.786806106567401 ], [ -96.063194274902301, 15.775694847106999 ], [ -96.072914123535199, 15.778751373291 ], [ -96.075973510742202, 15.765693664550801 ], [ -96.094863891601605, 15.773195266723601 ], [ -96.100135803222599, 15.757362365722701 ], [ -96.122085571289006, 15.760417938232401 ], [ -96.122917175292898, 15.7495832443237 ], [ -96.130691528320298, 15.7529153823853 ], [ -96.127639770507798, 15.7368059158325 ], [ -96.145416259765597, 15.7379159927369 ], [ -96.152084350585895, 15.732084274291999 ], [ -96.145141601562401, 15.72624874115 ], [ -96.166526794433494, 15.7229166030885 ], [ -96.192085266113196, 15.7043056488038 ], [ -96.20263671875, 15.7126379013062 ], [ -96.2076416015625, 15.698748588562101 ], [ -96.238471984863295, 15.6915273666382 ], [ -96.238197326660199, 15.6818056106569 ], [ -96.325691223144503, 15.6887512207032 ], [ -96.339859008789105, 15.684027671814 ], [ -96.349586486816406, 15.689861297607401 ], [ -96.364860534667898, 15.6815280914307 ], [ -96.374580383300795, 15.690417289733899 ], [ -96.426528930664105, 15.6954174041747 ], [ -96.453193664550696, 15.680693626403899 ], [ -96.465415954589702, 15.682915687561 ], [ -96.481803894042898, 15.662917137146099 ], [ -96.495414733886705, 15.6648607254029 ], [ -96.494857788085895, 15.657637596130501 ], [ -96.546249389648395, 15.665416717529199 ], [ -96.557640075683594, 15.6565284729004 ], [ -96.698753356933494, 15.717082977295 ], [ -96.860137939452997, 15.738471984863301 ], [ -96.923751831054602, 15.779582977295 ], [ -97.017364501953097, 15.806248664856 ], [ -97.021804809570298, 15.815137863159199 ], [ -97.025413513183494, 15.810693740844799 ], [ -97.049858093261705, 15.8270826339722 ], [ -97.045692443847599, 15.8351402282716 ], [ -97.061248779296804, 15.859026908874499 ], [ -97.074859619140597, 15.854861259460399 ], [ -97.090972900390597, 15.8612489700318 ], [ -97.144859313964801, 15.8987503051759 ], [ -97.234306335449205, 15.9309730529785 ], [ -97.321250915527301, 15.944583892822299 ] ] ], [ [ [ -96.226524353027301, 15.6873598098756 ], [ -96.228752136230497, 15.684583663940399 ], [ -96.232086181640597, 15.687082290649499 ], [ -96.229026794433594, 15.6881952285768 ], [ -96.226524353027301, 15.6873598098756 ] ] ], [ [ [ -96.160972595214801, 15.720417022705099 ], [ -96.160415649414006, 15.717082977295 ], [ -96.163749694824205, 15.717082977295 ], [ -96.162918090820298, 15.7209730148315 ], [ -96.160972595214801, 15.720417022705099 ] ] ], [ [ [ -96.117080688476605, 15.7476387023925 ], [ -96.118194580078097, 15.746805191040201 ], [ -96.120414733886705, 15.747082710266101 ], [ -96.116806030273395, 15.7490291595459 ], [ -96.117080688476605, 15.7476387023925 ] ] ], [ [ [ -96.083747863769503, 15.7651376724243 ], [ -96.082359313964801, 15.7634716033937 ], [ -96.084304809570298, 15.7620840072632 ], [ -96.085693359375, 15.765693664550801 ], [ -96.083747863769503, 15.7651376724243 ] ] ], [ [ [ -95.574028015136705, 15.9412488937378 ], [ -95.575973510742202, 15.938195228576699 ], [ -95.577636718749901, 15.9387512207032 ], [ -95.575973510742202, 15.942361831665 ], [ -95.574028015136705, 15.9412488937378 ] ] ], [ [ [ -95.246803283691307, 16.135694503784201 ], [ -95.247360229492102, 16.1326408386231 ], [ -95.251251220703097, 16.133193969726499 ], [ -95.251251220703097, 16.136249542236399 ], [ -95.246803283691307, 16.135694503784201 ] ] ], [ [ [ -94.897087097167898, 16.3454189300538 ], [ -94.900413513183494, 16.335973739623999 ], [ -94.905418395996094, 16.337083816528398 ], [ -94.90625, 16.3401393890381 ], [ -94.897087097167898, 16.3454189300538 ] ] ], [ [ [ -94.915695190429602, 16.3418064117432 ], [ -94.916526794433494, 16.3401393890381 ], [ -94.919586181640597, 16.341249465942401 ], [ -94.918197631835895, 16.342636108398398 ], [ -94.915695190429602, 16.3418064117432 ] ] ], [ [ [ -94.906806945800696, 16.343748092651399 ], [ -94.907913208007798, 16.3418064117432 ], [ -94.909301757812401, 16.342636108398398 ], [ -94.908752441406193, 16.3445835113525 ], [ -94.906806945800696, 16.343748092651399 ] ] ], [ [ [ -94.877639770507699, 16.352361679077099 ], [ -94.858474731445199, 16.350694656371999 ], [ -94.853195190429602, 16.3448600769043 ], [ -94.873970031738295, 16.348529815673899 ], [ -94.874031066894503, 16.3376388549806 ], [ -94.882080078125, 16.348472595214901 ], [ -94.877639770507699, 16.352361679077099 ] ] ], [ [ [ -94.864303588867202, 16.383472442626999 ], [ -94.863746643066406, 16.380695343017599 ], [ -94.867637634277301, 16.377916336059702 ], [ -94.866531372070298, 16.384027481079201 ], [ -94.864303588867202, 16.383472442626999 ] ] ], [ [ [ -94.104309082031094, 16.0912475585937 ], [ -94.129859924316307, 16.101526260376001 ], [ -94.136802673339801, 16.1012496948243 ], [ -94.133750915527301, 16.097082138061602 ], [ -94.138473510742202, 16.100694656372099 ], [ -94.131530761718807, 16.103195190429702 ], [ -94.104309082031094, 16.0912475585937 ] ] ], [ [ [ -94.153198242187401, 16.121250152588001 ], [ -94.151527404785199, 16.119861602783299 ], [ -94.151802062988196, 16.117637634277401 ], [ -94.15625, 16.120695114135799 ], [ -94.153198242187401, 16.121250152588001 ] ] ], [ [ [ -94.129585266113295, 16.120971679687599 ], [ -94.133468627929602, 16.120416641235501 ], [ -94.134582519531193, 16.121528625488398 ], [ -94.130691528320298, 16.121528625488398 ], [ -94.129585266113295, 16.120971679687599 ] ] ], [ [ [ -94.116249084472699, 16.1273612976075 ], [ -94.111526489257798, 16.117637634277401 ], [ -94.127357482910099, 16.127916336059499 ], [ -94.123474121093594, 16.128194808959901 ], [ -94.116249084472699, 16.1273612976075 ] ] ], [ [ [ -94.261253356933494, 16.1715297698975 ], [ -94.263748168945298, 16.1670837402344 ], [ -94.267913818359403, 16.1690273284912 ], [ -94.263191223144403, 16.172359466552798 ], [ -94.261253356933494, 16.1715297698975 ] ] ], [ [ [ -94.244308471679602, 16.187362670898398 ], [ -94.233474731445298, 16.187639236450199 ], [ -94.205696105957003, 16.164861679077099 ], [ -94.242637634277301, 16.182083129882798 ], [ -94.244308471679602, 16.187362670898398 ] ] ], [ [ [ -94.358749389648295, 16.184858322143601 ], [ -94.3548583984375, 16.177082061767599 ], [ -94.368751525878807, 16.1837482452394 ], [ -94.365417480468693, 16.185693740844702 ], [ -94.358749389648295, 16.184858322143601 ] ] ], [ [ [ -94.361808776855497, 16.198194503784102 ], [ -94.359306335449205, 16.1931953430175 ], [ -94.364585876464801, 16.189306259155298 ], [ -94.369308471679602, 16.197082519531399 ], [ -94.361808776855497, 16.198194503784102 ] ] ], [ [ [ -94.731803894042898, 16.212083816528299 ], [ -94.725418090820298, 16.206527709961001 ], [ -94.742637634277301, 16.210138320922901 ], [ -94.742362976074205, 16.212358474731602 ], [ -94.731803894042898, 16.212083816528299 ] ] ], [ [ [ -94.123191833495994, 16.2104167938232 ], [ -94.122207641601506, 16.211805343627901 ], [ -94.122566223144503, 16.208740234374901 ], [ -94.123191833495994, 16.2098617553712 ], [ -94.123191833495994, 16.2104167938232 ] ] ], [ [ [ -94.357086181640597, 16.2223606109619 ], [ -94.349861145019503, 16.221250534057699 ], [ -94.340972900390597, 16.2159748077394 ], [ -94.352081298828097, 16.221250534057699 ], [ -94.364585876464801, 16.220138549804801 ], [ -94.346252441406094, 16.212083816528299 ], [ -94.364860534667997, 16.2062492370606 ], [ -94.371528625488196, 16.217084884643501 ], [ -94.372360229492102, 16.212083816528299 ], [ -94.378196716308494, 16.2134723663331 ], [ -94.367362976074205, 16.221250534057699 ], [ -94.357086181640597, 16.2223606109619 ] ] ], [ [ [ -94.742080688476605, 16.217084884643501 ], [ -94.741806030273395, 16.2134723663331 ], [ -94.745697021484403, 16.2151393890382 ], [ -94.745414733886705, 16.2179164886475 ], [ -94.742080688476605, 16.217084884643501 ] ] ], [ [ [ -94.753196716308594, 16.217361450195298 ], [ -94.753196716308594, 16.2134723663331 ], [ -94.754028320312401, 16.213193893432699 ], [ -94.753753662109304, 16.21875 ], [ -94.753196716308594, 16.217361450195298 ] ] ], [ [ [ -94.733474731445298, 16.2268047332763 ], [ -94.731529235839801, 16.2226371765137 ], [ -94.731246948242102, 16.219028472900401 ], [ -94.737640380859304, 16.222919464111399 ], [ -94.733474731445298, 16.2268047332763 ] ] ], [ [ [ -94.851806640625, 16.329584121704102 ], [ -94.851524353027301, 16.3273620605468 ], [ -94.8548583984375, 16.330137252807699 ], [ -94.852912902832003, 16.3304157257081 ], [ -94.851806640625, 16.329584121704102 ] ] ], [ [ [ -94.822639465332003, 16.3537502288819 ], [ -94.815139770507798, 16.3448600769043 ], [ -94.815971374511705, 16.3418064117432 ], [ -94.830970764160099, 16.343748092651399 ], [ -94.8326416015625, 16.353195190429702 ], [ -94.822639465332003, 16.3537502288819 ] ] ], [ [ [ -94.845970153808494, 16.3520832061768 ], [ -94.847084045410199, 16.350973129272401 ], [ -94.850692749023395, 16.351804733276399 ], [ -94.847084045410199, 16.3537502288819 ], [ -94.845970153808494, 16.3520832061768 ] ] ], [ [ [ -94.847640991210895, 16.3593063354493 ], [ -94.848197937011705, 16.3581943511963 ], [ -94.849586486816307, 16.3581943511963 ], [ -94.848747253417898, 16.360416412353601 ], [ -94.847640991210895, 16.3593063354493 ] ] ], [ [ [ -94.820693969726506, 16.367082595825099 ], [ -94.822082519531193, 16.3637504577637 ], [ -94.826805114745994, 16.365695953369201 ], [ -94.822914123535199, 16.367639541626101 ], [ -94.820693969726506, 16.367082595825099 ] ] ] ] } },
{ "type": "Feature", "properties": { "NAME_1": "Puebla" }, "geometry": { "type": "Polygon", "coordinates": [ [ [ -98.359848022460895, 17.991521835327099 ], [ -98.382347106933594, 18.018440246581999 ], [ -98.403762817382798, 18.019720077514599 ], [ -98.443077087402301, 18.0099811553956 ], [ -98.471977233886705, 17.977991104126101 ], [ -98.493942260742102, 17.988481521606602 ], [ -98.550277709960895, 17.976749420166001 ], [ -98.545982360839801, 18.006111145019599 ], [ -98.555152893066406, 18.017581939697301 ], [ -98.590156555175795, 18.023250579834102 ], [ -98.616912841796903, 18.050500869751101 ], [ -98.723121643066307, 18.085678100586001 ], [ -98.685607910156193, 18.131660461425799 ], [ -98.698547363281193, 18.1534099578857 ], [ -98.714599609375, 18.157728195190501 ], [ -98.817718505859304, 18.145891189575099 ], [ -98.858161926269503, 18.2252712249757 ], [ -98.962806701660199, 18.2858791351319 ], [ -98.974266052246094, 18.300451278686602 ], [ -98.976676940917997, 18.3305892944337 ], [ -98.960762023925696, 18.3596496582031 ], [ -98.876235961914105, 18.4079303741456 ], [ -98.836982727050696, 18.457540512085 ], [ -98.790657043457003, 18.481370925903398 ], [ -98.753166198730398, 18.5334796905518 ], [ -98.729415893554602, 18.527549743652301 ], [ -98.637596130370994, 18.436372756958001 ], [ -98.618118286132798, 18.439371109008899 ], [ -98.606399536132798, 18.461381912231399 ], [ -98.658821105957003, 18.735498428344702 ], [ -98.653358459472699, 18.7694396972657 ], [ -98.633087158203097, 18.803779602050799 ], [ -98.606071472167997, 18.895959854126001 ], [ -98.580406188964801, 18.964788436889801 ], [ -98.549713134765597, 19.018100738525501 ], [ -98.542793273925696, 19.047840118408299 ], [ -98.5537109375, 19.209590911865298 ], [ -98.593299865722699, 19.3336696624757 ], [ -98.591667175292997, 19.3754806518556 ], [ -98.568428039550696, 19.403739929199201 ], [ -98.585533142089801, 19.4515800476075 ], [ -98.582977294921903, 19.471490859985298 ], [ -98.525962829589801, 19.475910186767699 ], [ -98.449913024902202, 19.4125881195069 ], [ -98.3892822265625, 19.377290725708001 ], [ -98.341156005859403, 19.332389831542901 ], [ -98.314788818359403, 19.272199630737401 ], [ -98.268127441406193, 19.2227592468263 ], [ -98.215751647949205, 19.188922882080099 ], [ -98.170700073242202, 19.176519393920799 ], [ -98.127998352050795, 19.1463108062744 ], [ -98.099212646484304, 19.136711120605501 ], [ -98.071533203125, 19.142759323120099 ], [ -97.945678710937401, 19.246709823608299 ], [ -97.925842285156193, 19.246181488037202 ], [ -97.867523193359403, 19.208431243896499 ], [ -97.842567443847699, 19.2086582183837 ], [ -97.787590026855497, 19.2423496246338 ], [ -97.757575988769503, 19.305110931396499 ], [ -97.735549926757798, 19.3284301757812 ], [ -97.698097229003807, 19.318580627441499 ], [ -97.640647888183594, 19.337400436401399 ], [ -97.590881347656193, 19.337890625000099 ], [ -97.554290771484304, 19.3654193878175 ], [ -97.546577453613196, 19.402540206909102 ], [ -97.58447265625, 19.410221099853601 ], [ -97.606796264648395, 19.4239902496337 ], [ -97.620201110839801, 19.472660064697401 ], [ -97.643516540527301, 19.4868698120118 ], [ -97.671966552734304, 19.5241928100587 ], [ -97.705108642578097, 19.54075050354 ], [ -97.740325927734403, 19.521562576293999 ], [ -97.790466308593807, 19.526220321655298 ], [ -97.795501708984304, 19.540010452270501 ], [ -97.777839660644503, 19.581239700317401 ], [ -97.784790039062401, 19.591590881347798 ], [ -97.935043334960895, 19.706550598144599 ], [ -97.977203369140597, 19.760879516601602 ], [ -97.996429443359304, 19.763280868530298 ], [ -98.048736572265597, 19.703020095825298 ], [ -98.075149536132798, 19.687070846557699 ], [ -98.121017456054702, 19.684061050415099 ], [ -98.165267944335895, 19.699308395385899 ], [ -98.159523010253906, 19.707080841064599 ], [ -98.197189331054602, 19.8513298034668 ], [ -98.164291381835895, 19.950599670410199 ], [ -98.131950378417898, 19.994421005248999 ], [ -98.104782104492202, 20.121789932251001 ], [ -98.102203369140497, 20.144020080566399 ], [ -98.108963012695298, 20.146770477294901 ], [ -98.101791381835895, 20.151041030883899 ], [ -98.100456237792898, 20.1892204284669 ], [ -98.114311218261705, 20.2204494476318 ], [ -98.113113403320298, 20.255731582641701 ], [ -98.137481689453097, 20.257099151611399 ], [ -98.184478759765597, 20.237880706787202 ], [ -98.202201843261705, 20.2404804229737 ], [ -98.221282958984304, 20.2670497894288 ], [ -98.230400085449205, 20.2987575531007 ], [ -98.085998535156193, 20.3631095886231 ], [ -98.049377441406193, 20.415111541748001 ], [ -97.981971740722699, 20.460250854492202 ], [ -97.935180664062401, 20.510271072387699 ], [ -97.940986633300795, 20.602899551391701 ], [ -97.925247192382798, 20.688270568847798 ], [ -97.910285949707003, 20.7191600799562 ], [ -97.871597290039006, 20.747310638427798 ], [ -97.867988586425795, 20.778440475463999 ], [ -97.834976196289006, 20.8089694976807 ], [ -97.822250366210895, 20.8520412445069 ], [ -97.768775939941307, 20.8372097015382 ], [ -97.697647094726506, 20.8514728546143 ], [ -97.6919326782225, 20.840440750122099 ], [ -97.702247619628906, 20.813350677490199 ], [ -97.692306518554602, 20.785579681396499 ], [ -97.741279602050795, 20.756059646606602 ], [ -97.744819641113295, 20.745920181274499 ], [ -97.696449279785199, 20.7500400543213 ], [ -97.675140380859304, 20.737321853637798 ], [ -97.670082092285099, 20.727430343627901 ], [ -97.6846923828125, 20.689462661743299 ], [ -97.673896789550696, 20.6575317382813 ], [ -97.637397766113295, 20.627109527587901 ], [ -97.550712585449205, 20.581701278686499 ], [ -97.536766052245994, 20.537570953369102 ], [ -97.594963073730497, 20.452520370483501 ], [ -97.620597839355398, 20.4563102722168 ], [ -97.661636352539105, 20.486520767211999 ], [ -97.697456359863196, 20.4704399108887 ], [ -97.708648681640597, 20.4576301574706 ], [ -97.714866638183594, 20.386600494384801 ], [ -97.706092834472699, 20.3066310882568 ], [ -97.682357788085895, 20.2091598510743 ], [ -97.660636901855398, 20.196580886840898 ], [ -97.586082458496094, 20.208459854126101 ], [ -97.569366455078097, 20.1902980804443 ], [ -97.544937133789006, 20.137731552124102 ], [ -97.521209716796804, 20.130550384521499 ], [ -97.495536804199205, 20.144050598144599 ], [ -97.449790954589801, 20.189580917358501 ], [ -97.404968261718693, 20.2605705261232 ], [ -97.375205993652301, 20.281730651855501 ], [ -97.293312072753906, 20.248130798339801 ], [ -97.155746459960895, 20.2117710113525 ], [ -97.086906433105398, 20.182218551635899 ], [ -97.090377807617202, 20.168359756469801 ], [ -97.176071166992102, 20.0561008453369 ], [ -97.248626708984403, 19.8714199066162 ], [ -97.239143371582003, 19.816198348999102 ], [ -97.277519226074205, 19.756811141967798 ], [ -97.3199462890625, 19.6525802612306 ], [ -97.344398498535099, 19.645572662353601 ], [ -97.351531982421804, 19.634149551391701 ], [ -97.293975830078097, 19.508529663086001 ], [ -97.292732238769503, 19.495569229126001 ], [ -97.314506530761705, 19.4640502929688 ], [ -97.314453124999901, 19.450412750244102 ], [ -97.238555908202997, 19.400041580200298 ], [ -97.171760559082003, 19.381599426269499 ], [ -97.108016967773395, 19.3745002746582 ], [ -96.983619689941307, 19.323440551757798 ], [ -96.964653015136705, 19.301532745361399 ], [ -96.962287902832003, 19.232080459594801 ], [ -96.987892150878906, 19.221759796142599 ], [ -97.118049621582003, 19.231439590454201 ], [ -97.184951782226506, 19.225641250610401 ], [ -97.189201354980497, 19.202640533447301 ], [ -97.173759460449205, 19.1355304718018 ], [ -97.16552734375, 18.975498199462901 ], [ -97.170036315917997, 18.942281723022599 ], [ -97.207580566406193, 18.906200408935501 ], [ -97.245468139648395, 18.8460197448731 ], [ -97.244361877441307, 18.737230300903299 ], [ -97.236907958984304, 18.706399917602699 ], [ -97.219360351562401, 18.682382583618299 ], [ -97.195953369140597, 18.6670112609863 ], [ -97.091156005859403, 18.633569717407301 ], [ -97.046936035156193, 18.628982543945298 ], [ -97.049057006835895, 18.590339660644599 ], [ -96.999832153320298, 18.500080108642699 ], [ -96.965972900390597, 18.4705200195312 ], [ -96.944107055664105, 18.4650402069093 ], [ -96.919425964355398, 18.472969055175799 ], [ -96.880943298339801, 18.512710571289102 ], [ -96.819282531738295, 18.543390274047901 ], [ -96.722572326660199, 18.512029647827099 ], [ -96.649726867675696, 18.441959381103501 ], [ -96.648506164550696, 18.429378509521499 ], [ -96.681037902831903, 18.397439956665199 ], [ -96.699707031249901, 18.351970672607401 ], [ -96.731040954589801, 18.318910598754901 ], [ -96.757987976074205, 18.2658405303956 ], [ -96.789176940917898, 18.261529922485401 ], [ -96.800392150878906, 18.267650604248001 ], [ -96.853157043457003, 18.246498107910298 ], [ -96.907646179199205, 18.2121906280518 ], [ -96.921257019042898, 18.2327804565431 ], [ -96.928703308105398, 18.218059539794901 ], [ -96.923751831054602, 18.1994724273681 ], [ -96.994850158691406, 18.142860412597699 ], [ -97.135643005370994, 18.177061080932599 ], [ -97.212692260742102, 18.1591091156007 ], [ -97.296768188476605, 18.073310852050898 ], [ -97.337677001953097, 17.994729995727599 ], [ -97.372543334960895, 17.962232589721701 ], [ -97.387161254882798, 17.963598251342901 ], [ -97.400367736816307, 17.977519989013601 ], [ -97.419967651367202, 18.051599502563501 ], [ -97.462471008300696, 18.112249374389599 ], [ -97.486351013183594, 18.177270889282301 ], [ -97.562866210937401, 18.241939544677699 ], [ -97.5576171875, 18.258020401001101 ], [ -97.507400512695298, 18.291110992431602 ], [ -97.515480041503807, 18.3412780761719 ], [ -97.5340576171875, 18.354511260986399 ], [ -97.597946166992202, 18.3467311859131 ], [ -97.660171508789006, 18.320869445800799 ], [ -97.738746643066307, 18.163629531860298 ], [ -97.739906311035199, 18.150529861450199 ], [ -97.719535827636705, 18.122270584106399 ], [ -97.638648986816406, 18.071718215942401 ], [ -97.626632690429702, 18.054479598998999 ], [ -97.636451721191406, 18.035221099853601 ], [ -97.706481933593807, 17.980728149414102 ], [ -97.726348876953097, 17.976610183715898 ], [ -97.773696899414105, 17.990409851074201 ], [ -97.854949951171903, 18.0522994995118 ], [ -97.919242858886705, 18.029340744018601 ], [ -98.079521179199205, 18.026050567626999 ], [ -98.120201110839801, 18.0152091979981 ], [ -98.191917419433494, 17.971212387085099 ], [ -98.250602722167997, 17.909959793090799 ], [ -98.314872741699105, 17.940378189086999 ], [ -98.359848022460895, 17.991521835327099 ] ] ] } },
{ "type": "Feature", "properties": { "NAME_1": "Querétaro" }, "geometry": { "type": "Polygon", "coordinates": [ [ [ -100.055839538574006, 20.052352905273501 ], [ -100.084136962890994, 20.0547904968263 ], [ -100.12629699707, 20.043760299682699 ], [ -100.240280151367003, 20.1396198272706 ], [ -100.257949829102003, 20.158180236816499 ], [ -100.251609802245994, 20.194700241088899 ], [ -100.29940032959, 20.259550094604499 ], [ -100.324012756347997, 20.283000946045 ], [ -100.361236572265994, 20.2966499328613 ], [ -100.386093139647997, 20.354780197143601 ], [ -100.471000671387003, 20.412469863891701 ], [ -100.494346618652003, 20.4456996917725 ], [ -100.519729614257997, 20.5058498382569 ], [ -100.515602111815994, 20.591129302978601 ], [ -100.539962768555, 20.650079727172901 ], [ -100.578407287597997, 20.6768112182618 ], [ -100.583877563477003, 20.6986198425294 ], [ -100.572273254395, 20.801959991455099 ], [ -100.543251037597997, 20.881629943847699 ], [ -100.529350280762003, 20.901029586791999 ], [ -100.512466430664006, 20.906351089477699 ], [ -100.457382202147997, 20.9150905609131 ], [ -100.430335998535, 20.902778625488299 ], [ -100.400787353515994, 20.916549682617202 ], [ -100.346168518065994, 20.911390304565501 ], [ -100.279609680175994, 20.939319610595799 ], [ -100.191223144530994, 20.924180984497099 ], [ -100.15495300293, 20.9325695037843 ], [ -100.148452758789006, 20.979749679565401 ], [ -100.115188598632997, 20.961339950561602 ], [ -100.105003356934006, 20.967910766601701 ], [ -100.082077026367003, 21.026790618896399 ], [ -100.089729309082003, 21.070980072021602 ], [ -100.055152893065994, 21.1142597198487 ], [ -100.016296386719006, 21.1859111785888 ], [ -99.997146606445298, 21.201980590820298 ], [ -99.935997009277301, 21.2228202819825 ], [ -99.876731872558594, 21.160699844360401 ], [ -99.835502624511705, 21.158798217773501 ], [ -99.819076538085895, 21.1690902709962 ], [ -99.807876586914105, 21.19734954834 ], [ -99.742996215820298, 21.227502822876001 ], [ -99.717109680175795, 21.2723903656006 ], [ -99.713050842285099, 21.325189590454201 ], [ -99.754249572753807, 21.338541030883899 ], [ -99.802177429199205, 21.3403511047363 ], [ -99.813346862792898, 21.3532009124756 ], [ -99.805358886718693, 21.3745307922363 ], [ -99.766296386718807, 21.419370651245099 ], [ -99.761970520019503, 21.4962882995606 ], [ -99.805389404296903, 21.5360107421875 ], [ -99.784507751464801, 21.548181533813601 ], [ -99.747489929199205, 21.547121047973601 ], [ -99.756652832031193, 21.570930480957099 ], [ -99.747688293457003, 21.584960937500099 ], [ -99.700248718261705, 21.582679748535099 ], [ -99.652587890624901, 21.558040618896499 ], [ -99.619689941406094, 21.475009918212798 ], [ -99.594642639160199, 21.450691223144499 ], [ -99.507766723632798, 21.4414997100831 ], [ -99.417900085449205, 21.460100173950199 ], [ -99.394599914550696, 21.4468803405762 ], [ -99.3834228515625, 21.4575004577637 ], [ -99.344528198242102, 21.560359954833999 ], [ -99.329650878906193, 21.5641708374025 ], [ -99.298149108886705, 21.5549011230469 ], [ -99.274070739745994, 21.565401077270501 ], [ -99.271652221679702, 21.533250808715898 ], [ -99.239257812499901, 21.483341217041101 ], [ -99.110305786132798, 21.3578910827638 ], [ -99.077919006347699, 21.303268432617202 ], [ -99.042266845703097, 21.2938117980956 ], [ -99.044799804687401, 21.2724094390869 ], [ -99.069686889648395, 21.232019424438501 ], [ -99.077850341796903, 21.197950363159201 ], [ -99.093528747558494, 21.17626953125 ], [ -99.109519958496094, 21.1680908203125 ], [ -99.159416198730398, 21.164600372314499 ], [ -99.246467590332003, 21.129589080810501 ], [ -99.264076232910199, 21.129859924316499 ], [ -99.311607360839801, 21.154211044311602 ], [ -99.329933166503807, 21.123109817504901 ], [ -99.372177124023395, 21.100740432739201 ], [ -99.377082824707003, 21.0870094299318 ], [ -99.361351013183594, 21.0595207214356 ], [ -99.391830444335895, 21.010320663452202 ], [ -99.396186828613295, 20.964981079101602 ], [ -99.413459777832003, 20.917800903320298 ], [ -99.445846557617202, 20.872680664062599 ], [ -99.478668212890597, 20.869268417358501 ], [ -99.492256164550696, 20.8566703796387 ], [ -99.541610717773395, 20.7502975463868 ], [ -99.512878417968594, 20.705320358276399 ], [ -99.512886047363295, 20.684892654419102 ], [ -99.545791625976605, 20.6573791503907 ], [ -99.605812072753906, 20.6243495941163 ], [ -99.690856933593807, 20.597480773925898 ], [ -99.722656249999901, 20.597690582275401 ], [ -99.758758544921903, 20.5719528198243 ], [ -99.822082519531193, 20.553501129150401 ], [ -99.844985961914105, 20.4469604492188 ], [ -99.856903076171903, 20.317390441894499 ], [ -99.915176391601605, 20.2670497894288 ], [ -99.918388366699205, 20.253709793090799 ], [ -99.909881591796804, 20.2299404144287 ], [ -99.914833068847599, 20.217952728271499 ], [ -99.936203002929602, 20.2216300964356 ], [ -99.966552734375, 20.2435607910156 ], [ -99.978958129882798, 20.240209579467901 ], [ -99.947448730468693, 20.161159515380898 ], [ -99.947853088378906, 20.131309509277401 ], [ -100.024566650390994, 20.055660247802798 ], [ -100.039680480957003, 20.048620223998999 ], [ -100.055839538574006, 20.052352905273501 ] ] ] } },
{ "type": "Feature", "properties": { "NAME_1": "Quintana Roo" }, "geometry": { "type": "MultiPolygon", "coordinates": [ [ [ [ -87.876251220703097, 18.2059726715087 ], [ -87.879585266113295, 18.187360763549702 ], [ -87.896804809570298, 18.172082901001001 ], [ -87.894027709960895, 18.204584121704201 ], [ -87.882919311523295, 18.203193664550898 ], [ -87.889030456542997, 18.209028244018601 ], [ -87.879859924316307, 18.2070827484131 ], [ -87.873748779296804, 18.212638854980501 ], [ -87.876251220703097, 18.2059726715087 ] ] ], [ [ [ -87.879302978515597, 18.2159729003907 ], [ -87.876251220703097, 18.212915420532301 ], [ -87.877639770507798, 18.210971832275298 ], [ -87.882919311523295, 18.215694427490298 ], [ -87.879302978515597, 18.2159729003907 ] ] ], [ [ [ -87.888473510742202, 18.265415191650401 ], [ -87.891525268554702, 18.2595825195312 ], [ -87.893753051757798, 18.2584724426269 ], [ -87.895416259765597, 18.266525268554801 ], [ -87.888473510742202, 18.265415191650401 ] ] ], [ [ [ -87.896804809570298, 18.317361831665 ], [ -87.898193359375, 18.317916870117202 ], [ -87.897918701171903, 18.321250915527401 ], [ -87.897087097167997, 18.321250915527401 ], [ -87.896804809570298, 18.317361831665 ] ] ], [ [ [ -87.898193359375, 18.3220825195312 ], [ -87.898193359375, 18.3256950378419 ], [ -87.897361755371094, 18.325969696045 ], [ -87.897087097167997, 18.322637557983398 ], [ -87.898193359375, 18.3220825195312 ] ] ], [ [ [ -87.914306640625, 18.354028701782202 ], [ -87.912918090820298, 18.3529167175293 ], [ -87.913192749023395, 18.3520832061768 ], [ -87.915695190429602, 18.3548603057862 ], [ -87.914306640625, 18.354028701782202 ] ] ], [ [ [ -87.904861450195298, 18.357915878295898 ], [ -87.904304504394503, 18.354028701782202 ], [ -87.908470153808494, 18.3520832061768 ], [ -87.907081604003906, 18.3590278625488 ], [ -87.904861450195298, 18.357915878295898 ] ] ], [ [ [ -87.905418395995994, 18.364305496215799 ], [ -87.907081604003906, 18.364305496215799 ], [ -87.907081604003906, 18.366806030273501 ], [ -87.90625, 18.366806030273501 ], [ -87.905418395995994, 18.364305496215799 ] ] ], [ [ [ -87.907081604003906, 18.381250381469702 ], [ -87.908195495605497, 18.381526947021499 ], [ -87.908470153808494, 18.384027481079201 ], [ -87.906524658203097, 18.383750915527301 ], [ -87.907081604003906, 18.381250381469702 ] ] ], [ [ [ -88.014305114745994, 18.459583282470799 ], [ -88.074028015136705, 18.479583740234499 ], [ -88.064025878906193, 18.4876384735107 ], [ -88.072364807128906, 18.484859466552699 ], [ -88.065696716308594, 18.494861602783299 ], [ -88.072639465332003, 18.4931945800781 ], [ -88.077636718749901, 18.509859085083001 ], [ -88.044303894042997, 18.5331935882568 ], [ -88.032913208007798, 18.5684738159181 ], [ -88.045135498046804, 18.5731945037843 ], [ -88.044303894042997, 18.582084655761701 ], [ -88.029304504394403, 18.6020832061769 ], [ -88.034584045410199, 18.605140686035199 ], [ -88.018470764160199, 18.617082595825298 ], [ -88.004859924316307, 18.664304733276399 ], [ -87.997642517089702, 18.6679172515869 ], [ -88.019302368164105, 18.6970825195312 ], [ -88.010414123535099, 18.707361221313601 ], [ -88.008750915527301, 18.733472824096701 ], [ -88.001251220703097, 18.7376384735107 ], [ -88.013191223144403, 18.755695343017699 ], [ -88.000968933105398, 18.770694732666101 ], [ -88.014579772949205, 18.768749237060501 ], [ -88.012641906738295, 18.775417327880898 ], [ -88.022636413574205, 18.777360916137798 ], [ -88.017639160156193, 18.7920837402344 ], [ -88.038475036621094, 18.8129177093506 ], [ -88.04736328125, 18.8112506866456 ], [ -88.037086486816406, 18.850694656372099 ], [ -88.051803588867102, 18.866527557373001 ], [ -88.053474426269503, 18.858749389648601 ], [ -88.069862365722699, 18.861251831054801 ], [ -88.0826416015625, 18.842082977295 ], [ -88.078750610351605, 18.834863662719702 ], [ -88.106246948242102, 18.819305419921999 ], [ -88.108749389648295, 18.801805496215898 ], [ -88.146530151367202, 18.741806030273501 ], [ -88.141525268554602, 18.724859237670799 ], [ -88.160140991210895, 18.726251602173001 ], [ -88.150413513183494, 18.759582519531399 ], [ -88.149307250976605, 18.771528244018601 ], [ -88.150413513183494, 18.773750305175799 ], [ -88.171524047851605, 18.722360610961999 ], [ -88.182083129882699, 18.724306106567401 ], [ -88.20263671875, 18.710971832275401 ], [ -88.20263671875, 18.682083129882901 ], [ -88.193191528320298, 18.706806182861399 ], [ -88.165412902832003, 18.7179164886475 ], [ -88.1531982421875, 18.7079162597657 ], [ -88.191528320312401, 18.6806945800781 ], [ -88.230972290039006, 18.5865268707275 ], [ -88.285140991210895, 18.494583129882901 ], [ -88.376266479492202, 18.485509872436499 ], [ -88.395347595214801, 18.4970798492432 ], [ -88.442092895507798, 18.480329513549702 ], [ -88.472183227539006, 18.495479583740298 ], [ -88.518089294433594, 18.460817337036101 ], [ -88.550163269042997, 18.3768825531006 ], [ -88.550308227539105, 18.350288391113398 ], [ -88.595619201660199, 18.3028678894044 ], [ -88.609107971191307, 18.232782363891701 ], [ -88.632392883300696, 18.212202072143601 ], [ -88.657058715820298, 18.173009872436602 ], [ -88.702857971191307, 18.0625400543212 ], [ -88.759162902832003, 18.032886505126999 ], [ -88.782760620117202, 17.9787216186525 ], [ -88.813446044921903, 17.947698593139702 ], [ -88.847396850585895, 17.928228378295898 ], [ -88.843147277832003, 17.867259979248001 ], [ -88.874847412109403, 17.902851104736399 ], [ -88.916587829589801, 17.9217529296875 ], [ -88.941566467285099, 17.957881927490199 ], [ -88.983581542968807, 17.9563312530518 ], [ -88.997917175292898, 17.980150222778299 ], [ -89.028106689453097, 18.004400253296001 ], [ -89.093582153320298, 17.986021041870099 ], [ -89.106063842773395, 17.968570709228501 ], [ -89.128128051757699, 17.964862823486399 ], [ -89.145812988281193, 17.941999435424901 ], [ -89.15625, 18.036319732666001 ], [ -89.058372497558594, 18.144350051879801 ], [ -89.032577514648395, 18.21222114563 ], [ -89.048446655273395, 18.384901046753001 ], [ -89.065666198730398, 18.424491882324201 ], [ -89.042991638183594, 18.488449096679702 ], [ -89.049285888671903, 18.4982395172119 ], [ -89.078025817870994, 18.5093307495118 ], [ -89.059226989746094, 18.537229537963899 ], [ -89.057136535644503, 18.5666618347169 ], [ -89.067947387695298, 18.5967807769775 ], [ -89.101081848144503, 18.6320610046388 ], [ -89.107879638671804, 18.696041107177699 ], [ -89.078857421875, 18.839820861816499 ], [ -89.084342956542898, 18.9715690612794 ], [ -89.068252563476605, 18.9971008300781 ], [ -89.032035827636705, 19.0094318389893 ], [ -89.021102905273395, 19.022331237793001 ], [ -89.021972656249901, 19.1478805541993 ], [ -89.012145996093693, 19.231901168823299 ], [ -89.029617309570199, 19.2770805358887 ], [ -89.097473144531193, 19.3663005828857 ], [ -89.150276184082003, 19.421739578247099 ], [ -89.234428405761705, 19.495130538940501 ], [ -89.304237365722599, 19.5348510742188 ], [ -89.361862182617102, 19.582599639892599 ], [ -89.412208557128807, 19.6428127288819 ], [ -89.415336608886705, 19.6510906219482 ], [ -89.383583068847599, 19.711870193481399 ], [ -89.367179870605398, 19.770610809326101 ], [ -89.372093200683594, 19.8148593902588 ], [ -89.360420227050696, 19.831871032715 ], [ -89.326339721679702, 19.8270797729493 ], [ -89.208412170410099, 19.839351654052798 ], [ -89.182975769042997, 19.8524608612062 ], [ -89.152656555175795, 19.8920593261719 ], [ -89.087593078613196, 19.912469863891499 ], [ -89.055732727050696, 19.931819915771499 ], [ -88.958526611328097, 19.933139801025401 ], [ -88.925697326660199, 19.942329406738398 ], [ -88.873497009277202, 19.977939605712798 ], [ -88.834472656249901, 20.016069412231399 ], [ -88.822486877441406, 20.015399932861399 ], [ -88.805206298828097, 19.9863605499268 ], [ -88.791442871093807, 19.981250762939499 ], [ -88.779159545898395, 19.993341445922798 ], [ -88.789993286132798, 20.019029617309702 ], [ -88.782760620117202, 20.0288906097413 ], [ -88.715187072753807, 20.0795593261719 ], [ -88.690162658691406, 20.085870742797901 ], [ -88.643859863281193, 20.118629455566399 ], [ -88.557327270507798, 20.1373500823975 ], [ -88.494026184082003, 20.1745910644532 ], [ -88.448898315429602, 20.182460784912099 ], [ -88.412849426269503, 20.200559616088999 ], [ -88.381889343261705, 20.285219192504901 ], [ -88.353729248046804, 20.316909790039201 ], [ -88.320693969726605, 20.318550109863299 ], [ -88.304283142089801, 20.3108100891113 ], [ -88.276168823242202, 20.2529296875 ], [ -88.261962890625, 20.254810333251999 ], [ -88.260200500488295, 20.310768127441499 ], [ -88.272399902343594, 20.343458175659201 ], [ -88.227760314941307, 20.420560836791999 ], [ -88.200210571289105, 20.450300216674801 ], [ -88.155136108398395, 20.461139678955099 ], [ -88.120010375976605, 20.424829483032202 ], [ -88.058502197265597, 20.441400527954102 ], [ -87.998092651367102, 20.4376316070557 ], [ -87.874076843261705, 20.506759643554702 ], [ -87.748992919921804, 20.608089447021602 ], [ -87.690086364745994, 20.630609512329102 ], [ -87.6466064453125, 20.679920196533299 ], [ -87.635490417480497, 20.742570877075199 ], [ -87.600807189941307, 20.783220291137699 ], [ -87.596298217773395, 20.841171264648398 ], [ -87.529533386230497, 20.966350555419901 ], [ -87.546218872070298, 21.030321121215898 ], [ -87.588142395019503, 21.1214199066163 ], [ -87.566581726074105, 21.195629119873001 ], [ -87.569396972656193, 21.220018386840799 ], [ -87.530967712402301, 21.2594394683837 ], [ -87.525459289550696, 21.2877502441407 ], [ -87.530891418457003, 21.460931777954201 ], [ -87.538398742675795, 21.486421585083001 ], [ -87.488197326660199, 21.4851379394532 ], [ -87.479026794433494, 21.4587497711181 ], [ -87.428474426269503, 21.4681930541993 ], [ -87.354309082031193, 21.4468078613282 ], [ -87.340972900390597, 21.432361602783299 ], [ -87.317085266113196, 21.441528320312599 ], [ -87.272087097167898, 21.432638168335 ], [ -87.273750305175795, 21.440139770507901 ], [ -87.272918701171804, 21.4423637390138 ], [ -87.234024047851506, 21.4190273284912 ], [ -87.226806640625, 21.430139541625898 ], [ -87.221801757812401, 21.416528701782301 ], [ -87.221527099609304, 21.438194274902401 ], [ -87.204864501953097, 21.444860458374102 ], [ -87.185974121093594, 21.433471679687599 ], [ -87.174858093261705, 21.435693740844702 ], [ -87.168472290039105, 21.420972824096701 ], [ -87.171249389648395, 21.433471679687599 ], [ -87.185974121093594, 21.4426383972168 ], [ -87.167083740234304, 21.449583053588899 ], [ -87.158752441406193, 21.463750839233501 ], [ -87.133193969726605, 21.4595832824707 ], [ -87.112083435058594, 21.472085952758899 ], [ -87.110969543457003, 21.519861221313501 ], [ -87.099586486816406, 21.533470153808501 ], [ -87.104026794433494, 21.546249389648398 ], [ -87.128753662109304, 21.554582595825298 ], [ -87.102912902832003, 21.5837497711182 ], [ -87.084587097167898, 21.589582443237401 ], [ -87.067085266113295, 21.570693969726602 ], [ -87.009582519531193, 21.5565280914307 ], [ -86.975135803222699, 21.513471603393601 ], [ -86.975418090820298, 21.540695190429801 ], [ -86.997917175292997, 21.5440273284913 ], [ -86.986526489257798, 21.553472518920898 ], [ -86.992919921874901, 21.560138702392599 ], [ -86.991249084472699, 21.5631923675537 ], [ -86.95263671875, 21.5148620605469 ], [ -86.947639465332003, 21.4948616027832 ], [ -86.952919006347699, 21.488471984863299 ], [ -86.888191223144503, 21.40625 ], [ -86.877082824707003, 21.3509731292725 ], [ -86.862358093261705, 21.322639465332099 ], [ -86.854583740234403, 21.262638092041101 ], [ -86.849586486816307, 21.252082824707099 ], [ -86.825973510742202, 21.2448616027832 ], [ -86.836524963378807, 21.2740287780762 ], [ -86.831527709960895, 21.282363891601602 ], [ -86.821250915527301, 21.281803131103501 ], [ -86.828193664550795, 21.2951393127443 ], [ -86.822082519531193, 21.3159713745118 ], [ -86.799583435058594, 21.3284721374513 ], [ -86.792640686035099, 21.3429164886475 ], [ -86.794860839843693, 21.373470306396499 ], [ -86.826530456542898, 21.414304733276399 ], [ -86.822914123535199, 21.420139312744102 ], [ -86.806526184082003, 21.409860610961999 ], [ -86.798194885253807, 21.387916564941499 ], [ -86.799583435058594, 21.4034748077393 ], [ -86.795692443847599, 21.406528472900501 ], [ -86.791252136230497, 21.342361450195298 ], [ -86.816802978515497, 21.286527633666999 ], [ -86.800971984863196, 21.237916946411101 ], [ -86.806808471679702, 21.1798610687256 ], [ -86.786804199218807, 21.1443061828613 ], [ -86.740417480468594, 21.134027481079201 ], [ -86.768753051757798, 21.089860916137798 ], [ -86.781524658203097, 21.049861907958899 ], [ -86.778747558593693, 21.0320835113525 ], [ -86.800140380859403, 21.035417556762798 ], [ -86.812637329101605, 21.024026870727699 ], [ -86.837913513183594, 20.928194046020501 ], [ -86.862640380859304, 20.887083053588899 ], [ -86.877639770507798, 20.8398628234863 ], [ -86.904304504394503, 20.812639236450298 ], [ -86.921524047851605, 20.806526184082099 ], [ -86.964027404785099, 20.748195648193398 ], [ -86.962638854980497, 20.729858398437599 ], [ -87.014305114745994, 20.698472976684702 ], [ -87.021530151367102, 20.6743049621581 ], [ -87.101524353027301, 20.589860916137798 ], [ -87.245414733886705, 20.486804962158299 ], [ -87.283470153808594, 20.445138931274499 ], [ -87.354309082031193, 20.329027175903299 ], [ -87.363471984863295, 20.293750762939599 ], [ -87.374862670898395, 20.290695190429702 ], [ -87.367919921874901, 20.285972595214901 ], [ -87.378471374511705, 20.284305572509801 ], [ -87.381805419921903, 20.267084121704102 ], [ -87.390975952148395, 20.266250610351602 ], [ -87.424858093261705, 20.223472595215 ], [ -87.454864501953097, 20.159582138061499 ], [ -87.478195190429702, 20.078193664550799 ], [ -87.475975036620994, 20.019306182861399 ], [ -87.481803894042898, 20.007083892822401 ], [ -87.472358703613196, 19.992639541626001 ], [ -87.464027404785099, 19.9940280914307 ], [ -87.464584350585895, 19.9559726715088 ], [ -87.450416564941307, 19.930139541626001 ], [ -87.436805725097699, 19.929306030273501 ], [ -87.432083129882798, 19.908472061157202 ], [ -87.429862976074205, 19.887916564941499 ], [ -87.447639465332003, 19.839582443237401 ], [ -87.474029541015597, 19.816526412963899 ], [ -87.469581604003807, 19.7804164886475 ], [ -87.479858398437401, 19.779029846191499 ], [ -87.475135803222699, 19.783750534057699 ], [ -87.486526489257798, 19.787082672119201 ], [ -87.487083435058594, 19.8012504577637 ], [ -87.474899291992102, 19.833194732666001 ], [ -87.451530456542997, 19.838193893432599 ], [ -87.438194274902301, 19.887638092041101 ], [ -87.430969238281094, 19.887083053588899 ], [ -87.435142517089801, 19.9145832061768 ], [ -87.439857482910199, 19.910694122314499 ], [ -87.457916259765597, 19.923749923706101 ], [ -87.457359313964801, 19.937360763549702 ], [ -87.467361450195298, 19.944860458373999 ], [ -87.472640991210895, 19.937637329101602 ], [ -87.457359313964801, 19.9173603057862 ], [ -87.467086791992102, 19.871805191040199 ], [ -87.458473205566406, 19.873193740844702 ], [ -87.459587097167997, 19.884025573730501 ], [ -87.447364807128807, 19.8898601531982 ], [ -87.458473205566406, 19.8801383972168 ], [ -87.454864501953097, 19.874860763549801 ], [ -87.459030151367202, 19.857917785644499 ], [ -87.474304199218807, 19.855972290039102 ], [ -87.496528625488295, 19.807361602783299 ], [ -87.514862060546804, 19.798749923706101 ], [ -87.525413513183594, 19.798194885253899 ], [ -87.503196716308594, 19.810693740844801 ], [ -87.520141601562401, 19.80930519104 ], [ -87.528747558593807, 19.7976379394531 ], [ -87.525138854980497, 19.797082901001001 ], [ -87.525413513183594, 19.795415878296001 ], [ -87.534858703613295, 19.795139312744201 ], [ -87.540138244628807, 19.8004169464112 ], [ -87.531806945800795, 19.798749923706101 ], [ -87.526252746582003, 19.8068046569825 ], [ -87.542358398437401, 19.804029464721602 ], [ -87.537086486816307, 19.810693740844801 ], [ -87.541809082031193, 19.813472747802798 ], [ -87.543472290039006, 19.7959728240968 ], [ -87.556251525878807, 19.807916641235501 ], [ -87.579307556152301, 19.7895832061769 ], [ -87.643196105957003, 19.687360763549801 ], [ -87.650970458984304, 19.654027938842798 ], [ -87.667083740234304, 19.615417480468899 ], [ -87.677635192871094, 19.6148605346681 ], [ -87.684303283691406, 19.621528625488398 ], [ -87.680419921874901, 19.620416641235501 ], [ -87.676528930664006, 19.621528625488398 ], [ -87.689308166503807, 19.626804351806602 ], [ -87.67236328125, 19.625415802002099 ], [ -87.679306030273295, 19.629306793212901 ], [ -87.660972595214801, 19.6345825195312 ], [ -87.665695190429702, 19.637638092041101 ], [ -87.665969848632798, 19.638750076294102 ], [ -87.6593017578125, 19.638471603393501 ], [ -87.649581909179702, 19.688472747802798 ], [ -87.655975341796903, 19.681249618530298 ], [ -87.697639465332003, 19.680139541626101 ], [ -87.733474731445199, 19.6634712219238 ], [ -87.740135192870994, 19.671249389648501 ], [ -87.740135192870994, 19.621250152588001 ], [ -87.748191833496094, 19.6006965637207 ], [ -87.743469238281193, 19.590417861938501 ], [ -87.724029541015597, 19.587915420532301 ], [ -87.732917785644503, 19.583194732666101 ], [ -87.727912902832003, 19.5768051147462 ], [ -87.707916259765497, 19.573749542236399 ], [ -87.713470458984403, 19.5604152679444 ], [ -87.702079772949205, 19.5509719848632 ], [ -87.680419921874901, 19.559585571289102 ], [ -87.680419921874901, 19.5531940460206 ], [ -87.676803588867102, 19.551528930664201 ], [ -87.6754150390625, 19.564029693603601 ], [ -87.691802978515497, 19.5620841979982 ], [ -87.677360534667997, 19.569583892822301 ], [ -87.667083740234304, 19.5493068695069 ], [ -87.670135498046804, 19.5379161834718 ], [ -87.687080383300795, 19.5320854187012 ], [ -87.663475036620994, 19.5293064117432 ], [ -87.663475036620994, 19.520971298217901 ], [ -87.672637939453097, 19.518474578857401 ], [ -87.664024353027301, 19.512083053588899 ], [ -87.670974731445298, 19.509025573730501 ], [ -87.682914733886705, 19.491249084472798 ], [ -87.669303894042997, 19.506250381469702 ], [ -87.671249389648395, 19.495136260986399 ], [ -87.665969848632798, 19.5034713745118 ], [ -87.650970458984304, 19.5048637390138 ], [ -87.632637023925696, 19.5387496948243 ], [ -87.614585876464801, 19.5531940460206 ], [ -87.5504150390625, 19.566249847412202 ], [ -87.543472290039006, 19.560972213745199 ], [ -87.550140380859403, 19.55597114563 ], [ -87.531806945800795, 19.561525344848601 ], [ -87.5343017578125, 19.546249389648398 ], [ -87.513191223144503, 19.542638778686602 ], [ -87.509582519531193, 19.5481967926025 ], [ -87.523750305175696, 19.5484714508057 ], [ -87.51513671875, 19.563194274902301 ], [ -87.505416870117102, 19.559585571289102 ], [ -87.507080078125, 19.568195343017699 ], [ -87.488471984863196, 19.5765285491943 ], [ -87.498191833495994, 19.573749542236399 ], [ -87.502914428710895, 19.587085723877099 ], [ -87.514030456542898, 19.5865268707275 ], [ -87.520690917968693, 19.5948600769044 ], [ -87.496803283691406, 19.586250305175898 ], [ -87.460136413574205, 19.593194961547901 ], [ -87.458747863769503, 19.598192214965799 ], [ -87.442359924316406, 19.593194961547901 ], [ -87.452362060546903, 19.597639083862401 ], [ -87.452079772949205, 19.602079391479499 ], [ -87.427360534667997, 19.582639694213899 ], [ -87.422363281249901, 19.598192214965799 ], [ -87.431808471679602, 19.618473052978601 ], [ -87.453750610351506, 19.615972518920799 ], [ -87.455139160156193, 19.6009731292725 ], [ -87.462364196777301, 19.6073608398438 ], [ -87.456253051757798, 19.6156959533693 ], [ -87.445419311523395, 19.622360229492202 ], [ -87.455696105957003, 19.6345825195312 ], [ -87.454025268554602, 19.6481952667237 ], [ -87.447914123535099, 19.631528854370199 ], [ -87.425415039062401, 19.615972518920799 ], [ -87.410140991210895, 19.592082977294901 ], [ -87.439857482910199, 19.469306945800898 ], [ -87.496803283691406, 19.432361602783299 ], [ -87.525970458984403, 19.3945827484131 ], [ -87.555137634277202, 19.3909721374512 ], [ -87.573471069335895, 19.396804809570401 ], [ -87.542083740234403, 19.398193359374901 ], [ -87.538192749023395, 19.4131965637207 ], [ -87.548751831054602, 19.420139312744201 ], [ -87.538475036621094, 19.426803588867099 ], [ -87.538475036621094, 19.427917480468899 ], [ -87.595695495605497, 19.403194427490298 ], [ -87.636253356933594, 19.372917175293001 ], [ -87.656524658203097, 19.302360534668001 ], [ -87.684028625488295, 19.315694808960099 ], [ -87.670974731445298, 19.303192138671999 ], [ -87.681526184082003, 19.295139312744102 ], [ -87.670417785644503, 19.298194885253999 ], [ -87.659584045410199, 19.2868061065675 ], [ -87.660697937011705, 19.2623615264893 ], [ -87.686531066894503, 19.231250762939499 ], [ -87.696525573730497, 19.230138778686499 ], [ -87.706802368164105, 19.226806640625099 ], [ -87.673751831054602, 19.228195190429801 ], [ -87.675697326660199, 19.221250534057699 ], [ -87.685417175292997, 19.221805572509901 ], [ -87.677085876464801, 19.218194961547798 ], [ -87.682083129882798, 19.2079162597657 ], [ -87.674026489257798, 19.206249237060501 ], [ -87.677917480468807, 19.199306488037202 ], [ -87.670135498046804, 19.198474884033299 ], [ -87.670692443847599, 19.187360763549901 ], [ -87.657913208007798, 19.190416336059599 ], [ -87.653472900390597, 19.180416107177798 ], [ -87.652359008789105, 19.199583053588999 ], [ -87.635414123535099, 19.208471298217798 ], [ -87.621246337890597, 19.199583053588999 ], [ -87.607360839843807, 19.229860305786101 ], [ -87.589584350585895, 19.2359714508057 ], [ -87.592636108398395, 19.241527557373001 ], [ -87.578475952148395, 19.2559719085694 ], [ -87.583473205566406, 19.2623615264893 ], [ -87.570419311523395, 19.2643032073975 ], [ -87.567085266113295, 19.275417327881001 ], [ -87.586807250976605, 19.2640285491944 ], [ -87.599861145019503, 19.242082595825199 ], [ -87.602081298828097, 19.247638702392599 ], [ -87.609863281249901, 19.240139007568501 ], [ -87.612083435058594, 19.240417480468899 ], [ -87.546249389648395, 19.303192138671999 ], [ -87.520973205566307, 19.305973052978501 ], [ -87.506805419921903, 19.3218078613282 ], [ -87.489028930664006, 19.3256950378419 ], [ -87.4959716796875, 19.302639007568398 ], [ -87.492919921875, 19.295417785644499 ], [ -87.511253356933494, 19.274860382080199 ], [ -87.514305114745994, 19.259027481079102 ], [ -87.511253356933494, 19.255695343017599 ], [ -87.483474731445298, 19.302082061767599 ], [ -87.492362976074205, 19.303192138671999 ], [ -87.475135803222699, 19.3065280914307 ], [ -87.476249694824205, 19.319860458374102 ], [ -87.470970153808594, 19.313472747802699 ], [ -87.475135803222699, 19.322639465332099 ], [ -87.480972290039105, 19.319585800170898 ], [ -87.482360839843693, 19.324306488037099 ], [ -87.46875, 19.324306488037099 ], [ -87.46875, 19.313749313354499 ], [ -87.476249694824205, 19.3029174804688 ], [ -87.457641601562401, 19.312360763549801 ], [ -87.466529846191307, 19.325416564941499 ], [ -87.445419311523395, 19.312084197998001 ], [ -87.527359008789006, 19.229305267333899 ], [ -87.537918090820298, 19.207639694213899 ], [ -87.540969848632798, 19.154027938842798 ], [ -87.549026489257798, 19.144306182861399 ], [ -87.549026489257798, 19.085971832275401 ], [ -87.627639770507798, 18.939306259155298 ], [ -87.641807556152301, 18.860416412353501 ], [ -87.663475036620994, 18.825138092041001 ], [ -87.673194885253807, 18.75319480896 ], [ -87.713470458984403, 18.7054157257081 ], [ -87.7379150390625, 18.5929164886475 ], [ -87.740692138671804, 18.538473129272599 ], [ -87.762359619140597, 18.495695114135799 ], [ -87.763748168945298, 18.417640686035099 ], [ -87.825416564941406, 18.318195343017599 ], [ -87.844024658203097, 18.191528320312599 ], [ -87.853195190429702, 18.209304809570401 ], [ -87.863746643066307, 18.209028244018601 ], [ -87.863197326660199, 18.219028472900401 ], [ -87.870971679687401, 18.2098617553712 ], [ -87.869583129882798, 18.2159729003907 ], [ -87.879302978515597, 18.2176399230956 ], [ -87.864585876464801, 18.222639083862401 ], [ -87.859024047851605, 18.238471984863299 ], [ -87.881530761718807, 18.2304172515869 ], [ -87.866249084472699, 18.2312526702881 ], [ -87.872917175292997, 18.222082138061499 ], [ -87.892639160156193, 18.215137481689599 ], [ -87.891250610351605, 18.225416183471701 ], [ -87.894584655761705, 18.2287483215332 ], [ -87.898475646972699, 18.220138549804702 ], [ -87.898750305175696, 18.243473052978601 ], [ -87.894302368164105, 18.250139236450298 ], [ -87.885414123535199, 18.243473052978601 ], [ -87.874031066894503, 18.264583587646499 ], [ -87.875968933105497, 18.284584045410199 ], [ -87.883193969726506, 18.279582977295 ], [ -87.886802673339801, 18.2831935882569 ], [ -87.877914428710895, 18.287361145019499 ], [ -87.8790283203125, 18.296247482299901 ], [ -87.889862060546804, 18.2937507629394 ], [ -87.894584655761705, 18.2784729003907 ], [ -87.899307250976506, 18.299583435058601 ], [ -87.897087097167997, 18.315971374511701 ], [ -87.896247863769503, 18.299583435058601 ], [ -87.889579772949205, 18.318195343017599 ], [ -87.879302978515597, 18.319583892822301 ], [ -87.889862060546804, 18.325416564941499 ], [ -87.880416870117102, 18.328472137451101 ], [ -87.889030456542997, 18.336526870727599 ], [ -87.880691528320298, 18.3431930541993 ], [ -87.881805419921903, 18.3556938171388 ], [ -87.890419006347599, 18.3504161834718 ], [ -87.903747558593807, 18.3590278625488 ], [ -87.895973205566307, 18.371805191040099 ], [ -87.903747558593807, 18.383750915527301 ], [ -87.912918090820298, 18.389030456542901 ], [ -87.929580688476605, 18.384582519531399 ], [ -87.939308166503906, 18.3934726715088 ], [ -87.935417175292997, 18.4370841979981 ], [ -88.014305114745994, 18.459583282470799 ] ] ], [ [ [ -88.054031372070298, 18.583471298217901 ], [ -88.054862976074105, 18.5865268707275 ], [ -88.053192138671903, 18.587083816528299 ], [ -88.053192138671903, 18.5848617553712 ], [ -88.054031372070298, 18.583471298217901 ] ] ], [ [ [ -88.198471069335895, 18.618751525878999 ], [ -88.192146301269503, 18.635992050170898 ], [ -88.185974121093693, 18.639305114746101 ], [ -88.196525573730497, 18.607362747192401 ], [ -88.221527099609403, 18.564027786254901 ], [ -88.228195190429702, 18.564582824707099 ], [ -88.198471069335895, 18.618751525878999 ] ] ], [ [ [ -88.114860534667997, 18.7520542144775 ], [ -88.117362976074205, 18.752916336059599 ], [ -88.115692138671804, 18.755416870117099 ], [ -88.114303588867202, 18.755138397216701 ], [ -88.114860534667997, 18.7520542144775 ] ] ], [ [ [ -88.095413208007798, 18.770139694213899 ], [ -88.096527099609304, 18.769584655761701 ], [ -88.098197937011705, 18.774583816528299 ], [ -88.097358703613295, 18.776250839233501 ], [ -88.095413208007798, 18.770139694213899 ] ] ], [ [ [ -88.097915649414105, 18.800138473510799 ], [ -88.101806640625, 18.775693893432699 ], [ -88.111526489257798, 18.760139465332099 ], [ -88.107917785644503, 18.793470382690501 ], [ -88.097915649414105, 18.800138473510799 ] ] ], [ [ [ -88.115974426269503, 18.785139083862202 ], [ -88.117080688476605, 18.782638549804702 ], [ -88.117637634277301, 18.782638549804702 ], [ -88.117919921875, 18.7848606109619 ], [ -88.115974426269503, 18.785139083862202 ] ] ], [ [ [ -88.082084655761705, 18.827917098998999 ], [ -88.080970764160099, 18.822362899780298 ], [ -88.083473205566307, 18.81569480896 ], [ -88.082084655761705, 18.811527252197301 ], [ -88.089027404785199, 18.797084808349702 ], [ -88.093193054199205, 18.810972213745199 ], [ -88.082084655761705, 18.827917098998999 ] ] ], [ [ [ -87.640419006347699, 19.217082977295 ], [ -87.642364501953097, 19.2162494659425 ], [ -87.647087097167997, 19.2162494659425 ], [ -87.638748168945298, 19.218471527099599 ], [ -87.640419006347699, 19.217082977295 ] ] ], [ [ [ -87.670974731445298, 19.2343063354493 ], [ -87.672920227050696, 19.2315273284913 ], [ -87.677360534667997, 19.233749389648601 ], [ -87.676246643066307, 19.235416412353501 ], [ -87.670974731445298, 19.2343063354493 ] ] ], [ [ [ -87.666809082031193, 19.301805496215898 ], [ -87.661529541015597, 19.300970077514702 ], [ -87.661247253417898, 19.3001384735107 ], [ -87.667640686035099, 19.297361373901399 ], [ -87.666809082031193, 19.301805496215898 ] ] ], [ [ [ -87.635696411132798, 19.589025497436602 ], [ -87.6370849609375, 19.587360382080099 ], [ -87.639030456542898, 19.587360382080099 ], [ -87.637641906738295, 19.589307785034201 ], [ -87.635696411132798, 19.589025497436602 ] ] ], [ [ [ -87.700691223144503, 19.592082977294901 ], [ -87.693748474121094, 19.588750839233398 ], [ -87.688751220702997, 19.587915420532301 ], [ -87.705139160156193, 19.590417861938501 ], [ -87.700691223144503, 19.592082977294901 ] ] ], [ [ [ -87.705696105957003, 19.649583816528398 ], [ -87.704582214355398, 19.6454162597656 ], [ -87.712913513183594, 19.6481952667237 ], [ -87.709587097167997, 19.6501388549806 ], [ -87.705696105957003, 19.649583816528398 ] ] ], [ [ [ -87.657638549804602, 19.664861679077099 ], [ -87.659027099609403, 19.666803359985298 ], [ -87.657081604003807, 19.6687507629394 ], [ -87.656524658203097, 19.664861679077099 ], [ -87.657638549804602, 19.664861679077099 ] ] ], [ [ [ -87.306808471679702, 18.6026382446288 ], [ -87.319862365722599, 18.575416564941399 ], [ -87.340972900390597, 18.573472976684702 ], [ -87.323196411132798, 18.584583282470799 ], [ -87.320137023925696, 18.599306106567401 ], [ -87.306808471679702, 18.6026382446288 ] ] ], [ [ [ -87.6370849609375, 19.220138549804702 ], [ -87.634307861328097, 19.222917556762798 ], [ -87.631805419921804, 19.221805572509901 ], [ -87.638748168945298, 19.218471527099599 ], [ -87.6370849609375, 19.220138549804702 ] ] ], [ [ [ -87.630142211914105, 19.222639083862401 ], [ -87.629585266113196, 19.224027633666999 ], [ -87.627082824707003, 19.225139617919901 ], [ -87.629302978515597, 19.222639083862401 ], [ -87.630973815917997, 19.222360610961999 ], [ -87.630142211914105, 19.222639083862401 ] ] ], [ [ [ -87.632080078124901, 19.223749160766602 ], [ -87.628753662109304, 19.2256965637207 ], [ -87.628196716308594, 19.2254142761231 ], [ -87.632919311523395, 19.222639083862401 ], [ -87.632080078124901, 19.223749160766602 ] ] ], [ [ [ -87.622085571288906, 19.2287502288819 ], [ -87.625137329101406, 19.2256965637207 ], [ -87.626525878906193, 19.2256965637207 ], [ -87.623191833496094, 19.229305267333899 ], [ -87.620414733886705, 19.230138778686499 ], [ -87.622085571288906, 19.2287502288819 ] ] ], [ [ [ -87.616806030273395, 19.2331943511963 ], [ -87.618751525878807, 19.2306938171387 ], [ -87.620140075683594, 19.230138778686499 ], [ -87.617637634277301, 19.2343063354493 ], [ -87.616806030273395, 19.2331943511963 ] ] ], [ [ [ -87.467636108398395, 19.333749771118299 ], [ -87.464584350585895, 19.329860687255898 ], [ -87.465415954589801, 19.326250076293999 ], [ -87.470138549804602, 19.334306716919102 ], [ -87.467636108398395, 19.333749771118299 ] ] ], [ [ [ -87.515693664550795, 19.369861602783299 ], [ -87.487358093261705, 19.348749160766701 ], [ -87.478469848632798, 19.335695266723601 ], [ -87.513748168945199, 19.355138778686602 ], [ -87.515693664550795, 19.369861602783299 ] ] ], [ [ [ -87.505691528320298, 19.581249237060501 ], [ -87.501808166503807, 19.580415725708001 ], [ -87.500419616699205, 19.5745830535888 ], [ -87.509025573730497, 19.5765285491943 ], [ -87.505691528320298, 19.581249237060501 ] ] ], [ [ [ -87.429031372070298, 19.5901393890381 ], [ -87.427360534667997, 19.588472366333001 ], [ -87.430419921875, 19.5865268707275 ], [ -87.431808471679602, 19.588750839233398 ], [ -87.429031372070298, 19.5901393890381 ] ] ], [ [ [ -87.538475036621094, 19.593471527099599 ], [ -87.525970458984403, 19.592639923095799 ], [ -87.521804809570298, 19.589582443237401 ], [ -87.550140380859403, 19.5881958007812 ], [ -87.538475036621094, 19.593471527099599 ] ] ], [ [ [ -87.431251525878807, 19.593471527099599 ], [ -87.4334716796875, 19.5912494659425 ], [ -87.435142517089801, 19.594305038452202 ], [ -87.431808471679602, 19.594583511352599 ], [ -87.431251525878807, 19.593471527099599 ] ] ], [ [ [ -87.490692138671903, 19.597639083862401 ], [ -87.492080688476506, 19.5948600769044 ], [ -87.494308471679702, 19.595417022705099 ], [ -87.493469238281193, 19.597639083862401 ], [ -87.490692138671903, 19.597639083862401 ] ] ], [ [ [ -87.463752746582003, 19.602361679077202 ], [ -87.464302062988295, 19.6012496948243 ], [ -87.462913513183494, 19.6006965637207 ], [ -87.461807250976605, 19.594028472900401 ], [ -87.469863891601506, 19.6006965637207 ], [ -87.463752746582003, 19.602361679077202 ] ] ], [ [ [ -87.476249694824205, 19.602636337280298 ], [ -87.476249694824205, 19.5993041992188 ], [ -87.477081298828097, 19.598749160766602 ], [ -87.477638244628906, 19.603195190429801 ], [ -87.476249694824205, 19.602636337280298 ] ] ], [ [ [ -87.489303588867102, 19.604305267333999 ], [ -87.478752136230398, 19.603195190429801 ], [ -87.478752136230398, 19.600139617919901 ], [ -87.493194580078097, 19.601526260376101 ], [ -87.489303588867102, 19.604305267333999 ] ] ], [ [ [ -87.493469238281193, 19.6093063354493 ], [ -87.493751525878906, 19.6065273284913 ], [ -87.496246337890597, 19.607084274291999 ], [ -87.495414733886705, 19.6098613739013 ], [ -87.493469238281193, 19.6093063354493 ] ] ], [ [ [ -87.519859313964801, 19.613193511963001 ], [ -87.517913818359304, 19.6109714508057 ], [ -87.5234756469725, 19.604305267333999 ], [ -87.5234756469725, 19.613193511963001 ], [ -87.519859313964801, 19.613193511963001 ] ] ], [ [ [ -87.464584350585895, 19.611803054809599 ], [ -87.4656982421875, 19.607915878296001 ], [ -87.463470458984304, 19.6054172515869 ], [ -87.466804504394503, 19.6084728240968 ], [ -87.464584350585895, 19.611803054809599 ] ] ], [ [ [ -87.515693664550795, 19.627082824706999 ], [ -87.517639160156193, 19.627361297607401 ], [ -87.520973205566307, 19.622917175293001 ], [ -87.518753051757798, 19.6290283203125 ], [ -87.515693664550795, 19.627082824706999 ] ] ], [ [ [ -87.497917175292898, 19.710695266723601 ], [ -87.471252441406193, 19.704027175903299 ], [ -87.457641601562401, 19.691249847412202 ], [ -87.505973815917997, 19.709861755371001 ], [ -87.497917175292898, 19.710695266723601 ] ] ], [ [ [ -87.483474731445298, 19.8131942749025 ], [ -87.484580993652301, 19.811527252197301 ], [ -87.486251831054602, 19.812082290649499 ], [ -87.484306335449205, 19.814861297607401 ], [ -87.483474731445298, 19.8131942749025 ] ] ], [ [ [ -87.310417175292898, 18.505416870117202 ], [ -87.308746337890597, 18.500972747802798 ], [ -87.307914733886705, 18.491249084472599 ], [ -87.313194274902202, 18.508193969726701 ], [ -87.310417175292898, 18.505416870117202 ] ] ], [ [ [ -87.237640380859304, 18.6326408386232 ], [ -87.239860534667997, 18.623472213745199 ], [ -87.243194580077997, 18.617916107177798 ], [ -87.238471984863295, 18.634580612182699 ], [ -87.237640380859304, 18.6326408386232 ] ] ], [ [ [ -87.234580993652301, 18.642084121704201 ], [ -87.235969543457003, 18.6359748840332 ], [ -87.237083435058494, 18.6359748840332 ], [ -87.236526489257798, 18.6429157257081 ], [ -87.234580993652301, 18.642084121704201 ] ] ], [ [ [ -87.232917785644503, 18.648750305175898 ], [ -87.233192443847699, 18.645694732666001 ], [ -87.234024047851506, 18.645694732666001 ], [ -87.233474731445298, 18.650972366333001 ], [ -87.232917785644503, 18.648750305175898 ] ] ], [ [ [ -87.230697631835795, 18.655136108398398 ], [ -87.233192443847699, 18.6526393890381 ], [ -87.233474731445298, 18.657917022705099 ], [ -87.230140686035199, 18.657638549804702 ], [ -87.230697631835795, 18.655136108398398 ] ] ], [ [ [ -87.247917175292997, 18.718196868896499 ], [ -87.242080688476605, 18.710971832275401 ], [ -87.231246948242102, 18.677085876464801 ], [ -87.2298583984375, 18.664861679077202 ], [ -87.231246948242102, 18.662639617919901 ], [ -87.247917175292997, 18.718196868896499 ] ] ], [ [ [ -87.264030456542997, 18.7404174804688 ], [ -87.258468627929702, 18.7351379394532 ], [ -87.253196716308494, 18.7237472534181 ], [ -87.267082214355497, 18.741806030273501 ], [ -87.264030456542997, 18.7404174804688 ] ] ], [ [ [ -87.303474426269503, 18.740970611572401 ], [ -87.3037490844725, 18.737916946411101 ], [ -87.306808471679702, 18.737916946411101 ], [ -87.305969238281193, 18.7415275573731 ], [ -87.303474426269503, 18.740970611572401 ] ] ], [ [ [ -87.298751831054702, 18.7495841979982 ], [ -87.301246643066307, 18.745138168335 ], [ -87.303474426269503, 18.7448616027832 ], [ -87.302360534667997, 18.750415802001999 ], [ -87.298751831054702, 18.7495841979982 ] ] ], [ [ [ -86.941802978515597, 20.5259723663331 ], [ -86.927360534667997, 20.5512504577638 ], [ -86.897636413574205, 20.5659713745118 ], [ -86.882637023925795, 20.559583663940401 ], [ -86.880691528320298, 20.545694351196399 ], [ -86.868469238281193, 20.537361145019599 ], [ -86.857917785644503, 20.5431938171387 ], [ -86.868194580078097, 20.549861907958999 ], [ -86.8326416015625, 20.5512504577638 ], [ -86.844863891601605, 20.5431938171387 ], [ -86.836524963378807, 20.539304733276499 ], [ -86.815971374511705, 20.549861907958999 ], [ -86.813751220702997, 20.5437526702881 ], [ -86.814857482910199, 20.550971984863398 ], [ -86.830970764160199, 20.550138473510899 ], [ -86.823196411132699, 20.554582595825298 ], [ -86.778747558593693, 20.5631942749025 ], [ -86.785697937011705, 20.556251525878999 ], [ -86.775138854980497, 20.5540275573731 ], [ -86.774864196777301, 20.565139770507798 ], [ -86.768470764160199, 20.560972213745199 ], [ -86.769027709960795, 20.568748474121101 ], [ -86.752639770507798, 20.5765285491943 ], [ -86.762916564941307, 20.5668048858643 ], [ -86.758750915527301, 20.564306259155199 ], [ -86.731246948242102, 20.5912494659425 ], [ -86.722640991210895, 20.589582443237401 ], [ -86.737358093261705, 20.552637100219702 ], [ -86.794586181640497, 20.462917327881001 ], [ -86.818473815917997, 20.437915802001999 ], [ -86.832359313964801, 20.435970306396499 ], [ -86.898193359375, 20.344305038452202 ], [ -86.905693054199205, 20.345972061157301 ], [ -86.932357788085895, 20.3120841979982 ], [ -86.989028930664006, 20.271526336669901 ], [ -87.002639770507798, 20.297361373901399 ], [ -87.016807556152301, 20.2995834350587 ], [ -87.009864807128906, 20.315416336059599 ], [ -87.024581909179602, 20.3556938171387 ], [ -87.021804809570298, 20.3909721374512 ], [ -87.005691528320298, 20.432916641235401 ], [ -86.941802978515597, 20.5259723663331 ] ] ], [ [ [ -86.747642517089801, 21.2640285491944 ], [ -86.740974426269503, 21.249305725097699 ], [ -86.710418701171903, 21.201250076294102 ], [ -86.748748779296903, 21.244306564331101 ], [ -86.740135192871094, 21.239305496215898 ], [ -86.752639770507798, 21.257638931274499 ], [ -86.747642517089801, 21.2640285491944 ] ] ], [ [ [ -86.880142211914105, 21.4243049621582 ], [ -86.882637023925795, 21.424028396606602 ], [ -86.882919311523395, 21.424861907958999 ], [ -86.879859924316406, 21.425970077514702 ], [ -86.880142211914105, 21.4243049621582 ] ] ], [ [ [ -86.852363586425696, 21.4354171752931 ], [ -86.869026184082003, 21.430139541625898 ], [ -86.878753662109403, 21.420139312744102 ], [ -86.888191223144503, 21.416528701782301 ], [ -86.877639770507798, 21.423194885253999 ], [ -86.885414123535199, 21.433195114135799 ], [ -86.852363586425696, 21.4354171752931 ] ] ], [ [ [ -86.914581298828097, 21.473194122314499 ], [ -86.909858703613196, 21.468471527099702 ], [ -86.911247253417997, 21.465694427490199 ], [ -86.9173583984375, 21.470138549804801 ], [ -86.914581298828097, 21.473194122314499 ] ] ], [ [ [ -86.932357788085895, 21.4745826721193 ], [ -86.927360534667997, 21.469028472900401 ], [ -86.929031372070298, 21.467361450195401 ], [ -86.936248779296903, 21.470972061157202 ], [ -86.932357788085895, 21.4745826721193 ] ] ], [ [ [ -86.920692443847699, 21.476804733276399 ], [ -86.917640686035199, 21.476249694824201 ], [ -86.918746948242102, 21.472085952758899 ], [ -86.923469543457003, 21.4770832061768 ], [ -86.920692443847699, 21.476804733276399 ] ] ], [ [ [ -86.803192138671903, 21.532917022705099 ], [ -86.791526794433494, 21.494028091430799 ], [ -86.785140991210795, 21.4604187011718 ], [ -86.797080993652301, 21.503749847412202 ], [ -86.795974731445298, 21.4915275573731 ], [ -86.799583435058594, 21.493471145629801 ], [ -86.803192138671903, 21.532917022705099 ] ] ], [ [ [ -87.220413208007798, 21.517360687255799 ], [ -87.221527099609304, 21.516527175903398 ], [ -87.225418090820298, 21.516527175903398 ], [ -87.217918395995994, 21.5184726715088 ], [ -87.220413208007798, 21.517360687255799 ] ] ], [ [ [ -87.242637634277301, 21.518194198608398 ], [ -87.260139465332003, 21.5193061828613 ], [ -87.261253356933594, 21.5212497711182 ], [ -87.250137329101506, 21.521528244018601 ], [ -87.249031066894503, 21.5243034362794 ], [ -87.263191223144503, 21.528194427490298 ], [ -87.271247863769503, 21.5148620605469 ], [ -87.2701416015625, 21.526525497436602 ], [ -87.288192749023395, 21.511806488037202 ], [ -87.299858093261705, 21.529306411743299 ], [ -87.317359924316307, 21.534305572509901 ], [ -87.319305419921903, 21.5259723663331 ], [ -87.3245849609375, 21.537639617919901 ], [ -87.318191528320298, 21.539306640625099 ], [ -87.332359313964702, 21.5484714508057 ], [ -87.357086181640597, 21.520971298217901 ], [ -87.356246948242202, 21.534305572509901 ], [ -87.364860534667898, 21.530694961547901 ], [ -87.360694885253906, 21.521804809570401 ], [ -87.374580383300696, 21.520139694213899 ], [ -87.371528625488196, 21.509582519531399 ], [ -87.380416870117102, 21.5140285491943 ], [ -87.390136718749901, 21.50319480896 ], [ -87.395973205566307, 21.5112495422363 ], [ -87.335418701171903, 21.563474655151399 ], [ -87.302917480468807, 21.544584274291999 ], [ -87.248191833496094, 21.5387496948243 ], [ -87.207359313964801, 21.545694351196399 ], [ -87.152915954589801, 21.5676383972169 ], [ -87.105415344238295, 21.6045856475831 ], [ -87.097084045410099, 21.604028701782301 ], [ -87.083747863769503, 21.596250534057699 ], [ -87.066253662109304, 21.5945835113525 ], [ -87.045692443847699, 21.586526870727699 ], [ -87.049308776855398, 21.580972671508899 ], [ -87.067916870117202, 21.594028472900298 ], [ -87.088470458984304, 21.589860916137798 ], [ -87.105697631835895, 21.601528167724599 ], [ -87.120414733886705, 21.589305877685501 ], [ -87.125968933105398, 21.570972442626999 ], [ -87.151252746582003, 21.5590286254882 ], [ -87.150970458984304, 21.552639007568299 ], [ -87.156524658203097, 21.557361602783299 ], [ -87.158195495605398, 21.548749923706101 ], [ -87.174583435058594, 21.549863815307599 ], [ -87.209587097167898, 21.519027709960898 ], [ -87.215972900390597, 21.518749237060501 ], [ -87.208747863769503, 21.521528244018601 ], [ -87.212364196777301, 21.526250839233501 ], [ -87.242637634277301, 21.518194198608398 ] ] ], [ [ [ -87.022361755371094, 21.5740280151368 ], [ -87.018196105957003, 21.569860458373999 ], [ -87.018753051757798, 21.567918777465799 ], [ -87.025695800781193, 21.573194503784201 ], [ -87.022361755371094, 21.5740280151368 ] ] ], [ [ [ -87.034301757812401, 21.5848617553712 ], [ -87.017364501952997, 21.580417633056701 ], [ -86.999305725097599, 21.570972442626999 ], [ -86.992362976074205, 21.564304351806602 ], [ -87.003471374511705, 21.569860458373999 ], [ -87.010414123535199, 21.560138702392599 ], [ -87.009307861328097, 21.569583892822401 ], [ -87.019584655761705, 21.579025268554801 ], [ -87.030975341796804, 21.5740280151368 ], [ -87.042083740234403, 21.583471298217798 ], [ -87.034301757812401, 21.5848617553712 ] ] ] ] } },
{ "type": "Feature", "properties": { "NAME_1": "San Luis Potosí" }, "geometry": { "type": "Polygon", "coordinates": [ [ [ -100.927436828612997, 21.693809509277401 ], [ -100.978118896484006, 21.7252311706544 ], [ -101.025802612305, 21.724292755127099 ], [ -101.066047668457003, 21.750101089477599 ], [ -101.152770996094006, 21.762620925903299 ], [ -101.263313293457003, 21.792970657348601 ], [ -101.323471069335994, 21.822980880737301 ], [ -101.435417175292997, 21.832710266113398 ], [ -101.476249694824006, 21.856689453125099 ], [ -101.394416809082003, 22.0141201019287 ], [ -101.38484954834, 22.0406799316406 ], [ -101.395362854004006, 22.047290802001999 ], [ -101.396621704102003, 22.0595111846925 ], [ -101.390396118164006, 22.067590713501001 ], [ -101.37467956543, 22.0665702819825 ], [ -101.361831665039006, 22.1156406402587 ], [ -101.365936279297003, 22.164810180663999 ], [ -101.412506103515994, 22.247930526733398 ], [ -101.415573120117003, 22.2713718414307 ], [ -101.344612121582003, 22.406290054321399 ], [ -101.275299072265994, 22.5683307647706 ], [ -101.275749206542997, 22.6038494110107 ], [ -101.348831176757997, 22.695270538330099 ], [ -101.374977111815994, 22.699779510498001 ], [ -101.441566467285, 22.671550750732401 ], [ -101.537071228027003, 22.5854892730713 ], [ -101.613891601562003, 22.502500534057699 ], [ -101.716293334960994, 22.4735202789307 ], [ -101.788841247559006, 22.4705505371093 ], [ -101.828872680664006, 22.504079818725501 ], [ -101.89518737793, 22.624679565429702 ], [ -101.92455291748, 22.6428527832031 ], [ -102.036399841309006, 22.660610198974702 ], [ -102.074569702147997, 22.707620620727599 ], [ -102.241409301757997, 22.8013610839844 ], [ -102.278907775879006, 22.838060379028398 ], [ -102.289726257324006, 22.885658264160199 ], [ -102.277282714844006, 22.956100463867202 ], [ -102.236610412597997, 23.051141738891701 ], [ -102.230682373047003, 23.088069915771499 ], [ -102.271682739257997, 23.1996593475343 ], [ -102.247108459472997, 23.250801086425898 ], [ -102.276412963867003, 23.292209625244102 ], [ -102.238372802734006, 23.3580226898193 ], [ -102.215507507324006, 23.361120223999102 ], [ -102.189567565917997, 23.344221115112401 ], [ -102.122596740722997, 23.3271503448487 ], [ -102.031967163085994, 23.337970733642599 ], [ -102.005256652832003, 23.347959518432699 ], [ -101.98420715332, 23.4015102386475 ], [ -101.949981689452997, 23.439271926879901 ], [ -101.76651763916, 23.5115680694581 ], [ -101.726226806640994, 23.5394191741943 ], [ -101.686950683594006, 23.583589553833001 ], [ -101.62622833252, 23.684392929077099 ], [ -101.57820892334, 23.7381401062012 ], [ -101.388862609862997, 23.796289443969801 ], [ -101.344917297362997, 23.853090286254901 ], [ -101.297576904297003, 23.961521148681701 ], [ -101.338272094727003, 24.0052928924562 ], [ -101.320472717285, 24.037269592285199 ], [ -101.322166442870994, 24.099790573120099 ], [ -101.304496765137003, 24.131841659545898 ], [ -101.279258728027003, 24.1545028686525 ], [ -101.214111328125, 24.1679801940919 ], [ -101.149917602539006, 24.204130172729499 ], [ -101.140548706055, 24.235519409179702 ], [ -101.113243103027003, 24.2694625854493 ], [ -101.109420776367003, 24.312450408935501 ], [ -101.092536926269005, 24.336919784546001 ], [ -101.078132629394005, 24.342670440673899 ], [ -101.01505279541, 24.3405990600587 ], [ -100.981178283690994, 24.3520107269288 ], [ -100.948020935059006, 24.421382904052798 ], [ -100.900672912597997, 24.458248138427798 ], [ -100.881813049315994, 24.531709671020501 ], [ -100.860122680664006, 24.540220260620099 ], [ -100.847549438477003, 24.5352497100831 ], [ -100.812088012695, 24.474969863891701 ], [ -100.792869567870994, 24.457790374755898 ], [ -100.776351928710994, 24.453161239624102 ], [ -100.740371704102003, 24.4616203308106 ], [ -100.687683105469006, 24.443250656128001 ], [ -100.687408447265994, 24.425880432128999 ], [ -100.707099914550994, 24.3857326507568 ], [ -100.678031921387003, 24.3720798492432 ], [ -100.726020812987997, 24.311809539794901 ], [ -100.727127075195, 24.2983112335206 ], [ -100.712013244629006, 24.270982742309599 ], [ -100.650680541992003, 24.221410751342901 ], [ -100.645317077637003, 24.209020614624102 ], [ -100.651557922362997, 24.162340164184599 ], [ -100.552536010742003, 24.047082901001001 ], [ -100.517112731934006, 23.964759826660298 ], [ -100.525489807129006, 23.803989410400401 ], [ -100.487106323242003, 23.7506427764893 ], [ -100.482376098632997, 23.7175903320312 ], [ -100.498710632324006, 23.624139785766701 ], [ -100.522872924805, 23.569789886474702 ], [ -100.528541564940994, 23.511299133300799 ], [ -100.508003234862997, 23.464420318603501 ], [ -100.511177062987997, 23.421369552612301 ], [ -100.498260498047003, 23.3843994140625 ], [ -100.497901916504006, 23.3138027191162 ], [ -100.475517272949006, 23.2527885437012 ], [ -100.425857543945, 23.198949813842798 ], [ -100.361541748047003, 23.1721591949463 ], [ -100.351119995117003, 23.1756610870362 ], [ -100.324920654297003, 23.219230651855501 ], [ -100.268501281737997, 23.276720046997099 ], [ -100.122932434082003, 23.2504997253419 ], [ -100.087760925292997, 23.225349426269499 ], [ -100.075347900390994, 23.133268356323399 ], [ -100.034187316895, 23.104131698608299 ], [ -100.014869689940994, 23.061740875244102 ], [ -100.029357910155994, 22.9534206390382 ], [ -100.019096374512003, 22.817180633545 ], [ -100.006416320800994, 22.784530639648398 ], [ -99.967880249023395, 22.757392883300898 ], [ -99.870117187499901, 22.734331130981602 ], [ -99.810478210449205, 22.709270477294901 ], [ -99.6650390625, 22.696630477905298 ], [ -99.581787109375, 22.669929504394499 ], [ -99.564888000488295, 22.673469543457099 ], [ -99.555496215820298, 22.68577003479 ], [ -99.557426452636705, 22.7239799499512 ], [ -99.541763305664006, 22.724399566650401 ], [ -99.508277893066307, 22.7457904815675 ], [ -99.467453002929602, 22.688261032104499 ], [ -99.393936157226506, 22.6639118194581 ], [ -99.329841613769503, 22.613719940185501 ], [ -99.305847167968807, 22.580640792846701 ], [ -99.268806457519503, 22.486991882324201 ], [ -99.216972351074205, 22.409561157226602 ], [ -99.189346313476605, 22.383680343628001 ], [ -99.099731445312401, 22.389232635498001 ], [ -99.031700134277301, 22.374942779541001 ], [ -98.9390869140625, 22.3778190612793 ], [ -98.902580261230497, 22.408880233764801 ], [ -98.849708557128906, 22.366310119628999 ], [ -98.828117370605398, 22.363660812378001 ], [ -98.735786437988295, 22.379959106445298 ], [ -98.711471557617102, 22.3731594085694 ], [ -98.706550598144503, 22.3472995758057 ], [ -98.682746887207003, 22.329759597778398 ], [ -98.584266662597599, 22.330869674682699 ], [ -98.439056396484403, 22.295211791992301 ], [ -98.407142639160199, 22.2796306610107 ], [ -98.381210327148395, 22.252628326416101 ], [ -98.363151550292997, 22.178310394287099 ], [ -98.342910766601406, 22.158920288085898 ], [ -98.332756042480497, 22.1249904632569 ], [ -98.345916748046903, 22.114139556884901 ], [ -98.417861938476506, 22.122020721435501 ], [ -98.4490966796875, 22.111991882324201 ], [ -98.463951110839801, 22.094419479370099 ], [ -98.476799011230398, 22.091611862182699 ], [ -98.464630126953097, 21.986331939697401 ], [ -98.485000610351506, 21.9638900756837 ], [ -98.587211608886705, 21.967809677124102 ], [ -98.585769653320298, 21.950799942016701 ], [ -98.573165893554702, 21.941659927368299 ], [ -98.534332275390597, 21.943548202514599 ], [ -98.524200439453097, 21.936830520629901 ], [ -98.519783020019503, 21.929700851440501 ], [ -98.527061462402301, 21.907060623168999 ], [ -98.534736633300795, 21.905899047851602 ], [ -98.541282653808594, 21.929700851440501 ], [ -98.550926208496094, 21.9256896972656 ], [ -98.535636901855398, 21.907712936401399 ], [ -98.548545837402301, 21.890230178833001 ], [ -98.542648315429702, 21.865850448608501 ], [ -98.518722534179702, 21.8392009735107 ], [ -98.500656127929702, 21.843160629272599 ], [ -98.499465942382798, 21.825351715088001 ], [ -98.460212707519403, 21.801481246948299 ], [ -98.452079772949205, 21.784151077270501 ], [ -98.479789733886705, 21.7777404785157 ], [ -98.490959167480497, 21.758050918579102 ], [ -98.520393371582003, 21.754259109497099 ], [ -98.535285949707003, 21.720880508422901 ], [ -98.5552978515625, 21.730791091918899 ], [ -98.571868896484304, 21.728389739990298 ], [ -98.571670532226506, 21.699821472168001 ], [ -98.619636535644503, 21.701940536499102 ], [ -98.630340576171804, 21.667779922485501 ], [ -98.620307922363196, 21.600830078125 ], [ -98.594673156738196, 21.5442600250244 ], [ -98.583312988281193, 21.536390304565501 ], [ -98.552398681640597, 21.542299270629801 ], [ -98.541267395019503, 21.536359786987401 ], [ -98.535980224609403, 21.410989761352599 ], [ -98.591148376464801, 21.415870666503999 ], [ -98.608230590820298, 21.4080410003663 ], [ -98.669456481933594, 21.3372097015381 ], [ -98.719329833984403, 21.2322711944581 ], [ -98.737152099609304, 21.243869781494102 ], [ -98.756156921386705, 21.280849456787099 ], [ -98.765327453613295, 21.284931182861399 ], [ -98.764366149902301, 21.256111145019599 ], [ -98.784210205078097, 21.222620010375898 ], [ -98.815437316894503, 21.190910339355401 ], [ -98.859039306640497, 21.193210601806701 ], [ -98.906562805175795, 21.231630325317401 ], [ -98.920120239257798, 21.276609420776399 ], [ -98.946571350097599, 21.319219589233501 ], [ -98.974571228027301, 21.318822860717901 ], [ -99.048942565917997, 21.292278289795 ], [ -99.077919006347699, 21.303268432617202 ], [ -99.110305786132798, 21.3578910827638 ], [ -99.239257812499901, 21.483341217041101 ], [ -99.271652221679702, 21.533250808715898 ], [ -99.274070739745994, 21.565401077270501 ], [ -99.298149108886705, 21.5549011230469 ], [ -99.329650878906193, 21.5641708374025 ], [ -99.344528198242102, 21.560359954833999 ], [ -99.3834228515625, 21.4575004577637 ], [ -99.394599914550696, 21.4468803405762 ], [ -99.417900085449205, 21.460100173950199 ], [ -99.461585998535199, 21.4550380706787 ], [ -99.495117187499901, 21.4416408538819 ], [ -99.594642639160199, 21.450691223144499 ], [ -99.619689941406094, 21.475009918212798 ], [ -99.652587890624901, 21.558040618896499 ], [ -99.681381225585895, 21.5761108398438 ], [ -99.730293273925696, 21.5858993530275 ], [ -99.755897521972699, 21.576860427856399 ], [ -99.747489929199205, 21.547121047973601 ], [ -99.784507751464801, 21.548181533813601 ], [ -99.804389953613196, 21.538530349731399 ], [ -99.802917480468807, 21.5271511077881 ], [ -99.781570434570298, 21.5146999359132 ], [ -99.848449707031193, 21.477890014648501 ], [ -99.887466430664006, 21.4652004241943 ], [ -99.947601318359403, 21.465370178222798 ], [ -99.978637695312401, 21.4981498718262 ], [ -99.994056701660199, 21.4776000976562 ], [ -100.061172485352003, 21.468942642211999 ], [ -100.131942749022997, 21.548820495605501 ], [ -100.155799865722997, 21.5499801635743 ], [ -100.164482116699006, 21.573520660400401 ], [ -100.185859680175994, 21.579048156738398 ], [ -100.290412902832003, 21.648199081421001 ], [ -100.306182861327997, 21.6473999023438 ], [ -100.394432067870994, 21.683029174804702 ], [ -100.452117919922003, 21.696231842041101 ], [ -100.484680175780994, 21.675550460815401 ], [ -100.513496398925994, 21.600521087646399 ], [ -100.506050109862997, 21.569919586181701 ], [ -100.515975952147997, 21.552640914917099 ], [ -100.568656921387003, 21.535419464111399 ], [ -100.651161193847997, 21.533290863037202 ], [ -100.709281921387003, 21.545549392700199 ], [ -100.788040161132997, 21.587680816650501 ], [ -100.927436828612997, 21.693809509277401 ] ] ] } },
{ "type": "Feature", "properties": { "NAME_1": "Sinaloa" }, "geometry": { "type": "MultiPolygon", "coordinates": [ [ [ [ -109.000137329102003, 25.000139236450199 ], [ -108.999862670897997, 25.000139236450199 ], [ -108.999862670897997, 24.999860763549801 ], [ -109.000137329102003, 24.999860763549801 ], [ -109.000137329102003, 25.000139236450199 ] ] ], [ [ [ -108.219863891602003, 25.074581146240199 ], [ -108.21875, 25.0723590850831 ], [ -108.222915649414006, 25.077083587646499 ], [ -108.220695495605, 25.0776386260987 ], [ -108.219863891602003, 25.074581146240199 ] ] ], [ [ [ -108.23486328125, 25.082639694213899 ], [ -108.226249694824006, 25.077917098998999 ], [ -108.225692749022997, 25.076250076293899 ], [ -108.229309082030994, 25.074581146240199 ], [ -108.237358093262003, 25.0829162597656 ], [ -108.236526489257997, 25.0865268707275 ], [ -108.23486328125, 25.082639694213899 ] ] ], [ [ [ -108.229858398437997, 25.084028244018601 ], [ -108.232635498047003, 25.084304809570401 ], [ -108.232917785645, 25.0856952667237 ], [ -108.230415344237997, 25.0856952667237 ], [ -108.229858398437997, 25.084028244018601 ] ] ], [ [ [ -108.249580383300994, 25.096805572509801 ], [ -108.243469238280994, 25.0898628234863 ], [ -108.243751525879006, 25.087917327880799 ], [ -108.25235748291, 25.092916488647401 ], [ -108.249580383300994, 25.096805572509801 ] ] ], [ [ [ -108.292358398437997, 25.112361907958999 ], [ -108.295417785644005, 25.107639312744201 ], [ -108.305419921875, 25.109582901001101 ], [ -108.302635192870994, 25.113752365112301 ], [ -108.292358398437997, 25.112361907958999 ] ] ], [ [ [ -108.238746643065994, 25.141252517700298 ], [ -108.233474731445, 25.140138626098601 ], [ -108.233474731445, 25.1318054199219 ], [ -108.238746643065994, 25.135694503784201 ], [ -108.238746643065994, 25.141252517700298 ] ] ], [ [ [ -108.239585876465, 25.1501388549806 ], [ -108.240417480469006, 25.1479167938232 ], [ -108.241806030272997, 25.1534729003906 ], [ -108.240417480469006, 25.1534729003906 ], [ -108.239585876465, 25.1501388549806 ] ] ], [ [ [ -108.362640380859006, 25.1534729003906 ], [ -108.365417480469006, 25.152082443237301 ], [ -108.368469238280994, 25.154027938842798 ], [ -108.362915039062003, 25.1556930541993 ], [ -108.362640380859006, 25.1534729003906 ] ] ], [ [ [ -108.249580383300994, 25.157638549804702 ], [ -108.251808166504006, 25.154027938842798 ], [ -108.253196716309006, 25.1534729003906 ], [ -108.251525878905994, 25.158750534057599 ], [ -108.249580383300994, 25.157638549804702 ] ] ], [ [ [ -108.269302368164006, 25.180971145629901 ], [ -108.257919311522997, 25.1743068695069 ], [ -108.24153137207, 25.177637100219801 ], [ -108.256248474120994, 25.153749465942401 ], [ -108.272918701172003, 25.163473129272599 ], [ -108.269302368164006, 25.180971145629901 ] ] ], [ [ [ -108.285972595215, 25.164028167724599 ], [ -108.270973205565994, 25.1445846557618 ], [ -108.355972290039006, 25.166805267333999 ], [ -108.35041809082, 25.1770839691162 ], [ -108.366249084472997, 25.1909713745118 ], [ -108.344863891602003, 25.1870841979982 ], [ -108.354583740234006, 25.183750152587901 ], [ -108.336807250977003, 25.172084808349599 ], [ -108.339859008789006, 25.185972213745199 ], [ -108.351806640625, 25.195970535278398 ], [ -108.359024047852003, 25.196805953979499 ], [ -108.354026794434006, 25.2090282440187 ], [ -108.34041595459, 25.196805953979499 ], [ -108.308959960937003, 25.1901378631593 ], [ -108.317642211914006, 25.179582595825298 ], [ -108.300971984862997, 25.164028167724599 ], [ -108.31014251709, 25.160139083862401 ], [ -108.299308776855, 25.161806106567401 ], [ -108.300140380859006, 25.156803131103501 ], [ -108.289306640625, 25.152915954589801 ], [ -108.296806335449006, 25.162361145019599 ], [ -108.285972595215, 25.164028167724599 ] ] ], [ [ [ -108.353469848632997, 25.1931953430175 ], [ -108.355972290039006, 25.192916870117099 ], [ -108.356246948242003, 25.193750381469702 ], [ -108.352638244629006, 25.1943054199219 ], [ -108.353469848632997, 25.1931953430175 ] ] ], [ [ [ -108.703193664550994, 25.3784713745118 ], [ -108.701805114745994, 25.3754177093506 ], [ -108.706527709960994, 25.379028320312599 ], [ -108.704025268555, 25.37819480896 ], [ -108.703193664550994, 25.3784713745118 ] ] ], [ [ [ -108.728469848632997, 25.384027481079201 ], [ -108.721801757812003, 25.382360458374102 ], [ -108.720970153809006, 25.381250381469702 ], [ -108.724029541015994, 25.380416870117202 ], [ -108.731246948242003, 25.384584426879901 ], [ -108.728469848632997, 25.384027481079201 ] ] ], [ [ [ -108.732917785645, 25.383470535278398 ], [ -108.733474731445, 25.382917404174901 ], [ -108.736251831055, 25.382083892822301 ], [ -108.735420227050994, 25.384304046631001 ], [ -108.732917785645, 25.383470535278398 ] ] ], [ [ [ -108.760139465332003, 25.371250152587901 ], [ -108.764305114745994, 25.3801383972168 ], [ -108.774864196777003, 25.377916336059702 ], [ -108.788475036620994, 25.387083053588899 ], [ -108.789581298827997, 25.399026870727599 ], [ -108.773475646972997, 25.383192062378001 ], [ -108.779586791992003, 25.398195266723601 ], [ -108.737358093262003, 25.3945827484131 ], [ -108.742080688477003, 25.382638931274499 ], [ -108.759307861327997, 25.3801383972168 ], [ -108.760139465332003, 25.371250152587901 ] ] ], [ [ [ -108.634307861327997, 25.355417251586999 ], [ -108.644859313965, 25.359027862548899 ], [ -108.66625213623, 25.392915725708001 ], [ -108.660415649414006, 25.394027709961001 ], [ -108.671806335449006, 25.4026393890382 ], [ -108.689582824707003, 25.4051399230957 ], [ -108.723747253417997, 25.3901386260987 ], [ -108.733474731445, 25.395971298217901 ], [ -108.740417480469006, 25.395139694213899 ], [ -108.725692749022997, 25.411249160766701 ], [ -108.740974426269005, 25.402360916137798 ], [ -108.737083435059006, 25.4134731292725 ], [ -108.746528625487997, 25.4073600769044 ], [ -108.764579772949006, 25.425695419311602 ], [ -108.764030456542997, 25.432361602783299 ], [ -108.742919921875, 25.432361602783299 ], [ -108.754028320312003, 25.437639236450298 ], [ -108.754302978515994, 25.459028244018601 ], [ -108.760696411132997, 25.4543056488038 ], [ -108.756530761719006, 25.443195343017699 ], [ -108.779586791992003, 25.437360763549901 ], [ -108.792083740234006, 25.4173603057862 ], [ -108.778472900390994, 25.4570827484131 ], [ -108.765693664550994, 25.464027404785199 ], [ -108.790138244629006, 25.4643058776856 ], [ -108.764862060547003, 25.4923610687256 ], [ -108.769584655762003, 25.507917404174901 ], [ -108.777641296387003, 25.505973815918001 ], [ -108.781524658202997, 25.5140285491944 ], [ -108.758193969727003, 25.522638320922901 ], [ -108.775970458984006, 25.53125 ], [ -108.777359008789006, 25.547084808349702 ], [ -108.785415649414006, 25.537361145019599 ], [ -108.788192749022997, 25.543193817138601 ], [ -108.80680847168, 25.540138244628999 ], [ -108.819030761719006, 25.526805877685501 ], [ -108.834587097167997, 25.544582366943398 ], [ -108.838752746582003, 25.564582824707099 ], [ -108.858192443847997, 25.563194274902301 ], [ -108.863746643065994, 25.575696945190401 ], [ -108.869583129882997, 25.5612506866456 ], [ -108.887916564940994, 25.5684719085693 ], [ -108.906524658202997, 25.559303283691499 ], [ -108.905136108397997, 25.538473129272401 ], [ -108.896247863769005, 25.535417556762798 ], [ -108.902641296387003, 25.522638320922901 ], [ -108.897918701172003, 25.515970230102599 ], [ -108.907363891602003, 25.5140285491944 ], [ -108.886253356932997, 25.5040283203125 ], [ -108.898193359375, 25.4823608398438 ], [ -108.914863586425994, 25.474582672119102 ], [ -108.914024353027003, 25.463193893432599 ], [ -108.933471679687997, 25.4523620605469 ], [ -108.939582824707003, 25.4526386260987 ], [ -108.933746337890994, 25.455139160156399 ], [ -108.936248779297003, 25.4762496948243 ], [ -108.955413818359006, 25.471527099609499 ], [ -108.962364196777003, 25.4779167175294 ], [ -108.945419311522997, 25.487083435058601 ], [ -108.943473815917997, 25.498472213745099 ], [ -108.958473205565994, 25.495971679687599 ], [ -108.975135803222997, 25.508472442627099 ], [ -108.99097442627, 25.507917404174901 ], [ -108.997917175292997, 25.498472213745099 ], [ -109.017082214355, 25.5043048858643 ], [ -109.026252746582003, 25.497917175293001 ], [ -109.027084350585994, 25.487638473510799 ], [ -109.010414123535, 25.470972061157301 ], [ -109.000694274902003, 25.471250534057699 ], [ -109.017364501952997, 25.462083816528299 ], [ -109.046806335449006, 25.479303359985401 ], [ -109.032363891602003, 25.460416793823399 ], [ -109.038192749022997, 25.4606952667237 ], [ -109.080413818359006, 25.491804122924801 ], [ -109.085418701172003, 25.510694503784201 ], [ -109.119857788085994, 25.5468063354493 ], [ -109.092086791992003, 25.545974731445298 ], [ -109.104309082030994, 25.542638778686602 ], [ -109.104309082030994, 25.5345859527588 ], [ -109.088752746582003, 25.522916793823299 ], [ -109.094306945800994, 25.541805267334102 ], [ -109.077079772949006, 25.5404167175294 ], [ -109.08097076416, 25.531803131103501 ], [ -109.075973510742003, 25.5284729003906 ], [ -109.069862365722997, 25.533472061157202 ], [ -109.076805114745994, 25.540971755981499 ], [ -109.082641601562003, 25.541805267334102 ], [ -109.08430480957, 25.5531940460206 ], [ -109.073196411132997, 25.5501384735107 ], [ -109.060417175292997, 25.536249160766701 ], [ -109.06485748291, 25.522916793823299 ], [ -109.062362670897997, 25.5184745788575 ], [ -109.057357788085994, 25.538473129272401 ], [ -109.070693969725994, 25.557638168335 ], [ -109.05347442627, 25.549028396606602 ], [ -109.051528930664006, 25.535417556762798 ], [ -109.048469543457003, 25.5487499237062 ], [ -109.026252746582003, 25.552637100219801 ], [ -109.047637939452997, 25.555416107177699 ], [ -109.063194274902003, 25.5693054199219 ], [ -109.048194885254006, 25.565139770507901 ], [ -109.053192138672003, 25.5751361846925 ], [ -109.047080993652003, 25.577917098999102 ], [ -109.054306030272997, 25.5801391601562 ], [ -109.046249389647997, 25.593194961547901 ], [ -109.039863586425994, 25.5784721374513 ], [ -109.033470153809006, 25.585693359375 ], [ -109.013748168945, 25.560695648193501 ], [ -109.002639770507997, 25.564306259155298 ], [ -109.002082824707003, 25.575696945190401 ], [ -108.989860534667997, 25.5748615264893 ], [ -108.995697021484006, 25.564306259155298 ], [ -108.989303588867003, 25.555139541626101 ], [ -108.998474121094006, 25.551805496215898 ], [ -108.982917785645, 25.5420837402344 ], [ -108.970413208007997, 25.569583892822301 ], [ -108.980140686035, 25.583194732666101 ], [ -108.96875, 25.612085342407301 ], [ -108.942642211914006, 25.6065273284913 ], [ -108.935417175292997, 25.617916107177798 ], [ -108.924583435059006, 25.619028091430799 ], [ -108.926803588867003, 25.649860382080099 ], [ -108.937919616699006, 25.672361373901499 ], [ -108.974586486815994, 25.6754169464112 ], [ -108.995697021484006, 25.6581935882569 ], [ -109.015419006347997, 25.657361984252901 ], [ -109.025413513184006, 25.627639770507798 ], [ -109.042358398437003, 25.607360839843899 ], [ -109.036529541015994, 25.602083206176701 ], [ -109.058471679687003, 25.594583511352599 ], [ -109.061805725097997, 25.5801391601562 ], [ -109.058479309082003, 25.6029167175293 ], [ -109.072639465332003, 25.5965270996094 ], [ -109.070693969725994, 25.602083206176701 ], [ -109.077919006347997, 25.6065273284913 ], [ -109.075141906737997, 25.596250534057699 ], [ -109.067916870117003, 25.592361450195298 ], [ -109.08097076416, 25.5884723663331 ], [ -109.082641601562003, 25.579027175903299 ], [ -109.091247558594006, 25.583194732666101 ], [ -109.087913513184006, 25.601528167724702 ], [ -109.103469848632997, 25.605972290039102 ], [ -109.111251831055, 25.6045837402344 ], [ -109.095413208007997, 25.593194961547901 ], [ -109.115135192870994, 25.5812492370606 ], [ -109.109580993652003, 25.592082977294901 ], [ -109.114303588867003, 25.605417251586999 ], [ -109.120697021484006, 25.605972290039102 ], [ -109.12735748291, 25.594305038452301 ], [ -109.119857788085994, 25.592082977294901 ], [ -109.121246337890994, 25.585693359375 ], [ -109.10652923584, 25.5748615264893 ], [ -109.10319519043, 25.5709743499756 ], [ -109.105140686035, 25.570138931274499 ], [ -109.125419616699006, 25.582639694213899 ], [ -109.151527404785, 25.586526870727599 ], [ -109.159301757812003, 25.6081943511962 ], [ -109.152641296387003, 25.609582901001001 ], [ -109.154029846190994, 25.617082595825298 ], [ -109.161529541015994, 25.614585876465 ], [ -109.166809082030994, 25.629306793212901 ], [ -109.18514251709, 25.6429176330568 ], [ -109.172920227050994, 25.645139694213899 ], [ -109.169303894042997, 25.650693893432599 ], [ -109.190414428710994, 25.643194198608299 ], [ -109.186248779297003, 25.657638549804702 ], [ -109.175971984862997, 25.659027099609499 ], [ -109.18985748291, 25.658750534057699 ], [ -109.192916870117003, 25.654861450195401 ], [ -109.207641601562003, 25.6606941223144 ], [ -109.194030761719006, 25.677639007568501 ], [ -109.208190917969006, 25.669584274291999 ], [ -109.210693359375, 25.677639007568501 ], [ -109.234024047852003, 25.683750152588001 ], [ -109.237915039062003, 25.710971832275401 ], [ -109.242919921875, 25.698194503784201 ], [ -109.261253356934006, 25.7009716033937 ], [ -109.262359619140994, 25.6943035125732 ], [ -109.248748779297003, 25.689306259155401 ], [ -109.252914428710994, 25.667360305786101 ], [ -109.233192443847997, 25.645694732666101 ], [ -109.264579772949006, 25.6490268707275 ], [ -109.266250610352003, 25.643749237060501 ], [ -109.222915649414006, 25.6462497711182 ], [ -109.229858398437003, 25.6390285491943 ], [ -109.188751220702997, 25.625139236450298 ], [ -109.180969238280994, 25.6154174804688 ], [ -109.19319152832, 25.612085342407301 ], [ -109.174026489257997, 25.603195190429702 ], [ -109.160697937012003, 25.560972213745199 ], [ -109.191528320312003, 25.603195190429702 ], [ -109.250137329102003, 25.635416030883899 ], [ -109.330139160155994, 25.646528244018601 ], [ -109.371803283690994, 25.636806488037202 ], [ -109.394859313965, 25.6373615264894 ], [ -109.377082824707003, 25.6398620605469 ], [ -109.362358093262003, 25.6545848846437 ], [ -109.355972290039006, 25.650693893432599 ], [ -109.319862365722997, 25.655136108398501 ], [ -109.334861755370994, 25.6579189300537 ], [ -109.375137329102003, 25.653192520141701 ], [ -109.373474121094006, 25.665138244628999 ], [ -109.355697631835994, 25.669307708740199 ], [ -109.299858093262003, 25.657361984252901 ], [ -109.305969238280994, 25.662359237671001 ], [ -109.304862976074006, 25.662639617919901 ], [ -109.296524047850994, 25.6554145812988 ], [ -109.316802978515994, 25.65625 ], [ -109.318473815917997, 25.653192520141701 ], [ -109.289306640625, 25.649583816528299 ], [ -109.295135498047003, 25.6554145812988 ], [ -109.285415649414006, 25.664863586425799 ], [ -109.290412902832003, 25.7051391601563 ], [ -109.282638549805, 25.714305877685501 ], [ -109.287635803222997, 25.7287502288819 ], [ -109.310974121094006, 25.730417251586999 ], [ -109.325691223144005, 25.7534713745118 ], [ -109.336524963379006, 25.742639541626101 ], [ -109.334861755370994, 25.755416870117202 ], [ -109.346252441405994, 25.7543048858643 ], [ -109.375137329102003, 25.776525497436499 ], [ -109.400695800780994, 25.762083053588899 ], [ -109.400413513184006, 25.712360382080199 ], [ -109.391250610352003, 25.677082061767699 ], [ -109.399864196777003, 25.680973052978501 ], [ -109.405693054199006, 25.743749618530298 ], [ -109.432640075684006, 25.805973052978601 ], [ -109.425971984862997, 25.8040275573731 ], [ -109.420692443847997, 25.894027709961101 ], [ -109.417915344237997, 25.887083053588999 ], [ -109.405975341797003, 25.893472671508899 ], [ -109.412086486815994, 25.892082214355501 ], [ -109.405693054199006, 25.8990287780762 ], [ -109.413749694824006, 25.894027709961101 ], [ -109.419303894042997, 25.899583816528398 ], [ -109.413475036620994, 25.9070835113525 ], [ -109.421806335449006, 25.9251384735107 ], [ -109.39958190918, 25.9315280914307 ], [ -109.421249389647997, 25.929306030273601 ], [ -109.426246643065994, 25.937084197998001 ], [ -109.430694580077997, 25.938749313354499 ], [ -109.424858093262003, 25.933193206787202 ], [ -109.422080993652003, 25.928472518921001 ], [ -109.423469543457003, 25.926805496215898 ], [ -109.444305419922003, 25.936250686645501 ], [ -109.447914123535, 25.949304580688501 ], [ -109.436805725097997, 25.997360229492202 ], [ -109.404304504395, 25.996528625488299 ], [ -109.410972595215, 25.997917175293001 ], [ -109.404945373535, 26.002702713012798 ], [ -109.406112670897997, 26.004997253418001 ], [ -109.424446105957003, 26.004167556762699 ], [ -109.420280456542997, 26.010555267333999 ], [ -109.431114196777003, 26.00638961792 ], [ -109.413024902344006, 26.047189712524499 ], [ -109.407775878905994, 26.035278320312599 ], [ -109.403610229492003, 26.0355548858643 ], [ -109.397224426269005, 26.0422248840332 ], [ -109.397499084472997, 26.049444198608501 ], [ -109.405555725097997, 26.057222366333001 ], [ -109.402221679687997, 26.061944961547798 ], [ -109.402969360352003, 26.0657691955568 ], [ -109.37833404541, 26.099996566772401 ], [ -109.376152038574006, 26.099456787109499 ], [ -109.380752563477003, 26.095823287963899 ], [ -109.379447937012003, 26.088888168335099 ], [ -109.380012512207003, 26.095869064331101 ], [ -109.358612060547003, 26.111944198608501 ], [ -109.360275268555, 26.116111755371101 ], [ -109.344444274902003, 26.1188888549806 ], [ -109.335830688477003, 26.109443664550799 ], [ -109.343887329102003, 26.1080532073975 ], [ -109.346389770507997, 26.104999542236399 ], [ -109.345001220702997, 26.1005554199219 ], [ -109.338333129882997, 26.095277786255 ], [ -109.329170227050994, 26.091943740844702 ], [ -109.345275878905994, 26.1041660308838 ], [ -109.33528137207, 26.1080532073975 ], [ -109.335220336914006, 26.111110687255898 ], [ -109.339447021484006, 26.1158332824707 ], [ -109.332221984862997, 26.122499465942401 ], [ -109.358055114745994, 26.118055343628001 ], [ -109.362503051757997, 26.114721298217798 ], [ -109.364166259765994, 26.109165191650401 ], [ -109.374725341797003, 26.1013908386231 ], [ -109.30305480957, 26.215278625488299 ], [ -109.289169311522997, 26.275833129882901 ], [ -109.248611450195, 26.315555572509801 ], [ -109.237503051757997, 26.312177658081101 ], [ -109.235000610352003, 26.298334121704102 ], [ -109.241386413574006, 26.298334121704102 ], [ -109.245552062987997, 26.276388168335099 ], [ -109.246948242187997, 26.2855548858643 ], [ -109.258056640625, 26.268333435058601 ], [ -109.272499084472997, 26.280832290649499 ], [ -109.277221679687997, 26.2744445800781 ], [ -109.303611755370994, 26.1686115264893 ], [ -109.304168701172003, 26.158056259155298 ], [ -109.297500610352003, 26.167222976684702 ], [ -109.28694152832, 26.149723052978601 ], [ -109.289443969727003, 26.1394443511963 ], [ -109.274169921875, 26.1550006866456 ], [ -109.259162902832003, 26.190000534057699 ], [ -109.270835876465, 26.216388702392599 ], [ -109.247497558594006, 26.215833663940401 ], [ -109.256385803222997, 26.206386566162099 ], [ -109.253051757812003, 26.200832366943501 ], [ -109.241668701172003, 26.219722747802798 ], [ -109.247779846190994, 26.2191677093507 ], [ -109.251113891602003, 26.238611221313501 ], [ -109.236389160155994, 26.229444503784201 ], [ -109.235000610352003, 26.250555038452099 ], [ -109.220275878905994, 26.263889312744201 ], [ -109.216110229492003, 26.323102951049901 ], [ -109.174446105957003, 26.318611145019599 ], [ -109.156669616699006, 26.305276870727699 ], [ -109.166114807129006, 26.278610229492202 ], [ -109.148330688477003, 26.273332595825199 ], [ -109.173332214355, 26.263334274291999 ], [ -109.179168701172003, 26.2500019073487 ], [ -109.168891906737997, 26.253889083862401 ], [ -109.166946411132997, 26.248611450195401 ], [ -109.155830383300994, 26.2574996948243 ], [ -109.161392211914006, 26.237777709960898 ], [ -109.133056640625, 26.234443664550799 ], [ -109.135559082030994, 26.224445343017699 ], [ -109.121948242187997, 26.2238883972169 ], [ -109.122497558594006, 26.214166641235401 ], [ -109.108055114745994, 26.210556030273501 ], [ -109.110321044922003, 26.186902999878001 ], [ -109.10221862793, 26.214166641235401 ], [ -109.122222900390994, 26.244165420532202 ], [ -109.101669311522997, 26.273332595825199 ], [ -109.092781066895, 26.264722824096701 ], [ -109.090278625487997, 26.282222747802798 ], [ -109.098335266112997, 26.286386489868299 ], [ -109.108612060547003, 26.276666641235501 ], [ -109.125274658202997, 26.284721374511701 ], [ -109.135833740234006, 26.297775268554702 ], [ -109.122497558594006, 26.298887252807699 ], [ -109.123611450195, 26.3088893890381 ], [ -109.140556335449006, 26.307500839233501 ], [ -109.14778137207, 26.3144435882568 ], [ -109.15055847168, 26.331943511962901 ], [ -109.135276794434006, 26.332777023315501 ], [ -109.133888244629006, 26.3399982452394 ], [ -109.158332824707003, 26.337776184082099 ], [ -109.152496337890994, 26.360000610351701 ], [ -109.163520812987997, 26.3507385253906 ], [ -109.166236877440994, 26.439100265503001 ], [ -109.158653259277003, 26.440040588378999 ], [ -109.14714050293, 26.41854095459 ], [ -109.147216796875, 26.368770599365298 ], [ -109.113212585449006, 26.374841690063501 ], [ -109.125358581542997, 26.402830123901499 ], [ -109.105476379394005, 26.3949794769288 ], [ -109.085891723632997, 26.374410629272599 ], [ -109.079086303710994, 26.3408603668213 ], [ -109.055686950684006, 26.3401794433593 ], [ -109.059898376465, 26.313571929931602 ], [ -109.046401977539006, 26.300621032714901 ], [ -109.023658752440994, 26.3196105957031 ], [ -108.920455932617003, 26.3673706054688 ], [ -108.868881225585994, 26.409360885620199 ], [ -108.801460266112997, 26.422620773315501 ], [ -108.791473388672003, 26.437770843505898 ], [ -108.793395996094006, 26.5223808288575 ], [ -108.783332824707003, 26.540218353271499 ], [ -108.679977416992003, 26.563529968261701 ], [ -108.651168823242003, 26.577882766723601 ], [ -108.611938476562003, 26.580869674682599 ], [ -108.595092773437003, 26.5964584350587 ], [ -108.537162780762003, 26.713171005249102 ], [ -108.514068603515994, 26.726369857788001 ], [ -108.455429077147997, 26.739509582519599 ], [ -108.453201293945, 26.754209518432699 ], [ -108.472930908202997, 26.807970046997099 ], [ -108.470176696777003, 26.822870254516701 ], [ -108.42504119873, 26.876489639282301 ], [ -108.381385803222997, 26.913810729980501 ], [ -108.342247009277003, 26.9681205749513 ], [ -108.328765869140994, 27.0012111663819 ], [ -108.329742431640994, 27.0316905975343 ], [ -108.197410583495994, 27.040700912475501 ], [ -108.126426696777003, 27.037511825561499 ], [ -108.107490539550994, 27.026000976562599 ], [ -108.099983215332003, 27.0064506530762 ], [ -108.112892150879006, 26.947080612182599 ], [ -108.108207702637003, 26.928970336914201 ], [ -108.078163146972997, 26.913501739501999 ], [ -108.029716491699006, 26.924259185791101 ], [ -108.012016296387003, 26.8771705627443 ], [ -107.988609313965, 26.84375 ], [ -107.988616943359006, 26.815160751342798 ], [ -108.00456237793, 26.764640808105501 ], [ -107.985809326172003, 26.735868453979599 ], [ -107.981323242187997, 26.7082710266113 ], [ -108.003227233887003, 26.656600952148601 ], [ -108.00170135498, 26.640890121460099 ], [ -107.990249633789006, 26.6173610687256 ], [ -107.94677734375, 26.598939895629901 ], [ -107.933708190917997, 26.5844707489013 ], [ -107.92610168457, 26.561767578125099 ], [ -107.930732727050994, 26.516750335693398 ], [ -107.844741821289006, 26.402219772338899 ], [ -107.806488037109006, 26.336139678955099 ], [ -107.790596008300994, 26.299900054931602 ], [ -107.765907287597997, 26.1850109100343 ], [ -107.752937316895, 26.1602096557618 ], [ -107.605895996094006, 26.1267700195312 ], [ -107.463890075684006, 26.114200592041101 ], [ -107.389343261719006, 26.0956726074219 ], [ -107.26863861084, 25.9144897460938 ], [ -107.244880676269005, 25.7975807189943 ], [ -107.159332275390994, 25.6963195800781 ], [ -107.157066345215, 25.672380447387798 ], [ -107.132606506347997, 25.679561614990298 ], [ -107.124557495117003, 25.674802780151499 ], [ -107.121566772460994, 25.6515197753907 ], [ -107.169372558594006, 25.623388290405298 ], [ -107.219009399414006, 25.579029083252099 ], [ -107.238403320312003, 25.543279647827099 ], [ -107.223190307617003, 25.519580841064499 ], [ -107.195365905762003, 25.520029067993299 ], [ -107.188911437987997, 25.509691238403398 ], [ -107.245727539062003, 25.378879547119201 ], [ -107.239181518555, 25.325067520141701 ], [ -107.24919128418, 25.193109512329201 ], [ -107.270362854004006, 25.128641128540199 ], [ -107.266021728515994, 25.117710113525401 ], [ -107.229179382324006, 25.099479675293001 ], [ -107.209976196289006, 25.033189773559599 ], [ -107.180023193359006, 25.009679794311602 ], [ -107.136222839355, 24.9374103546143 ], [ -107.132301330565994, 24.923280715942401 ], [ -107.144752502440994, 24.866758346557599 ], [ -107.103607177734006, 24.835109710693398 ], [ -107.085395812987997, 24.838920593261701 ], [ -107.072875976562003, 24.852739334106399 ], [ -107.052497863769005, 24.843309402465898 ], [ -106.984573364257997, 24.843240737915099 ], [ -106.948829650879006, 24.747962951660199 ], [ -106.898956298827997, 24.740829467773601 ], [ -106.851547241210994, 24.6107501983643 ], [ -106.847473144530994, 24.573921203613398 ], [ -106.824913024902003, 24.566551208496101 ], [ -106.802337646484006, 24.581861495971701 ], [ -106.794647216797003, 24.575059890747099 ], [ -106.791809082030994, 24.536149978637798 ], [ -106.770210266112997, 24.4905395507813 ], [ -106.761817932129006, 24.421899795532301 ], [ -106.72257232666, 24.370479583740298 ], [ -106.698768615722997, 24.298770904541101 ], [ -106.665641784667997, 24.305259704589801 ], [ -106.634368896484006, 24.286979675293001 ], [ -106.614967346190994, 24.305950164794901 ], [ -106.560935974120994, 24.312191009521399 ], [ -106.536697387695, 24.338342666626001 ], [ -106.494873046875, 24.356870651245099 ], [ -106.463676452637003, 24.3881511688232 ], [ -106.445129394530994, 24.391952514648501 ], [ -106.418609619140994, 24.4303894042969 ], [ -106.277221679687997, 24.394430160522599 ], [ -106.203910827637003, 24.355342864990199 ], [ -106.172348022460994, 24.305929183960099 ], [ -106.135597229004006, 24.302761077880898 ], [ -106.121917724609006, 24.294441223144599 ], [ -106.109573364257997, 24.240329742431602 ], [ -106.047790527344006, 24.176111221313601 ], [ -106.041847229004006, 24.089059829711999 ], [ -106.032600402832003, 24.0755004882813 ], [ -106.002380371094006, 24.060911178588899 ], [ -106.011177062987997, 24.022050857543899 ], [ -105.979759216309006, 23.927110671997099 ], [ -105.95125579834, 23.887580871581999 ], [ -105.936431884765994, 23.7946891784669 ], [ -105.876808166504006, 23.7269001007081 ], [ -105.846603393555, 23.6621913909913 ], [ -105.77806854248, 23.601360321044901 ], [ -105.760726928710994, 23.498052597045898 ], [ -105.718902587890994, 23.3967399597169 ], [ -105.729347229004006, 23.355800628662202 ], [ -105.705238342285, 23.297992706298899 ], [ -105.665145874022997, 23.266420364379901 ], [ -105.651329040527003, 23.242589950561602 ], [ -105.645652770995994, 23.158861160278398 ], [ -105.633293151855, 23.1263103485107 ], [ -105.613250732422003, 23.108320236206001 ], [ -105.569625854492003, 23.103210449218899 ], [ -105.540130615234006, 23.1062297821044 ], [ -105.513481140137003, 23.126148223877099 ], [ -105.48747253418, 23.128639221191399 ], [ -105.397262573242003, 23.0453109741212 ], [ -105.43522644043, 23.015888214111399 ], [ -105.446990966797003, 22.965541839599702 ], [ -105.448402404785, 22.903150558471701 ], [ -105.505821228027003, 22.8419094085693 ], [ -105.533699035644005, 22.780881881713899 ], [ -105.515731811522997, 22.7329196929932 ], [ -105.466377258300994, 22.690301895141701 ], [ -105.455322265625, 22.634929656982401 ], [ -105.437431335449006, 22.616300582885799 ], [ -105.430366516112997, 22.545789718628001 ], [ -105.444801330565994, 22.512769699096701 ], [ -105.47038269043, 22.5127906799318 ], [ -105.504600524902003, 22.5283107757568 ], [ -105.583045959472997, 22.533971786499102 ], [ -105.659957885742003, 22.572229385376101 ], [ -105.666954040527003, 22.5801391601563 ], [ -105.657363891602003, 22.613470077514702 ], [ -105.661247253417997, 22.627641677856399 ], [ -105.676528930664006, 22.6479167938232 ], [ -105.702079772949006, 22.655694961547901 ], [ -105.717918395995994, 22.6779174804688 ], [ -105.706802368164006, 22.700416564941399 ], [ -105.65958404541, 22.697639465332099 ], [ -105.661804199219006, 22.7079162597657 ], [ -105.704582214355, 22.735416412353501 ], [ -105.712364196777003, 22.721805572509901 ], [ -105.73486328125, 22.710138320923001 ], [ -105.716247558594006, 22.695972442626999 ], [ -105.720413208007997, 22.6781940460206 ], [ -105.706802368164006, 22.6373615264893 ], [ -105.684860229492003, 22.618749618530298 ], [ -105.687637329102003, 22.586248397827301 ], [ -105.706802368164006, 22.5648612976075 ], [ -105.704307556152003, 22.535972595214801 ], [ -105.686248779297003, 22.496805191040099 ], [ -105.687362670897997, 22.479858398437599 ], [ -105.701530456542997, 22.473472595214801 ], [ -105.724304199219006, 22.496805191040099 ], [ -105.747917175292997, 22.551805496215898 ], [ -105.763191223145, 22.5531959533693 ], [ -105.812362670897997, 22.643194198608501 ], [ -105.86597442627, 22.7059726715087 ], [ -105.960975646972997, 22.790695190429702 ], [ -106.034301757812003, 22.829027175903299 ], [ -106.01180267334, 22.844028472900401 ], [ -106.040138244629006, 22.8354167938232 ], [ -106.184303283690994, 23.003751754760899 ], [ -106.318473815917997, 23.122360229492202 ], [ -106.393753051757997, 23.183471679687599 ], [ -106.410415649414006, 23.187639236450199 ], [ -106.411804199219006, 23.1790275573732 ], [ -106.414024353027003, 23.1773605346681 ], [ -106.419303894042997, 23.178474426269599 ], [ -106.403198242187997, 23.207639694213999 ], [ -106.400413513184006, 23.1926383972168 ], [ -106.379302978515994, 23.2095832824707 ], [ -106.374862670897997, 23.193750381469801 ], [ -106.355972290039006, 23.182083129882901 ], [ -106.353469848632997, 23.170972824096701 ], [ -106.345138549805, 23.173194885253999 ], [ -106.328193664550994, 23.1523628234863 ], [ -106.312919616699006, 23.150138854980401 ], [ -106.329307556152003, 23.1543064117432 ], [ -106.32763671875, 23.172916412353601 ], [ -106.348472595215, 23.177639007568398 ], [ -106.387084960937997, 23.2206954956056 ], [ -106.388191223144005, 23.214027404785298 ], [ -106.405418395995994, 23.213193893432699 ], [ -106.415969848632997, 23.187084197998001 ], [ -106.423751831055, 23.184583663940501 ], [ -106.420135498047003, 23.179306030273601 ], [ -106.429862976074006, 23.177639007568398 ], [ -106.424308776855, 23.186250686645501 ], [ -106.430969238280994, 23.203752517700298 ], [ -106.422080993652003, 23.217081069946399 ], [ -106.454307556152003, 23.242639541626101 ], [ -106.467918395995994, 23.277917861938501 ], [ -106.494583129882997, 23.304307937621999 ], [ -106.47875213623, 23.317918777465898 ], [ -106.488471984862997, 23.339582443237401 ], [ -106.558746337890994, 23.4290275573731 ], [ -106.627082824707003, 23.4776382446288 ], [ -106.626808166504006, 23.49680519104 ], [ -106.682640075684006, 23.5406932830812 ], [ -106.69652557373, 23.5773601531982 ], [ -106.727912902832003, 23.5945854187012 ], [ -106.722358703612997, 23.601528167724599 ], [ -106.736808776855, 23.602638244628999 ], [ -106.726806640625, 23.599861145019599 ], [ -106.731803894042997, 23.5970859527587 ], [ -106.764305114745994, 23.613471984863299 ], [ -106.779586791992003, 23.6306953430175 ], [ -106.770141601562003, 23.62819480896 ], [ -106.769302368164006, 23.6437492370606 ], [ -106.784858703612997, 23.6306953430175 ], [ -106.790412902832003, 23.642084121704201 ], [ -106.81014251709, 23.651525497436602 ], [ -106.809860229492003, 23.659305572509702 ], [ -106.801246643065994, 23.659582138061499 ], [ -106.804862976074006, 23.6670837402344 ], [ -106.79402923584, 23.670694351196399 ], [ -106.808471679687003, 23.7006931304932 ], [ -106.800140380859006, 23.706249237060501 ], [ -106.809860229492003, 23.7034721374512 ], [ -106.846801757812003, 23.7406921386719 ], [ -106.842918395995994, 23.753471374511701 ], [ -106.882080078125, 23.795692443847699 ], [ -106.891250610352003, 23.8409729003907 ], [ -106.998474121094006, 23.9418048858643 ], [ -107.191528320312003, 24.095972061157301 ], [ -107.185417175292997, 24.102361679077202 ], [ -107.154304504395, 24.089027404785199 ], [ -107.112083435059006, 24.057083129882798 ], [ -107.106803894042997, 24.033750534057699 ], [ -107.088752746582003, 24.0184726715088 ], [ -107.072914123535, 24.01291847229 ], [ -107.064582824707003, 23.999584197998001 ], [ -107.020416259765994, 23.969861984253001 ], [ -107.050140380859006, 23.9979152679443 ], [ -107.062110900879006, 23.999860763549801 ], [ -107.06819152832, 24.0204162597657 ], [ -107.089027404785, 24.022638320922901 ], [ -107.093193054199006, 24.0331935882568 ], [ -107.107086181640994, 24.036249160766701 ], [ -107.102638244629006, 24.045972824096602 ], [ -107.120140075684006, 24.070693969726602 ], [ -107.164863586425994, 24.099306106567401 ], [ -107.161529541015994, 24.1045837402343 ], [ -107.145690917969006, 24.094028472900401 ], [ -107.127639770507997, 24.094861984252901 ], [ -107.123748779297003, 24.081247329711999 ], [ -107.111526489257997, 24.0731945037843 ], [ -107.102363586425994, 24.069583892822202 ], [ -107.092361450195, 24.068195343017699 ], [ -107.082084655762003, 24.054029464721701 ], [ -107.057083129882997, 24.039026260376001 ], [ -107.086524963379006, 24.068750381469801 ], [ -107.105697631835994, 24.0720825195313 ], [ -107.126525878905994, 24.101528167724702 ], [ -107.160140991210994, 24.113193511962901 ], [ -107.143753051757997, 24.142360687255898 ], [ -107.183197021484006, 24.159860610961999 ], [ -107.178192138672003, 24.144304275512599 ], [ -107.185417175292997, 24.128749847412099 ], [ -107.169860839844006, 24.1101398468019 ], [ -107.207359313965, 24.120971679687599 ], [ -107.247085571289006, 24.159307479858398 ], [ -107.31819152832, 24.202640533447301 ], [ -107.327919006347997, 24.218751907348601 ], [ -107.329307556152003, 24.208749771118299 ], [ -107.354583740234006, 24.230972290039102 ], [ -107.377914428710994, 24.230140686035199 ], [ -107.398475646972997, 24.253196716308601 ], [ -107.403747558594006, 24.252916336059599 ], [ -107.39958190918, 24.2423610687256 ], [ -107.415969848632997, 24.243747711181602 ], [ -107.617362976074006, 24.390140533447301 ], [ -107.804580688477003, 24.497358322143601 ], [ -107.795692443847997, 24.499862670898501 ], [ -107.795692443847997, 24.5140285491944 ], [ -107.784301757812003, 24.5123615264894 ], [ -107.76847076416, 24.489305496215898 ], [ -107.73819732666, 24.480415344238299 ], [ -107.725975036620994, 24.465694427490298 ], [ -107.704307556152003, 24.460138320923001 ], [ -107.660972595215, 24.428747177124102 ], [ -107.64347076416, 24.427637100219801 ], [ -107.625419616699006, 24.400415420532301 ], [ -107.586250305175994, 24.396804809570298 ], [ -107.573753356934006, 24.3862495422363 ], [ -107.568748474120994, 24.367639541626101 ], [ -107.539863586425994, 24.368749618530298 ], [ -107.528198242187003, 24.358749389648501 ], [ -107.527084350585994, 24.346525192260899 ], [ -107.515419006347997, 24.338750839233299 ], [ -107.512916564940994, 24.342361450195401 ], [ -107.50846862793, 24.343471527099599 ], [ -107.516250610352003, 24.3356952667237 ], [ -107.512084960937003, 24.328750610351602 ], [ -107.498748779297003, 24.332639694213999 ], [ -107.48819732666, 24.325138092041101 ], [ -107.495414733887003, 24.341527938842798 ], [ -107.520416259765994, 24.353195190429702 ], [ -107.558197021484006, 24.386808395385899 ], [ -107.535697937012003, 24.382083892822301 ], [ -107.535415649414006, 24.375137329101602 ], [ -107.497360229492003, 24.3562507629394 ], [ -107.489585876465, 24.3581943511963 ], [ -107.488471984862997, 24.375694274902401 ], [ -107.511253356934006, 24.3693046569825 ], [ -107.511253356934006, 24.375972747802798 ], [ -107.481246948242003, 24.388471603393601 ], [ -107.478469848632997, 24.4009723663331 ], [ -107.490135192870994, 24.443748474121101 ], [ -107.514030456542997, 24.4834728240968 ], [ -107.553192138672003, 24.521804809570401 ], [ -107.578475952147997, 24.525972366333001 ], [ -107.614303588867003, 24.514305114746101 ], [ -107.617637634277003, 24.508750915527301 ], [ -107.594581604004006, 24.4962482452393 ], [ -107.572914123535, 24.4923610687256 ], [ -107.597640991210994, 24.485139846801701 ], [ -107.591247558594006, 24.479028701782301 ], [ -107.597640991210994, 24.4679164886475 ], [ -107.64680480957, 24.464860916137798 ], [ -107.641525268555, 24.454584121704201 ], [ -107.635414123535, 24.450416564941399 ], [ -107.642082214355, 24.4518051147462 ], [ -107.649024963379006, 24.461805343627901 ], [ -107.648193359375, 24.4690265655518 ], [ -107.658470153809006, 24.474306106567401 ], [ -107.647087097167997, 24.478193283081101 ], [ -107.670692443847997, 24.485969543457099 ], [ -107.685691833495994, 24.511529922485401 ], [ -107.710693359375, 24.491804122924901 ], [ -107.751251220702997, 24.498750686645501 ], [ -107.755142211914006, 24.5098590850831 ], [ -107.741249084472997, 24.520694732666001 ], [ -107.749031066895, 24.5223617553712 ], [ -107.742919921875, 24.530693054199201 ], [ -107.749862670897997, 24.5226364135743 ], [ -107.755973815917997, 24.525972366333001 ], [ -107.785697937012003, 24.564029693603501 ], [ -107.792640686035, 24.559860229492099 ], [ -107.834030151367003, 24.5937519073487 ], [ -107.868751525879006, 24.602636337280298 ], [ -107.873474121094006, 24.610416412353601 ], [ -107.887359619140994, 24.619028091430799 ], [ -107.895973205565994, 24.6140251159669 ], [ -107.907638549805, 24.619304656982401 ], [ -107.917915344237997, 24.6362495422363 ], [ -107.911247253417997, 24.620416641235401 ], [ -107.927360534667997, 24.6273612976075 ], [ -107.957641601562003, 24.653194427490298 ], [ -107.953193664550994, 24.657083511352599 ], [ -107.953193664550994, 24.6634731292725 ], [ -107.959587097167997, 24.6529140472412 ], [ -107.977912902832003, 24.659584045410298 ], [ -107.974029541015994, 24.670415878296001 ], [ -107.982360839844006, 24.672359466552699 ], [ -107.979026794432997, 24.687639236450298 ], [ -107.980140686035, 24.6909713745118 ], [ -107.984580993652003, 24.682083129882901 ], [ -107.983192443847997, 24.665138244628999 ], [ -107.976524353027003, 24.654027938842901 ], [ -107.980972290039006, 24.6529140472412 ], [ -107.957641601562003, 24.649305343627901 ], [ -107.929862976074006, 24.608749389648398 ], [ -107.919303894042997, 24.607915878295898 ], [ -107.895141601562003, 24.586250305175799 ], [ -107.933746337890994, 24.603471755981499 ], [ -108.004028320312003, 24.658470153808501 ], [ -108.015419006347997, 24.678472518920898 ], [ -108.016525268555, 24.730138778686499 ], [ -108.068748474120994, 24.782363891601602 ], [ -108.042083740234006, 24.7895832061768 ], [ -108.032638549805, 24.7687492370606 ], [ -108.012084960937003, 24.755973815918001 ], [ -108.000137329102003, 24.750972747802798 ], [ -108.005973815917997, 24.764030456543001 ], [ -107.995971679687003, 24.763748168945401 ], [ -107.993194580077997, 24.753751754760899 ], [ -107.999862670897997, 24.756250381469801 ], [ -107.999862670897997, 24.750694274902401 ], [ -107.994026184082003, 24.746805191040199 ], [ -107.987083435059006, 24.766527175903299 ], [ -107.967361450195, 24.781805038452301 ], [ -107.966804504394005, 24.790138244628899 ], [ -107.97486114502, 24.7987499237062 ], [ -107.965141296387003, 24.8012504577637 ], [ -107.992080688477003, 24.806251525878999 ], [ -107.993751525879006, 24.830137252807599 ], [ -108.017364501952997, 24.8401393890382 ], [ -108.007919311522997, 24.842636108398501 ], [ -108.000968933105, 24.8601379394531 ], [ -108.006805419922003, 24.864027023315501 ], [ -107.987640380859006, 24.883193969726602 ], [ -108.021247863769005, 24.8945827484131 ], [ -108.017913818359006, 24.90625 ], [ -108.007637023925994, 24.902915954589901 ], [ -108.017913818359006, 24.9118061065675 ], [ -107.996803283690994, 24.9351387023925 ], [ -108.000694274902003, 24.945695877075298 ], [ -107.992919921875, 24.964027404785099 ], [ -108.010696411132997, 24.982639312744102 ], [ -108.039306640625, 24.993751525878999 ], [ -108.036804199219006, 25.010139465332099 ], [ -108.051803588867003, 25.070417404174702 ], [ -108.065414428710994, 25.0729160308838 ], [ -108.066253662109006, 25.082361221313501 ], [ -108.08763885498, 25.084583282470799 ], [ -108.104026794434006, 25.109861373901499 ], [ -108.133193969727003, 25.121805191040199 ], [ -108.129028320312003, 25.100971221923899 ], [ -108.141807556152003, 25.097637176513601 ], [ -108.164306640625, 25.1065273284912 ], [ -108.22208404541, 25.159860610961999 ], [ -108.217086791992003, 25.165971755981499 ], [ -108.220413208007997, 25.174028396606602 ], [ -108.219863891602003, 25.1673603057862 ], [ -108.239028930664006, 25.167638778686602 ], [ -108.239585876465, 25.179306030273501 ], [ -108.24764251709, 25.1823635101319 ], [ -108.252082824707003, 25.198474884033299 ], [ -108.285972595215, 25.200971603393601 ], [ -108.290412902832003, 25.208471298217901 ], [ -108.297920227050994, 25.197639465332099 ], [ -108.283470153809006, 25.178472518921001 ], [ -108.305419921875, 25.2018051147462 ], [ -108.31819152832, 25.194026947021499 ], [ -108.316528320312003, 25.204584121704201 ], [ -108.332641601562003, 25.214027404785298 ], [ -108.315414428710994, 25.214582443237401 ], [ -108.313194274902003, 25.239305496215799 ], [ -108.321250915527003, 25.247917175293001 ], [ -108.340141296387003, 25.2459716796875 ], [ -108.372085571289006, 25.2629165649413 ], [ -108.376251220702997, 25.241807937622099 ], [ -108.383750915527003, 25.241807937622099 ], [ -108.382362365722997, 25.251249313354499 ], [ -108.38680267334, 25.2462482452393 ], [ -108.385414123535, 25.230417251586999 ], [ -108.373474121094006, 25.217361450195298 ], [ -108.388191223145, 25.185138702392699 ], [ -108.449028015137003, 25.255695343017599 ], [ -108.50235748291, 25.287916183471701 ], [ -108.497085571289006, 25.281528472900401 ], [ -108.540138244629006, 25.299583435058601 ], [ -108.534027099609006, 25.310138702392599 ], [ -108.565696716309006, 25.3212509155275 ], [ -108.56485748291, 25.3337497711182 ], [ -108.569580078125, 25.3418064117432 ], [ -108.574584960937003, 25.342916488647599 ], [ -108.567085266112997, 25.3337497711182 ], [ -108.569862365722997, 25.321527481079102 ], [ -108.57152557373, 25.320972442627099 ], [ -108.572639465332003, 25.322360992431602 ], [ -108.577919006347997, 25.322917938232401 ], [ -108.578193664550994, 25.322360992431602 ], [ -108.541809082030994, 25.305414199829201 ], [ -108.659858703612997, 25.346805572509801 ], [ -108.753196716309006, 25.367639541626101 ], [ -108.687637329102003, 25.3612499237062 ], [ -108.691253662109006, 25.3654174804688 ], [ -108.674308776855, 25.3618068695069 ], [ -108.662635803222997, 25.368471145629901 ], [ -108.621528625487997, 25.338750839233501 ], [ -108.621803283690994, 25.348472595214901 ], [ -108.634307861327997, 25.355417251586999 ] ] ], [ [ [ -109.40860748291, 26.039167404174801 ], [ -109.410003662109006, 26.048610687256001 ], [ -109.406387329100994, 26.056110382080099 ], [ -109.401390075684006, 26.0422248840332 ], [ -109.40860748291, 26.039167404174801 ] ] ], [ [ [ -109.400001525879006, 26.045833587646499 ], [ -109.400833129882997, 26.049444198608501 ], [ -109.400833129882997, 26.0505561828613 ], [ -109.398330688477003, 26.042776107788001 ], [ -109.400001525879006, 26.045833587646499 ] ] ], [ [ [ -109.410278320312003, 26.052221298217798 ], [ -109.406944274902003, 26.059167861938501 ], [ -109.404724121094006, 26.061111450195401 ], [ -109.410552978515994, 26.049999237060501 ], [ -109.410278320312003, 26.052221298217798 ] ] ], [ [ [ -109.149719238280994, 26.240554809570401 ], [ -109.148612976074006, 26.2399997711182 ], [ -109.148056030272997, 26.2391662597657 ], [ -109.149169921875, 26.238611221313501 ], [ -109.149719238280994, 26.240554809570401 ] ] ], [ [ [ -109.142219543457003, 26.246944427490298 ], [ -109.14111328125, 26.247779846191499 ], [ -109.139442443847997, 26.246944427490298 ], [ -109.142501831055, 26.245557785034201 ], [ -109.142219543457003, 26.246944427490298 ] ] ], [ [ [ -107.872360229492003, 24.575416564941499 ], [ -107.864303588867003, 24.569583892822301 ], [ -107.864585876465, 24.567083358764599 ], [ -107.869895935059006, 24.567592620849599 ], [ -107.872360229492003, 24.575416564941499 ] ] ], [ [ [ -107.878471374512003, 24.5812492370606 ], [ -107.882362365722997, 24.5801391601562 ], [ -107.886253356934006, 24.581806182861399 ], [ -107.879028320312003, 24.583471298217699 ], [ -107.878471374512003, 24.5812492370606 ] ] ], [ [ [ -107.877639770507997, 24.611249923706101 ], [ -107.876525878905994, 24.605417251586999 ], [ -107.882919311522997, 24.6062526702881 ], [ -107.89013671875, 24.615419387817301 ], [ -107.877639770507997, 24.611249923706101 ] ] ], [ [ [ -107.925971984862997, 24.6120834350587 ], [ -107.924858093262003, 24.611249923706101 ], [ -107.927085876465, 24.611249923706101 ], [ -107.927635192870994, 24.613193511962901 ], [ -107.925971984862997, 24.6120834350587 ] ] ], [ [ [ -107.978469848632997, 24.669305801391701 ], [ -107.977081298827997, 24.667360305786101 ], [ -107.981246948242003, 24.664861679077301 ], [ -107.980415344237997, 24.6701374053956 ], [ -107.978469848632997, 24.669305801391701 ] ] ], [ [ [ -107.969863891602003, 24.789861679077099 ], [ -107.970695495605, 24.7870826721193 ], [ -107.972640991210994, 24.78763961792 ], [ -107.972640991210994, 24.7904167175293 ], [ -107.969863891602003, 24.789861679077099 ] ] ], [ [ [ -107.976249694824006, 24.796806335449201 ], [ -107.976249694824006, 24.791248321533299 ], [ -107.97819519043, 24.789304733276399 ], [ -107.980697631835994, 24.7920837402344 ], [ -107.976249694824006, 24.796806335449201 ] ] ], [ [ [ -108.059303283690994, 24.8040275573731 ], [ -108.056526184082003, 24.802360534668001 ], [ -108.057083129882997, 24.8012504577637 ], [ -108.062362670897997, 24.804582595825298 ], [ -108.059303283690994, 24.8040275573731 ] ] ], [ [ [ -108.081253051757997, 24.822639465332099 ], [ -108.067916870117003, 24.815416336059599 ], [ -108.062637329102003, 24.807081222534201 ], [ -108.084861755370994, 24.822362899780298 ], [ -108.081253051757997, 24.822639465332099 ] ] ], [ [ [ -108.00569152832, 24.8520832061769 ], [ -108.009307861327997, 24.846248626708899 ], [ -108.017082214355, 24.844030380248999 ], [ -108.011528015137003, 24.8520832061769 ], [ -108.00569152832, 24.8520832061769 ] ] ], [ [ [ -108.096801757812003, 24.867639541626001 ], [ -108.094306945800994, 24.8545837402344 ], [ -108.097358703612997, 24.85013961792 ], [ -108.102912902832003, 24.862638473510799 ], [ -108.096801757812003, 24.867639541626001 ] ] ], [ [ [ -108.037361145019005, 24.895694732666001 ], [ -108.03791809082, 24.894306182861399 ], [ -108.039024353027003, 24.8945827484131 ], [ -108.038192749022997, 24.897083282470799 ], [ -108.037361145019005, 24.895694732666001 ] ] ], [ [ [ -108.088752746582003, 24.875415802002099 ], [ -108.106246948242003, 24.929584503173899 ], [ -108.112083435059006, 24.933471679687599 ], [ -108.106246948242003, 24.9118061065675 ], [ -108.114028930664006, 24.909305572509801 ], [ -108.123191833495994, 24.933750152588001 ], [ -108.133750915527003, 24.947360992431602 ], [ -108.137359619140994, 24.9423637390138 ], [ -108.134864807129006, 24.9490261077881 ], [ -108.146530151367003, 24.961805343628001 ], [ -108.128471374512003, 24.962917327880898 ], [ -108.146530151367003, 24.9659729003906 ], [ -108.151802062987997, 24.960138320922901 ], [ -108.156806945800994, 24.966529846191399 ], [ -108.15576171875, 24.9807529449463 ], [ -108.144302368164006, 24.973472595214901 ], [ -108.132637023925994, 24.996528625488299 ], [ -108.145141601562003, 25.041528701782202 ], [ -108.140975952147997, 25.0506916046143 ], [ -108.117080688477003, 25.0187492370606 ], [ -108.093193054199006, 25.001527786254901 ], [ -108.072914123535, 25.008192062378001 ], [ -108.059028625487997, 24.995973587036101 ], [ -108.06014251709, 24.959306716918899 ], [ -108.039863586425994, 24.929027557373001 ], [ -108.039581298827997, 24.934583663940501 ], [ -108.035697937012003, 24.934583663940501 ], [ -108.049308776855, 24.8237495422363 ], [ -108.089859008789006, 24.837083816528299 ], [ -108.08763885498, 24.846248626708899 ], [ -108.077919006347997, 24.841249465942301 ], [ -108.075416564940994, 24.846527099609499 ], [ -108.080413818359006, 24.8565273284913 ], [ -108.087364196777003, 24.853471755981399 ], [ -108.088752746582003, 24.875415802002099 ] ] ], [ [ [ -108.147361755370994, 24.954584121704102 ], [ -108.143196105957003, 24.9506950378419 ], [ -108.142639160155994, 24.9462509155275 ], [ -108.149307250977003, 24.9523601531982 ], [ -108.147361755370994, 24.954584121704102 ] ] ], [ [ [ -108.003471374512003, 24.960695266723601 ], [ -108.005416870117003, 24.959306716918899 ], [ -108.006530761719006, 24.959306716918899 ], [ -108.00569152832, 24.961250305175799 ], [ -108.003471374512003, 24.960695266723601 ] ] ], [ [ [ -108.164306640625, 24.958471298217798 ], [ -108.102638244629006, 24.883750915527301 ], [ -108.10652923584, 24.858749389648398 ], [ -108.095970153809006, 24.830415725708001 ], [ -108.103469848632997, 24.829584121704201 ], [ -108.092918395995994, 24.8273620605469 ], [ -108.100975036620994, 24.821805953979499 ], [ -108.090393066405994, 24.8223972320557 ], [ -108.089027404785, 24.814582824707099 ], [ -108.118469238280994, 24.829860687255898 ], [ -108.125419616699006, 24.856805801391701 ], [ -108.174583435059006, 24.942916870117202 ], [ -108.232635498047003, 25.026527404785199 ], [ -108.285415649414006, 25.0754165649413 ], [ -108.335418701172003, 25.107639312744201 ], [ -108.332916259765994, 25.124860763549901 ], [ -108.323753356934006, 25.123750686645501 ], [ -108.331527709960994, 25.114027023315501 ], [ -108.31819152832, 25.124584197998001 ], [ -108.319030761719006, 25.1101379394531 ], [ -108.275413513184006, 25.091527938842901 ], [ -108.254585266112997, 25.059858322143601 ], [ -108.235694885254006, 25.054307937622099 ], [ -108.23486328125, 25.044584274291999 ], [ -108.164306640625, 24.958471298217798 ] ] ], [ [ [ -108.164024353027003, 24.9770832061768 ], [ -108.16236114502, 24.970972061157202 ], [ -108.165138244629006, 24.969863891601602 ], [ -108.170135498047003, 24.9745826721193 ], [ -108.164024353027003, 24.9770832061768 ] ] ], [ [ [ -108.009582519530994, 24.9779167175293 ], [ -108.004585266112997, 24.9745826721193 ], [ -108.004859924315994, 24.972917556762699 ], [ -108.01180267334, 24.977361679077099 ], [ -108.009582519530994, 24.9779167175293 ] ] ], [ [ [ -108.193473815917997, 25.0143051147462 ], [ -108.191513061522997, 25.0134792327881 ], [ -108.18514251709, 25.001249313354499 ], [ -108.195137023925994, 25.0159721374513 ], [ -108.193473815917997, 25.0143051147462 ] ] ], [ [ [ -108.070419311522997, 25.0723590850831 ], [ -108.074028015137003, 25.070972442626999 ], [ -108.077079772949006, 25.070972442626999 ], [ -108.071250915527003, 25.073471069336101 ], [ -108.070419311522997, 25.0723590850831 ] ] ], [ [ [ -108.128753662109006, 25.097360610961999 ], [ -108.136528015137003, 25.096250534057699 ], [ -108.137359619140994, 25.098472595215 ], [ -108.128196716309006, 25.0990276336669 ], [ -108.128753662109006, 25.097360610961999 ] ] ], [ [ [ -107.394859313965, 24.2431945800782 ], [ -107.387359619140994, 24.239860534668001 ], [ -107.384582519530994, 24.2340278625488 ], [ -107.398750305175994, 24.2406940460206 ], [ -107.394859313965, 24.2431945800782 ] ] ], [ [ [ -107.511253356934006, 24.367639541626101 ], [ -107.510971069335994, 24.366806030273601 ], [ -107.51180267334, 24.366249084472798 ], [ -107.514030456542997, 24.366806030273601 ], [ -107.511253356934006, 24.367639541626101 ] ] ], [ [ [ -107.512916564940994, 24.382638931274499 ], [ -107.512641906737997, 24.381526947021499 ], [ -107.51513671875, 24.378751754760899 ], [ -107.516525268555, 24.382083892822301 ], [ -107.512916564940994, 24.382638931274499 ] ] ], [ [ [ -107.515975952147997, 24.3965282440187 ], [ -107.511528015137003, 24.3954162597657 ], [ -107.511253356934006, 24.388471603393601 ], [ -107.517639160155994, 24.384860992431602 ], [ -107.515975952147997, 24.3965282440187 ] ] ], [ [ [ -107.520690917969006, 24.3979167938232 ], [ -107.520690917969006, 24.396249771118299 ], [ -107.522636413574006, 24.3970832824707 ], [ -107.52180480957, 24.398750305175799 ], [ -107.520690917969006, 24.3979167938232 ] ] ], [ [ [ -107.505973815917997, 24.413473129272599 ], [ -107.498191833495994, 24.410139083862301 ], [ -107.504302978515994, 24.401807785034201 ], [ -107.513473510742003, 24.409305572509801 ], [ -107.505973815917997, 24.413473129272599 ] ] ], [ [ [ -107.512641906737997, 24.4201393127443 ], [ -107.511528015137003, 24.417358398437599 ], [ -107.512916564940994, 24.415695190429702 ], [ -107.514862060547003, 24.4201393127443 ], [ -107.512641906737997, 24.4201393127443 ] ] ], [ [ [ -107.628753662109006, 24.44069480896 ], [ -107.621246337890994, 24.438749313354499 ], [ -107.620697021484006, 24.4370841979982 ], [ -107.62735748291, 24.436527252197401 ], [ -107.628753662109006, 24.44069480896 ] ] ], [ [ [ -107.569862365722997, 24.452915191650501 ], [ -107.57152557373, 24.451250076293899 ], [ -107.574028015137003, 24.4534721374513 ], [ -107.570419311522997, 24.455137252807599 ], [ -107.569862365722997, 24.452915191650501 ] ] ], [ [ [ -107.566253662109006, 24.4587516784669 ], [ -107.565139770507997, 24.457359313964901 ], [ -107.567359924315994, 24.454860687255799 ], [ -107.569305419922003, 24.4570827484131 ], [ -107.566253662109006, 24.4587516784669 ] ] ], [ [ [ -107.642639160155994, 24.460416793823399 ], [ -107.639030456542997, 24.4612503051757 ], [ -107.634864807129006, 24.454025268554702 ], [ -107.640975952147997, 24.454860687255799 ], [ -107.642639160155994, 24.460416793823399 ] ] ], [ [ [ -107.562919616699006, 24.463193893432699 ], [ -107.562637329102003, 24.460416793823399 ], [ -107.563751220702997, 24.459583282470799 ], [ -107.564582824707003, 24.463750839233398 ], [ -107.562919616699006, 24.463193893432699 ] ] ], [ [ [ -107.548469543457003, 24.4659729003907 ], [ -107.550140380859006, 24.4643058776856 ], [ -107.551528930664006, 24.4651393890381 ], [ -107.549308776855, 24.467361450195298 ], [ -107.548469543457003, 24.4659729003907 ] ] ], [ [ [ -107.659027099609006, 24.480138778686499 ], [ -107.658790588379006, 24.4762496948243 ], [ -107.659858703612997, 24.473194122314499 ], [ -107.661529541015994, 24.480138778686499 ], [ -107.659027099609006, 24.480138778686499 ] ] ], [ [ [ -107.549583435057997, 24.476804733276499 ], [ -107.550971984862997, 24.4762496948243 ], [ -107.551803588867003, 24.477361679077301 ], [ -107.548469543457003, 24.478193283081101 ], [ -107.549583435057997, 24.476804733276499 ] ] ], [ [ [ -107.564308166504006, 24.4787502288818 ], [ -107.563194274902003, 24.476804733276499 ], [ -107.567916870117003, 24.479028701782301 ], [ -107.56485748291, 24.479860305786101 ], [ -107.564308166504006, 24.4787502288818 ] ] ], [ [ [ -107.576530456542997, 24.505695343017599 ], [ -107.552635192870994, 24.4976406097412 ], [ -107.555969238280994, 24.4823608398438 ], [ -107.547920227050994, 24.483194351196399 ], [ -107.535415649414006, 24.475139617919901 ], [ -107.550971984862997, 24.480415344238299 ], [ -107.555137634277003, 24.472084045410298 ], [ -107.558471679687997, 24.4709701538087 ], [ -107.557357788085994, 24.494583129882901 ], [ -107.589302062987997, 24.4995841979981 ], [ -107.576530456542997, 24.505695343017599 ] ] ], [ [ [ -107.548469543457003, 24.4931945800782 ], [ -107.548469543457003, 24.490417480468899 ], [ -107.549308776855, 24.490417480468899 ], [ -107.549858093262003, 24.492639541626001 ], [ -107.548469543457003, 24.4931945800782 ] ] ], [ [ [ -107.589027404785, 24.5051383972169 ], [ -107.590972900390994, 24.504583358764702 ], [ -107.590972900390994, 24.507083892822401 ], [ -107.589027404785, 24.506526947021602 ], [ -107.589027404785, 24.5051383972169 ] ] ], [ [ [ -107.550971984862997, 24.5059719085694 ], [ -107.55403137207, 24.506526947021602 ], [ -107.554580688477003, 24.5079154968262 ], [ -107.551246643065994, 24.507638931274499 ], [ -107.550971984862997, 24.5059719085694 ] ] ], [ [ [ -107.574859619140994, 24.514305114746101 ], [ -107.572364807129006, 24.512916564941499 ], [ -107.571807861327997, 24.5104160308838 ], [ -107.578193664550994, 24.511529922485401 ], [ -107.574859619140994, 24.514305114746101 ] ] ], [ [ [ -107.813751220702997, 24.537082672119102 ], [ -107.806251525879006, 24.534584045410199 ], [ -107.819030761719006, 24.529027938842798 ], [ -107.825973510742003, 24.5368061065675 ], [ -107.813751220702997, 24.537082672119102 ] ] ], [ [ [ -105.685417175292997, 22.4768047332763 ], [ -105.687919616699006, 22.474027633666999 ], [ -105.68985748291, 22.474027633666999 ], [ -105.68514251709, 22.480140686035199 ], [ -105.685417175292997, 22.4768047332763 ] ] ], [ [ [ -105.680419921875, 22.493473052978601 ], [ -105.677360534667997, 22.487361907958999 ], [ -105.683197021484006, 22.475694656372202 ], [ -105.683197021484006, 22.4956951141357 ], [ -105.680419921875, 22.493473052978601 ] ] ], [ [ [ -105.682640075684006, 22.601528167724599 ], [ -105.681526184082003, 22.6193046569825 ], [ -105.703193664550994, 22.637916564941499 ], [ -105.700416564940994, 22.647638320922901 ], [ -105.67569732666, 22.6426391601562 ], [ -105.659027099609006, 22.612361907958899 ], [ -105.667915344237997, 22.586526870727699 ], [ -105.676803588867003, 22.583471298217798 ], [ -105.682640075684006, 22.601528167724599 ] ] ], [ [ [ -106.462913513184006, 23.2254161834718 ], [ -106.464302062987997, 23.223749160766701 ], [ -106.465698242187003, 23.223472595214901 ], [ -106.463470458984006, 23.2279167175293 ], [ -106.462913513184006, 23.2254161834718 ] ] ], [ [ [ -106.46541595459, 23.2370834350587 ], [ -106.463470458984006, 23.2368068695069 ], [ -106.463470458984006, 23.228748321533299 ], [ -106.470413208007997, 23.233192443847699 ], [ -106.46541595459, 23.2370834350587 ] ] ], [ [ [ -106.473197937012003, 23.257083892822301 ], [ -106.474029541015994, 23.250972747802699 ], [ -106.479309082030994, 23.250139236450099 ], [ -106.479026794434006, 23.257360458374102 ], [ -106.473197937012003, 23.257083892822301 ] ] ], [ [ [ -107.160415649414006, 24.125972747802798 ], [ -107.164581298827997, 24.123193740844702 ], [ -107.166526794434006, 24.123193740844702 ], [ -107.16291809082, 24.127916336059599 ], [ -107.160415649414006, 24.125972747802798 ] ] ], [ [ [ -107.168746948242003, 24.1290283203125 ], [ -107.169303894042997, 24.1256942749025 ], [ -107.172080993652003, 24.126249313354599 ], [ -107.171806335449006, 24.129583358764599 ], [ -107.168746948242003, 24.1290283203125 ] ] ], [ [ [ -107.170974731445, 24.1334724426269 ], [ -107.172920227050994, 24.1290283203125 ], [ -107.176528930664006, 24.129583358764599 ], [ -107.176803588867003, 24.132360458374102 ], [ -107.170974731445, 24.1334724426269 ] ] ], [ [ [ -107.16569519043, 24.134025573730501 ], [ -107.167083740234006, 24.136249542236399 ], [ -107.163749694824006, 24.136249542236399 ], [ -107.163749694824006, 24.1337509155275 ], [ -107.16569519043, 24.134025573730501 ] ] ], [ [ [ -107.299026489257997, 24.176528930664102 ], [ -107.198196411132997, 24.105415344238299 ], [ -107.402641296387003, 24.229305267333999 ], [ -107.409858703612997, 24.234861373901399 ], [ -107.410697937012003, 24.2370834350587 ], [ -107.364303588867003, 24.223749160766701 ], [ -107.299026489257997, 24.176528930664102 ] ] ], [ [ [ -107.354309082030994, 24.2223606109619 ], [ -107.352638244629006, 24.220972061157202 ], [ -107.352912902832003, 24.2198600769044 ], [ -107.355972290039006, 24.223194122314499 ], [ -107.354309082030994, 24.2223606109619 ] ] ], [ [ [ -107.360969543457003, 24.227361679077099 ], [ -107.357635498047003, 24.221805572509801 ], [ -107.368751525879006, 24.226526260376001 ], [ -107.364028930664006, 24.228195190429702 ], [ -107.360969543457003, 24.227361679077099 ] ] ] ] } },
{ "type": "Feature", "properties": { "NAME_1": "Sonora" }, "geometry": { "type": "MultiPolygon", "coordinates": [ [ [ [ -111.367500305175994, 27.951993942260899 ], [ -111.38444519043, 27.9647216796875 ], [ -111.388938903809006, 27.985443115234499 ], [ -111.373954772949006, 27.971269607543899 ], [ -111.367500305175994, 27.951993942260899 ] ] ], [ [ [ -111.450553894042997, 28.365833282470799 ], [ -111.453056335449006, 28.364444732666101 ], [ -111.453887939452997, 28.366943359375 ], [ -111.453330993652003, 28.367221832275298 ], [ -111.450553894042997, 28.365833282470799 ] ] ], [ [ [ -112.303817749022997, 28.388334274291999 ], [ -112.297027587890994, 28.3859481811525 ], [ -112.29972076416, 28.3722229003907 ], [ -112.320274353027003, 28.375833511352599 ], [ -112.320556640625, 28.382776260376101 ], [ -112.303817749022997, 28.388334274291999 ] ] ], [ [ [ -112.297241210937003, 28.388334274291999 ], [ -112.296363830565994, 28.388465881347798 ], [ -112.296585083007997, 28.3865051269532 ], [ -112.297607421875, 28.3872890472412 ], [ -112.297241210937003, 28.388334274291999 ] ] ], [ [ [ -112.29638671875, 28.7347202301025 ], [ -112.282501220702997, 28.714721679687599 ], [ -112.285835266112997, 28.7091674804688 ], [ -112.291130065917997, 28.712465286254901 ], [ -112.29638671875, 28.7347202301025 ] ] ], [ [ [ -112.306945800780994, 28.737499237060501 ], [ -112.305953979492003, 28.739322662353601 ], [ -112.303886413574006, 28.7380561828613 ], [ -112.305557250975994, 28.7355556488038 ], [ -112.306945800780994, 28.737499237060501 ] ] ], [ [ [ -111.898056030272997, 28.785276412963899 ], [ -111.896110534667997, 28.784166336059599 ], [ -111.896385192870994, 28.7825641632081 ], [ -111.898330688477003, 28.783889770507798 ], [ -111.898056030272997, 28.785276412963899 ] ] ], [ [ [ -111.914016723632997, 28.796327590942301 ], [ -111.91283416748, 28.794500350952301 ], [ -111.912544250487997, 28.792671203613299 ], [ -111.913497924805, 28.793521881103501 ], [ -111.914016723632997, 28.796327590942301 ] ] ], [ [ [ -111.894889831542997, 28.796482086181701 ], [ -111.894226074219006, 28.795696258545 ], [ -111.897537231445, 28.794654846191499 ], [ -111.897247314452997, 28.7970066070557 ], [ -111.894889831542997, 28.796482086181701 ] ] ], [ [ [ -111.913330078125, 28.7999973297119 ], [ -111.916946411132997, 28.802219390869201 ], [ -111.910842895507997, 28.804553985595799 ], [ -111.912223815917997, 28.801109313964801 ], [ -111.913330078125, 28.7999973297119 ] ] ], [ [ [ -111.909301757812003, 28.803825378418001 ], [ -111.91170501709, 28.806266784668001 ], [ -111.911560058594006, 28.806594848632798 ], [ -111.908493041992003, 28.805522918701101 ], [ -111.909301757812003, 28.803825378418001 ] ] ], [ [ [ -111.971710205077997, 28.8076705932618 ], [ -111.971046447754006, 28.812078475952099 ], [ -111.963729858397997, 28.8160095214844 ], [ -111.965278625487997, 28.8097229003907 ], [ -111.971710205077997, 28.8076705932618 ] ] ], [ [ [ -111.92138671875, 28.8097229003907 ], [ -111.923889160155994, 28.812780380249102 ], [ -111.921669006347997, 28.816667556762798 ], [ -111.91805267334, 28.8099994659425 ], [ -111.92138671875, 28.8097229003907 ] ] ], [ [ [ -112.499183654785, 28.834722518921001 ], [ -112.58472442627, 28.876665115356399 ], [ -112.514389038085994, 28.917938232421999 ], [ -112.487731933594006, 28.956499099731602 ], [ -112.490875244140994, 28.9837322235107 ], [ -112.50666809082, 29.013334274291999 ], [ -112.500946044922003, 29.049207687377901 ], [ -112.506385803222997, 29.063056945800898 ], [ -112.494300842285, 29.073478698730501 ], [ -112.47777557373, 29.167499542236399 ], [ -112.448890686035, 29.199857711791999 ], [ -112.407577514647997, 29.1867904663087 ], [ -112.360557556152003, 29.220556259155401 ], [ -112.298057556152003, 29.223611831665 ], [ -112.272079467772997, 29.2451171875 ], [ -112.265357971190994, 29.2459411621094 ], [ -112.275695800780994, 29.2393798828125 ], [ -112.27392578125, 29.2328777313232 ], [ -112.283203125, 29.233261108398398 ], [ -112.292503356934006, 29.221666336059499 ], [ -112.280281066894005, 29.2211112976075 ], [ -112.279441833495994, 29.2069416046144 ], [ -112.260833740234006, 29.193056106567301 ], [ -112.270835876465, 29.184444427490298 ], [ -112.264167785644005, 29.178613662719702 ], [ -112.274444580077997, 29.165830612182699 ], [ -112.274719238280994, 29.138612747192401 ], [ -112.233055114745994, 29.092222213745199 ], [ -112.203887939452997, 29.024999618530298 ], [ -112.195259094237997, 29.0218009948732 ], [ -112.194999694824006, 29.0052776336669 ], [ -112.211669921875, 28.993055343628001 ], [ -112.215835571289006, 28.960277557373001 ], [ -112.196662902832003, 28.978889465332099 ], [ -112.189163208007997, 28.976942062378001 ], [ -112.214447021484006, 28.957221984863398 ], [ -112.229446411132997, 28.903610229492301 ], [ -112.241889953612997, 28.8902778625488 ], [ -112.238891601562003, 28.871665954589801 ], [ -112.256469726562003, 28.857578277588001 ], [ -112.274459838867003, 28.8168621063232 ], [ -112.273025512695, 28.783863067626999 ], [ -112.252479553222997, 28.767442703247099 ], [ -112.278991699219006, 28.768764495849599 ], [ -112.309722900390994, 28.74666595459 ], [ -112.328056335449006, 28.763055801391701 ], [ -112.358657836914006, 28.759334564209102 ], [ -112.365234375, 28.773515701293999 ], [ -112.384674072265994, 28.7762374877931 ], [ -112.407218933105, 28.799444198608501 ], [ -112.460556030272997, 28.8016662597656 ], [ -112.471389770507997, 28.820554733276399 ], [ -112.49388885498, 28.821945190429702 ], [ -112.499183654785, 28.834722518921001 ] ] ], [ [ [ -112.167205810547003, 29.010198593139801 ], [ -112.167060852050994, 29.0116271972656 ], [ -112.163955688477003, 29.012407302856602 ], [ -112.164100646972997, 29.0116271972656 ], [ -112.167205810547003, 29.010198593139801 ] ] ], [ [ [ -112.264602661132997, 29.1827602386475 ], [ -112.261650085449006, 29.181526184082099 ], [ -112.261505126952997, 29.1808776855469 ], [ -112.264755249022997, 29.18074798584 ], [ -112.264602661132997, 29.1827602386475 ] ] ], [ [ [ -112.268157958984006, 29.216182708740199 ], [ -112.266906738280994, 29.2155990600587 ], [ -112.270523071289006, 29.2143669128419 ], [ -112.275032043457003, 29.215921401977699 ], [ -112.268157958984006, 29.216182708740199 ] ] ], [ [ [ -112.277099609375, 29.2186508178712 ], [ -112.276588439940994, 29.220794677734499 ], [ -112.273849487305, 29.221185684204201 ], [ -112.27473449707, 29.2187824249269 ], [ -112.277099609375, 29.2186508178712 ] ] ], [ [ [ -112.281845092772997, 29.230329513549901 ], [ -112.281692504882997, 29.2315883636475 ], [ -112.279769897460994, 29.229639053344801 ], [ -112.280654907227003, 29.230094909668001 ], [ -112.281845092772997, 29.230329513549901 ] ] ], [ [ [ -112.455833435059006, 29.270002365112401 ], [ -112.462501525879006, 29.266111373901399 ], [ -112.46305847168, 29.274166107177699 ], [ -112.459999084472997, 29.274999618530298 ], [ -112.455833435059006, 29.270002365112401 ] ] ], [ [ [ -112.377502441405994, 29.3269443511962 ], [ -112.409912109375, 29.344102859497202 ], [ -112.421417236327997, 29.375829696655401 ], [ -112.381561279297003, 29.451278686523398 ], [ -112.378135681152003, 29.4791278839112 ], [ -112.38444519043, 29.493055343628001 ], [ -112.430145263672003, 29.5193061828613 ], [ -112.429092407227003, 29.546537399292099 ], [ -112.436668395995994, 29.560556411743299 ], [ -112.507125854492003, 29.620426177978601 ], [ -112.543334960937997, 29.688888549804801 ], [ -112.580558776855, 29.7114868164062 ], [ -112.606391906737997, 29.778888702392599 ], [ -112.651962280272997, 29.834989547729499 ], [ -112.651107788085994, 29.863889694213899 ], [ -112.665000915527003, 29.890834808349599 ], [ -112.683570861815994, 29.904293060302798 ], [ -112.712501525879006, 29.910278320312599 ], [ -112.731079101562003, 29.902898788452099 ], [ -112.747497558594006, 29.915002822876001 ], [ -112.732780456542997, 30.0 ], [ -112.761619567870994, 30.0617980957031 ], [ -112.753402709960994, 30.116640090942401 ], [ -112.755874633789006, 30.1869506835938 ], [ -112.77335357666, 30.222129821777401 ], [ -112.809616088867003, 30.258422851562599 ], [ -112.837623596190994, 30.270736694336001 ], [ -112.857223510742003, 30.263055801391701 ], [ -112.864723205565994, 30.268611907959102 ], [ -112.851173400879006, 30.287269592285199 ], [ -112.846885681152003, 30.348108291626101 ], [ -112.856666564940994, 30.395832061767699 ], [ -112.892219543457003, 30.4527778625488 ], [ -112.883331298827997, 30.446945190429702 ], [ -112.879447937012003, 30.447778701782301 ], [ -112.961669921875, 30.5191669464112 ], [ -112.992500305175994, 30.5347213745118 ], [ -113.09139251709, 30.69388961792 ], [ -113.104331970215, 30.755443572998001 ], [ -113.12801361084, 30.813219070434599 ], [ -113.113609313965, 30.836666107177699 ], [ -113.098892211914006, 30.891666412353601 ], [ -113.093330383300994, 30.9638862609863 ], [ -113.128890991210994, 31.057500839233501 ], [ -113.123336791992003, 31.065555572509801 ], [ -113.114440917969006, 31.0363883972168 ], [ -113.106391906737997, 31.030834197998001 ], [ -113.105834960937997, 31.019998550415099 ], [ -113.098892211914006, 31.011388778686602 ], [ -113.096664428710994, 30.9958305358887 ], [ -113.088607788085994, 30.9827785491944 ], [ -113.090225219727003, 30.991176605224599 ], [ -113.05638885498, 31.032497406006001 ], [ -113.054725646972997, 31.0680541992188 ], [ -113.074996948242003, 31.136110305786101 ], [ -113.07527923584, 31.144443511962901 ], [ -113.068336486815994, 31.138334274291999 ], [ -113.06916809082, 31.144443511962901 ], [ -113.076942443847997, 31.1524982452393 ], [ -113.065277099609006, 31.151945114135899 ], [ -113.061111450195, 31.1569442749025 ], [ -113.070556640625, 31.157499313354599 ], [ -113.0625, 31.159721374511701 ], [ -113.086669921875, 31.157499313354599 ], [ -113.101669311522997, 31.1986103057862 ], [ -113.128608703612997, 31.216110229492301 ], [ -113.114723205565994, 31.1986103057862 ], [ -113.113334655762003, 31.1836128234863 ], [ -113.189445495605, 31.218887329101602 ], [ -113.209167480469006, 31.2355556488037 ], [ -113.214996337890994, 31.258054733276399 ], [ -113.232223510742003, 31.267778396606499 ], [ -113.241943359375, 31.2627773284913 ], [ -113.253608703612997, 31.2761135101319 ], [ -113.251388549805, 31.281665802001999 ], [ -113.255279541015994, 31.285278320312599 ], [ -113.253608703612997, 31.278888702392599 ], [ -113.260559082030994, 31.2808341979982 ], [ -113.252502441405994, 31.261390686035199 ], [ -113.271667480469006, 31.2608337402344 ], [ -113.274169921875, 31.258333206176701 ], [ -113.221664428710994, 31.2408332824706 ], [ -113.263336181640994, 31.242221832275401 ], [ -113.419998168945, 31.275278091430799 ], [ -113.428886413574006, 31.281389236450298 ], [ -113.406669616699006, 31.282222747802699 ], [ -113.438888549805, 31.293888092041001 ], [ -113.451667785644005, 31.290277481079201 ], [ -113.436668395995994, 31.285833358764801 ], [ -113.442497253417997, 31.278888702392599 ], [ -113.545280456542997, 31.295833587646499 ], [ -113.553337097167997, 31.304723739624102 ], [ -113.545280456542997, 31.304166793823399 ], [ -113.544166564940994, 31.305835723877099 ], [ -113.561111450195, 31.318889617919901 ], [ -113.624168395995994, 31.3272228240968 ], [ -113.644721984862997, 31.343889236450298 ], [ -113.611389160155994, 31.342220306396499 ], [ -113.613891601562003, 31.377500534057599 ], [ -113.636665344237997, 31.431943893432699 ], [ -113.635276794434006, 31.438888549804801 ], [ -113.632774353027003, 31.4258346557618 ], [ -113.630279541015994, 31.4230556488037 ], [ -113.634162902832003, 31.459997177124102 ], [ -113.655830383300994, 31.491666793823399 ], [ -113.703056335449006, 31.524723052978601 ], [ -113.784446716309006, 31.554998397827301 ], [ -113.777778625487997, 31.5633335113525 ], [ -113.803886413574006, 31.5613727569581 ], [ -113.848335266112997, 31.585556030273601 ], [ -113.840278625487997, 31.587499618530298 ], [ -113.847434997559006, 31.590280532836999 ], [ -113.844444274902003, 31.599723815918001 ], [ -113.875831604004006, 31.5877780914307 ], [ -113.876663208007997, 31.6052761077881 ], [ -113.882499694824006, 31.6030578613282 ], [ -113.876388549805, 31.609443664550799 ], [ -113.897224426269005, 31.599445343017599 ], [ -113.903053283690994, 31.6241664886475 ], [ -113.921943664550994, 31.627222061157202 ], [ -113.91194152832, 31.6124992370606 ], [ -113.921112060547003, 31.601667404174901 ], [ -113.935836791992003, 31.6052761077881 ], [ -113.948608398437003, 31.6230564117432 ], [ -113.954719543457003, 31.613056182861399 ], [ -113.960556030272997, 31.616945266723601 ], [ -113.959167480469006, 31.630556106567401 ], [ -113.964721679687997, 31.625553131103501 ], [ -113.968330383300994, 31.633611679077099 ], [ -113.963607788085994, 31.644443511962901 ], [ -113.964996337890994, 31.646387100219801 ], [ -113.97777557373, 31.638889312744102 ], [ -113.974975585937997, 31.594726562500099 ], [ -113.984664916992003, 31.584144592285199 ], [ -113.995231628417997, 31.592828750610501 ], [ -113.998054504395, 31.590555191040199 ], [ -113.982009887695, 31.576322555542099 ], [ -113.988609313965, 31.571388244628999 ], [ -113.980278015137003, 31.573610305786101 ], [ -113.995277404785, 31.567222595215 ], [ -113.968612670897997, 31.578332901001101 ], [ -113.959716796875, 31.560302734375099 ], [ -113.979721069335994, 31.5472221374512 ], [ -113.985595703125, 31.529479980468899 ], [ -114.003295898437997, 31.523925781250099 ], [ -114.013893127440994, 31.536945343017599 ], [ -114.031639099120994, 31.54225730896 ], [ -114.011901855469006, 31.532777786255 ], [ -114.030830383300994, 31.5091667175294 ], [ -114.019409179687003, 31.520874023437599 ], [ -114.025276184082003, 31.492223739624102 ], [ -114.170829772949006, 31.497777938842901 ], [ -114.27278137207, 31.5427780151368 ], [ -114.325012207030994, 31.582275390625099 ], [ -114.333618164062003, 31.597898483276499 ], [ -114.444725036620994, 31.648889541626001 ], [ -114.463592529297003, 31.670337677002099 ], [ -114.49333190918, 31.6758327484131 ], [ -114.528877258300994, 31.699722290039102 ], [ -114.552780151367003, 31.734167098998999 ], [ -114.586380004882997, 31.753934860229599 ], [ -114.703186035155994, 31.7672729492188 ], [ -114.72615814209, 31.779514312744102 ], [ -114.742309570312003, 31.8042812347413 ], [ -114.760620117187997, 31.818115234375 ], [ -114.811889648437003, 31.8233032226562 ], [ -114.836242675780994, 31.8491725921631 ], [ -114.897216796875, 31.8856811523438 ], [ -114.932678222655994, 31.8970947265625 ], [ -114.969787597655994, 31.923095703125099 ], [ -114.98828125, 31.9188842773438 ], [ -115.030212402344006, 31.957275390625099 ], [ -115.002075195312003, 31.984312057495199 ], [ -115.012023925780994, 32.0175170898438 ], [ -114.996704101562003, 32.0667114257813 ], [ -114.994873046875, 32.108520507812599 ], [ -115.006713867187003, 32.147277832031399 ], [ -114.981994628905994, 32.2092895507812 ], [ -114.992370605469006, 32.233093261718899 ], [ -115.0283203125, 32.2612915039063 ], [ -115.039428710937003, 32.284912109375099 ], [ -114.981506347655994, 32.335876464843899 ], [ -114.96556854248, 32.3595199584962 ], [ -114.963500976562003, 32.404907226562599 ], [ -114.94458770752, 32.421749114990298 ], [ -114.945671081542997, 32.438629150390703 ], [ -114.926727294922003, 32.464019775390703 ], [ -114.920593261719006, 32.4912719726563 ], [ -114.870178222655994, 32.492492675781399 ], [ -114.84228515625, 32.4774780273438 ], [ -114.822875976562003, 32.484497070312599 ], [ -114.815460205077997, 32.496078491211001 ], [ -112.604850769042997, 31.8155326843262 ], [ -111.072807312012003, 31.329170227050799 ], [ -108.77214050293, 31.332765579223601 ], [ -108.730293273925994, 31.296901702880799 ], [ -108.728973388672003, 31.2865009307862 ], [ -108.768058776855, 31.2530708312988 ], [ -108.747200012207003, 31.187370300293001 ], [ -108.703926086425994, 31.134950637817401 ], [ -108.68628692627, 31.101112365722599 ], [ -108.671882629395, 31.034549713134801 ], [ -108.693061828612997, 30.981939315796001 ], [ -108.684432983397997, 30.947330474853501 ], [ -108.688690185547003, 30.930580139160298 ], [ -108.747688293457003, 30.929620742797901 ], [ -108.756050109862997, 30.920030593872099 ], [ -108.754776000977003, 30.904529571533299 ], [ -108.740547180175994, 30.884069442748999 ], [ -108.700996398925994, 30.864580154418999 ], [ -108.677871704102003, 30.833972930908299 ], [ -108.645523071289006, 30.813550949096701 ], [ -108.642150878905994, 30.729740142822301 ], [ -108.601440429687997, 30.704019546508899 ], [ -108.627532958984006, 30.6421298980713 ], [ -108.628150939940994, 30.6231594085694 ], [ -108.579986572265994, 30.573829650878999 ], [ -108.586517333984006, 30.534349441528299 ], [ -108.556617736815994, 30.4794006347657 ], [ -108.551956176757997, 30.429651260376001 ], [ -108.527778625487997, 30.395441055297798 ], [ -108.503273010254006, 30.303169250488299 ], [ -108.506523132324006, 30.2604999542237 ], [ -108.515296936035, 30.246770858764599 ], [ -108.549102783202997, 30.228548049926701 ], [ -108.552932739257997, 30.212619781494102 ], [ -108.542846679687997, 30.194240570068501 ], [ -108.481163024902003, 30.138349533081101 ], [ -108.485107421875, 30.109371185302798 ], [ -108.538459777832003, 30.010280609130898 ], [ -108.543746948242003, 29.899959564208899 ], [ -108.561378479004006, 29.838600158691499 ], [ -108.545936584472997, 29.813940048217901 ], [ -108.513656616210994, 29.809040069580099 ], [ -108.494827270507997, 29.7847595214844 ], [ -108.48738861084, 29.666940689086999 ], [ -108.467185974120994, 29.567100524902301 ], [ -108.464202880859006, 29.480791091918999 ], [ -108.498802185059006, 29.438341140746999 ], [ -108.505142211914006, 29.4068717956544 ], [ -108.495498657227003, 29.203550338745199 ], [ -108.506790161132997, 29.1904602050782 ], [ -108.551170349120994, 29.177852630615199 ], [ -108.561912536620994, 29.1670608520507 ], [ -108.56965637207, 29.137008666992202 ], [ -108.565795898437003, 29.0725708007813 ], [ -108.616203308105, 29.042341232299801 ], [ -108.62491607666, 29.028551101684599 ], [ -108.624389648437997, 28.993680953979499 ], [ -108.603622436522997, 28.946170806884801 ], [ -108.632843017577997, 28.912479400634901 ], [ -108.639808654785, 28.884750366211101 ], [ -108.622489929199006, 28.816440582275401 ], [ -108.608657836914006, 28.800859451294102 ], [ -108.629470825195, 28.778480529785298 ], [ -108.667259216309006, 28.7086086273194 ], [ -108.675025939940994, 28.671871185302699 ], [ -108.669738769530994, 28.641839981079102 ], [ -108.637130737305, 28.5890502929688 ], [ -108.660316467285, 28.527509689331101 ], [ -108.654136657715, 28.4922199249268 ], [ -108.603706359862997, 28.4409503936769 ], [ -108.505332946777003, 28.401639938354499 ], [ -108.530715942382997, 28.364681243896602 ], [ -108.57341003418, 28.357812881469801 ], [ -108.615379333495994, 28.3118629455568 ], [ -108.660057067870994, 28.312219619751101 ], [ -108.713180541992003, 28.2745895385743 ], [ -108.734657287597997, 28.2782802581788 ], [ -108.807670593262003, 28.3261108398437 ], [ -108.830070495605, 28.326900482177798 ], [ -108.888153076172003, 28.2970294952393 ], [ -108.988998413085994, 28.279462814331101 ], [ -109.031387329102003, 28.223068237304801 ], [ -109.02303314209, 28.2088527679444 ], [ -108.967376708984006, 28.176670074462798 ], [ -108.957153320312003, 28.163499832153299 ], [ -108.984916687012003, 28.101261138916101 ], [ -108.984336853027003, 28.073490142822202 ], [ -108.972206115722997, 28.0529708862306 ], [ -108.952560424805, 28.038030624389801 ], [ -108.895767211914006, 28.022609710693398 ], [ -108.858222961425994, 27.961410522461101 ], [ -108.806396484375, 27.903671264648398 ], [ -108.79744720459, 27.8578186035157 ], [ -108.825675964355, 27.7706527709962 ], [ -108.804779052734006, 27.747688293457099 ], [ -108.750205993652003, 27.727340698242301 ], [ -108.687469482422003, 27.682071685791101 ], [ -108.66690826416, 27.613002777099702 ], [ -108.62377166748, 27.5536193847657 ], [ -108.559036254882997, 27.4063110351563 ], [ -108.565277099609006, 27.3443298339844 ], [ -108.58674621582, 27.280950546264702 ], [ -108.612396240234006, 27.2363605499268 ], [ -108.611122131347997, 27.198118209838899 ], [ -108.590270996094006, 27.129962921142599 ], [ -108.603149414062003, 27.109582901001001 ], [ -108.625022888184006, 27.1043510437013 ], [ -108.625328063965, 27.093441009521602 ], [ -108.595329284667997, 27.071281433105501 ], [ -108.481056213379006, 27.023330688476602 ], [ -108.400405883789006, 27.0458908081056 ], [ -108.329742431640994, 27.0316905975343 ], [ -108.328765869140994, 27.0012111663819 ], [ -108.342247009277003, 26.9681205749513 ], [ -108.381385803222997, 26.913810729980501 ], [ -108.42504119873, 26.876489639282301 ], [ -108.470176696777003, 26.822870254516701 ], [ -108.472930908202997, 26.807970046997099 ], [ -108.453201293945, 26.754209518432699 ], [ -108.455429077147997, 26.739509582519599 ], [ -108.514068603515994, 26.726369857788001 ], [ -108.537162780762003, 26.713171005249102 ], [ -108.595092773437003, 26.5964584350587 ], [ -108.611938476562003, 26.580869674682599 ], [ -108.651168823242003, 26.577882766723601 ], [ -108.679977416992003, 26.563529968261701 ], [ -108.783332824707003, 26.540218353271499 ], [ -108.793395996094006, 26.5223808288575 ], [ -108.78865814209, 26.4576511383057 ], [ -108.798278808594006, 26.424848556518601 ], [ -108.868881225585994, 26.409360885620199 ], [ -108.920455932617003, 26.3673706054688 ], [ -109.023658752440994, 26.3196105957031 ], [ -109.046401977539006, 26.300621032714901 ], [ -109.059898376465, 26.313571929931602 ], [ -109.055686950684006, 26.3401794433593 ], [ -109.079086303710994, 26.3408603668213 ], [ -109.085891723632997, 26.374410629272599 ], [ -109.105476379394005, 26.3949794769288 ], [ -109.125358581542997, 26.402830123901499 ], [ -109.113212585449006, 26.374841690063501 ], [ -109.147216796875, 26.368770599365298 ], [ -109.14714050293, 26.41854095459 ], [ -109.158653259277003, 26.440040588378999 ], [ -109.170608520507997, 26.430070877075099 ], [ -109.164512634277003, 26.377254486084102 ], [ -109.18138885498, 26.385555267333999 ], [ -109.183052062987997, 26.396110534668001 ], [ -109.19750213623, 26.397499084472699 ], [ -109.199722290039006, 26.405275344848601 ], [ -109.207496643065994, 26.408611297607401 ], [ -109.181663513184006, 26.377500534057699 ], [ -109.188613891602003, 26.3580551147462 ], [ -109.200836181640994, 26.364444732666101 ], [ -109.238891601562003, 26.402778625488299 ], [ -109.242500305175994, 26.4430541992188 ], [ -109.236114501952997, 26.453611373901499 ], [ -109.250274658202997, 26.474445343017599 ], [ -109.25666809082, 26.4730548858643 ], [ -109.247222900390994, 26.456111907958999 ], [ -109.253051757812003, 26.452499389648601 ], [ -109.247497558594006, 26.383333206176701 ], [ -109.259162902832003, 26.319166183471701 ], [ -109.252777099609006, 26.430555343627901 ], [ -109.273887634277003, 26.5155563354493 ], [ -109.310279846190994, 26.565834045410199 ], [ -109.357223510742003, 26.5980548858644 ], [ -109.404998779297003, 26.655277252197301 ], [ -109.485557556152003, 26.683055877685501 ], [ -109.431663513182997, 26.670000076294102 ], [ -109.43138885498, 26.6891689300538 ], [ -109.441947937012003, 26.694166183471701 ], [ -109.438613891602003, 26.712776184082099 ], [ -109.473892211914006, 26.718055725097699 ], [ -109.483055114745994, 26.743890762329102 ], [ -109.508331298827997, 26.721666336059702 ], [ -109.511108398437997, 26.7566661834718 ], [ -109.527778625487997, 26.758611679077099 ], [ -109.55583190918, 26.716943740844702 ], [ -109.543891906737997, 26.705833435058601 ], [ -109.529342651367003, 26.703411102295 ], [ -109.536666870117003, 26.708889007568398 ], [ -109.527778625487997, 26.7119445800781 ], [ -109.508613586425994, 26.704444885253999 ], [ -109.541389465332003, 26.690834045410199 ], [ -109.55583190918, 26.691270828247099 ], [ -109.561943054199006, 26.698888778686602 ], [ -109.564720153809006, 26.7002773284912 ], [ -109.564720153809006, 26.699722290038999 ], [ -109.556114196777003, 26.6902770996094 ], [ -109.493614196777003, 26.678333282470799 ], [ -109.49388885498, 26.670833587646499 ], [ -109.561668395995994, 26.6894435882569 ], [ -109.645278930664006, 26.696111679077099 ], [ -109.662780761719006, 26.687498092651399 ], [ -109.663055419922003, 26.674444198608501 ], [ -109.675834655762003, 26.673610687255898 ], [ -109.768890380859006, 26.7091674804688 ], [ -109.794723510742003, 26.729444503784201 ], [ -109.779724121094006, 26.729722976684599 ], [ -109.778335571289006, 26.732500076293999 ], [ -109.79027557373, 26.730556488037099 ], [ -109.791114807129006, 26.743890762329102 ], [ -109.791946411132997, 26.730279922485298 ], [ -109.804725646972997, 26.7372226715088 ], [ -109.83472442627, 26.766666412353601 ], [ -109.830558776855, 26.7636108398437 ], [ -109.824165344237997, 26.7652778625488 ], [ -109.822219848632997, 26.7672214508057 ], [ -109.824996948242003, 26.773332595825298 ], [ -109.84593963623, 26.7855548858644 ], [ -109.825561523437997, 26.772748947143601 ], [ -109.835403442382997, 26.769119262695401 ], [ -109.851387023925994, 26.791110992431701 ], [ -109.864440917969006, 26.84055519104 ], [ -109.859008789062003, 26.821786880493299 ], [ -109.851112365722997, 26.8252773284913 ], [ -109.867774963379006, 26.8488883972169 ], [ -109.890274047852003, 26.9222221374512 ], [ -109.946113586425994, 26.9927768707275 ], [ -109.940086364745994, 27.009677886962901 ], [ -109.939460754394005, 26.999462127685501 ], [ -109.920829772949006, 26.969165802001999 ], [ -109.895553588867003, 26.9483337402344 ], [ -109.898056030272997, 26.943056106567401 ], [ -109.897224426269005, 26.9369430541993 ], [ -109.88444519043, 26.938611984253001 ], [ -109.896110534667997, 26.9413871765137 ], [ -109.890274047852003, 26.949445724487401 ], [ -109.900276184082003, 26.960556030273501 ], [ -109.889999389647997, 26.9619445800782 ], [ -109.900001525879006, 26.969444274902301 ], [ -109.888885498047003, 26.970832824707099 ], [ -109.894256591797003, 26.9736633300781 ], [ -109.889167785645, 26.980833053588899 ], [ -109.898612976074006, 26.982221603393601 ], [ -109.901390075684006, 26.975000381469702 ], [ -109.896942138672003, 26.9925003051757 ], [ -109.918891906737997, 26.995832443237401 ], [ -109.912780761719006, 27.0050277709962 ], [ -109.906944274902003, 26.99666595459 ], [ -109.896110534667997, 26.997779846191499 ], [ -109.909721374512003, 27.002222061157301 ], [ -109.902328491210994, 27.016366958618299 ], [ -109.911041259765994, 27.019647598266602 ], [ -109.912673950195, 27.0522270202637 ], [ -109.921257019042997, 27.0685214996338 ], [ -109.968421936035, 27.102022171020501 ], [ -109.974571228027003, 27.098850250244102 ], [ -109.971641540527003, 27.106590270996101 ], [ -109.98902130127, 27.1168632507325 ], [ -110.005554199219006, 27.1033325195312 ], [ -110.006942749022997, 27.112777709961001 ], [ -110.019165039062003, 27.115352630615298 ], [ -110.013053894042997, 27.127222061157202 ], [ -110.032371520995994, 27.108516693115298 ], [ -110.030914306640994, 27.128190994262699 ], [ -110.040000915527003, 27.113056182861399 ], [ -110.049751281737997, 27.123340606689499 ], [ -110.04704284668, 27.114418029785199 ], [ -110.034553527832003, 27.110559463501101 ], [ -110.058891296387003, 27.079166412353601 ], [ -110.101669311522997, 27.107742309570298 ], [ -110.155502319335994, 27.119907379150401 ], [ -110.155136108397997, 27.120826721191499 ], [ -110.14803314209, 27.118465423584102 ], [ -110.14444732666, 27.118333816528398 ], [ -110.133056640625, 27.125833511352699 ], [ -110.129096984862997, 27.120344161987401 ], [ -110.117523193359006, 27.122779846191399 ], [ -110.125556945800994, 27.1269435882568 ], [ -110.13444519043, 27.1277770996094 ], [ -110.146423339844006, 27.118579864501999 ], [ -110.154998779297003, 27.121944427490199 ], [ -110.22444152832, 27.135278701782202 ], [ -110.220832824707003, 27.136667251586999 ], [ -110.27091217041, 27.142702102661101 ], [ -110.278602600097997, 27.1460475921631 ], [ -110.230003356934006, 27.138874053955199 ], [ -110.227920532227003, 27.142286300659201 ], [ -110.242866516112997, 27.151292800903299 ], [ -110.252540588379006, 27.146295547485401 ], [ -110.26732635498, 27.153303146362301 ], [ -110.261108398437997, 27.144443511962901 ], [ -110.301109313965, 27.152500152587901 ], [ -110.300834655762003, 27.164167404174801 ], [ -110.291297912597997, 27.1707859039307 ], [ -110.2978515625, 27.174623489379901 ], [ -110.297103881835994, 27.1668300628662 ], [ -110.308807373047003, 27.160249710083001 ], [ -110.315277099609006, 27.165832519531399 ], [ -110.308052062987997, 27.170833587646499 ], [ -110.319458007812003, 27.166929244995199 ], [ -110.319999694824006, 27.174165725708001 ], [ -110.324996948242003, 27.1766662597657 ], [ -110.319999694824006, 27.175834655761701 ], [ -110.31916809082, 27.178056716918999 ], [ -110.329444885254006, 27.180555343627901 ], [ -110.320938110352003, 27.1648063659669 ], [ -110.306678771972997, 27.1545314788819 ], [ -110.335556030272997, 27.1747245788575 ], [ -110.426940917969006, 27.2636108398438 ], [ -110.475440979004006, 27.2850856781006 ], [ -110.521446228027003, 27.289854049682599 ], [ -110.523612976074006, 27.297500610351602 ], [ -110.503890991210994, 27.304445266723601 ], [ -110.473892211914006, 27.293888092041101 ], [ -110.44416809082, 27.3016662597657 ], [ -110.474723815917997, 27.312221527099702 ], [ -110.463333129882997, 27.325555801391701 ], [ -110.481956481934006, 27.326416015625099 ], [ -110.474914550780994, 27.347009658813501 ], [ -110.482498168945, 27.361112594604599 ], [ -110.475280761719006, 27.363889694213899 ], [ -110.47966003418, 27.373540878295799 ], [ -110.498054504394005, 27.38138961792 ], [ -110.495277404785, 27.384445190429801 ], [ -110.506942749022997, 27.3861103057862 ], [ -110.534446716309006, 27.37166595459 ], [ -110.527221679687003, 27.381944656372099 ], [ -110.535003662109006, 27.383611679077301 ], [ -110.559722900390994, 27.3697223663331 ], [ -110.547225952147997, 27.388612747192401 ], [ -110.539169311522997, 27.387220382690501 ], [ -110.523887634277003, 27.396387100219702 ], [ -110.514167785644005, 27.3919467926025 ], [ -110.525276184082003, 27.400278091430799 ], [ -110.514724731445, 27.406389236450298 ], [ -110.513610839844006, 27.410278320312599 ], [ -110.526664733887003, 27.409166336059599 ], [ -110.528053283690994, 27.396944046020501 ], [ -110.530555725097997, 27.403053283691499 ], [ -110.54027557373, 27.3919467926025 ], [ -110.544998168945, 27.394721984863398 ], [ -110.554443359375, 27.3933334350587 ], [ -110.55583190918, 27.400831222534201 ], [ -110.563613891602003, 27.414442062378001 ], [ -110.547233581542997, 27.412145614624102 ], [ -110.538887023925994, 27.4169425964357 ], [ -110.551940917969006, 27.4177780151368 ], [ -110.540832519530994, 27.431388854980501 ], [ -110.548057556152003, 27.4319458007812 ], [ -110.557777404785, 27.417499542236399 ], [ -110.563613891602003, 27.427778244018601 ], [ -110.558609008789006, 27.4402770996094 ], [ -110.573333740234006, 27.438888549804702 ], [ -110.57250213623, 27.450834274291999 ], [ -110.53971862793, 27.4577751159669 ], [ -110.565277099609006, 27.458889007568501 ], [ -110.565002441405994, 27.468610763549901 ], [ -110.574447631835994, 27.4791660308838 ], [ -110.566139221190994, 27.459754943847798 ], [ -110.584442138672003, 27.454444885253999 ], [ -110.590721130370994, 27.439195632934702 ], [ -110.590835571289006, 27.525556564331001 ], [ -110.574165344237997, 27.504999160766701 ], [ -110.575645446777003, 27.5216083526612 ], [ -110.580276489257997, 27.540000915527401 ], [ -110.589958190917997, 27.539709091186499 ], [ -110.590789794922003, 27.530120849609499 ], [ -110.598281860352003, 27.5579223632813 ], [ -110.595588684082003, 27.551830291748001 ], [ -110.589996337890994, 27.5444450378418 ], [ -110.584167480469006, 27.546667098999102 ], [ -110.605278015137003, 27.567777633666999 ], [ -110.595832824707003, 27.5980548858643 ], [ -110.599967956542997, 27.5944633483887 ], [ -110.606109619140994, 27.606946945190501 ], [ -110.604721069335994, 27.584444046020501 ], [ -110.613052368164006, 27.582778930664201 ], [ -110.601463317870994, 27.556171417236399 ], [ -110.618942260742003, 27.588846206665 ], [ -110.613052368164006, 27.587499618530401 ], [ -110.619743347167997, 27.596185684204201 ], [ -110.613052368164006, 27.5930576324463 ], [ -110.613334655762003, 27.601110458373999 ], [ -110.622619628905994, 27.600643157959102 ], [ -110.627777099609006, 27.624166488647401 ], [ -110.625274658202997, 27.6269435882569 ], [ -110.625274658202997, 27.621667861938501 ], [ -110.623886108397997, 27.619167327880898 ], [ -110.617774963379006, 27.619722366333001 ], [ -110.624725341797003, 27.622779846191499 ], [ -110.626502990722997, 27.639038085937599 ], [ -110.623519897460994, 27.652122497558601 ], [ -110.616386413574006, 27.6494445800781 ], [ -110.617782592772997, 27.668441772461101 ], [ -110.609107971190994, 27.652633666992099 ], [ -110.57527923584, 27.657777786255 ], [ -110.566947937012003, 27.668888092041101 ], [ -110.577774047852003, 27.658889770507901 ], [ -110.594444274902003, 27.660833358764599 ], [ -110.585830688477003, 27.672775268554702 ], [ -110.568115234375, 27.674741744995099 ], [ -110.568885803222997, 27.686386108398398 ], [ -110.582221984862997, 27.6947212219238 ], [ -110.589988708495994, 27.688030242919901 ], [ -110.598335266112997, 27.6933326721193 ], [ -110.600509643555, 27.662517547607401 ], [ -110.607780456542997, 27.6602783203125 ], [ -110.602806091309006, 27.7206134796143 ], [ -110.587997436522997, 27.719108581543001 ], [ -110.585830688477003, 27.731666564941499 ], [ -110.56404876709, 27.720373153686602 ], [ -110.552169799805, 27.731391906738398 ], [ -110.567497253417997, 27.746944427490199 ], [ -110.57495880127, 27.7319431304932 ], [ -110.588607788085994, 27.732221603393601 ], [ -110.587173461914006, 27.739955902099599 ], [ -110.601737976074006, 27.7342948913575 ], [ -110.598609924315994, 27.751388549804801 ], [ -110.606285095215, 27.756137847900401 ], [ -110.606864929199006, 27.728704452514599 ], [ -110.615676879882997, 27.779863357544102 ], [ -110.61222076416, 27.773332595825298 ], [ -110.593887329102003, 27.786945343017699 ], [ -110.579719543457003, 27.7863883972169 ], [ -110.593528747559006, 27.797662734985401 ], [ -110.589164733887003, 27.810832977295 ], [ -110.605003356934006, 27.8099994659425 ], [ -110.586738586425994, 27.832578659057699 ], [ -110.590667724609006, 27.844863891601701 ], [ -110.578239440917997, 27.835140228271499 ], [ -110.567497253417997, 27.841388702392599 ], [ -110.548591613769005, 27.834644317627099 ], [ -110.546928405762003, 27.841436386108398 ], [ -110.528678894042997, 27.8415126800538 ], [ -110.517433166504006, 27.856050491333001 ], [ -110.537498474120994, 27.853055953979499 ], [ -110.586669921875, 27.883611679077099 ], [ -110.633460998535, 27.882629394531399 ], [ -110.643692016602003, 27.888589859008899 ], [ -110.640830993652003, 27.899164199829102 ], [ -110.654502868652003, 27.9044094085693 ], [ -110.664581298827997, 27.894716262817301 ], [ -110.628608703612997, 27.878055572509801 ], [ -110.617225646972997, 27.860834121704102 ], [ -110.656356811522997, 27.889400482177798 ], [ -110.679840087890994, 27.889787673950199 ], [ -110.722587585449006, 27.907192230224599 ], [ -110.798042297362997, 27.918884277343899 ], [ -110.841888427734006, 27.910039901733501 ], [ -110.853561401367003, 27.9124145507812 ], [ -110.805274963379006, 27.920833587646499 ], [ -110.832412719727003, 27.953834533691399 ], [ -110.853576660155994, 27.947139739990298 ], [ -110.866386413574006, 27.915000915527401 ], [ -110.886108398437003, 27.9238891601562 ], [ -110.906623840332003, 27.896696090698399 ], [ -110.895660400390994, 27.89430809021 ], [ -110.88606262207, 27.905139923095799 ], [ -110.884017944335994, 27.896986007690501 ], [ -110.855690002440994, 27.9006252288819 ], [ -110.866386413574006, 27.895555496215898 ], [ -110.859031677245994, 27.895206451416001 ], [ -110.870277404785, 27.8841667175294 ], [ -110.863143920897997, 27.883277893066399 ], [ -110.870277404785, 27.8649997711182 ], [ -110.881225585937003, 27.8633117675782 ], [ -110.875511169434006, 27.851011276245099 ], [ -110.889999389647997, 27.839166641235501 ], [ -110.888801574707003, 27.848779678344702 ], [ -110.902763366699006, 27.8561725616456 ], [ -110.903358459472997, 27.866725921630799 ], [ -110.924575805664006, 27.867210388183501 ], [ -110.93416595459, 27.88138961792 ], [ -110.941932678222997, 27.868658065796001 ], [ -110.95043182373, 27.868457794189499 ], [ -110.949584960937997, 27.889379501342798 ], [ -110.966667175292997, 27.905555725097699 ], [ -110.947242736815994, 27.911933898925799 ], [ -110.945854187012003, 27.9191493988038 ], [ -110.951126098632997, 27.9276428222657 ], [ -110.971069335937003, 27.928745269775401 ], [ -110.979370117187003, 27.946447372436602 ], [ -110.97102355957, 27.953992843627901 ], [ -110.973243713379006, 27.970808029174901 ], [ -110.984336853027003, 27.967300415039201 ], [ -110.973594665527003, 27.958332061767599 ], [ -110.982299804687003, 27.9587421417237 ], [ -110.977890014647997, 27.9531574249268 ], [ -110.997222900390994, 27.962499618530401 ], [ -111.024925231934006, 27.962509155273501 ], [ -111.049217224120994, 27.9501628875732 ], [ -111.051445007324006, 27.938648223876999 ], [ -111.058052062987997, 27.938053131103601 ], [ -111.065277099609006, 27.9527778625488 ], [ -111.060012817382997, 27.927221298217901 ], [ -111.066436767577997, 27.940240859985401 ], [ -111.105278015137003, 27.9358310699463 ], [ -111.104446411132997, 27.9441661834718 ], [ -111.093887329102003, 27.947778701782202 ], [ -111.102851867675994, 27.964145660400501 ], [ -111.116668701172003, 27.959999084472699 ], [ -111.121124267577997, 27.978052139282301 ], [ -111.13143157959, 27.974681854248001 ], [ -111.136909484862997, 27.9845676422119 ], [ -111.173965454102003, 27.9912414550781 ], [ -111.188613891600994, 28.020557403564499 ], [ -111.211700439452997, 28.041519165039201 ], [ -111.242500305175994, 28.0497226715088 ], [ -111.241859436035, 28.057846069336001 ], [ -111.254722595215, 28.053611755371101 ], [ -111.251899719237997, 28.0632228851319 ], [ -111.277496337890994, 28.081111907958899 ], [ -111.274398803710994, 28.090541839599702 ], [ -111.282218933105, 28.089721679687599 ], [ -111.293334960937997, 28.130556106567401 ], [ -111.33194732666, 28.158332824706999 ], [ -111.335929870605, 28.198923110961999 ], [ -111.358329772949006, 28.219722747802798 ], [ -111.377502441405994, 28.219165802002099 ], [ -111.373611450195, 28.233333587646499 ], [ -111.388885498047003, 28.249446868896499 ], [ -111.389595031737997, 28.2699089050294 ], [ -111.408348083495994, 28.272905349731602 ], [ -111.413696289062003, 28.2858695983887 ], [ -111.425277709960994, 28.2863883972168 ], [ -111.459167480469006, 28.316944122314499 ], [ -111.453140258789006, 28.324579238891701 ], [ -111.460762023925994, 28.3360290527343 ], [ -111.457778930664006, 28.357221603393601 ], [ -111.452774047852003, 28.363889694213899 ], [ -111.447776794434006, 28.3552761077881 ], [ -111.434722900390994, 28.359443664550898 ], [ -111.442497253417997, 28.368610382080099 ], [ -111.434997558594006, 28.3713893890381 ], [ -111.448890686035, 28.374444961547901 ], [ -111.458885192870994, 28.361389160156399 ], [ -111.504722595215, 28.392505645751999 ], [ -111.582221984862997, 28.414722442626999 ], [ -111.644996643065994, 28.443611145019499 ], [ -111.710609436035, 28.4571208953857 ], [ -111.71509552002, 28.493036270141701 ], [ -111.738037109375, 28.522565841674801 ], [ -111.776107788085994, 28.608888626098601 ], [ -111.908058166504006, 28.7019443511963 ], [ -111.910552978515994, 28.712223052978601 ], [ -111.926391601562003, 28.718610763549801 ], [ -111.931945800780994, 28.741666793823399 ], [ -111.952499389647997, 28.759168624878001 ], [ -111.929725646972997, 28.7619438171387 ], [ -111.899719238280994, 28.786945343017599 ], [ -111.901947021484006, 28.782777786254801 ], [ -111.890594482422003, 28.773536682128999 ], [ -111.888038635254006, 28.7593383789062 ], [ -111.880104064940994, 28.746261596679801 ], [ -111.876388549805, 28.744443893432699 ], [ -111.878051757812003, 28.750001907348601 ], [ -111.854164123535, 28.760280609131001 ], [ -111.864723205565994, 28.779443740844801 ], [ -111.84886932373, 28.796493530273398 ], [ -111.889785766602003, 28.7934970855713 ], [ -111.874725341797003, 28.8105564117432 ], [ -111.89444732666, 28.821388244628999 ], [ -111.892295837402003, 28.804895401001101 ], [ -111.907218933105, 28.793333053588999 ], [ -111.91194152832, 28.798887252807699 ], [ -111.906387329102003, 28.7961120605469 ], [ -111.901664733887003, 28.812221527099599 ], [ -111.913368225097997, 28.810937881469801 ], [ -111.91805267334, 28.8208332061768 ], [ -111.926391601562003, 28.8144435882569 ], [ -111.915290832519005, 28.790321350097798 ], [ -111.963417053222997, 28.838886260986399 ], [ -112.031669616699006, 28.859443664550799 ], [ -112.03524017334, 28.880273818969702 ], [ -112.051376342772997, 28.8889350891113 ], [ -112.049392700195, 28.9004516601562 ], [ -112.086669921875, 28.9255561828613 ], [ -112.103530883789006, 28.956026077270501 ], [ -112.171752929687003, 28.967857360839901 ], [ -112.153106689452997, 28.984977722168001 ], [ -112.151428222655994, 28.996034622192401 ], [ -112.168243408202997, 29.025253295898501 ], [ -112.170555114745994, 29.071945190429702 ], [ -112.188331604004006, 29.0733337402344 ], [ -112.165168762207003, 29.1135654449463 ], [ -112.184501647949006, 29.152055740356399 ], [ -112.200088500977003, 29.156614303588899 ], [ -112.19416809082, 29.168333053588999 ], [ -112.202499389647997, 29.178613662719702 ], [ -112.230003356934006, 29.180835723877099 ], [ -112.208679199219006, 29.244178771972699 ], [ -112.237815856934006, 29.313554763794102 ], [ -112.274810791015994, 29.332036972045898 ], [ -112.333610534667997, 29.3199996948243 ], [ -112.28694152832, 29.333887100219801 ], [ -112.281387329102003, 29.339723587036101 ], [ -112.29305267334, 29.333055496215799 ], [ -112.303611755370994, 29.3386135101319 ], [ -112.307220458984006, 29.332221984863398 ], [ -112.318611145019005, 29.3386135101319 ], [ -112.316337585449006, 29.332330703735401 ], [ -112.337776184082003, 29.3252773284913 ], [ -112.344444274902003, 29.313613891601602 ], [ -112.332496643065994, 29.301389694213899 ], [ -112.33528137207, 29.2916679382325 ], [ -112.353332519530994, 29.3208332061769 ], [ -112.377502441405994, 29.3269443511962 ] ] ], [ [ [ -113.246109008789006, 31.017776489257798 ], [ -113.243057250977003, 31.0155563354493 ], [ -113.242500305175994, 31.004722595214901 ], [ -113.25, 31.020555496215898 ], [ -113.246109008789006, 31.017776489257798 ] ] ], [ [ [ -113.126945495605, 31.210834503173899 ], [ -113.128890991210994, 31.212223052978501 ], [ -113.129447937012003, 31.214721679687599 ], [ -113.126388549805, 31.211666107177699 ], [ -113.126945495605, 31.210834503173899 ] ] ], [ [ [ -113.925834655762003, 31.589445114135799 ], [ -113.929443359375, 31.588333129882901 ], [ -113.931114196777003, 31.590833663940501 ], [ -113.926940917969006, 31.5916671752931 ], [ -113.925834655762003, 31.589445114135799 ] ] ], [ [ [ -113.968330383300994, 31.629444122314499 ], [ -113.965278625487997, 31.618888854980501 ], [ -113.974166870117003, 31.625278472900401 ], [ -113.969718933105, 31.640556335449201 ], [ -113.968330383300994, 31.629444122314499 ] ] ], [ [ [ -114.803337097167997, 31.791110992431602 ], [ -114.80078125, 31.8125 ], [ -114.792221069335994, 31.818611145019599 ], [ -114.751113891602003, 31.806943893432699 ], [ -114.722503662109006, 31.757778167724599 ], [ -114.663055419922003, 31.7199993133544 ], [ -114.643615722655994, 31.6838989257813 ], [ -114.647499084472997, 31.6630554199219 ], [ -114.654724121094006, 31.660833358764801 ], [ -114.687774658202997, 31.6847229003907 ], [ -114.689163208007997, 31.674999237060501 ], [ -114.720275878905994, 31.681110382080099 ], [ -114.771385192870994, 31.708335876464901 ], [ -114.805557250977003, 31.755277633667099 ], [ -114.803337097167997, 31.791110992431602 ] ] ], [ [ [ -114.623611450195, 31.756666183471701 ], [ -114.602172851562003, 31.751098632812599 ], [ -114.60221862793, 31.733888626098601 ], [ -114.626945495605, 31.731946945190501 ], [ -114.676391601562003, 31.7555561065675 ], [ -114.623611450195, 31.756666183471701 ] ] ], [ [ [ -110.587196350097997, 27.4284591674806 ], [ -110.587409973144005, 27.4258346557618 ], [ -110.586311340332003, 27.4234733581543 ], [ -110.588218688965, 27.424720764160199 ], [ -110.587928771972997, 27.4300346374512 ], [ -110.587196350097997, 27.4284591674806 ] ] ], [ [ [ -110.581344604492003, 27.4338493347169 ], [ -110.581787109375, 27.4356193542482 ], [ -110.580322265625, 27.433914184570298 ], [ -110.580535888672003, 27.431552886962901 ], [ -110.581344604492003, 27.4338493347169 ] ] ], [ [ [ -110.575553894042997, 27.452499389648601 ], [ -110.575553894042997, 27.4397201538087 ], [ -110.584167480469006, 27.4402770996094 ], [ -110.584442138672003, 27.452777862548899 ], [ -110.575553894042997, 27.452499389648601 ] ] ], [ [ [ -110.598014831542997, 27.663776397705199 ], [ -110.598197937012003, 27.6696376800538 ], [ -110.597061157227003, 27.6702575683594 ], [ -110.596572875975994, 27.660139083862401 ], [ -110.598014831542997, 27.663776397705199 ] ] ], [ [ [ -110.616424560547003, 27.792926788330099 ], [ -110.614524841309006, 27.795551300048899 ], [ -110.614013671875, 27.783348083496101 ], [ -110.615989685059006, 27.786300659179801 ], [ -110.616424560547003, 27.792926788330099 ] ] ], [ [ [ -110.59831237793, 27.803035736083999 ], [ -110.587776184082003, 27.7888889312744 ], [ -110.606941223144005, 27.7972221374512 ], [ -110.610000610352003, 27.788333892822202 ], [ -110.61222076416, 27.801111221313501 ], [ -110.604751586914006, 27.8074035644532 ], [ -110.60205078125, 27.802576065063601 ], [ -110.59831237793, 27.803035736083999 ] ] ], [ [ [ -110.603179931640994, 27.8062629699706 ], [ -110.601280212402003, 27.807575225830199 ], [ -110.600547790527003, 27.8040981292725 ], [ -110.602447509765994, 27.803308486938601 ], [ -110.603179931640994, 27.8062629699706 ] ] ], [ [ [ -110.615333557129006, 27.797178268432599 ], [ -110.617164611815994, 27.796718597412202 ], [ -110.616088867187003, 27.821323394775501 ], [ -110.611389160155994, 27.8297214508057 ], [ -110.615333557129006, 27.797178268432599 ] ] ], [ [ [ -110.586112976074006, 27.849445343017599 ], [ -110.583885192870994, 27.849168777465799 ], [ -110.584999084472997, 27.846664428710898 ], [ -110.587219238280994, 27.8469467163087 ], [ -110.586112976074006, 27.849445343017599 ] ] ], [ [ [ -110.610275268555, 27.858612060546999 ], [ -110.611946105957003, 27.8577785491944 ], [ -110.614166259765994, 27.8594455718994 ], [ -110.611389160155994, 27.8597221374512 ], [ -110.610275268555, 27.858612060546999 ] ] ], [ [ [ -110.574203491210994, 27.865488052368299 ], [ -110.573539733887003, 27.864831924438501 ], [ -110.577568054199006, 27.861682891845799 ], [ -110.577934265137003, 27.8622741699219 ], [ -110.574203491210994, 27.865488052368299 ] ] ], [ [ [ -110.863418579102003, 27.8749103546143 ], [ -110.865837097167997, 27.875043869018601 ], [ -110.859306335449006, 27.8804225921631 ], [ -110.859680175780994, 27.877010345459102 ], [ -110.863418579102003, 27.8749103546143 ] ] ], [ [ [ -110.835319519042997, 27.8975296020507 ], [ -110.841941833495994, 27.887222290039201 ], [ -110.847221374512003, 27.886667251586999 ], [ -110.832778930664006, 27.901945114135799 ], [ -110.835319519042997, 27.8975296020507 ] ] ], [ [ [ -110.883460998535, 27.902845382690401 ], [ -110.880096435547003, 27.903041839599702 ], [ -110.879219055175994, 27.901008605956999 ], [ -110.880973815917997, 27.9000244140625 ], [ -110.883460998535, 27.902845382690401 ] ] ], [ [ [ -110.968887329100994, 27.909444808960099 ], [ -110.969169616699006, 27.908056259155298 ], [ -110.970832824707003, 27.908889770507901 ], [ -110.970001220702997, 27.9097213745118 ], [ -110.968887329100994, 27.909444808960099 ] ] ], [ [ [ -110.880279541015994, 27.910833358764599 ], [ -110.87833404541, 27.909444808960099 ], [ -110.88111114502, 27.907499313354499 ], [ -110.881942749022997, 27.9097213745118 ], [ -110.880279541015994, 27.910833358764599 ] ] ], [ [ [ -110.870002746582003, 27.9086112976075 ], [ -110.874725341797003, 27.906389236450199 ], [ -110.874725341797003, 27.911666870117202 ], [ -110.869445800780994, 27.911943435668899 ], [ -110.870002746582003, 27.9086112976075 ] ] ], [ [ [ -111.058700561522997, 27.9300651550293 ], [ -111.058624267577997, 27.9293937683106 ], [ -111.059387207030994, 27.9290866851807 ], [ -111.059448242187997, 27.930833816528299 ], [ -111.058700561522997, 27.9300651550293 ] ] ], [ [ [ -110.990837097167997, 27.9322223663331 ], [ -110.99333190918, 27.9347229003906 ], [ -110.992774963379006, 27.9355564117432 ], [ -110.989685058594006, 27.934932708740298 ], [ -110.990837097167997, 27.9322223663331 ] ] ], [ [ [ -110.852500915527003, 27.9355564117432 ], [ -110.856025695800994, 27.9349136352538 ], [ -110.857315063477003, 27.936698913574201 ], [ -110.854370117187997, 27.937034606933601 ], [ -110.852500915527003, 27.9355564117432 ] ] ], [ [ [ -111.030555725097997, 27.947778701782202 ], [ -111.032325744629006, 27.946712493896499 ], [ -111.028678894042997, 27.952894210815501 ], [ -111.028335571289006, 27.949722290039102 ], [ -111.030555725097997, 27.947778701782202 ] ] ], [ [ [ -110.972496032715, 27.953058242798001 ], [ -110.975280761719006, 27.9521389007569 ], [ -110.977767944335994, 27.955419540405401 ], [ -110.974327087402003, 27.956140518188398 ], [ -110.972496032715, 27.953058242798001 ] ] ], [ [ [ -111.124168395995994, 27.953334808349599 ], [ -111.121406555175994, 27.9579086303712 ], [ -111.11833190918, 27.960832595825298 ], [ -111.120323181152003, 27.953508377075199 ], [ -111.124168395995994, 27.953334808349599 ] ] ], [ [ [ -109.827224731445, 26.768611907959102 ], [ -109.825836181640994, 26.769720077514599 ], [ -109.823059082030994, 26.766944885253999 ], [ -109.827224731445, 26.765832901001001 ], [ -109.827224731445, 26.768611907959102 ] ] ], [ [ [ -109.895576477050994, 26.971872329711999 ], [ -109.898887634277003, 26.972778320312599 ], [ -109.904998779297003, 26.970832824707099 ], [ -109.897499084472997, 26.976667404174801 ], [ -109.895576477050994, 26.971872329711999 ] ] ], [ [ [ -109.923889160155994, 26.980833053588899 ], [ -109.920555114745994, 26.978054046631001 ], [ -109.920829772949006, 26.974166870117301 ], [ -109.935836791992003, 27.003778457641701 ], [ -109.923889160155994, 26.980833053588899 ] ] ], [ [ [ -110.032333374022997, 27.087774276733501 ], [ -110.015937805175994, 27.0809421539307 ], [ -110.013916015625, 27.086061477661101 ], [ -109.973838806152003, 27.064924240112202 ], [ -109.954917907715, 27.048526763916001 ], [ -109.938987731934006, 27.019575119018601 ], [ -109.969306945800994, 27.055902481079102 ], [ -110.046112060547003, 27.0841674804688 ], [ -110.032333374022997, 27.087774276733501 ] ] ], [ [ [ -110.023536682129006, 27.1134147644044 ], [ -110.021667480469006, 27.113611221313601 ], [ -110.023056030272997, 27.111944198608501 ], [ -110.023536682129006, 27.1134147644044 ] ] ], [ [ [ -110.12833404541, 27.121389389038001 ], [ -110.127777099609006, 27.122777938842798 ], [ -110.124725341797003, 27.122499465942401 ], [ -110.124725341797003, 27.121665954589801 ], [ -110.12833404541, 27.121389389038001 ] ] ], [ [ [ -110.48055267334, 27.321113586425898 ], [ -110.47721862793, 27.3183326721193 ], [ -110.479164123535, 27.308612823486399 ], [ -110.485275268555, 27.311388015747099 ], [ -110.48055267334, 27.321113586425898 ] ] ], [ [ [ -110.589164733887003, 27.414720535278398 ], [ -110.60221862793, 27.365556716918999 ], [ -110.57795715332, 27.338529586791999 ], [ -110.584358215332003, 27.321954727172901 ], [ -110.531044006347997, 27.301452636718899 ], [ -110.539100646972997, 27.2869548797607 ], [ -110.586936950684006, 27.3045253753662 ], [ -110.602546691894005, 27.3195724487306 ], [ -110.603538513182997, 27.330837249755898 ], [ -110.595520019530994, 27.319753646850501 ], [ -110.604446411132997, 27.3323783874512 ], [ -110.605758666992003, 27.3552227020263 ], [ -110.597129821777003, 27.412553787231399 ], [ -110.589164733887003, 27.414720535278398 ] ] ], [ [ [ -110.479232788085994, 27.368099212646602 ], [ -110.481285095215, 27.3674430847168 ], [ -110.482162475585994, 27.3649501800537 ], [ -110.481727600097997, 27.3680324554443 ], [ -110.479232788085994, 27.368099212646602 ] ] ], [ [ [ -110.531387329102003, 27.393611907958999 ], [ -110.541114807129006, 27.388612747192401 ], [ -110.547500610352003, 27.3902778625488 ], [ -110.550834655762003, 27.384166717529201 ], [ -110.55305480957, 27.3858337402344 ], [ -110.550277709960994, 27.3930568695068 ], [ -110.540000915527003, 27.390556335449201 ], [ -110.533332824707003, 27.397499084472699 ], [ -110.531387329102003, 27.393611907958999 ] ] ], [ [ [ -110.557502746582003, 27.398889541626001 ], [ -110.559448242187003, 27.398056030273398 ], [ -110.558334350585994, 27.401943206787099 ], [ -110.557273864745994, 27.401109695434599 ], [ -110.557502746582003, 27.398889541626001 ] ] ], [ [ [ -110.55248260498, 27.4158115386963 ], [ -110.553215026855, 27.414171218872099 ], [ -110.553802490234006, 27.413974761962901 ], [ -110.553291320800994, 27.4158115386963 ], [ -110.55248260498, 27.4158115386963 ] ] ], [ [ [ -110.556335449219006, 27.730464935302798 ], [ -110.557731628417997, 27.730333328247099 ], [ -110.558532714844006, 27.731906890869102 ], [ -110.555603027344006, 27.7315788269044 ], [ -110.556335449219006, 27.730464935302798 ] ] ], [ [ [ -110.571418762207003, 27.846134185791001 ], [ -110.570320129394005, 27.8459377288819 ], [ -110.569297790527003, 27.841936111450199 ], [ -110.57105255127, 27.843248367309599 ], [ -110.571418762207003, 27.846134185791001 ] ] ], [ [ [ -110.572517395019005, 27.852891921997202 ], [ -110.571418762207003, 27.8555812835693 ], [ -110.571708679199006, 27.847183227538999 ], [ -110.572883605957003, 27.848365783691399 ], [ -110.572517395019005, 27.852891921997202 ] ] ], [ [ [ -110.570175170897997, 27.870933532714901 ], [ -110.569000244140994, 27.871656417846701 ], [ -110.572441101074006, 27.8677196502687 ], [ -110.572517395019005, 27.868179321289102 ], [ -110.570175170897997, 27.870933532714901 ] ] ], [ [ [ -109.215835571289006, 26.3277797698975 ], [ -109.212501525879006, 26.3416671752931 ], [ -109.201942443847997, 26.344999313354499 ], [ -109.175064086914006, 26.318767547607401 ], [ -109.215835571289006, 26.3277797698975 ] ] ], [ [ [ -109.205001831055, 26.346944808960099 ], [ -109.21028137207, 26.344165802001999 ], [ -109.212501525879006, 26.344722747802699 ], [ -109.209442138672003, 26.3505554199219 ], [ -109.205001831055, 26.346944808960099 ] ] ], [ [ [ -109.190551757812003, 26.356666564941499 ], [ -109.188056945800994, 26.3561115264893 ], [ -109.188331604004006, 26.352779388427798 ], [ -109.190002441405994, 26.353609085083001 ], [ -109.190551757812003, 26.356666564941499 ] ] ], [ [ [ -109.166664123535, 26.351388931274499 ], [ -109.166946411132997, 26.355279922485501 ], [ -109.163887023925994, 26.3677787780762 ], [ -109.163520812987997, 26.3507385253906 ], [ -109.166664123535, 26.351388931274499 ] ] ], [ [ [ -109.244720458984006, 26.3425006866456 ], [ -109.250556945800994, 26.3369445800781 ], [ -109.241386413574006, 26.403055191040099 ], [ -109.229721069335994, 26.365276336669901 ], [ -109.244720458984006, 26.3425006866456 ] ] ], [ [ [ -109.24666595459, 26.404443740844801 ], [ -109.245498657227003, 26.402433395385799 ], [ -109.246109008789006, 26.401111602783299 ], [ -109.24666595459, 26.401388168335 ], [ -109.24666595459, 26.404443740844801 ] ] ], [ [ [ -109.243614196777003, 26.421943664550799 ], [ -109.24055480957, 26.414167404174801 ], [ -109.241668701172003, 26.411945343017699 ], [ -109.248336791992003, 26.419998168945401 ], [ -109.243614196777003, 26.421943664550799 ] ] ] ] } },
{ "type": "Feature", "properties": { "NAME_1": "Tabasco" }, "geometry": { "type": "MultiPolygon", "coordinates": [ [ [ [ -93.609413146972599, 17.339082717895501 ], [ -93.683921813964801, 17.359899520874102 ], [ -93.686531066894503, 17.404689788818501 ], [ -93.701705932617202, 17.452699661255 ], [ -93.686988830566406, 17.490779876708999 ], [ -93.693550109863196, 17.538700103759801 ], [ -93.746406555175795, 17.6668796539307 ], [ -93.808982849121094, 17.698650360107401 ], [ -93.855781555175696, 17.7122116088868 ], [ -93.881187438964801, 17.737739562988299 ], [ -93.919166564941307, 17.7356700897218 ], [ -93.932502746582003, 17.7417926788331 ], [ -93.962776184082003, 17.805360794067401 ], [ -94.041236877441307, 17.831848144531399 ], [ -94.074913024902301, 17.865289688110501 ], [ -94.079071044921903, 17.890529632568299 ], [ -94.071609497070298, 17.934461593627901 ], [ -94.081779479980398, 17.933599472046001 ], [ -94.071678161620994, 17.944351196289102 ], [ -94.0711669921875, 17.965959548950298 ], [ -94.096290588378807, 18.036409378051701 ], [ -94.096038818359403, 18.0888900756837 ], [ -94.106002807617102, 18.116880416870199 ], [ -94.101150512695298, 18.144990921020501 ], [ -94.131050109863295, 18.177740097046001 ], [ -94.104393005370994, 18.180030822753899 ], [ -94.100311279296903, 18.193822860717901 ], [ -94.090789794921903, 18.195020675659201 ], [ -94.050071716308594, 18.174150466918899 ], [ -94.032752990722599, 18.182640075683501 ], [ -94.029762268066406, 18.168670654296999 ], [ -94.013092041015597, 18.1520595550538 ], [ -94.006996154785099, 18.156631469726602 ], [ -94.030097961425696, 18.1869411468507 ], [ -94.055007934570298, 18.182010650634801 ], [ -94.0947265625, 18.200628280639702 ], [ -94.110755920410099, 18.188699722290099 ], [ -94.130668640136705, 18.190879821777301 ], [ -94.128570556640597, 18.2075595855713 ], [ -93.852363586425795, 18.299863815307699 ], [ -93.870697021484403, 18.287361145019499 ], [ -93.882919311523395, 18.265138626098601 ], [ -93.874580383300795, 18.2459735870362 ], [ -93.847915649414105, 18.243473052978601 ], [ -93.786804199218693, 18.2551383972169 ], [ -93.746246337890597, 18.272083282470799 ], [ -93.754585266113196, 18.314027786254901 ], [ -93.725418090820298, 18.3304157257081 ], [ -93.716247558593693, 18.320419311523398 ], [ -93.676803588867202, 18.340694427490199 ], [ -93.682914733886705, 18.329027175903299 ], [ -93.668197631835895, 18.3168048858643 ], [ -93.592086791992102, 18.325138092041101 ], [ -93.568473815917997, 18.348472595214901 ], [ -93.577919006347699, 18.3537502288818 ], [ -93.569862365722599, 18.365993499756001 ], [ -93.569305419921903, 18.390140533447301 ], [ -93.585418701171903, 18.385972976684702 ], [ -93.583747863769503, 18.392915725708001 ], [ -93.442642211914006, 18.425693511963001 ], [ -93.430969238281193, 18.422916412353501 ], [ -93.439857482910099, 18.410694122314499 ], [ -93.434303283691406, 18.3987503051757 ], [ -93.412918090820298, 18.407083511352599 ], [ -93.421524047851605, 18.408750534057699 ], [ -93.421249389648395, 18.416530609131001 ], [ -93.414863586425696, 18.4134731292725 ], [ -93.391250610351605, 18.419862747192401 ], [ -93.384025573730497, 18.4137496948243 ], [ -93.379859924316307, 18.4179172515869 ], [ -93.382080078124901, 18.4234714508057 ], [ -93.389579772949205, 18.4243068695068 ], [ -93.413475036621094, 18.416805267333999 ], [ -93.435417175292997, 18.4265251159668 ], [ -93.414024353027301, 18.431251525878999 ], [ -93.222915649414006, 18.439027786255 ], [ -93.214302062988196, 18.446805953979499 ], [ -93.212081909179702, 18.435138702392599 ], [ -93.195968627929702, 18.439861297607401 ], [ -93.187362670898395, 18.432081222534102 ], [ -93.197914123535099, 18.453193664550799 ], [ -93.187080383300795, 18.4418048858643 ], [ -93.146804809570298, 18.442083358764702 ], [ -93.155975341796804, 18.441249847412099 ], [ -93.165695190429602, 18.434583663940401 ], [ -93.174026489257798, 18.415138244628999 ], [ -93.179862976074205, 18.4145832061769 ], [ -93.184585571288906, 18.4190273284913 ], [ -93.185142517089801, 18.4181938171387 ], [ -93.179862976074205, 18.4137496948243 ], [ -93.173194885253906, 18.414304733276499 ], [ -93.162086486816406, 18.435138702392599 ], [ -93.148475646972699, 18.427360534667901 ], [ -93.174583435058594, 18.405969619751001 ], [ -93.165695190429602, 18.365972518921001 ], [ -93.125694274902301, 18.372638702392599 ], [ -93.107917785644503, 18.385972976684702 ], [ -93.105415344238196, 18.375972747802699 ], [ -93.125694274902301, 18.352638244628899 ], [ -93.122917175292997, 18.340694427490199 ], [ -93.100135803222699, 18.3745841979982 ], [ -93.078750610351605, 18.375972747802699 ], [ -93.063751220702997, 18.397083282470799 ], [ -93.076248168945199, 18.407083511352599 ], [ -93.112640380859304, 18.4134731292725 ], [ -93.116806030273395, 18.421527862548899 ], [ -93.119583129882798, 18.414304733276499 ], [ -93.133468627929602, 18.4245834350587 ], [ -93.147918701171903, 18.423194885253899 ], [ -93.128753662109403, 18.432638168335099 ], [ -93.136802673339702, 18.4426383972169 ], [ -93.093475341796804, 18.442916870117202 ], [ -93.046806335449205, 18.4315280914307 ], [ -92.978195190429602, 18.432081222534102 ], [ -92.904029846191406, 18.440416336059599 ], [ -92.842636108398395, 18.460416793823299 ], [ -92.792640686035199, 18.487363815307699 ], [ -92.752639770507798, 18.520971298217699 ], [ -92.699859619140597, 18.587083816528299 ], [ -92.705413818359403, 18.588750839233501 ], [ -92.698196411132798, 18.6026382446288 ], [ -92.687362670898395, 18.599582672119201 ], [ -92.687080383300795, 18.61847114563 ], [ -92.669860839843693, 18.609861373901399 ], [ -92.633193969726605, 18.6120834350587 ], [ -92.467849731445298, 18.649845123291001 ], [ -92.462776184082003, 18.615440368652301 ], [ -92.425712585449205, 18.5146503448487 ], [ -92.402679443359403, 18.478691101074201 ], [ -92.340026855468807, 18.435319900512798 ], [ -92.329055786132798, 18.4311408996582 ], [ -92.308113098144503, 18.439149856567401 ], [ -92.266761779785099, 18.3891696929932 ], [ -92.251296997070298, 18.3909511566162 ], [ -92.251838684082003, 18.407091140747099 ], [ -92.238586425781193, 18.412742614746101 ], [ -92.189216613769503, 18.353090286254901 ], [ -92.200576782226506, 18.287950515747202 ], [ -92.176490783691406, 18.262002944946399 ], [ -92.17431640625, 18.230859756469801 ], [ -92.145072937011705, 18.193719863891701 ], [ -92.134033203125, 18.161598205566499 ], [ -92.108360290527202, 18.137540817260899 ], [ -92.081909179687401, 18.092090606689599 ], [ -92.036537170410099, 18.0707397460938 ], [ -92.003166198730398, 18.0377807617188 ], [ -91.948097229003906, 18.007738113403398 ], [ -91.934852600097599, 17.9781799316406 ], [ -91.906326293945298, 17.945390701294102 ], [ -91.885719299316406, 17.949420928955199 ], [ -91.851753234863295, 17.925451278686602 ], [ -91.801399230957003, 17.933521270751999 ], [ -91.780982971191406, 17.920419692993299 ], [ -91.746276855468807, 17.9162712097169 ], [ -91.712799072265597, 17.890830993652301 ], [ -91.661460876464801, 17.915260314941399 ], [ -91.594261169433594, 17.919612884521499 ], [ -91.583137512207003, 17.935920715332099 ], [ -91.582511901855497, 17.9665927886962 ], [ -91.597221374511705, 18.024040222168001 ], [ -91.583366394042898, 18.066352844238299 ], [ -91.559288024902301, 18.073270797729599 ], [ -91.521476745605497, 18.067449569702099 ], [ -91.483901977539105, 18.072828292846701 ], [ -91.359069824218807, 18.040670394897599 ], [ -91.326011657714801, 18.0410594940187 ], [ -91.254219055175696, 17.974880218505898 ], [ -91.198181152343807, 17.956550598144599 ], [ -91.175941467285099, 17.925319671630898 ], [ -91.161231994628807, 17.9239406585694 ], [ -91.140098571777202, 17.937990188598601 ], [ -91.101692199707003, 17.916351318359499 ], [ -90.981002807617102, 17.8774509429932 ], [ -90.990173339843693, 17.259357452392699 ], [ -91.412246704101506, 17.252531051635899 ], [ -91.399253845214801, 17.285169601440501 ], [ -91.365341186523395, 17.298419952392599 ], [ -91.359436035156193, 17.311889648437599 ], [ -91.404090881347699, 17.371610641479499 ], [ -91.456726074218807, 17.385320663452099 ], [ -91.470993041992102, 17.421361923217901 ], [ -91.533653259277301, 17.443580627441399 ], [ -91.570602416992202, 17.441179275512699 ], [ -91.619972229003807, 17.449769973754901 ], [ -91.637786865234304, 17.462989807128999 ], [ -91.638381958007798, 17.479129791259702 ], [ -91.616127014160199, 17.522541046142599 ], [ -91.607589721679602, 17.565269470214801 ], [ -91.634826660156193, 17.6126003265381 ], [ -91.658531188964801, 17.691520690918001 ], [ -91.688796997070298, 17.7140598297119 ], [ -91.717956542968807, 17.713340759277401 ], [ -91.760955810546903, 17.740230560302699 ], [ -91.753967285156193, 17.7664909362794 ], [ -91.762939453124901, 17.816890716552798 ], [ -91.792922973632798, 17.860740661621101 ], [ -91.805480957031193, 17.869182586669901 ], [ -91.867500305175795, 17.8566207885743 ], [ -91.900810241699205, 17.8650302886963 ], [ -91.916358947753807, 17.851280212402401 ], [ -91.933906555175696, 17.848779678344702 ], [ -91.946952819824205, 17.859889984130898 ], [ -91.941856384277301, 17.882560729980501 ], [ -91.964408874511705, 17.883369445800898 ], [ -91.992652893066307, 17.8974094390869 ], [ -92.000152587890597, 17.896619796753001 ], [ -92.023536682128906, 17.8319606781006 ], [ -92.042266845703097, 17.821470260620199 ], [ -92.106391906738295, 17.8249626159668 ], [ -92.161819458007798, 17.8448696136475 ], [ -92.180610656738295, 17.841400146484499 ], [ -92.185188293457003, 17.8377494812012 ], [ -92.174911499023395, 17.839229583740199 ], [ -92.17236328125, 17.829811096191399 ], [ -92.192909240722699, 17.829420089721701 ], [ -92.197380065917997, 17.815580368042099 ], [ -92.180915832519503, 17.7482509613038 ], [ -92.196342468261705, 17.7181911468506 ], [ -92.317916870117202, 17.6793327331544 ], [ -92.358512878417898, 17.634750366211001 ], [ -92.503456115722599, 17.524400711059599 ], [ -92.592887878417898, 17.470188140869102 ], [ -92.680351257324205, 17.390710830688601 ], [ -92.730003356933594, 17.361402511596701 ], [ -92.756477355956903, 17.358432769775401 ], [ -92.788803100585895, 17.3702297210694 ], [ -92.808113098144503, 17.388902664184599 ], [ -92.817070007324205, 17.429029464721701 ], [ -92.830696105957003, 17.441921234130799 ], [ -92.848503112792898, 17.485120773315401 ], [ -92.871589660644403, 17.508039474487301 ], [ -92.886848449706903, 17.511070251464801 ], [ -92.909637451171804, 17.496200561523398 ], [ -92.931648254394503, 17.502519607544102 ], [ -92.961616516113196, 17.497512817382901 ], [ -92.968566894531193, 17.507471084594801 ], [ -92.956672668457003, 17.5791702270507 ], [ -92.978889465332003, 17.613370895385799 ], [ -93.026306152343807, 17.6455097198487 ], [ -93.051109313964801, 17.685749053955099 ], [ -93.048370361328097, 17.7204494476318 ], [ -92.985603332519503, 17.814857482910298 ], [ -92.977539062499901, 17.866630554199201 ], [ -92.994606018066307, 17.871820449829102 ], [ -93.047332763671804, 17.8615207672119 ], [ -93.101806640624901, 17.866300582885799 ], [ -93.120483398437401, 17.8766803741456 ], [ -93.153877258300696, 17.924110412597699 ], [ -93.175605773925696, 17.941511154174702 ], [ -93.205581665039105, 17.944471359253001 ], [ -93.261329650878807, 17.973590850830099 ], [ -93.272697448730398, 17.9689426422119 ], [ -93.283119201660199, 17.950750350952202 ], [ -93.307876586914006, 17.9597282409669 ], [ -93.319839477539105, 17.946010589599702 ], [ -93.3492431640625, 17.940000534057599 ], [ -93.356262207031193, 17.921859741211101 ], [ -93.3521728515625, 17.866670608520501 ], [ -93.367340087890597, 17.827730178833001 ], [ -93.365661621093693, 17.7222003936768 ], [ -93.379310607910099, 17.668979644775401 ], [ -93.402626037597699, 17.6244411468506 ], [ -93.450439453124901, 17.594221115112301 ], [ -93.468589782714702, 17.559209823608501 ], [ -93.49796295166, 17.5352897644044 ], [ -93.506027221679702, 17.522630691528299 ], [ -93.508712768554602, 17.460689544677699 ], [ -93.609413146972599, 17.339082717895501 ] ] ], [ [ [ -93.78125, 18.308195114135799 ], [ -93.780136108398395, 18.3073616027832 ], [ -93.783470153808494, 18.3087482452394 ], [ -93.782081604003906, 18.3090305328369 ], [ -93.78125, 18.308195114135799 ] ] ], [ [ [ -93.710418701171804, 18.345138549804801 ], [ -93.714859008789105, 18.338193893432699 ], [ -93.726524353027301, 18.342638015747099 ], [ -93.752914428710895, 18.332361221313501 ], [ -93.768753051757798, 18.3112525939943 ], [ -93.775138854980497, 18.317916870117202 ], [ -93.775138854980497, 18.3112525939943 ], [ -93.790138244628807, 18.314306259155298 ], [ -93.797637939453097, 18.303195953369201 ], [ -93.809303283691307, 18.307916641235401 ], [ -93.837081909179602, 18.300416946411101 ], [ -93.839584350585895, 18.290695190429702 ], [ -93.849029541015597, 18.2965297698975 ], [ -93.840972900390597, 18.305973052978501 ], [ -93.625968933105497, 18.379028320312599 ], [ -93.601524353027301, 18.3865261077881 ], [ -93.590415954589801, 18.387636184692401 ], [ -93.615974426269503, 18.380416870117301 ], [ -93.637084960937401, 18.364305496215799 ], [ -93.665412902832003, 18.3645839691162 ], [ -93.683746337890597, 18.355417251586999 ], [ -93.674858093261705, 18.353195190429702 ], [ -93.679580688476605, 18.346250534057599 ], [ -93.695419311523395, 18.352361679077099 ], [ -93.710418701171804, 18.345138549804801 ] ] ], [ [ [ -93.614303588867102, 18.375415802001999 ], [ -93.6129150390625, 18.3737506866456 ], [ -93.615135192870994, 18.373193740844801 ], [ -93.615974426269503, 18.375415802001999 ], [ -93.614303588867102, 18.375415802001999 ] ] ], [ [ [ -93.424583435058594, 18.409305572509901 ], [ -93.42236328125, 18.407917022705099 ], [ -93.427085876464801, 18.405969619751001 ], [ -93.426803588867102, 18.409027099609499 ], [ -93.424583435058594, 18.409305572509901 ] ] ], [ [ [ -93.149864196777301, 18.4223613739013 ], [ -93.150695800781193, 18.417358398437599 ], [ -93.158752441406193, 18.412082672119201 ], [ -93.157913208007798, 18.4190273284913 ], [ -93.149864196777301, 18.4223613739013 ] ] ], [ [ [ -93.142639160156193, 18.420415878296001 ], [ -93.140419006347599, 18.4162483215332 ], [ -93.147918701171903, 18.4179172515869 ], [ -93.146804809570298, 18.421249389648398 ], [ -93.142639160156193, 18.420415878296001 ] ] ], [ [ [ -93.133750915527202, 18.422916412353501 ], [ -93.136802673339702, 18.4154167175294 ], [ -93.142364501953097, 18.4223613739013 ], [ -93.138748168945298, 18.4218063354493 ], [ -93.133750915527202, 18.422916412353501 ] ] ], [ [ [ -93.150695800781193, 18.430973052978601 ], [ -93.157913208007798, 18.4381942749025 ], [ -93.131805419921903, 18.435693740844801 ], [ -93.136253356933594, 18.429027557373001 ], [ -93.150695800781193, 18.430973052978601 ] ] ], [ [ [ -93.105140686035, 18.3737506866456 ], [ -93.104026794433594, 18.371805191040099 ], [ -93.108749389648395, 18.368473052978601 ], [ -93.109024047851506, 18.371250152587901 ], [ -93.105140686035, 18.3737506866456 ] ] ], [ [ [ -93.1081924438475, 18.410694122314499 ], [ -93.110420227050795, 18.408472061157301 ], [ -93.113197326660199, 18.408750534057699 ], [ -93.112640380859304, 18.411249160766602 ], [ -93.1081924438475, 18.410694122314499 ] ] ] ] } },
{ "type": "Feature", "properties": { "NAME_1": "Tamaulipas" }, "geometry": { "type": "MultiPolygon", "coordinates": [ [ [ [ -97.919113159179702, 22.2482795715332 ], [ -97.933647155761705, 22.2582111358643 ], [ -97.950447082519503, 22.300800323486399 ], [ -97.998321533203097, 22.340112686157301 ], [ -98.017372131347699, 22.347471237182699 ], [ -98.052581787109304, 22.346290588378999 ], [ -98.115402221679702, 22.390869140625 ], [ -98.161338806152301, 22.405300140380898 ], [ -98.195999145507798, 22.455549240112401 ], [ -98.234161376953097, 22.4510097503663 ], [ -98.246803283691406, 22.441761016845799 ], [ -98.291946411132798, 22.442991256713999 ], [ -98.307426452636705, 22.4167499542237 ], [ -98.295127868652301, 22.393978118896399 ], [ -98.373077392578097, 22.3707294464112 ], [ -98.384666442870994, 22.396921157836999 ], [ -98.404281616210895, 22.3908805847169 ], [ -98.423316955566406, 22.4102497100831 ], [ -98.474403381347599, 22.420000076294102 ], [ -98.595527648925696, 22.408269882202301 ], [ -98.640426635742102, 22.411090850830199 ], [ -98.703529357910199, 22.3737907409668 ], [ -98.7417373657225, 22.380220413208001 ], [ -98.835083007812401, 22.3632507324219 ], [ -98.85888671875, 22.370941162109499 ], [ -98.902580261230497, 22.408880233764801 ], [ -98.9390869140625, 22.3778190612793 ], [ -99.031700134277301, 22.374942779541001 ], [ -99.111396789550795, 22.389400482177699 ], [ -99.183135986328097, 22.381082534790099 ], [ -99.216972351074205, 22.409561157226602 ], [ -99.268806457519503, 22.486991882324201 ], [ -99.305847167968807, 22.580640792846701 ], [ -99.339073181152301, 22.624122619628899 ], [ -99.393936157226506, 22.6639118194581 ], [ -99.467453002929602, 22.688261032104499 ], [ -99.508277893066307, 22.7457904815675 ], [ -99.541763305664006, 22.724399566650401 ], [ -99.557426452636705, 22.7239799499512 ], [ -99.555496215820298, 22.68577003479 ], [ -99.564888000488295, 22.673469543457099 ], [ -99.581787109375, 22.669929504394499 ], [ -99.6650390625, 22.696630477905298 ], [ -99.820953369140597, 22.7121906280518 ], [ -99.870117187499901, 22.734331130981602 ], [ -99.9736328125, 22.7600498199463 ], [ -100.006416320800994, 22.784530639648398 ], [ -100.016006469727003, 22.802852630615298 ], [ -100.029357910155994, 22.9534206390382 ], [ -100.014869689940994, 23.061740875244102 ], [ -100.034187316895, 23.104131698608299 ], [ -100.075347900390994, 23.133268356323399 ], [ -100.082946777344006, 23.2174892425537 ], [ -100.116676330565994, 23.2482604980469 ], [ -100.102378845215, 23.262199401855501 ], [ -100.099792480469006, 23.276590347290199 ], [ -100.121536254882997, 23.326280593872099 ], [ -100.07430267334, 23.3568000793456 ], [ -100.042747497559006, 23.3443508148194 ], [ -99.989677429199205, 23.3465805053712 ], [ -99.966140747070298, 23.337459564208999 ], [ -99.958068847656193, 23.4134712219238 ], [ -99.974578857421903, 23.4680480957032 ], [ -99.973342895507798, 23.507707595825298 ], [ -99.960060119628906, 23.542890548706101 ], [ -99.901283264160099, 23.608190536499102 ], [ -99.885910034179702, 23.689691543579201 ], [ -99.874977111816307, 23.711429595947301 ], [ -99.809837341308494, 23.750810623168899 ], [ -99.782371520995994, 23.7571105957031 ], [ -99.686141967773395, 23.7316608428956 ], [ -99.652107238769503, 23.7370910644531 ], [ -99.582000732421804, 23.772970199585 ], [ -99.569923400878906, 23.792680740356499 ], [ -99.568550109863196, 23.828161239623999 ], [ -99.560928344726506, 23.831689834594702 ], [ -99.47110748291, 23.811351776123001 ], [ -99.464256286621094, 23.815631866455099 ], [ -99.494720458984403, 23.9015998840332 ], [ -99.544250488281193, 23.9228610992431 ], [ -99.605056762695298, 24.0636806488038 ], [ -99.675819396972699, 24.1403198242188 ], [ -99.675666809082003, 24.206501007080199 ], [ -99.642517089843807, 24.335020065307699 ], [ -99.639411926269503, 24.377590179443501 ], [ -99.680076599121094, 24.478651046753001 ], [ -99.701736450195298, 24.4851799011232 ], [ -99.771736145019503, 24.484910964965898 ], [ -99.751686096191406, 24.5611991882325 ], [ -99.728858947753807, 24.5794906616212 ], [ -99.693649291992202, 24.592138290405298 ], [ -99.666748046875, 24.617080688476499 ], [ -99.600601196289006, 24.635440826416101 ], [ -99.559806823730497, 24.657592773437599 ], [ -99.494247436523395, 24.745790481567401 ], [ -99.449371337890597, 24.7341995239257 ], [ -99.429702758789006, 24.737529754638601 ], [ -99.384902954101605, 24.795780181884801 ], [ -99.338851928710895, 24.8136100769044 ], [ -99.320686340332003, 24.853940963745099 ], [ -99.311088562011705, 24.857301712036101 ], [ -99.305938720703097, 24.849420547485501 ], [ -99.294326782226605, 24.8005294799806 ], [ -99.249908447265597, 24.816930770873999 ], [ -99.222602844238295, 24.8854885101319 ], [ -99.200576782226605, 24.898870468139702 ], [ -99.1578369140625, 24.903930664062599 ], [ -99.145698547363196, 24.944152832031399 ], [ -99.142768859863295, 24.964361190795799 ], [ -99.175338745117102, 24.985109329223601 ], [ -99.193305969238295, 25.0365505218506 ], [ -99.193710327148395, 25.0591716766357 ], [ -99.183479309081903, 25.073900222778398 ], [ -99.133331298828097, 25.088850021362401 ], [ -99.117736816406193, 25.100700378418001 ], [ -99.077941894531193, 25.158180236816499 ], [ -99.054542541503807, 25.1586208343506 ], [ -99.035499572753906, 25.1226406097413 ], [ -99.020202636718693, 25.112300872802798 ], [ -98.918426513671804, 25.108240127563601 ], [ -98.899627685546903, 25.137559890747099 ], [ -98.888175964355497, 25.181810379028398 ], [ -98.862068176269503, 25.214492797851602 ], [ -98.826210021972599, 25.233600616455199 ], [ -98.674011230468693, 25.254470825195401 ], [ -98.634368896484403, 25.295312881469801 ], [ -98.603118896484403, 25.298601150512798 ], [ -98.548690795898395, 25.3506793975831 ], [ -98.498947143554702, 25.3732795715332 ], [ -98.469711303710895, 25.4314403533937 ], [ -98.424858093261705, 25.458530426025401 ], [ -98.413757324218693, 25.479919433593899 ], [ -98.418678283691406, 25.5033702850343 ], [ -98.510681152343807, 25.53125 ], [ -98.550163269042997, 25.561292648315501 ], [ -98.533805847167898, 25.590019226074201 ], [ -98.561378479003807, 25.647399902343899 ], [ -98.554412841796804, 25.6722011566162 ], [ -98.557312011718807, 25.7092208862306 ], [ -98.533142089843693, 25.754400253295898 ], [ -98.558097839355497, 25.804990768432599 ], [ -98.546043395995994, 25.926000595092901 ], [ -98.551033020019503, 25.9415607452394 ], [ -98.573883056640597, 25.951839447021499 ], [ -98.586479187011605, 26.022689819336001 ], [ -98.626846313476605, 26.031269073486399 ], [ -98.745719909667898, 26.007240295410199 ], [ -98.773490905761705, 26.016109466552798 ], [ -98.863861083984403, 25.964969635009801 ], [ -98.894401550292898, 25.957519531250099 ], [ -98.915435791015597, 25.963750839233501 ], [ -98.932769775390597, 25.976480484008899 ], [ -98.974067687988295, 26.054531097412202 ], [ -98.998916625976506, 26.078290939331101 ], [ -99.069541931152301, 26.081909179687599 ], [ -99.132316589355497, 26.0972595214844 ], [ -99.149436950683594, 26.106269836425799 ], [ -99.152008056640497, 26.122390747070298 ], [ -99.186401367187401, 26.134750366211101 ], [ -99.147277832031193, 26.154790878295898 ], [ -99.179397583007798, 26.1992797851562 ], [ -99.165367126464801, 26.225320816040099 ], [ -99.172317504882798, 26.247299194335898 ], [ -99.205497741699205, 26.247158050537202 ], [ -99.227226257324205, 26.222560882568501 ], [ -99.250411987304602, 26.223890304565501 ], [ -99.299301147460895, 26.2784729003907 ], [ -99.299430847167898, 26.319932937622099 ], [ -99.345687866210895, 26.312850952148601 ], [ -99.364967346191406, 26.324020385742202 ], [ -99.428512573242202, 26.4050312042237 ], [ -99.471061706542997, 26.5482501983643 ], [ -99.524818420410199, 26.565380096435501 ], [ -99.553009033203097, 26.5619926452637 ], [ -99.594779968261705, 26.637771606445298 ], [ -99.622467041015597, 26.644161224365199 ], [ -99.655746459960895, 26.632360458373999 ], [ -99.677276611328097, 26.654190063476602 ], [ -99.673843383789006, 26.7675304412843 ], [ -99.652786254882798, 26.830360412597798 ], [ -99.673522949218807, 26.850772857666101 ], [ -99.723793029785199, 26.874122619628999 ], [ -99.777488708495994, 26.8684597015382 ], [ -99.788581848144503, 26.8972396850587 ], [ -99.774665832519503, 26.956560134887699 ], [ -99.755027770996094, 26.997970581054801 ], [ -99.689376831054602, 27.047479629516499 ], [ -99.685287475585895, 27.059921264648501 ], [ -99.7071533203125, 27.110532760620099 ], [ -99.706398010253906, 27.1615905761719 ], [ -99.752220153808494, 27.202470779418999 ], [ -99.761672973632798, 27.2516803741456 ], [ -99.749443054199205, 27.320739746093899 ], [ -99.753120422363295, 27.3396911621094 ], [ -99.806503295898395, 27.3744411468507 ], [ -99.7569580078125, 27.421091079711999 ], [ -99.758842468261705, 27.452642440796001 ], [ -99.898010253906193, 27.4559307098388 ], [ -99.929443359374901, 27.4631881713868 ], [ -99.942787170410099, 27.475389480590898 ], [ -99.928802490234403, 27.513250350952202 ], [ -99.938339233398395, 27.546190261840898 ], [ -99.914939880370994, 27.565980911254901 ], [ -99.870613098144503, 27.5706291198731 ], [ -99.841056823730497, 27.5896110534668 ], [ -99.794570922851506, 27.599279403686602 ], [ -99.771606445312401, 27.634571075439599 ], [ -99.7796630859375, 27.667039871215799 ], [ -99.748725891113295, 27.655981063842901 ], [ -99.726409912109403, 27.668109893798899 ], [ -99.712799072265597, 27.654760360717798 ], [ -99.695327758789105, 27.666681289672901 ], [ -99.662567138671903, 27.652309417724702 ], [ -99.664703369140497, 27.6325206756593 ], [ -99.640129089355497, 27.626447677612202 ], [ -99.629867553710895, 27.629642486572202 ], [ -99.629310607910099, 27.64022064209 ], [ -99.599586486816406, 27.640581130981499 ], [ -99.593002319335895, 27.624429702758899 ], [ -99.579711914062401, 27.618400573730501 ], [ -99.585418701171804, 27.602760314941499 ], [ -99.552589416503906, 27.611841201782301 ], [ -99.515960693359403, 27.566999435424801 ], [ -99.529640197753807, 27.500730514526499 ], [ -99.493843078613295, 27.4987201690675 ], [ -99.482719421386705, 27.476100921630799 ], [ -99.498779296875, 27.4406929016113 ], [ -99.490287780761705, 27.407020568847699 ], [ -99.509490966796903, 27.355489730835 ], [ -99.508049011230497, 27.3402805328369 ], [ -99.514228820800795, 27.331090927124102 ], [ -99.538261413574205, 27.325210571289102 ], [ -99.541893005371094, 27.316001892089801 ], [ -99.530708312988196, 27.305810928344801 ], [ -99.493972778320298, 27.302881240844702 ], [ -99.499282836914105, 27.269250869751101 ], [ -99.488616943359403, 27.259061813354599 ], [ -99.465606689453097, 27.266780853271499 ], [ -99.446311950683494, 27.253320693969702 ], [ -99.448036193847699, 27.2228908538818 ], [ -99.429466247558594, 27.177150726318398 ], [ -99.442398071289006, 27.148170471191399 ], [ -99.433357238769503, 27.128749847412202 ], [ -99.443161010742102, 27.109439849853601 ], [ -99.431076049804702, 27.088619232177798 ], [ -99.452133178710895, 27.061050415039102 ], [ -99.445251464843693, 27.0218105316163 ], [ -99.434631347656193, 27.012531280517599 ], [ -99.414772033691406, 27.015649795532202 ], [ -99.381477355957003, 26.9757804870607 ], [ -99.393302917480497, 26.958320617675898 ], [ -99.387817382812401, 26.943061828613398 ], [ -99.327522277832003, 26.917310714721701 ], [ -99.324790954589801, 26.8766803741456 ], [ -99.276260375976506, 26.8491306304932 ], [ -99.243827819824205, 26.783351898193299 ], [ -99.246101379394503, 26.755210876465 ], [ -99.210952758789105, 26.717550277710099 ], [ -99.211181640625, 26.691699981689499 ], [ -99.1949462890625, 26.6375408172607 ], [ -99.173316955566406, 26.622592926025401 ], [ -99.178199768066307, 26.588920593261701 ], [ -99.164199829101506, 26.570329666137798 ], [ -99.171569824218807, 26.540361404418899 ], [ -99.122695922851506, 26.5205612182618 ], [ -99.098236083984403, 26.488929748535298 ], [ -99.094429016113295, 26.466260910034201 ], [ -99.113517761230497, 26.42852973938 ], [ -99.087013244628906, 26.401500701904201 ], [ -99.065338134765597, 26.397140502929702 ], [ -99.032333374023395, 26.413021087646499 ], [ -99.009826660156193, 26.391548156738299 ], [ -98.966308593749901, 26.398981094360298 ], [ -98.952293395995994, 26.388669967651399 ], [ -98.953987121582003, 26.372968673706101 ], [ -98.941406249999901, 26.3696098327638 ], [ -98.931037902832003, 26.3921508789063 ], [ -98.924461364745994, 26.392549514770501 ], [ -98.924148559570298, 26.376829147338899 ], [ -98.902030944824205, 26.369199752807699 ], [ -98.898162841796903, 26.355289459228601 ], [ -98.880348205566406, 26.366199493408299 ], [ -98.840530395507798, 26.3606681823732 ], [ -98.823249816894503, 26.369260787963999 ], [ -98.802581787109304, 26.3667106628419 ], [ -98.783927917480497, 26.328130722045898 ], [ -98.750076293945298, 26.330499649047798 ], [ -98.734077453613196, 26.3201408386231 ], [ -98.733245849609304, 26.308111190795898 ], [ -98.753433227539006, 26.308349609375 ], [ -98.753036499023395, 26.299560546874901 ], [ -98.704772949218807, 26.288801193237401 ], [ -98.698860168457003, 26.279020309448299 ], [ -98.719131469726506, 26.272331237793001 ], [ -98.659927368164105, 26.251241683960099 ], [ -98.659568786621094, 26.241992950439599 ], [ -98.675132751464801, 26.246810913086001 ], [ -98.672737121582003, 26.238000869750898 ], [ -98.632797241210895, 26.244880676269499 ], [ -98.649330139160199, 26.252029418945401 ], [ -98.647666931152301, 26.261259078979499 ], [ -98.620956420898395, 26.259981155395501 ], [ -98.617118835449205, 26.247900009155298 ], [ -98.5947265625, 26.259630203247099 ], [ -98.579696655273395, 26.253871917724599 ], [ -98.582015991210895, 26.235410690307699 ], [ -98.566329956054602, 26.238889694213899 ], [ -98.562042236328097, 26.223569869995199 ], [ -98.549736022949205, 26.235879898071399 ], [ -98.558189392089801, 26.243400573730501 ], [ -98.552101135253906, 26.245630264282202 ], [ -98.536766052245994, 26.227380752563501 ], [ -98.522071838378807, 26.2322597503663 ], [ -98.5247802734375, 26.2212028503419 ], [ -98.504547119140597, 26.2246112823487 ], [ -98.504325866699205, 26.208419799804702 ], [ -98.490631103515597, 26.2133083343506 ], [ -98.478187561035199, 26.204341888427699 ], [ -98.476905822753906, 26.219579696655401 ], [ -98.443077087402301, 26.222312927246001 ], [ -98.442497253417997, 26.198261260986399 ], [ -98.406089782714801, 26.177812576293999 ], [ -98.388366699218693, 26.154872894287202 ], [ -98.369697570800696, 26.156431198120199 ], [ -98.361892700195298, 26.169260025024499 ], [ -98.353698730468807, 26.149700164795 ], [ -98.337806701660199, 26.1637897491456 ], [ -98.334396362304602, 26.131820678711001 ], [ -98.307243347167898, 26.103620529174702 ], [ -98.299606323242102, 26.107660293579201 ], [ -98.306350708007798, 26.123500823974702 ], [ -98.282119750976605, 26.126342773437599 ], [ -98.279808044433594, 26.1161193847656 ], [ -98.267776489257798, 26.1131401062012 ], [ -98.287162780761705, 26.100509643554702 ], [ -98.248962402343693, 26.072111129760899 ], [ -98.220252990722599, 26.073471069336001 ], [ -98.199012756347699, 26.0536727905275 ], [ -98.180717468261705, 26.062139511108501 ], [ -98.180023193359304, 26.071840286255 ], [ -98.161056518554702, 26.0636405944825 ], [ -98.164306640625, 26.0530605316163 ], [ -98.149261474609403, 26.050481796264702 ], [ -98.136695861816307, 26.072919845581001 ], [ -98.129890441894503, 26.061700820923001 ], [ -98.1041259765625, 26.065851211547901 ], [ -98.096206665039105, 26.059690475463899 ], [ -98.082893371582003, 26.070550918579102 ], [ -98.072296142578097, 26.048610687256001 ], [ -98.078163146972599, 26.034370422363299 ], [ -98.065376281738196, 26.042930603027401 ], [ -98.038742065429702, 26.041959762573399 ], [ -98.030197143554602, 26.064010620117202 ], [ -98.015106201171804, 26.063259124755898 ], [ -98.011253356933594, 26.056240081787202 ], [ -97.984336853027301, 26.066360473632901 ], [ -97.970542907714801, 26.053600311279201 ], [ -97.954231262207003, 26.0625305175781 ], [ -97.940811157226506, 26.055322647094702 ], [ -97.938568115234403, 26.065000534057699 ], [ -97.931198120117102, 26.057449340820401 ], [ -97.901428222656193, 26.061096191406399 ], [ -97.899597167968807, 26.048889160156399 ], [ -97.886253356933594, 26.063938140869102 ], [ -97.865631103515597, 26.063102722168001 ], [ -97.86279296875, 26.055591583251999 ], [ -97.837806701660199, 26.048131942748999 ], [ -97.820976257324205, 26.057489395141701 ], [ -97.817199707031193, 26.045471191406399 ], [ -97.804725646972599, 26.061275482177699 ], [ -97.7919921875, 26.0494995117187 ], [ -97.800697326660199, 26.0431804656982 ], [ -97.798400878906193, 26.034912109375099 ], [ -97.778808593749901, 26.0311298370362 ], [ -97.779022216796903, 26.0445766448975 ], [ -97.771911621093693, 26.047729492187599 ], [ -97.764915466308594, 26.026262283325298 ], [ -97.742156982421804, 26.030349731445401 ], [ -97.732749938964702, 26.0245895385743 ], [ -97.731506347656193, 26.0338745117188 ], [ -97.717132568359403, 26.025171279907202 ], [ -97.709815979003906, 26.035190582275401 ], [ -97.694549560546903, 26.022819519043001 ], [ -97.69482421875, 26.0311298370362 ], [ -97.681884765624901, 26.027284622192401 ], [ -97.672607421875, 26.0335083007812 ], [ -97.665588378906193, 26.030885696411101 ], [ -97.669456481933594, 26.020401000976602 ], [ -97.656921386718693, 26.018678665161101 ], [ -97.646629333495994, 26.0277519226075 ], [ -97.643226623535199, 26.004529953003001 ], [ -97.621116638183594, 26.003559112548899 ], [ -97.636062622070298, 25.990480422973601 ], [ -97.612251281738295, 25.9783611297607 ], [ -97.6112060546875, 25.961730957031399 ], [ -97.587547302246094, 25.962511062622099 ], [ -97.582969665527301, 25.9461994171143 ], [ -97.5701904296875, 25.952880859375099 ], [ -97.587265014648395, 25.934867858886701 ], [ -97.564880371093693, 25.9273071289062 ], [ -97.556037902832003, 25.938619613647599 ], [ -97.540664672851506, 25.931297302246101 ], [ -97.54541015625, 25.9223022460938 ], [ -97.533866882324205, 25.922359466552798 ], [ -97.536659240722599, 25.9127006530762 ], [ -97.523277282714801, 25.888299942016701 ], [ -97.501426696777301, 25.897039413452301 ], [ -97.498779296874901, 25.8812866210938 ], [ -97.471008300781193, 25.888488769531399 ], [ -97.474906921386705, 25.8755493164062 ], [ -97.456481933593807, 25.8853149414062 ], [ -97.459411621093693, 25.868286132812599 ], [ -97.447509765624901, 25.867494583129901 ], [ -97.454879760742202, 25.8565406799318 ], [ -97.429199218749901, 25.8411254882813 ], [ -97.4166259765625, 25.842712402343899 ], [ -97.413513183593807, 25.8621215820313 ], [ -97.401306152343807, 25.8493041992188 ], [ -97.407211303710895, 25.838211059570298 ], [ -97.373779296874901, 25.845703125000099 ], [ -97.369079589843693, 25.850708007812599 ], [ -97.375, 25.858276367187599 ], [ -97.359924316406193, 25.8737182617188 ], [ -97.376281738281193, 25.8790893554688 ], [ -97.361999511718807, 25.887510299682699 ], [ -97.371826171875, 25.914306640625 ], [ -97.345123291015597, 25.932020187377901 ], [ -97.340896606445298, 25.921730041503899 ], [ -97.32861328125, 25.91827583313 ], [ -97.320388793945298, 25.932712554931602 ], [ -97.308578491210895, 25.9269104003906 ], [ -97.303756713867102, 25.936500549316499 ], [ -97.281707763671903, 25.9345397949219 ], [ -97.278015136718693, 25.9401245117188 ], [ -97.290000915527301, 25.958829879760899 ], [ -97.255126953124901, 25.9483032226563 ], [ -97.210906982421903, 25.963670730590898 ], [ -97.193550109863295, 25.956251144409201 ], [ -97.159591674804602, 25.9645805358887 ], [ -97.159523010253906, 25.9516201019287 ], [ -97.146247863769503, 25.9659729003906 ], [ -97.14990234375, 25.830139160156399 ], [ -97.182640075683494, 25.675138473510799 ], [ -97.250419616699205, 25.541805267334102 ], [ -97.380973815917997, 25.323472976684599 ], [ -97.421249389648395, 25.236251831054702 ], [ -97.456527709960895, 25.243473052978601 ], [ -97.445137023925795, 25.259027481079201 ], [ -97.447639465332003, 25.246528625488299 ], [ -97.440124511718807, 25.254089355468899 ], [ -97.423469543457003, 25.281528472900401 ], [ -97.4093017578125, 25.310417175293001 ], [ -97.413475036621094, 25.320138931274499 ], [ -97.398193359374901, 25.3259716033937 ], [ -97.399864196777301, 25.335416793823299 ], [ -97.391250610351605, 25.342363357543899 ], [ -97.386779785156193, 25.337890625 ], [ -97.392082214355398, 25.348472595214901 ], [ -97.379585266113196, 25.349027633667099 ], [ -97.376525878906193, 25.351528167724599 ], [ -97.386253356933494, 25.351528167724599 ], [ -97.380691528320298, 25.3556938171388 ], [ -97.389579772949205, 25.355138778686602 ], [ -97.387641906738295, 25.363193511962901 ], [ -97.382080078124901, 25.358749389648501 ], [ -97.37451171875, 25.36212348938 ], [ -97.378128051757798, 25.368185043335 ], [ -97.401252746581903, 25.368749618530298 ], [ -97.402915954589801, 25.362918853759901 ], [ -97.414581298828097, 25.3565273284912 ], [ -97.410140991210895, 25.3495826721193 ], [ -97.420135498046804, 25.337917327881001 ], [ -97.419860839843807, 25.326805114746001 ], [ -97.410415649414105, 25.325138092041101 ], [ -97.419029235839801, 25.317916870117202 ], [ -97.416252136230497, 25.310487747192401 ], [ -97.424308776855398, 25.304334640503001 ], [ -97.423225402832003, 25.3218078613282 ], [ -97.429306030273395, 25.327638626098601 ], [ -97.445968627929602, 25.300138473510799 ], [ -97.427917480468807, 25.3520832061768 ], [ -97.424026489257798, 25.329860687255898 ], [ -97.417358398437401, 25.359027862548899 ], [ -97.396247863769503, 25.374860763549801 ], [ -97.410140991210895, 25.376249313354499 ], [ -97.406806945800795, 25.369304656982401 ], [ -97.417358398437401, 25.362361907959102 ], [ -97.414863586425696, 25.370693206787202 ], [ -97.415695190429702, 25.371528625488299 ], [ -97.424308776855398, 25.3626384735107 ], [ -97.429580688476406, 25.360971450805799 ], [ -97.414863586425696, 25.373472213745199 ], [ -97.419303894042997, 25.377916336059702 ], [ -97.437919616699205, 25.3601379394532 ], [ -97.443191528320298, 25.3612499237062 ], [ -97.438468933105497, 25.367082595825298 ], [ -97.448196411132798, 25.3556938171388 ], [ -97.451248168945298, 25.362361907959102 ], [ -97.429306030273395, 25.3801383972168 ], [ -97.410697937011605, 25.379583358764801 ], [ -97.393753051757798, 25.406528472900401 ], [ -97.408752441406193, 25.422916412353601 ], [ -97.424583435058494, 25.415971755981399 ], [ -97.440971374511705, 25.427639007568398 ], [ -97.444030761718807, 25.4181938171387 ], [ -97.452880859375, 25.4213256835938 ], [ -97.457359313964801, 25.4154167175293 ], [ -97.440971374511705, 25.4413166046143 ], [ -97.443748474121094, 25.447916030883899 ], [ -97.452636718749901, 25.4395847320556 ], [ -97.464027404785199, 25.441528320312599 ], [ -97.478195190429602, 25.425138473510899 ], [ -97.475135803222599, 25.4381923675537 ], [ -97.469306945800795, 25.436527252197401 ], [ -97.466491699218807, 25.4404907226562 ], [ -97.496246337890597, 25.4506931304932 ], [ -97.510971069335895, 25.446527481079201 ], [ -97.505973815917997, 25.454027175903398 ], [ -97.520416259765597, 25.453750610351602 ], [ -97.525115966796804, 25.4665222167969 ], [ -97.536804199218807, 25.4606952667237 ], [ -97.536209106445298, 25.471523284912099 ], [ -97.522918701171804, 25.46875 ], [ -97.5281982421875, 25.475416183471701 ], [ -97.541992187499901, 25.470703125000099 ], [ -97.5504150390625, 25.4587497711182 ], [ -97.557579040527301, 25.461835861206101 ], [ -97.562080383300795, 25.4409713745118 ], [ -97.570968627929702, 25.446805953979499 ], [ -97.576530456542898, 25.444583892822202 ], [ -97.567085266113196, 25.4426383972169 ], [ -97.573974609375, 25.4334716796875 ], [ -97.562919616699205, 25.430416107177798 ], [ -97.537902832031193, 25.4401245117188 ], [ -97.544860839843693, 25.4290275573731 ], [ -97.541526794433494, 25.424863815307599 ], [ -97.537635803222699, 25.431804656982401 ], [ -97.537902832031193, 25.418518066406399 ], [ -97.514305114746094, 25.395971298217901 ], [ -97.507362365722599, 25.411249160766701 ], [ -97.505691528320298, 25.4009723663331 ], [ -97.521247863769503, 25.379304885864201 ], [ -97.501846313476506, 25.391485214233398 ], [ -97.505691528320298, 25.370138168335 ], [ -97.495697021484403, 25.376527786254901 ], [ -97.497642517089801, 25.360971450805799 ], [ -97.482131958007798, 25.358240127563501 ], [ -97.492637634277301, 25.351528167724599 ], [ -97.493469238281193, 25.357082366943398 ], [ -97.514862060546903, 25.358749389648501 ], [ -97.504859924316406, 25.363193511962901 ], [ -97.521247863769503, 25.370693206787202 ], [ -97.511253356933594, 25.371303558349702 ], [ -97.514030456542997, 25.375694274902301 ], [ -97.524871826171903, 25.376813888549901 ], [ -97.545974731445298, 25.367082595825298 ], [ -97.549026489257798, 25.357639312744102 ], [ -97.536247253417997, 25.356874465942401 ], [ -97.547920227050696, 25.353471755981499 ], [ -97.552635192871094, 25.3565273284912 ], [ -97.549026489257798, 25.3681945800781 ], [ -97.552085876464801, 25.370973587036101 ], [ -97.556808471679702, 25.355417251586999 ], [ -97.549026489257798, 25.350416183471602 ], [ -97.555137634277301, 25.345138549804702 ], [ -97.555969238281193, 25.351804733276399 ], [ -97.557640075683494, 25.342081069946399 ], [ -97.549308776855497, 25.348194122314499 ], [ -97.552917480468807, 25.339027404785199 ], [ -97.5443115234375, 25.338502883911101 ], [ -97.555969238281193, 25.335138320922901 ], [ -97.540969848632798, 25.338750839233501 ], [ -97.541252136230398, 25.321527481079102 ], [ -97.53125, 25.334028244018601 ], [ -97.530700683593807, 25.322875976562599 ], [ -97.539863586425795, 25.320417404174901 ], [ -97.527915954589801, 25.318750381469801 ], [ -97.530136108398395, 25.309583663940501 ], [ -97.540695190429702, 25.319860458374102 ], [ -97.553405761718807, 25.3192749023438 ], [ -97.555946350097699, 25.3154811859132 ], [ -97.536247253417997, 25.3048610687256 ], [ -97.537635803222699, 25.310417175293001 ], [ -97.5281982421875, 25.307638168335099 ], [ -97.522087097167997, 25.3168048858643 ], [ -97.535140991210895, 25.285417556762798 ], [ -97.552917480468807, 25.279027938842901 ], [ -97.5698623657225, 25.283750534057699 ], [ -97.570693969726506, 25.291528701782301 ], [ -97.568473815917997, 25.287082672119102 ], [ -97.562637329101605, 25.2904167175294 ], [ -97.5654296875, 25.302124023437599 ], [ -97.574028015136705, 25.2968063354493 ], [ -97.5665283203125, 25.311250686645501 ], [ -97.575416564941406, 25.315694808959901 ], [ -97.571525573730497, 25.320972442627099 ], [ -97.575691223144503, 25.3265285491944 ], [ -97.567359924316307, 25.3240261077881 ], [ -97.5718994140625, 25.32989692688 ], [ -97.587638854980497, 25.318473815918001 ], [ -97.577079772949205, 25.319026947021602 ], [ -97.584587097167997, 25.30930519104 ], [ -97.588470458984403, 25.3168048858643 ], [ -97.611526489257798, 25.307638168335099 ], [ -97.615417480468693, 25.318750381469801 ], [ -97.605697631835895, 25.314582824707099 ], [ -97.610137939453097, 25.309583663940501 ], [ -97.601249694824205, 25.317081451416101 ], [ -97.608749389648395, 25.318473815918001 ], [ -97.605972290039006, 25.3256950378419 ], [ -97.613471984863295, 25.320138931274499 ], [ -97.620697021484403, 25.323472976684599 ], [ -97.617622375488196, 25.329025268554702 ], [ -97.637916564941406, 25.332639694213999 ], [ -97.622085571289105, 25.347360610961999 ], [ -97.624862670898395, 25.357915878295898 ], [ -97.6168212890625, 25.3690795898438 ], [ -97.636802673339801, 25.358474731445298 ], [ -97.644302368164105, 25.358192443847699 ], [ -97.636596679687401, 25.363523483276499 ], [ -97.644859313964801, 25.364860534668001 ], [ -97.640136718749901, 25.369581222534201 ], [ -97.648475646972699, 25.379304885864201 ], [ -97.656524658203097, 25.3645839691162 ], [ -97.677085876464801, 25.37819480896 ], [ -97.6934814453125, 25.3779315948487 ], [ -97.710098266601605, 25.364576339721701 ], [ -97.705696105957003, 25.3601379394532 ], [ -97.692642211914105, 25.370138168335 ], [ -97.690147399902301, 25.364686965942401 ], [ -97.709030151367202, 25.35013961792 ], [ -97.714561462402301, 25.3551464080812 ], [ -97.725975036620994, 25.3329162597656 ], [ -97.708190917968807, 25.310138702392599 ], [ -97.692916870117202, 25.341527938842798 ], [ -97.690696716308594, 25.338193893432699 ], [ -97.720413208007798, 25.2829189300537 ], [ -97.7218017578125, 25.254583358764702 ], [ -97.731529235839801, 25.256528854370199 ], [ -97.732635498046804, 25.2695827484131 ], [ -97.749580383300795, 25.270694732666001 ], [ -97.749031066894503, 25.279861450195401 ], [ -97.766807556152301, 25.278753280639599 ], [ -97.774597167968693, 25.2879028320312 ], [ -97.793197631835895, 25.295972824096701 ], [ -97.776802062988196, 25.276805877685501 ], [ -97.769027709960895, 25.279861450195401 ], [ -97.783752441406193, 25.263473510742301 ], [ -97.772087097167997, 25.257917404174801 ], [ -97.761253356933494, 25.2643032073975 ], [ -97.747085571289105, 25.244861602783299 ], [ -97.736785888671903, 25.2432041168213 ], [ -97.732917785644503, 25.230138778686602 ], [ -97.722358703613295, 25.239585876465 ], [ -97.704856872558594, 25.240749359130898 ], [ -97.698196411132798, 25.2262496948243 ], [ -97.705413818359403, 25.196527481079201 ], [ -97.67041015625, 25.1729125976562 ], [ -97.702919006347699, 25.134027481078999 ], [ -97.702079772949205, 25.083520889282202 ], [ -97.710418701171804, 25.0820827484131 ], [ -97.718994140624901, 25.071470260620199 ], [ -97.738197326660199, 25.081527709960898 ], [ -97.752357482910199, 25.0723590850831 ], [ -97.719863891601506, 25.070972442626999 ], [ -97.717086791992102, 25.067916870117202 ], [ -97.7239990234375, 25.0598754882813 ], [ -97.722915649414006, 25.0587482452393 ], [ -97.707916259765597, 25.079584121704201 ], [ -97.70263671875, 25.076250076293899 ], [ -97.729583740234304, 25.040971755981399 ], [ -97.720413208007798, 25.039028167724702 ], [ -97.7396240234375, 25.038696289062599 ], [ -97.742614746093807, 25.0307006835938 ], [ -97.720970153808594, 25.036806106567401 ], [ -97.724311828613295, 25.017360687255898 ], [ -97.729309082031193, 25.019859313965 ], [ -97.733192443847599, 25.014583587646499 ], [ -97.720413208007798, 25.018194198608398 ], [ -97.715415954589801, 25.013471603393601 ], [ -97.740974426269503, 25.004028320312599 ], [ -97.753196716308594, 24.9823627471925 ], [ -97.749862670898395, 24.9745826721193 ], [ -97.771530151367102, 24.957361221313601 ], [ -97.747627258300696, 24.974580764770501 ], [ -97.7379150390625, 24.966249465942401 ], [ -97.731246948242202, 24.973472595214901 ], [ -97.730415344238295, 24.9651412963868 ], [ -97.722915649414006, 24.973194122314499 ], [ -97.699882507324205, 24.9595832824707 ], [ -97.692382812499901, 24.9401245117188 ], [ -97.667297363281193, 24.9379272460938 ], [ -97.650413513183494, 24.9190273284912 ], [ -97.669303894042898, 24.928749084472599 ], [ -97.674583435058594, 24.903194427490298 ], [ -97.682083129882798, 24.9081935882569 ], [ -97.677085876464801, 24.896804809570401 ], [ -97.691810607910099, 24.913486480712901 ], [ -97.712081909179702, 24.8845825195313 ], [ -97.715972900390597, 24.9023628234863 ], [ -97.718193054199205, 24.9023628234863 ], [ -97.716804504394503, 24.8998622894288 ], [ -97.717918395996094, 24.896804809570401 ], [ -97.719306945800795, 24.8962497711182 ], [ -97.720657348632798, 24.900983810424901 ], [ -97.732360839843693, 24.905416488647599 ], [ -97.720695495605497, 24.895694732666001 ], [ -97.738471984863196, 24.8881950378419 ], [ -97.7218017578125, 24.875139236450298 ], [ -97.735137939453097, 24.864305496215898 ], [ -97.728195190429702, 24.860694885253899 ], [ -97.722915649414006, 24.867082595825298 ], [ -97.723785400390497, 24.858242034912202 ], [ -97.751808166503807, 24.8512496948243 ], [ -97.731529235839801, 24.8448600769044 ], [ -97.736526489257798, 24.835973739624102 ], [ -97.739585876464801, 24.844030380248999 ], [ -97.749580383300795, 24.842361450195298 ], [ -97.751808166503807, 24.840694427490298 ], [ -97.742980957031193, 24.842100143432599 ], [ -97.751525878906193, 24.8318061828613 ], [ -97.737083435058594, 24.833923339843899 ], [ -97.740974426269503, 24.8273620605469 ], [ -97.742919921874901, 24.830741882324201 ], [ -97.745971679687401, 24.829027175903398 ], [ -97.746246337890597, 24.8276386260987 ], [ -97.728401184082003, 24.8223571777344 ], [ -97.739028930664006, 24.811527252197401 ], [ -97.729858398437401, 24.8120841979982 ], [ -97.721527099609403, 24.820692062378001 ], [ -97.718193054199205, 24.8073616027832 ], [ -97.708747863769503, 24.808750152587901 ], [ -97.744308471679702, 24.782917022705199 ], [ -97.747360229492202, 24.768194198608501 ], [ -97.768196105957003, 24.770694732666101 ], [ -97.749031066894503, 24.765417098999102 ], [ -97.729309082031193, 24.7895832061768 ], [ -97.71630859375, 24.785972595214901 ], [ -97.735420227050696, 24.770139694213999 ], [ -97.735969543457003, 24.7659702301025 ], [ -97.717086791992102, 24.779029846191399 ], [ -97.723197937011705, 24.771804809570298 ], [ -97.707916259765597, 24.771804809570298 ], [ -97.731246948242202, 24.7623615264893 ], [ -97.708190917968807, 24.7543048858643 ], [ -97.718193054199205, 24.7568054199219 ], [ -97.728195190429702, 24.749027252197301 ], [ -97.719581604003807, 24.748472213745099 ], [ -97.719306945800795, 24.732639312744102 ], [ -97.714607238769503, 24.7431964874269 ], [ -97.715415954589801, 24.7343063354493 ], [ -97.707916259765597, 24.735416412353601 ], [ -97.719863891601506, 24.731250762939499 ], [ -97.731803894042997, 24.6909713745118 ], [ -97.720695495605497, 24.704584121704201 ], [ -97.719863891601506, 24.697986602783299 ], [ -97.738197326660199, 24.6781959533693 ], [ -97.7418212890625, 24.6793212890625 ], [ -97.747085571289105, 24.677917480468899 ], [ -97.749305725097699, 24.685417175293001 ], [ -97.760971069335895, 24.6881942749025 ], [ -97.769302368164105, 24.669584274291999 ], [ -97.752914428710895, 24.667638778686499 ], [ -97.7620849609375, 24.673194885253899 ], [ -97.756248474121094, 24.686252593994102 ], [ -97.748748779296804, 24.676527023315501 ], [ -97.733749389648395, 24.674304962158299 ], [ -97.733192443847599, 24.680139541626001 ], [ -97.708747863769503, 24.685970306396499 ], [ -97.732086181640597, 24.6718063354493 ], [ -97.741531372070298, 24.653194427490298 ], [ -97.726249694824205, 24.673469543457099 ], [ -97.715972900390597, 24.653749465942301 ], [ -97.714027404785099, 24.662082672119201 ], [ -97.707916259765597, 24.6598625183107 ], [ -97.732635498046804, 24.558471679687599 ], [ -97.741806030273395, 24.488193511963001 ], [ -97.766250610351605, 24.4887504577637 ], [ -97.759010314941406, 24.495990753173899 ], [ -97.773498535156193, 24.5040893554688 ], [ -97.773750305175696, 24.5404167175294 ], [ -97.763191223144503, 24.544305801391602 ], [ -97.772918701171903, 24.5440273284912 ], [ -97.762916564941406, 24.5484714508056 ], [ -97.771530151367102, 24.5531940460206 ], [ -97.768470764160199, 24.558750152587901 ], [ -97.819305419921903, 24.549026489257798 ], [ -97.812080383300696, 24.555973052978501 ], [ -97.816223144531193, 24.5740985870362 ], [ -97.822639465332003, 24.554582595825199 ], [ -97.835975646972699, 24.5712509155275 ], [ -97.824028015136705, 24.579584121704102 ], [ -97.823471069335895, 24.582639694213899 ], [ -97.844306945800696, 24.583194732666101 ], [ -97.840698242187401, 24.5759716033937 ], [ -97.849304199218807, 24.568195343017599 ], [ -97.839302062988295, 24.558193206787202 ], [ -97.839859008789105, 24.537359237670898 ], [ -97.835136413574205, 24.541528701782301 ], [ -97.834289550781193, 24.5385131835938 ], [ -97.844863891601605, 24.53125 ], [ -97.850135803222599, 24.562637329101602 ], [ -97.862083435058594, 24.558750152587901 ], [ -97.865135192871094, 24.549026489257798 ], [ -97.858467102050795, 24.551540374756001 ], [ -97.852912902831903, 24.536247253418001 ], [ -97.861808776855497, 24.531528472900501 ], [ -97.855140686035199, 24.531528472900501 ], [ -97.857086181640597, 24.528749465942401 ], [ -97.856803894042898, 24.524026870727699 ], [ -97.862922668457003, 24.529050827026499 ], [ -97.868469238281193, 24.523471832275501 ], [ -97.847358703613196, 24.504583358764702 ], [ -97.835975646972699, 24.5168056488038 ], [ -97.843475341796903, 24.495695114135899 ], [ -97.814857482910099, 24.5140285491944 ], [ -97.844863891601605, 24.487363815307599 ], [ -97.857086181640597, 24.4634723663331 ], [ -97.853752136230398, 24.445417404174801 ], [ -97.833473205566406, 24.417640686035199 ], [ -97.798751831054702, 24.4145832061768 ], [ -97.791809082031193, 24.409582138061499 ], [ -97.812362670898395, 24.4037475585938 ], [ -97.799377441406193, 24.412107467651399 ], [ -97.827362060546903, 24.406805038452301 ], [ -97.8331298828125, 24.4163208007813 ], [ -97.838470458984403, 24.413194656372202 ], [ -97.828475952148395, 24.407638549804801 ], [ -97.836250305175795, 24.4034729003906 ], [ -97.827079772949205, 24.393194198608501 ], [ -97.831253051757798, 24.388471603393601 ], [ -97.824028015136705, 24.392362594604499 ], [ -97.805137634277301, 24.378194808960099 ], [ -97.820137023925795, 24.359861373901399 ], [ -97.813751220703097, 24.352638244628999 ], [ -97.800086975097699, 24.3546028137207 ], [ -97.795135498046903, 24.318195343017599 ], [ -97.785972595214801, 24.3954162597657 ], [ -97.789863586425696, 24.382917404174901 ], [ -97.792640686035, 24.385139465332099 ], [ -97.778472900390597, 24.4181938171388 ], [ -97.790969848632798, 24.4090270996094 ], [ -97.791252136230497, 24.4137496948243 ], [ -97.774024963378807, 24.425138473510899 ], [ -97.768531799316406, 24.442380905151399 ], [ -97.7457275390625, 24.449888229370199 ], [ -97.750968933105497, 24.4370841979982 ], [ -97.748779296875, 24.445972442626999 ], [ -97.752914428710895, 24.447082519531399 ], [ -97.755142211914006, 24.4334716796875 ], [ -97.7540283203125, 24.432083129882798 ], [ -97.751220703124901, 24.435485839843899 ], [ -97.749031066894503, 24.434860229492202 ], [ -97.759025573730497, 24.422361373901399 ], [ -97.749580383300795, 24.4201393127443 ], [ -97.752914428710895, 24.355417251586999 ], [ -97.743469238281193, 24.317361831665 ], [ -97.747093200683594, 24.326261520385799 ], [ -97.752082824707003, 24.280971527099599 ], [ -97.74658203125, 24.289306640625099 ], [ -97.742980957031193, 24.268194198608398 ], [ -97.747634887695298, 24.279024124145501 ], [ -97.763748168945298, 24.206527709961001 ], [ -97.766525268554702, 24.180139541626101 ], [ -97.760139465332003, 24.172361373901399 ], [ -97.771247863769503, 24.1384716033937 ], [ -97.772087097167997, 24.086250305175898 ], [ -97.793197631835895, 24.066249847412202 ], [ -97.797080993652301, 24.073749542236399 ], [ -97.787086486816307, 24.083194732666101 ], [ -97.794029235839801, 24.080694198608299 ], [ -97.797302246093693, 24.083194732666101 ], [ -97.786315917968693, 24.105712890625099 ], [ -97.800971984863295, 24.100139617919901 ], [ -97.8037109375, 24.0906982421875 ], [ -97.806251525878807, 24.104303359985401 ], [ -97.825973510742202, 24.102638244628999 ], [ -97.807907104492202, 24.099584579467798 ], [ -97.810691833496094, 24.078750610351602 ], [ -97.802307128906193, 24.077087402343899 ], [ -97.801528930664105, 24.064861297607401 ], [ -97.802085876464801, 24.061527252197401 ], [ -97.808471679687401, 24.062082290649499 ], [ -97.8109130859375, 24.0576782226562 ], [ -97.8004150390625, 24.0584716796875 ], [ -97.799583435058494, 24.0476379394532 ], [ -97.790969848632798, 24.048194885253999 ], [ -97.799858093261705, 24.029029846191499 ], [ -97.793197631835895, 24.023750305175799 ], [ -97.789863586425696, 24.059305191040099 ], [ -97.774307250976506, 24.0676364898682 ], [ -97.773750305175696, 23.980138778686602 ], [ -97.782897949218693, 23.981323242187599 ], [ -97.789581298828097, 23.970972061157202 ], [ -97.770416259765597, 23.975694656371999 ], [ -97.775695800781193, 23.9543056488038 ], [ -97.760971069335895, 23.841249465942401 ], [ -97.767913818359304, 23.836250305175799 ], [ -97.768470764160199, 23.8548603057862 ], [ -97.772361755371094, 23.788473129272599 ], [ -97.752357482910199, 23.791805267333999 ], [ -97.7454833984375, 23.804077148437599 ], [ -97.750968933105497, 23.789028167724599 ], [ -97.738197326660199, 23.789028167724599 ], [ -97.738471984863196, 23.812360763549801 ], [ -97.744583129882798, 23.807081222534201 ], [ -97.737358093261705, 23.821804046631001 ], [ -97.738197326660199, 23.869028091430799 ], [ -97.742919921874901, 23.865972518920898 ], [ -97.746246337890597, 23.8681945800782 ], [ -97.736808776855497, 23.892360687256001 ], [ -97.731201171874901, 23.7706909179688 ], [ -97.770080566406193, 23.787109375000099 ], [ -97.780693054199205, 23.780138015747202 ], [ -97.7509765625, 23.764114379882798 ], [ -97.7540283203125, 23.762916564941499 ], [ -97.755416870117102, 23.758195877075298 ], [ -97.758468627929602, 23.758472442627099 ], [ -97.766807556152301, 23.721805572509801 ], [ -97.764579772949205, 23.627639770507901 ], [ -97.752357482910199, 23.6479167938232 ], [ -97.750694274902301, 23.629861831665199 ], [ -97.747642517089801, 23.6362495422363 ], [ -97.740417480468807, 23.7270812988282 ], [ -97.756530761718807, 23.7356948852538 ], [ -97.748191833495994, 23.744306564331101 ], [ -97.757080078125, 23.746250152588001 ], [ -97.756530761718807, 23.756526947021602 ], [ -97.748748779296804, 23.762638092041101 ], [ -97.750450134277301, 23.765975952148601 ], [ -97.739303588867102, 23.762083053588899 ], [ -97.743751525878906, 23.773195266723601 ], [ -97.732322692871094, 23.767627716064599 ], [ -97.766807556152301, 23.408750534057599 ], [ -97.770355224609403, 23.432373046875099 ], [ -97.773750305175696, 23.410417556762699 ], [ -97.791809082031193, 23.414304733276399 ], [ -97.766807556152301, 23.4043064117432 ], [ -97.769859313964801, 23.337709426879901 ], [ -97.777641296386705, 23.335971832275501 ], [ -97.770416259765597, 23.332361221313501 ], [ -97.769302368164105, 23.2743034362794 ], [ -97.780136108398395, 23.274585723877099 ], [ -97.769302368164105, 23.270971298217901 ], [ -97.768470764160199, 23.230970382690401 ], [ -97.773475646972699, 23.232915878295898 ], [ -97.774864196777301, 23.232082366943398 ], [ -97.770973205566307, 23.215139389038001 ], [ -97.769584655761705, 23.229305267333999 ], [ -97.767913818359304, 23.223194122314499 ], [ -97.761802673339801, 23.082359313964901 ], [ -97.760414123535199, 23.000694274902401 ], [ -97.767913818359304, 22.8809719085693 ], [ -97.777915954589801, 22.831527709961001 ], [ -97.788475036621094, 22.7912502288819 ], [ -97.839859008789105, 22.6743068695069 ], [ -97.845970153808594, 22.685693740844801 ], [ -97.837364196777301, 22.684305191040099 ], [ -97.828193664550696, 22.701250076293899 ], [ -97.823753356933594, 22.712638854980501 ], [ -97.826530456542997, 22.709583282470799 ], [ -97.832916259765597, 22.709863662719801 ], [ -97.817642211914105, 22.729305267333999 ], [ -97.814025878906193, 22.748193740844801 ], [ -97.802360534667898, 22.7598590850831 ], [ -97.786804199218693, 22.801805496215898 ], [ -97.767364501953097, 22.892915725708001 ], [ -97.767639160156193, 22.945417404174901 ], [ -97.776802062988196, 22.910417556762798 ], [ -97.769302368164105, 22.890415191650501 ], [ -97.789024353027301, 22.845972061157202 ], [ -97.788749694824205, 22.813472747802798 ], [ -97.805419921874901, 22.785694122314599 ], [ -97.802635192870994, 22.7784748077393 ], [ -97.831527709960895, 22.7631950378419 ], [ -97.846527099609403, 22.736528396606399 ], [ -97.854026794433494, 22.700416564941399 ], [ -97.891807556152301, 22.645139694213899 ], [ -97.898750305175696, 22.6020832061768 ], [ -97.893470764160199, 22.587358474731399 ], [ -97.872085571289105, 22.574306488037202 ], [ -97.871803283691406, 22.5676383972169 ], [ -97.865974426269503, 22.5531959533693 ], [ -97.864860534667997, 22.5523605346681 ], [ -97.855140686035199, 22.6229152679443 ], [ -97.858474731445298, 22.630416870117202 ], [ -97.849861145019403, 22.646804809570298 ], [ -97.855972290039105, 22.650693893432699 ], [ -97.849029541015597, 22.653194427490199 ], [ -97.844306945800696, 22.678747177124102 ], [ -97.859580993652301, 22.573472976684599 ], [ -97.859306335449205, 22.506248474121101 ], [ -97.856529235839801, 22.493751525878999 ], [ -97.847915649414105, 22.492359161377099 ], [ -97.885696411132798, 22.491247177124102 ], [ -97.887359619140597, 22.474582672119201 ], [ -97.884307861328097, 22.467361450195298 ], [ -97.886253356933594, 22.4815273284913 ], [ -97.878753662109304, 22.486803054809702 ], [ -97.848747253417997, 22.4826393127443 ], [ -97.857086181640597, 22.480417251586999 ], [ -97.857360839843693, 22.468469619751101 ], [ -97.869308471679602, 22.480140686035199 ], [ -97.873191833495994, 22.468469619751101 ], [ -97.864860534667997, 22.447639465332099 ], [ -97.865974426269503, 22.434860229492301 ], [ -97.873474121093807, 22.432083129882798 ], [ -97.852363586425795, 22.3634738922119 ], [ -97.848747253417997, 22.356250762939499 ], [ -97.837364196777301, 22.358472824096701 ], [ -97.855140686035199, 22.4554157257081 ], [ -97.810691833496094, 22.300138473510899 ], [ -97.787635803222699, 22.2643051147462 ], [ -97.774307250976506, 22.267362594604599 ], [ -97.772918701171903, 22.266527175903299 ], [ -97.792083740234403, 22.262083053588899 ], [ -97.774581909179602, 22.264026641845799 ], [ -97.789024353027301, 22.260139465332099 ], [ -97.838249206542997, 22.209779739379901 ], [ -97.864738464355398, 22.197040557861399 ], [ -97.890670776367102, 22.2116928100587 ], [ -97.919113159179702, 22.2482795715332 ] ] ], [ [ [ -97.859024047851605, 22.625137329101602 ], [ -97.867362976074205, 22.6193046569825 ], [ -97.871803283691406, 22.618473052978501 ], [ -97.861251831054702, 22.626806259155298 ], [ -97.859024047851605, 22.625137329101602 ] ] ], [ [ [ -97.860694885253906, 22.651250839233501 ], [ -97.861251831054702, 22.650138854980501 ], [ -97.859863281249901, 22.653194427490199 ], [ -97.859580993652301, 22.652082443237202 ], [ -97.860694885253906, 22.651250839233501 ] ] ], [ [ [ -97.845970153808594, 22.679582595825298 ], [ -97.847358703613196, 22.6790275573731 ], [ -97.848747253417997, 22.681251525878999 ], [ -97.846527099609403, 22.681804656982401 ], [ -97.845970153808594, 22.679582595825298 ] ] ], [ [ [ -97.845413208007798, 22.690139770507798 ], [ -97.846801757812401, 22.6909713745118 ], [ -97.844024658203097, 22.6918048858644 ], [ -97.84375, 22.6909713745118 ], [ -97.845413208007798, 22.690139770507798 ] ] ], [ [ [ -97.838752746582003, 22.693195343017699 ], [ -97.839584350585895, 22.6918048858644 ], [ -97.842636108398395, 22.694026947021499 ], [ -97.839584350585895, 22.695140838623001 ], [ -97.838752746582003, 22.693195343017699 ] ] ], [ [ [ -97.795356750488295, 24.094608306884801 ], [ -97.795417785644503, 24.092082977294901 ], [ -97.799308776855398, 24.093748092651399 ], [ -97.798751831054702, 24.0951366424562 ], [ -97.795356750488295, 24.094608306884801 ] ] ], [ [ [ -97.815696716308494, 24.397638320922901 ], [ -97.818191528320298, 24.394861221313501 ], [ -97.819580078125, 24.3945827484132 ], [ -97.816802978515597, 24.401807785034201 ], [ -97.815696716308494, 24.397638320922901 ] ] ], [ [ [ -97.850975036620994, 24.5168056488038 ], [ -97.848747253417997, 24.5148620605469 ], [ -97.852363586425795, 24.511529922485401 ], [ -97.853469848632798, 24.516527175903398 ], [ -97.850975036620994, 24.5168056488038 ] ] ], [ [ [ -97.810974121093807, 24.524583816528398 ], [ -97.810974121093807, 24.518472671508899 ], [ -97.812919616699205, 24.516527175903398 ], [ -97.812416076660199, 24.525987625122099 ], [ -97.810974121093807, 24.524583816528398 ] ] ], [ [ [ -97.849861145019403, 24.5229187011719 ], [ -97.850692749023395, 24.522083282470799 ], [ -97.852600097656193, 24.522094726562401 ], [ -97.851043701171903, 24.524589538574201 ], [ -97.849861145019403, 24.5229187011719 ] ] ], [ [ [ -97.855697631835895, 24.527915954589901 ], [ -97.851753234863196, 24.529605865478601 ], [ -97.851249694824205, 24.524902343750099 ], [ -97.855140686035199, 24.525972366333001 ], [ -97.855697631835895, 24.527915954589901 ] ] ], [ [ [ -97.790695190429702, 22.792638778686602 ], [ -97.791252136230497, 22.791805267334102 ], [ -97.794860839843807, 22.792083740234499 ], [ -97.792640686035, 22.795415878296001 ], [ -97.790695190429702, 22.792638778686602 ] ] ], [ [ [ -97.785697937011705, 22.822639465332099 ], [ -97.787086486816307, 22.8268051147462 ], [ -97.785140991210895, 22.8276386260987 ], [ -97.784858703613295, 22.8237495422363 ], [ -97.785697937011705, 22.822639465332099 ] ] ], [ [ [ -97.757362365722699, 23.7379169464112 ], [ -97.756248474121094, 23.7398605346681 ], [ -97.755142211914006, 23.7398605346681 ], [ -97.756248474121094, 23.737083435058601 ], [ -97.757362365722699, 23.7379169464112 ] ] ], [ [ [ -97.758468627929602, 23.741527557373001 ], [ -97.756805419921903, 23.7423610687256 ], [ -97.756805419921903, 23.7398605346681 ], [ -97.758750915527301, 23.739582061767699 ], [ -97.758468627929602, 23.741527557373001 ] ] ], [ [ [ -97.757362365722699, 23.744583129882901 ], [ -97.757362365722699, 23.744026184082099 ], [ -97.760414123535199, 23.742914199829201 ], [ -97.759582519531193, 23.744583129882901 ], [ -97.757362365722699, 23.744583129882901 ] ] ], [ [ [ -97.760971069335895, 23.796249389648501 ], [ -97.7620849609375, 23.794582366943398 ], [ -97.762916564941406, 23.7948608398438 ], [ -97.761802673339801, 23.7976379394532 ], [ -97.760971069335895, 23.796249389648501 ] ] ], [ [ [ -97.765693664550795, 23.799072265625 ], [ -97.765197753906193, 23.798469543456999 ], [ -97.765419006347699, 23.7948608398438 ], [ -97.766807556152301, 23.799861907959102 ], [ -97.765693664550795, 23.799072265625 ] ] ], [ [ [ -97.755409240722699, 23.8076686859131 ], [ -97.757919311523395, 23.809028625488299 ], [ -97.758178710937401, 23.811523437500099 ], [ -97.754570007324205, 23.811807632446399 ], [ -97.755409240722699, 23.8076686859131 ] ] ], [ [ [ -97.761276245117202, 23.828754425048899 ], [ -97.764030456542898, 23.820417404174901 ], [ -97.762641906738295, 23.8090839385987 ], [ -97.763488769531193, 23.804321289062599 ], [ -97.767364501953097, 23.821804046631001 ], [ -97.761276245117202, 23.828754425048899 ] ] ], [ [ [ -97.744308471679702, 23.820417404174901 ], [ -97.743469238281193, 23.821250915527401 ], [ -97.740692138671903, 23.821283340454201 ], [ -97.742919921874901, 23.819583892822301 ], [ -97.744308471679702, 23.820417404174901 ] ] ], [ [ [ -97.765144348144503, 23.831806182861399 ], [ -97.767364501953097, 23.831527709961001 ], [ -97.766807556152301, 23.833749771118299 ], [ -97.765647888183494, 23.833215713500898 ], [ -97.765144348144503, 23.831806182861399 ] ] ], [ [ [ -97.743469238281193, 23.860694885253899 ], [ -97.745971679687401, 23.8599243164062 ], [ -97.746528625488295, 23.861528396606499 ], [ -97.7423095703125, 23.862670898437599 ], [ -97.743469238281193, 23.860694885253899 ] ] ], [ [ [ -97.745689392089801, 23.864866256713899 ], [ -97.748748779296804, 23.858749389648398 ], [ -97.752639770507798, 23.859306335449201 ], [ -97.752624511718807, 23.862913131713899 ], [ -97.745689392089801, 23.864866256713899 ] ] ], [ [ [ -97.759864807128906, 23.862430572509901 ], [ -97.761253356933494, 23.864307403564599 ], [ -97.758728027343807, 23.8690795898438 ], [ -97.759582519531193, 23.862638473510899 ], [ -97.759864807128906, 23.862430572509901 ] ] ], [ [ [ -97.757637023925696, 23.873651504516499 ], [ -97.758193969726506, 23.8706951141357 ], [ -97.759864807128906, 23.8706951141357 ], [ -97.757919311523395, 23.8754158020019 ], [ -97.757637023925696, 23.873651504516499 ] ] ], [ [ [ -97.764579772949205, 23.896324157714801 ], [ -97.7620849609375, 23.885694503784201 ], [ -97.762359619140597, 23.879861831665099 ], [ -97.765983581542997, 23.899583816528299 ], [ -97.764579772949205, 23.896324157714801 ] ] ], [ [ [ -97.750137329101605, 23.929582595825199 ], [ -97.744583129882798, 23.920972824096701 ], [ -97.752357482910199, 23.922916412353501 ], [ -97.753753662109403, 23.915971755981602 ], [ -97.757080078125, 23.9218063354493 ], [ -97.750137329101605, 23.929582595825199 ] ] ], [ [ [ -97.764030456542898, 23.947360992431602 ], [ -97.7701416015625, 23.945415496826101 ], [ -97.770973205566307, 23.947639465331999 ], [ -97.762359619140597, 23.950138092041101 ], [ -97.764030456542898, 23.947360992431602 ] ] ], [ [ [ -97.740417480468807, 23.949583053588899 ], [ -97.741806030273395, 23.948749542236399 ], [ -97.743469238281193, 23.951805114746001 ], [ -97.741485595703097, 23.951822280883899 ], [ -97.740417480468807, 23.949583053588899 ] ] ], [ [ [ -97.767082214355398, 23.973194122314499 ], [ -97.764030456542898, 23.96875 ], [ -97.765380859375, 23.965087890625099 ], [ -97.770416259765597, 23.967916488647599 ], [ -97.767082214355398, 23.973194122314499 ] ] ], [ [ [ -97.750099182128807, 24.086809158325298 ], [ -97.749031066894503, 24.083194732666101 ], [ -97.756805419921903, 24.067083358764702 ], [ -97.757637023925696, 24.0776386260987 ], [ -97.750099182128807, 24.086809158325298 ] ] ], [ [ [ -97.736480712890597, 24.086818695068398 ], [ -97.736251831054602, 24.085416793823399 ], [ -97.738471984863196, 24.081247329711999 ], [ -97.738471984863196, 24.088193893432599 ], [ -97.736480712890597, 24.086818695068398 ] ] ], [ [ [ -97.724586486816406, 24.1281223297119 ], [ -97.735694885253807, 23.995971679687599 ], [ -97.738197326660199, 23.8945827484131 ], [ -97.738197326660199, 23.9651393890381 ], [ -97.748191833495994, 23.949583053588899 ], [ -97.747642517089801, 23.934028625488398 ], [ -97.751808166503807, 23.947360992431602 ], [ -97.739860534667997, 23.9681930541993 ], [ -97.7401123046875, 24.0740966796875 ], [ -97.734580993652301, 24.076250076293899 ], [ -97.737083435058594, 24.1101398468019 ], [ -97.730697631835895, 24.1201362609863 ], [ -97.728752136230497, 24.135694503784201 ], [ -97.733192443847599, 24.164304733276399 ], [ -97.729858398437401, 24.1601371765138 ], [ -97.724586486816406, 24.178749084472798 ], [ -97.731246948242202, 24.166528701782301 ], [ -97.732635498046804, 24.173196792602599 ], [ -97.716529846191307, 24.2768058776856 ], [ -97.711486816406193, 24.2742900848388 ], [ -97.724586486816406, 24.1281223297119 ] ] ], [ [ [ -97.755142211914006, 24.107976913452099 ], [ -97.754859924316307, 24.104028701782301 ], [ -97.760414123535199, 24.098749160766602 ], [ -97.759582519531193, 24.107084274291999 ], [ -97.755142211914006, 24.107976913452099 ] ] ], [ [ [ -97.747642517089801, 24.112688064575199 ], [ -97.749305725097699, 24.104028701782301 ], [ -97.753753662109403, 24.098749160766602 ], [ -97.749900817870994, 24.113758087158299 ], [ -97.747642517089801, 24.112688064575199 ] ] ], [ [ [ -97.742362976074205, 24.117458343505799 ], [ -97.742362976074205, 24.114582061767699 ], [ -97.743751525878906, 24.114582061767699 ], [ -97.744323730468807, 24.1185302734375 ], [ -97.742362976074205, 24.117458343505799 ] ] ], [ [ [ -97.732086181640597, 24.135986328125099 ], [ -97.732635498046804, 24.1201362609863 ], [ -97.739303588867102, 24.108194351196399 ], [ -97.737640380859403, 24.103471755981602 ], [ -97.743469238281193, 24.0956935882569 ], [ -97.732086181640597, 24.135986328125099 ] ] ], [ [ [ -97.75, 24.131526947021602 ], [ -97.749092102050795, 24.128749847412099 ], [ -97.749305725097699, 24.1256942749025 ], [ -97.751251220702997, 24.134025573730501 ], [ -97.75, 24.131526947021602 ] ] ], [ [ [ -97.753250122070298, 24.1387748718263 ], [ -97.755142211914006, 24.1384716033937 ], [ -97.754211425781193, 24.1409721374512 ], [ -97.752914428710895, 24.140693664550799 ], [ -97.753250122070298, 24.1387748718263 ] ] ], [ [ [ -97.756805419921903, 24.1409721374512 ], [ -97.758193969726506, 24.1390991210937 ], [ -97.755973815917997, 24.144304275512599 ], [ -97.755691528320298, 24.142368316650401 ], [ -97.756805419921903, 24.1409721374512 ] ] ], [ [ [ -97.737083435058594, 24.145227432251101 ], [ -97.738471984863196, 24.143194198608501 ], [ -97.737625122070298, 24.1373615264893 ], [ -97.738471984863196, 24.135694503784201 ], [ -97.739303588867102, 24.1434726715088 ], [ -97.737358093261705, 24.148750305175799 ], [ -97.737083435058594, 24.145227432251101 ] ] ], [ [ [ -97.759307861328097, 24.150140762329201 ], [ -97.757637023925696, 24.1490287780762 ], [ -97.759025573730497, 24.146804809570401 ], [ -97.759864807128906, 24.151527404785199 ], [ -97.759307861328097, 24.150140762329201 ] ] ], [ [ [ -97.759864807128906, 24.1534729003906 ], [ -97.7620849609375, 24.151527404785199 ], [ -97.764030456542898, 24.154581069946399 ], [ -97.759864807128906, 24.155416488647599 ], [ -97.759864807128906, 24.1534729003906 ] ] ], [ [ [ -97.721282958984304, 24.275979995727599 ], [ -97.718994140624901, 24.277099609375099 ], [ -97.730140686035099, 24.239305496215799 ], [ -97.739585876464801, 24.221250534057699 ], [ -97.721282958984304, 24.275979995727599 ] ] ], [ [ [ -97.7423095703125, 24.2598876953125 ], [ -97.743194580078097, 24.258752822876001 ], [ -97.745140075683494, 24.259305953979499 ], [ -97.742919921874901, 24.2615280151368 ], [ -97.7423095703125, 24.2598876953125 ] ] ], [ [ [ -97.722381591796903, 24.282943725585898 ], [ -97.723472595214801, 24.281806945800799 ], [ -97.724861145019503, 24.282083511352599 ], [ -97.723701477050795, 24.284080505371101 ], [ -97.722381591796903, 24.282943725585898 ] ] ], [ [ [ -97.739585876464801, 24.289304733276499 ], [ -97.738220214843807, 24.2864971160888 ], [ -97.730697631835895, 24.2815265655518 ], [ -97.740974426269503, 24.281248092651399 ], [ -97.739585876464801, 24.289304733276499 ] ] ], [ [ [ -97.727912902832003, 24.2968063354493 ], [ -97.726524353027301, 24.2951374053956 ], [ -97.732917785644503, 24.288194656372099 ], [ -97.732635498046804, 24.2948608398438 ], [ -97.727912902832003, 24.2968063354493 ] ] ], [ [ [ -97.747085571289105, 24.298751831054599 ], [ -97.748474121093693, 24.295694351196399 ], [ -97.747360229492202, 24.3023605346681 ], [ -97.7462158203125, 24.302124023437599 ], [ -97.747085571289105, 24.298751831054599 ] ] ], [ [ [ -97.725135803222699, 24.306127548217901 ], [ -97.724861145019503, 24.299922943115298 ], [ -97.725975036620994, 24.299304962158299 ], [ -97.727363586425795, 24.303472518920799 ], [ -97.724029541015597, 24.3101406097412 ], [ -97.725135803222699, 24.306127548217901 ] ] ], [ [ [ -97.741142272949105, 24.314306259155401 ], [ -97.7418212890625, 24.313720703125099 ], [ -97.744026184082003, 24.313749313354599 ], [ -97.742080688476506, 24.31569480896 ], [ -97.741142272949105, 24.314306259155401 ] ] ], [ [ [ -97.718475341796903, 24.326250076294102 ], [ -97.718200683593807, 24.323730468749901 ], [ -97.721252441406193, 24.3223590850831 ], [ -97.722084045410199, 24.327638626098601 ], [ -97.718475341796903, 24.326250076294102 ] ] ], [ [ [ -97.720138549804602, 24.331804275512699 ], [ -97.7218017578125, 24.330972671508899 ], [ -97.719284057617102, 24.334033966064499 ], [ -97.718994140624901, 24.3314819335938 ], [ -97.720138549804602, 24.331804275512699 ] ] ], [ [ [ -97.722633361816307, 24.344884872436499 ], [ -97.720970153808594, 24.338193893432599 ], [ -97.722358703613295, 24.3377075195312 ], [ -97.724861145019503, 24.340415954589901 ], [ -97.722633361816307, 24.344884872436499 ] ] ], [ [ [ -97.718193054199205, 24.3520832061768 ], [ -97.7218017578125, 24.350416183471701 ], [ -97.719642639160199, 24.356002807617202 ], [ -97.719581604003807, 24.353195190429702 ], [ -97.718193054199205, 24.3520832061768 ] ] ], [ [ [ -97.788475036621094, 24.401489257812599 ], [ -97.792907714843693, 24.398681640625099 ], [ -97.794006347656193, 24.398681640625099 ], [ -97.788269042968807, 24.4034729003906 ], [ -97.788475036621094, 24.401489257812599 ] ] ], [ [ [ -97.727111816406193, 24.5640888214112 ], [ -97.727638244628906, 24.566528320312599 ], [ -97.725692749023295, 24.567083358764599 ], [ -97.726524353027301, 24.563747406006001 ], [ -97.727111816406193, 24.5640888214112 ] ] ], [ [ [ -97.717918395996094, 24.5759716033937 ], [ -97.723747253417997, 24.5693054199219 ], [ -97.724609374999901, 24.569093704223601 ], [ -97.720413208007798, 24.576248168945401 ], [ -97.717918395996094, 24.5759716033937 ] ] ], [ [ [ -97.729042053222699, 24.815975189208999 ], [ -97.730140686035099, 24.814306259155298 ], [ -97.731246948242202, 24.814582824707099 ], [ -97.730140686035099, 24.8168048858644 ], [ -97.729042053222699, 24.815975189208999 ] ] ], [ [ [ -97.721511840820298, 24.8340454101563 ], [ -97.721252441406193, 24.8327026367188 ], [ -97.738197326660199, 24.8268051147462 ], [ -97.7362060546875, 24.831298828125 ], [ -97.721511840820298, 24.8340454101563 ] ] ], [ [ [ -97.729125976562401, 24.837638854980501 ], [ -97.729583740234304, 24.835416793823399 ], [ -97.733474731445298, 24.8337516784669 ], [ -97.732635498046804, 24.8384723663331 ], [ -97.729125976562401, 24.837638854980501 ] ] ], [ [ [ -97.7218017578125, 24.8386459350587 ], [ -97.7200927734375, 24.8363037109375 ], [ -97.723747253417997, 24.836250305175799 ], [ -97.722915649414006, 24.8401393890382 ], [ -97.7218017578125, 24.8386459350587 ] ] ], [ [ [ -97.725692749023295, 24.841806411743299 ], [ -97.725975036620994, 24.838750839233501 ], [ -97.730140686035099, 24.8401393890382 ], [ -97.728446960449205, 24.842882156372099 ], [ -97.725692749023295, 24.841806411743299 ] ] ], [ [ [ -97.728195190429702, 24.865139007568299 ], [ -97.729858398437401, 24.864305496215898 ], [ -97.730415344238295, 24.866527557373001 ], [ -97.728469848632798, 24.866527557373001 ], [ -97.728195190429702, 24.865139007568299 ] ] ], [ [ [ -97.724624633789006, 24.8867492675782 ], [ -97.723472595214801, 24.882917404174702 ], [ -97.729026794433494, 24.885971069336101 ], [ -97.727363586425795, 24.887916564941499 ], [ -97.724624633789006, 24.8867492675782 ] ] ], [ [ [ -97.714584350585895, 24.3337707519532 ], [ -97.714859008789105, 24.331804275512699 ], [ -97.714027404785099, 24.329027175903398 ], [ -97.717086791992102, 24.333194732666001 ], [ -97.714584350585895, 24.3337707519532 ] ] ], [ [ [ -97.704864501953097, 24.379861831665 ], [ -97.696807861328097, 24.4506931304932 ], [ -97.688194274902301, 24.468748092651399 ], [ -97.6956787109375, 24.475708007812599 ], [ -97.682312011718807, 24.4771118164062 ], [ -97.710388183593807, 24.279296874999901 ], [ -97.716529846191307, 24.280136108398501 ], [ -97.7139892578125, 24.2951374053956 ], [ -97.719581604003807, 24.280136108398501 ], [ -97.708473205566406, 24.345138549804702 ], [ -97.718193054199205, 24.3593044281007 ], [ -97.705078124999901, 24.3593139648438 ], [ -97.713752746582003, 24.364028930664102 ], [ -97.703750610351506, 24.369060516357401 ], [ -97.713195800781193, 24.3690280914307 ], [ -97.704864501953097, 24.379861831665 ] ] ], [ [ [ -97.704864501953097, 24.409776687622202 ], [ -97.704025268554602, 24.404861450195298 ], [ -97.705383300781193, 24.397888183593899 ], [ -97.707084655761705, 24.403194427490199 ], [ -97.704864501953097, 24.409776687622202 ] ] ], [ [ [ -97.696525573730497, 24.474861145019499 ], [ -97.697082519531094, 24.473472595214801 ], [ -97.6995849609375, 24.475416183471701 ], [ -97.697044372558594, 24.4759941101075 ], [ -97.696525573730497, 24.474861145019499 ] ] ], [ [ [ -97.7100830078125, 24.5885028839112 ], [ -97.710418701171804, 24.585695266723601 ], [ -97.714584350585895, 24.583194732666101 ], [ -97.713195800781193, 24.5885028839112 ], [ -97.7100830078125, 24.5885028839112 ] ] ], [ [ [ -97.689857482910199, 24.6065273284913 ], [ -97.692871093749901, 24.606323242187599 ], [ -97.700141906738295, 24.603195190429702 ], [ -97.696472167968807, 24.607116699218899 ], [ -97.689857482910199, 24.6065273284913 ] ] ], [ [ [ -97.7156982421875, 24.611877441406399 ], [ -97.707359313964801, 24.607084274292099 ], [ -97.720970153808594, 24.598194122314499 ], [ -97.717361450195298, 24.613471984863299 ], [ -97.7156982421875, 24.611877441406399 ] ] ], [ [ [ -97.712997436523395, 24.622360229492202 ], [ -97.714584350585895, 24.619583129882798 ], [ -97.716491699218807, 24.618530273437599 ], [ -97.7119140625, 24.6273612976075 ], [ -97.712997436523395, 24.622360229492202 ] ] ], [ [ [ -97.703674316406193, 24.64208984375 ], [ -97.706802368164006, 24.6390285491943 ], [ -97.709861755370994, 24.6318054199219 ], [ -97.706527709960895, 24.642360687255799 ], [ -97.703674316406193, 24.64208984375 ] ] ], [ [ [ -97.690696716308594, 24.644859313964901 ], [ -97.692085266113295, 24.642360687255799 ], [ -97.694305419921804, 24.6459693908693 ], [ -97.692916870117202, 24.646528244018601 ], [ -97.690696716308594, 24.644859313964901 ] ] ], [ [ [ -97.693298339843807, 24.6513061523438 ], [ -97.694580078124901, 24.649583816528299 ], [ -97.696525573730497, 24.652082443237401 ], [ -97.694580078124901, 24.6526393890381 ], [ -97.693298339843807, 24.6513061523438 ] ] ], [ [ [ -97.699089050292997, 24.65655708313 ], [ -97.703163146972599, 24.647352218628001 ], [ -97.705970764160199, 24.646804809570401 ], [ -97.700973510742102, 24.658470153808501 ], [ -97.699089050292997, 24.65655708313 ] ] ], [ [ [ -97.704025268554602, 24.654582977294901 ], [ -97.704277038574205, 24.652359008789201 ], [ -97.705413818359403, 24.651527404785199 ], [ -97.703750610351506, 24.656805038452202 ], [ -97.704025268554602, 24.654582977294901 ] ] ], [ [ [ -97.702919006347699, 24.658758163452301 ], [ -97.705139160156193, 24.656248092651399 ], [ -97.705696105957003, 24.656530380248999 ], [ -97.706031799316307, 24.659601211547901 ], [ -97.702919006347699, 24.658758163452301 ] ] ], [ [ [ -97.697639465332003, 24.6662502288818 ], [ -97.700691223144503, 24.660417556762798 ], [ -97.704582214355398, 24.661527633666999 ], [ -97.697364807128807, 24.667915344238299 ], [ -97.697639465332003, 24.6662502288818 ] ] ], [ [ [ -97.703750610351506, 24.674285888671999 ], [ -97.709304809570298, 24.661806106567401 ], [ -97.7078857421875, 24.666870117187401 ], [ -97.72021484375, 24.66748046875 ], [ -97.703750610351506, 24.674285888671999 ] ] ], [ [ [ -97.700973510742102, 24.674028396606399 ], [ -97.699028015136705, 24.672916412353501 ], [ -97.700691223144503, 24.6701374053956 ], [ -97.704025268554602, 24.672082901001001 ], [ -97.700973510742102, 24.674028396606399 ] ] ], [ [ [ -97.6978759765625, 24.676879882812599 ], [ -97.7000732421875, 24.6757202148438 ], [ -97.697082519531094, 24.680139541626001 ], [ -97.696807861328097, 24.678749084472699 ], [ -97.6978759765625, 24.676879882812599 ] ] ], [ [ [ -97.700195312499901, 24.6915283203125 ], [ -97.700416564941307, 24.682361602783299 ], [ -97.710418701171804, 24.675693511963001 ], [ -97.704025268554602, 24.689584732055799 ], [ -97.700195312499901, 24.6915283203125 ] ] ], [ [ [ -97.698120117187401, 24.68430519104 ], [ -97.6995849609375, 24.68430519104 ], [ -97.698486328124901, 24.689086914062599 ], [ -97.697708129882798, 24.6887493133544 ], [ -97.698120117187401, 24.68430519104 ] ] ], [ [ [ -97.697509765625, 24.698472976684599 ], [ -97.697364807128807, 24.694860458373999 ], [ -97.701530456542898, 24.692916870117202 ], [ -97.701530456542898, 24.696805953979499 ], [ -97.697509765625, 24.698472976684599 ] ] ], [ [ [ -97.697639465332003, 24.706804275512699 ], [ -97.695968627929702, 24.700416564941499 ], [ -97.696250915527301, 24.699306488037202 ], [ -97.698471069335895, 24.710416793823299 ], [ -97.697639465332003, 24.706804275512699 ] ] ], [ [ [ -97.701805114746094, 24.706249237060501 ], [ -97.704025268554602, 24.7051391601563 ], [ -97.704864501953097, 24.7054157257081 ], [ -97.703750610351506, 24.707361221313501 ], [ -97.701805114746094, 24.706249237060501 ] ] ], [ [ [ -97.707916259765597, 24.713081359863299 ], [ -97.717361450195298, 24.704860687256001 ], [ -97.722084045410199, 24.707361221313501 ], [ -97.717636108398395, 24.711526870727699 ], [ -97.707916259765597, 24.713081359863299 ] ] ], [ [ [ -97.694030761718594, 24.717084884643601 ], [ -97.696250915527301, 24.7168064117432 ], [ -97.696777343749901, 24.7177124023438 ], [ -97.692916870117202, 24.71875 ], [ -97.694030761718594, 24.717084884643601 ] ] ], [ [ [ -97.699859619140597, 24.7195835113525 ], [ -97.700141906738295, 24.718471527099599 ], [ -97.705139160156193, 24.718193054199201 ], [ -97.703750610351506, 24.719861984252901 ], [ -97.699859619140597, 24.7195835113525 ] ] ], [ [ [ -97.690261840820298, 24.7323608398438 ], [ -97.696807861328097, 24.725694656372099 ], [ -97.689857482910199, 24.721250534057699 ], [ -97.701530456542898, 24.725694656372099 ], [ -97.690261840820298, 24.7323608398438 ] ] ], [ [ [ -97.687080383300795, 24.729028701782301 ], [ -97.687622070312401, 24.728515625 ], [ -97.689582824707003, 24.7287502288819 ], [ -97.687919616699205, 24.730417251586999 ], [ -97.687080383300795, 24.729028701782301 ] ] ], [ [ [ -97.691101074218807, 24.7406940460206 ], [ -97.693473815917997, 24.738193511962901 ], [ -97.695373535156193, 24.737915039062599 ], [ -97.692626953125, 24.7418823242188 ], [ -97.691101074218807, 24.7406940460206 ] ] ], [ [ [ -97.704582214355398, 24.741806030273601 ], [ -97.706527709960895, 24.741249084472599 ], [ -97.707359313964801, 24.743749618530298 ], [ -97.705146789550795, 24.744516372680799 ], [ -97.704582214355398, 24.741806030273601 ] ] ], [ [ [ -97.692359924316406, 24.7443046569825 ], [ -97.693511962890597, 24.744594573974599 ], [ -97.695419311523395, 24.743473052978501 ], [ -97.693191528320298, 24.745971679687599 ], [ -97.692359924316406, 24.7443046569825 ] ] ], [ [ [ -97.712524414062401, 24.748472213745099 ], [ -97.7156982421875, 24.745695114135799 ], [ -97.717590332031193, 24.7462768554688 ], [ -97.713752746582003, 24.750137329101602 ], [ -97.712524414062401, 24.748472213745099 ] ] ], [ [ [ -97.693191528320298, 24.756526947021499 ], [ -97.696250915527301, 24.7543048858643 ], [ -97.700141906738295, 24.754028320312401 ], [ -97.693748474121094, 24.758472442627099 ], [ -97.693191528320298, 24.756526947021499 ] ] ], [ [ [ -97.688751220703097, 24.755973815918001 ], [ -97.689308166503906, 24.7548637390138 ], [ -97.691802978515597, 24.7548637390138 ], [ -97.689308166503906, 24.757917404174901 ], [ -97.688751220703097, 24.755973815918001 ] ] ], [ [ [ -97.698196411132798, 24.7671928405762 ], [ -97.697082519531094, 24.7634716033937 ], [ -97.704582214355398, 24.758195877075298 ], [ -97.704307556152301, 24.762916564941499 ], [ -97.698196411132798, 24.7671928405762 ] ] ], [ [ [ -97.691802978515597, 24.763090133667099 ], [ -97.694580078124901, 24.762083053588899 ], [ -97.696525573730497, 24.7623615264893 ], [ -97.693176269531193, 24.764892578125099 ], [ -97.691802978515597, 24.763090133667099 ] ] ], [ [ [ -97.712081909179702, 24.7643051147462 ], [ -97.714302062988295, 24.7648601531982 ], [ -97.711524963378906, 24.766527175903299 ], [ -97.711524963378906, 24.765140533447401 ], [ -97.712081909179702, 24.7643051147462 ] ] ], [ [ [ -97.695732116699205, 24.776300430297901 ], [ -97.695968627929702, 24.777637481689499 ], [ -97.695693969726605, 24.7784729003906 ], [ -97.692893981933594, 24.780410766601602 ], [ -97.695732116699205, 24.776300430297901 ] ] ], [ [ [ -97.696525573730497, 24.796249389648398 ], [ -97.693473815917997, 24.797084808349599 ], [ -97.693191528320298, 24.795415878295898 ], [ -97.695968627929702, 24.7940273284913 ], [ -97.6995849609375, 24.797084808349599 ], [ -97.696525573730497, 24.796249389648398 ] ] ], [ [ [ -97.695968627929702, 24.808473587036101 ], [ -97.697639465332003, 24.806251525878999 ], [ -97.70263671875, 24.803472518921001 ], [ -97.698196411132798, 24.808750152587901 ], [ -97.695968627929702, 24.808473587036101 ] ] ], [ [ [ -97.687080383300795, 24.814306259155298 ], [ -97.694030761718594, 24.8112506866456 ], [ -97.691535949707003, 24.807683944702202 ], [ -97.694305419921804, 24.804306030273501 ], [ -97.694396972656193, 24.812925338745099 ], [ -97.687080383300795, 24.814306259155298 ] ] ], [ [ [ -97.706253051757798, 24.8162536621094 ], [ -97.707084655761705, 24.815139770507901 ], [ -97.714584350585895, 24.814582824707099 ], [ -97.712081909179702, 24.8168048858644 ], [ -97.706253051757798, 24.8162536621094 ] ] ], [ [ [ -97.705741882324205, 24.828985214233398 ], [ -97.708747863769503, 24.8284721374513 ], [ -97.709030151367202, 24.8293056488038 ], [ -97.706527709960895, 24.829860687255898 ], [ -97.705741882324205, 24.828985214233398 ] ] ], [ [ [ -97.714866638183594, 24.837360382080099 ], [ -97.707359313964801, 24.8320827484131 ], [ -97.717361450195298, 24.827915191650501 ], [ -97.717918395996094, 24.837638854980501 ], [ -97.714866638183594, 24.837360382080099 ] ] ], [ [ [ -97.681251525878807, 24.851804733276499 ], [ -97.699302673339801, 24.8448600769044 ], [ -97.712081909179702, 24.842636108398501 ], [ -97.725975036620994, 24.850694656372099 ], [ -97.703193664550795, 24.844583511352599 ], [ -97.681251525878807, 24.851804733276499 ] ] ], [ [ [ -97.703193664550795, 24.8548603057862 ], [ -97.705696105957003, 24.8545837402344 ], [ -97.704025268554602, 24.8584728240968 ], [ -97.702705383300696, 24.857915878296001 ], [ -97.703193664550795, 24.8548603057862 ] ] ], [ [ [ -97.714546203613295, 24.870733261108398 ], [ -97.71630859375, 24.855712890625 ], [ -97.723747253417997, 24.854305267333999 ], [ -97.7196044921875, 24.870483398437599 ], [ -97.714546203613295, 24.870733261108398 ] ] ], [ [ [ -97.685974121093807, 24.869583129882901 ], [ -97.685142517089801, 24.866527557373001 ], [ -97.692916870117202, 24.864860534668001 ], [ -97.687080383300795, 24.8709716796875 ], [ -97.685974121093807, 24.869583129882901 ] ] ], [ [ [ -97.704582214355398, 24.8826389312744 ], [ -97.688751220703097, 24.8756942749025 ], [ -97.709861755370994, 24.857360839843899 ], [ -97.713180541992102, 24.878196716308501 ], [ -97.704582214355398, 24.8826389312744 ] ] ], [ [ [ -97.688468933105398, 24.899026870727699 ], [ -97.685424804687401, 24.8850708007812 ], [ -97.681251525878807, 24.8909721374512 ], [ -97.674858093261705, 24.8826389312744 ], [ -97.698753356933594, 24.886251449585 ], [ -97.700973510742102, 24.898748397827099 ], [ -97.688468933105398, 24.899026870727699 ] ] ], [ [ [ -97.692504882812401, 24.904907226562401 ], [ -97.694030761718594, 24.902915954589901 ], [ -97.697059631347599, 24.902349472046001 ], [ -97.695419311523395, 24.905416488647599 ], [ -97.692504882812401, 24.904907226562401 ] ] ], [ [ [ -97.691574096679702, 25.002939224243299 ], [ -97.695693969726605, 24.999860763549801 ], [ -97.697364807128807, 24.999860763549801 ], [ -97.694061279296903, 25.003513336181701 ], [ -97.691574096679702, 25.002939224243299 ] ] ], [ [ [ -97.717437744140597, 25.023750305175799 ], [ -97.719863891601506, 25.0215282440187 ], [ -97.722640991210795, 25.022081375122099 ], [ -97.7161865234375, 25.0263061523438 ], [ -97.717437744140597, 25.023750305175799 ] ] ], [ [ [ -97.715972900390597, 25.338199615478501 ], [ -97.714027404785099, 25.336250305175799 ], [ -97.714584350585895, 25.334861755371101 ], [ -97.718193054199205, 25.337083816528398 ], [ -97.715972900390597, 25.338199615478501 ] ] ], [ [ [ -97.710388183593807, 25.337890625 ], [ -97.7100830078125, 25.3363056182862 ], [ -97.712585449218807, 25.3363056182862 ], [ -97.711524963378906, 25.3384723663331 ], [ -97.710388183593807, 25.337890625 ] ] ], [ [ [ -97.677978515624901, 24.497644424438501 ], [ -97.680694580078097, 24.480138778686499 ], [ -97.691802978515597, 24.479028701782301 ], [ -97.682914733886705, 24.498472213745199 ], [ -97.677978515624901, 24.497644424438501 ] ] ], [ [ [ -97.676803588867202, 24.5043048858643 ], [ -97.679306030273395, 24.500696182251001 ], [ -97.682922363281193, 24.5006713867188 ], [ -97.681251525878807, 24.506250381469801 ], [ -97.676803588867202, 24.5043048858643 ] ] ], [ [ [ -97.676246643066406, 24.511308670043899 ], [ -97.677635192871094, 24.5098590850831 ], [ -97.684303283691307, 24.509027481079102 ], [ -97.677635192871094, 24.513471603393501 ], [ -97.676246643066406, 24.511308670043899 ] ] ], [ [ [ -97.674026489257798, 24.524305343628001 ], [ -97.675971984863196, 24.5201396942138 ], [ -97.684844970703097, 24.518741607666101 ], [ -97.682083129882798, 24.5229187011719 ], [ -97.674026489257798, 24.524305343628001 ] ] ], [ [ [ -97.669586181640597, 24.5740261077881 ], [ -97.671203613281193, 24.56768989563 ], [ -97.672363281249901, 24.567684173583999 ], [ -97.6708984375, 24.574890136718899 ], [ -97.669586181640597, 24.5740261077881 ] ] ], [ [ [ -97.6455078125, 24.632083892822301 ], [ -97.664024353027301, 24.5540275573732 ], [ -97.671524047851406, 24.533750534057599 ], [ -97.679306030273395, 24.542360305786101 ], [ -97.668746948242102, 24.551805496215898 ], [ -97.656494140625, 24.6243286132812 ], [ -97.643470764160099, 24.6443061828613 ], [ -97.6455078125, 24.632083892822301 ] ] ], [ [ [ -97.686805725097699, 24.620281219482401 ], [ -97.686531066894503, 24.618473052978601 ], [ -97.688751220703097, 24.6165275573731 ], [ -97.688751220703097, 24.620138168335 ], [ -97.686805725097699, 24.620281219482401 ] ] ], [ [ [ -97.628295898437401, 24.6934719085694 ], [ -97.641807556152301, 24.6462516784669 ], [ -97.645973205566406, 24.6454162597657 ], [ -97.633193969726605, 24.687639236450298 ], [ -97.636802673339801, 24.693195343017599 ], [ -97.635696411132798, 24.7023620605469 ], [ -97.634582519531193, 24.694583892822401 ], [ -97.620140075683594, 24.732915878296001 ], [ -97.628295898437401, 24.6934719085694 ] ] ], [ [ [ -97.635330200195298, 24.707361221313501 ], [ -97.635375976562401, 24.705076217651399 ], [ -97.637878417968807, 24.7042846679688 ], [ -97.637878417968807, 24.7077026367188 ], [ -97.635330200195298, 24.707361221313501 ] ] ], [ [ [ -97.640975952148395, 24.718555450439499 ], [ -97.640693664550696, 24.7159748077393 ], [ -97.650970458984403, 24.7023620605469 ], [ -97.646804809570298, 24.7148628234863 ], [ -97.640975952148395, 24.718555450439499 ] ] ], [ [ [ -97.630416870117102, 24.714027404785199 ], [ -97.633468627929602, 24.708471298217798 ], [ -97.634582519531193, 24.708471298217798 ], [ -97.632637023925795, 24.7151393890381 ], [ -97.630416870117102, 24.714027404785199 ] ] ], [ [ [ -97.684997558593807, 24.725708007812599 ], [ -97.685142517089801, 24.7238788604737 ], [ -97.685974121093807, 24.722919464111399 ], [ -97.687080383300795, 24.726528167724599 ], [ -97.684997558593807, 24.725708007812599 ] ] ], [ [ [ -97.671325683593693, 24.735717773437401 ], [ -97.672080993652301, 24.7315273284912 ], [ -97.674583435058594, 24.729583740234499 ], [ -97.673194885253906, 24.735694885253999 ], [ -97.671325683593693, 24.735717773437401 ] ] ], [ [ [ -97.622009277343693, 24.735473632812599 ], [ -97.623191833496094, 24.737083435058601 ], [ -97.618751525878807, 24.736530303955199 ], [ -97.618751525878807, 24.735416412353601 ], [ -97.622009277343693, 24.735473632812599 ] ] ], [ [ [ -97.620697021484403, 24.739305496215898 ], [ -97.617919921874901, 24.7376384735107 ], [ -97.625968933105497, 24.740140914916999 ], [ -97.622917175292997, 24.7404174804688 ], [ -97.620697021484403, 24.739305496215898 ] ] ], [ [ [ -97.662918090820298, 24.7415275573732 ], [ -97.663192749023395, 24.740140914916999 ], [ -97.664581298828097, 24.739305496215898 ], [ -97.664024353027301, 24.741806030273601 ], [ -97.662918090820298, 24.7415275573732 ] ] ], [ [ [ -97.676803588867202, 24.7431945800781 ], [ -97.678749084472599, 24.741249084472599 ], [ -97.680137634277301, 24.7415275573732 ], [ -97.678749084472599, 24.743473052978501 ], [ -97.676803588867202, 24.7431945800781 ] ] ], [ [ [ -97.684585571289006, 24.746528625488299 ], [ -97.684585571289006, 24.745416641235401 ], [ -97.689880371093807, 24.744079589843899 ], [ -97.687942504882798, 24.748195648193501 ], [ -97.684585571289006, 24.746528625488299 ] ] ], [ [ [ -97.675865173339801, 24.746805191040199 ], [ -97.6748046875, 24.7465209960938 ], [ -97.673469543457003, 24.745124816894499 ], [ -97.677917480468807, 24.747360229492099 ], [ -97.675865173339801, 24.746805191040199 ] ] ], [ [ [ -97.685729980468693, 24.762695312500099 ], [ -97.668472290038906, 24.759304046630898 ], [ -97.675140380859304, 24.755973815918001 ], [ -97.667419433593693, 24.7576904296875 ], [ -97.659790039062401, 24.7512817382813 ], [ -97.662918090820298, 24.7443046569825 ], [ -97.6673583984375, 24.7548637390138 ], [ -97.673217773437401, 24.742919921875099 ], [ -97.673225402832003, 24.750415802001999 ], [ -97.675140380859304, 24.7548637390138 ], [ -97.690139770507798, 24.759027481079201 ], [ -97.685729980468693, 24.762695312500099 ] ] ], [ [ [ -97.618751525878807, 24.782638549804599 ], [ -97.619026184082003, 24.781805038452301 ], [ -97.620971679687401, 24.779859542846701 ], [ -97.618469238281193, 24.7857055664062 ], [ -97.618751525878807, 24.782638549804599 ] ] ], [ [ [ -97.618103027343693, 24.7870826721193 ], [ -97.617919921874901, 24.789861679077099 ], [ -97.616271972656193, 24.7913208007813 ], [ -97.617080688476605, 24.787109375000099 ], [ -97.618103027343693, 24.7870826721193 ] ] ], [ [ [ -97.686805725097699, 24.793470382690401 ], [ -97.687919616699205, 24.792358398437599 ], [ -97.690696716308594, 24.7920837402344 ], [ -97.684585571289006, 24.794305801391701 ], [ -97.686805725097699, 24.793470382690401 ] ] ], [ [ [ -97.610969543457003, 24.796249389648398 ], [ -97.613708496093693, 24.7957153320313 ], [ -97.616531372070298, 24.7931938171388 ], [ -97.613471984863295, 24.797916412353601 ], [ -97.610969543457003, 24.796249389648398 ] ] ], [ [ [ -97.674011230468807, 24.817686080932599 ], [ -97.677085876464801, 24.814306259155298 ], [ -97.686279296874901, 24.813474655151499 ], [ -97.684326171875, 24.816282272338899 ], [ -97.674011230468807, 24.817686080932599 ] ] ], [ [ [ -97.658195495605497, 24.826618194580099 ], [ -97.662918090820298, 24.806804656982401 ], [ -97.669303894042898, 24.806251525878999 ], [ -97.664863586425795, 24.808473587036101 ], [ -97.668472290038906, 24.810417175293001 ], [ -97.662635803222599, 24.815139770507901 ], [ -97.664024353027301, 24.817083358764801 ], [ -97.669586181640597, 24.809860229492301 ], [ -97.679321289062401, 24.804321289062599 ], [ -97.681808471679602, 24.804306030273501 ], [ -97.658195495605497, 24.826618194580099 ] ] ], [ [ [ -97.677917480468807, 24.855138778686499 ], [ -97.679580688476605, 24.8545837402344 ], [ -97.678199768066307, 24.857654571533299 ], [ -97.677360534667997, 24.857360839843899 ], [ -97.677917480468807, 24.855138778686499 ] ] ], [ [ [ -97.672637939453097, 24.870695114135899 ], [ -97.680137634277301, 24.866804122924901 ], [ -97.683746337890597, 24.8673610687256 ], [ -97.677360534667997, 24.872083663940401 ], [ -97.672637939453097, 24.870695114135899 ] ] ], [ [ [ -97.682632446289105, 24.870151519775401 ], [ -97.685142517089801, 24.869026184082099 ], [ -97.685691833496094, 24.8709716796875 ], [ -97.684585571289006, 24.8712482452393 ], [ -97.682632446289105, 24.870151519775401 ] ] ], [ [ [ -97.664306640625, 24.878749847412202 ], [ -97.665695190429602, 24.8762493133544 ], [ -97.669586181640597, 24.873752593994102 ], [ -97.664863586425795, 24.880695343017599 ], [ -97.664306640625, 24.878749847412202 ] ] ], [ [ [ -97.649467468261705, 24.892360687256001 ], [ -97.650138854980398, 24.889583587646499 ], [ -97.655136108398395, 24.888473510742301 ], [ -97.652084350585895, 24.893194198608501 ], [ -97.649467468261705, 24.892360687256001 ] ] ], [ [ [ -97.616806030273395, 24.9068069458007 ], [ -97.6212158203125, 24.9063110351563 ], [ -97.619041442870994, 24.913751602172901 ], [ -97.617622375488196, 24.913751602172901 ], [ -97.616806030273395, 24.9068069458007 ] ] ], [ [ [ -97.614303588867102, 24.9206943511963 ], [ -97.614303588867102, 24.918750762939499 ], [ -97.617080688476605, 24.9190273284912 ], [ -97.614860534667898, 24.923194885253999 ], [ -97.614303588867102, 24.9206943511963 ] ] ], [ [ [ -97.612709045410199, 24.928749084472599 ], [ -97.611251831054602, 24.925693511962901 ], [ -97.614807128906193, 24.925109863281399 ], [ -97.614860534667898, 24.929584503173899 ], [ -97.612709045410199, 24.928749084472599 ] ] ], [ [ [ -97.658470153808594, 24.9470825195312 ], [ -97.659584045410099, 24.945972442627099 ], [ -97.661804199218807, 24.947360992431602 ], [ -97.659858703613196, 24.948472976684599 ], [ -97.658470153808594, 24.9470825195312 ] ] ], [ [ [ -97.674583435058594, 24.954584121704102 ], [ -97.674011230468807, 24.9520874023438 ], [ -97.677635192871094, 24.9554157257081 ], [ -97.675697326660099, 24.955692291259901 ], [ -97.674583435058594, 24.954584121704102 ] ] ], [ [ [ -97.663879394531193, 24.957704544067401 ], [ -97.662918090820298, 24.954862594604499 ], [ -97.665138244628906, 24.953193664550799 ], [ -97.667083740234403, 24.957639694213999 ], [ -97.663879394531193, 24.957704544067401 ] ] ], [ [ [ -97.680419921875, 24.954862594604499 ], [ -97.682357788085895, 24.955692291259901 ], [ -97.681808471679602, 24.957361221313601 ], [ -97.680137634277301, 24.9570846557618 ], [ -97.680419921875, 24.954862594604499 ] ] ], [ [ [ -97.641250610351605, 24.9813747406006 ], [ -97.639579772949205, 24.9795837402344 ], [ -97.647087097167898, 24.971250534057599 ], [ -97.644027709960895, 24.9812526702881 ], [ -97.641250610351605, 24.9813747406006 ] ] ], [ [ [ -97.639030456542997, 24.9833583831788 ], [ -97.634307861328097, 24.977638244628899 ], [ -97.634025573730398, 24.974027633666999 ], [ -97.641525268554702, 24.982639312744102 ], [ -97.639030456542997, 24.9833583831788 ] ] ], [ [ [ -97.668472290038906, 24.977361679077099 ], [ -97.671249389648395, 24.978195190429702 ], [ -97.670974731445298, 24.9806938171388 ], [ -97.668746948242102, 24.9806938171388 ], [ -97.668472290038906, 24.977361679077099 ] ] ], [ [ [ -97.674583435058594, 24.9906940460206 ], [ -97.672637939453097, 24.987916946411101 ], [ -97.672637939453097, 24.984584808349599 ], [ -97.679031372070298, 24.991806030273501 ], [ -97.674583435058594, 24.9906940460206 ] ] ], [ [ [ -97.650413513183494, 24.994581222534201 ], [ -97.641525268554702, 24.986528396606602 ], [ -97.641807556152301, 24.9851379394532 ], [ -97.649024963378906, 24.988193511962901 ], [ -97.650413513183494, 24.994581222534201 ] ] ], [ [ [ -97.608757019042898, 24.9923591613769 ], [ -97.607917785644503, 24.9887504577637 ], [ -97.610137939453097, 24.987361907959102 ], [ -97.611808776855398, 24.992916107177798 ], [ -97.608757019042898, 24.9923591613769 ] ] ], [ [ [ -97.651527404785199, 24.997638702392699 ], [ -97.657913208007798, 24.993471145629901 ], [ -97.659301757812401, 24.981805801391701 ], [ -97.659301757812401, 24.995138168335 ], [ -97.651527404785199, 24.997638702392699 ] ] ], [ [ [ -97.686805725097699, 24.995626449585099 ], [ -97.685142517089801, 24.992916107177798 ], [ -97.689308166503906, 24.9915275573731 ], [ -97.687919616699205, 24.997083663940501 ], [ -97.686805725097699, 24.995626449585099 ] ] ], [ [ [ -97.692642211914105, 25.234582901001001 ], [ -97.686531066894503, 25.2415275573731 ], [ -97.694305419921804, 25.229028701782202 ], [ -97.662109375, 25.258193969726602 ], [ -97.695137023925795, 25.225416183471701 ], [ -97.696807861328097, 25.228195190429599 ], [ -97.692642211914105, 25.234582901001001 ] ] ], [ [ [ -97.629348754882798, 25.269027709960898 ], [ -97.594863891601605, 25.2792987823487 ], [ -97.599304199218693, 25.284912109375 ], [ -97.588470458984403, 25.284305572509801 ], [ -97.591796874999901, 25.2799072265625 ], [ -97.601806640624901, 25.275417327880898 ], [ -97.639305114746094, 25.2615280151368 ], [ -97.655136108398395, 25.2595825195313 ], [ -97.633750915527301, 25.270971298217798 ], [ -97.622360229492202, 25.272916793823399 ], [ -97.63427734375, 25.2678833007812 ], [ -97.629348754882798, 25.269027709960898 ] ] ], [ [ [ -97.608749389648395, 25.289863586425799 ], [ -97.610420227050795, 25.287359237671001 ], [ -97.6129150390625, 25.2887496948243 ], [ -97.610420227050795, 25.2920856475831 ], [ -97.608749389648395, 25.289863586425799 ] ] ], [ [ [ -97.614585876464801, 25.299951553344801 ], [ -97.617919921874901, 25.299028396606399 ], [ -97.619857788085895, 25.300970077514801 ], [ -97.6151123046875, 25.300970077514801 ], [ -97.614585876464801, 25.299951553344801 ] ] ], [ [ [ -97.625419616699205, 25.320695877075298 ], [ -97.618194580078097, 25.311527252197301 ], [ -97.635139465332003, 25.305414199829201 ], [ -97.6290283203125, 25.320138931274499 ], [ -97.625419616699205, 25.320695877075298 ] ] ], [ [ [ -97.651626586914105, 25.318750381469801 ], [ -97.646804809570298, 25.319585800171001 ], [ -97.645385742187401, 25.3134765625 ], [ -97.653991699218807, 25.319885253906399 ], [ -97.651626586914105, 25.318750381469801 ] ] ], [ [ [ -97.636253356933594, 25.3259716033937 ], [ -97.632919311523395, 25.326248168945298 ], [ -97.630691528320298, 25.3240261077881 ], [ -97.640693664550696, 25.323749542236399 ], [ -97.636253356933594, 25.3259716033937 ] ] ], [ [ [ -97.641525268554702, 25.342081069946399 ], [ -97.641250610351605, 25.339305877685501 ], [ -97.640136718749901, 25.336805343628001 ], [ -97.646530151367102, 25.3409729003906 ], [ -97.641525268554702, 25.342081069946399 ] ] ], [ [ [ -97.675788879394503, 25.372085571289102 ], [ -97.670974731445298, 25.3685283660888 ], [ -97.687362670898395, 25.371803283691499 ], [ -97.680694580078097, 25.374029159546001 ], [ -97.675788879394503, 25.372085571289102 ] ] ], [ [ [ -97.598747253417898, 24.822080612182599 ], [ -97.589584350585895, 24.843748092651399 ], [ -97.586524963378807, 24.839027404785199 ], [ -97.617919921874901, 24.739305496215898 ], [ -97.618194580078097, 24.759027481079201 ], [ -97.611534118652301, 24.7615261077881 ], [ -97.619583129882798, 24.764030456543001 ], [ -97.606529235839801, 24.7831935882568 ], [ -97.598747253417898, 24.822080612182599 ] ] ], [ [ [ -97.605735778808594, 24.802940368652401 ], [ -97.607086181640597, 24.800693511962901 ], [ -97.610420227050795, 24.8001384735107 ], [ -97.608215332031193, 24.8035278320313 ], [ -97.605735778808594, 24.802940368652401 ] ] ], [ [ [ -97.586250305175696, 24.8454189300538 ], [ -97.591247558593807, 24.846248626708899 ], [ -97.591247558593807, 24.8473625183107 ], [ -97.587364196777301, 24.848194122314499 ], [ -97.586250305175696, 24.8454189300538 ] ] ], [ [ [ -97.580970764160199, 24.8629169464112 ], [ -97.584030151367202, 24.850416183471701 ], [ -97.590415954589801, 24.849584579467798 ], [ -97.588752746582003, 24.860969543457099 ], [ -97.580970764160199, 24.8629169464112 ] ] ], [ [ [ -97.580322265624901, 24.8681945800782 ], [ -97.582084655761705, 24.865972518920898 ], [ -97.586524963378807, 24.866527557373001 ], [ -97.585136413574205, 24.868749618530401 ], [ -97.580322265624901, 24.8681945800782 ] ] ], [ [ [ -97.581893920898395, 24.870695114135899 ], [ -97.580413818359304, 24.8693046569825 ], [ -97.5845947265625, 24.870117187500099 ], [ -97.584304809570298, 24.8709716796875 ], [ -97.581893920898395, 24.870695114135899 ] ] ], [ [ [ -97.581680297851506, 24.87180519104 ], [ -97.584587097167997, 24.872358322143601 ], [ -97.583747863769503, 24.875139236450298 ], [ -97.581802368164105, 24.875139236450298 ], [ -97.581680297851506, 24.87180519104 ] ] ], [ [ [ -97.577919006347699, 24.8801383972169 ], [ -97.576805114745994, 24.8745841979981 ], [ -97.580139160156193, 24.873193740844801 ], [ -97.583747863769503, 24.879306793212901 ], [ -97.577919006347699, 24.8801383972169 ] ] ], [ [ [ -97.566802978515597, 24.9037494659425 ], [ -97.575973510742202, 24.881805419921999 ], [ -97.581558227539006, 24.889837265014599 ], [ -97.583473205566307, 24.884305953979499 ], [ -97.583473205566307, 24.891527175903398 ], [ -97.575691223144503, 24.893194198608501 ], [ -97.574859619140597, 24.905971527099599 ], [ -97.566802978515597, 24.9037494659425 ] ] ], [ [ [ -97.602363586425696, 24.927362442016701 ], [ -97.604583740234403, 24.9234714508057 ], [ -97.610137939453097, 24.9218063354493 ], [ -97.606803894042997, 24.927362442016701 ], [ -97.602363586425696, 24.927362442016701 ] ] ], [ [ [ -97.6007080078125, 24.932922363281399 ], [ -97.601013183593693, 24.9312744140625 ], [ -97.602363586425696, 24.930139541626001 ], [ -97.601524353027202, 24.934583663940501 ], [ -97.6007080078125, 24.932922363281399 ] ] ], [ [ [ -97.583473205566307, 24.944585800170898 ], [ -97.581802368164105, 24.939027786254901 ], [ -97.584861755371094, 24.934028625488398 ], [ -97.584587097167997, 24.945138931274499 ], [ -97.583473205566307, 24.944585800170898 ] ] ], [ [ [ -97.601791381835895, 24.951818466186499 ], [ -97.594909667968693, 24.940673828125099 ], [ -97.607360839843807, 24.930416107177699 ], [ -97.612640380859403, 24.943750381469801 ], [ -97.601791381835895, 24.951818466186499 ] ] ], [ [ [ -97.575691223144503, 24.947360992431602 ], [ -97.573791503906193, 24.94268989563 ], [ -97.576805114745994, 24.940141677856499 ], [ -97.577919006347699, 24.947639465331999 ], [ -97.575691223144503, 24.947360992431602 ] ] ], [ [ [ -97.562545776367202, 24.916528701782301 ], [ -97.573471069335895, 24.907638549804702 ], [ -97.554306030273395, 24.954584121704102 ], [ -97.564025878906193, 24.9770832061768 ], [ -97.558692932128807, 24.984594345092798 ], [ -97.544586181640597, 24.974119186401399 ], [ -97.551475524902301, 24.976823806762798 ], [ -97.54736328125, 24.9591083526612 ], [ -97.562545776367202, 24.916528701782301 ] ] ], [ [ [ -97.585433959960895, 24.954584121704102 ], [ -97.585136413574205, 24.953470230102599 ], [ -97.586807250976506, 24.9518051147462 ], [ -97.588470458984403, 24.954584121704102 ], [ -97.585433959960895, 24.954584121704102 ] ] ], [ [ [ -97.586112976074205, 24.973194122314499 ], [ -97.580696105957003, 24.9679164886475 ], [ -97.584861755371094, 24.960695266723601 ], [ -97.591247558593807, 24.968194961547901 ], [ -97.586112976074205, 24.973194122314499 ] ] ], [ [ [ -97.566802978515597, 24.9687519073487 ], [ -97.565971374511705, 24.9668064117432 ], [ -97.568748474121094, 24.965694427490199 ], [ -97.5698623657225, 24.970138549804599 ], [ -97.566802978515597, 24.9687519073487 ] ] ], [ [ [ -97.598197937011705, 24.993471145629901 ], [ -97.600135803222699, 24.9904174804688 ], [ -97.602081298828097, 24.995416641235401 ], [ -97.599304199218693, 24.996250152587901 ], [ -97.598197937011705, 24.993471145629901 ] ] ], [ [ [ -97.574859619140597, 24.9995841979982 ], [ -97.575416564941406, 24.997638702392699 ], [ -97.57763671875, 24.999027252197202 ], [ -97.576805114745994, 25.000694274902301 ], [ -97.574859619140597, 24.9995841979982 ] ] ], [ [ [ -97.530975341796903, 25.0901393890381 ], [ -97.532081604003807, 25.081249237060501 ], [ -97.538475036620994, 25.074306488037202 ], [ -97.537361145019503, 25.085416793823299 ], [ -97.530975341796903, 25.0901393890381 ] ] ], [ [ [ -97.524581909179702, 25.099306106567301 ], [ -97.527641296386705, 25.0909748077393 ], [ -97.528747558593693, 25.0909748077393 ], [ -97.529029846191307, 25.0956935882569 ], [ -97.524581909179702, 25.099306106567301 ] ] ], [ [ [ -97.499084472656193, 25.1279296875 ], [ -97.500137329101506, 25.1418056488037 ], [ -97.494857788085895, 25.140970230102599 ], [ -97.485694885253906, 25.1554164886475 ], [ -97.450965881347699, 25.238197326660199 ], [ -97.423233032226605, 25.233749389648398 ], [ -97.444862365722699, 25.204584121704201 ], [ -97.5423583984375, 24.9806938171388 ], [ -97.54736328125, 24.9868068695069 ], [ -97.542335510253906, 25.003152847290199 ], [ -97.555969238281193, 25.017084121704201 ], [ -97.542915344238295, 25.009862899780298 ], [ -97.553474426269503, 25.019859313965 ], [ -97.543472290039105, 25.013471603393601 ], [ -97.542907714843807, 25.019027709960898 ], [ -97.553749084472699, 25.0359706878663 ], [ -97.535140991210895, 25.0701389312744 ], [ -97.528747558593693, 25.057638168334901 ], [ -97.524024963378906, 25.054307937622099 ], [ -97.532913208007798, 25.075973510742301 ], [ -97.519584655761705, 25.080972671508899 ], [ -97.522361755370994, 25.0884704589844 ], [ -97.510139465332003, 25.0784721374512 ], [ -97.520973205566406, 25.098194122314599 ], [ -97.513191223144503, 25.0904140472413 ], [ -97.505416870117202, 25.098194122314599 ], [ -97.515419006347699, 25.098194122314599 ], [ -97.517639160156193, 25.1065273284912 ], [ -97.509864807128807, 25.103473663330099 ], [ -97.504608154296804, 25.106250762939499 ], [ -97.518470764160199, 25.1101379394531 ], [ -97.506805419921804, 25.133472442627099 ], [ -97.501808166503906, 25.122083663940501 ], [ -97.499084472656193, 25.1279296875 ] ] ], [ [ [ -97.503196716308494, 25.141252517700298 ], [ -97.504585266113295, 25.136806488037099 ], [ -97.506805419921804, 25.135417938232401 ], [ -97.502975463867102, 25.143205642700199 ], [ -97.503196716308494, 25.141252517700298 ] ] ], [ [ [ -97.502357482910199, 25.145971298217798 ], [ -97.501525878906193, 25.144306182861399 ], [ -97.502975463867102, 25.143205642700199 ], [ -97.502914428710795, 25.144861221313601 ], [ -97.502357482910199, 25.145971298217798 ] ] ], [ [ [ -97.495697021484403, 25.148471832275401 ], [ -97.494583129882798, 25.145696640014801 ], [ -97.4998779296875, 25.1456909179688 ], [ -97.496826171875, 25.1506958007813 ], [ -97.495697021484403, 25.148471832275401 ] ] ], [ [ [ -97.487915039062401, 25.170692443847699 ], [ -97.489028930664105, 25.1690273284912 ], [ -97.490974426269503, 25.1690273284912 ], [ -97.490112304687401, 25.171873092651499 ], [ -97.487915039062401, 25.170692443847699 ] ] ], [ [ [ -97.509307861328097, 25.285137176513601 ], [ -97.5120849609375, 25.2820835113525 ], [ -97.517364501953097, 25.287639617919901 ], [ -97.508209228515597, 25.2887496948243 ], [ -97.509307861328097, 25.285137176513601 ] ] ], [ [ [ -97.504585266113295, 25.293811798095799 ], [ -97.505142211914105, 25.292638778686499 ], [ -97.506530761718693, 25.2920856475831 ], [ -97.505973815917997, 25.294305801391602 ], [ -97.504585266113295, 25.293811798095799 ] ] ], [ [ [ -97.575973510742202, 25.293750762939499 ], [ -97.580413818359304, 25.293750762939499 ], [ -97.583190917968693, 25.2948608398438 ], [ -97.575691223144503, 25.2956943511963 ], [ -97.575973510742202, 25.293750762939499 ] ] ], [ [ [ -97.502082824707003, 25.295139312744201 ], [ -97.504028320312401, 25.295972824096701 ], [ -97.501525878906193, 25.297361373901499 ], [ -97.501564025878807, 25.296272277832099 ], [ -97.502082824707003, 25.295139312744201 ] ] ], [ [ [ -97.503471374511705, 25.301195144653398 ], [ -97.504577636718807, 25.2999267578125 ], [ -97.505676269531193, 25.2999267578125 ], [ -97.504882812499901, 25.3026733398438 ], [ -97.503471374511705, 25.301195144653398 ] ] ], [ [ [ -97.601806640624901, 25.304651260376001 ], [ -97.602363586425696, 25.302082061767699 ], [ -97.613746643066406, 25.2981948852538 ], [ -97.611526489257798, 25.303474426269599 ], [ -97.601806640624901, 25.304651260376001 ] ] ], [ [ [ -97.501556396484304, 25.286575317382798 ], [ -97.507080078124901, 25.289304733276399 ], [ -97.492919921875, 25.3031921386719 ], [ -97.499595642089801, 25.308507919311499 ], [ -97.476806640625, 25.322917938232401 ], [ -97.501556396484304, 25.286575317382798 ] ] ], [ [ [ -97.590026855468807, 25.312683105468899 ], [ -97.591804504394503, 25.308195114135799 ], [ -97.5968017578125, 25.30930519104 ], [ -97.591247558593807, 25.313749313354599 ], [ -97.590026855468807, 25.312683105468899 ] ] ], [ [ [ -97.549926757812401, 25.316284179687599 ], [ -97.54931640625, 25.3142700195312 ], [ -97.553474426269503, 25.3165283203125 ], [ -97.550971984863196, 25.317916870117202 ], [ -97.549926757812401, 25.316284179687599 ] ] ], [ [ [ -97.532363891601506, 25.344303131103501 ], [ -97.533195495605497, 25.336805343628001 ], [ -97.539306640625, 25.337083816528398 ], [ -97.534027099609403, 25.346250534057599 ], [ -97.532363891601506, 25.344303131103501 ] ] ], [ [ [ -97.508697509765597, 25.357082366943398 ], [ -97.497917175292997, 25.346250534057599 ], [ -97.507637023925795, 25.347917556762798 ], [ -97.509025573730497, 25.338750839233501 ], [ -97.495697021484403, 25.339860916137699 ], [ -97.497642517089801, 25.3493061065675 ], [ -97.477638244628807, 25.349027633667099 ], [ -97.477081298828097, 25.335971832275401 ], [ -97.509864807128807, 25.337917327881001 ], [ -97.519584655761705, 25.345972061157202 ], [ -97.510139465332003, 25.345138549804702 ], [ -97.508697509765597, 25.357082366943398 ] ] ], [ [ [ -97.536247253417997, 25.3520832061768 ], [ -97.540710449218807, 25.3414916992187 ], [ -97.545417785644503, 25.341527938842798 ], [ -97.541809082031193, 25.351804733276399 ], [ -97.536247253417997, 25.3520832061768 ] ] ], [ [ [ -97.524581909179702, 25.351249694824201 ], [ -97.525413513183494, 25.345417022705099 ], [ -97.536247253417997, 25.347639083862401 ], [ -97.525970458984304, 25.348474502563501 ], [ -97.5264892578125, 25.3543090820312 ], [ -97.524581909179702, 25.351249694824201 ] ] ], [ [ [ -97.529029846191307, 25.351528167724599 ], [ -97.532913208007798, 25.350694656371999 ], [ -97.533470153808594, 25.3529167175294 ], [ -97.529861450195298, 25.3545837402344 ], [ -97.529029846191307, 25.351528167724599 ] ] ], [ [ [ -97.537918090820298, 25.3656940460206 ], [ -97.536247253417997, 25.361528396606602 ], [ -97.540969848632798, 25.3618068695069 ], [ -97.540695190429702, 25.365972518921001 ], [ -97.537918090820298, 25.3656940460206 ] ] ], [ [ [ -97.525970458984304, 25.370416641235401 ], [ -97.521804809570298, 25.365972518921001 ], [ -97.533195495605497, 25.357639312744102 ], [ -97.532638549804602, 25.3690280914307 ], [ -97.525970458984304, 25.370416641235401 ] ] ], [ [ [ -97.542083740234304, 25.365972518921001 ], [ -97.542640686035199, 25.364028930664102 ], [ -97.544586181640597, 25.364305496215799 ], [ -97.5447998046875, 25.366880416870099 ], [ -97.542083740234304, 25.365972518921001 ] ] ], [ [ [ -97.484863281249901, 25.375694274902301 ], [ -97.485420227050795, 25.370138168335 ], [ -97.494026184082003, 25.365972518921001 ], [ -97.493194580078097, 25.3754177093506 ], [ -97.484863281249901, 25.375694274902301 ] ] ], [ [ [ -97.522087097167997, 25.374612808227599 ], [ -97.522087097167997, 25.372108459472699 ], [ -97.524024963378906, 25.371803283691499 ], [ -97.524864196777301, 25.374584197998001 ], [ -97.522087097167997, 25.374612808227599 ] ] ], [ [ [ -97.494308471679602, 25.3918056488037 ], [ -97.492362976074205, 25.386806488037099 ], [ -97.497642517089801, 25.382638931274499 ], [ -97.498748779296903, 25.387083053588899 ], [ -97.494308471679602, 25.3918056488037 ] ] ], [ [ [ -97.481529235839801, 25.393194198608398 ], [ -97.484580993652301, 25.3898620605469 ], [ -97.490135192870994, 25.390693664550898 ], [ -97.483749389648395, 25.394306182861399 ], [ -97.481529235839801, 25.393194198608398 ] ] ], [ [ [ -97.495140075683594, 25.4054164886475 ], [ -97.499862670898295, 25.3926391601562 ], [ -97.502357482910199, 25.392915725708001 ], [ -97.502357482910199, 25.406248092651499 ], [ -97.495140075683594, 25.4054164886475 ] ] ], [ [ [ -97.493713378906193, 25.4135131835938 ], [ -97.497642517089801, 25.4137496948243 ], [ -97.495140075683594, 25.417917251586999 ], [ -97.493713378906193, 25.415138244628899 ], [ -97.493713378906193, 25.4135131835938 ] ] ], [ [ [ -97.509582519531193, 25.4168701171875 ], [ -97.509307861328097, 25.415971755981399 ], [ -97.511253356933594, 25.413196563720799 ], [ -97.511802673339801, 25.4162502288818 ], [ -97.509582519531193, 25.4168701171875 ] ] ], [ [ [ -97.492919921875, 25.4234714508057 ], [ -97.494308471679602, 25.4190273284913 ], [ -97.497085571289006, 25.418750762939499 ], [ -97.494331359863196, 25.427360534668001 ], [ -97.492919921875, 25.4234714508057 ] ] ], [ [ [ -97.478034973144503, 25.4426383972169 ], [ -97.487915039062401, 25.43430519104 ], [ -97.532913208007798, 25.427360534668001 ], [ -97.516250610351506, 25.441806793212901 ], [ -97.478034973144503, 25.4426383972169 ] ] ], [ [ [ -97.522918701171804, 25.4523620605469 ], [ -97.534858703613196, 25.4443054199218 ], [ -97.544029235839801, 25.445417404174801 ], [ -97.536804199218807, 25.451293945312599 ], [ -97.522918701171804, 25.4523620605469 ] ] ], [ [ [ -97.482772827148395, 25.183750152587901 ], [ -97.482635498046903, 25.1790275573732 ], [ -97.486808776855497, 25.176805496215799 ], [ -97.484580993652301, 25.185138702392699 ], [ -97.482772827148395, 25.183750152587901 ] ] ], [ [ [ -97.492103576660099, 25.1690273284912 ], [ -97.500137329101506, 25.151805877685501 ], [ -97.496246337890597, 25.166248321533299 ], [ -97.482917785644503, 25.195970535278398 ], [ -97.46728515625, 25.216308593750099 ], [ -97.485694885253906, 25.1870841979982 ], [ -97.492103576660099, 25.1690273284912 ] ] ], [ [ [ -97.463195800781193, 25.223474502563398 ], [ -97.464584350585895, 25.219583511352599 ], [ -97.467086791992202, 25.218194961547901 ], [ -97.466247558593807, 25.222082138061499 ], [ -97.463195800781193, 25.223474502563398 ] ] ], [ [ [ -97.472358703613295, 25.2262496948243 ], [ -97.473747253417997, 25.226806640625099 ], [ -97.468193054199205, 25.2270832061769 ], [ -97.468193054199205, 25.2259731292725 ], [ -97.472358703613295, 25.2262496948243 ] ] ], [ [ [ -97.452926635742102, 25.240411758423001 ], [ -97.454864501953097, 25.234582901001001 ], [ -97.460975646972699, 25.2287502288818 ], [ -97.456199645996094, 25.240964889526399 ], [ -97.452926635742102, 25.240411758423001 ] ] ], [ [ [ -97.456787109375, 25.240722656250099 ], [ -97.462913513183594, 25.2387504577638 ], [ -97.464584350585895, 25.2415275573731 ], [ -97.457580566406193, 25.2421264648437 ], [ -97.456787109375, 25.240722656250099 ] ] ], [ [ [ -97.458816528320298, 25.247360229492202 ], [ -97.456527709960895, 25.245416641235298 ], [ -97.463752746582003, 25.2456951141357 ], [ -97.463195800781193, 25.2476806640625 ], [ -97.458816528320298, 25.247360229492202 ] ] ], [ [ [ -97.443191528320298, 25.2648620605469 ], [ -97.443473815917898, 25.2631931304932 ], [ -97.446807861328097, 25.262363433837901 ], [ -97.444824218749901, 25.266296386718899 ], [ -97.443191528320298, 25.2648620605469 ] ] ], [ [ [ -97.435729980468807, 25.266296386718899 ], [ -97.439308166503807, 25.265417098999102 ], [ -97.440696716308594, 25.268194198608501 ], [ -97.4359130859375, 25.2713012695312 ], [ -97.435729980468807, 25.266296386718899 ] ] ], [ [ [ -97.442642211913906, 25.271804809570401 ], [ -97.442359924316307, 25.2704162597656 ], [ -97.444862365722699, 25.270139694213899 ], [ -97.443748474121094, 25.2731952667237 ], [ -97.442642211913906, 25.271804809570401 ] ] ], [ [ [ -97.437919616699205, 25.272916793823399 ], [ -97.440429687499901, 25.271484375000099 ], [ -97.4415283203125, 25.2740268707275 ], [ -97.439308166503807, 25.274583816528398 ], [ -97.437919616699205, 25.272916793823399 ] ] ], [ [ [ -97.432914733886605, 25.278320312500099 ], [ -97.435691833496094, 25.276527404785199 ], [ -97.436531066894503, 25.279861450195401 ], [ -97.433746337890597, 25.281806945800799 ], [ -97.432914733886605, 25.278320312500099 ] ] ], [ [ [ -97.425697326660199, 25.282228469848601 ], [ -97.427635192870994, 25.282361984252901 ], [ -97.426246643066406, 25.284584045410199 ], [ -97.425109863281193, 25.2843017578125 ], [ -97.425697326660199, 25.282228469848601 ] ] ], [ [ [ -97.478469848632798, 25.292966842651499 ], [ -97.480972290039006, 25.291528701782301 ], [ -97.482917785644503, 25.294584274291999 ], [ -97.478469848632798, 25.295110702514599 ], [ -97.478469848632798, 25.292966842651499 ] ] ], [ [ [ -97.420135498046804, 25.2940273284913 ], [ -97.420974731445298, 25.2920856475831 ], [ -97.42236328125, 25.2920856475831 ], [ -97.422119140624901, 25.295471191406399 ], [ -97.420135498046804, 25.2940273284913 ] ] ], [ [ [ -97.424583435058494, 25.29647064209 ], [ -97.4254150390625, 25.294584274291999 ], [ -97.425971984863295, 25.294305801391602 ], [ -97.423751831054602, 25.298749923706101 ], [ -97.424583435058494, 25.29647064209 ] ] ], [ [ [ -97.427185058593693, 25.315416336059499 ], [ -97.432083129882798, 25.3065280914307 ], [ -97.433197021484304, 25.306249618530298 ], [ -97.432083129882798, 25.312639236450298 ], [ -97.427185058593693, 25.315416336059499 ] ] ], [ [ [ -97.403472900390597, 25.3265285491944 ], [ -97.4071044921875, 25.324890136718899 ], [ -97.407081604003906, 25.328752517700298 ], [ -97.404045104980497, 25.328683853149499 ], [ -97.403472900390597, 25.3265285491944 ] ] ], [ [ [ -97.417358398437401, 25.329860687255898 ], [ -97.418212890624901, 25.32989692688 ], [ -97.418197631835895, 25.333196640014801 ], [ -97.417083740234304, 25.3329162597656 ], [ -97.417358398437401, 25.329860687255898 ] ] ], [ [ [ -97.408470153808494, 25.3345832824707 ], [ -97.409584045410199, 25.327917098998999 ], [ -97.410972595214801, 25.327638626098601 ], [ -97.411247253417898, 25.336805343628001 ], [ -97.408470153808494, 25.3345832824707 ] ] ], [ [ [ -97.437278747558494, 25.335971832275401 ], [ -97.437362670898395, 25.334028244018601 ], [ -97.441223144531193, 25.3314819335938 ], [ -97.439910888671903, 25.3354396820069 ], [ -97.437278747558494, 25.335971832275401 ] ] ], [ [ [ -97.399581909179702, 25.337083816528398 ], [ -97.401252746581903, 25.3337497711182 ], [ -97.405693054199205, 25.331806182861399 ], [ -97.405975341796903, 25.335138320922901 ], [ -97.399581909179702, 25.337083816528398 ] ] ], [ [ [ -97.3989639282225, 25.346815109252901 ], [ -97.399307250976605, 25.342363357543899 ], [ -97.4014892578125, 25.3413105010987 ], [ -97.402641296386705, 25.3470859527588 ], [ -97.3989639282225, 25.346815109252901 ] ] ], [ [ [ -97.392913818359403, 25.347639083862401 ], [ -97.394287109374901, 25.340698242187599 ], [ -97.396804809570298, 25.339860916137699 ], [ -97.397361755371094, 25.346805572509801 ], [ -97.392913818359403, 25.347639083862401 ] ] ], [ [ [ -97.389862060546903, 25.3515014648438 ], [ -97.396804809570298, 25.350694656371999 ], [ -97.396804809570298, 25.355138778686602 ], [ -97.390998840332003, 25.3562526702881 ], [ -97.389862060546903, 25.3515014648438 ] ] ], [ [ [ -97.480972290039006, 25.351911544799901 ], [ -97.483192443847699, 25.352361679077099 ], [ -97.482086181640597, 25.3562526702881 ], [ -97.480972290039006, 25.355970382690401 ], [ -97.480972290039006, 25.351911544799901 ] ] ], [ [ [ -97.4193115234375, 25.354921340942401 ], [ -97.420104980468693, 25.3515014648438 ], [ -97.423469543457003, 25.3493061065675 ], [ -97.419860839843807, 25.359027862548899 ], [ -97.4193115234375, 25.354921340942401 ] ] ], [ [ [ -97.407363891601605, 25.3565273284912 ], [ -97.408195495605398, 25.354305267333999 ], [ -97.410140991210895, 25.354028701782301 ], [ -97.408195495605398, 25.357082366943398 ], [ -97.407363891601605, 25.3565273284912 ] ] ], [ [ [ -97.472084045410099, 25.361143112182599 ], [ -97.471252441406094, 25.3565273284912 ], [ -97.479583740234403, 25.353748321533299 ], [ -97.475975036621094, 25.362361907959102 ], [ -97.472084045410099, 25.361143112182599 ] ] ], [ [ [ -97.390975952148395, 25.359678268432699 ], [ -97.391525268554602, 25.362361907959102 ], [ -97.3892822265625, 25.3626728057862 ], [ -97.389862060546903, 25.359922409057699 ], [ -97.390975952148395, 25.359678268432699 ] ] ], [ [ [ -97.479309082031193, 25.3698635101318 ], [ -97.479583740234403, 25.367082595825298 ], [ -97.482917785644503, 25.3681945800781 ], [ -97.480697631835895, 25.371528625488299 ], [ -97.479309082031193, 25.3698635101318 ] ] ], [ [ [ -97.4698486328125, 25.379589080810501 ], [ -97.469024658203097, 25.375972747802699 ], [ -97.475975036621094, 25.371528625488299 ], [ -97.477363586425795, 25.3737506866456 ], [ -97.4698486328125, 25.379589080810501 ] ] ], [ [ [ -97.478012084960895, 25.379304885864201 ], [ -97.477638244628807, 25.376806259155298 ], [ -97.480140686035199, 25.376249313354499 ], [ -97.480712890625, 25.379884719848601 ], [ -97.478012084960895, 25.379304885864201 ] ] ], [ [ [ -97.444732666015597, 25.386528015136701 ], [ -97.444862365722699, 25.3801383972168 ], [ -97.449302673339801, 25.378749847412202 ], [ -97.446525573730398, 25.387638092041101 ], [ -97.444732666015597, 25.386528015136701 ] ] ], [ [ [ -97.464302062988295, 25.384304046631001 ], [ -97.465415954589801, 25.382638931274499 ], [ -97.467895507812401, 25.3834857940675 ], [ -97.465972900390597, 25.3862495422363 ], [ -97.464302062988295, 25.384304046631001 ] ] ], [ [ [ -97.471801757812401, 25.387083053588899 ], [ -97.471801757812401, 25.383752822876001 ], [ -97.476524353027301, 25.384027481079201 ], [ -97.475692749023395, 25.387638092041101 ], [ -97.471801757812401, 25.387083053588899 ] ] ], [ [ [ -97.477081298828097, 25.389341354370099 ], [ -97.484580993652301, 25.382083892822301 ], [ -97.492080688476605, 25.382083892822301 ], [ -97.479583740234403, 25.391527175903299 ], [ -97.477081298828097, 25.389341354370099 ] ] ], [ [ [ -97.455970764160099, 25.384862899780298 ], [ -97.461807250976506, 25.380416870117202 ], [ -97.457885742187401, 25.394897460937401 ], [ -97.455993652343594, 25.394897460937401 ], [ -97.455970764160099, 25.384862899780298 ] ] ], [ [ [ -97.466247558593807, 25.3890285491944 ], [ -97.467895507812401, 25.3878784179688 ], [ -97.469024658203097, 25.390693664550898 ], [ -97.466529846191406, 25.391527175903299 ], [ -97.466247558593807, 25.3890285491944 ] ] ], [ [ [ -97.436531066894503, 25.3954162597657 ], [ -97.4415283203125, 25.3909721374513 ], [ -97.447364807128906, 25.394027709961001 ], [ -97.437919616699205, 25.396804809570298 ], [ -97.436531066894503, 25.3954162597657 ] ] ], [ [ [ -97.422767639160199, 25.399585723876999 ], [ -97.422912597656193, 25.396484375 ], [ -97.4254150390625, 25.396249771118299 ], [ -97.426803588867102, 25.400138854980501 ], [ -97.422767639160199, 25.399585723876999 ] ] ], [ [ [ -97.471527099609304, 25.403749465942401 ], [ -97.471252441406094, 25.399026870727599 ], [ -97.481529235839801, 25.398473739623999 ], [ -97.475692749023395, 25.4034729003907 ], [ -97.471527099609304, 25.403749465942401 ] ] ], [ [ [ -97.450187683105497, 25.4034729003907 ], [ -97.452636718749901, 25.399026870727599 ], [ -97.463195800781193, 25.400417327880898 ], [ -97.460136413574205, 25.403749465942401 ], [ -97.450187683105497, 25.4034729003907 ] ] ], [ [ [ -97.442680358886705, 25.403205871582099 ], [ -97.443748474121094, 25.400138854980501 ], [ -97.446807861328097, 25.402360916137798 ], [ -97.444305419921903, 25.404861450195298 ], [ -97.442680358886705, 25.403205871582099 ] ] ], [ [ [ -97.455696105957003, 25.406528472900401 ], [ -97.455970764160099, 25.4043064117432 ], [ -97.456802368164105, 25.404027938842798 ], [ -97.457916259765597, 25.405971527099702 ], [ -97.455696105957003, 25.406528472900401 ] ] ], [ [ [ -97.418197631835895, 25.411077499389599 ], [ -97.432083129882798, 25.4026393890382 ], [ -97.439857482910099, 25.4026393890382 ], [ -97.435417175292997, 25.411249160766701 ], [ -97.418197631835895, 25.411077499389599 ] ] ], [ [ [ -97.441253662109403, 25.408725738525298 ], [ -97.442642211913906, 25.4073600769044 ], [ -97.444305419921903, 25.409305572509702 ], [ -97.442642211913906, 25.410139083862301 ], [ -97.441253662109403, 25.408725738525298 ] ] ], [ [ [ -97.464302062988295, 25.4098606109619 ], [ -97.464859008789006, 25.4073600769044 ], [ -97.470092773437401, 25.407287597656399 ], [ -97.469802856445298, 25.409030914306701 ], [ -97.464302062988295, 25.4098606109619 ] ] ], [ [ [ -97.476524353027301, 25.411527633666999 ], [ -97.477638244628807, 25.407638549804801 ], [ -97.484580993652301, 25.405971527099702 ], [ -97.477912902832003, 25.41263961792 ], [ -97.476524353027301, 25.411527633666999 ] ] ], [ [ [ -97.446250915527301, 25.4170837402344 ], [ -97.443191528320298, 25.41263961792 ], [ -97.452079772949205, 25.408470153808601 ], [ -97.4576416015625, 25.410692214965898 ], [ -97.446250915527301, 25.4170837402344 ] ] ], [ [ [ -97.458473205566307, 25.419584274291999 ], [ -97.467918395996094, 25.409582138061499 ], [ -97.475135803222599, 25.411806106567401 ], [ -97.460136413574205, 25.4206943511962 ], [ -97.458473205566307, 25.419584274291999 ] ] ], [ [ [ -97.453613281249901, 25.4357299804688 ], [ -97.458747863769503, 25.423194885253899 ], [ -97.467361450195298, 25.4190273284913 ], [ -97.461250305175795, 25.425695419311602 ], [ -97.466247558593807, 25.435693740844801 ], [ -97.453613281249901, 25.4357299804688 ] ] ] ] } },
{ "type": "Feature", "properties": { "NAME_1": "Tlaxcala" }, "geometry": { "type": "Polygon", "coordinates": [ [ [ -98.207130432128906, 19.186162948608501 ], [ -98.250068664550795, 19.209291458129901 ], [ -98.292922973632798, 19.247209548950199 ], [ -98.314788818359403, 19.272199630737401 ], [ -98.341156005859403, 19.332389831542901 ], [ -98.3892822265625, 19.377290725708001 ], [ -98.449913024902202, 19.4125881195069 ], [ -98.525962829589801, 19.475910186767699 ], [ -98.557167053222599, 19.478420257568398 ], [ -98.584877014160199, 19.467300415039102 ], [ -98.605941772460895, 19.49001121521 ], [ -98.636253356933494, 19.481071472168001 ], [ -98.674797058105497, 19.5501594543457 ], [ -98.474403381347599, 19.614831924438501 ], [ -98.409248352050795, 19.606491088867202 ], [ -98.342216491699205, 19.619308471679702 ], [ -98.302223205566406, 19.651582717895501 ], [ -98.2564697265625, 19.720060348510899 ], [ -98.234558105468693, 19.719831466674901 ], [ -98.121017456054702, 19.684061050415099 ], [ -98.075149536132798, 19.687070846557699 ], [ -98.048736572265597, 19.703020095825298 ], [ -97.998359680175795, 19.761659622192401 ], [ -97.986038208007798, 19.7636528015137 ], [ -97.973419189453097, 19.757249832153299 ], [ -97.935043334960895, 19.706550598144599 ], [ -97.784790039062401, 19.591590881347798 ], [ -97.777839660644503, 19.581239700317401 ], [ -97.795501708984304, 19.540010452270501 ], [ -97.790466308593807, 19.526220321655298 ], [ -97.740325927734403, 19.521562576293999 ], [ -97.713142395019503, 19.539262771606399 ], [ -97.695556640624901, 19.538621902465799 ], [ -97.665069580078097, 19.517700195312599 ], [ -97.643516540527301, 19.4868698120118 ], [ -97.623420715332003, 19.4773902893068 ], [ -97.602378845214801, 19.41974067688 ], [ -97.546577453613196, 19.402540206909102 ], [ -97.558128356933494, 19.358779907226602 ], [ -97.582595825195298, 19.340269088745199 ], [ -97.640647888183594, 19.337400436401399 ], [ -97.690040588378906, 19.319160461425799 ], [ -97.731269836425795, 19.3307094573975 ], [ -97.742118835449205, 19.324462890625099 ], [ -97.787590026855497, 19.2423496246338 ], [ -97.836456298828097, 19.2105808258057 ], [ -97.867523193359403, 19.208431243896499 ], [ -97.925842285156193, 19.246181488037202 ], [ -97.943733215332003, 19.247432708740199 ], [ -98.071533203125, 19.142759323120099 ], [ -98.089385986328097, 19.136470794677699 ], [ -98.117652893066307, 19.141311645507798 ], [ -98.163063049316406, 19.173049926757901 ], [ -98.207130432128906, 19.186162948608501 ] ] ] } },
{ "type": "Feature", "properties": { "NAME_1": "Veracruz" }, "geometry": { "type": "MultiPolygon", "coordinates": [ [ [ [ -97.692253112792997, 20.232561111450199 ], [ -97.714866638183594, 20.386600494384801 ], [ -97.708648681640597, 20.4576301574706 ], [ -97.697456359863196, 20.4704399108887 ], [ -97.661636352539105, 20.486520767211999 ], [ -97.620597839355398, 20.4563102722168 ], [ -97.594963073730497, 20.452520370483501 ], [ -97.536766052245994, 20.537570953369102 ], [ -97.550712585449205, 20.581701278686499 ], [ -97.637397766113295, 20.627109527587901 ], [ -97.673896789550696, 20.6575317382813 ], [ -97.6846923828125, 20.689462661743299 ], [ -97.670082092285099, 20.727430343627901 ], [ -97.675140380859304, 20.737321853637798 ], [ -97.696449279785199, 20.7500400543213 ], [ -97.744819641113295, 20.745920181274499 ], [ -97.741279602050795, 20.756059646606602 ], [ -97.692306518554602, 20.785579681396499 ], [ -97.702247619628906, 20.813350677490199 ], [ -97.6919326782225, 20.840440750122099 ], [ -97.697647094726506, 20.8514728546143 ], [ -97.768775939941307, 20.8372097015382 ], [ -97.822250366210895, 20.8520412445069 ], [ -97.834976196289006, 20.8089694976807 ], [ -97.867988586425795, 20.778440475463999 ], [ -97.871597290039006, 20.747310638427798 ], [ -97.917266845703097, 20.708959579467798 ], [ -97.937957763671804, 20.623001098632901 ], [ -97.959686279296903, 20.6278190612793 ], [ -97.999862670898395, 20.660659790039201 ], [ -98.020896911621094, 20.653060913085898 ], [ -98.101127624511705, 20.566570281982401 ], [ -98.167053222656094, 20.5395412445068 ], [ -98.254096984863196, 20.4464302062988 ], [ -98.292587280273395, 20.422121047973601 ], [ -98.353179931640597, 20.402919769287099 ], [ -98.410430908202997, 20.340770721435501 ], [ -98.425956726074205, 20.335979461669901 ], [ -98.447158813476605, 20.356018066406399 ], [ -98.502967834472699, 20.458179473877099 ], [ -98.509071350097699, 20.4809799194337 ], [ -98.5045166015625, 20.529720306396602 ], [ -98.474845886230497, 20.601488113403398 ], [ -98.461959838867202, 20.738870620727699 ], [ -98.435882568359304, 20.759241104126001 ], [ -98.418968200683594, 20.796501159668001 ], [ -98.327476501464801, 20.87260055542 ], [ -98.309127807617102, 20.872787475585898 ], [ -98.25, 20.818740844726701 ], [ -98.191848754882699, 20.832309722900401 ], [ -98.187179565429702, 20.8531818389893 ], [ -98.2093505859375, 20.892780303955099 ], [ -98.205802917480497, 20.9180202484131 ], [ -98.175308227539105, 20.99102973938 ], [ -98.111412048339801, 21.0560607910156 ], [ -98.110176086425795, 21.068170547485401 ], [ -98.186851501464801, 21.157302856445401 ], [ -98.189056396484304, 21.1774597167969 ], [ -98.205978393554702, 21.193639755249102 ], [ -98.263740539550696, 21.216659545898398 ], [ -98.292167663574205, 21.219190597534201 ], [ -98.319602966308594, 21.186719894409201 ], [ -98.379325866699205, 21.188230514526399 ], [ -98.440101623535199, 21.220300674438601 ], [ -98.506057739257798, 21.282890319824201 ], [ -98.488540649414105, 21.370418548583999 ], [ -98.506561279296804, 21.409481048583999 ], [ -98.535980224609403, 21.410989761352599 ], [ -98.541267395019503, 21.536359786987401 ], [ -98.552398681640597, 21.542299270629801 ], [ -98.583312988281193, 21.536390304565501 ], [ -98.594673156738196, 21.5442600250244 ], [ -98.620307922363196, 21.600830078125 ], [ -98.630340576171804, 21.667779922485501 ], [ -98.619636535644503, 21.701940536499102 ], [ -98.571670532226506, 21.699821472168001 ], [ -98.571868896484304, 21.728389739990298 ], [ -98.561225891113295, 21.731960296630898 ], [ -98.533302307128906, 21.721860885620199 ], [ -98.520393371582003, 21.754259109497099 ], [ -98.490959167480497, 21.758050918579102 ], [ -98.482505798339801, 21.7757282257081 ], [ -98.455558776855497, 21.780029296875099 ], [ -98.452812194824205, 21.790241241455199 ], [ -98.499465942382798, 21.825351715088001 ], [ -98.500656127929702, 21.843160629272599 ], [ -98.518722534179702, 21.8392009735107 ], [ -98.542648315429702, 21.865850448608501 ], [ -98.548545837402301, 21.890230178833001 ], [ -98.535636901855398, 21.907712936401399 ], [ -98.550926208496094, 21.9256896972656 ], [ -98.541282653808594, 21.929700851440501 ], [ -98.534736633300795, 21.905899047851602 ], [ -98.527061462402301, 21.907060623168999 ], [ -98.519783020019503, 21.929700851440501 ], [ -98.524200439453097, 21.936830520629901 ], [ -98.534332275390597, 21.943548202514599 ], [ -98.573165893554702, 21.941659927368299 ], [ -98.585769653320298, 21.950799942016701 ], [ -98.588462829589801, 21.965272903442401 ], [ -98.577552795410199, 21.970960617065501 ], [ -98.558517456054602, 21.9638996124268 ], [ -98.485000610351506, 21.9638900756837 ], [ -98.464630126953097, 21.986331939697401 ], [ -98.476799011230398, 22.091611862182699 ], [ -98.463951110839801, 22.094419479370099 ], [ -98.4490966796875, 22.111991882324201 ], [ -98.417861938476506, 22.122020721435501 ], [ -98.345916748046903, 22.114139556884901 ], [ -98.332756042480497, 22.1249904632569 ], [ -98.342910766601406, 22.158920288085898 ], [ -98.363151550292997, 22.178310394287099 ], [ -98.381210327148395, 22.252628326416101 ], [ -98.407142639160199, 22.2796306610107 ], [ -98.449211120605398, 22.2982711791993 ], [ -98.571876525878807, 22.328720092773501 ], [ -98.682746887207003, 22.329759597778398 ], [ -98.700119018554702, 22.3390197753907 ], [ -98.711471557617102, 22.3731594085694 ], [ -98.680931091308594, 22.382331848144599 ], [ -98.647888183593693, 22.4079399108887 ], [ -98.466957092285099, 22.419267654419102 ], [ -98.423316955566406, 22.4102497100831 ], [ -98.404281616210895, 22.3908805847169 ], [ -98.384666442870994, 22.396921157836999 ], [ -98.378532409667997, 22.374891281128001 ], [ -98.366889953613295, 22.3713703155519 ], [ -98.295127868652301, 22.393978118896399 ], [ -98.307426452636705, 22.4167499542237 ], [ -98.291946411132798, 22.442991256713999 ], [ -98.246803283691406, 22.441761016845799 ], [ -98.234161376953097, 22.4510097503663 ], [ -98.195999145507798, 22.455549240112401 ], [ -98.161338806152301, 22.405300140380898 ], [ -98.115402221679702, 22.390869140625 ], [ -98.052581787109304, 22.346290588378999 ], [ -98.005012512207003, 22.344070434570401 ], [ -97.963058471679602, 22.312751770019599 ], [ -97.946456909179602, 22.2941493988038 ], [ -97.933647155761705, 22.2582111358643 ], [ -97.873001098632798, 22.197690963745199 ], [ -97.848487854003906, 22.203111648559599 ], [ -97.793197631835895, 22.249610900878999 ], [ -97.789039611816406, 22.1812458038331 ], [ -97.770973205566307, 22.1137504577638 ], [ -97.707641601562401, 21.9715270996094 ], [ -97.734077453613196, 21.999860763549901 ], [ -97.760696411132798, 22.070972442626999 ], [ -97.772087097167997, 22.083194732666101 ], [ -97.771530151367102, 22.069860458374102 ], [ -97.760971069335895, 22.06569480896 ], [ -97.767913818359304, 22.049861907959102 ], [ -97.750419616699205, 22.028194427490199 ], [ -97.731529235839801, 21.970136642456101 ], [ -97.717636108398395, 21.9534721374512 ], [ -97.724861145019503, 21.9451408386232 ], [ -97.723472595214801, 21.9234714508057 ], [ -97.702079772949205, 21.879583358764801 ], [ -97.706802368164006, 21.842361450195401 ], [ -97.722915649414006, 21.8293056488037 ], [ -97.706802368164006, 21.803749084472599 ], [ -97.707641601562401, 21.790971755981602 ], [ -97.697082519531094, 21.7831935882569 ], [ -97.702079772949205, 21.774583816528398 ], [ -97.691528320312401, 21.7406959533693 ], [ -97.695137023925795, 21.712085723877099 ], [ -97.680419921875, 21.6620826721193 ], [ -97.663475036621094, 21.632917404174901 ], [ -97.647361755370994, 21.6273612976075 ], [ -97.649024963378906, 21.620136260986399 ], [ -97.643753051757798, 21.626249313354499 ], [ -97.643753051757798, 21.5856952667237 ], [ -97.615135192870994, 21.533470153808501 ], [ -97.597640991210895, 21.517915725708001 ], [ -97.594306945800795, 21.495693206787202 ], [ -97.575416564941406, 21.46875 ], [ -97.546524047851605, 21.464860916137599 ], [ -97.517364501953097, 21.475973129272599 ], [ -97.512916564941307, 21.4706954956056 ], [ -97.510696411132798, 21.476804733276399 ], [ -97.490417480468693, 21.4523601531982 ], [ -97.504302978515597, 21.401527404785199 ], [ -97.488746643066406, 21.343194961547901 ], [ -97.474586486816307, 21.324861526489201 ], [ -97.461807250976506, 21.323749542236399 ], [ -97.446807861328097, 21.309028625488299 ], [ -97.4415283203125, 21.2631950378419 ], [ -97.435974121093807, 21.258750915527401 ], [ -97.419029235839801, 21.259027481079201 ], [ -97.420417785644503, 21.230417251586999 ], [ -97.398475646972599, 21.162361145019499 ], [ -97.289024353027301, 20.928472518920898 ], [ -97.227363586425696, 20.828750610351602 ], [ -97.218475341796903, 20.7981948852538 ], [ -97.224861145019503, 20.7940273284913 ], [ -97.217086791992102, 20.7951374053956 ], [ -97.204582214355398, 20.775417327880898 ], [ -97.193473815917997, 20.7395839691162 ], [ -97.200691223144503, 20.726526260375898 ], [ -97.182640075683494, 20.670415878295898 ], [ -97.146247863769503, 20.617639541626001 ], [ -97.149024963378906, 20.6118049621582 ], [ -97.137641906738196, 20.608749389648601 ], [ -97.099861145019503, 20.560972213745199 ], [ -97.048469543457003, 20.5159702301025 ], [ -97.052360534667997, 20.507083892822301 ], [ -97.038475036620994, 20.5059738159181 ], [ -96.990417480468807, 20.469861984253001 ], [ -96.925140380859403, 20.3793048858643 ], [ -96.715141296386705, 20.171249389648398 ], [ -96.717086791992102, 20.1618041992188 ], [ -96.709587097167997, 20.16263961792 ], [ -96.621803283691307, 20.059028625488299 ], [ -96.621246337890497, 20.0501384735107 ], [ -96.612640380859304, 20.0484714508057 ], [ -96.619026184082003, 20.0368061065675 ], [ -96.609024047851506, 20.043750762939499 ], [ -96.607917785644503, 20.033472061157301 ], [ -96.602363586425696, 20.036527633667099 ], [ -96.574584960937401, 20.005418777465799 ], [ -96.572914123535199, 19.988471984863398 ], [ -96.551803588867102, 19.9543056488038 ], [ -96.447364807128807, 19.845972061157301 ], [ -96.4368057250975, 19.800138473510799 ], [ -96.422080993652301, 19.7881965637207 ], [ -96.424308776855398, 19.778194427490298 ], [ -96.399024963378807, 19.719028472900401 ], [ -96.408470153808494, 19.7054157257081 ], [ -96.396530151367102, 19.677360534668001 ], [ -96.397636413574205, 19.647083282470799 ], [ -96.371528625488295, 19.6054172515869 ], [ -96.379302978515597, 19.589860916137798 ], [ -96.389579772949205, 19.593194961547901 ], [ -96.393196105957003, 19.592082977294901 ], [ -96.386802673339801, 19.5837497711182 ], [ -96.377914428710895, 19.587360382080099 ], [ -96.372642517089801, 19.557081222534201 ], [ -96.314025878906193, 19.481525421142599 ], [ -96.311248779296903, 19.461526870727699 ], [ -96.320755004882798, 19.446273803710898 ], [ -96.321525573730497, 19.418472290039102 ], [ -96.339859008789105, 19.409027099609499 ], [ -96.321807861328097, 19.4145832061768 ], [ -96.306808471679602, 19.372638702392599 ], [ -96.306861877441406, 19.340116500854599 ], [ -96.289024353027301, 19.310138702392699 ], [ -96.294860839843693, 19.309305191040199 ], [ -96.303749084472599, 19.313749313354499 ], [ -96.312080383300795, 19.315416336059702 ], [ -96.314025878906193, 19.3148612976075 ], [ -96.295135498046903, 19.307083129882798 ], [ -96.282081604003807, 19.307638168335 ], [ -96.227363586425696, 19.264585494995199 ], [ -96.180694580078097, 19.249027252197301 ], [ -96.173751831054602, 19.224584579467699 ], [ -96.163475036620994, 19.215694427490298 ], [ -96.146530151367202, 19.212638854980501 ], [ -96.124031066894503, 19.221527099609499 ], [ -96.123191833496094, 19.205972671508899 ], [ -96.1370849609375, 19.213472366333001 ], [ -96.139305114746094, 19.2070827484131 ], [ -96.123191833496094, 19.194583892822202 ], [ -96.117080688476605, 19.170692443847699 ], [ -96.104583740234403, 19.1654167175293 ], [ -96.089302062988295, 19.152915954589801 ], [ -96.087081909179602, 19.1479167938232 ], [ -96.095970153808594, 19.1556930541993 ], [ -96.105972290038906, 19.127082824707099 ], [ -96.099029541015597, 19.1029167175294 ], [ -96.109863281249901, 19.0995826721193 ], [ -96.115692138671804, 19.094028472900501 ], [ -96.100135803222599, 19.0995826721193 ], [ -96.076805114746094, 19.0729160308838 ], [ -96.040412902832003, 19.0568046569825 ], [ -95.98819732666, 19.063749313354599 ], [ -95.972640991210895, 19.0568046569825 ], [ -95.959861755370994, 18.962638854980501 ], [ -95.932357788085895, 18.891527175903299 ], [ -95.865692138671903, 18.8337516784668 ], [ -95.782638549804702, 18.799028396606399 ], [ -95.749580383300696, 18.7951393127443 ], [ -95.758750915527301, 18.7929172515869 ], [ -95.751525878906193, 18.7848606109619 ], [ -95.757919311523395, 18.764583587646499 ], [ -95.797080993652202, 18.790695190429801 ], [ -95.810417175292898, 18.7884731292725 ], [ -95.838752746581903, 18.81569480896 ], [ -95.852912902832003, 18.810417175293001 ], [ -95.851249694824105, 18.8168048858643 ], [ -95.8629150390625, 18.8240280151368 ], [ -95.877357482910099, 18.818752288818398 ], [ -95.878753662109403, 18.806249618530401 ], [ -95.854309082031193, 18.8056945800782 ], [ -95.865135192870994, 18.7976379394531 ], [ -95.864860534667898, 18.7809734344482 ], [ -95.831253051757798, 18.7651386260987 ], [ -95.818748474121094, 18.748193740844801 ], [ -95.823196411132798, 18.7323608398438 ], [ -95.833190917968693, 18.734306335449201 ], [ -95.837081909179702, 18.7270812988282 ], [ -95.844024658203097, 18.742639541626101 ], [ -95.855415344238196, 18.7423610687257 ], [ -95.863197326660199, 18.733749389648398 ], [ -95.862083435058494, 18.717084884643601 ], [ -95.809585571289105, 18.719861984253001 ], [ -95.814025878906193, 18.7404174804688 ], [ -95.802085876464801, 18.751527786254901 ], [ -95.78125, 18.749027252197202 ], [ -95.773750305175795, 18.755416870117099 ], [ -95.751251220703097, 18.743473052978601 ], [ -95.745414733886705, 18.748193740844801 ], [ -95.751525878906193, 18.7704162597657 ], [ -95.742080688476605, 18.790971755981399 ], [ -95.722084045410099, 18.768192291259801 ], [ -95.676803588867102, 18.746805191040099 ], [ -95.562362670898395, 18.716249465942401 ], [ -95.319030761718807, 18.709028244018501 ], [ -95.288192749023395, 18.716527938842798 ], [ -95.251251220703097, 18.702917098998999 ], [ -95.181526184082003, 18.707361221313601 ], [ -95.177360534667898, 18.692916870117202 ], [ -95.14013671875, 18.672359466552699 ], [ -95.130973815917997, 18.674303054809599 ], [ -95.122642517089702, 18.653194427490298 ], [ -95.098747253417997, 18.642084121704201 ], [ -95.084587097167898, 18.644859313964801 ], [ -95.077362060546903, 18.6256942749025 ], [ -95.064857482910199, 18.622360229492202 ], [ -95.059303283691307, 18.604858398437599 ], [ -95.049308776855497, 18.600139617919901 ], [ -95.051528930664105, 18.584583282470799 ], [ -95.038475036621094, 18.573472976684702 ], [ -94.989585876464801, 18.556249618530199 ], [ -94.910697937011705, 18.545972824096701 ], [ -94.873748779296903, 18.548749923706101 ], [ -94.812362670898395, 18.535694122314499 ], [ -94.786804199218807, 18.505416870117202 ], [ -94.775413513183594, 18.450696945190501 ], [ -94.743751525878906, 18.4226379394531 ], [ -94.735420227050696, 18.3918056488038 ], [ -94.663475036621094, 18.338752746582099 ], [ -94.656524658203097, 18.309583663940501 ], [ -94.623191833495994, 18.288194656372099 ], [ -94.625419616699205, 18.2551383972169 ], [ -94.604309082031193, 18.1995830535888 ], [ -94.559028625488295, 18.168472290039102 ], [ -94.497360229492202, 18.150417327880898 ], [ -94.419860839843693, 18.156803131103501 ], [ -94.415969848632699, 18.166528701782202 ], [ -94.414863586425795, 18.157361984253001 ], [ -94.407363891601506, 18.158750534057599 ], [ -94.413192749023395, 18.1670837402344 ], [ -94.395416259765597, 18.159305572509801 ], [ -94.295135498046804, 18.174304962158299 ], [ -94.004379272460895, 18.252361297607401 ], [ -94.121559143066307, 18.213809967041101 ], [ -94.131492614746094, 18.2003402709962 ], [ -94.130668640136705, 18.190879821777301 ], [ -94.110755920410099, 18.188699722290099 ], [ -94.0947265625, 18.200628280639702 ], [ -94.055007934570298, 18.182010650634801 ], [ -94.030097961425696, 18.1869411468507 ], [ -94.006996154785099, 18.156631469726602 ], [ -94.013092041015597, 18.1520595550538 ], [ -94.029762268066406, 18.168670654296999 ], [ -94.032752990722599, 18.182640075683501 ], [ -94.050071716308594, 18.174150466918899 ], [ -94.090789794921903, 18.195020675659201 ], [ -94.100311279296903, 18.193822860717901 ], [ -94.104393005370994, 18.180030822753899 ], [ -94.131050109863295, 18.177740097046001 ], [ -94.101150512695298, 18.144990921020501 ], [ -94.106002807617102, 18.116880416870199 ], [ -94.096038818359403, 18.0888900756837 ], [ -94.096290588378807, 18.036409378051701 ], [ -94.0711669921875, 17.965959548950298 ], [ -94.071678161620994, 17.944351196289102 ], [ -94.081779479980398, 17.933599472046001 ], [ -94.071609497070298, 17.934461593627901 ], [ -94.079071044921903, 17.890529632568299 ], [ -94.074913024902301, 17.865289688110501 ], [ -94.041236877441307, 17.831848144531399 ], [ -93.962776184082003, 17.805360794067401 ], [ -93.932502746582003, 17.7417926788331 ], [ -93.919166564941307, 17.7356700897218 ], [ -93.881187438964801, 17.737739562988299 ], [ -93.855781555175696, 17.7122116088868 ], [ -93.808982849121094, 17.698650360107401 ], [ -93.746406555175795, 17.6668796539307 ], [ -93.693550109863196, 17.538700103759801 ], [ -93.686988830566406, 17.490779876708999 ], [ -93.701705932617202, 17.452699661255 ], [ -93.686531066894503, 17.404689788818501 ], [ -93.683921813964801, 17.359899520874102 ], [ -93.609413146972599, 17.339082717895501 ], [ -93.627952575683594, 17.321601867675799 ], [ -93.6956787109375, 17.285341262817401 ], [ -93.758636474609403, 17.228061676025501 ], [ -93.846359252929702, 17.1887912750244 ], [ -93.873916625976605, 17.1514282226563 ], [ -95.019386291503906, 17.2187309265138 ], [ -95.020271301269503, 17.233770370483501 ], [ -95.002571105956903, 17.2712802886963 ], [ -95.027961730957003, 17.2929992675782 ], [ -95.027603149414105, 17.331359863281399 ], [ -95.036270141601605, 17.3450412750244 ], [ -95.165176391601406, 17.438081741333001 ], [ -95.299446105957003, 17.607299804687599 ], [ -95.299476623535199, 17.641902923583999 ], [ -95.222640991210895, 17.6851406097413 ], [ -95.223846435546903, 17.701789855957099 ], [ -95.278152465820298, 17.7339801788331 ], [ -95.303108215332003, 17.733221054077099 ], [ -95.358810424804702, 17.686830520629901 ], [ -95.489952087402301, 17.6599311828613 ], [ -95.609878540039105, 17.579362869262798 ], [ -95.667358398437401, 17.567569732666101 ], [ -95.739723205566406, 17.569761276245099 ], [ -95.774742126464801, 17.547611236572301 ], [ -95.853240966796804, 17.569770812988398 ], [ -95.869361877441307, 17.590179443359499 ], [ -95.896125793457003, 17.6645393371582 ], [ -95.940048217773395, 17.739711761474599 ], [ -95.932861328124901, 17.7819328308106 ], [ -95.948127746582003, 17.804357528686602 ], [ -95.917709350585895, 17.837970733642599 ], [ -95.878059387207003, 17.936508178711001 ], [ -95.839073181152301, 17.997159957885899 ], [ -95.840988159179702, 18.049730300903398 ], [ -95.865722656249901, 18.1492099761963 ], [ -95.887832641601506, 18.183019638061499 ], [ -95.905998229980497, 18.1913681030275 ], [ -95.944831848144503, 18.1921195983887 ], [ -95.970596313476605, 18.2064495086669 ], [ -96.036560058593807, 18.201520919799801 ], [ -96.096542358398395, 18.22322845459 ], [ -96.167610168457003, 18.189170837402301 ], [ -96.202751159667898, 18.198802947998001 ], [ -96.210899353027301, 18.214660644531399 ], [ -96.1884765625, 18.2400302886963 ], [ -96.208358764648395, 18.2451400756837 ], [ -96.238388061523395, 18.237379074096701 ], [ -96.291107177734403, 18.321769714355501 ], [ -96.334609985351605, 18.344160079956001 ], [ -96.366889953613196, 18.327001571655298 ], [ -96.390930175781094, 18.329401016235401 ], [ -96.469245910644503, 18.388910293579102 ], [ -96.494766235351506, 18.4232501983643 ], [ -96.500190734863196, 18.477239608764801 ], [ -96.518577575683594, 18.527479171752901 ], [ -96.495346069335895, 18.575679779052699 ], [ -96.544891357421903, 18.5949401855469 ], [ -96.581466674804602, 18.6332492828369 ], [ -96.600646972656094, 18.626590728759702 ], [ -96.611160278320298, 18.592210769653299 ], [ -96.609657287597699, 18.5773811340331 ], [ -96.589759826660099, 18.549261093139599 ], [ -96.593193054199205, 18.533340454101602 ], [ -96.636810302734403, 18.440540313720799 ], [ -96.648506164550696, 18.429378509521499 ], [ -96.649726867675696, 18.441959381103501 ], [ -96.722572326660199, 18.512029647827099 ], [ -96.819282531738295, 18.543390274047901 ], [ -96.880943298339801, 18.512710571289102 ], [ -96.919425964355398, 18.472969055175799 ], [ -96.944107055664105, 18.4650402069093 ], [ -96.965972900390597, 18.4705200195312 ], [ -96.999832153320298, 18.500080108642699 ], [ -97.049057006835895, 18.590339660644599 ], [ -97.046936035156193, 18.628982543945298 ], [ -97.091156005859403, 18.633569717407301 ], [ -97.195953369140597, 18.6670112609863 ], [ -97.230117797851605, 18.6945610046387 ], [ -97.243911743164105, 18.730590820312599 ], [ -97.245468139648395, 18.8460197448731 ], [ -97.207580566406193, 18.906200408935501 ], [ -97.170036315917997, 18.942281723022599 ], [ -97.16552734375, 18.975498199462901 ], [ -97.169128417968594, 19.0885314941407 ], [ -97.188262939453097, 19.219028472900401 ], [ -97.180587768554702, 19.229820251464801 ], [ -96.987892150878906, 19.221759796142599 ], [ -96.962287902832003, 19.232080459594801 ], [ -96.964653015136705, 19.301532745361399 ], [ -96.983619689941307, 19.323440551757798 ], [ -97.108016967773395, 19.3745002746582 ], [ -97.171760559082003, 19.381599426269499 ], [ -97.238555908202997, 19.400041580200298 ], [ -97.314453124999901, 19.450412750244102 ], [ -97.314506530761705, 19.4640502929688 ], [ -97.292732238769503, 19.495569229126001 ], [ -97.293975830078097, 19.508529663086001 ], [ -97.351531982421804, 19.634149551391701 ], [ -97.344398498535099, 19.645572662353601 ], [ -97.3199462890625, 19.6525802612306 ], [ -97.277519226074205, 19.756811141967798 ], [ -97.239143371582003, 19.816198348999102 ], [ -97.248626708984403, 19.8714199066162 ], [ -97.176071166992102, 20.0561008453369 ], [ -97.090377807617202, 20.168359756469801 ], [ -97.086906433105398, 20.182218551635899 ], [ -97.188430786132798, 20.2228298187257 ], [ -97.267639160156193, 20.2400207519532 ], [ -97.380950927734403, 20.281299591064499 ], [ -97.404968261718693, 20.2605705261232 ], [ -97.442848205566406, 20.1983318328857 ], [ -97.479240417480398, 20.1597003936768 ], [ -97.506942749023395, 20.1361198425293 ], [ -97.532928466796804, 20.130678176879901 ], [ -97.552558898925795, 20.147359848022401 ], [ -97.578956604003906, 20.2046508789062 ], [ -97.600486755371094, 20.2087097167969 ], [ -97.660636901855398, 20.196580886840898 ], [ -97.682357788085895, 20.2091598510743 ], [ -97.692253112792997, 20.232561111450199 ] ] ], [ [ [ -97.629585266113295, 21.761806488037202 ], [ -97.616249084472699, 21.761806488037202 ], [ -97.613197326660199, 21.7595825195313 ], [ -97.611808776855398, 21.756805419921999 ], [ -97.629585266113295, 21.761806488037202 ] ] ], [ [ [ -97.645416259765597, 21.7984714508057 ], [ -97.634864807128906, 21.7912502288819 ], [ -97.642364501953097, 21.7818069458007 ], [ -97.643470764160099, 21.794307708740199 ], [ -97.647361755370994, 21.799861907958999 ], [ -97.645416259765597, 21.7984714508057 ] ] ], [ [ [ -97.645690917968807, 21.794307708740199 ], [ -97.646247863769503, 21.7931938171387 ], [ -97.648750305175795, 21.795972824096701 ], [ -97.647087097167898, 21.796249389648601 ], [ -97.645690917968807, 21.794307708740199 ] ] ], [ [ [ -97.612640380859403, 21.722082138061499 ], [ -97.632362365722699, 21.7406959533693 ], [ -97.653747558593807, 21.74680519104 ], [ -97.654304504394503, 21.756805419921999 ], [ -97.675971984863196, 21.772916793823299 ], [ -97.6673583984375, 21.774860382080099 ], [ -97.690414428710895, 21.8048610687256 ], [ -97.684585571289006, 21.809583663940501 ], [ -97.697364807128807, 21.8345832824707 ], [ -97.691802978515597, 21.8495826721193 ], [ -97.701805114746094, 21.862361907959102 ], [ -97.700691223144503, 21.874025344848601 ], [ -97.669860839843807, 21.821525573730501 ], [ -97.667083740234403, 21.7965297698975 ], [ -97.651527404785199, 21.7865276336669 ], [ -97.636802673339801, 21.760694503784201 ], [ -97.611808776855398, 21.745138168334901 ], [ -97.602638244628807, 21.723749160766602 ], [ -97.616249084472699, 21.738193511963001 ], [ -97.608192443847599, 21.7259731292725 ], [ -97.612640380859403, 21.722082138061499 ] ] ], [ [ [ -97.651252746582003, 21.8048610687256 ], [ -97.647361755370994, 21.800416946411101 ], [ -97.658195495605497, 21.803472518921001 ], [ -97.656524658203097, 21.805973052978501 ], [ -97.651252746582003, 21.8048610687256 ] ] ], [ [ [ -97.663192749023395, 21.808471679687599 ], [ -97.662635803222599, 21.805696487426701 ], [ -97.663749694824205, 21.805139541626001 ], [ -97.665695190429602, 21.809583663940501 ], [ -97.663192749023395, 21.808471679687599 ] ] ], [ [ [ -97.709304809570298, 21.9662494659425 ], [ -97.710975646972599, 21.964582443237401 ], [ -97.712638854980497, 21.964305877685501 ], [ -97.709861755370994, 21.968471527099599 ], [ -97.709304809570298, 21.9662494659425 ] ] ], [ [ [ -97.270416259765597, 21.143194198608398 ], [ -97.268753051757798, 21.140417098999102 ], [ -97.275138854980497, 21.144027709960898 ], [ -97.272361755371094, 21.1443061828613 ], [ -97.270416259765597, 21.143194198608398 ] ] ], [ [ [ -97.439582824707003, 21.271249771118299 ], [ -97.437919616699205, 21.3273620605469 ], [ -97.449584960937401, 21.353195190429801 ], [ -97.418472290039105, 21.401805877685501 ], [ -97.423469543457003, 21.4081935882569 ], [ -97.415695190429702, 21.4118061065675 ], [ -97.417083740234304, 21.430414199829201 ], [ -97.380691528320298, 21.475694656372202 ], [ -97.379585266113196, 21.501249313354499 ], [ -97.390693664550795, 21.5237503051757 ], [ -97.384582519531193, 21.531528472900401 ], [ -97.401527404785099, 21.553747177124102 ], [ -97.446807861328097, 21.586526870727699 ], [ -97.444580078125, 21.59375 ], [ -97.460418701171903, 21.5965270996094 ], [ -97.494857788085895, 21.639583587646602 ], [ -97.506530761718693, 21.667917251586999 ], [ -97.545417785644503, 21.699304580688501 ], [ -97.564025878906193, 21.733194351196399 ], [ -97.585975646972599, 21.742916107177798 ], [ -97.605140686035099, 21.772083282470799 ], [ -97.620697021484403, 21.779861450195401 ], [ -97.627914428710895, 21.811250686645501 ], [ -97.638191223144503, 21.822639465331999 ], [ -97.637359619140597, 21.8418064117432 ], [ -97.674308776855497, 21.9162502288818 ], [ -97.697364807128807, 21.9179172515869 ], [ -97.693191528320298, 21.946250915527301 ], [ -97.706253051757798, 21.967361450195401 ], [ -97.560691833495994, 21.764583587646499 ], [ -97.438751220703097, 21.655138015747099 ], [ -97.344306945800696, 21.58736038208 ], [ -97.327362060546903, 21.565139770507798 ], [ -97.333747863769503, 21.5476379394531 ], [ -97.329307556152301, 21.517084121704201 ], [ -97.350418090820298, 21.4554157257081 ], [ -97.414863586425696, 21.3268051147462 ], [ -97.421806335449205, 21.288194656372202 ], [ -97.417915344238196, 21.259860992431602 ], [ -97.435142517089801, 21.260694503784201 ], [ -97.439582824707003, 21.271249771118299 ] ] ], [ [ [ -97.464302062988295, 21.443750381469702 ], [ -97.419303894042997, 21.475694656372202 ], [ -97.400138854980497, 21.480138778686602 ], [ -97.4254150390625, 21.434028625488299 ], [ -97.431526184082003, 21.4043064117432 ], [ -97.456802368164105, 21.367639541626001 ], [ -97.451805114746094, 21.370695114135899 ], [ -97.454582214355497, 21.356250762939499 ], [ -97.458473205566307, 21.367916107177798 ], [ -97.469024658203097, 21.3640251159668 ], [ -97.472640991210895, 21.380695343017599 ], [ -97.467086791992202, 21.404861450195401 ], [ -97.473472595214801, 21.417917251586999 ], [ -97.464859008789006, 21.420972824096701 ], [ -97.470695495605497, 21.4234714508056 ], [ -97.482635498046903, 21.410417556762798 ], [ -97.487640380859304, 21.414863586425799 ], [ -97.486251831054702, 21.4315280914307 ], [ -97.464302062988295, 21.443750381469702 ] ] ], [ [ [ -97.2218017578125, 21.4754161834718 ], [ -97.224586486816406, 21.469068527221701 ], [ -97.228469848632798, 21.4670810699463 ], [ -97.231529235839801, 21.4681930541993 ], [ -97.2218017578125, 21.4754161834718 ] ] ], [ [ [ -97.224861145019503, 21.4851379394532 ], [ -97.219024658203097, 21.4795837402344 ], [ -97.217361450195298, 21.474861145019599 ], [ -97.217636108398395, 21.469028472900401 ], [ -97.221252441406193, 21.4659729003906 ], [ -97.218475341796903, 21.4745826721193 ], [ -97.224861145019503, 21.4851379394532 ] ] ], [ [ [ -97.250694274902301, 21.5148620605469 ], [ -97.249862670898395, 21.512083053588899 ], [ -97.250137329101605, 21.507917404174801 ], [ -97.253471374511705, 21.5159721374513 ], [ -97.250694274902301, 21.5148620605469 ] ] ], [ [ [ -97.450973510742202, 21.513196945190501 ], [ -97.451248168945298, 21.512083053588899 ], [ -97.455413818359304, 21.5098609924318 ], [ -97.454582214355497, 21.5140285491943 ], [ -97.450973510742202, 21.513196945190501 ] ] ], [ [ [ -97.276802062988196, 21.543750762939499 ], [ -97.275970458984403, 21.540136337280298 ], [ -97.277915954589801, 21.5379142761232 ], [ -97.278472900390597, 21.5459728240968 ], [ -97.276802062988196, 21.543750762939499 ] ] ], [ [ [ -97.484306335449205, 21.5468063354493 ], [ -97.485969543457003, 21.5468063354493 ], [ -97.485420227050795, 21.549585342407202 ], [ -97.482917785644503, 21.549028396606399 ], [ -97.484306335449205, 21.5468063354493 ] ] ], [ [ [ -97.491249084472599, 21.5565280914307 ], [ -97.489585876464801, 21.553747177124102 ], [ -97.497642517089801, 21.557361602783299 ], [ -97.492080688476605, 21.5590286254882 ], [ -97.491249084472599, 21.5565280914307 ] ] ], [ [ [ -97.500137329101506, 21.550693511963001 ], [ -97.510414123535099, 21.552639007568299 ], [ -97.530136108398395, 21.581527709961101 ], [ -97.488471984863295, 21.576250076293899 ], [ -97.487915039062401, 21.568195343017599 ], [ -97.518753051757798, 21.575971603393601 ], [ -97.502357482910199, 21.552360534667901 ], [ -97.489860534667997, 21.549303054809702 ], [ -97.500137329101506, 21.550693511963001 ] ] ], [ [ [ -97.598197937011705, 21.714025497436602 ], [ -97.589859008789006, 21.7115268707275 ], [ -97.587364196777301, 21.707361221313501 ], [ -97.606803894042997, 21.714860916137798 ], [ -97.598197937011705, 21.714025497436602 ] ] ], [ [ [ -95.831253051757798, 18.7298603057862 ], [ -95.831527709960895, 18.726251602173001 ], [ -95.833473205566307, 18.7254161834718 ], [ -95.834861755371094, 18.7298603057862 ], [ -95.831253051757798, 18.7298603057862 ] ] ], [ [ [ -95.84375, 19.0884704589844 ], [ -95.842361450195298, 19.0829162597656 ], [ -95.837364196777301, 19.077638626098601 ], [ -95.830696105957003, 19.063749313354599 ], [ -95.843475341796903, 19.082639694213999 ], [ -95.84375, 19.0884704589844 ] ] ], [ [ [ -95.954025268554602, 19.078750610351602 ], [ -95.955696105957003, 19.0784721374512 ], [ -95.955696105957003, 19.079584121704102 ], [ -95.953193664550696, 19.079860687255898 ], [ -95.954025268554602, 19.078750610351602 ] ] ], [ [ [ -95.966804504394503, 19.097360610961999 ], [ -95.958473205566406, 19.0918064117432 ], [ -95.957359313964801, 19.089862823486399 ], [ -95.969024658202997, 19.097917556762798 ], [ -95.966804504394503, 19.097360610961999 ] ] ], [ [ [ -95.937362670898295, 19.1009712219238 ], [ -95.939025878906193, 19.099859237670898 ], [ -95.939582824707003, 19.1020812988282 ], [ -95.936805725097699, 19.1023635864257 ], [ -95.937362670898295, 19.1009712219238 ] ] ], [ [ [ -95.936805725097699, 19.114027023315501 ], [ -95.935974121093807, 19.110971450805799 ], [ -95.928749084472599, 19.106250762939599 ], [ -95.928749084472599, 19.104303359985501 ], [ -95.935142517089801, 19.109027862548899 ], [ -95.939582824707003, 19.114582061767599 ], [ -95.936805725097699, 19.114027023315501 ] ] ], [ [ [ -95.864585876464801, 19.172916412353601 ], [ -95.860420227050795, 19.169860839843899 ], [ -95.852912902832003, 19.160417556762699 ], [ -95.842918395995994, 19.1570854187012 ], [ -95.836524963378807, 19.153749465942401 ], [ -95.835418701171804, 19.151527404785298 ], [ -95.853195190429702, 19.159585952758899 ], [ -95.868751525878906, 19.1726379394532 ], [ -95.864585876464801, 19.172916412353601 ] ] ], [ [ [ -96.091529846191406, 19.1743068695069 ], [ -96.094024658203097, 19.173749923706101 ], [ -96.092361450195298, 19.176805496215799 ], [ -96.090972900390597, 19.1762504577638 ], [ -96.091529846191406, 19.1743068695069 ] ] ], [ [ [ -96.090972900390597, 19.180139541626001 ], [ -96.089302062988295, 19.178472518920898 ], [ -96.089027404785199, 19.175138473510899 ], [ -96.094306945800696, 19.18097114563 ], [ -96.090972900390597, 19.180139541626001 ] ] ], [ [ [ -96.092086791992202, 19.1943054199218 ], [ -96.082916259765597, 19.188749313354499 ], [ -96.081802368164105, 19.184303283691499 ], [ -96.096252441406193, 19.1951389312744 ], [ -96.092086791992202, 19.1943054199218 ] ] ], [ [ [ -96.065414428710895, 19.199583053588999 ], [ -96.066253662109403, 19.197914123535298 ], [ -96.067916870117102, 19.197914123535298 ], [ -96.067085266113295, 19.200971603393601 ], [ -96.065414428710895, 19.199583053588999 ] ] ], [ [ [ -96.0665283203125, 19.207639694213899 ], [ -96.063194274902301, 19.204584121704201 ], [ -96.062637329101605, 19.202083587646499 ], [ -96.071525573730398, 19.207359313964901 ], [ -96.0665283203125, 19.207639694213899 ] ] ], [ [ [ -96.055969238281193, 19.229860305786101 ], [ -96.050971984863295, 19.2262496948243 ], [ -96.049293518066307, 19.222908020019499 ], [ -96.063232421874901, 19.2292575836181 ], [ -96.055969238281193, 19.229860305786101 ] ] ], [ [ [ -96.09375, 19.2279167175294 ], [ -96.093193054199105, 19.2254142761231 ], [ -96.094306945800696, 19.225139617919901 ], [ -96.095695495605497, 19.229028701782301 ], [ -96.09375, 19.2279167175294 ] ] ], [ [ [ -96.391525268554702, 19.6779174804688 ], [ -96.392364501952997, 19.675693511962901 ], [ -96.3951416015625, 19.677082061767599 ], [ -96.394584655761705, 19.679304122924801 ], [ -96.391525268554702, 19.6779174804688 ] ] ], [ [ [ -95.206527709960895, 18.708194732666101 ], [ -95.207084655761705, 18.7095832824707 ], [ -95.205696105957003, 18.710138320922901 ], [ -95.204582214355497, 18.7079162597657 ], [ -95.206527709960895, 18.708194732666101 ] ] ], [ [ [ -95.824859619140597, 19.061805725097699 ], [ -95.822639465331903, 19.054582595825199 ], [ -95.824028015136705, 19.052639007568501 ], [ -95.827079772949205, 19.0612525939943 ], [ -95.824859619140597, 19.061805725097699 ] ] ] ] } },
{ "type": "Feature", "properties": { "NAME_1": "Yucatán" }, "geometry": { "type": "MultiPolygon", "coordinates": [ [ [ [ -89.736671447753807, 20.081750869751001 ], [ -89.791801452636705, 20.107328414916999 ], [ -89.812736511230398, 20.137510299682699 ], [ -89.838890075683494, 20.2232894897462 ], [ -89.871116638183494, 20.275159835815401 ], [ -89.944038391113295, 20.319070816040199 ], [ -89.954536437988295, 20.3507595062256 ], [ -89.966590881347599, 20.358238220214901 ], [ -89.966598510742102, 20.403480529785199 ], [ -89.994659423828097, 20.426591873168999 ], [ -90.010307312011705, 20.467420578002901 ], [ -90.037872314453097, 20.4605598449707 ], [ -90.067680358886705, 20.403650283813501 ], [ -90.078292846679702, 20.3974914550781 ], [ -90.135162353515597, 20.440980911255 ], [ -90.180618286132798, 20.4256706237794 ], [ -90.218940734863196, 20.500810623168999 ], [ -90.237197875976605, 20.512290954589801 ], [ -90.374130249023395, 20.518590927123999 ], [ -90.390357971191406, 20.526460647583001 ], [ -90.383796691894503, 20.8009357452393 ], [ -90.389305114746094, 20.811527252197301 ], [ -90.381248474120994, 20.8523635864257 ], [ -90.356803894042997, 20.874584197998001 ], [ -90.328193664550795, 20.939027786254901 ], [ -90.333473205566307, 20.9584693908693 ], [ -90.341804504394503, 20.9615268707275 ], [ -90.347358703613295, 20.950416564941399 ], [ -90.361526489257798, 20.8854179382325 ], [ -90.385696411132798, 20.853473663330099 ], [ -90.388191223144503, 20.827638626098601 ], [ -90.393196105957003, 20.836248397827301 ], [ -90.39013671875, 20.824306488037202 ], [ -90.400138854980398, 20.8229160308838 ], [ -90.401252746582003, 20.804582595825199 ], [ -90.404304504394503, 20.810693740844702 ], [ -90.410415649414006, 20.804307937622202 ], [ -90.414024353027301, 20.7756958007812 ], [ -90.415969848632699, 20.812084197998001 ], [ -90.364585876464801, 20.9643058776856 ], [ -90.337081909179602, 21.006805419921999 ], [ -90.302085876464801, 21.033750534057599 ], [ -90.095443725585795, 21.155471801757798 ], [ -89.997360229492202, 21.175695419311602 ], [ -89.891525268554602, 21.2331943511963 ], [ -89.901252746582003, 21.224859237670898 ], [ -89.889030456542898, 21.226249694824201 ], [ -89.891525268554602, 21.224859237670898 ], [ -89.885696411132798, 21.216249465942401 ], [ -89.873191833496094, 21.2215270996094 ], [ -89.880142211914105, 21.222917556762798 ], [ -89.873748779296903, 21.228473663330099 ], [ -89.870140075683594, 21.223749160766701 ], [ -89.854583740234403, 21.2259712219238 ], [ -89.851249694824205, 21.2295856475831 ], [ -89.867080688476605, 21.2270812988282 ], [ -89.876251220703097, 21.235694885253999 ], [ -89.888473510742102, 21.2312507629394 ], [ -89.890419006347699, 21.233749389648501 ], [ -89.845138549804702, 21.248193740844702 ], [ -89.844863891601605, 21.241249084472798 ], [ -89.839584350585895, 21.240974426269599 ], [ -89.845695495605497, 21.250972747802798 ], [ -89.703193664550696, 21.280971527099702 ], [ -89.707916259765597, 21.275693893432699 ], [ -89.699859619140497, 21.268474578857401 ], [ -89.708190917968807, 21.263748168945401 ], [ -89.732360839843693, 21.2668056488037 ], [ -89.747642517089801, 21.255416870117202 ], [ -89.779861450195298, 21.2479171752931 ], [ -89.787086486816307, 21.253194808960099 ], [ -89.796249389648395, 21.245416641235401 ], [ -89.775413513183594, 21.240974426269599 ], [ -89.674583435058494, 21.266527175903299 ], [ -89.675971984863295, 21.277082443237202 ], [ -89.697639465332003, 21.268192291259801 ], [ -89.702919006347699, 21.285139083862301 ], [ -89.686531066894503, 21.2820854187012 ], [ -89.309585571289006, 21.343748092651399 ], [ -89.104858398437401, 21.3584728240968 ], [ -88.840972900390597, 21.3981952667237 ], [ -88.799026489257798, 21.412639617919901 ], [ -88.795417785644503, 21.420139312744102 ], [ -88.7379150390625, 21.430414199829201 ], [ -88.698471069335895, 21.4509716033937 ], [ -88.694305419921804, 21.4506950378419 ], [ -88.732360839843807, 21.4226398468018 ], [ -88.725975036621094, 21.4234714508056 ], [ -88.677421569824105, 21.459621429443398 ], [ -88.640693664550696, 21.468471527099702 ], [ -88.627639770507699, 21.486528396606499 ], [ -88.633468627929702, 21.497085571289102 ], [ -88.651527404785199, 21.472917556762699 ], [ -88.665695190429602, 21.4723606109619 ], [ -88.693748474121094, 21.454582214355501 ], [ -88.628753662109304, 21.5148620605469 ], [ -88.608192443847699, 21.524585723877099 ], [ -88.525695800781094, 21.5331935882569 ], [ -88.397918701171903, 21.565414428711001 ], [ -88.369857788085895, 21.5665283203125 ], [ -88.322639465332003, 21.550973892211999 ], [ -88.281524658203097, 21.555139541626001 ], [ -88.278198242187401, 21.5612506866456 ], [ -88.269027709960895, 21.555973052978601 ], [ -88.242362976074205, 21.568195343017599 ], [ -88.215972900390597, 21.569305419921999 ], [ -88.210418701171903, 21.584304809570401 ], [ -88.197639465332003, 21.5765285491943 ], [ -88.158470153808594, 21.599861145019499 ], [ -88.139579772949205, 21.599027633667099 ], [ -88.129302978515597, 21.6090297698975 ], [ -88.161804199218807, 21.601249694824201 ], [ -88.176803588867102, 21.612361907958999 ], [ -88.139579772949205, 21.624305725097699 ], [ -88.047920227050795, 21.610694885253999 ], [ -87.960418701171804, 21.6093063354493 ], [ -88.041809082031193, 21.6073608398438 ], [ -88.048194885253906, 21.590696334838899 ], [ -88.054306030273395, 21.592084884643601 ], [ -88.055137634277301, 21.5909748077393 ], [ -87.979583740234304, 21.5665283203125 ], [ -87.946807861328097, 21.5612506866456 ], [ -87.942916870117202, 21.566806793212901 ], [ -87.927085876464801, 21.557361602783299 ], [ -87.904029846191406, 21.567918777465799 ], [ -87.885696411132798, 21.560417175293001 ], [ -87.876808166503807, 21.5659713745118 ], [ -87.859306335449205, 21.557361602783299 ], [ -87.837913513183594, 21.55930519104 ], [ -87.812080383300795, 21.523193359375 ], [ -87.761253356933594, 21.501806259155298 ], [ -87.755973815917898, 21.504583358764801 ], [ -87.764305114746094, 21.5076389312744 ], [ -87.724586486816307, 21.497638702392599 ], [ -87.719863891601605, 21.5034713745118 ], [ -87.686248779296804, 21.5023612976075 ], [ -87.675971984863196, 21.4904174804688 ], [ -87.661529541015597, 21.488193511962901 ], [ -87.658195495605398, 21.495693206787202 ], [ -87.651802062988295, 21.498195648193398 ], [ -87.655136108398395, 21.4895839691162 ], [ -87.613746643066406, 21.482082366943398 ], [ -87.591247558593693, 21.493749618530199 ], [ -87.763191223144503, 21.529306411743299 ], [ -87.832359313964801, 21.555416107177798 ], [ -87.837081909179702, 21.560693740844801 ], [ -87.892913818359304, 21.585138320922901 ], [ -87.960693359375, 21.606250762939499 ], [ -87.944862365722699, 21.605138778686499 ], [ -87.735420227050795, 21.528749465942301 ], [ -87.514305114745994, 21.488471984863299 ], [ -87.538398742675795, 21.486421585083001 ], [ -87.526947021484403, 21.386680603027401 ], [ -87.527816772460895, 21.2713508605957 ], [ -87.530967712402301, 21.2594394683837 ], [ -87.569396972656193, 21.220018386840799 ], [ -87.566581726074105, 21.195629119873001 ], [ -87.588142395019503, 21.1214199066163 ], [ -87.546218872070298, 21.030321121215898 ], [ -87.529533386230497, 20.966350555419901 ], [ -87.596298217773395, 20.841171264648398 ], [ -87.600807189941307, 20.783220291137699 ], [ -87.635490417480497, 20.742570877075199 ], [ -87.651367187499901, 20.670209884643601 ], [ -87.690086364745994, 20.630609512329102 ], [ -87.748992919921804, 20.608089447021602 ], [ -87.776329040527301, 20.579719543457099 ], [ -87.915840148925795, 20.478549957275401 ], [ -87.998092651367102, 20.4376316070557 ], [ -88.058502197265597, 20.441400527954102 ], [ -88.120010375976605, 20.424829483032202 ], [ -88.155136108398395, 20.461139678955099 ], [ -88.200210571289105, 20.450300216674801 ], [ -88.227760314941307, 20.420560836791999 ], [ -88.272399902343594, 20.343458175659201 ], [ -88.260200500488295, 20.310768127441499 ], [ -88.261962890625, 20.254810333251999 ], [ -88.276168823242202, 20.2529296875 ], [ -88.304283142089801, 20.3108100891113 ], [ -88.320693969726605, 20.318550109863299 ], [ -88.353729248046804, 20.316909790039201 ], [ -88.381889343261705, 20.285219192504901 ], [ -88.412849426269503, 20.200559616088999 ], [ -88.448898315429602, 20.182460784912099 ], [ -88.494026184082003, 20.1745910644532 ], [ -88.557327270507798, 20.1373500823975 ], [ -88.643859863281193, 20.118629455566399 ], [ -88.690162658691406, 20.085870742797901 ], [ -88.715187072753807, 20.0795593261719 ], [ -88.782760620117202, 20.0288906097413 ], [ -88.789993286132798, 20.019029617309702 ], [ -88.779159545898395, 19.993341445922798 ], [ -88.791442871093807, 19.981250762939499 ], [ -88.805206298828097, 19.9863605499268 ], [ -88.822486877441406, 20.015399932861399 ], [ -88.834472656249901, 20.016069412231399 ], [ -88.911132812499901, 19.9487495422363 ], [ -88.958526611328097, 19.933139801025401 ], [ -89.055732727050696, 19.931819915771499 ], [ -89.087593078613196, 19.912469863891499 ], [ -89.152656555175795, 19.8920593261719 ], [ -89.182975769042997, 19.8524608612062 ], [ -89.208412170410099, 19.839351654052798 ], [ -89.326339721679702, 19.8270797729493 ], [ -89.360420227050696, 19.831871032715 ], [ -89.372093200683594, 19.8148593902588 ], [ -89.365341186523395, 19.782060623168899 ], [ -89.378311157226605, 19.727119445800799 ], [ -89.415336608886705, 19.6510906219482 ], [ -89.432907104492102, 19.668361663818501 ], [ -89.445549011230497, 19.750429153442401 ], [ -89.464118957519503, 19.7984104156494 ], [ -89.580078124999901, 19.918159484863299 ], [ -89.613296508789105, 19.994920730590799 ], [ -89.637496948242202, 20.027910232543899 ], [ -89.676109313964702, 20.0560817718506 ], [ -89.736671447753807, 20.081750869751001 ] ] ], [ [ [ -89.887359619140597, 21.2287502288819 ], [ -89.883193969726605, 21.225694656372099 ], [ -89.888191223144503, 21.2215270996094 ], [ -89.885696411132798, 21.226528167724599 ], [ -89.889030456542898, 21.227363586425799 ], [ -89.89013671875, 21.2295856475831 ], [ -89.887359619140597, 21.2287502288819 ] ] ], [ [ [ -89.874305725097699, 21.2287502288819 ], [ -89.876808166503906, 21.2270812988282 ], [ -89.877639770507798, 21.231807708740298 ], [ -89.873748779296903, 21.232084274291999 ], [ -89.874305725097699, 21.2287502288819 ] ] ], [ [ [ -89.701248168945298, 21.265693664550799 ], [ -89.700416564941307, 21.267082214355501 ], [ -89.698471069335895, 21.267082214355501 ], [ -89.6995849609375, 21.264860153198399 ], [ -89.701248168945298, 21.265693664550799 ] ] ], [ [ [ -89.674026489257798, 21.347917556762798 ], [ -89.670135498046903, 21.3448600769044 ], [ -89.665412902832003, 21.2951393127443 ], [ -89.671249389648295, 21.344583511352599 ], [ -89.6834716796875, 21.348192214965799 ], [ -89.674026489257798, 21.347917556762798 ] ] ], [ [ [ -89.672920227050795, 21.339307785034201 ], [ -89.671524047851506, 21.3384723663331 ], [ -89.675415039062401, 21.337638854980501 ], [ -89.675140380859304, 21.339860916137798 ], [ -89.672920227050795, 21.339307785034201 ] ] ], [ [ [ -90.999862670898395, 22.000139236450298 ], [ -90.999862670898395, 21.999860763549901 ], [ -91.000137329101605, 21.999860763549901 ], [ -91.000137329101605, 22.000139236450298 ], [ -90.999862670898395, 22.000139236450298 ] ] ], [ [ [ -91.396247863769503, 22.115137100219702 ], [ -91.397087097167898, 22.1129169464112 ], [ -91.399864196777301, 22.113193511963001 ], [ -91.399024963378906, 22.116247177124102 ], [ -91.396247863769503, 22.115137100219702 ] ] ], [ [ [ -89.656524658203097, 22.371530532836999 ], [ -89.657913208007798, 22.367914199829201 ], [ -89.660140991210895, 22.367914199829201 ], [ -89.658752441406094, 22.373193740844702 ], [ -89.656524658203097, 22.371530532836999 ] ] ], [ [ [ -89.681808471679602, 22.386251449585 ], [ -89.682083129882798, 22.379861831665 ], [ -89.685974121093807, 22.377082824707099 ], [ -89.686805725097699, 22.3809719085694 ], [ -89.681808471679602, 22.386251449585 ] ] ], [ [ [ -89.714859008789105, 22.4206943511963 ], [ -89.711807250976605, 22.417638778686602 ], [ -89.717636108398395, 22.4173603057862 ], [ -89.717918395996094, 22.4218063354493 ], [ -89.714859008789105, 22.4206943511963 ] ] ], [ [ [ -89.763748168945298, 22.527082443237401 ], [ -89.775413513183594, 22.5184726715087 ], [ -89.7781982421875, 22.518747329711999 ], [ -89.765975952148395, 22.5284729003907 ], [ -89.763748168945298, 22.527082443237401 ] ] ], [ [ [ -88.282913208007798, 21.563474655151399 ], [ -88.284301757812401, 21.562360763549901 ], [ -88.285697937011705, 21.562915802002099 ], [ -88.284301757812401, 21.565139770507798 ], [ -88.282913208007798, 21.563474655151399 ] ] ], [ [ [ -88.23486328125, 21.5756931304932 ], [ -88.238471984863295, 21.5740280151368 ], [ -88.239303588867102, 21.574581146240199 ], [ -88.2379150390625, 21.5768032073975 ], [ -88.23486328125, 21.5756931304932 ] ] ], [ [ [ -88.228752136230497, 21.581806182861399 ], [ -88.190971374511705, 21.604028701782301 ], [ -88.173469543457003, 21.608472824096701 ], [ -88.166809082031193, 21.603471755981602 ], [ -88.197082519531193, 21.596250534057699 ], [ -88.199859619140597, 21.583471298217798 ], [ -88.212081909179702, 21.585971832275501 ], [ -88.235137939453097, 21.573471069336101 ], [ -88.228752136230497, 21.581806182861399 ] ] ], [ [ [ -88.171249389648395, 21.596805572509801 ], [ -88.17569732666, 21.5965270996094 ], [ -88.165138244628906, 21.601528167724599 ], [ -88.165969848632699, 21.598472595215 ], [ -88.171249389648395, 21.596805572509801 ] ] ] ] } },
{ "type": "Feature", "properties": { "NAME_1": "Zacatecas" }, "geometry": { "type": "Polygon", "coordinates": [ [ [ -103.506813049315994, 21.05548286438 ], [ -103.553932189940994, 21.0507011413575 ], [ -103.591567993164006, 21.064710617065501 ], [ -103.60977935791, 21.0849094390869 ], [ -103.629219055175994, 21.134820938110401 ], [ -103.652687072754006, 21.1621112823487 ], [ -103.74308013916, 21.1816501617432 ], [ -103.764106750487997, 21.194658279418999 ], [ -103.765899658202997, 21.211729049682699 ], [ -103.758209228515994, 21.2189006805419 ], [ -103.604682922362997, 21.274549484253001 ], [ -103.569969177245994, 21.294740676879901 ], [ -103.558067321777003, 21.316749572753999 ], [ -103.554039001465, 21.354780197143601 ], [ -103.567657470702997, 21.376939773559599 ], [ -103.594482421875, 21.382230758666999 ], [ -103.643997192382997, 21.363662719726701 ], [ -103.672386169434006, 21.3838710784913 ], [ -103.700965881347997, 21.437040328979499 ], [ -103.704795837402003, 21.480289459228601 ], [ -103.640548706055, 21.489959716796999 ], [ -103.626510620117003, 21.514310836792099 ], [ -103.575538635254006, 21.5517597198487 ], [ -103.557418823242003, 21.648450851440401 ], [ -103.568389892577997, 21.6938400268556 ], [ -103.559906005859006, 21.7269496917725 ], [ -103.452133178710994, 21.7966403961182 ], [ -103.369209289550994, 21.869880676269599 ], [ -103.258880615234006, 21.923290252685501 ], [ -103.195266723632997, 21.935350418090898 ], [ -103.17399597168, 21.950740814208999 ], [ -103.133087158202997, 22.023981094360401 ], [ -103.089836120605, 22.1704006195069 ], [ -103.090049743652003, 22.198600769043001 ], [ -103.1103515625, 22.212329864501999 ], [ -103.193260192870994, 22.216941833496101 ], [ -103.212547302245994, 22.228479385376001 ], [ -103.214668273925994, 22.2500400543213 ], [ -103.185836791992003, 22.290390014648501 ], [ -103.195510864257997, 22.318059921264801 ], [ -103.234901428222997, 22.327489852905298 ], [ -103.297439575195, 22.3265094757081 ], [ -103.363983154297003, 22.301519393920799 ], [ -103.376556396484006, 22.231941223144499 ], [ -103.363098144530994, 22.2153205871582 ], [ -103.332176208495994, 22.206180572509801 ], [ -103.326988220215, 22.193830490112401 ], [ -103.354690551757997, 22.162982940673899 ], [ -103.415817260742003, 22.131891250610401 ], [ -103.459991455077997, 22.058679580688501 ], [ -103.501007080077997, 22.042310714721602 ], [ -103.523918151855, 22.0618190765381 ], [ -103.546379089355, 22.058599472046001 ], [ -103.571846008300994, 22.069650650024499 ], [ -103.609527587890994, 22.036422729492301 ], [ -103.67936706543, 22.039880752563601 ], [ -103.70263671875, 22.064500808715898 ], [ -103.698806762695, 22.081689834594702 ], [ -103.553977966307997, 22.2989196777344 ], [ -103.54515838623, 22.3282184600831 ], [ -103.5517578125, 22.382909774780401 ], [ -103.574638366699006, 22.431690216064599 ], [ -103.626487731934006, 22.474689483642599 ], [ -103.664093017577997, 22.4906406402588 ], [ -103.696937561035, 22.4934406280519 ], [ -103.816329956055, 22.470310211181602 ], [ -103.842308044434006, 22.4557094573975 ], [ -103.8486328125, 22.3973197937012 ], [ -103.841262817382997, 22.262670516967798 ], [ -103.847763061522997, 22.1686706542969 ], [ -103.855232238769005, 22.149572372436602 ], [ -103.870056152344006, 22.137832641601602 ], [ -103.906448364257997, 22.149120330810501 ], [ -103.930778503417997, 22.173482894897599 ], [ -103.956726074219006, 22.223640441894599 ], [ -103.951995849609006, 22.346250534057699 ], [ -103.90007019043, 22.4746608734132 ], [ -103.830177307129006, 22.562969207763601 ], [ -103.783737182617003, 22.595340728759901 ], [ -103.774566650390994, 22.6178703308107 ], [ -103.793769836425994, 22.6460781097413 ], [ -103.849578857422003, 22.6664028167725 ], [ -103.888168334960994, 22.6674003601075 ], [ -103.955780029297003, 22.652439117431602 ], [ -104.042556762695, 22.595899581909201 ], [ -104.046989440917997, 22.566339492798001 ], [ -103.976959228515994, 22.424108505249102 ], [ -103.968902587890994, 22.3884506225587 ], [ -103.97477722168, 22.365209579467901 ], [ -104.027313232422003, 22.315900802612401 ], [ -104.076316833495994, 22.2858905792237 ], [ -104.092819213867003, 22.292770385742301 ], [ -104.052558898925994, 22.418510437011701 ], [ -104.056686401367003, 22.4292316436768 ], [ -104.074028015137003, 22.437021255493299 ], [ -104.13591003418, 22.410501480102699 ], [ -104.185646057129006, 22.404190063476602 ], [ -104.197509765625, 22.393449783325298 ], [ -104.21166229248, 22.341842651367202 ], [ -104.201072692870994, 22.293149948120099 ], [ -104.208961486815994, 22.282039642333999 ], [ -104.233268737792997, 22.294321060180799 ], [ -104.266059875487997, 22.293411254882798 ], [ -104.291496276855, 22.276790618896499 ], [ -104.308959960937997, 22.248582839965799 ], [ -104.317520141602003, 22.249378204345799 ], [ -104.346603393555, 22.277719497680799 ], [ -104.358032226562003, 22.3240680694581 ], [ -104.355659484862997, 22.382989883422901 ], [ -104.363327026367003, 22.403251647949201 ], [ -104.31160736084, 22.524999618530401 ], [ -104.266670227050994, 22.580961227416999 ], [ -104.155639648437003, 22.620410919189499 ], [ -104.138259887695, 22.643741607666101 ], [ -104.140106201172003, 22.709089279174901 ], [ -104.128608703612997, 22.766229629516701 ], [ -104.131607055664006, 22.8539028167725 ], [ -104.165679931640994, 22.968330383300898 ], [ -104.166427612305, 23.003971099853501 ], [ -104.110649108887003, 23.0942497253419 ], [ -104.107551574707003, 23.116970062255898 ], [ -104.083625793457003, 23.130350112915 ], [ -104.063102722167997, 23.236722946166999 ], [ -104.031631469727003, 23.343389511108501 ], [ -104.02458190918, 23.424739837646499 ], [ -103.935676574707003, 23.519119262695401 ], [ -103.823753356934006, 23.608379364013601 ], [ -103.821983337402003, 23.632530212402301 ], [ -103.859451293945, 23.765691757202202 ], [ -103.841316223144005, 23.809400558471701 ], [ -103.856590270995994, 23.8920612335206 ], [ -103.843650817870994, 23.9409103393556 ], [ -103.858428955077997, 24.0012016296387 ], [ -103.88111114502, 24.017829895019499 ], [ -103.891372680664006, 24.015558242797798 ], [ -103.89013671875, 24.056779861450199 ], [ -103.872291564940994, 24.072069168090799 ], [ -103.803146362305, 24.084060668945401 ], [ -103.743881225585994, 24.129020690918001 ], [ -103.69393157959, 24.173540115356399 ], [ -103.660926818847997, 24.225519180298001 ], [ -103.611351013184006, 24.277271270752099 ], [ -103.515907287597997, 24.343620300293001 ], [ -103.492286682129006, 24.398691177368299 ], [ -103.436576843262003, 24.442560195923001 ], [ -103.393936157227003, 24.4346008300781 ], [ -103.272895812987997, 24.433090209960898 ], [ -103.175338745117003, 24.4067897796632 ], [ -103.137916564940994, 24.415138244628899 ], [ -103.102478027344006, 24.4346408843994 ], [ -103.056922912597997, 24.435108184814499 ], [ -102.999580383300994, 24.403600692748999 ], [ -102.902610778809006, 24.375949859619102 ], [ -102.864212036132997, 24.4125881195068 ], [ -102.805221557617003, 24.400220870971701 ], [ -102.559059143065994, 24.424352645874102 ], [ -102.55396270752, 24.441900253296001 ], [ -102.57984161377, 24.468339920044102 ], [ -102.570861816405994, 24.479230880737401 ], [ -102.541999816894005, 24.4853210449219 ], [ -102.538681030272997, 24.494108200073299 ], [ -102.569427490234006, 24.598779678344801 ], [ -102.572357177734006, 24.6332912445068 ], [ -102.627555847167997, 24.6568698883057 ], [ -102.60986328125, 24.712560653686602 ], [ -102.611633300780994, 24.786371231079102 ], [ -102.595199584960994, 24.835840225219801 ], [ -102.611671447754006, 24.8614006042481 ], [ -102.688537597655994, 24.895410537719702 ], [ -102.70662689209, 24.941930770874102 ], [ -102.732955932617003, 24.948011398315401 ], [ -102.734100341797003, 25.012649536132901 ], [ -102.748046875, 25.026861190796001 ], [ -102.747482299805, 25.086370468139702 ], [ -102.72200012207, 25.105850219726602 ], [ -102.656066894530994, 25.1097011566162 ], [ -102.49666595459, 25.146629333496101 ], [ -102.389488220215, 25.142759323120099 ], [ -102.251373291015994, 25.124729156494102 ], [ -102.141265869140994, 25.125120162963999 ], [ -102.039138793945, 25.064590454101602 ], [ -101.950447082519005, 25.035230636596701 ], [ -101.857536315917997, 24.9710502624512 ], [ -101.765090942382997, 24.852460861206101 ], [ -101.744155883789006, 24.8507003784181 ], [ -101.706130981445, 24.8674411773682 ], [ -101.662261962890994, 24.8588790893556 ], [ -101.650672912597997, 24.827579498291001 ], [ -101.641647338867003, 24.731838226318398 ], [ -101.635032653809006, 24.7258911132813 ], [ -101.521911621094006, 24.725610733032301 ], [ -101.477966308594006, 24.7619724273682 ], [ -101.431137084960994, 24.764410018921001 ], [ -101.394706726074006, 24.776050567627099 ], [ -101.276077270507997, 24.762781143188501 ], [ -101.2265625, 24.732780456543001 ], [ -101.149826049805, 24.595380783081101 ], [ -101.118347167969006, 24.561082839965799 ], [ -101.094917297362997, 24.547809600830099 ], [ -101.021881103515994, 24.517700195312599 ], [ -100.954216003417997, 24.531560897827301 ], [ -100.949913024902003, 24.554620742797901 ], [ -100.934448242187997, 24.569419860839801 ], [ -100.872650146484006, 24.567632675170799 ], [ -100.832496643065994, 24.555099487304599 ], [ -100.846603393555, 24.542650222778398 ], [ -100.881813049315994, 24.531709671020501 ], [ -100.900672912597997, 24.458248138427798 ], [ -100.948020935059006, 24.421382904052798 ], [ -100.981178283690994, 24.3520107269288 ], [ -101.01505279541, 24.3405990600587 ], [ -101.078132629394005, 24.342670440673899 ], [ -101.092536926269005, 24.336919784546001 ], [ -101.109420776367003, 24.312450408935501 ], [ -101.113243103027003, 24.2694625854493 ], [ -101.140548706055, 24.235519409179702 ], [ -101.149917602539006, 24.204130172729499 ], [ -101.214111328125, 24.1679801940919 ], [ -101.279258728027003, 24.1545028686525 ], [ -101.304496765137003, 24.131841659545898 ], [ -101.322166442870994, 24.099790573120099 ], [ -101.320472717285, 24.037269592285199 ], [ -101.338272094727003, 24.0052928924562 ], [ -101.297576904297003, 23.961521148681701 ], [ -101.344917297362997, 23.853090286254901 ], [ -101.388862609862997, 23.796289443969801 ], [ -101.57820892334, 23.7381401062012 ], [ -101.62622833252, 23.684392929077099 ], [ -101.686950683594006, 23.583589553833001 ], [ -101.726226806640994, 23.5394191741943 ], [ -101.76651763916, 23.5115680694581 ], [ -101.949981689452997, 23.439271926879901 ], [ -101.98420715332, 23.4015102386475 ], [ -102.005256652832003, 23.347959518432699 ], [ -102.031967163085994, 23.337970733642599 ], [ -102.122596740722997, 23.3271503448487 ], [ -102.23021697998, 23.362659454345799 ], [ -102.276412963867003, 23.292209625244102 ], [ -102.247108459472997, 23.250801086425898 ], [ -102.271682739257997, 23.1996593475343 ], [ -102.230682373047003, 23.088069915771499 ], [ -102.236610412597997, 23.051141738891701 ], [ -102.263236999512003, 23.000869750976602 ], [ -102.281036376952997, 22.940910339355401 ], [ -102.289833068847997, 22.8745002746582 ], [ -102.278907775879006, 22.838060379028398 ], [ -102.228385925292997, 22.7923297882081 ], [ -102.074569702147997, 22.707620620727599 ], [ -102.036399841309006, 22.660610198974702 ], [ -101.92455291748, 22.6428527832031 ], [ -101.902656555175994, 22.630580902099702 ], [ -101.828872680664006, 22.504079818725501 ], [ -101.799247741699006, 22.475070953369102 ], [ -101.770072937012003, 22.467809677124102 ], [ -101.72615814209, 22.471960067749102 ], [ -101.613891601562003, 22.502500534057699 ], [ -101.537071228027003, 22.5854892730713 ], [ -101.441566467285, 22.671550750732401 ], [ -101.374977111815994, 22.699779510498001 ], [ -101.348831176757997, 22.695270538330099 ], [ -101.275749206542997, 22.6038494110107 ], [ -101.28328704834, 22.542270660400401 ], [ -101.415573120117003, 22.2713718414307 ], [ -101.412506103515994, 22.247930526733398 ], [ -101.363456726074006, 22.156179428100501 ], [ -101.367866516112997, 22.084131240844801 ], [ -101.37467956543, 22.0665702819825 ], [ -101.390396118164006, 22.067590713501001 ], [ -101.396621704102003, 22.0595111846925 ], [ -101.395362854004006, 22.047290802001999 ], [ -101.38484954834, 22.0406799316406 ], [ -101.394416809082003, 22.0141201019287 ], [ -101.493125915527003, 21.8289394378662 ], [ -101.511756896972997, 21.8223800659181 ], [ -101.533157348632997, 21.832902908325298 ], [ -101.55339050293, 21.857789993286101 ], [ -101.641983032227003, 21.887609481811602 ], [ -101.77921295166, 21.992650985717798 ], [ -101.896492004394005, 22.0389308929443 ], [ -101.975219726562003, 22.0517902374268 ], [ -101.994087219237997, 22.071172714233398 ], [ -102.024139404297003, 22.134670257568398 ], [ -102.037986755370994, 22.203010559081999 ], [ -102.050010681152003, 22.225969314575298 ], [ -102.201210021972997, 22.3000297546387 ], [ -102.274620056152003, 22.3661098480225 ], [ -102.305641174315994, 22.417680740356499 ], [ -102.330368041992003, 22.413379669189599 ], [ -102.343132019042997, 22.401670455932599 ], [ -102.345031738280994, 22.371131896972798 ], [ -102.387031555175994, 22.3371696472168 ], [ -102.477752685547003, 22.296871185302798 ], [ -102.537269592285, 22.256771087646499 ], [ -102.619071960449006, 22.239740371704201 ], [ -102.651756286620994, 22.2159194946288 ], [ -102.664840698242003, 22.192569732666001 ], [ -102.67569732666, 22.128208160400401 ], [ -102.694236755370994, 22.084400177002099 ], [ -102.821426391602003, 21.923812866211001 ], [ -102.871376037597997, 21.8171291351319 ], [ -102.871742248535, 21.782190322876101 ], [ -102.849380493164006, 21.744461059570298 ], [ -102.788398742675994, 21.691770553588899 ], [ -102.774803161620994, 21.687871932983501 ], [ -102.778656005859006, 21.6054096221925 ], [ -102.752349853515994, 21.536211013793899 ], [ -102.641616821289006, 21.469400405883899 ], [ -102.639701843262003, 21.446161270141499 ], [ -102.657592773437003, 21.377389907836999 ], [ -102.689636230469006, 21.3285808563232 ], [ -102.799926757812003, 21.260829925537099 ], [ -102.928855895995994, 21.159200668334901 ], [ -103.003189086914006, 21.17746925354 ], [ -103.060806274414006, 21.152000427246001 ], [ -103.075813293457003, 21.134889602661101 ], [ -103.089576721190994, 21.058229446411101 ], [ -103.10563659668, 21.047872543335 ], [ -103.146507263184006, 21.043540954589801 ], [ -103.150497436522997, 21.0293998718263 ], [ -103.191429138184006, 21.031650543212901 ], [ -103.231781005859006, 21.046142578124901 ], [ -103.268669128417997, 21.0389099121094 ], [ -103.285179138184006, 21.0123805999756 ], [ -103.316337585449006, 21.017360687255898 ], [ -103.355728149414006, 20.999540328979599 ], [ -103.449256896972997, 21.052772521972798 ], [ -103.479476928710994, 21.0606002807618 ], [ -103.506813049315994, 21.05548286438 ] ] ] } }
]
}
