estado,nombre,periodo,partido
Aguascalientes,Pedro José López de Nava Mayoga,30 de diciembre de 1836 - 1837,
Aguascalientes,Francisco Flores Alatorre Terán,25 de junio de 1837 - 1841,
Aguascalientes,José María López de Nava,3 de noviembre de 1841 - abril de 1842,
Aguascalientes,Nicolás Condelle Soya,Abril de 1842 - agosto de 1843,
Aguascalientes,Mariano Chico Navarro,31 de agosto de 1843 - 13 de agosto de 1844,–
Aguascalientes,Mariano Chico Navarro,13 de agosto de 1844 - noviembre de 1845,–
Aguascalientes,Felipe Nieto y del Portillo,Noviembre de 1845 - 22 de agosto de 1846,–
Aguascalientes,Felipe Nieto y del Portillo,22 de agosto de 1846 - septiembre de 1846,
Aguascalientes,Felipe Cosío,2 de septiembre de 1846 - 1848,–
Aguascalientes,Tomás Requena,Agosto de 1848,
Aguascalientes,Jesús Terán Peredo,1848 - 1849,Partido Liberal
Aguascalientes,Atanasio Rodríguez Ramírez,1850 - 1853,
Aguascalientes,José Cirilo Gómez Anaya,10 de diciembre de 1853 - 1855,Partido Conservador
Aguascalientes,Jesús Terán Peredo,1855 - 1857,Partido Liberal
Aguascalientes,José María López de Nava,9 de julio de 1857 - enero de 1859,
Aguascalientes,Carlos Roberto Patrón Zavalegui,1859 - 1859,
Aguascalientes,José María Chávez Alonso,Febrero de 1859 - septiembre de 1859,Partido Liberal
Aguascalientes,Jesús Gómez Portugal,Septiembre de 1859,Partido Liberal
Aguascalientes,Adrián Woll,Octubre de 1859,
Aguascalientes,Miguel Alfaro,Octubre de 1859 - diciembre de 1859,
Aguascalientes,José Longinos Rivera,Diciembre de 1859 - febrero de 1861,
Aguascalientes,Esteban Ávila Mier,Febrero de 1861 - 1862,–
Aguascalientes,Antonio Rayón Mellado,Febrero de 1862 - abril de 1862,
Aguascalientes,Esteban Ávila Mier,23 de abril de 1862 - 1862,
Aguascalientes,Ponciano Arriaga,7 de junio de 1862 - 1863,Partido Liberal
Aguascalientes,José María Chávez Alonso,20 de octubre de 1863 - 1863,Partido Liberal
Aguascalientes,Juan Chávez,1863 - febrero de 1864,Partido Conservador
Aguascalientes,Jesús Gómez Portugal (1820 – 1875),Diciembre de 1867 - 30 de noviembre de 1871,Partido Liberal
Aguascalientes,Carlos Barrón Letechipía (? –?),1 de diciembre de 1871 - 1872,–
Aguascalientes,Rodrigo Rincón Gallardo (1840 – 1909),9 de diciembre de 1871 - enero de 1872,
Aguascalientes,Patricio de la Vega de la Torre,Enero de 1872 - 1872,
Aguascalientes,Jesús Gómez Velez,1872 - 1872,
Aguascalientes,Patricio de la Vega de la Torre,2 de marzo de 1872 - mayo de 1872,
Aguascalientes,José María Rangel,Diciembre de 1872 - enero de 1873,
Aguascalientes,Ignacio T. Chávez (1837 – 1908),1873 - 30 de noviembre de 1875,Partido Liberal
Aguascalientes,Rodrigo Rincón Gallardo (1840 – 1909),1 de diciembre de 1875 - mayo de 1876,
Aguascalientes,Rafael Sagredo,Mayo de 1876,
Aguascalientes,Rodrigo Rincón Gallardo (1840 – 1909),Mayo de 1876 - 25 de diciembre de 1876,
Aguascalientes,Francisco Gómez Hornedo (1847 – 1890),25 de diciembre de 1876 - 30 de noviembre de 1879,Partido Liberal
Aguascalientes,Miguel Güinchard (1840 – 1903),30 de noviembre de 1879 - 11 de mayo de 1881,–
Aguascalientes,Librado Gallegos Díaz,11 de mayo de 1881 - 12 de junio de 1881,
Aguascalientes,Rafael Arellano Ruiz Esparza (1844 – 1923),Junio de 1881 - mayo de 1883,Partido Liberal
Aguascalientes,Rafael Sagredo,Mayo de 1883 - 1 de diciembre de 1883,
Aguascalientes,Francisco Gómez Hornedo (1847 – 1890),1 de diciembre de 1883 - 30 de noviembre de 1887,Partido Liberal
Aguascalientes,Alejandro Vázquez del Mercado (1844 – 1923),1 de diciembre de 1887 - 30 de noviembre de 1895,Partido Liberal
Aguascalientes,Rafael Arellano Ruiz Esparza (1844 – 1919),1 de diciembre de 1895 - 30 de noviembre de 1899,Partido Liberal
Aguascalientes,Carlos Sagredo (? – ?),1 de diciembre de 1899 - 30 de noviembre de 1903,Círculo Nacional Porfirista
Aguascalientes,Alejandro Vázquez del Mercado (1844 – 1923),1 de diciembre de 1903 - 25 de diciembre de 1910,Partido Liberal
Aguascalientes,Alberto M. Dávila Merino,1 de febrero de 1909 - 1 de marzo de 1909,
Aguascalientes,Enrique Osorio Martínez,26 de diciembre de 1910 - 26 de enero de 1911,
Aguascalientes,Felipe Ruiz de Chávez Montañez,3 de mayo de 1911 - 7 de junio de 1911,
Aguascalientes,Alejandro Martínez Ugarte,8 de junio de 1911 - 24 de agosto de 1911,
Aguascalientes,Alberto M. Dávila Merino,24 de agosto de 1911 - 29 de agosto de 1911,
Aguascalientes,Alejandro Martínez Ugarte,29 de agosto de 1911 - 31 de agosto de 1911,
Aguascalientes,Daniel Cervantes Hernández,31 de agosto de 1911 - 19 de septiembre de 1911,
Aguascalientes,Jacobo Jayme,19 de septiembre de 1911 - 19 de octubre de 1911,
Aguascalientes,Francisco Luis Jiménez de la Torre,19 de octubre de 1911 - 1 de diciembre de 1911,
Aguascalientes,Felipe Ruiz de Chávez Montañez,1 de diciembre de 1911 - 27 de mayo de 1912,
Aguascalientes,Alberto Fuentes Dávila (1873 – 1954),7 de junio de 1912 - 20 de marzo de 1912,Militar
Aguascalientes,Ricardo Villalpando Ávila,20 de marzo de 1912 - 1 de abril de 1912,
Aguascalientes,Alberto Fuentes Dávila (1873 – 1954),1 de abril de 1912 - 11 de junio de 1912,Militar
Aguascalientes,Ricardo Villalpando Ávila,11 de junio de 1912 - 16 de junio de 1912,
Aguascalientes,Alberto Fuentes Dávila (1873 – 1954),16 de junio de 1912 - julio de 1912,Militar
Aguascalientes,Ricardo Rodríguez Romo,Julio de 1912 - julio de 1912,
Aguascalientes,Alberto Fuentes Dávila (1873 – 1954),Julio de 1912 - diciembre de 1912,Militar
Aguascalientes,Ricardo Rodríguez Romo,Diciembre de 1912 - diciembre de 1912,
Aguascalientes,Alberto Fuentes Dávila (1873 – 1954),Diciembre de 1912 - 1 de marzo de 1913,Militar
Aguascalientes,Carlos García Hidalgo,1 de marzo de 1913 - 21 de julio de 1913,Militar
Aguascalientes,Aniceto Lomelí Vázquez,21 de julio de 1913 - 26 de julio de 1913,
Aguascalientes,Carlos García Hidalgo,26 de julio de 1913 - 22 de diciembre de 1913,Militar
Aguascalientes,Tomás Medina Ugarte,Diciembre de 1913 - enero de 1914,
Aguascalientes,Miguel Ruelas,18 de enero de 1914 - 24 de enero de 1914,Militar
Aguascalientes,Tomás Medina Ugarte,24 de enero de 1914 - 9 de febrero de 1914,
Aguascalientes,Miguel Ruelas,9 de febrero de 1914 - 8 de junio de 1914,Militar
Aguascalientes,Aniceto Lomelí Vázquez,8 de junio de 1914 - 13 de junio de 1914,
Aguascalientes,José Félix Guzmán Morales,1914 - 1914,
Aguascalientes,Carlos García Hidalgo,1914 - 1914,Militar
Aguascalientes,Alberto Fuentes Dávila (1873 – 1954),24 de septiembre de 1914 - 15 de octubre de 1914,Militar
Aguascalientes,Víctor Elizondo Cantú,14 de noviembre de 1914 - 20 de enero de 1915,Militar
Aguascalientes,Benito Díaz Sánchez,28 de enero de 1915 - 10 de julio de 1915,Militar
Aguascalientes,Álvaro Obregón,10 de julio de 1915 - 26 de julio de 1915,Militar
Aguascalientes,Roque Estrada Reynoso,26 de julio de 1915 - 10 de agosto de 1915,Militar
Aguascalientes,Martín Triana Guzmán,5 de agosto de 1915 - 13 de julio de 1916,Militar
Aguascalientes,José Félix Guzmán Morales,10 de agosto de 1915 - 10 de enero de 1916,
Aguascalientes,Manuel Víctor Romo,10 de enero de 1916 - 19 de enero de 1916,Militar
Aguascalientes,Salvador Murguía,25 de mayo de 1916 - 3 de junio de 1916,Militar
Aguascalientes,Luis Ilizaliturri,1916 - 1916,
Aguascalientes,Gregorio Osuna Hinojosa,14 de junio de 1916 - 16 de enero de 1916,Militar
Aguascalientes,Antonio Norzagaray,17 de enero de 1917 - 11 de junio de 1917,Militar
Aguascalientes,Aurelio L. González (? – ?),11 de junio de 1917 - abril de 1920,–
Aguascalientes,Victorino Medina,Abril de 1920 - 30 de noviembre de 1920,
Aguascalientes,Rafael Arellano Valle (1872 – ?),1 de diciembre de 1920 - 1924,–
Aguascalientes,José María Elizalde (1876 – 1937),24 de diciembre de 1924 - 24 de octubre de 1925,–
Aguascalientes,Benjamín Azpeitia Puga (? – ?),24 de octubre de 1925 - 15 de enero de 1926,–
Aguascalientes,Francisco Reyes Barrientos (? – ?),15 de enero de 1926 - julio de 1926,–
Aguascalientes,Alberto González Hermosillo Barragán (? – ?),Julio de 1926 - 1926,–
Aguascalientes,Francisco Reyes Barrientos (? – ?),1926 - 21 de septiembre de 1926,–
Aguascalientes,Alberto González Hermosillo Barragán (? – ?),21 de septiembre de 1926 - 25 de octubre de 1926,–
Aguascalientes,Francisco Reyes Barrientos (? – ?),25 de octubre de 1926 - 2 de noviembre de 1926,–
Aguascalientes,Isaac Díaz de León (? – ?),2 de noviembre de 1926 - 1 de agosto de 1927,–
Aguascalientes,Manuel Mena (? – ?),1 de agosto de 1927 - 8 de agosto de 1927,–
Aguascalientes,Isaac Díaz de León (? – ?),8 de agosto de 1927 - 21 de septiembre de 1927,
Aguascalientes,Alberto González Hermosillo Barragán (? – ?),21 de septiembre de 1927 - 5 de octubre de 1927,–
Aguascalientes,Isaac Díaz de León (? – ?),5 de octubre de 1927 - 12 de diciembre de 1927,
Aguascalientes,Joaquín de Lara Esqueda (? – ?),12 de diciembre de 1927 - 19 de diciembre de 1927,–
Aguascalientes,Isaac Díaz de León (? – ?),19 de diciembre de 1927 - 31 de marzo de 1928,–
Aguascalientes,Benjamín de la Mora (? – ?),Septiembre de 1928 - 1928,–
Aguascalientes,Manuel Carpio Velázquez (? – ?),1928 - 4 de noviembre de 1929,Partido Nacional Revolucionario
Aguascalientes,Miguel García Ramos,5 de noviembre de 1929 - 5 de febrero de 1930,Partido Nacional Revolucionario
Aguascalientes,Rafael Quevedo Morán (1897 – 1984),1930 - 1932,Partido Nacional Revolucionario
Aguascalientes,J. Guadalupe Zamarripa (1879 – 1954),12 de marzo de 1932 - 30 de noviembre de 1932,Partido Nacional Revolucionario
Aguascalientes,Enrique Osornio Camarena (1897 – 1984),1 de diciembre de 1932 - 30 de noviembre de 1936,Partido Nacional Revolucionario
Aguascalientes,Juan G. Alvarado Lavallade (1892 – 1955),1 de diciembre de 1936 - 30 de noviembre de 1940,Partido Nacional Revolucionario
Aguascalientes,Alberto del Valle Azuela (1890 – 1947),1 de diciembre de 1940 - 30 de noviembre de 1944,Partido de la Revolución Mexicana
Aguascalientes,Jesús María Rodríguez Flores (1901 – 1975),1 de diciembre de 1944 - 30 de noviembre de 1950,Partido de la Revolución Mexicana
Aguascalientes,Edmundo Gámez Orozco (1902 – 1953),1 de diciembre de 1950 - 9 de julio de 1953,Partido Revolucionario Institucional
Aguascalientes,Joaquín Cruz Ramírez,10 de julio de 1953 - 9 de septiembre de 1953,Partido Revolucionario Institucional
Aguascalientes,Benito Palomino Dena (1914 – 2003),9 de septiembre de 1953 - 30 de noviembre de 1956,Partido Revolucionario Institucional
Aguascalientes,Luis Ortega Douglas (1911 – 1980),1 de diciembre de 1956 - 30 de noviembre de 1962,Partido Revolucionario Institucional
Aguascalientes,Enrique Olivares Santana (1920 – 2004),1 de diciembre de 1962 - 30 de noviembre de 1968,Partido Revolucionario Institucional
Aguascalientes,Francisco Guel Jiménez (1915 – 2010),1 de diciembre de 1968 - 30 de noviembre de 1974,Partido Revolucionario Institucional
Aguascalientes,José Refugio Esparza Reyes (1921 – 2015),1 de diciembre de 1974 - 30 de noviembre de 1980,Partido Revolucionario Institucional
Aguascalientes,Rodolfo Landeros Gallegos (1929 – 2001),1 de diciembre de 1980 - 30 de noviembre de 1986,Partido Revolucionario Institucional
Aguascalientes,Miguel Ángel Barberena Vega (1928 – 1999),1 de diciembre de 1986 - 30 de noviembre de 1992,Partido Revolucionario Institucional
Aguascalientes,Otto Granados Roldán (1956),1 de diciembre de 1992 - 30 de noviembre de 1998,Partido Revolucionario Institucional
Aguascalientes,Felipe González González (1947 - 2023),1 de diciembre de 1998 - 25 de agosto de 2004,Partido Acción Nacional
Aguascalientes,Juan José León Rubio (1954),25 de agosto de 2004 - 30 de noviembre de 2004,Partido Acción Nacional
Aguascalientes,Luis Armando Reynoso Femat (1957),1 de diciembre de 2004 - 30 de noviembre de 2010,Partido Acción Nacional
Aguascalientes,Carlos Lozano de la Torre (1950),1 de diciembre de 2010 - 30 de noviembre de 2016,Partido Revolucionario Institucional
Aguascalientes,Martín Orozco Sandoval (1967),1 de diciembre de 2016 - 30 de septiembre de 2022,Partido Acción Nacional
Aguascalientes,María Teresa Jiménez Esquivel (1984),Desde el 1 de octubre de 2022,Partido Acción Nacional
Baja California,Esteban Cantú Jiménez,20 de junio de 1917 - 18 de agosto de 1920,Partido Liberal Constitucionalista
Baja California,Luis M. Salazar,18 de agosto de 1920- 1 de octubre de 1920,Partido Liberal Constitucionalista
Baja California,Manuel Balarezo,1 de octubre de 1920- 10 de marzo de 1921,Partido Laborista Mexicano
Baja California,Epigmenio Ibarra Jr.,10 de marzo de 1921- 7 de mayo de 1921,Partido Laborista Mexicano
Baja California,Lucas B. Rodríguez,7 de mayo de 1921 - 7 de julio de 1921,Partido Laborista Mexicano
Baja California,Epigmenio Ibarra Jr.,7 de julio de 1921 - 1 de febrero de 1922,Partido Laborista Mexicano
Baja California,José Inocente Lugo,1 de febrero de 1922- 2 de noviembre de 1923,Partido Laborista Mexicano
Baja California,Abelardo L. Rodríguez,2 de noviembre de 1923- 3 de enero de 1930,Partido Laborista Mexicano
Baja California,José María Tapia Freyding,3 de enero de 1930 - 3 de septiembre de 1930,Partido Nacional Revolucionario
Baja California,Arturo M. Bernal Navarrete,3 de septiembre de 1930- 27 de diciembre de 1930,Partido Nacional Revolucionario
Baja California,Carlos Trejo y Lerdo de Tejada,27 de diciembre de 1930- 7 de febrero de 1931,Partido Nacional Revolucionario
Baja California,Carlos Trejo y Lerdo de Tejada,7 de febrero de 1931 - 7 de noviembre de 1931,Partido Nacional Revolucionario
Baja California,Agustín Olachea,7 de noviembre de 1931 - 18 de agosto de 1932,Partido Nacional Revolucionario
Baja California,Arturo M. Elías,18 de agosto de 1932 - 8 de septiembre de 1932,Partido Nacional Revolucionario
Baja California,Agustín Olachea,8 de septiembre de 1932 - 7 de septiembre de 1935,Partido Nacional Revolucionario
Baja California,Gildardo Magaña Cerda,7 de septiembre de 1935- 15 de febrero de 1936,Partido Nacional Revolucionario
Baja California,Gabriel Gavira Castro,15 de febrero de 1936 - 16 de agosto de 1936,Partido Nacional Revolucionario
Baja California,Rafael Navarro Cortina,16 de agosto de 1936 - 1 de marzo de 1937,Partido Nacional Revolucionario
Baja California,Rodolfo Sánchez Taboada,1 de marzo de 1937 - 2 de agosto de 1944,Partido de la Revolución Mexicana
Baja California,Juan Felipe Rico Islas,2 de agosto de 1944 - 21 de diciembre de 1946,Partido de la Revolución Mexicana
Baja California,Alberto Víctor Alderete Palacio,21 de diciembre de 1946 - 22 de octubre de 1947,Partido Revolucionario Institucional
Baja California,Alfonso García González,22 de octubre de 1947 - 26 de noviembre de 1952,Partido Revolucionario Institucional
Baja California,Alfonso García González (1909-1961),26 de noviembre de 1952 - 31 de diciembre de 1953,Partido Revolucionario Institucional
Baja California,Braulio Maldonado Sández (1903-1990),1 de diciembre de 1953 - 31 de octubre de 1959,Partido Revolucionario Institucional
Baja California,Eligio Esquivel Méndez (1908-1964),1 de noviembre de 1959 - 17 de diciembre de 1964,Partido Revolucionario Institucional
Baja California,Gustavo Aubanel Vallejo (1901-1987),19 de diciembre de 1964 - 31 de octubre de 1965,Partido Revolucionario Institucional
Baja California,Raúl Sánchez Díaz Martell (1915-2011),1 de noviembre de 1965 - 31 de octubre de 1971,Partido Revolucionario Institucional
Baja California,Milton Castellanos Everardo (1920-2011),1 de noviembre de 1971 - 31 de octubre de 1977,Partido Revolucionario Institucional
Baja California,Roberto de la Madrid Romandía (1922-2010),1 de noviembre de 1977 - 31 de octubre de 1983,Partido Revolucionario Institucional
Baja California,Xicoténcatl Leyva Mortera (1940-2021),1 de noviembre de 1983 - 5 de enero de 1989,Partido Revolucionario Institucional
Baja California,Óscar Baylón Chacón (1929-2020),5 de enero de 1989 - 31 de octubre de 1989,Partido Revolucionario Institucional
Baja California,Ernesto Ruffo Appel (1952),1 de noviembre de 1989 - 31 de octubre de 1995,Partido Acción Nacional
Baja California,Héctor Terán Terán (1931-1998),1 de noviembre de 1995 - 4 de octubre de 1998,Partido Acción Nacional
Baja California,Alejandro González Alcocer (1951),5 de octubre de 1998 - 31 de octubre de 2001,Partido Acción Nacional
Baja California,Eugenio Elorduy Walther (1940-2023),1 de noviembre de 2001 - 31 de octubre de 2007,Partido Acción Nacional
Baja California,José Guadalupe Osuna Millán (1955),1 de noviembre de 2007 - 31 de octubre de 2013,Partido Acción Nacional
Baja California,Francisco Vega de Lamadrid (1955),1 de noviembre de 2013 - 31 de octubre de 2019,Partido Acción Nacional
Baja California,Jaime Bonilla Valdez (1950),1 de noviembre de 2019 - 31 de octubre de 2021,Movimiento de Regeneración Nacional
Baja California,Marina del Pilar Ávila Olmeda (1985),Desde el 1 de noviembre de 2021,Movimiento de Regeneración Nacional
Baja California Sur,Manuel Mezta,29 de octubre de 1917 - 23 de febrero de 1920,
Baja California Sur,Fernando López Cortés,23 de febrero de 1920 - 13 de mayo de 1920,
Baja California Sur,Alfonso S. Pardo,13 de mayo de 1920 - 18 de mayo de 1920,
Baja California Sur,Rafael Cevada,18 de mayo de 1920 - 31 de mayo de 1920,
Baja California Sur,Francisco D. Santiago,31 de mayo de 1920 - 21 de septiembre de 1920,
Baja California Sur,Agustín Arriola Martínez,21 de septiembre de 1920 - 1924,
Baja California Sur,Miguel Piña,20 de septiembre de 1924 - 19 de mayo de 1924,
Baja California Sur,Librado Abitia,19 de mayo de 1924 - 27 de octubre de 1925,
Baja California Sur,Carlos M. Ezquerro,27 de octubre de 1925 -1927,
Baja California Sur,Daniel Galindo,19 de marzo de 1926 - 20 de abril de 1926,
Baja California Sur,Carlos M. Ezquerro,20 de abril de 1926 - 31 de octubre de 1927,
Baja California Sur,Amado Aguirre,1 de noviembre de 1927 - 9 de agosto de 1929,
Baja California Sur,Agustín Olachea,10 de agosto de 1929 - 6 de noviembre de 1931,
Baja California Sur,Ruperto García de Alba,7 de noviembre de 1931 - 14 de septiembre de 1932,Partido Nacional Revolucionario
Baja California Sur,Juan Domínguez Cota,14 de septiembre de 1932 - 3 de enero de 1938,Partido Nacional Revolucionario
Baja California Sur,Rafael M. Pedrajo,4 de enero de 1938 - 3 de enero de 1941,Partido de la Revolución Mexicana
Baja California Sur,Francisco J. Múgica,4 de enero de 1941 - 5 de enero de 1946,Partido de la Revolución Mexicana
Baja California Sur,Agustín Olachea,6 de enero de 1946 - 14 de abril de 1956,Partido Revolucionario Institucional
Baja California Sur,Petronilo Flores Castellanos,14 de abril de 1956 - 4 de abril de 1957,Partido Revolucionario Institucional
Baja California Sur,Lucino M. Rebolledo,4 de abril de 1957 - 16 de enero de 1959,Militar
Baja California Sur,Bonifacio Salinas Leal,16 de enero de 1959 - 30 de noviembre de 1964,Partido Revolucionario Institucional
Baja California Sur,Hugo Cervantes del Río,1 de diciembre de 1964 - 30 de noviembre de 1970,Partido Revolucionario Institucional
Baja California Sur,Félix Agramont Cota,1 de diciembre de 1970 - 8 de octubre de 1974,Partido Revolucionario Institucional
Baja California Sur,Félix Agramont Cota,8 de octubre de 1974 - 4 de abril de 1975,Partido Revolucionario Institucional
Baja California Sur,Ángel César Mendoza Arámburo,5 de abril de 1975 - 4 de abril de 1981,Partido Revolucionario Institucional
Baja California Sur,Alberto Alvarado Arámburo,5 de abril de 1981 - 4 de abril de 1987,Partido Revolucionario Institucional
Baja California Sur,Víctor Manuel Liceaga Ruibal,5 de abril de 1987 - 4 de abril de 1993,Partido Revolucionario Institucional
Baja California Sur,Guillermo Mercado Romero,5 de abril de 1993 - 4 de abril de 1999,Partido Revolucionario Institucional
Baja California Sur,Leonel Cota Montaño,5 de abril de 1999 - 4 de abril de 2005,Partido de la Revolución Democrática
Baja California Sur,Narciso Agúndez Montaño,5 de abril de 2005 - 4 de abril de 2011,Partido de la Revolución Democrática
Baja California Sur,Marcos Covarrubias Villaseñor,5 de abril de 2011 - 9 de septiembre de 2015,Partido Acción Nacional
Baja California Sur,Carlos Mendoza Davis,10 de septiembre de 2015 - 9 de septiembre de 2021,Partido Acción Nacional
Baja California Sur,Víctor Manuel Castro Cosío,Desde el 10 de septiembre de 2021,Movimiento de Regeneración Nacional
Campeche,Pablo García Montilla (1824-1895),15 de diciembre de 1867 - 1 de junio de 1870,Partido Liberal
Campeche,Tomás Aznar Barbachano (1825-1896),2 de junio de 1870 - 19 de julio de 1870,Partido Liberal
Campeche,Salvador Dondé Preciat,19 de julio de 1870 - 5 de enero de 1871,Partido Liberal
Campeche,Joaquín Baranda y Quijano,6 de enero de 1871 - 7 de enero de 1877,Partido Liberal
Campeche,Juan B. Zamudio,8 de enero de 1877 - 28 de abril de 1877,Militar
Campeche,Marcelino Castilla,29 de abril de 1877 - 18 de octubre de 1880,-
Campeche,Prudencio Pérez Rosado,18 de octubre de 1880 - 30 de noviembre de 1880,-
Campeche,Arturo Shields,1 de diciembre de 1880 - 15 de septiembre de 1883,-
Campeche,Joaquín Baranda y Quijano,16 de septiembre de 1883 - 15 de noviembre de 1883,Partido Liberal
Campeche,Juan Montalvo Baranda,15 de noviembre de 1883 - 15 de septiembre de 1887,-
Campeche,José Trinidad Ferrer,16 de septiembre de 1887 - 24 de abril de 1888,-
Campeche,Onecífiro Durán,25 de abril de 1888 - 15 de septiembre de 1888,-
Campeche,Joaquín Z. Kerlegand Flores,16 de septiembre de 1888 - 15 de septiembre de 1891,Militar
Campeche,Leocadio Preve Acevedo,16 de septiembre de 1891 - 15 de septiembre de 1895,-
Campeche,Juan Montalvo Baranda,16 de septiembre de 1895 - 18 de noviembre de 1898,-
Campeche,Carlos Gutiérrez McGregor,19 de noviembre de 1898 - 2 de abril de 1902,-
Campeche,José Castellot Batalla,2 de abril de 1902 - 9 de agosto de 1902,-
Campeche,Luis García Mézquita,16 de septiembre de 1902 - 15 de junio de 1905,-
Campeche,José A. Ruz,15 de junio de 1905 - 21 de junio de 1905,-
Campeche,Tomás Aznar Cano,21 de junio de 1905 - 9 de agosto de 1910,-
Campeche,José García Gual,9 de agosto de 1910 - 25 de mayo de 1911,-
Campeche,Gustavo Suzarte Campos,25 de mayo de 1911 - 15 de junio de 1911,-
Campeche,Román Sabas Flores,16 de junio de 1911 - 27 de junio de 1911,
Campeche,Urbano Espinosa Ramírez,27 de junio de 1911 - 15 de septiembre de 1911,
Campeche,Manuel Castilla Brito (1872-1942),16 de septiembre de 1911 - 10 de junio de 1913,
Campeche,Felipe Bueno Castilla,10 de junio de 1913 - 30 de junio de 1913,
Campeche,Manuel Rojas Moreno,1 de julio de 1913 - 3 de julio de 1913,
Campeche,Manuel Rivera,4 de julio de 1913 - 4 de septiembre de 1914,
Campeche,Eduardo Hurtado Aubry,5 de septiembre de 1914 - 9 de septiembre de 1914,
Campeche,Joaquín Mucel Acereto (1888-1970),10 de septiembre de 1914 - 15 de septiembre de 1919,
Campeche,Enrique Arias Solís,16 de septiembre de 1919 - 15 de mayo de 1920,
Campeche,Eduardo Arceo Zumárraga,16 de mayo de 1920 - 25 de julio de 1920,
Campeche,Gonzalo Sales Gutiérrez,26 de julio de 1920 - 3 de enero de 1921,
Campeche,Eduardo Arceo Zumárraga,4 de enero de 1921 - 16 de febrero de 1921,
Campeche,Enrique Gómez Briceño,17 de febrero de 1921 - 11 de agosto de 1921,Partido Socialista Agrario de Campeche
Campeche,Guillermo Ferrer Vega,11 de agosto de 1921 - 24 de noviembre de 1921,
Campeche,Ramón Félix Flores,25 de noviembre de 1921 - 15 de septiembre de 1923,Partido Socialista Agrario de Campeche
Campeche,Ángel Castillo Lanz,16 de septiembre de 1923 - 15 de septiembre de 1927,Partido Socialista Agrario de Campeche
Campeche,Silvestre Pavón Silva,16 de septiembre de 1927 - 19 de noviembre de 1928,Partido Socialista Agrario de Campeche
Campeche,Pedro Tello Andureza,20 de noviembre de 1928 - 28 de noviembre de 1928,Partido Socialista Agrario de Campeche
Campeche,Ramiro Bojórquez Castillo,28 de noviembre de 1928 - 31 de mayo de 1931,Partido Nacional Revolucionario
Campeche,Fausto Bojórquez Castillo,1 de junio de 1931 - 15 de septiembre de 1931,Partido Nacional Revolucionario
Campeche,Benjamín Romero Esquivel,16 de septiembre de 1931 - 15 de septiembre de 1935,Partido Nacional Revolucionario
Campeche,Eduardo R. Mena Córdova,16 de septiembre de 1935 - 15 de septiembre de 1939,Partido de la Revolución Mexicana
Campeche,Héctor Pérez Martínez (1906-1948),16 de septiembre de 1939 - 15 de septiembre de 1943,Partido de la Revolución Mexicana
Campeche,Eduardo J. Lavalle Urbina,16 de septiembre de 1943 - 15 de septiembre de 1949,Partido de la Revolución Mexicana
Campeche,Manuel Jésus López Hernández,16 de septiembre de 1949 - 15 de septiembre de 1955,Partido Revolucionario Institucional
Campeche,Alberto Trueba Urbina (1903-1984),16 de septiembre de 1955 - 15 de septiembre de 1961,Partido Revolucionario Institucional
Campeche,José Ortiz Ávila,16 de septiembre de 1961 - 15 de septiembre de 1967,Partido Revolucionario Institucional
Campeche,Carlos Sansores Pérez (1918-2005),16 de septiembre de 1967 - 2 de marzo de 1973,Partido Revolucionario Institucional
Campeche,Carlos Pérez Cámara (1922-2021),3 de marzo de 1973 - 15 de septiembre de 1973,Partido Revolucionario Institucional
Campeche,Rafael Rodríguez Barrera (1937-2011),16 de septiembre de 1973 - 15 de septiembre de 1979,Partido Revolucionario Institucional
Campeche,Eugenio Echeverría Castellot (1918-1999),16 de septiembre de 1979 - 15 de septiembre de 1985,Partido Revolucionario Institucional
Campeche,Abelardo Carrillo Zavala (1939),16 de septiembre de 1985 - 15 de septiembre de 1991,Partido Revolucionario Institucional
Campeche,Jorge Salomón Azar García,16 de septiembre de 1991 - 15 de septiembre de 1997,Partido Revolucionario Institucional
Campeche,José Antonio González Curi (1952),16 de septiembre de 1997 - 15 de septiembre de 2003,Partido Revolucionario Institucional
Campeche,Jorge Carlos Hurtado Valdez (1949),16 de septiembre de 2003 - 15 de septiembre de 2009,Partido Revolucionario Institucional
Campeche,Fernando Ortega Bernés (1958),16 de septiembre de 2009 - 15 de septiembre de 2015,Partido Revolucionario Institucional
Campeche,Alejandro Moreno Cárdenas (1975),16 de septiembre de 2015 - 13 de junio de 2019,Partido Revolucionario Institucional
Campeche,Carlos Miguel Aysa González (1950),13 de junio de 2019 - 15 de septiembre de 2021,Partido Revolucionario Institucional
Campeche,Layda Sansores San Román (1945),Desde el 16 de septiembre de 2021,Movimiento de Regeneración Nacional
Chiapas,Manuel Zebadúa,5 de diciembre de 1824 - 23 de enero de 1825,
Chiapas,Manuel José de Rojas,23 de enero de 1825 - 17 de abril de 1826,Partido Liberal
Chiapas,José Diego Lara,17 de abril de 1826 - 28 de febrero de 1830,Partido Liberal
Chiapas,Emeterio Pineda,29 de febrero de 1830 - mayo de 1830,Partido Liberal
Chiapas,José Rafael Coello,15 de abril - 17 de agosto de 1830,Partido Liberal
Chiapas,José Ignacio Gutiérrez,18 de agosto de 1830 - 14 de agosto de 1832,Partido Conservador
Chiapas,Manuel Escandón,14 de agosto de 1832 - 1832,
Chiapas,Mariano Correa,1832 - 1832,
Chiapas,Joaquín Miguel Gutiérrez,1832 - 1832,Partido Liberal
Chiapas,Emeterio Pineda,1832 - 1832,Partido Liberal
Chiapas,Quirino Domínguez,1832 - 1832,
Chiapas,Joaquín Miguel Gutiérrez,15 de septiembre de 1832 - marzo de 1835,Partido Liberal
Chiapas,José Mariano Coello,21 de enero de 1835 - 31 de mayo de 1835,
Chiapas,Ignacio Tovilla,31 de mayo de 1835 - 1 de julio de 1835,
Chiapas,Mariano Montes de Oca,4 de julio de 1835 - 17 de octubre de 1836,
Chiapas,Joaquín Miguel Gutiérrez,Julio de 1835 - 17 de agosto de 1835,Partido Liberal
Chiapas,Clemente Aceituno,Octubre de 1835 - 30 de diciembre de 1836,
Chiapas,Clemente Aceituno,30 de diciembre de 1836 - 14 de mayo de 1837,
Chiapas,Salvador Piñeiro,15 de mayo de 1837 - 2 de noviembre de 1837,
Chiapas,Onofre Reyes,3 de noviembre de 1837 - 3 de diciembre de 1837,
Chiapas,José María Sandoval,3 de diciembre de 1837 - 18 de febrero de 1840,
Chiapas,José Diego Lara,18 de febrero de 1840 - 23 de julio de 1841,Partido Liberal
Chiapas,Salvador Ayanegui,23 de julio de 1841 - 20 de febrero de 1842,
Chiapas,Ignacio Barberena,21 de febrero de 1842 - 9 de mayo de 1846,
Chiapas,Jerónimo Cardona,9 de mayo de 1846 - 22 de agosto de 1846,Partido Conservador
Chiapas,Jerónimo Cardona,22 de agosto de 1846 - 28 de diciembre de 1846,Partido Conservador
Chiapas,Mariano Nicolás Ruíz,28 de diciembre de 1846 - 21 de febrero de 1847,Partido Liberal
Chiapas,Jerónimo Cardona,21 de febrero de 1847 - 11 de febrero de 1848,Partido Conservador
Chiapas,Manuel María Parada,11 de febrero de 1848 - 30 de marzo de 1848,
Chiapas,Jerónimo Cardona,1848 - mayo de 1848,Partido Conservador
Chiapas,Ponciano Solórzano del Barco,Abril de 1848 - 2 de mayo de 1848,
Chiapas,Jerónimo Cardona,2 de mayo de 1848 - 24 de mayo de 1848,Partido Conservador
Chiapas,Fernando Nicolás Maldonado,24 de mayo de 1848 - 24 de noviembre de 1848,
Chiapas,Nicolás Ruiz,24 de noviembre de 1848 - 9 de diciembre de 1848,
Chiapas,Fernando Nicolás Maldonado,9 de diciembre de 1848 - 1 de marzo de 1849,
Chiapas,Fernando Nicolás Maldonado,1 de marzo de 1849 - 26 de marzo de 1849,
Chiapas,Ramón Larrainzar Piñeiro,26 de marzo de 1849 - 15 de febrero de 1850,
Chiapas,Fernando Nicolás Maldonado,15 de febrero de 1850 - 24 de marzo de 1850,
Chiapas,Ramón Larrainzar Piñeiro,24 de marzo de 1850 - 12 de abril de 1850,
Chiapas,Fernando Nicolás Maldonado,12 de abril de 1850 - 23 de mayo de 1850,
Chiapas,Ramón Larrainzar Piñeiro,23 de mayo de 1850 - 8 de septiembre de 1850,
Chiapas,Fernando Nicolás Maldonado,9 de septiembre de 1850 - 1 de enero de 1851,
Chiapas,José Farrera,1 de enero de 1851 - 20 de octubre de 1851,
Chiapas,Fernando Nicolás Maldonado,20 de octubre de 1851 - 7 de marzo de 1853,
Chiapas,Domingo Ruíz Molina,7 de marzo de 1853 - 6 de julio de 1853,Partido Liberal
Chiapas,Fernando Nicolás Maldonado,6 de julio de 1853 - 20 de octubre de 1855,
Chiapas,Ángel Albino Corzo,20 de octubre de 1855 - 15 de marzo de 1856,Partido Liberal
Chiapas,Domingo Ruíz Molina,16 de marzo de 1856 - 8 de mayo de 1856,Partido Liberal
Chiapas,Ángel Albino Corzo,8 de mayo de 1856 - 17 de septiembre de 1857,Partido Liberal
Chiapas,Francisco Robles,17 de septiembre de 1857 - 31 de diciembre de 1857,
Chiapas,Ángel Albino Corzo,31 de diciembre de 1857 - 15 de mayo de 1858,Partido Liberal
Chiapas,Matías Castellanos,15 de mayo de 1858 - 31 de julio de 1859,
Chiapas,Ángel Albino Corzo,31 de julio de 1859 - 16 de junio de 1861,Partido Liberal
Chiapas,Juan Clímaco Corzo,17 de junio de 1861 - 1 de diciembre de 1861,
Chiapas,Ángel Albino Corzo,1 de diciembre de 1861,Partido Liberal
Chiapas,Juan Clímaco Corzo,1 de diciembre de 1861 - 14 de junio de 1862,
Chiapas,Ángel Albino Corzo,15 de junio de 1862 - 1 de noviembre de 1862,Partido Liberal
Chiapas,Juan Clímaco Corzo,2 de noviembre de 1862 - 14 de junio de 1863,
Chiapas,José Gabriel Esquinca,15 de junio de 1863 - 30 de noviembre de 1864,
Chiapas,José Pantaleón Domínguez,1 de diciembre de 1864 - 4 de septiembre de 1866,
Chiapas,Ángel Albino Corzo,4 de septiembre de 1866 - 1 de diciembre de 1866,Partido Liberal
Chiapas,José Pantaleón Domínguez,1 de diciembre de 1864 - 30 de noviembre de 1875,
Chiapas,Moisés Rojas,1 de diciembre de 1875 - 21 de marzo de 1876,
Chiapas,Carlos Borda,21 de marzo de 1876 - 18 de marzo de 1877,
Chiapas,Diego Betanzos,18 de marzo de 1877 - 11 de abril de 1877,
Chiapas,Mariano Nicolás Ruíz,11 de abril de 1877 - 1 de diciembre de 1877,
Chiapas,Sebastián Escobar,1 de diciembre de 1877 - 29 de julio de 1878,Partido Liberal
Chiapas,Mariano José Aguilar Rodas,29 de julio de 1878 - 1 de diciembre de 1879,Partido Liberal
Chiapas,Miguel Utrilla Trujillo,1 de diciembre de 1879 - 1 de diciembre de 1883,Partido Liberal
Chiapas,José María Ramírez,1 de diciembre de 1883 - 30 de noviembre de 1887,Partido Liberal
Chiapas,Manuel Carrascosa,1 de diciembre de 1887 - 30 de noviembre de 1891,Partido Liberal
Chiapas,Emilio Rabasa Estebanell,1 de diciembre de 1891 - 26 de febrero de 1894,Partido Liberal
Chiapas,Fausto Moguel,27 de febrero de 1894 - 30 de noviembre de 1895,Partido Liberal
Chiapas,Francisco León,1 de diciembre de 1895 - 11 de octubre de 1899,Partido Liberal
Chiapas,Rafael Pimentel,12 de octubre de 1899 - 25 de diciembre de 1905,Partido Liberal
Chiapas,Ramón Rabasa,26 de diciembre de 1905 - 2 de junio de 1911,Partido Liberal
Chiapas,Manuel Trejo,2 de junio de 1911 - 3 de julio de 1911,
Chiapas,Reynaldo Gordillo León,4 de julio de 1911 - 11 de julio de 1911,
Chiapas,Policarpo Rueda Fernández,12 de julio de 1911 - 20 de agosto de 1911,
Chiapas,Manuel Rovelo Argüello,21 de agosto de 1911 - 28 de agosto de 1911,
Chiapas,Marco Aurelio Solís,28 de agosto de 1911 - 15 de diciembre de 1911,
Chiapas,Reynaldo Gordillo León,15 de diciembre de 1911 - 28 de enero de 1912,
Chiapas,Flavio Guillén,29 de enero de 1912 - 6 de febrero de 1913,
Chiapas,Marco Aurelio Solís,6 de febrero de 1913 - 20 de marzo de 1913,
Chiapas,Reynaldo Gordillo León,21 de marzo de 1913 - 18 de julio de 1913,
Chiapas,Bernardo Palafox,19 de julio de 1913 - 13 de agosto de 1914,Militar
Chiapas,José Inés Cano,14 de agosto de 1914 - 13 de septiembre de 1914,
Chiapas,Jesús Agustín Castro,13 de septiembre de 1914 - 24 de septiembre de 1914,Militar
Chiapas,Blas Corral,25 de septiembre de 1914 - 24 de octubre de 1914,Militar
Chiapas,Jesús Agustín Castro,25 de octubre de 1914 - 4 de abril de 1915,Militar
Chiapas,Blas Corral,5 de abril de 1915 - 9 de mayo de 1915,Militar
Chiapas,Jesús Agustín Castro,10 de mayo de 1915 - 28 de mayo de 1915,Militar
Chiapas,Blas Corral,29 de mayo de 1915 - 12 de abril de 1916,Militar
Chiapas,José Ascensión González,13 de abril de 1916 - 24 de mayo de 1916,Militar
Chiapas,Blas Corral,25 de mayo de 1916 - 24 de septiembre de 1916,Militar
Chiapas,Pablo Villanueva,25 de septiembre de 1916 - 17 de diciembre de 1917,Militar
Chiapas,Manuel Fuentes,18 de diciembre de 1917 - 5 de marzo de 1918,
Chiapas,Pablo Villanueva,6 de marzo de 1918 - 6 de mayo de 1919,Militar
Chiapas,Manuel Fuentes,7 de mayo de 1919 - 9 de julio de 1919,
Chiapas,Pablo Villanueva,9 de julio de 1919 - 1 de diciembre de 1919,Militar
Chiapas,Pascual Morales Molina,2 de diciembre de 1919 - 8 de marzo de 1920,Militar
Chiapas,Alejo González,9 de marzo de 1920 - 18 de mayo de 1920,Militar
Chiapas,Francisco G. Ruíz,18 de mayo de 1920 - 12 de julio de 1920,Militar
Chiapas,Fausto Ruíz,13 de julio de 1920 - 16 de agosto de 1920,Militar
Chiapas,Francisco G. Ruíz,17 de agosto de 1920 - 20 de noviembre de 1920,Militar
Chiapas,Amadeo Ruíz,21 de noviembre de 1920 - 30 de noviembre de 1920,
Chiapas,Tiburcio Fernández Ruíz,1 de diciembre de 1920 - 5 de abril de 1924,Militar
Chiapas,Luis García,6 de abril de 1924 - 24 de septiembre de 1924,
Chiapas,Martín Paredes,25 de septiembre de 1924 - 9 de octubre de 1924,
Chiapas,Tiburcio Fernández Ruíz,10 de octubre de 1924 - 30 de noviembre de 1924,Militar
Chiapas,Raúl de León,1 de diciembre de 1924 - diciembre de 1924,
Chiapas,Luis Ramírez Corzo,Diciembre de 1924 - 31 de diciembre de 1924,
Chiapas,César Córdova,1 de enero de 1925 - 19 de mayo de 1925,
Chiapas,Carlos A. Vidal,20 de mayo de 1925 - 22 de mayo de 1927,
Chiapas,Luis P. Vidal,23 de mayo de 1927 - 3 de octubre de 1927,Militar
Chiapas,Manuel Álvarez Rábago,4 de octubre de 1927 - 30 de octubre de 1927,Militar
Chiapas,Federico Martínez Rojas,31 de octubre de 1927 - 30 de marzo de 1928,
Chiapas,Amador Coutiño de Coss,31 de marzo de 1928 - 9 de noviembre de 1928,
Chiapas,Rosendo Delarbre Santeliz,10 de noviembre de 1928 - 30 de noviembre de 1928,
Chiapas,Raymundo E. Enríquez,1 de diciembre de 1928 - 30 de noviembre de 1932,
Chiapas,Victórico Grajales Reynosa,1 de diciembre de 1932 - 1 de julio de 1936,Partido Nacional Revolucionario
Chiapas,Martín G. Cruz,1 de julio de 1936 - 24 de agosto de 1936,Partido Nacional Revolucionario
Chiapas,Victórico Grajales Reynosa,24 de agosto de 1836 - 22 de septiembre de 1936,Partido Nacional Revolucionario
Chiapas,Amador Coutiño de Coss,23 de septiembre de 1936 - 15 de diciembre de 1936,Partido Nacional Revolucionario
Chiapas,Efraín A. Gutiérrez,15 de diciembre de 1936 - 30 de noviembre de 1940,Partido de la Revolución Mexicana
Chiapas,Rafael Pascacio Gamboa,1 de diciembre de 1940 - 30 de noviembre de 1944,Partido de la Revolución Mexicana
Chiapas,Juan María Esponda,1 de diciembre de 1944 - 6 de enero de 1947,Partido de la Revolución Mexicana
Chiapas,César Augusto Lara Ramos,7 de enero de 1947 - 30 de noviembre de 1948,Partido Revolucionario Institucional
Chiapas,Francisco J. Grajales,1 de diciembre de 1948 - 30 de noviembre de 1952,Partido Revolucionario Institucional
Chiapas,Efraín Aranda Osorio,1 de diciembre de 1952 - 30 de noviembre de 1958,Partido Revolucionario Institucional
Chiapas,Samuel León Brindis,1 de diciembre de 1958 - 30 de noviembre de 1964,Partido Revolucionario Institucional
Chiapas,José Castillo Tielemans,1 de diciembre de 1964 - 30 de noviembre de 1970,Partido Revolucionario Institucional
Chiapas,Manuel Velasco Suárez,1 de diciembre de 1970 - 30 de noviembre de 1976,Partido Revolucionario Institucional
Chiapas,Jorge de la Vega Domínguez,1 de diciembre de 1976 - 9 de diciembre de 1977,Partido Revolucionario Institucional
Chiapas,Salomón González Blanco,9 de diciembre de 1977 - 29 de noviembre de 1979,Partido Revolucionario Institucional
Chiapas,Juan Sabines Gutiérrez,29 de noviembre de 1979 - 30 de noviembre de 1982,Partido Revolucionario Institucional
Chiapas,Gustavo Armendáriz Ruíz,1 de diciembre de 1982 - 8 de diciembre de 1982,Partido Revolucionario Institucional
Chiapas,Absalón Castellanos Domínguez,8 de diciembre de 1982 - 30 de noviembre de 1988,Partido Revolucionario Institucional
Chiapas,José Patrocinio González Blanco Garrido,1 de diciembre de 1988 - 4 de enero de 1993,Partido Revolucionario Institucional
Chiapas,Elmar Setzer Marseille,4 de enero de 1993 - 18 de enero de 1994,Partido Revolucionario Institucional
Chiapas,Javier López Moreno,18 de enero de 1994 - 8 de diciembre de 1994,Partido Revolucionario Institucional
Chiapas,Eduardo Robledo Rincón,8 de diciembre de 1994 - 17 de febrero de 1995,Partido Revolucionario Institucional
Chiapas,Julio César Ruiz Ferro,17 de febrero de 1995 - 7 de enero de 1998,Partido Revolucionario Institucional
Chiapas,Roberto Albores Guillén,7 de enero de 1998 - 8 de diciembre de 2000,Partido Revolucionario Institucional
Chiapas,Pablo Abner Salazar Mendiguchía,8 de diciembre de 2000 - 7 de diciembre de 2006,Partido de la Revolución Democrática
Chiapas,Juan Sabines Guerrero,8 de diciembre de 2006 - 7 de diciembre de 2012,Partido de la Revolución Democrática
Chiapas,Manuel Velasco Coello,8 de diciembre de 2012 - 29 de agosto de 2018,Partido Verde Ecologista de México
Chiapas,Willy Ochoa Gallegos,30 de agosto de 2018 - 4 de septiembre de 2018,Partido Revolucionario Institucional
Chiapas,Manuel Velasco Coello,5 de septiembre de 2018 - 7 de diciembre de 2018,Partido Verde Ecologista de México
Chiapas,Rutilio Escandón Cadenas,8 de diciembre de 2018 - 7 de diciembre de 2024,Movimiento de Regeneración Nacional
Chiapas,Eduardo Ramírez Aguilar,Desde el 8 de diciembre de 2024,Movimiento de Regeneración Nacional
Chihuahua,José Ignacio Marcelino de Urquidi y Jugo,8 de septiembre de 1824 - 26 de septiembre de 1825,
Chihuahua,José Antonio Arce Hinojos,26 de septiembre de 1825 - 26 de noviembre de 1825,
Chihuahua,José Ignacio Marcelino de Urquidi y Jugo,26 de noviembre de 1825 - 27 de febrero de 1826,
Chihuahua,José Antonio Arce Hinojos,27 de febrero de 1826 - 25 de septiembre de 1826,
Chihuahua,Simón María Miguel Elías González Romo y de Vivar,25 de septiembre de 1826 - 27 de noviembre de 1826,
Chihuahua,José Antonio Arce Hinojos,27 de noviembre de 1826 - 29 de marzo de 1827,
Chihuahua,José Antonio Ruiz de Bustamante,29 de marzo de 1827 - 2 de octubre de 1827,
Chihuahua,Simón María Miguel Elías González Romo y de Vivar,2 de octubre de 1827 - 29 de enero de 1828,
Chihuahua,José Antonio Arce Hinojos,29 de enero de 1828 - 1 de marzo de 1828,
Chihuahua,José Antonio Arce Hinojos,1 de marzo de 1828 - 2 de junio de 1830,
Chihuahua,José Andrés Luján del Castillo,2 de junio de 1830 - 28 de junio de 1830,
Chihuahua,José Antonio Arce Hinojos,28 de junio de 1830 - 20 de agosto de 1830,
Chihuahua,José Isidro Madero Arrieta,21 de agosto de 1830 - 31 de mayo de 1833,
Chihuahua,José Rafael Revilla Lugo,31 de mayo de 1833 - 28 de julio de 1833,
Chihuahua,José Isidro Madero Arrieta,28 de julio de 1833 - 30 de noviembre de 1833,
Chihuahua,José Rafael Revilla Lugo,30 de noviembre de 1833 - 13 de diciembre de 1833,
Chihuahua,José María Sánchez Pareja,13 de diciembre de 1833 - 17 de febrero de 1834,
Chihuahua,José Isidro Madero Arrieta,17 de febrero de 1834 - 20 de agosto de 1834,
Chihuahua,Simón María Miguel Elías González Romo y de Vivar,21 de agosto de 1834 - 18 de septiembre de 1834,
Chihuahua,José Joaquín Calvo López,18 de septiembre de 1834 - 11 de junio de 1835,
Chihuahua,José María Echavarría,11 de junio de 1835 - 14 de agosto de 1835,
Chihuahua,José Joaquín Calvo López,14 de agosto de 1835 - 11 de agosto de 1836,
Chihuahua,José María Bear,11 de agosto de 1836 - 15 de agosto de 1836,
Chihuahua,José Joaquín Calvo López,15 de agosto de 1836 - 30 de diciembre de 1836,
Chihuahua,José Joaquín Calvo López,30 de diciembre de 1836 - 18 de abril de 1837,
Chihuahua,Simón María Miguel Elías González Romo y de Vivar,18 de junio de 1837 - 30 de julio de 1837,
Chihuahua,Simón María Miguel Elías González Romo y de Vivar,30 de julio de 1837 - 3 de julio de 1838,
Chihuahua,Berardo Revilla Valenzuela,3 de julio de 1838 - 16 de julio de 1938,
Chihuahua,Simón María Miguel Elías González Romo y de Vivar,16 de julio de 1838 - 3 de octubre de 1838,
Chihuahua,Mariano Orcasitas Santacruz,3 de octubre de 1838 - 15 de octubre de 1838,
Chihuahua,Berardo Revilla Valenzuela,15 de octubre de 1838 - 1 de enero de 1839,
Chihuahua,José María Irigoyen Rodríguez,1 de enero de 1839 - 22 de enero de 1839,
Chihuahua,Simón María Miguel Elías González Romo y de Vivar,22 de enero de 1839 - 22 de mayo de 1839,
Chihuahua,José María Irigoyen de la O,22 de mayo de 1839 - 14 de junio de 1839,
Chihuahua,José María Irigoyen Rodríguez,14 de junio de 1839 - 18 de septiembre de 1839,
Chihuahua,José María Irigoyen de la O,18 de septiembre de 1839 - 20 de mayo de 1840,
Chihuahua,Pedro Olivares Nájera,20 de mayo de 1840 - 6 de julio de 1840,
Chihuahua,Francisco García Conde,6 de julio de 1840 - 27 de septiembre de 1842,
Chihuahua,Mariano Martínez de Lejarza,27 de septiembre de 1842 - 3 de octubre de 1842,
Chihuahua,Francisco García Conde,3 de octubre de 1842 - 8 de diciembre de 1842,
Chihuahua,José Mariano Monterde Antillón y Segura,8 de diciembre de 1842 - 26 de junio de 1843,
Chihuahua,Mariano Martínez de Lejarza,26 de junio de 1843 - 29 de agosto de 1843,
Chihuahua,José Mariano Monterde Antillón y Segura,29 de agosto de 1843 - 20 de enero de 1845,
Chihuahua,Luis Zuloaga Trillo,20 de enero de 1845 - 13 de junio de 1845,
Chihuahua,Joaquín de Bustamante Gutiérrez,13 de junio de 1845 - 21 de junio de 1845,
Chihuahua,Pedro Olivares Nájera,21 de junio de 1845 - 24 de agosto de 1845,
Chihuahua,Ángel Mariano Narciso Eutimio Trias Álvarez,24 de agosto de 1845 - 17 de enero de 1846,
Chihuahua,Mauricio Ugarte,17 de enero de 1846 - 16 de febrero de 1846,
Chihuahua,Cayetano Justiniani Ruiz,16 de febrero de 1846 - 4 de mayo de 1846,
Chihuahua,José María Irigoyen Rodríguez,4 de mayo de 1846 - 25 de agosto de 1846,
Chihuahua,Ángel Mariano Narciso Eutimio Trias Álvarez,25 de agosto de 1846 - 8 de diciembre de 1846,
Chihuahua,Ángel Mariano Narciso Eutimio Trias Álvarez,8 de diciembre de 1846 - 23 de febrero de 1847,
Chihuahua,Laureano Muñoz Arregui,23 de febrero de 1847 - 18 de abril de 1847,
Chihuahua,José María Sánchez Pareja,18 de abril de 1847 - 15 de mayo de 1847,
Chihuahua,Laureano Muñoz Arregui,15 de mayo de 1847 - 13 de septiembre de 1847,
Chihuahua,Ángel Mariano Narciso Eutimio Trias Álvarez,13 de septiembre de 1847 - 16 de marzo de 1848,
Chihuahua,Laureano Muñoz Arregui,16 de marzo de 1848 - 2 de mayo de 1848,
Chihuahua,Ángel Mariano Narciso Eutimio Trias Álvarez,2 de mayo de 1848 - 18 de septiembre de 1848,
Chihuahua,Laureano Muñoz Arregui,18 de septiembre de 1848 - 21 de marzo de 1849,
Chihuahua,Ángel Mariano Narciso Eutimio Trias Álvarez,21 de marzo de 1849 - 20 de noviembre de 1850,
Chihuahua,Juan Nepomuceno de Urquidi Cardeña,20 de noviembre de 1850 - 6 de enero de 1852,
Chihuahua,José Cordero y Ponce de León,6 de enero de 1852 - 23 de diciembre de 1852,
Chihuahua,Ángel Mariano Narciso Eutimio Trias Álvarez,23 de diciembre de 1852 - 5 de abril de 1853,
Chihuahua,Luis Zuloaga Trillo,5 de abril de 1853 - 2 de noviembre de 1853,
Chihuahua,Ángel Mariano Narciso Eutimio Trias Álvarez,2 de noviembre de 1853 - 29 de noviembre de 1855,
Chihuahua,Juan Nepomuceno de Urquidi,29 de noviembre de 1855 - 11 de febrero de 1856,
Chihuahua,Jesús María Palacios Arregui,11 de febrero de 1856 - 2 de noviembre de 1856,
Chihuahua,Berardo Revilla Valenzuela,2 de noviembre de 1856 - 22 de julio de 1856,
Chihuahua,José María Jaurrieta Rincón,22 de julio de 1857 - 9 de agosto de 1857,
Chihuahua,Antonio Ochoa Carrillo,9 de agosto de 1857 - 17 de enero de 1860,
Chihuahua,José Eligio Muñoz Arregui,17 de enero de 1860 - 20 de septiembre de 1860,
Chihuahua,José Luis Gonzaga Jesús Daniel Terrazas Fuentes,21 de septiembre de 1860 - 3 de octubre de 1861,
Chihuahua,José Luis Gonzaga Jesús Daniel Terrazas Fuentes,4 de octubre de 1861 - 29 de abril de 1864,
Chihuahua,Jesús José Casavantes Zamarrón,29 de abril de 1864 - 11 de junio de 1864,
Chihuahua,Ángel Mariano Narciso Eutimio Trias Álvarez,11 de junio de 1864 - 14 de julio de 1865,
Chihuahua,Francisco Ortiz de Zárate,14 de julio de 1865 - 4 de agosto de 1865,
Chihuahua,Manuel Ojinaga Castañeda,4 de agosto de 1865 - 2 de septiembre de 1865,
Chihuahua,Agustín Villagra Sánchez,14 de septiembre de 1865 - 1 de noviembre de 1865,
Chihuahua,José Luis Gonzaga Jesús Daniel Terrazas Fuentes,1 de noviembre de 1865 - 4 de octubre de 1869,
Chihuahua,José Luis Gonzaga Jesús Daniel Terrazas Fuentes,4 de octubre de 1869 - 24 de septiembre de 1872,
Chihuahua,Manuel Gómez y Luna,24 de septiembre de 1872 - 3 de noviembre de 1872,
Chihuahua,José Luis Gonzaga Jesús Daniel Terrazas Fuentes,3 de noviembre de 1872 - 1 de septiembre de 1873,
Chihuahua,Juan B. Escudero,1 de septiembre de 1873 - 1 de octubre de 1873,
Chihuahua,José Luis Gonzaga Jesús Daniel Terrazas Fuentes,1 de octubre de 1873 - 3 de octubre de 1873,
Chihuahua,Antonio Ochoa Carrillo,4 de octubre de 1873 - 2 de junio de 1876,
Chihuahua,Manuel de Herrera Mendoza,2 de junio de 1876 - 26 de septiembre de 1876,
Chihuahua,Antonio Ochoa Carrillo,26 de septiembre de 1876 - 3 de octubre de 1876,
Chihuahua,Mariano Gil Samaniego Delgado,3 de octubre de 1876 - 5 de febrero de 1877,
Chihuahua,Juan B. Caamaño Gómez,5 de febrero de 1877 - 19 de febrero de 1877,Militar
Chihuahua,José Eligio Muñoz Arregui,19 de febrero de 1877 - 13 de junio de 1877,
Chihuahua,Pedro Hinojosa de la Garza Falcón,13 de junio de 1877 - 14 de agosto de 1877,Militar
Chihuahua,Ángel Trías Ochoa,14 de agosto de 1877 - 12 de noviembre de 1879,
Chihuahua,José Luis Gonzaga Jesús Daniel Terrazas Fuentes,12 de noviembre de 1879 - 23 de marzo de 1880,Militar
Chihuahua,Gabriel Aguirre del Hierro,23 de marzo de 1880 - 27 de mayo de 1880,
Chihuahua,José Luis Gonzaga Jesús Daniel Terrazas Fuentes,27 de mayo de 1880 - 4 de octubre de 1880,Militar
Chihuahua,José Luis Gonzaga Jesús Daniel Terrazas Fuentes,4 de octubre de 1880 - 18 de agosto de 1881,Militar
Chihuahua,Mariano Gil Samaniego Delgado,18 de agosto de 1881 - 18 de octubre de 1881,
Chihuahua,José Luis Gonzaga Jesús Daniel Terrazas Fuentes,18 de octubre de 1881 - 6 de noviembre de 1882,Militar
Chihuahua,Mariano Gil Samaniego Delgado,6 de noviembre de 1882 - 6 de mayo de 1883,
Chihuahua,José Luis Gonzaga Jesús Daniel Terrazas Fuentes,6 de mayo de 1883 - 9 de enero de 1884,Militar
Chihuahua,Ramón Cuéllar Aranda,9 de enero de 1884 - 9 de abril de 1884,
Chihuahua,Celso González Esquivel,9 de abril de 1884 - 3 de octubre de 1884,
Chihuahua,Carlos Pacheco Villalobos,4 de octubre de 1884 - 9 de diciembre de 1884,
Chihuahua,Carlos Fuero Unda,9 de diciembre de 1884 - 28 de julio de 1885,
Chihuahua,Félix Francisco Maceyra Tavizón,28 de julio de 1885 - 11 de junio de 1887,
Chihuahua,Carlos Pacheco Villalobos,11 de junio de 1887 - 30 de julio de 1887,
Chihuahua,Lauro Carrillo Aguayo,30 de julio de 1887 - 31 de diciembre de 1887,Militar
Chihuahua,Celso González Esquivel,31 de diciembre de 1887 - 31 de enero de 1888,
Chihuahua,Lauro Carrillo Aguayo,31 de enero de 1888 - 28 de mayo de 1888,Militar
Chihuahua,Celso González Esquivel,28 de mayo de 1888 - 13 de julio de 1888,
Chihuahua,Lauro Carrillo Aguayo,13 de julio de 1887 - 4 de octubre de 1888,Militar
Chihuahua,Lauro Carrillo Aguayo,4 de octubre de 1888 - 26 de octubre de 1888,Militar
Chihuahua,Manuel de Herrera Mendoza,26 de octubre de 1888 - 26 de diciembre de 1888,
Chihuahua,Lauro Carrillo Aguayo,26 de diciembre de 1888 - 1 de octubre de 1889,Militar
Chihuahua,Mauro Cándano Benítez,1 de octubre de 1889 - 27 de noviembre de 1889,
Chihuahua,Lauro Carrillo Aguayo,27 de noviembre de 1889 - 11 de abril de 1890,Militar
Chihuahua,Rafael Pimentel,11 de abril de 1890 - 26 de mayo de 1890,
Chihuahua,Lauro Carrillo Aguayo,26 de mayo de 1890 - 5 de julio de 1890,Militar
Chihuahua,Rafael Pimentel,5 de julio de 1890 - 12 de julio de 1890,
Chihuahua,Lauro Carrillo Aguayo,12 de julio de 1890 - 28 de octubre de 1890,Militar
Chihuahua,Rafael Pimentel,28 de octubre de 1890 - 24 de febrero de 1891,
Chihuahua,Lauro Carrillo Aguayo,24 de febrero de 1891 - 11 de junio de 1891,Militar
Chihuahua,Alejandro Guerrero y Porres,11 de junio de 1891 - 11 de julio de 1891,
Chihuahua,Lauro Carrillo Aguayo,11 de julio de 1891 - 10 de noviembre de 1891,Militar
Chihuahua,Rafael Pimentel,10 de noviembre de 1891 - 10 de diciembre de 1891,
Chihuahua,Lauro Carrillo Aguayo,10 de diciembre de 1891 - 11 de abril de 1892,Militar
Chihuahua,Rafael Pimentel,11 de abril de 1892 - 28 de abril de 1892,
Chihuahua,Lauro Carrillo Aguayo,28 de abril de 1892 - 4 de junio de 1892,Militar
Chihuahua,Rafael Pimentel,4 de junio de 1892 - 3 de octubre de 1892,
Chihuahua,Miguel Ahumada Saucedo,4 de octubre de 1892 - 4 de mayo de 1894,Militar
Chihuahua,Joaquín Cortázar Sada,4 de mayo de 1894 - 8 de junio de 1894,
Chihuahua,Miguel Ahumada Saucedo,8 de junio de 1894 - 22 de diciembre de 1895,Militar
Chihuahua,Joaquín Cortázar Sada,22 de diciembre de 1895 - 6 de febrero de 1896,
Chihuahua,Miguel Ahumada Saucedo,6 de febrero de 1896 - 4 de octubre de 1896,Militar
Chihuahua,Miguel Ahumada Saucedo,4 de octubre de 1896 - 18 de octubre de 1897,Militar
Chihuahua,Joaquín Cortázar Sada,18 de octubre de 1897 - 28 de noviembre de 1897,
Chihuahua,Miguel Ahumada Saucedo,28 de noviembre de 1897 - 23 de abril de 1898,Militar
Chihuahua,Joaquín Cortázar Sada,23 de abril de 1898 - 23 de mayo de 1898,
Chihuahua,Miguel Ahumada Saucedo,23 de mayo de 1898 - 3 de octubre de 1899,Militar
Chihuahua,Joaquín Cortázar Sada,3 de octubre de 1899 - 1 de noviembre de 1899,
Chihuahua,Miguel Ahumada Saucedo,1 de noviembre de 1899 - 4 de octubre de 1900,Militar
Chihuahua,Miguel Ahumada Saucedo,4 de octubre de 1900 - 25 de octubre de 1900,Militar
Chihuahua,Joaquín Cortázar Sada,25 de octubre de 1900 - 15 de diciembre de 1900,
Chihuahua,Miguel Ahumada Saucedo,15 de diciembre de 1900 - 23 de noviembre de 1901,Militar
Chihuahua,Joaquín Cortázar Sada,23 de noviembre de 1901 - 30 de diciembre de 1901,
Chihuahua,Miguel Ahumada Saucedo,30 de diciembre de 1901 - 3 de marzo de 1902,Militar
Chihuahua,Joaquín Cortázar Sada,3 de marzo de 1902 - 7 de mayo de 1902,
Chihuahua,Miguel Ahumada Saucedo,7 de mayo de 1902 - 2 de octubre de 1902,Militar
Chihuahua,Joaquín Cortázar Sada,2 de octubre de 1902 - 3 de noviembre de 1902,
Chihuahua,Miguel Ahumada Saucedo,3 de noviembre de 1902 - 26 de diciembre de 1902,Militar
Chihuahua,Joaquín Cortázar Sada,26 de diciembre de 1902 - 6 de enero de 1903,
Chihuahua,Miguel Ahumada Saucedo,6 de enero de 1903 - 13 de febrero de 1903,Militar
Chihuahua,Joaquín Cortázar Sada,13 de febrero de 1903 - 27 de febrero de 1903,
Chihuahua,Joaquín Cortázar Sada,27 de febrero de 1903 - 26 de mayo de 1903,
Chihuahua,José Luis Gonzaga Jesús Daniel Terrazas Fuentes,27 de mayo de 1903 - 18 de agosto de 1904,Militar
Chihuahua,José Enrique Clay Ramón de Jesús Creel Cuilty,18 de agosto de 1904 - 26 de noviembre de 1904,
Chihuahua,Joaquín Cortázar Sada,26 de noviembre de 1904 - 10 de diciembre de 1904,
Chihuahua,José Enrique Clay Ramón de Jesús Creel Cuilty,10 de diciembre de 1904 - 19 de septiembre de 1906,
Chihuahua,José María Sánchez González,19 de septiembre de 1906 - 3 de octubre de 1906,
Chihuahua,José Enrique Clay Ramón de Jesús Creel Cuilty,3 de octubre de 1906 - 8 de diciembre de 1906,
Chihuahua,José María Sánchez González,8 de diciembre de 1906 - 4 de octubre de 1907,
Chihuahua,José Enrique Clay Ramón de Jesús Creel Cuilty,4 de octubre de 1907 - 24 de abril de 1908,
Chihuahua,José María Sánchez González,24 de abril de 1908 - 20 de junio de 1908,
Chihuahua,José Enrique Clay Ramón de Jesús Creel Cuilty,20 de junio de 1908 - 2 de julio de 1908,
Chihuahua,José María Sánchez González,2 de julio de 1908 - 26 de agosto de 1908,
Chihuahua,José Enrique Clay Ramón de Jesús Creel Cuilty,29 de agosto de 1908 - 29 de noviembre de 1909,
Chihuahua,José María Sánchez González,29 de noviembre de 1909 - 10 de enero de 1910,
Chihuahua,José Enrique Clay Ramón de Jesús Creel Cuilty,10 de enero de 1910 - 28 de abril de 1910,
Chihuahua,José María Sánchez González,28 de abril de 1910 - 6 de diciembre de 1910,
Chihuahua,Alberto Terrazas Cuilty,6 de diciembre de 1910 - 30 de enero de 1911,Militar
Chihuahua,Miguel Ahumada Sauceda,31 de enero de 1911 - 9 de junio de 1911,Militar
Chihuahua,José Abraham Pablo Ladislao González Casavantes,10 de junio de 1911 - 4 de octubre de 1911,
Chihuahua,José Abraham Pablo Ladislao González Casavantes,4 de octubre de 1911 - 31 de octubre de 1911,
Chihuahua,Aureliano S. González Álvarez,31 de octubre de 1911 - 13 de febrero de 1912,
Chihuahua,José Abraham Pablo Ladislao González Casavantes,13 de febrero de 1912 - 6 de marzo de 1912,
Chihuahua,Felipe R. Gutiérrez Quintana,6 de marzo de 1912 - 7 de julio de 1912,
Chihuahua,José Abraham Pablo Ladislao González Casavantes,7 de julio de 1912 - 23 de febrero de 1913,
Chihuahua,Antonio Rábago Maldonado,23 de febrero de 1913 - 30 de mayo de 1913,Militar
Chihuahua,Roberto Salvador Mercado Castillo,30 de mayo de 1913 - 8 de diciembre de 1913,Militar
Chihuahua,"José Doroteo Arango Arámbula ""Francisco Villa""",8 de diciembre de 1913 - 7 de enero de 1914,Militar
Chihuahua,Manuel Chao Rovira,8 de enero de 1914 - 12 de mayo de 1914,Militar
Chihuahua,Silvestre Terrazas Enríquez,13 de mayo de 1914 - 20 de mayo de 1914,
Chihuahua,Fidel Ávila Chacón,20 de mayo de 1914 - 7 de octubre de 1914,Militar
Chihuahua,Silvestre Terrazas Enríquez,7 de octubre de 1914 - 13 de noviembre de 1914,
Chihuahua,Fidel Ávila Chacón,13 de noviembre de 1914 - 28 de noviembre de 1915,Militar
Chihuahua,Silvestre Terrazas Enríquez,28 de noviembre de 1915 - 11 de diciembre de 1915,
Chihuahua,Fidel Ávila Chacón,11 de diciembre de 1915 - 22 de diciembre de 1915,Militar
Chihuahua,Ignacio Ceferino Enríquez Siqueiros,23 de diciembre de 1915 - 11 de mayo de 1916,Militar
Chihuahua,Francisco Luis Treviño González,12 de mayo de 1916 - 5 de diciembre de 1916,Militar
Chihuahua,Arnulfo González Medina,5 de diciembre de 1916 - 2 de abril de 1917,Militar
Chihuahua,Enrique Alcalá,2 de abril de 1917 - 9 de mayo de 1917,
Chihuahua,Arnulfo González Medina,9 de mayo de 1917 - 26 de febrero de 1918,Militar
Chihuahua,Manuel Herrera Marmolejo,26 de febrero de 1918 - 30 de abril de 1918,
Chihuahua,Arnulfo González Medina,30 de abril de 1918 - 3 de julio de 1918,Militar
Chihuahua,Ignacio Ceferino Enríquez Siqueiros,3 de julio de 1918 - 8 de octubre de 1918,Militar
Chihuahua,Ramón Gómez y Salas,8 de octubre de 1918 - 28 de octubre de 1918,
Chihuahua,Ignacio Ceferino Enríquez Siqueiros,28 de octubre de 1918 - 14 de noviembre de 1918,Militar
Chihuahua,Andrés Ortiz Arriola,15 de noviembre de 1918 - 24 de febrero de 1919,
Chihuahua,Melquiades Angulo Gallardo,24 de febrero de 1919 - 28 de marzo de 1919,
Chihuahua,Andrés Ortiz Arriola,28 de marzo de 1919 - 29 de julio de 1919,
Chihuahua,Melquiades Angulo Gallardo,29 de julio de 1919 - 10 de agosto de 1919,
Chihuahua,Andrés Ortiz Arriola,10 de agosto de 1919 - 23 de septiembre de 1919,
Chihuahua,Melquiades Angulo Gallardo,23 de septiembre de 1919 - 25 de octubre de 1919,
Chihuahua,Andrés Ortiz Arriola,25 de octubre de 1919 - 8 de enero de 1920,
Chihuahua,Melquiades Angulo Gallardo,8 de enero de 1920 - 31 de enero de 1920,
Chihuahua,Andrés Ortiz Arriola,31 de enero de 1920 - 29 de febrero de 1920,
Chihuahua,Melquiades Angulo Gallardo,29 de febrero de 1920 - 13 de marzo de 1920,
Chihuahua,José Emilio Salinas Balmaceda,13 de marzo de 1920 - 26 de abril de 1920,Militar
Chihuahua,Alfonso Gómez Luna,29 de abril de 1920 - 8 de mayo de 1920,
Chihuahua,Abel S. Rodríguez,8 de mayo de 1920 - 19 de mayo de 1920,
Chihuahua,Tomás Gameros Ronquillo,19 de mayo de 1920 - 14 de junio de 1920,
Chihuahua,Abel S. Rodríguez,14 de junio de 1920 - 3 de octubre de 1920,
Chihuahua,Ignacio Ceferino Enríquez Siqueiros,4 de octubre de 1920 - 26 de noviembre de 1920,
Chihuahua,Abel S. Rodríguez,26 de noviembre de 1920 - 31 de diciembre de 1920,
Chihuahua,Ignacio Ceferino Enríquez Siqueiros,31 de diciembre de 1920 - 15 de enero de 2021,Militar
Chihuahua,Efrén Valdez,15 de enero de 1921 - 25 de enero de 1921,
Chihuahua,Ignacio Ceferino Enríquez Siqueiros,25 de enero de 1921 - 20 de julio de 1921,Militar
Chihuahua,Rómulo Alvelais Benavides,20 de julio de 1921 - 11 de agosto de 1921,
Chihuahua,Ignacio Ceferino Enríquez Siqueiros,11 de agosto de 1921 - 2 de diciembre a1921,Militar
Chihuahua,Pedro S. Olivas,2 de diciembre de 1921 - 16 de diciembre de 1921,
Chihuahua,Ignacio Ceferino Enríquez Siqueiros,16 de diciembre de 1921 - 22 de marzo de 1922,Militar
Chihuahua,Rómulo Alvelais,22 de marzo de 1922 - 11 de abril de 1922,
Chihuahua,Ignacio Ceferino Enríquez Siqueiros,11 de abril de 1922 - 27 de agosto de 1922,Militar
Chihuahua,Rómulo Alvelais,27 de agosto de 1922 - 24 de septiembre de 1922,
Chihuahua,Ignacio Ceferino Enríquez Siqueiros,24 de septiembre de 1922 - 22 de marzo de 1923,Militar
Chihuahua,Rómulo Alvelais,22 de marzo de 1923 - 11 de abril de 1923,
Chihuahua,José Acosta Rivera,11 de abril de 1923 - 10 de mayo de 1923,
Chihuahua,Ignacio Ceferino Enríquez Siqueiros,10 de mayo de 1923 - 23 de mayo de 1923,Militar
Chihuahua,José Acosta Rivera,23 de mayo de 1923 - 1 de junio de 1923,
Chihuahua,Ignacio Ceferino Enríquez Siqueiros,1 de junio de 1923 - 23 de octubre de 1923,Militar
Chihuahua,Rómulo Alvelais,23 de octubre de 1923 - 12 de diciembre de 1923,
Chihuahua,Ignacio Ceferino Enríquez Siqueiros,12 de diciembre de 1923 - 22 de diciembre de 1923,Militar
Chihuahua,Reinaldo Talavera,22 de diciembre de 1923 - 22 de marzo de 1924,
Chihuahua,Ignacio Ceferino Enríquez Siqueiros,22 de marzo de 1924 - 5 de abril de 1924,Militar
Chihuahua,Reinaldo Talavera,5 de abril de 1924 - 6 de junio de 1924,
Chihuahua,Vicente N. Mendoza,6 de junio de 1924 - 11 de junio de 1924,
Chihuahua,Reinaldo Talavera,11 de junio de 1924 - 3 de octubre de 1924,
Chihuahua,Jesús Antonio Almeida Fierro,4 de octubre de 1924 - 21 de noviembre de 1924,Militar
Chihuahua,Vicente N. Mendoza,21 de noviembre de 1924 - 20 de diciembre de 1924,
Chihuahua,Jesús Antonio Almeida Fierro,20 de diciembre de 1924 - 1 de junio de 1925,Militar
Chihuahua,Vicente N. Mendoza,1 de junio de 1925 - 9 de julio de 1925,
Chihuahua,Jesús Antonio Almeida Fierro,9 de julio de 1925 - 4 de octubre de 1925,Militar
Chihuahua,Jorge M. Cárdenas Amaya,4 de octubre de 1925 - 3 de noviembre de 1925,
Chihuahua,Jesús Antonio Almeida Fierro,3 de noviembre de 1925 - 31 de octubre de 1926,Militar
Chihuahua,Mariano Guillén,31 de octubre de 1926 - 27 de noviembre de 1926,
Chihuahua,Jesús Antonio Almeida Fierro,27 de noviembre de 1926 - 15 de abril de 1927,Militar
Chihuahua,Manuel Mascareñas,15 de abril de 1927 - 8 de mayo de 1927,
Chihuahua,Fernando Orozco,8 de mayo de 1927 - 18 de mayo de 1927,
Chihuahua,Fernando Orozco,18 de mayo de 1927 - 3 de octubre de 1928,
Chihuahua,Marcelo Caraveo Frías,4 de octubre de 1928 - 13 de abril de 1929,Militar
Chihuahua,Luis Laureano León Uranga,13 de abril de 1929 - 3 de julio de 1929,Partido Nacional Revolucionario
Chihuahua,Francisco R. Almada,3 de julio de 1929 - 9 de noviembre de 1929,Partido Nacional Revolucionario
Chihuahua,Luis Laureano León Uranga,9 de noviembre de 1929 - 6 de diciembre de 1929,Partido Nacional Revolucionario
Chihuahua,Francisco R. Almada,6 de diciembre de 1929 - 22 de abril de 1930,Partido Nacional Revolucionario
Chihuahua,Francisco R. Almada,22 de abril de 1930 - 15 de julio de 1930,Partido Nacional Revolucionario
Chihuahua,Rómulo Escobar Zerman,15 de julio de 1930 - 14 de agosto de 1930,Partido Nacional Revolucionario
Chihuahua,Francisco R. Almada,14 de agosto de 1930 - 8 de septiembre de 1930,Partido Nacional Revolucionario
Chihuahua,Andrés Ortiz Arriola,8 de septiembre de 1930 - 10 de octubre de 1930,Partido Nacional Revolucionario
Chihuahua,Pascual García,10 de octubre de 1930 - 24 de octubre de 1930,Partido Nacional Revolucionario
Chihuahua,Andrés Ortiz Arriola,24 de octubre de 1930 - 10 de diciembre de 1930,Partido Nacional Revolucionario
Chihuahua,Pascual García,10 de diciembre de 1930 - 20 de diciembre de 1930,Partido Nacional Revolucionario
Chihuahua,Andrés Ortiz Arriola,20 de diciembre de 1930 - 1 de abril de 1931,Partido Nacional Revolucionario
Chihuahua,Pascual García,1 de abril de 1931 - 20 de abril de 1931,Partido Nacional Revolucionario
Chihuahua,Andrés Ortiz Arriola,20 de abril de 1931 - 23 de julio de 1931,Partido Nacional Revolucionario
Chihuahua,Pascual García,23 de julio de 1931 - 20 de agosto de 1931,Partido Nacional Revolucionario
Chihuahua,Andrés Ortiz Arriola,20 de agosto de 1931 - 24 de septiembre de 1931,Partido Nacional Revolucionario
Chihuahua,Pascual García,24 de septiembre de 1931 - 14 de octubre de 1931,Partido Nacional Revolucionario
Chihuahua,Andrés Ortiz Arriola,14 de octubre de 1931 - 26 de octubre de 1931,Partido Nacional Revolucionario
Chihuahua,Pascual García,26 de octubre de 1931 - 1 de noviembre de 1931,Partido Nacional Revolucionario
Chihuahua,Roberto Fierro Villalobos,2 de noviembre de 1931 - 28 de febrero de 1932,Partido Nacional Revolucionario
Chihuahua,Eduardo Salido,28 de febrero de 1932 - 5 de febrero de 1932,Partido Nacional Revolucionario
Chihuahua,Roberto Fierro Villalobos,5 de febrero de 1932 - 4 de julio de 1932,Partido Nacional Revolucionario
Chihuahua,Eduardo Salido,4 de julio de 1932 - 3 de octubre de 1932,Partido Nacional Revolucionario
Chihuahua,Rodrigo M. Quevedo Moreno,4 de octubre de 1932 - 3 de octubre de 1936,Partido Nacional Revolucionario
Chihuahua,Gustavo Lorenzo Talamantes Esparza,4 de octubre de 1936 - 3 de octubre de 1940,Partido Nacional Revolucionario
Chihuahua,Alfredo Chávez Amparán,4 de octubre de 1940 - 3 de octubre de 1944,Partido Revolucionario Independiente de Chihuahua
Chihuahua,Fernando Isidoro Foglio Miramontes,4 de octubre de 1944 - 3 de octubre de 1950,Partido de la Revolución Mexicana
Chihuahua,Óscar Soto Maynez,4 de octubre de 1950 - 9 de agosto de 1955,Partido Revolucionario Institucional
Chihuahua,Jesús Lozoya Solís,10 de agosto de 1955 - 3 de octubre de 1956,Partido Revolucionario Institucional
Chihuahua,Teófilo Roberto Borunda Ortiz,4 de octubre de 1956 - 3 de octubre de 1962,Partido Revolucionario Institucional
Chihuahua,Práxedes Giner Durán,4 de octubre de 1962 - 3 de octubre de 1968,Partido Revolucionario Institucional
Chihuahua,Óscar Flores Sánchez Pareja,4 de octubre de 1968 - 3 de octubre de 1974,Partido Revolucionario Institucional
Chihuahua,Manuel Bernardo Aguirre Samaniego,4 de octubre de 1974 - 3 de octubre de 1980,Partido Revolucionario Institucional
Chihuahua,Óscar Ornelas Küchle,4 de octubre de 1980 - 19 de septiembre de 1985,Partido Revolucionario Institucional
Chihuahua,Saúl González Herrera,19 de septiembre de 1985 - 3 de octubre de 1986,Partido Revolucionario Institucional
Chihuahua,Fernando Baeza Meléndez,4 de octubre de 1986 - 3 de octubre de 1992,Partido Revolucionario Institucional
Chihuahua,Francisco Javier Barrio Terrazas,4 de octubre de 1992 - 3 de octubre de 1998,Partido Acción Nacional
Chihuahua,Patricio Martínez García,4 de octubre de 1998 - 3 de octubre de 2004,Partido Revolucionario Institucional
Chihuahua,Víctor Emilio Achondo Paredes,22 de enero de 2001 - 20 de marzo de 2001,Partido Revolucionario Institucional
Chihuahua,Patricio Martínez García,20 de marzo de 2001 - 3 de octubre de 2004,Partido Revolucionario Institucional
Chihuahua,José Reyes Baeza Terrazas,4 de octubre de 2004 - 3 de octubre de 2010,Partido Revolucionario Institucional
Chihuahua,César Horacio Duarte Jáquez,4 de octubre de 2010 - 3 de octubre de 2016,Partido Revolucionario Institucional
Chihuahua,Javier Corral Jurado,4 de octubre de 2016 - 7 de septiembre de 2021,Partido Acción Nacional
Chihuahua,María Eugenia Campos Galván,Desde el 8 de septiembre de 2021,Partido Acción Nacional
Coahuila,Alonso de León,1687–1691,
Coahuila,Diego Ramón,1691,
Coahuila,Domingo de Terán de los Ríos,1691–1692,
Coahuila,Gregorio de Salinas Varona,1692–1698,
Coahuila,Francisco Cuervo y Valdés,1698–1703,
Coahuila,Matías de Aguirre,1703–1705,
Coahuila,Martín de Alarcón (1.ª vez como gobernador),1705–1708,
Coahuila,Simón de Padilla y Córdova,1708–1714,
Coahuila,Pedro Fermín de Echevers y Subisa,1714,
Coahuila,Juan de Valdez,1714–1716,
Coahuila,José Antonio de Eca y Múzquiz,1716–1717,
Coahuila,Martín de Alarcón (2.ª vez como gobernador),1717–1719,
Coahuila,José Azlor y Virto de Vera,1719–1722,
Coahuila,Blas de la Garza Falcón (1.ª vez como gobernador),1722–1729,
Coahuila,Manuel de Sandoval,1729–1733,
Coahuila,Blas de la Garza Falcón (2.ª vez como gobernador),1733–1735,
Coahuila,Clemente de la Garza Falcón,1735–1739,
Coahuila,Juan García Pruneda,1739–1744,
Coahuila,Pedro de Rábago y Terán,1744–1754,
Coahuila,Manuel Antonio Bustillos y Ceballos,1754–1756,
Coahuila,Miguel de Sesman y Escudero,1756–1757,
Coahuila,Ángel Martos y Navarrette,1757–1759,
Coahuila,Jacinto de Barríos y Jáguregui (1.ª vez como gobernador),1759–1762,
Coahuila,Lorenzo Cancio Sierra y Cienfuegos,1762–1764,
Coahuila,Diego Ortiz Parrilla,1764–1765,
Coahuila,Jacinto de Barríos y Jáguregui (2.ª vez como gobernador),1765–1768,
Coahuila,José Costilla y Terán,1768–1769,
Coahuila,Jacobo de Ugarte y Loyola,1769–1777,
Coahuila,Juan de Ugalde,1777–1783,
Coahuila,Pedro Fueros,1783–1788,
Coahuila,Juan Gutiérrez de la Cueva (1.ª vez como gobernador),1788–1790,
Coahuila,Miguel José de Emparán,1790–1795,
Coahuila,Juan Gutiérrez de la Cueva (2.ª vez como gobernador),1795–1797,
Coahuila,Antonio Cordero y Bustamante (1.ª vez como gobernador),1797–1805,
Coahuila,José Joaquín de Ugarte,1805–1809,
Coahuila,Antonio Cordero y Bustamante (2.ª vez como gobernador),1809–1817,
Coahuila,Antonio García de Tejada,1817–1818,
Coahuila,José Franco,1818–1819,
Coahuila,Manuel Pardo,1819–1820,
Coahuila,Antonio Elosúa,1820–1822,
Coahuila,Rafael Gonzáles,15 de agosto de 1824 –15 de marzo de 1826,
Coahuila,José Ignacio de Arizpe,15 de marzo de 1826 –30 de mayo de 1826,
Coahuila,Víctor Blanco de Rivera,30 de mayo de 1826 –29 de enero de 1827,
Coahuila,José Ignacio de Arizpe,29 de enero de 1827 – 1 de agosto de 1827,
Coahuila,José María Viesca y Montes,1 de agosto de 1827 – 17 de agosto de 1827,
Coahuila,Víctor Blanco de Rivera,17 de agosto de 1827 – 14 de septiembre de 1827,
Coahuila,José María Viesca y Montes,14 de septiembre de 1827 – 1 de octubre de 1830,
Coahuila,José Rafael Eça y Múzquiz,1 de octubre de 1830 – 5 de enero de 1831,
Coahuila,José María Viesca y Montes,5 de enero de 1831 – 4 de abril de 1831,
Coahuila,José María de Letona,4 de abril de 1831 – 28 de abril de 1831,
Coahuila,José Rafael Eça y Múzquiz,28 de abril de 1831 – 10 de mayo de 1831,
Coahuila,José María de Letona,10 de mayo de 1831 – 28 de septiembre de 1832,
Coahuila,José Rafael Eça y Múzquiz,28 de septiembre de 1832 – 23 de diciembre de 1832,
Coahuila,Juan Martín de Veramendi,23 de diciembre de 1832 – 7 de septiembre de 1833,
Coahuila,Francisco Vidaurri y Villaseñor,8 de enero de 1834 – 23 de julio de 1834,
Coahuila,Juan José Elguézabal,23 de julio de 1834 – 12 de marzo de 1835,
Coahuila,José María Cantú,12 de marzo de 1835 – 24 de marzo de 1835,
Coahuila,José Rafael Eça y Múzquiz,24 de marzo de 1835 – 26 de marzo de 1835,
Coahuila,Marcial Borrego,27 de marzo de 1835 – 15 de abril de 1835,
Coahuila,Agustín Viesca y Montes,15 de abril de 1835 – 15 de junio de 1835,
Coahuila,Ramón Músquiz,15 de junio de 1835 – 18 de julio de 1835,
Coahuila,José Miguel Falcón,18 de julio de 1835 – 13 de agosto de 1835,
Coahuila,Bartolomé de Cárdenas,13 de agosto de 1835 – 15 de agosto de 1835,
Coahuila,José Rafael Eça y Múzquiz,15 de agosto de 1835 – 2 de octubre de 1835,
Coahuila,José Rafael Eça y Múzquiz,30 de diciembre de 1836 - 11 de marzo de 1837,
Coahuila,Francisco García Conde,11 de marzo de 1837 - 3 de abril de 1839,
Coahuila,Isidro Reyes,3 de abril de 1839 - 5 de enero de 1841,
Coahuila,José Ignacio de Arizpe,5 de enero de 1841 - 5 de enero de 1842,
Coahuila,Francisco Mejía,5 de enero de 1842 - 22 de marzo de 1843,
Coahuila,José Juan Sánchez Estrada,22 de marzo de 1843 - 24 de abril de 1843,
Coahuila,José Antonio Vizcayno,27 de abril de 1843 - 15 de mayo de 1844,
Coahuila,Francisco Mejía,15 de mayo de 1844 - 3 de enero de 1845,
Coahuila,Santiago Rodríguez del Bosque,3 de enero de 1845 - 15 de enero de 1846,
Coahuila,Rafael Vásquez,16 de enero de 1846 - 22 de agosto de 1846,
Coahuila,Rafael Vásquez,22 de agosto de 1846 - 16 de septiembre de 1846,
Coahuila,José María de Aguirre González,16 de septiembre de 1846 - 17 de octubre de 1846,
Coahuila,Santiago Rodríguez del Bosque,17 de octubre de 1846 - 26 de octubre de 1846,
Coahuila,José María de Aguirre González,26 de octubre de 1846 - 30 de junio de 1847,
Coahuila,Eduardo González Laso,8 de agosto de 1848 - 28 de febrero de 1849,
Coahuila,Santiago Rodríguez del Bosque,1 de marzo de 1849 - 25 de septiembre de 1850,
Coahuila,Juan Vicente Campos,25 de septiembre de 1850 - 29 de septiembre de 1850,
Coahuila,José María de Aguirre González,30 de septiembre de 1850 - 22 de octubre de 1850,
Coahuila,Rafael de la Fuente Berlanga,22 de octubre de 1850 - 3 de septiembre de 1851,
Coahuila,Santiago Rodríguez del Bosque,4 de septiembre de 1851 - 1 de octubre de 1853,
Coahuila,Jerónimo Cardona,1 de octubre de 1853 - 31 de octubre de 1853,
Coahuila,Santiago Rodríguez del Bosque,31 de octubre de 1853 - 1 de marzo de 1854,
Coahuila,Jerónimo Cardona,1 de marzo de 1854 - 31 de mayo de 1854,
Coahuila,Santiago Rodríguez del Bosque,31 de mayo de 1854 - 19 de febrero de 1856,
Coahuila,Santiago Vidaurri,19 de febrero de 1856 - 13 de diciembre de 1856,
Coahuila,Juan N. de la Garza y Evia,13 de diciembre de 1856 - 17 de agosto de 1857,
Coahuila,Santiago Vidaurri,17 de agosto de 1857 - 28 de julio de 1858,
Coahuila,Domingo Martínez,28 de julio de 1858 - 17 de octubre de 1858,
Coahuila,Santiago Vidaurri,17 de octubre de 1858 - 25 de septiembre de 1859,
Coahuila,José Silvestre Aramberri,25 de septiembre de 1859 - 5 de diciembre de 1859,
Coahuila,Domingo Martínez,5 de diciembre de 1859 - 11 de abril de 1860,
Coahuila,Santiago Vidaurri,11 de abril de 1860 - 5 de agosto de 1862,
Coahuila,Domingo Martínez,5 de agosto de 1862 - 12 de noviembre de 1862,
Coahuila,Santiago Vidaurri,12 de noviembre de 1862 - 26 de febrero de 1864,
Coahuila,Andrés S. Viesca,1 de marzo de 1864 – 30 de abril de 1864,Militar
Coahuila,Miguel Gómez Cárdenas,6 de mayo de 1864 – 30 de mayo de 1864,
Coahuila,Manuel Quesada,1 de junio de 1864 – 9 de junio de 1864,
Coahuila,Juan Antonio de la Fuente,9 de junio de 1864 – 5 de octubre de 1864,
Coahuila,Gregorio Galindo Flores,5 de octubre de 1864 – 7 de abril de 1865,
Coahuila,Andrés S. Viesca Bagües,7 de abril de 1865 – 21 de febrero de 1867,Militar
Coahuila,Juan Antonio de la Fuente,21 de febrero de 1867 – 16 de marzo de 1867,
Coahuila,Andrés S. Viesca Bagües,17 de marzo de 1867 – 27 de agosto de 1867,Militar
Coahuila,Antonio Valdés Carrillo,27 de agosto de 1867 – 6 de septiembre de 1867,
Coahuila,Andrés S. Viesca Bagües,2 de septiembre de 1867 – 15 de diciembre de 1867,Militar
Coahuila,Victoriano Cepeda,15 de diciembre de 1867 – 6 de marzo de 1869,
Coahuila,Juan N. Arizpe Cárdenas,6 de marzo de 1869 – 10 de junio de 1869,
Coahuila,Victoriano Cepeda,10 de junio de 1869 – 10 de febrero de 1870,
Coahuila,Melchor Lobo Rodríguez,11 de febrero de 1870 – 2 de junio de 1870,
Coahuila,Victoriano Cepeda,3 de junio de 1870 – 27 de septiembre de 1871,
Coahuila,Francisco de la Peña Fuentes,27 de septiembre de 1871 – 4 de noviembre de 1871,
Coahuila,Victoriano Cepeda,4 de noviembre de 1871 – 5 de diciembre de 1871,
Coahuila,Hipólito Charles,5 de diciembre de 1871 – 17 de julio de 1872,
Coahuila,Ismael Salas,17 de julio de 1872 – 5 de agosto de 1872,
Coahuila,Antonio de Jesús García Carrillo,1 de enero de 1872,
Coahuila,Victoriano Cepeda,5 de agosto de 1872 – 11 de septiembre de 1872,
Coahuila,Miguel Palacios,11 de septiembre de 1872,
Coahuila,Juan N. Arizpe Cárdenas,11 de septiembre de 1872 – 4 de octubre de 1872,
Coahuila,Jesús Valdés Mejía,1 de octubre de 1872 – 1 de noviembre de 1872,
Coahuila,Victoriano Cepeda,1 de noviembre de 1872 – 2 de enero de 1873,
Coahuila,Jesús Valdés Mejía,2 de enero de 1873 – 18 de enero de 1873,
Coahuila,Victoriano Cepeda,18 de enero de 1873 – 30 de diciembre de 1873,
Coahuila,Carlos Fuero,31 de diciembre de 1873 – 5 de junio de 1874,
Coahuila,Ismael Salas,5 de junio de 1874 – 17 de junio de 1874,
Coahuila,Antonio de Jesús García Carrill,17 de junio de 1874 – 24 de agosto de 1876,
Coahuila,Blas Rodríguez Farías,25 de agosto de 1876 – 4 de diciembre de 1876,
Coahuila,Hipólito Charles,4 de diciembre de 1876 – 8 de octubre de 1877,
Coahuila,Melchor Lobo Rodríguez,8 de octubre de 1877 – 27 de diciembre de 1877,
Coahuila,Hipólito Charles,31 de diciembre de 1877 – 4 de diciembre de 1879,
Coahuila,Jesús Valdés Mejía,4 de diciembre de 1879 – 4 de marzo de 1880,
Coahuila,Hipólito Charles,4 de marzo de 1880 – 4 de diciembre de 1880,
Coahuila,Encarnación Dávila Peña,4 de diciembre de 1880 – 15 de diciembre de 1880,
Coahuila,Evaristo Madero Elizondo,15 de diciembre de 1880 – 1 de mayo de 1884,
Coahuila,Antonio V. Hernández Benavides,13 de diciembre de 1882 – 13 de mayo de 1883,
Coahuila,Encarnación Dávila Peña,29 de octubre de 1883 – 31 de diciembre de 1883,
Coahuila,Blas Rodríguez Farías,31 de diciembre de 1883 – 1 de marzo de 1884,
Coahuila,Francisco de Paula Ramos,1 de mayo de 1884 – 29 de agosto de 1884,
Coahuila,Praxedis de la Peña García,29 de agosto de 1884 – 20 de noviembre de 1884,
Coahuila,Telésforo Fuentes,20 de noviembre de 1884 – 15 de diciembre de 1884,
Coahuila,Julio María Cervantes Aranda,15 de diciembre de 1884 – 15 de febrero de 1886,
Coahuila,José María Garza Galán,15 de febrero de 1886 – 15 de diciembre de 1889,
Coahuila,Jesús de Valle,1888,
Coahuila,José María Garza Galán,1893,
Coahuila,José María Múzquiz,1893–1894,
Coahuila,Miguel Cárdenas,1894–1909,
Coahuila,Jesús de Valle,1909–1911,
Coahuila,Venustiano Carranza,29 de mayo de 1911 - 1 de agosto de 1911,
Coahuila,Reginaldo Cepeda,1 de agosto de 1911 - 22 de noviembre de 1911,
Coahuila,Venustiano Carranza,22 de noviembre de 1911 - 7 de marzo de 1913,
Coahuila,Manuel M. Blázquez,8 de marzo de 1913 - 19 de marzo de 1913,
Coahuila,Ignacio Alcocer Ramírez,20 de octubre de 1913 - 1 de noviembre de 1913,
Coahuila,Joaquín Maas Águila,1 de noviembre de 1913 - 18 de noviembre de 1913,
Coahuila,José Refugio Velasco,18 de noviembre de 1913 - 21 de noviembre de 1913,
Coahuila,Praxédis de la Peña García,21 de noviembre de 1913 - 2 de febrero de 1914,
Coahuila,Joaquín Maas Águila,2 de febrero de 1914 - 4 de mayo de 1914,
Coahuila,José Isabel Robles Miramontes,20 de mayo de 1914 - 24 de mayo de 1914,
Coahuila,Jesús Acuña Narro,24 de mayo de 1914 - 6 de enero de 1915,
Coahuila,Felipe Ángeles Ramírez,6 de enero de 1915 - 12 de enero de 1915,
Coahuila,Santiago Ramírez García,12 de enero de 1915 - 16 de mayo de 1915,
Coahuila,Luis Gutiérrez Ortiz,17 de mayo de 1915 - 14 de junio de 1915,
Coahuila,Raúl Madero González,15 de junio de 1915 - 20 de junio de 1915,
Coahuila,Orestes Pereyra Cornejo,20 de junio de 1915 - 4 de septiembre de 1915,
Coahuila,Adolfo Huerta Vargas,4 de septiembre de 1915 - 6 de septiembre de 1915,
Coahuila,Gustavo Espinoza Mireles,6 de septiembre de 1915 - 7 de abril de 1917,
Coahuila,Bruno Neira González,7 de abril de 1917 - 20 de agosto de 1917,
Coahuila,Alfredo Breceda Mercado,20 de agosto de 1917 - 15 de diciembre de 1917,Partido Liberal Constitucionalista
Coahuila,Gustavo Espinoza Mireles (1891-1939),15 de diciembre de 1917 - 26 de mayo de 1920,Partido Liberal Constitucionalista
Coahuila,Luis Gutiérrez Ortiz (1869-1936),27 de mayo de 1920 - 30 de noviembre de 1921,Partido Laborista Mexicano
Coahuila,Arnulfo González Medina (1886-1962),1 de diciembre de 1921 - 31 de octubre de 1923,Partido Laborista Mexicano
Coahuila,Carlos Garza Castro (1884-1956),31 de octubre de 1923 - 30 de noviembre de 1925,Partido Laborista Mexicano
Coahuila,Manuel Pérez Treviño (1890-1945),1 de diciembre de 1925 - 11 de abril de 1928,Partido Laborista Mexicano
Coahuila,Bruno Neira González (1880-1945),11 de abril de 1928 - 30 de noviembre de 1929,Partido Laborista Mexicano
Coahuila,Nazario S. Ortiz Garza (1893-1991),1 de diciembre de 1929 - 30 de noviembre de 1933,Partido Nacional Revolucionario
Coahuila,Jesús Valdés Sánchez (1872-1959),1 de diciembre de 1933 - 30 de noviembre de 1937,Partido Nacional Revolucionario
Coahuila,Pedro Rodríguez Triana (1890-1960),1 de diciembre de 1937 - 15 de noviembre de 1941,Partido Nacional Revolucionario
Coahuila,Gabriel Cervera Riza (1885-1958),15 de noviembre de 1941 - 30 de noviembre de 1941,Partido de la Revolución Mexicana
Coahuila,Benecio López Padilla (1888-1969),1 de diciembre de 1941 - 30 de noviembre de 1945,Partido de la Revolución Mexicana
Coahuila,Ignacio Cepeda Dávila (1904-1947),1 de diciembre de 1945 - 22 de julio de 1947,Partido de la Revolución Mexicana
Coahuila,Ricardo Ainsle Rivera (1894-1969),27 de julio de 1947 - 29 de febrero de 1948,Partido Revolucionario Institucional
Coahuila,Páz Faz Riza (1893-1972),1 de marzo de 1948 - 6 de junio de 1948,Partido Revolucionario Institucional
Coahuila,Raúl López Sánchez (1904-1957),6 de junio de 1948 - 30 de noviembre de 1951,Partido Revolucionario Institucional
Coahuila,Román Cepeda Flores (1907-1970),1 de diciembre de 1951 - 30 de noviembre de 1957,Partido Revolucionario Institucional
Coahuila,Raúl Madero González (1888-1982),1 de diciembre de 1957 - 30 de noviembre de 1963,Partido Revolucionario Institucional
Coahuila,Braulio Fernández Aguirre (1912-2013),1 de diciembre de 1963 - 30 de noviembre de 1969,Partido Revolucionario Institucional
Coahuila,Eulalio Gutiérrez Treviño (1916-1977),1 de diciembre de 1969 - 30 de noviembre de 1975,Partido Revolucionario Institucional
Coahuila,Oscar Flores Tapia (1913-1998),1 de diciembre de 1975 - 10 de agosto de 1981,Partido Revolucionario Institucional
Coahuila,Francisco José Madero González (1930-2013),11 de agosto de 1981 - 30 de noviembre de 1981,Partido Revolucionario Institucional
Coahuila,José de las Fuentes Rodríguez (1920-2011),1 de diciembre de 1981 - 30 de noviembre de 1987,Partido Revolucionario Institucional
Coahuila,Eliseo Mendoza Berrueto (1931-2022),1 de diciembre de 1987 - 30 de noviembre de 1993,Partido Revolucionario Institucional
Coahuila,Enrique Martínez y Martínez (1948),1 de diciembre de 1999 - 30 de noviembre de 2005,Partido Revolucionario Institucional
Coahuila,Humberto Moreira Valdez (1966),1 de diciembre de 2005 - 4 de enero de 2011,Partido Revolucionario Institucional
Coahuila,Jorge Torres López (1954),4 de enero de 2011 - 30 de noviembre de 2011,Partido Revolucionario Institucional
Coahuila,Rubén Moreira Valdez (1963),1 de diciembre de 2011 - 30 de noviembre de 2017,Partido Revolucionario Institucional
Coahuila,Miguel Riquelme Solís (1970),1 de diciembre de 2017 - 30 de noviembre de 2023,Partido Revolucionario Institucional
Coahuila,Manolo Jiménez Salinas (1984),Desde el 1 de diciembre de 2023,Partido Revolucionario Institucional
Colima,Manuel Álvarez Zamora,19 de julio de 1857 - 26 de agosto de 1857,Militar
Colima,José Washington de Velasco,26 de agosto de 1857 - 7 de septiembre de 1857,
Colima,José Silverio Núñez,7 de septiembre de 1857 - 6 de enero de 1858,Militar
Colima,Ricardo Palacio,6 de enero de 1858 - 7 de agosto de 1859,Militar
Colima,Miguel Contreras Medellín,7 de agosto de 1859 - 21 de abril de 1860,Militar
Colima,Juan Manuel Salazar,21 de abril de 1860 - 28 de mayo de 1860,
Colima,Jerónimo Calatayud,28 de mayo de 1860 - 29 de agosto de 1859,Militar
Colima,Miguel Contreras Medellín,29 de agosto de 1859 - 2 de diciembre de 1861,Militar
Colima,Urbano Gómez,2 de diciembre de 1861 - 16 de febrero de 1862,Militar
Colima,Salvador Brihuega,16 de febrero de 1862 - 5 de abril de 1862,
Colima,Manuel F. Toro,5 de abril de 1862 - 16 de mayo de 1862,
Colima,Florencio Villarreal,16 de mayo de 1862 - 16 de julio de 1862,Militar
Colima,Manuel F. Toro,16 de julio de 1862 - 7 de octubre de 1862,
Colima,Julio García,7 de octubre de 1862 - 25 de noviembre de 1862,Militar
Colima,Ramón R. de la Vega,25 de noviembre de 1862 - 7 de febrero de 1863,Militar
Colima,Julio García,7 de febrero de 1863 - 6 de abril de 1864,Militar
Colima,Atenógenes Andrade,6 de abril de 1864 - mayo de 1864,
Colima,Julio García,Mayo de 1864 - 2 de noviembre de 1864,Militar
Colima,Leonardo Márquez,2 de noviembre de 1864 - 4 de noviembre de 1864,
Colima,Ramón R. de la Vega,2 de febrero de 1867 - 11 de septiembre de 1867,
Colima,Francisco Javier Cueva,11 de septiembre de 1867 - 12 de septiembre de 1871,
Colima,Francisco Santa Cruz,12 de septiembre de 1871 - 15 de febrero de 1873,
Colima,Filomeno Bravo,15 de febrero de 1873 - 13 de julio de 1877,Militar
Colima,Doroteo López,31 de julio de 1877 - 16 de junio de 1880,Militar
Colima,Pedro A. Galván,17 de junio de 1880 - 21 de septiembre de 1880,
Colima,Francisco Santa Cruz,21 de septiembre de 1880 - 16 de septiembre de 1883,
Colima,Miguel de la Madrid Guerrero,16 de septiembre de 1883 - 1 de noviembre de 1883,
Colima,Esteban García de Alba,1 de noviembre de 1883 - 31 de octubre de 1887,
Colima,Gildardo Gómez Campero,1 de noviembre de 1887 - 29 de noviembre de 1893,
Colima,Francisco Santa Cruz,29 de noviembre de 1893 - 20 de noviembre de 1897,
Colima,Carlos Meillón,20 de noviembre de 1897 - 31 de octubre de 1899,
Colima,Francisco Santa Cruz,1 de noviembre de 1899 - 8 de mayo de 1902,
Colima,Enrique O. de la Madrid,8 de mayo de 1902 - 19 de mayo de 1911,
Colima,Miguel García Topete,20 de mayo de 1911 - 31 de octubre de 1911,Partido Nacional Antirreeleccionista
Colima,José Trinidad Alamillo,1 de noviembre de 1911 - 7 de abril de 1913,
Colima,Vidal Fernández,7 de abril de 1913 - 16 de marzo de 1913,
Colima,Roberto F. Barney,16 de marzo de 1913 - 10 de abril de 1913,
Colima,Miguel M. Morales,10 de abril de 1913 - 11 de abril de 1913,
Colima,Julián Jaramillo,11 de abril de 1913 - 12 de abril de 1913,Militar
Colima,Juan A. Hernández,12 de abril de 1913 - 14 de enero de 1914,Militar
Colima,Miguel A. Alvarado,14 de enero de 1914 - 23 de enero de 1914,Militar
Colima,Antonio Delgadillo,24 de enero de 1914 - 20 de julio de 1914,Militar
Colima,Francisco Carvajal,20 de julio de 1914 - 21 de julio de 1914,Militar
Colima,Juan G. Cabral,20 de julio de 1914 - 21 de julio de 1914,Militar
Colima,Eduardo Ruiz,21 de julio de 1914 - 15 de noviembre de 1914,Militar
Colima,Ignacio Padilla,1 de octubre de 1914 - 15 de noviembre de 1914,
Colima,Juan José Ríos,15 de noviembre de 1914 - 18 de julio de 1914,
Colima,Winstano Luis Orozco,18 de julio de 1914 - 24 de diciembre de 1914,
Colima,Esteban Baca Calderón,24 de diciembre de 1914 - 6 de enero de 1915,Militar
Colima,Juan Jacobo Valadez,6 de junio de 1915 - 30 de junio de 1917,
Colima,José Felipe Valle,30 de junio de 1917 - 31 de octubre de 1919,Partido Liberal Constitucionalista
Colima,Miguel Álvarez García,1 de noviembre de 1919 - 31 de octubre de 1923,Partido Liberal Constitucionalista
Colima,Gerardo Hurtado Sánchez,1 de noviembre de 1923 - 25 de abril de 1925,Partido Laborista Mexicano
Colima,Simón García Ortega,25 de abril de 1925 - 4 de mayo de 1925,Partido Laborista Mexicano
Colima,Francisco Solórzano Béjar,4 de mayo de 1925 - 31 de octubre de 1927,Partido Laborista Mexicano
Colima,Laureano Cervantes,1 de noviembre de 1927 - 6 de agosto de 1931,Partido Nacional Revolucionario
Colima,Pedro Torres Ortiz,10 de agosto de 1931 - 20 de noviembre de 1931,Partido Nacional Revolucionario
Colima,Salvador Saucedo,20 de noviembre de 1931 - 31 de julio de 1935,Partido Nacional Revolucionario
Colima,José Campero,1 de agosto de 1935 - 31 de octubre de 1935,Partido Nacional Revolucionario
Colima,Miguel G. Santa Ana (1899-1972),1 de noviembre de 1935 - 31 de octubre de 1939,Partido Nacional Revolucionario
Colima,Pedro Torres Ortiz (1893-1977),1 de noviembre de 1939 - 31 de octubre de 1943,Partido de la Revolución Mexicana
Colima,Manuel Gudiño Díaz (1897-1971),1 de noviembre de 1943 - 31 de octubre de 1949,Partido de la Revolución Mexicana
Colima,Jesús González Lugo (1893-1965),1 de noviembre de 1949 - 31 de octubre de 1955,Partido Revolucionario Institucional
Colima,Rodolfo Chávez Carrillo (1917-1993),1 de noviembre de 1955 - 31 de octubre de 1961,Partido Revolucionario Institucional
Colima,Francisco Velasco Curiel (1922-2005),1 de noviembre de 1961 - 31 de octubre de 1967,Partido Revolucionario Institucional
Colima,Pablo Silva García (1904-1991),1 de noviembre de 1967 - 31 de octubre de 1973,Partido Revolucionario Institucional
Colima,Leonel Ramírez García (1936-2003),1 de noviembre de 1973 - 31 de diciembre de 1973,Partido Revolucionario Institucional
Colima,Arturo Noriega Pizano (1915-1994),31 de enero de 1974 - 31 de octubre de 1979,Partido Revolucionario Institucional
Colima,Griselda Álvarez Ponce de León (1913-2009),1 de noviembre de 1979 - 31 de octubre de 1985,Partido Revolucionario Institucional
Colima,Elías Zamora Verduzco (1948),1 de noviembre de 1985 - 31 de octubre de 1991,Partido Revolucionario Institucional
Colima,Carlos de la Madrid Virgen (1940-2014),1 de noviembre de 1991 - 31 de octubre de 1997,Partido Revolucionario Institucional
Colima,Fernando Moreno Peña (1953),1 de noviembre de 1997 - 31 de octubre de 2003,Partido Revolucionario Institucional
Colima,Carlos Flores Dueñas (1948),1 de noviembre de 2003 - 31 de diciembre de 2003,Partido Revolucionario Institucional
Colima,Gustavo Vázquez Montes (1962-2005),1 de enero de 2004 - 24 de febrero de 2005,Partido Revolucionario Institucional
Colima,Arnoldo Ochoa González (1951),24 de febrero de 2005 - 5 de mayo de 2005,Partido Revolucionario Institucional
Colima,Silverio Cavazos (1968-2010),5 de mayo de 2005 - 31 de octubre de 2009,Partido Revolucionario Institucional
Colima,Mario Anguiano Moreno (1962),1 de noviembre de 2009 - 31 de octubre de 2015,Partido Revolucionario Institucional
Colima,Ramón Pérez Díaz (1946),1 de noviembre de 2015 - 10 de febrero de 2016,Partido Revolucionario Institucional
Colima,José Ignacio Peralta Sánchez (1970),11 de febrero de 2016 - 31 de octubre de 2021,Partido Revolucionario Institucional
Colima,Indira Vizcaíno Silva (1987),Desde el 1 de noviembre de 2021,Movimiento de Regeneración Nacional
Ciudad de México,José Joaquín Francisco Jerónimo Morán y del Villar-Cossío,11 de octubre de 1823,Militar
Ciudad de México,Melchor Múzquiz,9 de enero de 1824,Popular (Yorkino)
Ciudad de México,Manuel Gómez Pedraza,3 de marzo de 1824,Logia Escocesa (Centralista y Conservador)
Ciudad de México,Manuel Gómez Pedraza,18 de noviembre de 1824,Logia Escocesa (Centralista y Conservador)
Ciudad de México,José María Tornel,25 de noviembre de 1825,
Ciudad de México,Juan Manuel de Elizalde,26 de agosto de 1826,
Ciudad de México,Francisco Molinos del Campo,2 de septiembre de 1826,
Ciudad de México,Juan Manuel de Elizalde,2 de octubre de 1826,
Ciudad de México,José Ignacio Esteva Bruell,28 de diciembre de 1827,
Ciudad de México,José María Tornel,23 de febrero de 1828,
Ciudad de México,José Ignacio Esteva Bruell,3 de diciembre de 1828,
Ciudad de México,Agustín Pérez de Lebrija,30 de enero de 1830,
Ciudad de México,Miguel Jerónimo de Cervantes y Velasco,20 de febrero de 1830,
Ciudad de México,Francisco Fagoaga,18 de febrero de 1831,
Ciudad de México,Ignacio Martínez,14 de octubre de 1832,
Ciudad de México,José Joaquín de Herrera,8 de enero de 1833,
Ciudad de México,Ignacio Martínez,17 de abril de 1833,
Ciudad de México,José María Tornel,24 de noviembre de 1833,
Ciudad de México,Ramón López Rayón,12 de enero de 1835,
Ciudad de México,José Gómez de la Cortina,13 de octubre de 1835,
Ciudad de México,Manuel Fernández Madrid,15 de octubre de 1836,
Ciudad de México,Francisco García Conde,26 de octubre de 1836,
Ciudad de México,José Guadalupe Covarrubias,7 de diciembre de 1846,
Ciudad de México,Vicente Romero,4 de enero de 1847,
Ciudad de México,Juan José Baz,13 de enero de 1857,
Ciudad de México,José Ramón Malo,17 de febrero de 1847,
Ciudad de México,Ignacio Tiburcio Valeriano Trigueros Olea,29 de marzo de 1847,
Ciudad de México,José Ignacio Gutiérrez,3 de junio de 1847,
Ciudad de México,Manuel María Lombardini,29 de junio de 1847,
Ciudad de México,Miguel Cervantes,3 de agosto de 1847,
Ciudad de México,José María Tornel,22 de agosto de 1847,
Ciudad de México,José Joaquín de Herrera,26 de agosto de 1847,
Ciudad de México,Manuel Reyes Veramendi,16 de septiembre de 1847,
Ciudad de México,Francisco Suárez Iriarte,25 de diciembre de 1847,
Ciudad de México,Juan María Florés y Terán,28 de marzo de 1848,
Ciudad de México,José Ramón Malo,5 de noviembre de 1848,
Ciudad de México,Pedro Jorrín,14 de mayo de 1849,
Ciudad de México,Pedro María Anaya,10 de julio de 1849,
Ciudad de México,Miguel María de Azcárate,2 de enero de 1850,
Ciudad de México,Antonio Díez de Bonilla,21 de octubre de 1854,
Ciudad de México,Martín Carrera,15 de noviembre de 1854,
Ciudad de México,Antonio Díez de Bonilla,15 de agosto de 1855,
Ciudad de México,Juan José Baz,5 de enero de 1856,
Ciudad de México,Agustín Alcérreca,4 de octubre de 1857,
Ciudad de México,Miguel María de Azcárate,21 de enero de 1858,
Ciudad de México,Romulo Díaz de la Vega,29 de diciembre de 1859,
Ciudad de México,Francisco G. Casanova,29 de febrero de 1860,
Ciudad de México,Justino Fernández Mondoño,6 de enero de 1861,
Ciudad de México,Miguel Blanco y Muzquiz,9 de febrero de 1861,
Ciudad de México,Juan José Baz,25 de junio de 1861,
Ciudad de México,Anastasio Parrodi,8 de enero de 1862,
Ciudad de México,Ángel Frías,23 de abril de 1862,
Ciudad de México,Anastasio Parrodi,1 de mayo de 1862,
Ciudad de México,José María González de Mendoza,24 de mayo de 1862,
Ciudad de México,José Silvestre Aramberri,20 de septiembre de 1862,
Ciudad de México,Ponciano Arriaga,23 de enero de 1863,
Ciudad de México,José María González de Mendoza,1 de marzo de 1863,
Ciudad de México,Miguel María de Azcárate,12 de junio de 1863,
Ciudad de México,Manuel García Aguirre,30 de junio de 1863,
Ciudad de México,Porfirio Díaz,15 de junio de 1867,
Ciudad de México,Juan José Baz,14 de agosto de 1867,
Ciudad de México,Francisco A. Vélez,7 de septiembre de 1869,
Ciudad de México,Francisco Paz,27 de enero de 1871,
Ciudad de México,Gabino Bustamante,16 de marzo de 1871,
Ciudad de México,Alfredo Chavero,15 de junio de 1871,
Ciudad de México,José María Castro,19 de septiembre de 1871,
Ciudad de México,Tiburcio Montiel,29 de octubre de 1871,
Ciudad de México,Joaquín A. Pérez,29 de septiembre de 1873,
Ciudad de México,Protasio Pérez de Tagle,21 de noviembre de 1876,
Ciudad de México,Agustín del Río,30 de noviembre de 1876,
Ciudad de México,Juan Crisóstomo Bonilla,7 de febrero de 1877,
Ciudad de México,Luis del Carmen Curiel,19 de febrero de 1877,
Ciudad de México,Carlos Pacheco Villalobos,2 de diciembre de 1880,
Ciudad de México,Ramón Fernández,26 de junio de 1881,
Ciudad de México,Carlos Rivas,3 de junio de 1884,
Ciudad de México,José Cevallos Cepeda,3 de diciembre de 1884,
Ciudad de México,Manuel Domínguez Quintanar,19 de abril de 1893,
Ciudad de México,Pedro Rincón Gallardo y Terreros,17 de julio de 1893,
Ciudad de México,Nicolás Islas y Bustamante,3 de agosto de 1896,
Ciudad de México,Rafael Rebollar,8 de agosto de 1896,
Ciudad de México,Guillermo Landa y Escandón,8 de octubre de 1900,
Ciudad de México,Ramón Corral,8 de diciembre de 1900,
Ciudad de México,Guillermo Landa y Escandón,3 de enero de 1905,
Ciudad de México,Samuel García Cuéllar,3 de mayo de 1911,
Ciudad de México,Alberto García Granados,20 de mayo de 1911,
Ciudad de México,Ignacio Rivero,3 de agosto de 1912,
Ciudad de México,Federico González Garza,21 de agosto de 1912,
Ciudad de México,Enrique Cepeda/Alberto Yarza,2 de febrero de 1913,
Ciudad de México,Samuel García Cuéllar,25 de febrero de 1913,
Ciudad de México,Ramón Corona MacEntee,25 de febrero de 1914,
Ciudad de México,Eduardo Iturbide,15 de julio de 1914,
Ciudad de México,Álvaro Obregón,15 de agosto de 1914,
Ciudad de México,Alfredo Robles Domínguez,18 de agosto de 1914,
Ciudad de México,Heriberto Jara,10 de septiembre de 1914,
Ciudad de México,Juan Gutiérrez R.,22 de noviembre de 1914,
Ciudad de México,Vicente Navarro,26 de noviembre de 1914,
Ciudad de México,Manuel Chao,4 de diciembre de 1914,
Ciudad de México,Vito Alessio Robles,1 de enero de 1915,
Ciudad de México,Daniel Lecona y Soto,27 de enero de 1915,
Ciudad de México,Juan Venegas,30 de enero de 1915,
Ciudad de México,Amador Salazar,11 de marzo de 1915,
Ciudad de México,Francisco de Paula Mariel y Careta,1 de septiembre de 1915,
Ciudad de México,Gildardo Magaña,12 de mayo de 1915,
Ciudad de México,Juan Venegas,11 de junio de 1915,
Ciudad de México,César López de Lara,10 de julio de 1915,
Ciudad de México,Gildardo Magaña,22 de julio de 1915,
Ciudad de México,César López de Lara,3 de agosto de 1915,
Ciudad de México,Gonzalo G. de la Mota,7 de abril de 1917,
Ciudad de México,César López de Lara,4 de mayo de 1917,
Ciudad de México,Alfredo Breceda Mercado,22 de enero de 1918,
Ciudad de México,Arnulfo González,21 de agosto de 1918,
Ciudad de México,Alfredo Breceda Mercado,21 de enero de 1919,
Ciudad de México,Benito Flores,27 de febrero de 1919,
Ciudad de México,Manuel Rueda Magro,27 de mayo de 1919,
Ciudad de México,Manuel Gómez Noriega,6 de mayo de 1920,
Ciudad de México,Celestino Gasca Villaseñor,8 de julio de 1920,
Ciudad de México,Ramón Ross,25 de octubre de 1923,
Ciudad de México,Abel S. Rodríguez,15 de diciembre de 1923,
Ciudad de México,Ramón Ross,11 de febrero de 1924,
Ciudad de México,Francisco R. Serrano,21 de junio de 1926,
Ciudad de México,Primo Villa Michel,20 de junio de 1927,
Ciudad de México,José Manuel Puig Casauranc,1 de enero de 1929,Partido Nacional Revolucionario
Ciudad de México,Crisóforo Ibáñez,1 de enero de 1930,Partido Nacional Revolucionario
Ciudad de México,José Manuel Puig Casauranc,5 de febrero de 1930,Partido Nacional Revolucionario
Ciudad de México,Crisóforo Ibáñez,3 de julio de 1930,Partido Nacional Revolucionario
Ciudad de México,Lamberto L. Hernández,8 de octubre de 1930,Partido Nacional Revolucionario
Ciudad de México,Enrique Romero Courtade,16 de octubre de 1931,Partido Nacional Revolucionario
Ciudad de México,Lorenzo Hernández,27 de octubre de 1931,Partido Nacional Revolucionario
Ciudad de México,Vicente Estrada Cajigal,25 de enero de 1932,Partido Nacional Revolucionario
Ciudad de México,Manuel Padilla,27 de agosto de 1932,Partido Nacional Revolucionario
Ciudad de México,Juan G. Cabral,5 de septiembre de 1932,Partido Nacional Revolucionario
Ciudad de México,Aarón Sáenz,16 de diciembre de 1932,Partido Nacional Revolucionario
Ciudad de México,Aarón Sáenz,1 de diciembre de 1934,Partido Nacional Revolucionario
Ciudad de México,Cosme Hinojosa,18 de julio de 1935,Partido Nacional Revolucionario
Ciudad de México,José Siurob Ramírez,4 de enero de 1938,Partido de la Revolución Mexicana
Ciudad de México,Raúl Castellano Jiménez,24 de enero de 1939,Partido de la Revolución Mexicana
Ciudad de México,Javier Rojo Gómez,1 de diciembre de 1940,Partido de la Revolución Mexicana
Ciudad de México,Fernando Casas Alemán,1 de diciembre de 1946,Partido Revolucionario Institucional
Ciudad de México,Ernesto P. Uruchurtu,1 de diciembre de 1952,Partido Revolucionario Institucional
Ciudad de México,Alfonso Corona del Rosal,20 de octubre de 1966,Partido Revolucionario Institucional
Ciudad de México,Alfonso Martínez Domínguez,1 de diciembre de 1970,Partido Revolucionario Institucional
Ciudad de México,Octavio Sentíes Gómez,16 de junio de 1971,Partido Revolucionario Institucional
Ciudad de México,Carlos Hank González,1 de diciembre de 1976,Partido Revolucionario Institucional
Ciudad de México,Ramón Aguirre Velázquez,1 de diciembre de 1982,Partido Revolucionario Institucional
Ciudad de México,Manuel Camacho Solís,1 de diciembre de 1988,Partido Revolucionario Institucional
Ciudad de México,Manuel Aguilera Gómez,29 de noviembre de 1993,Partido Revolucionario Institucional
Ciudad de México,Óscar Espinosa Villarreal,1 de diciembre de 1994,Partido Revolucionario Institucional
Ciudad de México,Cuauhtémoc Cárdenas,5 de diciembre de 1997 - 29 de septiembre de 1999,Partido de la Revolución Democrática
Ciudad de México,Rosario Robles (sustituta),29 de septiembre de 1999 - 4 de diciembre de 2000,Partido de la Revolución Democrática
Ciudad de México,Andrés Manuel López Obrador,5 de diciembre de 2000 - 29 de julio de 2005,Partido de la Revolución Democrática
Ciudad de México,Alejandro Encinas Rodríguez (sustituto),2 de agosto de 2005 - 4 de diciembre de 2006,Partido de la Revolución Democrática
Ciudad de México,Marcelo Ebrard,5 de diciembre de 2006 - 4 de diciembre de 2012,Partido de la Revolución Democrática
Ciudad de México,Miguel Ángel Mancera,5 de diciembre de 2012 - 29 de marzo de 2018,Partido de la Revolución Democrática
Ciudad de México,Claudia Sheinbaum,5 de diciembre de 2018 - 16 de junio de 2023,Movimiento de Regeneración Nacional
Ciudad de México,Martí Batres (sustituto),16 de junio de 2023 - 4 de octubre de 2024,Movimiento de Regeneración Nacional
Ciudad de México,Clara Brugada,Desde el 5 de octubre de 2024,Movimiento de Regeneración Nacional
Durango,Rafael Bracho,31 de enero de 1824 - 1 de mayo de 1826,
Durango,Santiago Baca Ortiz,1 de mayo de 1826 - 2 de noviembre de 1829,
Durango,Francisco Elorriaga,2 de noviembre de 1829 - 4 de marzo de 1830,
Durango,Juan Antonio Pescador,4 de marzo de 1830 - 12 de enero de 1833,
Durango,Ignacio Gutiérrez,12 de enero de 1833 - octubre de 1833,
Durango,Francisco Elorriaga,Octubre de 1833 - 2 de noviembre de 1833,
Durango,Basilio Mendarózqueta,2 de noviembre de 1833 - 8 de septiembre de 1834,
Durango,J. Pedro Escalante,8 de septiembre de 1834 - noviembre de 1834,
Durango,Basilio Mendarozqueta,Noviembre de 1834 - enero de 1835,
Durango,José María del Regato,Enero de 1835 - 28 de abril de 1835,
Durango,Juan Manuel Asúnsolo,28 de abril de 1835 - septiembre de 1835,
Durango,José Urrea,septiembre de 1835 - noviembre de 1835,
Durango,José Rafael Peña,1835 - 1836,
Durango,Antonio María Esparza,1836 - 3 de diciembre de 1836,
Durango,Marcelino Castañeda,3 de diciembre de 1836 - 30 de diciembre de 1836,
Durango,Marcelino Castañeda,30 de diciembre de 1836 - abril de 1839,
Durango,Basilio Mendarozqueta,mayo de 1839 - julio de 1839,
Durango,Miguel Zubiría,Julio de 1839 - enero de 1841,
Durango,Basilio Mendarozqueta,Enero de 1841 - 12 de octubre de 1841,
Durango,Miguel Zubiría,12 de octubre de 1841 - enero de 1842,
Durango,José Antonio Heredia,Octubre de 1842 - 17 de diciembre de 1844,Partido Conservador
Durango,Basilio Mendarozqueta,17 de diciembre de 1844 - 17 de septiembre de 1845,
Durango,Francisco Elorriaga,17 de septiembre de 1845 - 22 de agosto de 1846,
Durango,Francisco Elorriaga,22 de agosto de 1846 - 6 de septiembre de 1846,
Durango,Marcelino Castañeda,6 de septiembre de 1846 - 8 de abril de 1847,
Durango,Pedro de Ochoa,8 de abril de 1847 - mayo de 1847,
Durango,Marcelino Castañeda,Mayo de 1847 - 3 de mayo de 1848,
Durango,José María Hernández,3 de mayo de 1848 - 8 de junio de 1848,
Durango,Marcelino Castañeda,8 de junio de 1848 - 4 de agosto de 1848,
Durango,Juan José Subízar,4 de agosto de 1848 - 1 de noviembre de 1848,
Durango,José María Hernández,1 de noviembre de 1848 - 30 de abril de 1850,
Durango,Juan José Subízar,30 de abril de 1850 - 6 de agosto de 1850,
Durango,José María Hernández,6 de agosto de 1850 - 25 de noviembre de 1850,
Durango,José María Subízar,25 de noviembre de 1850 - 12 de marzo de 1851,
Durango,José María Hernández,12 de marzo de 1851 - 1 de diciembre de 1851,
Durango,José María Subízar,1 de diciembre de 1851 - 1 de enero de 1852,
Durango,José María del Regato,1 de enero de 1852 - 4 de diciembre de 1852,
Durango,Mariano Morett,14 de diciembre de 1852 - 19 de septiembre de 1853,
Durango,José Antonio Heredia,19 de septiembre de 1853 - 30 de agosto de 1855,Partido Conservador
Durango,José María del Regato,30 de agosto de 1855 - 9 de marzo de 1856,
Durango,José de la Bárcena,9 de marzo de 1856 - 4 de abril de 1858,Partido Liberal
Durango,José Antonio Heredia,4 de abril de 1858 - 12 de julio de 1858,Partido Conservador
Durango,Esteban Coronado,12 de julio de 1858 - 8 de septiembre de 1858,
Durango,Juan José Subízar,12 de septiembre de 1858 - 26 de octubre de 1859,
Durango,Marcelino Murguía,26 de octubre de 1859 - 8 de noviembre de 1859,
Durango,Miguel Cruz Aedo,8 de noviembre de 1859 - 26 de diciembre de 1859,
Durango,José María Patoni,26 de diciembre de 1859 - febrero de 1860,Partido Liberal
Durango,Domingo Cajén,febrero de 1860 - 29 de marzo de 1860,
Durango,J. Rafael Peña,29 de marzo de 1860 - 17 de mayo de 1860,
Durango,Domingo Cajén,17 de mayo de 1860 - julio de 1860,
Durango,José María Patoni,julio de 1860 - 17 de agosto de 1860,Partido Liberal
Durango,Crescencio Romero,17 de agosto de 1860 - 2 de septiembre de 1860,
Durango,Domingo Cajén,2 de septiembre de 1860 - 21 de octubre de 1860,
Durango,Jesús Chavarría,21 de octubre de 1860 - octubre de 1860,
Durango,Máximo González,octubre de 1860 - noviembre de 1860,
Durango,José María Patoni,Noviembre de 1860 - julio de 1861,Partido Liberal
Durango,Pedro Hinojosa,julio de 1861 - agosto de 1861,
Durango,José María Patoni,Agosto de 1861 - julio de 1862,Partido Liberal
Durango,Benigno Silva,7 de julio de 1862 - 9 de junio de 1863,
Durango,Juan José Subízar,9 de junio de 1863 - 14 de julio de 1863,
Durango,José María Patoni,14 de junio de 1863 - 6 de marzo de 1864,Partido Liberal
Durango,Cayetano Mascareñas,6 de marzo de 1864 - 4 de julio de 1864,Partido Liberal
Durango,José María Pereyra,Mayo de 1866 - octubre de 1866,
Durango,Silvestre Aranda,Octubre de 1866 - 7 de enero de 1867,
Durango,Francisco Ortiz de Zárate,8 de enero de 1867 - 8 de diciembre de 1867,
Durango,Francisco Gómez Palacio,8 de diciembre de 1867 - septiembre de 1868,
Durango,Manuel Balda,1 de octubre de 1868 - 1 de febrero de 1869,
Durango,José María Pereyra,3 de febrero de 1869 - 31 de agosto de 1869,
Durango,Juan Hernández y Marín,31 de agosto de 1869 - 15 de febrero de 1871,
Durango,Manuel Santa María,15 de febrero de 1871 - 29 de marzo de 1871,
Durango,Juan Hernández y Marín,29 de marzo de 1871 - 10 de noviembre de 1871,
Durango,Tomás Borrego,10 de noviembre de 1871 - 22 de marzo de 1872,
Durango,Florentino Carrillo,22 de marzo de 1872 - 5 de octubre de 1872,
Durango,Juan Hernández y Marín,5 de octubre de 1872 - 29 de junio de 1874,
Durango,José de la Bárcena,29 de junio de 1874 - agosto de 1874,
Durango,Juan Hernández y Marín,Agosto de 1874 - 22 de septiembre de 1875,
Durango,Carlos Bravo,22 de septiembre de 1875 - octubre de 1875,
Durango,Juan Hernández y Marín,Noviembre de 1875 - diciembre de 1876,
Durango,Carlos Fuero,20 de diciembre de 1876 - 1 de febrero de 1877,
Durango,Tomás Borrego,1877,
Durango,Juan Manuel Flores,febrero de 1877 - septiembre de 1880,
Durango,Francisco Gómez Palacio,18 de septiembre de 1880 - noviembre de 1882,
Durango,Juan Ignacio Zubiría,noviembre de 1882 - febrero de 1883,
Durango,Francisco Gómez Palacio,febrero de 1883 - diciembre de 1883,
Durango,Abel Pereyra,diciembre de 1883 - septiembre de 1884,
Durango,Juan Manuel Flores,septiembre de 1884 - noviembre de 1884,
Durango,Leonardo de la Parra,diciembre de 1884 - enero de 1885,
Durango,Juan Manuel Flores,enero de 1885 - 30 de septiembre de 1891,
Durango,Cipriano Guerrero,30 de septiembre de 1891 - 9 de noviembre de 1891,
Durango,Juan Manuel Flores,9 de noviembre de 1891 - 23 de octubre de 1895,
Durango,Cipriano Guerrero,23 de octubre de 1895 - 2 de noviembre de 1895,
Durango,Juan Manuel Flores,2 de noviembre de 1895 - 24 de noviembre de 1896,
Durango,Cipriano Guerrero,24 de noviembre de 1896 - 30 de junio de 1897,
Durango,Leandro Fernández Imas (1851-1922),1 de julio de 1897 - 15 de septiembre de 1900,
Durango,Juan Santa Marina,16 de septiembre de 1900 - 15 de septiembre de 1904,
Durango,Esteban Fernández,16 de septiembre de 1904 - abril de 1911,
Durango,Cipriano Guerrero,25 de enero de 1906 - 20 de marzo de 1906,
Durango,Esteban Fernández,20 de marzo de 1906 - 21 de junio de 1908,
Durango,Cipriano Guerrero,21 de junio de 1908 - 5 de julio de 1908,
Durango,Esteban Fernández,5 de julio de 1908 - 1 de noviembre de 1909,
Durango,Cipriano Guerrero,1 de noviembre de 1908 - 30 de enero de 1909,
Durango,Esteban Fernández,30 de enero de 1909 - 5 de agosto de 1909,
Durango,Cipriano Guerrero,5 de agosto de 1909 - 28 de agosto de 1909,
Durango,Esteban Fernández,28 de agosto de 1909 - abril de 1911,
Durango,Buenaventura G. Saravia,20 de abril de 1911 - 30 de mayo de 1911,
Durango,Luis Alonso y Patiño,31 de mayo de 1911 - 28 de febrero de 1912,
Durango,Emiliano G. Saravia,29 de febrero de 1912 - 14 de septiembre de 1912,
Durango,Carlos Patoni (1853-1918),15 de septiembre de 1912 - 13 de febrero de 1913,
Durango,Jesús Perea,14 de febrero de 1913 - 3 de julio de 1913,
Durango,Pastor Rouaix (1874-1950),4 de julio de 1913 - 25 de agosto de 1914,
Durango,Domingo Arrieta León (1874-1962),25 de agosto de 1914 - 26 de septiembre de 1914,Militar
Durango,Severino Ceniceros (1875-1937),28 de septiembre de 1914 - 13 de octubre de 1914,Militar
Durango,Jesús Diaz Couder,13 de octubre de 1914 - noviembre de 1914,Militar
Durango,Emiliano G. Saravia Morúa,noviembre de 1914 - agosto de 1915,Militar
Durango,Máximo García,31 de agosto de 1915 - octubre de 1915,Militar
Durango,Mariano Arrieta León (1882-1958),octubre de 1915 - enero de 1916,Militar
Durango,Fernando Castaños,28 de enero de 1916 - 28 de febrero de 1916,Militar
Durango,Arnulfo González Medina,febrero de 1916 - junio de 1916,Militar
Durango,Fortunato Maycotte (1891-1924),26 de junio de 1916 - 15 de octubre de 1916,Militar
Durango,Gabriel Gavira Castro (1867-1956),15 de octubre de 1916 - 20 de abril de 1917,Militar
Durango,Carlos Osuna de León (1888-1923),20 de abril de 1917 - 31 de julio de 1917,Militar
Durango,Domingo Arrieta León (1874-1962),1 de agosto de 1917 - 12 de mayo de 1920,Militar
Durango,Enrique R. Nájera (1882-1945),14 de mayo de 1920 - 15 de septiembre de 1920,Militar
Durango,Jesús Agustín Castro (1887-1953),16 de septiembre de 1920 - 10 de abril de 1924,Partido Laborista Mexicano
Durango,Manuel M. Navarrete,10 de abril de 1924 - 15 de septiembre de 1924,
Durango,Enrique R. Nájera (1882-1945),16 de septiembre de 1924 - 27 de julio de 1928,Partido Laborista Mexicano
Durango,José Aguirre Salas,27 de julio de 1928 - 15 de septiembre de 1928,
Durango,Juan Gualberto Amaya (1887-1964),16 de septiembre de 1928 - 3 de marzo de 1929,Militar
Durango,Jesús Salas Barraza (1879-1951),4 de marzo de 1929 - 14 de marzo de 1929,Militar
Durango,Alberto Terrones Benítez (1887-1981),15 de marzo de 1929 - 15 de septiembre de 1930,Partido Nacional Revolucionario
Durango,José Ramón Valdés (1888-1975),16 de septiembre de 1930 -septiembre de 1931,Partido Nacional Revolucionario
Durango,Fernando Arenas,Septiembre de 1931 - 18 de septiembre de 1931,Partido Nacional Revolucionario
Durango,Pastor Rouaix (1894-1982),18 de septiembre de 1931 - 14 de septiembre de 1932,Partido Nacional Revolucionario
Durango,Carlos Real Félix (1874-1950),15 de septiembre de 1932 - 15 de diciembre de 1935,Partido Institucional Durangueño
Durango,Severino Ceniceros (1875-1937),15 de diciembre de 1935 - 1 de septiembre de 1936,Partido Nacional Revolucionario
Durango,Miguel Arrieta,1 de septiembre de 1936 - 14 de septiembre de 1936,Partido Nacional Revolucionario
Durango,Enrique R. Calderón,15 de septiembre de 1936 - 14 de septiembre de 1940,Partido Nacional Revolucionario
Durango,Elpidio G. Velázquez (1892-1977),15 de septiembre de 1940 - 14 de septiembre de 1944,Partido de la Revolución Mexicana
Durango,Blas Corral Martínez (1883-1947),15 de septiembre de 1944 - 30 de abril de 1947,Partido de la Revolución Mexicana
Durango,Francisco Celis Méndez,30 de abril de 1947 - 18 de septiembre de 1947,Partido Revolucionario Institucional
Durango,José Ramón Valdés (1888-1975),19 de septiembre de 1947 - 14 de septiembre de 1950,Partido Revolucionario Institucional
Durango,Enrique Torres Sánchez (1903-1965),15 de septiembre de 1950 - 14 de septiembre de 1956,Partido Revolucionario Institucional
Durango,Francisco González de la Vega (1901-1976),15 de septiembre de 1956 - 3 de julio de 1962,Partido Revolucionario Institucional
Durango,Rafael Hernández Piedra (1919-1985),4 de julio de 1962 - 14 de septiembre de 1962,Partido Revolucionario Institucional
Durango,Enrique Dupré Ceniceros (1913-1988),15 de septiembre de 1962 - 4 de agosto de 1966,Partido Revolucionario Institucional
Durango,Ángel Rodríguez Solórzano (1919-2002),4 de agosto de 1966 - 14 de septiembre de 1968,Partido Revolucionario Institucional
Durango,Alejandro Páez Urquidi (1907-1996),15 de septiembre de 1968 - 14 de septiembre de 1974,Partido Revolucionario Institucional
Durango,Héctor Mayagoitia Domínguez (1923-2023),15 de septiembre de 1974 - 14 de diciembre de 1979,Partido Revolucionario Institucional
Durango,Salvador Gámiz Fernández (1922),15 de diciembre de 1979 - 14 de septiembre de 1980,Partido Revolucionario Institucional
Durango,Armando del Castillo Franco (1920-1992),15 de septiembre de 1980 - 14 de septiembre de 1986,Partido Revolucionario Institucional
Durango,José Ramírez Gamero (1938-2022),15 de septiembre de 1986 - 14 de septiembre de 1992,Partido Revolucionario Institucional
Durango,Maximiliano Silerio Esparza (1939),15 de septiembre de 1992 - 14 de septiembre de 1998,Partido Revolucionario Institucional
Durango,Ángel Sergio Guerrero Mier (1935-2021),15 de septiembre de 1998 - 14 de septiembre de 2004,Partido Revolucionario Institucional
Durango,Ismael Hernández Deras (1964),15 de septiembre de 2004 - 14 de septiembre de 2010,Partido Revolucionario Institucional
Durango,Jorge Herrera Caldera (1963),15 de septiembre de 2010 - 14 de septiembre de 2016,Partido Revolucionario Institucional
Durango,José Rosas Aispuro Torres (1961),15 de septiembre de 2016 - 14 de septiembre de 2022,Partido Acción Nacional
Durango,Esteban Villegas Villarreal (1976),Desde el 15 de septiembre de 2022,Partido Revolucionario Institucional
Guanajuato,Andrés Arnat de Tortosa,21 de febrero de 1787,
Guanajuato,Fernando Pérez Marañón,23 de febrero de 1788,
Guanajuato,Pedro José Soriano,4 de mayo de 1790,
Guanajuato,Andrés Sagas y Herrera,28 de febrero de 1791,
Guanajuato,Juan Antonio de Riaño y Barcena,22 de julio de 1791,
Guanajuato,Andrés Sagas y Herrera,23 de julio de 1791,
Guanajuato,Juan Antonio de Riaño y Barcena,28 de enero de 1792,
Guanajuato,Pedro José Soriano,13 de abril de 1793,
Guanajuato,Juan Antonio de Riaño y Barcena,19 de noviembre de 1797,
Guanajuato,Fernando Pérez Marañón,25 de octubre de 1803,
Guanajuato,Manuel Pérez Valdés,1 de abril de 1804,
Guanajuato,Juan Antonio de Riaño y Barcena,6 de enero de 1806,
Guanajuato,Manuel Pérez Valdés,28 de septiembre de 1810,
Guanajuato,José Francisco Gómez,8 de octubre de 1810,
Guanajuato,Fernando Pérez Marañón,25 de noviembre de 1810,
Guanajuato,Pedro Otero y Dovalina,1 de junio de 1814,
Guanajuato,José Francisco Robles,1 de julio de 1820,
Guanajuato,Juan Antonio Béistegui,15 de septiembre de 1820,
Guanajuato,Domingo Chico,12 de octubre de 1820,
Guanajuato,José Francisco Robles,3 de noviembre de 1820,
Guanajuato,Francisco Robledo y Béjar,1 de abril de 1821,
Guanajuato,Pedro Otero y Dovalina,25 de marzo de 1824 - 10 de mayo de 1824,
Guanajuato,Carlos Montes de Oca,10 de mayo de 1824 - 14 de abril de 1826,
Guanajuato,Carlos Montes de Oca,14 de abril de 1826 - 1 de febrero de 1831,
Guanajuato,Manuel Gómez de Linares,1 de febrero de 1831 - 31 de octubre de 1832,
Guanajuato,José Pérez Marañón,1 de noviembre de 1832 - 1 de febrero de 1833,
Guanajuato,Manuel Baranda,1 de febrero de 1833 - 24 de junio de 1834,
Guanajuato,Ignacio Urbina,25 de junio de 1834 - 1 de febrero de 1835,
Guanajuato,José María Esquivel y Salvago,1 de febrero de 1835 - 12 de noviembre de 1835,
Guanajuato,Ignacio Urbina,6 de diciembre de 1835 - 30 de diciembre de 1836,
Guanajuato,Ignacio Urbina,30 de diciembre de 1836 - 26 de agosto de 1837,
Guanajuato,Luis Cortázar y Rábago,26 de agosto de 1837 - 7 de octubre de 1839,
Guanajuato,Octaviano Muñoz Ledo,7 de octubre de 1839 - 17 de febrero de 1840,
Guanajuato,Juan Morales,17 de febrero de 1840 - 8 de mayo de 1840,
Guanajuato,Manuel Gómez de Linares,8 de mayo de 1840 - 4 de noviembre de 1840,
Guanajuato,Romualdo Marmolejo,4 de noviembre de 1840 - 21 de junio de 1841,
Guanajuato,Manuel Gómez de Linares,21 de junio de 1841 - 15 de mayo de 1842,
Guanajuato,Pedro Cortázar,15 de mayo de 1842 - 19 de diciembre de 1844,
Guanajuato,José de la Luz Rosas,19 de diciembre de 1844 - 4 de enero de 1845,
Guanajuato,Juan Morales,4 de enero de 1845 - 12 de marzo de 1845,
Guanajuato,Juan Bautista Morales,12 de marzo de 1845 - 25 de febrero de 1846,
Guanajuato,Francisco Pacheco,25 de febrero de 1846 - 31 de mayo de 1846,
Guanajuato,Mariano Chico Navarro,31 de mayo de 1846 - 20 de agosto de 1846,
Guanajuato,Manuel Doblado,20 de agosto de 1846 - 31 de enero de 1847,
Guanajuato,Lorenzo Arellano,31 de enero de 1847 - 1 de febrero de 1851,
Guanajuato,Octaviano Muñoz Ledo,1 de febrero de 1851 - 28 de febrero de 1853,
Guanajuato,Ponciano Burquiza,1 de marzo de 1853 - 3 de mayo de 1853,
Guanajuato,Francisco Pacheco,3 de mayo de 1853 - 19 de agosto de 1855,
Guanajuato,Esteban Barbero,19 de agosto de 1855 - 21 de agosto de 1855,
Guanajuato,Manuel Doblado,21 de agosto de 1855 - 16 de enero de 1858,Partido Liberal
Guanajuato,Francisco de Paula Rodríguez,16 de enero de 1858 - 20 de julio de 1858,Partido Liberal
Guanajuato,Francisco Berdusco,20 de julio de 1858 - 19 de junio de 1860,Partido Liberal
Guanajuato,Manuel Doblado,19 de junio de 1860 - 21 de enero de 1862,Partido Liberal
Guanajuato,Francisco de Paula Rodríguez,21 de enero de 1862 - 15 de febrero de 1863,Partido Liberal
Guanajuato,Manuel Doblado,15 de febrero de 1863 - 6 de diciembre de 1863,Partido Liberal
Guanajuato,Comité de Representantes Neutrales,6 de diciembre de 1863 - 8 de diciembre de 1863,Ninguno
Guanajuato,Manuel Chico y Alegre,13 de marzo de 1858 - 20 de mayo de 1858,Partido Conservador
Guanajuato,Ignacio Mora y Villamil,20 de mayo de 1858 - 27 de julio de 1858,Partido Conservador
Guanajuato,Francisco de Paula Liceaga,27 de julio de 1858 - 28 de febrero de 1859,Partido Conservador
Guanajuato,Florencio Antillón Moreno,26 de enero de 1867 - 10 de febrero de 1867,
Guanajuato,León Guzmán Montes de Oca,10 de febrero de 1867 - 7 de septiembre de 1867,
Guanajuato,Francisco de Paula Rodríguez,7 de septiembre de 1867 - 17 de septiembre de 1867,
Guanajuato,Florencio Antillón Moreno,17 de septiembre de 1867 - 3 de enero de 1877,
Guanajuato,Francisco Z. Mena,3 de enero de 1877 - 26 de septiembre de 1880,
Guanajuato,Manuel Muñoz Ledo,26 de septiembre de 1880 - 14 de marzo de 1884,
Guanajuato,Pablo Rocha Portú,14 de marzo de 1884 - 30 de mayo de 1885,Militar
Guanajuato,Manuel González,31 de mayo de 1885 - 3 de mayo de 1893,Militar
Guanajuato,Joaquín Obregón González,3 de mayo de 1893 - 25 de septiembre de 1893,
Guanajuato,Joaquín Obregón González,25 de septiembre de 1893 - 3 de mayo de 1911,
Guanajuato,Enrique Octavio Aranda Martínez,4 de mayo de 1911 - 3 de junio de 1911,
Guanajuato,Juan Bautista Castelazo,4 de junio de 1911 - 30 de noviembre de 1911,Militar
Guanajuato,Víctor José Lizardi,1 de diciembre de 1911 - 3 de julio de 1913,
Guanajuato,Rómulo Cuéllar,4 de julio de 1913 - 27 de octubre de 1913,Militar
Guanajuato,José de Jesús Peña,27 de octubre de 1913 - 17 de enero de 1914,
Guanajuato,Rómulo Cuéllar,17 de enero de 1914 - 28 de julio de 1914,Militar
Guanajuato,Pablo A. de la Garza,5 de agosto de 1914 - 17 de noviembre de 1914,Militar
Guanajuato,Pablo Camarena,18 de noviembre de 1914 - 17 de enero de 1915,Militar
Guanajuato,Abel B. Serratos,18 de enero de 1915 - 11 de mayo de 1915,Militar
Guanajuato,José Siurob Ramírez,11 de mayo de 1915 - 22 de diciembre de 1916,Militar
Guanajuato,Fernando Dávila,22 de diciembre de 1916 - 14 de abril de 1917,Militar
Guanajuato,Pedro Ponce de León,14 de abril de 1917 - 14 de junio de 1917,
Guanajuato,Agustín Alcocer,15 de junio de 1917 - 19 de septiembre de 1919,Militar
Guanajuato,Fernando Alcocer,19 de septiembre de 1919 - 25 de septiembre de 1919,Militar
Guanajuato,Federico Montes,25 de septiembre de 1919 - 26 de febrero de 1920,Militar
Guanajuato,Toribio Villaseñor,27 de febrero de 1920 - 26 de abril de 1920,
Guanajuato,Agustín de Ezcurdia,27 de abril de 1920 - 10 de mayo de 1920,
Guanajuato,Antonio Madrazo,10 de mayo de 1920 - 12 de mayo de 1920,
Guanajuato,Enrique Colunga,12 de mayo de 1920 - 15 de septiembre de 1920,
Guanajuato,Antonio Madrazo,16 de septiembre de 1920 - 25 de septiembre de 1923,
Guanajuato,Enrique Colunga,26 de septiembre de 1923 - 3 de octubre de 1923,
Guanajuato,Ignacio García Téllez,3 de octubre de 1923 - 2 de noviembre de 1923,
Guanajuato,Jesús S. Soto,3 de noviembre de 1923 - 22 de abril de 1923,
Guanajuato,Arturo Sierra,22 de abril de 1923 - 30 de noviembre de 1924,
Guanajuato,Enrique Colunga,1 de diciembre de 1924 - 18 de enero de 1927,
Guanajuato,Octavio Mendoza González,19 de enero de 1927 - 25 de marzo de 1927,
Guanajuato,Enrique Colunga,26 de marzo de 1927 - 5 de mayo de 1927,
Guanajuato,Octavio Mendoza González,6 de mayo de 1927 - 25 de septiembre de 1927,
Guanajuato,Agustín Arroyo Ch.,26 de septiembre de 1927 - 25 de septiembre de 1931,
Guanajuato,Enrique Hernández Álvarez (1892-1938),26 de septiembre de 1931 - 1 de junio de 1932,Partido Nacional Revolucionario
Guanajuato,José J. Reynoso,1 de junio de 1932 - 25 de septiembre de 1932,Partido Nacional Revolucionario
Guanajuato,Melchor Ortega Camarena (1896-1971),26 de septiembre de 1932 - 25 de septiembre de 1935,Partido Nacional Revolucionario
Guanajuato,J. Jesús Yáñez Maya,26 de septiembre de 1935 - 16 de diciembre de 1935,Partido Nacional Revolucionario
Guanajuato,Enrique Fernández Martínez (1897-1968),17 de diciembre de 1935 - 22 de abril de 1937,Partido Nacional Revolucionario
Guanajuato,Luis I. Rodríguez (1905-1973),23 de abril de 1937 - 20 de enero de 1938,Partido Nacional Revolucionario
Guanajuato,Enrique Romero Coutarde,21 de enero de 1938 - 24 de abril de 1938,Partido Nacional Revolucionario
Guanajuato,Rafael Rangel Hurtado (1888-1955),25 de abril de 1938 - 13 de noviembre de 1938,Partido Nacional Revolucionario
Guanajuato,Ernesto Arnoux S.,14 de noviembre de 1938 - 2 de diciembre de 1938,Partido Nacional Revolucionario
Guanajuato,Rafael Rangel Hurtado (1888-1955),3 de diciembre de 1938 - 1 de enero de 1939,Partido Nacional Revolucionario
Guanajuato,Mauro Visoso,1 de enero de 1939 - 4 de enero de 1939,Partido Nacional Revolucionario
Guanajuato,Ernesto Arnoux S.,4 de enero de 1939 - 22 de enero de 1939,Partido Nacional Revolucionario
Guanajuato,Rafael Rangel Hurtado (1888-1955),23 de enero de 1939 - 31 de mayo de 1939,Partido Nacional Revolucionario
Guanajuato,Ernesto Arnoux S.,1 de junio de 1939 - 5 de junio de 1939,Partido Nacional Revolucionario
Guanajuato,Rafael Rangel Hurtado (1888-1955),6 de junio de 1939 - 25 de septiembre de 1939,Partido Nacional Revolucionario
Guanajuato,Enrique Fernández Martínez (1897-1968),26 de septiembre de 1939 - 25 de septiembre de 1943,Partido de la Revolución Mexicana
Guanajuato,Ernesto Hidalgo Ramírez (1889-1955),26 de septiembre de 1943 - 8 de enero de 1946,Partido de la Revolución Mexicana
Guanajuato,Nicéforo Guerrero Mendoza (1897-1969),9 de enero de 1946 - 21 de septiembre de 1947,Partido Revolucionario Institucional
Guanajuato,José de Jesús Castorena Zavala (1901-1990),22 de septiembre de 1947 - 29 de octubre de 1948,Partido Revolucionario Institucional
Guanajuato,Antonio Torres Gómez (1913-2013),29 de octubre de 1948 - 30 de octubre de 1948,Partido Revolucionario Institucional
Guanajuato,Luis Díaz Infante,30 de octubre de 1948 - 25 de septiembre de 1949,Partido Revolucionario Institucional
Guanajuato,José Aguilar y Maya (1897-1966),26 de septiembre de 1949 - 25 de septiembre de 1955,Partido Revolucionario Institucional
Guanajuato,Jesús Rodríguez Gaona (1897-1993),26 de septiembre de 1955 - 25 de septiembre de 1961,Partido Revolucionario Institucional
Guanajuato,Juan José Torres Landa (1911-1980),26 de septiembre de 1961 - 25 de septiembre de 1967,Partido Revolucionario Institucional
Guanajuato,Manuel M. Moreno (1907-1990),26 de septiembre de 1967 - 25 de septiembre de 1973,Partido Revolucionario Institucional
Guanajuato,Luis H. Ducoing Gamba (1937-2024),26 de septiembre de 1973 - 25 de septiembre de 1979,Partido Revolucionario Institucional
Guanajuato,Enrique Velasco Ibarra (1927-2010),26 de septiembre de 1979 - 26 de junio de 1984,Partido Revolucionario Institucional
Guanajuato,Agustín Téllez Cruces (1918-2024),27 de junio de 1984 - 25 de septiembre de 1985,Partido Revolucionario Institucional
Guanajuato,Rafael Corrales Ayala (1925-2015),26 de septiembre de 1985 - 25 de septiembre de 1991,Partido Revolucionario Institucional
Guanajuato,Carlos Medina Plascencia (1955),26 de septiembre de 1991 - 25 de junio de 1995,Partido Acción Nacional
Guanajuato,Vicente Fox Quesada (1942),26 de junio de 1995 - 7 de agosto de 1999,Partido Acción Nacional
Guanajuato,Ramón Martín Huerta (1957-2005),9 de agosto de 1999 - 25 de septiembre de 2000,Partido Acción Nacional
Guanajuato,Juan Carlos Romero Hicks (1955),26 de septiembre de 2000 - 25 de septiembre de 2006,Partido Acción Nacional
Guanajuato,Juan Manuel Oliva Ramírez (1960),26 de septiembre de 2006 - 29 de marzo de 2012,Partido Acción Nacional
Guanajuato,Héctor López Santillana (1957),29 de marzo de 2012 - 25 de septiembre de 2012,Partido Acción Nacional
Guanajuato,Miguel Márquez Márquez (1968),26 de septiembre de 2012 - 25 de septiembre de 2018,Partido Acción Nacional
Guanajuato,Diego Sinhue Rodríguez Vallejo (1980),26 de septiembre de 2018 - 25 de septiembre de 2024,Partido Acción Nacional
Guanajuato,Libia Dennise García Muñoz Ledo (1983),Desde el 26 de septiembre de 2024,Partido Acción Nacional
Guerrero,Juan Álvarez,27 de octubre de 1849 - 31 de enero de 1850,Partido Liberal
Guerrero,Juan Álvarez,1 de febrero de 1850 - 29 de octubre de 1851,Partido Liberal
Guerrero,Miguel García,13 de junio de 1850 - 15 de enero de 1851,Partido Liberal
Guerrero,Juan Álvarez,15 de enero de 1851 - 30 de octubre de 1851,Partido Liberal
Guerrero,Miguel García,30 de octubre de 1851 - 14 de enero de 1852,Partido Liberal
Guerrero,Juan Álvarez,15 de enero de 1852 - 7 de octubre de 1853,Partido Liberal
Guerrero,Tomás Moreno,7 de octubre de 1853 - 5 de marzo de 1854,
Guerrero,Ángel Pérez Palacios,5 de marzo de 1854 - 1 de mayo de 1855,
Guerrero,Marcial López Lazcano,2 de mayo de 1855 - 26 de octubre de 1855,
Guerrero,Tomás Moreno,27 de octubre de 1855 - 5 de mayo de 1856,
Guerrero,Miguel García,6 de mayo de 1856 - 22 de marzo de 1857,Partido Liberal
Guerrero,Félix María Aburto Manuel Parra Onofre Arellano José María Pérez Hernández,23 de marzo de 1857 - 2 de diciembre de 1857,
Guerrero,Vicente Jiménez,3 de diciembre de 1857 - 31 de mayo de 1858,
Guerrero,José María Bernal,1 de junio de 1858 - 24 de junio de 1858,
Guerrero,Vicente Jiménez,25 de junio de 1858 - 3 de junio de 1860,
Guerrero,Anselmo Torija,4 de junio de 1860 - 19 de noviembre de 1860,
Guerrero,Vicente Jiménez,20 de noviembre de 1860 - 4 de julio de 1861,
Guerrero,Mariano Nava,5 de julio de 1861 - 19 de febrero de 1862,
Guerrero,Anselmo Torija,20 de febrero de 1862 - 5 de mayo de 1862,
Guerrero,Diego Álvarez,6 de mayo de 1862 - 24 de enero de 1869,Partido Liberal
Guerrero,Francisco O. Arce,25 de enero de 1869 - 28 de febrero de 1873,Militar
Guerrero,Diego Álvarez,1 de marzo de 1873 - 19 de diciembre de 1876,Partido Liberal
Guerrero,Vicente Jiménez,20 de diciembre de 1876 - 7 de mayo de 1877,
Guerrero,Rafael Cuéllar,25 de mayo de 1877 - 2 de octubre de 1877,Círculo Nacional Porfirista
Guerrero,Rafael Cuéllar,3 de octubre de 1877 - 31 de marzo de 1881,Círculo Nacional Porfirista
Guerrero,Diego Álvarez,1 de abril de 1881 - 31 de marzo de 1885,Partido Liberal
Guerrero,Francisco O. Arce,1 de abril de 1885 - 31 de marzo de 1889,Militar
Guerrero,Francisco O. Arce,1 de abril de 1889 - 31 de marzo de 1893,Militar
Guerrero,Manuel Parra,31 de marzo de 1893 - 3 de abril de 1893,
Guerrero,Mariano Ortiz de Montellano,3 de abril de 1893 - 28 de diciembre de 1893,
Guerrero,Antonio Mercenario,30 de diciembre de 1893 - 31 de marzo de 1894,Militar
Guerrero,Antonio Mercenario,1 de abril de 1894 - 31 de marzo de 1897,Militar
Guerrero,Antonio Mercenario,1 de abril de 1897 - 15 de enero de 1901,Militar
Guerrero,Agustín Mora,16 de enero de 1901 - 1 de abril de 1901,Círculo Nacional Porfirista
Guerrero,Agustín Mora,1 de abril de 1901 - 13 de febrero de 1904,Círculo Nacional Porfirista
Guerrero,Carlos Guevara,13 de febrero de 1904 - 8 de abril de 1904,
Guerrero,Manuel Guillén,8 de abril de 1904 - 1 de abril de 1905,Círculo Nacional Porfirista
Guerrero,Manuel Guillén,1 de abril de 1905 - 20 de agosto de 1907,Círculo Nacional Porfirista
Guerrero,Damián Flores,21 de agosto de 1907 - 3 de febrero de 1908,Círculo Nacional Porfirista
Guerrero,Damián Flores,3 de febrero de 1908 - 20 de abril de 1911,Círculo Nacional Porfirista
Guerrero,Silvano Saavedra Apolonio,20 de abril de 1911 - 2 de mayo de 1911,
Guerrero,Teófilo Escudero Sánchez,2 de mayo de 1911 - 14 de mayo de 1911,
Guerrero,Francisco Figueroa Mata,17 de mayo de 1911 - 30 de noviembre de 1911,Maderista
Guerrero,José Inocente Lugo,1 de diciembre de 1911 - 31 de marzo de 1913,Partido Liberal Constitucionalista
Guerrero,Manuel Zozaya,1 de abril de 1913 - 1 de febrero de 1914,Militar
Guerrero,Juan A. Poloney,2 de febrero de 1914 - 9 de marzo de 1914,Militar
Guerrero,Antonio G. Olea,10 de marzo de 1914 - 14 de abril de 1914,Militar
Guerrero,Luis G. Cartón,abril de 1914,Militar
Guerrero,Jesús H. Salgado,28 de marzo de 1914 - 24 de diciembre de 1914,Militar
Guerrero,Julián Blanco,26 de diciembre de 1914 - 6 de agosto de 1915,Militar
Guerrero,Simón Díaz Estrada,11 de agosto de 1915 - 30 de junio de 1916,Militar
Guerrero,Natalio Nava,1 de julio de 1916 - 31 de julio de 1916,
Guerrero,Simón Díaz Estrada,31 de julio de 1916 - 7 de noviembre de 1916,Militar
Guerrero,Silvestre G. Mariscal,8 de noviembre de 1916 - 2 de junio de 1917,Militar
Guerrero,Julio Adams Adame,30 de junio de 1917 - 20 de julio de 1917,
Guerrero,Silvestre G. Mariscal,21 de julio de 1917 - 26 de enero de 1918,Militar
Guerrero,Julio Adams Adame,26 de enero de 1918 - 11 de agosto de 1918,
Guerrero,Francisco Figueroa Mata,16 de diciembre de 1918 - 1 de abril de 1921,Carrancista
Guerrero,Rodolfo Neri Lacunza,1 de abril de 1921 - 1923,Partido Liberal Constitucionalista
Guerrero,Teófilo Escudero Sánchez,1923 - 30 de noviembre de 1923,Obregonista
Guerrero,Urbano Lavin,30 de noviembre de 1923 - 19 de marzo de 1924,Delahuertista
Guerrero,Rodolfo Neri Lacunza,19 de marzo de 1924 - 31 de marzo de 1925,Partido Liberal Constitucionalista
Guerrero,Héctor F. López Mena,1 de abril de 1925 - 1 de febrero de 1928,Obregonista
Guerrero,Enrique R. Martínez,1 de febrero de 1928 - 31 de marzo de 1928,Delahuertista
Guerrero,Adrián Castrejón Castrejón,1 de abril de 1928 - 31 de marzo de 1933,Partido Nacional Revolucionario
Guerrero,Gabriel R. Guevara,1 de abril de 1933 - 5 de noviembre de 1935,Partido Nacional Revolucionario
Guerrero,José Inocente Lugo,5 de noviembre de 1935 - 1 de abril de 1937,Partido Nacional Revolucionario
Guerrero,Alberto F. Berber,1 de abril de 1937 - 19 de febrero de 1941,Partido de la Revolución Mexicana
Guerrero,Carlos F. Carrasco Cardoso,19 de febrero de 1941 - 1 de julio de 1941,Partido de la Revolución Mexicana
Guerrero,Gerardo R. Catalán Calvo,1 de julio de 1941 - 1 de abril de 1945,Partido de la Revolución Mexicana
Guerrero,Baltazar R. Leyva Mancilla,1 de abril de 1945 - 31 de marzo de 1951,Partido Revolucionario Institucional
Guerrero,Alejandro Gómez Maganda,1 de abril de 1951 - 21 de mayo de 1954,Partido Revolucionario Institucional
Guerrero,Darío L. Arrieta Mateos,21 de mayo de 1954 - 1 de abril de 1957,Partido Revolucionario Institucional
Guerrero,Raúl Caballero Aburto,1 de abril de 1957 - 4 de enero de 1961,Partido Revolucionario Institucional
Guerrero,Arturo Martínez Adame,4 de enero de 1961 - 31 de marzo de 1963,Partido Revolucionario Institucional
Guerrero,Raymundo Abarca Alarcón,1 de abril de 1963 - 31 de marzo de 1969,Partido Revolucionario Institucional
Guerrero,Caritino Maldonado Pérez,1 de abril de 1969 - 17 de abril de 1971,Partido Revolucionario Institucional
Guerrero,Roberto Rodríguez Mercado,17 de abril de 1971 - 20 de abril de 1971,Partido Revolucionario Institucional
Guerrero,Israel Nogueda Otero,20 de abril de 1971 - 31 de enero de 1975,Partido Revolucionario Institucional
Guerrero,Xavier Olea Muñoz,31 de enero de 1975 - 1 de abril de 1975,Partido Revolucionario Institucional
Guerrero,Rubén Figueroa Figueroa,1 de abril de 1975 - 31 de marzo de 1981,Partido Revolucionario Institucional
Guerrero,Alejandro Cervantes Delgado,1 de abril de 1981 - 31 de marzo de 1987,Partido Revolucionario Institucional
Guerrero,José Francisco Ruiz Massieu,1 de abril de 1987 - 31 de marzo de 1993,Partido Revolucionario Institucional
Guerrero,Rubén Figueroa Alcocer,1 de abril de 1993 - 12 de marzo de 1996,Partido Revolucionario Institucional
Guerrero,Ángel Aguirre Rivero,12 de marzo de 1996 - 31 de marzo de 1999,Partido Revolucionario Institucional
Guerrero,René Juárez Cisneros,1 de abril de 1999 - 31 de marzo de 2005,Partido Revolucionario Institucional
Guerrero,Zeferino Torreblanca Galindo,1 de abril de 2005 - 31 de marzo de 2011,Partido de la Revolución Democrática
Guerrero,Ángel Aguirre Rivero,1 de abril de 2011 - 24 de octubre de 2014,Partido de la Revolución Democrática
Guerrero,Jesús Martínez Garnelo,24 de octubre de 2014 - 26 de octubre de 2014,Independiente
Guerrero,Rogelio Ortega Martínez,26 de octubre de 2014 - 24 de abril de 2015,Partido de la Revolución Democrática
Guerrero,David Cienfuegos Salgado,24 de abril de 2015 - 27 de abril de 2015,Independiente
Guerrero,Rogelio Ortega Martínez,27 de abril de 2015 - 26 de octubre de 2015,Partido de la Revolución Democrática
Guerrero,Héctor Astudillo Flores,27 de octubre de 2015 - 14 de octubre de 2021,Partido Revolucionario Institucional
Guerrero,Evelyn Salgado Pineda,Desde el 15 de octubre de 2021,Movimiento de Regeneración Nacional
Hidalgo,Juan Crisóstomo Doria González,27 de enero de 1869 - 27 de mayo de 1869,
Hidalgo,Antonino P. Tagle,28 de mayo de 1869 - 31 de marzo de 1873,
Hidalgo,Francisco de Asís Osorio,7 de mayo de 1870 - 5 de junio de 1870,
Hidalgo,Antonino P. Tagle,5 de junio de 1870 - 7 de noviembre de 1870,
Hidalgo,Francisco de Asís Osorio,7 de noviembre de 1870 - 21 de noviembre de 1870,
Hidalgo,Antonino P. Tagle,21 de noviembre de 1870 - 15 de febrero de 1871,
Hidalgo,Francisco de Asís Osorio,15 de febrero de 1871 - 3 de julio de 1871,
Hidalgo,Antonino P. Tagle,31 de julio de 1871 - 28 de enero de 1872,
Hidalgo,Francisco de Asís Osorio,28 de enero de 1872 - 2 de agosto de 1872,
Hidalgo,Justino Fernández Mondoño,1 de abril de 1873 - 20 de noviembre de 1876,
Hidalgo,Joaquín Claro Tapia,20 de noviembre de 1876 - 25 de noviembre de 1876,
Hidalgo,Rafael Cravioto Moreno,25 de noviembre de 1876 - 9 de diciembre de 1876,Militar
Hidalgo,Francisco Cravioto Moreno,10 de diciembre de 1876 - 26 de enero de 1877,Militar
Hidalgo,Manuel Ayala,26 de enero de 1877 - 5 de mayo de 1877,Militar
Hidalgo,Rafael Cravioto Moreno,5 de mayo de 1877 - 31 de marzo de 1881,Militar
Hidalgo,Simón Cravioto Moreno,1 de abril de 1881 - 31 de marzo de 1885,
Hidalgo,Francisco Cravioto Moreno,1 de abril de 1885 - 31 de marzo de 1889,Militar
Hidalgo,Ignacio Nieva,1889 - 1889,
Hidalgo,Rafael Cravioto Moreno,1 de abril de 1889 - 31 de marzo de 1893,Militar
Hidalgo,Rafael Cravioto Moreno,1 de abril de 1893 - 31 de marzo de 1897,Militar
Hidalgo,Ramón F. Riveroll,1897 - 1897,
Hidalgo,Francisco de P. Arciniega,1897 - 1897,
Hidalgo,Buenaventura Gómez,1897 - 1897,
Hidalgo,Miguel Flores,1897 - 1897,
Hidalgo,Domingo Romero,1897 - 1897,
Hidalgo,Jesús Barranco Sierra,1897 - 1897,
Hidalgo,Rafael Cravioto Moreno,1 de abril de 1897 - 20 de agosto de 1897,Militar
Hidalgo,Francisco Valenzuela,20 de agosto de 1897 - 3 de noviembre de 1897,
Hidalgo,Pedro Ladislao Rodríguez,3 de noviembre de 1897 - 31 de marzo de 1901,
Hidalgo,Pedro Ladislao Rodríguez,1 de abril de 1901 - 31 de marzo de 1905,
Hidalgo,Pedro Ladislao Rodríguez,1 de abril de 1905 - 31 de marzo de 1909,
Hidalgo,Francisco Hernández,1909 - 1909,
Hidalgo,Pedro Ladislao Rodríguez,1 de abril de 1905 - 15 de mayo de 1911,
Hidalgo,Joaquín González,16 de mayo de 1911 - 5 de junio de 1911,
Hidalgo,Jesús Silva Espinoza,5 de junio de 1911 - 16 de junio de 1911,
Hidalgo,Emilio Asiáin,17 de junio de 1911,
Hidalgo,Jesús Silva Espinoza,18 de junio de 1911 - 4 de octubre de 1911,
Hidalgo,Ramón M. Rosales Rodríguez,5 de octubre de 1911 - 15 de mayo de 1912,
Hidalgo,Amador Castañeda Jaimes,15 de mayo de 1912 - 18 de octubre de 1912,
Hidalgo,Miguel Lara,19 de octubre de 1912 - 31 de mayo de 1913,
Hidalgo,Filiberto Rubio,5 de diciembre de 1912 - 12 de diciembre de 1912,
Hidalgo,Ramón M. Rosales Rodríguez,1 de abril de 1913 - 3 de julio de 1913,
Hidalgo,Joaquín González,10 de abril de 1913 - 14 de abril de 1913,
Hidalgo,Ramón M. Rosales Rodríguez,14 de abril de 1913 - 10 de junio de 1913,
Hidalgo,Joaquín González,10 de junio de 1913 - 14 de junio de 1913,
Hidalgo,Ramón M. Rosales Rodríguez,14 de junio de 1913 - 30 de junio de 1913,
Hidalgo,Francisco de P. Olvera,30 de junio de 1913 - 2 de julio de 1913,
Hidalgo,Ramón M. Rosales Rodríguez,2 de julio de 1913 - 4 de julio de 1913,
Hidalgo,Agustín Sanguínes,4 de julio de 1913 - 24 de septiembre de 1913,Militar
Hidalgo,Agustín Pérez,25 de septiembre de 1913 - 28 de septiembre de 1913,
Hidalgo,Agustín Sanguínes,29 de septiembre de 1913 - 24 de diciembre de 1913,Militar
Hidalgo,Agustín Pérez,25 de diciembre de 1913 - 1 de enero de 1914,
Hidalgo,Agustín Sanguínes,2 de enero de 1914 - 4 de agosto de 1914,Militar
Hidalgo,Froilán Jiménez,4 de agosto de 1914,
Hidalgo,Nicolás Flores Rubio,5 de agosto de 1914 - 6 de octubre de 1914,Militar
Hidalgo,Filiberto Rubio,7 de octubre de 1914 - 20 de octubre de 1914,
Hidalgo,Nicolás Flores Rubio,21 de octubre de 1914 - 29 de noviembre de 1914,Militar
Hidalgo,Manuel Medina Veytia,30 de noviembre de 1914 - 3 de diciembre de 1914,Militar
Hidalgo,Almaquio Tovar,3 de diciembre de 1914 - 4 de diciembre de 1914,Militar
Hidalgo,Daniel Cerecedo Estrada,4 de diciembre de 1914 - 19 de enero de 1915,Militar
Hidalgo,Vicente Salazar,20 de enero de 1915 - 25 de enero de 1915,Militar
Hidalgo,Roberto Martínez y Martínez,25 de enero de 1915 - 10 de febrero de 1915,Militar
Hidalgo,Fortunato Maycotte,11 de febrero de 1915 - 22 de febrero de 1915,Militar
Hidalgo,Alfredo J. Machuca,23 de febrero de 1915 - 4 de marzo de 1915,Militar
Hidalgo,José L. Aguilar,5 de marzo de 1915 - 8 de marzo de 1915,Militar
Hidalgo,Alfredo J. Machuca,9 de marzo de 1915 - 15 de junio de 1915,Militar
Hidalgo,Fernando Lizardi,16 de junio de 1915 - 3 de julio de 1915,
Hidalgo,Miguel Gómez Noriega,3 de julio de 1915 - 16 de julio de 1915,
Hidalgo,José Kotuscey,16 de julio de 1915 - 19 de julio de 1915,
Hidalgo,Roberto Martínez y Martínez,19 de julio de 1915 - 28 de julio de 1915,Militar
Hidalgo,José de la Luz Romero,29 de julio de 1915,Militar
Hidalgo,Miguel Gómez Noriega,30 de julio de 1915 - 2 de agosto de 1915,
Hidalgo,Nicolás Flores Rubio,2 de agosto de 1915 - 5 de enero de 1917,Militar
Hidalgo,Alfredo Rodríguez,5 de enero de 1917 - 28 de junio de 1917,Militar
Hidalgo,Nicolás Flores Rubio,28 de junio de 1917 - 29 de septiembre de 1917,Militar
Hidalgo,Gustavo Durán,29 de septiembre de 1917 - 6 de octubre de 1917,
Hidalgo,Nicolás Flores Rubio,6 de octubre de 1917 - 13 de julio de 1917,
Hidalgo,Ernesto Castillo,13 de julio de 1917 - 18 de julio de 1917,
Hidalgo,Nicolás Flores Rubio,18 de julio de 1917 - 11 de mayo de 1919,
Hidalgo,Ernesto Castillo,11 de mayo de 1919,
Hidalgo,Nicolás Flores Rubio,11 de mayo de 1919 - 23 de agosto de 1919,
Hidalgo,Ernesto Castillo,23 de agosto de 1919 - 30 de agosto de 1919,
Hidalgo,Nicolás Flores Rubio,30 de agosto de 1919 - 26 de diciembre de 1920,
Hidalgo,Pablo Salinas Gil,15 de octubre de 1922 - 22 de octubre de 1922,
Hidalgo,Nicolás Flores Rubio,22 de octubre de 1922 - 26 de diciembre de 1922,
Hidalgo,Ernesto Castillo,26 de diciembre de 1920 - 30 de diciembre de 1920,
Hidalgo,Nicolás Flores Rubio,30 de diciembre de 1920 - 12 de febrero de 1921,
Hidalgo,Ernesto Castillo,12 de febrero de 1921 - 19 de febrero de 1921,
Hidalgo,Nicolás Flores Rubio,19 de febrero de 1921 - 30 de marzo de 1921,
Hidalgo,Filiberto Rubio,30 de marzo de 1921 - 1 de abril de 1921,
Hidalgo,Amado Azuara,1 de abril de 1921 - 2 de abril de 1921,
Hidalgo,Néstor González y Guzmán,2 de abril de 1921 - 4 de abril de 1921,
Hidalgo,Amado Azuara,4 de abril de 1921 - 26 de abril de 1921,
Hidalgo,Susano Hernández,26 de abril de 1921 - 1 de mayo de 1921,
Hidalgo,Amado Azuara,1 de mayo de 1921 - 21 de junio de 1921,
Hidalgo,Arnulfo Cárdenas,21 de junio de 1921 - 24 de junio de 1921,
Hidalgo,Amado Azuara,24 de junio de 1921 - 30 de junio de 1921,
Hidalgo,Alberto Cravioto Galindo,30 de junio de 1921 - 3 de julio de 1921,
Hidalgo,Amado Azuara,3 de julio de 1921 - 30 de julio de 1921,
Hidalgo,Alberto Cravioto Galindo,30 de julio de 1921 - 14 de agosto de 1921,
Hidalgo,Amado Azuara,14 de agosto de 1921 - 2 de noviembre de 1923,
Hidalgo,Manuel Asiain,¿-?,
Hidalgo,Julio Ortega,¿-?,
Hidalgo,Miguel Melo,2 de noviembre de 1923 - 3 de noviembre de 1923,
Hidalgo,Antonio Azuara,3 de noviembre de 1923 - 16 de julio de 1924,Militar
Hidalgo,Daniel Téllez Escudero,16 de julio de 1924 - 31 de marzo de 1925,
Hidalgo,Matías Rodríguez Melgarejo,1 de abril de 1925 - 31 de marzo de 1929,
Hidalgo,Fausto Trejo Lauro Alburquerque José Lugo Guerrero Raymundo L. Gómez Rafael Márquez Vega,¿-?,
Hidalgo,Bartolomé Vargas Lugo,1 de abril de 1929 - 31 de marzo de 1933,Partido Nacional Revolucionario
Hidalgo,Ernesto Viveros Pérez,1 de abril de 1933 - 31 de marzo de 1937,Partido Nacional Revolucionario
Hidalgo,Rafael Martínez Vega,¿ - ?,Partido Nacional Revolucionario
Hidalgo,Javier Rojo Gómez,1 de abril de 1937 - 30 de noviembre de 1940,Partido de la Revolución Mexicana
Hidalgo,Polioptro Martínez,24 de noviembre de 1939 - 8 de diciembre de 1939,Partido de la Revolución Mexicana
Hidalgo,Otilio Villegas Lara,1 de diciembre de 1940 - 31 de marzo de 1941,Partido de la Revolución Mexicana
Hidalgo,José Lugo Guerrero,1 de abril de 1941 - 31 de marzo de 1945,Partido de la Revolución Mexicana
Hidalgo,Vicente Aguirre del Castillo,1 de abril de 1945 - 31 de marzo de 1951,Partido de la Revolución Mexicana
Hidalgo,Quintín Rueda Villagrán (1905-1973),1 de abril de 1951 - 31 de marzo de 1957,Partido Revolucionario Institucional
Hidalgo,Próspero Macotela Cravioto,¿ - ?,Partido Revolucionario Institucional
Hidalgo,Alfonso Corona del Rosal (1906-2000),1 de abril de 1957 - 6 de diciembre de 1958,Partido Revolucionario Institucional
Hidalgo,Oswaldo Cravioto Cisneros,6 de diciembre de 1958 - 31 de marzo de 1963,Partido Revolucionario Institucional
Hidalgo,Carlos Ramírez Guerrero (1909-1983),1 de abril de 1963 - 31 de marzo de 1969,Partido Revolucionario Institucional
Hidalgo,Manuel Sánchez Vite (1915-1994),1 de abril de 1969 - 5 de diciembre de 1970,Partido Revolucionario Institucional
Hidalgo,Donaciano Serna Leal (1919-2001),6 de diciembre de 1970 - 1 de marzo de 1972,Partido Revolucionario Institucional
Hidalgo,Manuel Sánchez Vite (1915-1994),2 de marzo de 1972 - 31 de marzo de 1975,Partido Revolucionario Institucional
Hidalgo,Otoniel Miranda Andrade (1926),1 de abril de 1975 - 29 de abril de 1975,Partido Revolucionario Institucional
Hidalgo,Raúl Lozano Ramírez (1911-2006),29 de abril de 1975 - 7 de septiembre de 1975,Partido Revolucionario Institucional
Hidalgo,Jorge Rojo Lugo (1933-2010),7 de septiembre de 1975 - 1 de diciembre de 1976,Partido Revolucionario Institucional
Hidalgo,José Luis Suárez Molina (1920-2022),1 de diciembre de 1976 - 31 de mayo de 1978,Partido Revolucionario Institucional
Hidalgo,Jorge Rojo Lugo (1933-2010),1 de julio de 1978 - 31 de marzo de 1981,Partido Revolucionario Institucional
Hidalgo,Guillermo Rossell de la Lama (1925-2010),1 de abril de 1981 - 31 de marzo de 1987,Partido Revolucionario Institucional
Hidalgo,Adolfo Lugo Verduzco (1933-2022),1 de abril de 1987 - 31 de marzo de 1993,Partido Revolucionario Institucional
Hidalgo,Jesús Murillo Karam (1948),1 de abril de 1993 - 28 de octubre de 1998,Partido Revolucionario Institucional
Hidalgo,Humberto Lugo Gil (1934-2013),28 de octubre de 1998 - 31 de marzo de 1999,Partido Revolucionario Institucional
Hidalgo,Manuel Ángel Núñez Soto (1951),1 de abril de 1999 - 31 de marzo de 2005,Partido Revolucionario Institucional
Hidalgo,Miguel Ángel Osorio Chong (1964),1 de abril de 2005 - 31 de marzo de 2011,Partido Revolucionario Institucional
Hidalgo,José Francisco Olvera Ruiz (1956),1 de abril de 2011 - 4 de septiembre de 2016,Partido Revolucionario Institucional
Hidalgo,Omar Fayad Meneses (1962),5 de septiembre de 2016 - 4 de septiembre de 2022,Partido Revolucionario Institucional
Jalisco,Luis Quintanar,21 de junio de 1823 - 17 de junio de 1824,Militar
Jalisco,José Ma. Castañeda y Medina,17 de junio de 1824 - 3 de julio de 1824,¿?
Jalisco,Rafael Dávila,4 de julio de 1824 - 23 de octubre de 1824,¿?
Jalisco,Juan Nepomuceno Cumplido,24 de octubre de 1824 - 23 de enero de 1825,¿?
Jalisco,Prisciliano Sánchez Padilla,24 de enero de 1825 - 29 de diciembre de 1826,¿?
Jalisco,José María Echauri,30 de diciembre de 1826 - 18 de enero de 1827,¿?
Jalisco,Juan Nepomuceno Cumplido,19 de enero de 1827 - 23 de septiembre de 1828,¿?
Jalisco,José Justo Corro,24 de septiembre de 1828 - 28 de febrero de 1829,¿?
Jalisco,José Ignacio Cañedo y Arróniz,1 de marzo de 1829 - 6 de febrero de 1830,¿?
Jalisco,José Ignacio Herrera y Cairo,7 de febrero de 1830 - 4 de marzo de 1830,¿?
Jalisco,Ramón Navarro,8 de marzo de 1830 - 15 de marzo de 1830,¿?
Jalisco,Juan Nepomuceno Cumplido,15 de marzo de 1830 - 29 de julio de 1830,¿?
Jalisco,José Ignacio Cañedo y Arróniz,29 de julio de 1830 - 25 de octubre de 1830,¿?
Jalisco,José Ignacio Herrera y Cairo,26 de octubre de 1830 - 14 de febrero de 1831,¿?
Jalisco,José Ignacio Cañedo y Arróniz,15 de febrero de 1831 - 19 de agosto de 1832,¿?
Jalisco,José Ignacio Herrera y Cairo,20 de agosto de 1832 - 19 de febrero de 1833,¿?
Jalisco,Pedro Tamés Jurado,1 de marzo de 1833 - 16 de junio de 1834,¿?
Jalisco,Francisco Cortés Valdivia,17 de junio de 1834 - 17 de junio de 1834,¿?
Jalisco,Santiago Guzmán Parra,18 de junio de 1834 - 22 de junio de 1834,¿?
Jalisco,Juan Nepomuceno Cumplido,23 de junio de 1834 - 11 de agosto de 1834,¿?
Jalisco,José Antonio Romero,12 de agosto de 1834 - 1 de diciembre de 1834,¿?
Jalisco,José Antonio Romero,2 de diciembre de 1834 - 5 de enero de 1836,¿?
Jalisco,Antonio Escobedo,5 de enero de 1836 - 25 de enero de 1836,¿?
Jalisco,José Antonio Romero,25 de enero de 1836 - 18 de junio de 1836,¿?
Jalisco,Antonio Escobedo,19 de junio de 1836 - 30 de diciembre de 1836,¿?
Jalisco,Antonio Escobedo,30 de diciembre de 1836 - noviembre de 1837,¿?
Jalisco,José Justo Corro,Noviembre de 1837 - diciembre de 1837,¿?
Jalisco,Antonio Escobedo,Diciembre de 1837 - 8 de agosto de 1841,¿?
Jalisco,Mariano Paredes y Arrillaga,12 de agosto de 1841 - 9 de septiembre de 1841,Militar
Jalisco,Joaquín Castañeda,10 de septiembre de 1841 - 4 de noviembre de 1841,¿?
Jalisco,Mariano Paredes y Arrillaga,Mayo de 1842 - enero de 1843,Militar
Jalisco,José María Jarero,5 de febrero de 1843 - 23 de marzo de 1843,Militar
Jalisco,José Antonio Mozo,Mayo de 1843 - febrero de 1844,Militar
Jalisco,Manuel Antonio Cañedo,2 de marzo de 1844 - 9 de marzo de 1844,¿?
Jalisco,Pánfilo Galindo,Marzo de 1844 - mayo de 1844,Militar
Jalisco,Antonio Escobedo,6 de mayo de 1844 - 20 de mayo de 1846,¿?
Jalisco,Juan Nepomuceno Cumplido,20 de mayo de 1846 - 6 de junio de 1846,¿?
Jalisco,José María Yáñez,12 de junio de 1846 - 14 de agosto de 1846,Militar
Jalisco,Juan Nepomuceno Cumplido,15 de agosto de 1846 - 22 de agosto de 1846,¿?
Jalisco,Juan Nepomuceno Cumplido,22 de agosto de 1846 - 23 de noviembre de 1846,
Jalisco,Joaquín Angulo,24 de noviembre de 1846 - septiembre de 1847,¿?
Jalisco,Sabás Sánchez Hidalgo,Septiembre de 1847 - septiembre de 1847,¿?
Jalisco,Joaquín Angulo,Septiembre de 1847 - 29 de febrero de 1848,¿?
Jalisco,José Guadalupe Montenegro,1 de marzo de 1848,¿?
Jalisco,Joaquín Angulo,2 de marzo de 1848 - 22 de marzo de 1848,¿?
Jalisco,José Guadalupe Montenegro,23 de marzo de 1848 - 1 de mayo de 1848,Militar
Jalisco,Joaquín Angulo,2 de mayo de 1848 - 7 de agosto de 1848,¿?
Jalisco,José Guadalupe Montenegro,8 de agosto de 1848 - 19 de noviembre de 1848,Militar
Jalisco,Joaquín Angulo,20 de noviembre de 1848 - 12 de abril de 1849,¿?
Jalisco,José Guadalupe Montenegro,13 de abril de 1849 - 25 de abril de 1849,Militar
Jalisco,Joaquín Angulo,26 de abril de 1849 - 15 de octubre de 1849,¿?
Jalisco,José Guadalupe Montenegro,16 de octubre de 1849 - 14 de noviembre de 1849,Militar
Jalisco,Joaquín Angulo,15 de noviembre de 1849 - 10 de marzo de 1850,¿?
Jalisco,José Guadalupe Montenegro,11 de marzo de 1850 - 9 de mayo de 1850,Militar
Jalisco,Joaquín Angulo,10 de mayo de 1850 - 20 de junio de 1850,¿?
Jalisco,José Guadalupe Montenegro,21 de junio de 1850 - 19 de julio de 1850,Militar
Jalisco,Joaquín Angulo,20 de julio de 1850 - 26 de julio de 1850,¿?
Jalisco,José Guadalupe Montenegro,27 de julio de 1850 - 11 de octubre de 1850,Militar
Jalisco,Joaquín Angulo,12 de octubre de 1850 - septiembre de 1851,¿?
Jalisco,José Guadalupe Montenegro,Septiembre de 1851 - octubre de 1851,Militar
Jalisco,Joaquín Angulo,Octubre de 1851 - 29 de febrero de 1852,¿?
Jalisco,Jesús López Portillo,1 de marzo de 1852 - 26 de julio de 1852,¿?
Jalisco,Gregorio Dávila,26 de julio de 1852 - 13 de septiembre de 1852,Partido Liberal
Jalisco,José María Blancarte,13 de septiembre de 1852 - 20 de octubre de 1852,Militar
Jalisco,José María Yáñez,20 de octubre de 1852 - 10 de junio de 1853,Militar
Jalisco,José Palomar y Rueda,10 de junio de 1853 - 16 de julio de 1853,¿?
Jalisco,José María Ortega,17 de julio de 1853 - 13 de mayo de 1855,Militar
Jalisco,Manuel Gamboa,14 de mayo de 1855 - 22 de agosto de 1855,Militar
Jalisco,Ignacio Comonfort,23 de agosto de 1855 - 31 de agosto de 1855,Militar
Jalisco,José Santos Degollado,1 de septiembre de 1855 - 4 de enero de 1856,Partido Liberal
Jalisco,Gregorio Dávila,4 de enero de 1856 - 5 de febrero de 1856,Partido Liberal
Jalisco,José Santos Degollado,6 de febrero de 1856 - 30 de mayo de 1856,Partido Liberal
Jalisco,José Ignacio Herrera y Cairo,30 de mayo de 1856 - 30 de julio de 1856,Partido Liberal
Jalisco,Anastasio Parrodi,31 de julio de 1856 - 16 de diciembre de 1856,Militar
Jalisco,Gregorio Dávila,17 de diciembre de 1856 - 8 de febrero de 1857,Partido Liberal
Jalisco,Anastasio Parrodi,2 de marzo de 1857 - 18 de enero de 1858,Militar
Jalisco,Jesús Leandro Camarena,18 de enero de 1858 - 17 de marzo de 1858,Partido Liberal
Jalisco,José Silverio Núñez,17 de marzo de 1858 - 23 de marzo de 1858,Partido Liberal
Jalisco,Urbano Tovar,24 de marzo de 1858 - 6 de abril de 1858,Partido Conservador
Jalisco,Pedro Ogazón,7 de abril de 1858,Partido Liberal
Jalisco,Urbano Tovar,8 de abril de 1858 - 2 de junio de 1858,Partido Conservador
Jalisco,Francisco García Casanova,3 de junio de 1858 - 23 de septiembre de 1858,¿?
Jalisco,José María Blancarte,24 de septiembre de 1858 - 28 de octubre de 1858,Militar
Jalisco,Pedro Ogazón,29 de octubre de 1858 - 16 de diciembre de 1858,Partido Liberal
Jalisco,José Quintanilla,18 de diciembre de 1858 - 8 de enero de 1859,Militar
Jalisco,Leonardo Márquez,8 de enero de 1859 - 20 de marzo de 1859,Partido Conservador
Jalisco,Luis Tapia,27 de marzo de 1859 - 14 de mayo de 1859,Partido Conservador
Jalisco,Leonardo Márquez,15 de mayo de 1859 - 28 de mayo de 1859,Partido Conservador
Jalisco,Luis Tapia,29 de mayo de 1859 - 2 de septiembre de 1859,Partido Conservador
Jalisco,Leonardo Márquez,3 de septiembre de 1859 - 14 de noviembre de 1859,Partido Conservador
Jalisco,Luis Tapia,15 de noviembre de 1859 - 14 de diciembre de 1859,Partido Conservador
Jalisco,Adrián Woll,15 de diciembre de 1859 - 24 de mayo de 1860,Partido Conservador
Jalisco,Pedro Espejo,Mayo de 1860 - mayo de 1860,Partido Conservador
Jalisco,Pedro Valadez,24 de mayo de 1860 - 26 de mayo de 1860,Militar
Jalisco,Severo Castillo,Junio de 1860 - 2 de noviembre de 1860,Partido Conservador
Jalisco,Pedro Ogazón,2 de noviembre de 1860 - 30 de julio de 1861,Partido Liberal
Jalisco,Ignacio Luis Vallarta,1 de agosto de 1861 - 1 de septiembre de 1861,Partido Liberal
Jalisco,Pedro Ogazón,2 de septiembre de 1861 - 23 de diciembre de 1861,Partido Liberal
Jalisco,Ignacio Luis Vallarta,23 de diciembre de 1861 - 11 de febrero de 1862,Partido Liberal
Jalisco,Pedro Ogazón,12 de febrero de 1862 - octubre de 1862,Partido Liberal
Jalisco,Manuel Doblado,Octubre de 1862 - 5 de diciembre de 1862,Partido Liberal
Jalisco,Jesús López Portillo,6 de diciembre de 1862 - 17 de diciembre de 1862,¿?
Jalisco,Manuel Doblado,Diciembre de 1862 - marzo de 1863,Partido Liberal
Jalisco,Pedro Ogazón,Marzo de 1863 - 20 de junio de 1863,Partido Liberal
Jalisco,José María Arteaga,20 de junio de 1863 - 2 de julio de 1863,Partido Liberal
Jalisco,Ángel Bravo,2 de julio de 1863 - 31 de diciembre de 1863,Militar
Jalisco,José María Arteaga,31 de diciembre de 1864 - 24 de julio de 1864,Partido Liberal
Jalisco,Anacleto Herrera y Cairo,24 de julio de 1864 - septiembre de 1864,Partido Liberal
Jalisco,José María Gutiérrez Hermosillo,Septiembre de 1864 - octubre de 1864,¿?
Jalisco,Eulogio Parra,21 de diciembre de 1866 - 26 de diciembre de 1866,Partido Liberal
Jalisco,Donato Guerra,27 de diciembre de 1866 - 16 de enero de 1867,Partido Liberal
Jalisco,Antonio Gómez Cuervo,16 de enero de 1867 - 8 de diciembre de 1867,Partido Liberal
Jalisco,Antonio Gómez Cuervo,8 de diciembre de 1867 - 17 de mayo de 1868,Partido Liberal
Jalisco,Emeterio Robles Gil,18 de mayo de 1868 - 1 de marzo de 1869,Partido Liberal
Jalisco,Antonio Gómez Cuervo,2 de marzo de 1869 - 17 de enero de 1870,Partido Liberal
Jalisco,Florentino Carrillo,17 de enero de 1870 - 6 de abril de 1870,Militar
Jalisco,Antonio Gómez Cuervo,6 de abril de 1870 - 12 de junio de 1870,Partido Liberal
Jalisco,Jesús Leandro Camarena,12 de junio de 1870 - 12 de junio de 1870,Partido Liberal
Jalisco,Antonio Gómez Cuervo,12 de junio de 1870 - 28 de febrero de 1871,Partido Liberal
Jalisco,Aurelio Hermoso,13 de junio de 1870 - 28 de febrero de 1871,Partido Liberal
Jalisco,Jesús Leandro Camarena,1 de marzo de 1871 - 15 de julio de 1871,Partido Liberal
Jalisco,Félix Barrón,15 de julio de 1871 - 26 de septiembre de 1871,¿?
Jalisco,Ignacio Luis Vallarta,27 de septiembre de 1871 - 28 de febrero de 1875,Partido Liberal
Jalisco,Jesús Leandro Camarena,1 de marzo de 1875 - 9 de febrero de 1876,Partido Liberal
Jalisco,José Ceballos,9 de febrero de 1876 - 24 de noviembre de 1876,Militar
Jalisco,Leopoldo Romano,Noviembre de 1876 - enero de 1877,Militar
Jalisco,Jesús Leandro Camarena,6 de enero de 1877 - 28 de febrero de 1879,¿?
Jalisco,Fermín González Riestra,1 de marzo de 1879 - 4 de febrero de 1882,¿?
Jalisco,Antonio I. Morelos,5 de febrero de 1882 - 26 de mayo de 1882,¿?
Jalisco,Pedro Landázuri,26 de mayo de 1882 - 28 de febrero de 1883,¿?
Jalisco,Francisco Tolentino,1 de marzo de 1883 - 9 de septiembre de 1883,Militar
Jalisco,Maximiano Valdovinos,10 de septiembre de 1883 - 1 de octubre de 1883,¿?
Jalisco,Francisco Tolentino,2 de octubre de 1883 - 30 de abril de 1884,Militar
Jalisco,Maximiano Valdovinos,1 de mayo de 1884 - 17 de mayo de 1884,¿?
Jalisco,Francisco Tolentino,18 de mayo de 1884 - 22 de diciembre de 1884,Militar
Jalisco,Maximiano Valdovinos,23 de diciembre de 1884 - 5 de enero de 1885,¿?
Jalisco,Francisco Tolentino,6 de enero de 1885 - 5 de julio de 1885,Militar
Jalisco,Maximiano Valdovinos,6 de julio de 1885 - 23 de julio de 1885,¿?
Jalisco,Francisco Tolentino,24 de julio de 1885 - 1 de febrero de 1886,Militar
Jalisco,Maximiano Valdovinos,2 de febrero de 1886 - 23 de febrero de 1886,¿?
Jalisco,Francisco Tolentino,24 de febrero de 1886 - 27 de mayo de 1886,Militar
Jalisco,Maximiano Valdovinos,28 de mayo de 1886 - 7 de junio de 1886,¿?
Jalisco,Francisco Tolentino,8 de junio de 1886 - 20 de octubre de 1886,Militar
Jalisco,Maximiano Valdovinos,21 de octubre de 1886 - 3 de noviembre de 1886,¿?
Jalisco,Francisco Tolentino,4 de noviembre de 1886 - 28 de febrero de 1887,Militar
Jalisco,Ramón Corona,1 de marzo de 1887 - 22 de septiembre de 1887,Partido Liberal
Jalisco,Luis C. Curiel,23 de septiembre de 1887 - 23 de noviembre de 1887,Militar
Jalisco,Ramón Corona,24 de noviembre de 1887 - 17 de marzo de 1888,Partido Liberal
Jalisco,Juan G. Robles,17 de marzo de 1888 - 18 de marzo de 1888,Militar
Jalisco,Pedro A. Galván,19 de marzo de 1888 - 30 de marzo de 1888,Militar
Jalisco,Ramón Corona,1 de abril de 1888 - 9 de enero de 1889,Partido Liberal
Jalisco,Mariano Bárcena,10 de enero de 1889 - 24 de enero de 1889,¿?
Jalisco,Ramón Corona,25 de enero de 1889 - 21 de marzo de 1889,Partido Liberal
Jalisco,Mariano Bárcena,22 de marzo de 1889 - 31 de marzo de 1889,¿?
Jalisco,Ramón Corona,1 de abril de 1889 - 11 de noviembre de 1889,Partido Liberal
Jalisco,Ventura Anaya y Aranda,11 de noviembre de 1889 - 12 de noviembre de 1889,¿?
Jalisco,Mariano Bárcena,13 de noviembre de 1889 - 6 de mayo de 1890,¿?
Jalisco,Ventura Anaya y Aranda,7 de mayo de 1890 - 30 de mayo de 1890,¿?
Jalisco,Mariano Bárcena,31 de mayo de 1890 - 21 de octubre de 1890,¿?
Jalisco,Luis C. Curiel,22 de octubre de 1890 - 28 de febrero de 1891,Militar
Jalisco,Pedro A. Galván,1 de marzo de 1891 - 5 de abril de 1891,Militar
Jalisco,Miguel Gómez,6 de abril de 1891 - 22 de abril de 1891,¿?
Jalisco,Pedro A. Galván,23 de abril de 1891 - 17 de diciembre de 1891,Militar
Jalisco,Francisco Santa Cruz,18 de diciembre de 1891 - 17 de abril de 1892,Militar
Jalisco,Pedro A. Galván,18 de abril de 1892 - 20 de noviembre de 1892,Militar
Jalisco,Francisco Santa Cruz,21 de noviembre de 1892 - 2 de marzo de 1893,Militar
Jalisco,Luis C. Curiel,2 de marzo de 1893 - 8 de noviembre de 1893,Militar
Jalisco,Francisco Santa Cruz,9 de noviembre de 1893 - 16 de noviembre de 1893,Militar
Jalisco,Luis C. Curiel,17 de noviembre de 1893 - 10 de mayo de 1894,Militar
Jalisco,Gregorio Saavedra,11 de mayo de 1894 - 10 de junio de 1894,Militar
Jalisco,Luis C. Curiel,11 de junio de 1894 - 18 de agosto de 1894,Militar
Jalisco,Gregorio Saavedra,19 de agosto de 1894 - 27 de agosto de 1894,Militar
Jalisco,Luis C. Curiel,28 de agosto de 1894 - 19 de febrero de 1895,Militar
Jalisco,Gregorio Saavedra,20 de febrero de 1895 - 28 de febrero de 1895,Militar
Jalisco,Luis C. Curiel,1 de marzo de 1895 - 17 de junio de 1895,Militar
Jalisco,Gregorio Saavedra,18 de junio de 1895 - 27 de junio de 1895,Militar
Jalisco,Luis C. Curiel,28 de junio de 1895 - 19 de agosto de 1895,Militar
Jalisco,Emilio Robles Núñez,20 de agosto de 1895 - 22 de agosto de 1895,Militar
Jalisco,Luis C. Curiel,23 de agosto de 1895 - 14 de marzo de 1896,Militar
Jalisco,Juan R. Zavala,15 de marzo de 1895 - 30 de marzo de 1896,¿?
Jalisco,Luis C. Curiel,31 de marzo de 1896 - 15 de mayo de 1896,Militar
Jalisco,Gregorio Saavedra,16 de mayo de 1896 - 2 de junio de 1896,Militar
Jalisco,Luis C. Curiel,3 de junio de 1896 - 4 de noviembre de 1896,Militar
Jalisco,Gregorio Saavedra,5 de noviembre de 1896 - 13 de noviembre de 1896,Militar
Jalisco,Luis C. Curiel,14 de noviembre de 1896 - 11 de junio de 1897,Militar
Jalisco,Juan R. Zavala,12 de junio de 1897 - 21 de junio de 1897,¿?
Jalisco,Luis C. Curiel,22 de junio de 1897 - 1 de diciembre de 1897,Militar
Jalisco,Gregorio Saavedra,2 de diciembre de 1897 - 18 de diciembre de 1897,Militar
Jalisco,Luis C. Curiel,19 de diciembre de 1897 - 30 de marzo de 1898,Militar
Jalisco,Juan R. Zavala,31 de marzo de 1898 - 5 de abril de 1898,¿?
Jalisco,Luis C. Curiel,6 de abril de 1898 - 25 de enero de 1899,Militar
Jalisco,Juan R. Zavala,26 de enero de 1899 - 28 de febrero de 1899,¿?
Jalisco,Luis C. Curiel,1 de marzo de 1899 - 25 de mayo de 1899,Militar
Jalisco,Amado Rivas,26 de mayo de 1899 - 12 de junio de 1899,¿?
Jalisco,Luis C. Curiel,13 de junio de 1899 - 18 de agosto de 1899,Militar
Jalisco,Juan R. Zavala,19 de agosto de 1899 - 30 de septiembre de 1899,¿?
Jalisco,Luis C. Curiel,1 de octubre de 1899 - 7 de mayo de 1900,Militar
Jalisco,José Luis García,8 de mayo de 1900 - 28 de mayo de 1900,¿?
Jalisco,Luis C. Curiel,29 de mayo de 1900 - 29 de noviembre de 1900,Militar
Jalisco,Juan R. Zavala,30 de noviembre de 1900 - 27 de diciembre de 1900,¿?
Jalisco,Luis C. Curiel,28 de diciembre de 1900 - 16 de abril de 1901,Militar
Jalisco,Juan R. Zavala,17 de abril de 1901 - 30 de abril de 1901,¿?
Jalisco,Luis C. Curiel,1 de mayo de 1901 - 17 de octubre de 1901,Militar
Jalisco,Juan R. Zavala,18 de octubre de 1901 - 2 de noviembre de 1901,¿?
Jalisco,Luis C. Curiel,3 de noviembre de 1901 - 5 de diciembre de 1901,Militar
Jalisco,Amado Rivas,6 de diciembre de 1901 - 16 de diciembre de 1901,¿?
Jalisco,Luis C. Curiel,17 de diciembre de 1901 - 26 de febrero de 1902,Militar
Jalisco,Juan R. Zavala,27 de febrero de 1902 - 18 de marzo de 1902,¿?
Jalisco,Luis C. Curiel,19 de marzo de 1902 - 27 de agosto de 1902,Militar
Jalisco,Juan R. Zavala,28 de agosto de 1902 - 18 de octubre de 1902,¿?
Jalisco,Luis C. Curiel,19 de octubre de 1902 - 9 de enero de 1903,Militar
Jalisco,Juan R. Zavala,10 de enero de 1903 - 28 de febrero de 1903,¿?
Jalisco,Miguel Ahumada,1 de marzo de 1903 - 13 de abril de 1903,Círculo Nacional Porfirista
Jalisco,Juan R. Zavala,14 de abril de 1903 - 28 de abril de 1903,¿?
Jalisco,Miguel Ahumada,29 de abril de 1903 - 21 de agosto de 1903,Círculo Nacional Porfirista
Jalisco,Juan R. Zavala,22 de agosto de 1903 - 14 de septiembre de 1903,¿?
Jalisco,Miguel Ahumada,15 de septiembre de 1903 - 8 de mayo de 1904,Círculo Nacional Porfirista
Jalisco,Juan R. Zavala,9 de mayo de 1904 - 10 de junio de 1904,¿?
Jalisco,Miguel Ahumada,11 de junio de 1904 - 5 de noviembre de 1904,Círculo Nacional Porfirista
Jalisco,Juan R. Zavala,6 de noviembre de 1904 - 27 de diciembre de 1904,¿?
Jalisco,Miguel Ahumada,28 de diciembre de 1904 - 18 de agosto de 1905,Círculo Nacional Porfirista
Jalisco,Juan R. Zavala,19 de agosto de 1905 - 17 de octubre de 1905,¿?
Jalisco,Miguel Ahumada,18 de octubre de 1905 - 10 de mayo de 1906,Círculo Nacional Porfirista
Jalisco,Juan R. Zavala,11 de mayo de 1906 - 1 de abril de 1906,¿?
Jalisco,Miguel Ahumada,2 de abril de 1906 - 20 de junio de 1906,Círculo Nacional Porfirista
Jalisco,Juan R. Zavala,21 de junio de 1906 - 9 de julio de 1906,¿?
Jalisco,Miguel Ahumada,10 de julio de 1906 - 5 de febrero de 1907,Círculo Nacional Porfirista
Jalisco,Juan R. Zavala,6 de febrero de 1907 - 28 de febrero de 1907,¿?
Jalisco,Miguel Ahumada,1 de marzo de 1907 - 2 de agosto de 1908,Círculo Nacional Porfirista
Jalisco,Juan R. Zavala,3 de agosto de 1908 - 14 de septiembre de 1908,¿?
Jalisco,Miguel Ahumada,15 de septiembre de 1908 - 1 de mayo de 1909,Círculo Nacional Porfirista
Jalisco,Rafael López,2 de mayo de 1909 - 10 de mayo de 1909,¿?
Jalisco,Miguel Ahumada,11 de mayo de 1909 - 2 de enero de 1910,Círculo Nacional Porfirista
Jalisco,Juan R. Zavala,3 de enero de 1910 - 15 de enero de 1910,¿?
Jalisco,Miguel Ahumada,16 de enero de 1910 - 3 de agosto de 1910,Círculo Nacional Porfirista
Jalisco,Juan R. Zavala,4 de agosto de 1910 - 30 de agosto de 1910,¿?
Jalisco,Miguel Ahumada,31 de agosto de 1910 - 25 de enero de 1911,Círculo Nacional Porfirista
Jalisco,Juan R. Zavala,25 de enero de 1911 - 28 de febrero de 1911,¿?
Jalisco,Manuel Cuesta Gallardo,1 de marzo de 1911 - 19 de abril de 1911,Círculo Nacional Porfirista
Jalisco,Emiliano Robles,20 de abril de 1911 - 22 de abril de 1911,¿?
Jalisco,Manuel Cuesta Gallardo,23 de abril de 1911 - 24 de mayo de 1911,Círculo Nacional Porfirista
Jalisco,David Gutiérrez Allende,24 de mayo de 1911 - 31 de julio de 1911,¿?
Jalisco,Alberto Robles Gil,1 de agosto de 1911 - 22 de octubre de 1912,¿?
Jalisco,José López Portillo y Rojas,23 de octubre de 1912 - 10 de febrero de 1914,Militar
Jalisco,José M. Mier,10 de febrero de 1914 - 7 de julio de 1914,Militar
Jalisco,Manuel M. Diéguez,8 de julio de 1914 - 22 de septiembre de 1914,Convencionista
Jalisco,Manuel Aguirre Berlanga,23 de septiembre de 1914 - 5 de noviembre de 1914,¿?
Jalisco,Manuel M. Diéguez,6 de noviembre de 1914 - 16 de diciembre de 1914,Obregonista
Jalisco,Julián Medina Castillo,17 de diciembre de 1914 - 18 de enero de 1915,Convencionista
Jalisco,Manuel M. Diéguez,18 de enero de 1915 - 12 de febrero de 1915,Obregonista
Jalisco,Julián Medina Castillo,13 de febrero de 1915 - 17 de abril de 1915,Convencionista
Jalisco,Manuel Aguirre Berlanga,18 de abril de 1915 - 23 de abril de 1915,¿?
Jalisco,Manuel M. Diéguez,24 de abril de 1915 - 8 de junio de 1916,Obregonista
Jalisco,Tomás López Linares,9 de junio de 1916 - 23 de junio de 1916,¿?
Jalisco,Manuel M. Diéguez,24 de junio de 1916 - 17 de septiembre de 1916,Obregonista
Jalisco,Tomás López Linares,18 de septiembre de 1916,¿?
Jalisco,Manuel M. Diéguez,19 de septiembre de 1916 - 16 de noviembre de 1916,Obregonista
Jalisco,Tomás López Linares,17 de noviembre de 1916,¿?
Jalisco,Manuel M. Diéguez,18 de noviembre de 1916 - 21 de diciembre de 1916,Obregonista
Jalisco,Tomás López Linares,22 de diciembre de 1916,¿?
Jalisco,Manuel M. Diéguez,23 de diciembre de 1916 - 17 de julio de 1917,Obregonista
Jalisco,Emiliano Degollado,18 de julio de 1917 - 18 de julio de 1917,¿?
Jalisco,Manuel M. Diéguez,19 de julio de 1917 - 19 de septiembre de 1917,Obregonista
Jalisco,Emiliano Degollado,20 de septiembre de 1917 - 24 de febrero de 1918,¿?
Jalisco,"Manuel Bouquet, Jr.",24 de febrero de 1918 - 28 de febrero de 1919,¿?
Jalisco,Luis Castellanos y Tapia,1 de marzo de 1919 - 10 de noviembre de 1919,¿?
Jalisco,Francisco H. Ruiz,11 de noviembre de 1919,¿?
Jalisco,Luis Castellanos y Tapia,12 de noviembre de 1919 - 31 de enero de 1920,¿?
Jalisco,Francisco H. Ruiz,1 de febrero de 1920,¿?
Jalisco,Luis Castellanos y Tapia,2 de febrero de 1920 - 15 de febrero de 1920,¿?
Jalisco,Francisco H. Ruiz,16 de febrero de 1920,¿?
Jalisco,Luis Castellanos y Tapia,17 de febrero de 1920 - 12 de mayo de 1920,¿?
Jalisco,Ignacio Ramos Praslow (1885-1978),17 de mayo de 1920- 19 de julio de 1920,¿?
Jalisco,Francisco Labastida Izquierdo (1874-1950),19 de julio de 1920- 28 de febrero de 1921,¿?
Jalisco,Basilio Vadillo (1885-1935),1 de marzo de 1921 - 17 de marzo de 1922,Partido Liberal Constitucionalista
Jalisco,Antonio Valadez Ramírez,18 de marzo de 1922 - 28 de febrero de 1923,¿?
Jalisco,José Guadalupe Zuno (1891-1980),1 de marzo de 1923 - 8 de diciembre de 1923,Confederación Nacional Revolucionaria
Jalisco,Francisco Tolentino,8 de diciembre de 1923- 15 de enero de 1924,Partido Reconstructor Jalisciense
Jalisco,Aurelio Sepúlveda,15 de enero de 1924- 10 de febrero de 1924,Militar
Jalisco,José Guadalupe Zuno (1891-1980),11 de febrero de 1924- 23 de marzo de 1926,Confederación Nacional Revolucionaria
Jalisco,Clemente Sepúlveda,24 de marzo de 1926 - 28 de julio de 1926,
Jalisco,Silvano Barba González (1895-1967),29 de julio de 1926 - 28 de febrero de 1927,
Jalisco,Daniel R. Benítez Vázquez (1893-1979),1 de marzo de 1927 - 22 de abril de 1927,
Jalisco,Margarito Ramírez Miranda (1891-1979),23 de abril de 1927 - 7 de agosto de 1929,
Jalisco,José María Cuéllar,7 de agosto de 1929 - 11 de julio de 1930,Partido Nacional Revolucionario
Jalisco,Ruperto García de Alba (1883-1963),12 de julio de 1930 - 28 de febrero de 1931,Partido Nacional Revolucionario
Jalisco,Ignacio de la Mora,1 de marzo de 1931 - 11 de septiembre de 1931,Partido Nacional Revolucionario
Jalisco,Juan de Dios Robledo,11 de septiembre de 1931 - 14 de octubre de 1931,Partido Nacional Revolucionario
Jalisco,José María Ceballos,14 de octubre de 1931 - 16 de octubre de 1931,Partido Nacional Revolucionario
Jalisco,Juan de Dios Robledo,17 de octubre de 1931- 31 de marzo de 1932,Partido Nacional Revolucionario
Jalisco,Sebastián Allende-Rojas y Rodríguez (1893-1947),1 de abril de 1932 - 28 de febrero de 1935,Partido Nacional Revolucionario
Jalisco,Everardo Topete Arcega (1890-1978),1 de marzo de 1935 - 28 de febrero de 1939,Partido Nacional Revolucionario
Jalisco,Silvano Barba González (1895-1967),1 de marzo de 1939 - 28 de febrero de 1943,Partido de la Revolución Mexicana
Jalisco,Marcelino García Barragán (1895-1979),1 de marzo de 1943 - 17 de febrero de 1947,Partido de la Revolución Mexicana
Jalisco,Saturnino Coronado Organista (1892-1992),17 de febrero de 1947 - 28 de febrero de 1947,Partido Revolucionario Institucional
Jalisco,José de Jesús González Gallo (1900-1957),1 de marzo de 1947 - 5 de noviembre de 1949,Partido Revolucionario Institucional
Jalisco,Carlos Guzmán,6 de noviembre de 1949- 21 de noviembre de 1949,Partido Revolucionario Institucional
Jalisco,José de Jesús González Gallo (1900-1957),22 de noviembre de 1949 - 28 de febrero de 1953,Partido Revolucionario Institucional
Jalisco,Agustín Yáñez Delgadillo (1904-1980),1 de marzo de 1953 - 28 de febrero de 1959,Partido Revolucionario Institucional
Jalisco,Juan Gil Preciado (1909-1999),1 de marzo de 1959 - 30 de noviembre de 1964,Partido Revolucionario Institucional
Jalisco,José de Jesús Muñoz Limón (1918-1985),1 de diciembre de 1964 - 28 de febrero de 1965,Partido Revolucionario Institucional
Jalisco,Francisco Medina Ascencio (1910-1993),1 de marzo de 1965 - 28 de febrero de 1971,Partido Revolucionario Institucional
Jalisco,Alberto Orozco Romero (1925-2007),1 de marzo de 1971 - 28 de febrero de 1977,Partido Revolucionario Institucional
Jalisco,Flavio Romero de Velasco (1925-2016),1 de marzo de 1977 - 28 de febrero de 1983,Partido Revolucionario Institucional
Jalisco,Enrique Álvarez del Castillo (1923-2006),1 de marzo de 1983 - 30 de noviembre de 1988,Partido Revolucionario Institucional
Jalisco,Francisco Rodríguez Gómez (1911-2009),1 de diciembre de 1988 - 28 de febrero de 1989,Partido Revolucionario Institucional
Jalisco,Guillermo Cosío Vidaurri (1929-2019),1 de marzo de 1989 - 30 de abril de 1992,Partido Revolucionario Institucional
Jalisco,Carlos Rivera Aceves (1941),1 de mayo de 1992 - 28 de febrero de 1995,Partido Revolucionario Institucional
Jalisco,Alberto Cárdenas Jiménez (1958),1 de marzo de 1995 - 28 de febrero de 2001,Partido Acción Nacional
Jalisco,Francisco Javier Ramírez Acuña (1952),1 de marzo de 2001 - 21 de noviembre de 2006,Partido Acción Nacional
Jalisco,Gerardo Octavio Solís Gómez (1957),21 de noviembre de 2006 - 28 de febrero de 2007,Independiente
Jalisco,Emilio González Márquez (1960),1 de marzo de 2007 - 28 de febrero de 2013,Partido Acción Nacional
Jalisco,Aristóteles Sandoval Díaz (1974-2020),1 de marzo de 2013 - 5 de diciembre de 2018,Partido Revolucionario Institucional
Jalisco,Enrique Alfaro Ramírez (1973),6 de diciembre de 2018 - 5 de diciembre de 2024,Movimiento Ciudadano
Jalisco,Pablo Lemus Navarro (1969),Desde el 6 de diciembre de 2024,Movimiento Ciudadano
Estado de México,Melchor Múzquiz,2 de marzo de 1824 - 10 de noviembre de 1824,
Estado de México,Manuel Gómez Pedraza,4 de marzo de 1824 - 16 de septiembre de 1824,
Estado de México,Omar Polanco Cázares,1824 - 1824,
Estado de México,Melchor Múzquiz,17 de septiembre de 1824 - 8 de marzo de 1827,
Estado de México,Lorenzo de Zavala,8 de marzo de 1827 - 19 de abril de 1827,
Estado de México,Mariano Esteva y Ulibarri,20 de abril de 1827 - mayo de 1827,
Estado de México,Mariano Esteva y Ulibarri,Mayo de 1827 - 1827,
Estado de México,Lorenzo de Zavala,1827 - 1828,
Estado de México,Joaquín Lebrija,1828 - 1830,
Estado de México,Melchor Múzquiz,Abril de 1830 - 14 de agosto de 1832,
Estado de México,Lorenzo de Zavala,15 de agosto de 1832 - 1 de diciembre de 1833,
Estado de México,Félix María Aburto,1833 - 1834,
Estado de México,Manuel Díez de Bonilla,1834 - 1835,
Estado de México,Luis Gonzaga Vieyra,1835 - 1835,
Estado de México,Luis Madrid,1837 - 1837,
Estado de México,Manuel Rincón,1838 - 1838,
Estado de México,Mucio Barquera,1839 - 1839,
Estado de México,Mariano Paredes y Arrillaga,6 de marzo de 1843 - 1843,
Estado de México,Valentín Canalizo,1843 - 1843,
Estado de México,Nicolás Candollo,1843 - 1843,
Estado de México,Gabriel Valencia,1844 - 1844,
Estado de México,Agustín Vicente Eguía,1844 - 1844,
Estado de México,José María Icaza,1844 - 1845,
Estado de México,José Fernando Peredo,1845 - 1845,
Estado de México,Miguel González Calderón,1845 - 1845,
Estado de México,Nicolás María de Berazaluce,1846 - 1846,
Estado de México,José María Barrera,1846 - 2 de enero de 1846,
Estado de México,Nicolás Bravo,2 de enero de 1846 - 12 de junio de 1846,
Estado de México,José Gómez de la Cortina,1846 - 1846,
Estado de México,Alberto García,1874,
Estado de México,José Vicente Villada,19 de marzo de 1889 - 6 de mayo de 1895,
Estado de México,José Vicente Villada,5 de marzo de 1897 - 6 de mayo de 1904,
Estado de México,Manuel Medina Garduño,1911,
Estado de México,Francisco León de la Barra,20 de marzo de 1913 - 25 de marzo de 1913,Independiente
Estado de México,Antonio Vilchis Barbosa,25 de marzo de 1913 - 26 de mayo de 1913,
Estado de México,Francisco León de la Barra,26 de mayo de 1913 - 12 de julio de 1913,Independiente
Estado de México,José Refugio Velasco,12 de julio de 1913 - 11 de octubre de 1913,
Estado de México,Joaquín Beltrán Castañares,11 de octubre de 1913 - 12 de julio de 1914,
Estado de México,Cristóbal Solano,1914,
Estado de México,Francisco Murguía,27 de agosto de 1914 - 30 de noviembre de 1914,
Estado de México,Rafael M. Hidalgo,1914 - 1914,
Estado de México,Gustavo Baz Prada,15 de diciembre de 1914 - 14 de octubre de 1915,
Estado de México,Pascual Morales y Molina,14 de octubre de 1915 - 22 de agosto de 1916,
Estado de México,Rafael Cepeda,22 de agosto de 1916 - 15 de enero de 1917,
Estado de México,Carlos Tejada,1917 - 1917,Partido Liberal Constitucionalista
Estado de México,Agustín Millán Vivero,30 de junio de 1917 - 6 de septiembre de 1918,Partido Liberal Constitucionalista
Estado de México,Joaquín García Luna,1918 - 1919,Partido Liberal Constitucionalista
Estado de México,Agustín Millán Vivero,14 de marzo de 1919 - 11 de septiembre de 1919,Partido Liberal Constitucionalista
Estado de México,Francisco Javier Gaxiola,1919 - 1920,Partido Liberal Constitucionalista
Estado de México,Agustín Millán Vivero,8 de marzo de 1920 - 13 de mayo de 1920,Partido Laborista Mexicano
Estado de México,Darío López,1920 - 1920,Partido Laborista Mexicano
Estado de México,Abundio Gómez,1920 - 1921,Partido Laborista Mexicano
Estado de México,Manuel Campos Mena,1921 - 1921,Partido Laborista Mexicano
Estado de México,Abundio Gómez,1921 - 1925,Partido Laborista Mexicano
Estado de México,Carlos Riva Palacio,16 de septiembre de 1925 - 15 de septiembre de 1929,Partido Laborista Mexicano
Estado de México,Filiberto Gómez,1929 - 1933,Partido Nacional Revolucionario
Estado de México,José Luis Solórzano,1933 - 1935,Partido Nacional Revolucionario
Estado de México,Eucario López,1935 - 1937,Partido Nacional Revolucionario
Estado de México,Wenceslao Labra García,16 de septiembre de 1937 - 15 de septiembre de 1941,Partido Nacional Revolucionario
Estado de México,Alfredo Zárate Albarrán,16 de septiembre de 1941 - 8 de marzo de 1942,Partido de la Revolución Mexicana
Estado de México,José Luis Gutiérrez y Gutiérrez,8 de marzo - 16 de marzo de 1942,Partido de la Revolución Mexicana
Estado de México,Isidro Fabela Alfaro,16 de marzo de 1942 - 15 de septiembre de 1945,Partido de la Revolución Mexicana
Estado de México,Alfredo del Mazo Vélez,16 de septiembre de 1945 - 16 de septiembre de 1951,Partido Revolucionario Institucional
Estado de México,Salvador Sánchez Colín,16 de septiembre de 1951 - 15 de septiembre de 1957,Partido Revolucionario Institucional
Estado de México,Gustavo Baz Prada,16 de septiembre de 1957 - 15 de septiembre de 1963,Partido Revolucionario Institucional
Estado de México,Juan Fernández Albarrán,16 de septiembre de 1963 - 15 de septiembre de 1969,Partido Revolucionario Institucional
Estado de México,Carlos Hank González,16 de septiembre de 1969 - 15 de septiembre de 1975,Partido Revolucionario Institucional
Estado de México,Jorge Jiménez Cantú,16 de septiembre de 1975 - 15 de septiembre de 1981,Partido Revolucionario Institucional
Estado de México,Alfredo del Mazo González,16 de septiembre de 1981 - 21 de abril de 1986,Partido Revolucionario Institucional
Estado de México,Alfredo Baranda García,21 de abril de 1986 - 15 de septiembre de 1987,Partido Revolucionario Institucional
Estado de México,Mario Ramón Beteta,16 de septiembre de 1987 - 11 de septiembre de 1989,Partido Revolucionario Institucional
Estado de México,Ignacio Pichardo Pagaza,11 de septiembre de 1989 - 15 de septiembre de 1993,Partido Revolucionario Institucional
Estado de México,Emilio Chuayffet Chemor,16 de septiembre de 1993 - 2 de julio de 1995,Partido Revolucionario Institucional
Estado de México,César Camacho Quiroz,2 de julio de 1995 - 15 de septiembre de 1999,Partido Revolucionario Institucional
Estado de México,Arturo Montiel Rojas,16 de septiembre de 1999 - 15 de septiembre de 2005,Partido Revolucionario Institucional
Estado de México,Enrique Peña Nieto,16 de septiembre de 2005 - 15 de septiembre de 2011,Partido Revolucionario Institucional
Estado de México,Eruviel Ávila Villegas,16 de septiembre de 2011 - 15 de septiembre de 2017,Partido Revolucionario Institucional
Estado de México,Alfredo del Mazo Maza,16 de septiembre de 2017 - 15 de septiembre de 2023,Partido Revolucionario Institucional
Estado de México,Delfina Gómez Álvarez,Desde el 16 de septiembre de 2023,Movimiento de Regeneración Nacional
Michoacán,Antonio de Castro,19 de julio de 1824 - 9 de noviembre de 1827,
Michoacán,José Trinidad Salgado,9 de noviembre de 1827 - 2 de diciembre de 1828,
Michoacán,Pedro Villaseñor,2 de diciembre de 1828 - 11 de diciembre de 1828,
Michoacán,Juan Manuel González Urueña,11 de diciembre de 1828 - 18 de diciembre de 1828,
Michoacán,José Trinidad Salgado,18 de diciembre de 1828 - 12 de mayo de 1830,
Michoacán,Diego Moreno Jasso,12 de mayo de 1830 - 3 de febrero de 1831,
Michoacán,José Manuel Chávez,4 de febrero de 1831 - 17 de febrero de 1831,
Michoacán,Antonio Pérez Gil,18 de febrero de 1831 - 23 de mayo de 1831,
Michoacán,Diego Moreno Jasso,24 de mayo de 1831 - 14 de junio de 1831,
Michoacán,Juan Manuel González Urueña,15 de junio de 1831 - 2 de octubre de 1831,
Michoacán,Diego Moreno Jasso,3 de octubre de 1831 - 14 de enero de 1833,
Michoacán,Mariano Amezcua,14 de enero de 1833 - 17 de enero de 1833,
Michoacán,José Trinidad Salgado,17 de enero de 1833 - 1833,
Michoacán,José M. Sánchez Arriola,1833 - 1833,
Michoacán,José Ramón Sánchez,1833 - 1833,
Michoacán,José Trinidad Salgado,1833 - 6 de octubre de 1833,
Michoacán,Felipe Menocal,6 de octubre de 1833 - 18 de octubre de 1833,
Michoacán,Joaquín Caballero de Acuña,19 de octubre de 1833 - 4 de noviembre de 1833,
Michoacán,Antonio Bribiesca,5 de noviembre de 1833 - 8 de noviembre de 1833,
Michoacán,Mariano Ruiz de Chávez y Gil de Hoyos,9 de noviembre de 1833 - 19 de noviembre de 1833,
Michoacán,Onofre Calvo Pintado,19 de noviembre de 1833 - 12 de junio de 1834,Partido Liberal
Michoacán,José M. Silva,12 de junio de 1834 - 22 de julio de 1834,
Michoacán,Antonio Manzo Ceballos,22 de julio de 1834 - 1 de mayo de 1835,
Michoacán,José Mariano de Anzorena,1 de mayo de 1835 - 9 de octubre de 1835,
Michoacán,Antonio T. Méndez de Torres,9 de octubre de 1835 - 24 de abril de 1836,
Michoacán,José Ignacio Álvarez,24 de abril de 1836 - 30 de diciembre de 1836,
Michoacán,José Ignacio Álvarez,30 de diciembre de 1836 - 1837,
Michoacán,Onofre Calvo Pintado,1837 - 1837,
Michoacán,Vicente Sosa,1837 - 1837,
Michoacán,José Ignacio Álvarez,1837 - febrero de 1842,
Michoacán,Juan Manuel Olmos,Febrero de 1842 - 6 de marzo de 1844,
Michoacán,José de Ugarte,6 de marzo de 1844 - 22 de agosto de 1846,
Michoacán,José de Ugarte,22 de agosto de 1846 - 5 de septiembre de 1846,
Michoacán,Melchor Ocampo,5 de septiembre de 1846 - 27 de enero de 1847,Partido Liberal
Michoacán,José Joaquín Ortiz de Ayala y Ruiz de Chávez,27 de enero de 1847 - 22 de marzo de 1847,
Michoacán,Melchor Ocampo,22 de marzo de 1847 - 4 de noviembre de 1847,Partido Liberal
Michoacán,José Joaquín Ortiz de Ayala y Ruiz de Chávez,4 de noviembre de 1847 - 16 de diciembre de 1847,
Michoacán,Melchor Ocampo,16 de diciembre de 1847 - 12 de marzo de 1848,Partido Liberal
Michoacán,José M. Silva,13 de marzo de 1848 - 27 de marzo de 1848,
Michoacán,José Santos Degollado,27 de marzo de 1848 - 6 de julio de 1848,Partido Liberal
Michoacán,José Buenaventura Ortiz de Ayala y Ruiz de Chávez,? - ?,
Michoacán,Juan B. Ceballos,6 de julio de 1848 - mayo de 1852,Partido Liberal
Michoacán,Gregorio Ceballos,19 de mayo de 1851 - 3 de marzo de 1852,
Michoacán,Melchor Ocampo,3 de marzo de 1852 - 24 de enero de 1853,Partido Liberal
Michoacán,Francisco Silva,24 de enero de 1853 - 31 de enero de 1853,
Michoacán,José de Ugarte,31 de enero de 1853 - 1 de junio de 1854,
Michoacán,Anastasio Torrejón,1 de junio de 1854 - 24 de noviembre de 1854,
Michoacán,Domingo Echegaray,24 de noviembre de 1854,
Michoacán,Manuel Noriega,1854 - 1855,
Michoacán,Pánfilo Galindo,1855 - 1855,
Michoacán,Gregorio Ceballos,26 de agosto de 1855 - 11 de noviembre de 1855,
Michoacán,José M. Manzo,11 de noviembre de 1855 - enero de 1856,
Michoacán,Miguel Silva Macías,Enero de 1856 - 1 de julio de 1857,
Michoacán,José Santos Degollado,1 de julio de 1857 - 16 de diciembre de 1858,Partido Liberal
Michoacán,Epitacio Huerta,16 de diciembre de 1858 - 15 de febrero de 1862,Partido Liberal
Michoacán,Antonio Huerta,15 de febrero de 1862 - 9 de febrero de 1863,
Michoacán,Santiago Tapia,9 de febrero de 1863 - 17 de julio de 1863,Militar
Michoacán,Luis Couto,17 de julio de 1863 - 17 de septiembre de 1863,Partido Liberal
Michoacán,José López Uraga,17 de septiembre de 1863 - noviembre de 1863,
Michoacán,Felipe Berriozábal,Noviembre de 1863 - 31 de marzo de 1864,
Michoacán,Juan Camaño,31 de marzo de 1864 - octubre de 1864,
Michoacán,Felipe Berriozábal,Octubre de 1864 - 15 de octubre de 1864,
Michoacán,Carlos Salazar Ruiz,15 de octubre de 1864 - 20 de mayo de 1865,
Michoacán,Vicente Riva Palacio,20 de mayo de 1865-1866,
Michoacán,Carlos Salazar Ruiz,1866 - febrero de 1866,
Michoacán,Nicolás de Régules Cano,Febrero de 1866 - 1867,
Michoacán,Justo Mendoza,1867 - 18 de febrero de 1867,Partido Liberal
Michoacán,Justo Mendoza,18 de febrero de 1867 - 1 de septiembre de 1871,Partido Liberal
Michoacán,Rafael Carrillo,1 de septiembre de 1871 - 23 de noviembre de 1876,Partido Liberal
Michoacán,Manuel G. Lama,23 de noviembre de 1876 - 30 de noviembre de 1876,Partido Liberal
Michoacán,Epitacio Huerta,1 de diciembre de 1876 - 4 de diciembre de 1876,Partido Liberal
Michoacán,Luis Couto,4 de diciembre de 1876 - 16 de diciembre de 1876,Partido Liberal
Michoacán,Manuel G. Lama,16 de diciembre de 1876 - 25 de diciembre de 1876,Partido Liberal
Michoacán,Felipe N. Chacón,25 de diciembre de 1876 - 15 de febrero de 1877,Militar
Michoacán,Manuel González Flores,15 de febrero de 1877 - 30 de junio de 1877,
Michoacán,Bruno Patiño,30 de junio de 1877 - 5 de noviembre de 1878,
Michoacán,Manuel Montaño,5 de noviembre de 1878 - 16 de mayo de 1879,
Michoacán,Octaviano Fernández,16 de mayo de 1879 - 15 de septiembre de 1881,
Michoacán,Prudencio Dorantes,16 de septiembre de 1881 - 17 de abril de 1885,
Michoacán,Francisco Pérez Gil Loaiza,17 de abril de 1885 - 1 de mayo de 1885,
Michoacán,Prudencio Dorantes,1 de mayo de 1885 - 15 de septiembre de 1885,
Michoacán,Mariano Jiménez,16 de septiembre de 1885 - 1891,Militar
Michoacán,Epifanio Reyes,? - ?,
Michoacán,Ángel Padilla,? - ?,
Michoacán,Mariano Jiménez,1891 - 28 de febrero de 1892,Militar
Michoacán,Aristeo Mercado,28 de febrero de 1892 - 13 de mayo de 1911,
Michoacán,Felipe de Jesús Tena,13 de mayo de 1911 - 18 de mayo de 1911,
Michoacán,Miguel Silva González,18 de mayo de 1911 - 13 de septiembre de 1911,
Michoacán,Primitivo Ortiz y Rodriguez,13 de septiembre de 1911 - abril de 1912,
Michoacán,Vicente Maciel,1912 - 1912,
Michoacán,Dr. Ángel Carreón y Ochoa Garibay,1912 - 16 de septiembre de 1912,
Michoacán,Miguel Silva González,16 de septiembre de 1912 - mayo de 1913,
Michoacán,Alberto Dorantes,Mayo de 1913 - junio de 1913,
Michoacán,Alberto Yarza,9 de junio de 1913 - 30 de julio de 1913,
Michoacán,Jesús Garza González,30 de julio de 1913 - 31 de julio de 1914,
Michoacán,Francisco Ortiz Rubio,31 de julio de 1914 - agosto de 1914,
Michoacán,Gertrudis Sánchez,Agosto de 1914 - 2 de marzo de 1915,Militar
Michoacán,José Isabel Robles,3 de marzo de 1915 - 5 de abril de 1915,Militar
Michoacán,Alfredo Elizondo,26 de abril de 1915 - 18 de febrero de 1917,Militar
Michoacán,José Rentería Luviano,18 de febrero de 1917 - 6 de agosto de 1917,Militar
Michoacán,Pascual Ortiz Rubio,6 de agosto de 1917 - 7 de febrero de 1918,Militar
Michoacán,Porfirio García de León,7 de febrero de 1918 - 13 de marzo de 1918,
Michoacán,Pascual Ortiz Rubio,13 de marzo de 1918 - 23 de abril de 1919,Militar
Michoacán,Primo Serranía Mercado,23 de abril de 1919 - 4 de julio de 1919,
Michoacán,Francisco Ortiz Rubio,4 de julio de 1919 - 8 de agosto de 1919,
Michoacán,Primo Serranía Mercado,8 de agosto de 1919 - 30 de abril de 1920,
Michoacán,Pascual Ortiz Rubio,30 de abril de 1920 - 5 de julio de 1920,Militar
Michoacán,Rafael Álvarez,5 de julio de 1920 - 14 de julio de 1920,
Michoacán,José Huerta Patiño,15 de julio de 1920 - 21 de julio de 1920,
Michoacán,Lázaro Cárdenas,3 de agosto de 1920 - 20 de septiembre de 1920,
Michoacán,Francisco J. Múgica,22 de septiembre de 1920 - 9 de marzo de 1922,Militar
Michoacán,Sidronio Sánchez Pineda,9 de marzo de 1922 - 24 de enero de 1924,
Michoacán,Ponciano Pulido,25 de enero de 1924 - 23 de febrero de 1924,
Michoacán,Silvestre Guerrero,24 de febrero de 1924 - 15 de septiembre de 1924,
Michoacán,Enrique Ramírez Aviña,16 de septiembre de 1924 - 30 de marzo de 1928,
Michoacán,Luis Méndez Villegas,31 de marzo de 1928 - 15 de septiembre de 1928,
Michoacán,Lázaro Cárdenas,16 de septiembre de 1928 - 15 de septiembre de 1932,
Michoacán,Benigno Serrato,16 de septiembre de 1932 - 3 de diciembre de 1934,Partido Nacional Revolucionario
Michoacán,Rafael Sánchez Tapia,3 de diciembre de 1934 - 18 de enero de 1935,Partido Nacional Revolucionario
Michoacán,Rafael Ordorica,18 de enero de 1935 - 15 de septiembre de 1936,Partido de la Revolución Mexicana
Michoacán,Gildardo Magaña Cerda,16 de septiembre de 1936 - 1 de julio de 1939,Partido de la Revolución Mexicana
Michoacán,Arnulfo Ávila,1 de julio de 1939 - 31 de octubre de 1939,Partido de la Revolución Mexicana
Michoacán,Gildardo Magaña Cerda,31 de octubre de 1939 - 13 de diciembre de 1939,Partido de la Revolución Mexicana
Michoacán,Conrado Magaña,13 de diciembre de 1939 - 15 de septiembre de 1940,Partido de la Revolución Mexicana
Michoacán,Félix Ireta Viveros,16 de septiembre de 1940 - 14 de septiembre de 1944,Partido de la Revolución Mexicana
Michoacán,José María Mendoza Pardo,15 de septiembre de 1944 - 14 de septiembre de 1949,Partido de la Revolución Mexicana
Michoacán,Daniel Torres Rentería,15 de septiembre de 1949 - 14 de septiembre de 1950,Partido Revolucionario Institucional
Michoacán,Dámaso Cárdenas del Río,15 de septiembre de 1950 - 14 de septiembre de 1956,Partido Revolucionario Institucional
Michoacán,David Franco Rodríguez,15 de septiembre de 1956 - 14 de septiembre de 1962,Partido Revolucionario Institucional
Michoacán,Agustín Arriaga Rivera,15 de septiembre de 1962 - 14 de septiembre de 1968,Partido Revolucionario Institucional
Michoacán,Carlos Gálvez Betancourt,15 de septiembre de 1968 - 30 de noviembre de 1970,Partido Revolucionario Institucional
Michoacán,Servando Chávez Hernández,1 de diciembre de 1970 - 14 de febrero de 1974,Partido Revolucionario Institucional
Michoacán,Carlos Torres Manzo,15 de septiembre de 1974 - 14 de septiembre de 1980,Partido Revolucionario Institucional
Michoacán,Cuauhtémoc Cárdenas,15 de septiembre de 1980 - 14 de septiembre de 1986,Partido Revolucionario Institucional
Michoacán,Luis Martínez Villicaña,15 de septiembre de 1986 - 3 de diciembre de 1988,Partido Revolucionario Institucional
Michoacán,Genovevo Figueroa Zamudio,3 de diciembre de 1988 - 14 de septiembre de 1992,Partido Revolucionario Institucional
Michoacán,Eduardo Villaseñor Peña,15 de septiembre de 1992 - 6 de octubre de 1992,Partido Revolucionario Institucional
Michoacán,Ausencio Chávez Hernández,6 de octubre de 1992 - 14 de febrero de 1996,Partido Revolucionario Institucional
Michoacán,Víctor Manuel Tinoco Rubí,15 de febrero de 1996 - 14 de febrero de 2002,Partido Revolucionario Institucional
Michoacán,Lázaro Cárdenas Batel,15 de febrero de 2002 - 14 de febrero de 2008,Partido de la Revolución Democrática
Michoacán,Leonel Godoy Rangel,15 de febrero de 2008 - 14 de febrero de 2012,Partido de la Revolución Democrática
Michoacán,Fausto Vallejo Figueroa,15 de febrero de 2012 - 22 de abril de 2013,Partido Revolucionario Institucional
Michoacán,José Jesús Reyna García,22 de abril de 2013 - 23 de octubre de 2013,Partido Revolucionario Institucional
Michoacán,Fausto Vallejo Figueroa,23 de octubre de 2013 - 20 de junio de 2014,Partido Revolucionario Institucional
Michoacán,Salvador Jara Guerrero,20 de junio de 2014 - 30 de septiembre de 2015,Partido Revolucionario Institucional
Michoacán,Silvano Aureoles Conejo,1 de octubre de 2015 - 30 de septiembre de 2021,Partido de la Revolución Democrática
Michoacán,Alfredo Ramírez Bedolla,Desde el 1 de octubre de 2021,Movimiento de Regeneración Nacional
Morelos,Pedro Sáinz de Baranda,29 de abril de 1869 - 14 de agosto de 1869,
Morelos,Francisco Leyva Arciniegas,15 de agosto de 1869 - 30 de septiembre de 1873,
Morelos,Francisco Leyva Arciniegas,1 de octubre de 1873 - 23 de noviembre de 1876,
Morelos,Luis Flores y Caso,1875 - 1876,
Morelos,Vicente Llamas,1876 - 1876,
Morelos,Inocencio Guerra,23 de noviembre de 1876 - 28 de noviembre de 1876,
Morelos,Carlos Pacheco Villalobos,28 de noviembre de 1876 - 16 de febrero de 1877,
Morelos,Jesús Alfaro,17 de febrero de 1877 - 4 de mayo de 1877,
Morelos,Carlos Pacheco Villalobos,5 de mayo de 1877 - 10 de noviembre de 1879,
Morelos,José Agustín Rego,3 de abril de 1878 - 14 de mayo de 1878,
Morelos,José Anastasio Rego,24 de septiembre de 1878 - 20 de octubre de 1878,
Morelos,José Anastasio Rego,11 de noviembre de 1878 - 24 de noviembre de 1879,
Morelos,Carlos Quaglia Zimbrón,25 de noviembre de 1879 - 21 de abril de 1880,
Morelos,José Anastasio Rego,22 de abril de 1880 - 30 de septiembre de 1880,
Morelos,Carlos Quaglia Zimbrón,1 de octubre de 1880 - 30 de septiembre de 1884,
Morelos,Luis Flores y Caso,1 de octubre de 1884 - 13 de marzo de 1885,
Morelos,Antonio Tovar,14 de marzo de 1885 - 24 de mayo de 1885,Militar
Morelos,Jesús H. Preciado,25 de mayo de 1885 - 30 de septiembre de 1888,Militar
Morelos,Cristóbal Sarmina,1 de octubre de 1888 - 30 de noviembre de 1888,
Morelos,Jesús H. Preciado,1 de diciembre de 1888 - 30 de noviembre de 1892,
Morelos,Jesús H. Preciado,1 de diciembre de 1892 - 6 de diciembre de 1894,
Morelos,Francisco Orvañanos,1894 - 1894,
Morelos,Manuel Alarcón,6 de diciembre de 1894 - 15 de diciembre de 1894,Militar
Morelos,Francisco Segura,16 de diciembre de 1894 - 4 de febrero de 1895,
Morelos,Manuel Alarcón,5 de febrero de 1895 - 30 de noviembre de 1896,
Morelos,Manuel Alarcón,1 de diciembre de 1896 - 30 de noviembre de 1900,
Morelos,Manuel Alarcón,1 de diciembre de 1900 - 30 de noviembre de 1904,
Morelos,Manuel Alarcón,1 de diciembre de 1904 - 30 de noviembre de 1908,
Morelos,Manuel Alarcón,1 de diciembre de 1908 - 15 de diciembre de 1908,
Morelos,Francisco Leyva Arciniegas,8 de mayo de 1911 - 1 de junio de 1911,
Morelos,Juan Nepomuceno Carreón,2 de junio de 1911 - 4 de octubre de 1911,
Morelos,Ambrosio Figueroa,5 de octubre de 1911 - 20 de enero de 1912,
Morelos,Francisco Naranjo,20 de enero de 1912 - 4 de agosto de 1912,
Morelos,Aniceto Villamar Velázquez,5 de agosto de 1912 - 30 de noviembre de 1912,
Morelos,Patricio Leyva Ochoa,1 de diciembre de 1912 - 7 de abril de 1913,
Morelos,Francisco Sánchez,8 de abril de 1913 - 11 de abril de 1913,
Morelos,Benito Tajonar,12 de abril de 1913 - 17 de abril de 1913,
Morelos,Juvencio Robles,17 de abril de 1913 - 3 de septiembre de 1913,Militar
Morelos,Julián J. Arreola,4 de septiembre de 1913 - 1 de octubre de 1913,
Morelos,Adolfo Jiménez Castro,2 de octubre de 1913 - 10 de mayo de 1914,Militar
Morelos,Agustín Bretón y Trillanes,11 de mayo de 1914 - 15 de mayo de 1914,Militar
Morelos,Gregorio G. Mejía,16 de mayo de 1914 - 24 de mayo de 1914,Militar
Morelos,Francisco Romero,25 de mayo de 1914 - 19 de junio de 1914,
Morelos,Dionisio Carreón,5 de febrero de 1917 - enero de 1919,Militar
Morelos,José Aguilar y Maya,Enero de 1919 - 17 de julio de 1919,Militar
Morelos,Benito Tajonar,18 de junio de 1919 - 6 de enero de 1920,
Morelos,Juan María Rodríguez,7 de enero de 1920 - 23 de abril de 1920,
Morelos,Luis Flores Martínez,24 de abril de 1920 - 9 de julio de 1920,
Morelos,José G. Parres Guerrero,10 de julio de 1930 - 13 de diciembre de 1923,
Morelos,Joaquín Páez López,14 de diciembre de 1923 - 21 de diciembre de 1923,
Morelos,Alfredo Ortega Martínez,22 de diciembre de 1923 - 22 de septiembre de 1924,
Morelos,Amílcar Magaña,1924 - 1924,
Morelos,Ismael Velasco,23 de septiembre de 1924 - 7 de septiembre de 1925,Militar
Morelos,Octavio Paz Solórzano,8 de septiembre de 1925 - 9 de octubre de 1925,
Morelos,Joaquín Rojas Hidalgo,10 de octubre de 1925 - 18 de febrero de 1926,
Morelos,Álvaro L. Alcázar,17 de febrero de 1926 - 24 de febrero de 1926,
Morelos,Valentín del Llano,25 de febrero de 1926 - 12 de junio de 1926,
Morelos,Heraclio Rodríguez,13 de junio de 1926 - 30 de agosto de 1926,
Morelos,Alfonso María Figueroa Pedroza,31 de agosto de 1926 - 15 de marzo de 1927,
Morelos,Ambrosio Puente,16 de marzo de 1927 - 5 de noviembre de 1930,
Morelos,Carlos Lavín,6 de marzo de 1930 - 17 de mayo de 1930,Partido Nacional Revolucionario
Morelos,Vicente Estrada Cajigal,18 de mayo de 1930 - 22 de enero de 1932,Partido Nacional Revolucionario
Morelos,José Urban Aguirre,22 de enero de 1932 - 26 de agosto de 1932,Partido Nacional Revolucionario
Morelos,Vicente Estrada Cajigal,26 de agosto de 1932 - 17 de mayo de 1934,Partido Nacional Revolucionario
Morelos,José Refugio Bustamante Alarcón,18 de mayo de 1934 - 6 de mayo de 1938,Partido Nacional Revolucionario
Morelos,Alfonso T. Sámano,6 de mayo de 1938 - 17 de mayo de 1938,Partido de la Revolución Mexicana
Morelos,Elpidio Perdomo García,18 de mayo de 1938 - 17 de mayo de 1942,Partido de la Revolución Mexicana
Morelos,Jesús Castillo López,18 de mayo de 1942 - 17 de mayo de 1946,Partido de la Revolución Mexicana
Morelos,Ernesto Escobar Muñoz,18 de mayo de 1946 - 17 de mayo de 1952,Partido Revolucionario Institucional
Morelos,Rodolfo López de Nava,18 de mayo de 1952 - 17 de mayo de 1958,Partido Revolucionario Institucional
Morelos,Norberto López Avelar,18 de mayo de 1958 - 17 de mayo de 1964,Partido Revolucionario Institucional
Morelos,Emilio Riva Palacio Morales,18 de mayo de 1964 - 17 de mayo de 1970,Partido Revolucionario Institucional
Morelos,Felipe Rivera Crespo,18 de mayo de 1970 - 17 de mayo de 1976,Partido Revolucionario Institucional
Morelos,Armando León Bejarano,18 de mayo de 1976 - 17 de mayo de 1982,Partido Revolucionario Institucional
Morelos,Lauro Ortega Martínez,18 de mayo de 1982 - 17 de mayo de 1988,Partido Revolucionario Institucional
Morelos,Antonio Riva Palacio López,18 de mayo de 1988 - 17 de mayo de 1994,Partido Revolucionario Institucional
Morelos,Jorge Carrillo Olea,18 de mayo de 1994 - 19 de mayo de 1998,Partido Revolucionario Institucional
Morelos,Jorge Morales Barud,19 de mayo de 1998 - 18 de mayo de 2000,Partido Revolucionario Institucional
Morelos,Jorge Arturo García Rubí,18 de mayo de 2000 - 30 de septiembre de 2000,Partido Revolucionario Institucional
Morelos,Sergio Alberto Estrada Cajigal Ramírez,1 de octubre de 2000 - 30 de septiembre de 2006,Partido Acción Nacional
Morelos,Marco Antonio Adame Castillo,1 de octubre de 2006 - 30 de septiembre de 2012,Partido Acción Nacional
Morelos,Graco Luis Ramírez Abreu,1 de octubre de 2012 - 30 de septiembre de 2018,Partido de la Revolución Democrática
Morelos,Cuauhtémoc Blanco Bravo,1 de octubre de 2018 - 16 de diciembre de 2021,Partido Encuentro Social
Morelos,Pablo Héctor Ojeda Cárdenas,17 de diciembre de 2021 - 2 de enero de 2022,Partido Encuentro Social
Morelos,Cuauhtémoc Blanco Bravo,3 de enero de 2022 - 4 de abril de 2024,Partido Encuentro Social
Morelos,Samuel Sotelo Salgado,4 de abril de 2024 - 2 de junio de 2024,Movimiento de Regeneración Nacional
Morelos,Cuauhtémoc Blanco Bravo,3 de junio de 2024 - 31 de agosto de 2024,Partido Encuentro Social
Morelos,Samuel Sotelo Salgado,1 de septiembre de 2024 - 30 de septiembre de 2024,Movimiento de Regeneración Nacional
Morelos,Margarita González Saravia Calderón,Desde el 1 de octubre de 2024,Movimiento de Regeneración Nacional
Nayarit,Jesús María Ferreira,1 de mayo de 1917 - 31 de diciembre de 1917,Partido Liberal Constitucionalista
Nayarit,José Santos Godínez,1 de enero de 1918 - 19 de marzo de 1919,Partido Liberal Constitucionalista
Nayarit,Francisco D. Santiago,20 de marzo de 1919 - 28 de febrero de 1920,Partido Liberal Constitucionalista
Nayarit,José Santos Godínez,30 de junio de 1920 - 26 de septiembre de 1921,Partido Liberal Constitucionalista
Nayarit,Fernando Salvador Ibarra,28 de febrero de 1920 - 29 de abril de 1920,Partido Laborista Mexicano
Nayarit,Salvador Arriola Valdés,29 de abril de 1920 - 29 de junio de 1920,Partido Laborista Mexicano
Nayarit,Pascual Villanueva Paredes,19 de septiembre de 1921 - 26 de septiembre de 1921,Partido Laborista Mexicano
Nayarit,Federico R. Corona,26 de septiembre de 1921 - 31 de diciembre de 1921,Partido Laborista Mexicano
Nayarit,Pascual Villanueva Paredes,19 de septiembre de 1921 - 23 de marzo de 1922,Partido Laborista Mexicano
Nayarit,Andrés Cortés Rosales,23 de marzo de 1922 - 23 de abril de 1922,Partido Laborista Mexicano
Nayarit,Pascual Villanueva Paredes,23 de abril de 1922 - 7 de noviembre de 1923,Partido Laborista Mexicano
Nayarit,Julián Chávez,7 de noviembre de 1923 - 21 de noviembre de 1923,Partido Laborista Mexicano
Nayarit,Pascual Villanueva Paredes,21 de noviembre de 1923 - 25 de febrero de 1924,Partido Laborista Mexicano
Nayarit,Rodolfo Moroña,25 de febrero de 1924 - 25 de marzo de 1924,Partido Laborista Mexicano
Nayarit,Pascual Villanueva Paredes,25 de marzo de 1924 - 9 de junio de 1924,Partido Laborista Mexicano
Nayarit,Pablo Retes Zepeda,9 de junio de 1924 - 18 de junio de 1924,Partido Laborista Mexicano
Nayarit,Pascual Villanueva Paredes,18 de junio de 1924 - 24 de noviembre de 1924,Partido Laborista Mexicano
Nayarit,Everardo Peña Navarro,24 de noviembre de 1924 - 24 de diciembre de 1924,Partido Laborista Mexicano
Nayarit,Pascual Villanueva Paredes,18 de junio de 1924 - 4 de marzo de 1925,Partido Laborista Mexicano
Nayarit,Miguel Díaz González,4 de marzo de 1925 - 16 de abril de 1925,Partido Laborista Mexicano
Nayarit,Pascual Villanueva Paredes,16 de abril de 1925 - 7 de abril de 1925,Partido Laborista Mexicano
Nayarit,Ismael Romero Gallardo,7 de abril de 1925 -16 de abril de 1925,Partido Laborista Mexicano
Nayarit,Pascual Villanueva Paredes,16 de abril de 1925 - 22 de junio de 1925,Partido Laborista Mexicano
Nayarit,Felipe C. Ríos,22 de junio de 1925 - 13 de agosto de 1925,Partido Laborista Mexicano
Nayarit,Edmundo Carrillo,13 de agosto de 1925 - 15 de agosto de 1925,Partido Laborista Mexicano
Nayarit,Francisco Jaime Hernández,14 de agosto de 1925,Partido Laborista Mexicano
Nayarit,Ricardo Velarde Osuna,15 de agosto de 1925 - 31 de diciembre de 1925,Partido Laborista Mexicano
Nayarit,José de la Peña Ledón,1925-1926,Partido Laborista Mexicano
Nayarit,Francisco Ramírez Romano,24 de febrero de 1927 - 12 de enero de 1928,Partido Laborista Mexicano
Nayarit,José Martínez Sotomayor,12 de enero de 1928 - 24 de febrero de 1928,Partido Laborista Mexicano
Nayarit,Esteban Baca Calderón,25 de febrero de 1928 - 18 de octubre de 1928,Partido Laborista Mexicano
Nayarit,José María Retes Zepeda,18 de octubre de 1928 - 23 de octubre de 1928,Partido Laborista Mexicano
Nayarit,Esteban Baca Calderón,23 de octubre de 1928 - 25 de enero de 1929,Partido Laborista Mexicano
Nayarit,Francisco Anguiano Ortiz,24 de octubre de 1929 - 31 de diciembre de 1929,Partido Laborista Mexicano
Nayarit,Luis Castillo Ledón,31 de diciembre de 1929 - 28 de enero de 1930,Partido Nacional Revolucionario
Nayarit,J. Jesús Valdés Sánchez,28 de enero de 1930 - 8 de febrero de 1930,Partido Nacional Revolucionario
Nayarit,Luis Castillo Ledón,8 de febrero de 1930 - 29 de abril de 1930,Partido Nacional Revolucionario
Nayarit,J. Jesús Valdés Sánchez,29 de abril de 1930 - 14 de mayo de 1930,Partido Nacional Revolucionario
Nayarit,Luis Castillo Ledón,14 de mayo de 1930 - 23 de diciembre de 1930,Partido Nacional Revolucionario
Nayarit,Salvador Trejo,4 de diciembre de 1930 - 23 de diciembre de 1930,Partido Nacional Revolucionario
Nayarit,Luis Castillo Ledón,23 de diciembre de 1930 - 13 de mayo de 1931,Partido Nacional Revolucionario
Nayarit,Manuel F. Ochoa,13 de mayo de 1931 - 14 de mayo de 1931,Partido Nacional Revolucionario
Nayarit,Rafael Ibarra Trujillo,15 de mayo de 1931 - 24 de mayo de 1931,Partido Nacional Revolucionario
Nayarit,Rafael Ibarra Trujillo,25 de mayo de 1931 - 31 de mayo de 1931,Partido Nacional Revolucionario
Nayarit,Luis Castillo Ledón,31 de mayo de 1931 - 3 de agosto de 1931,Partido Nacional Revolucionario
Nayarit,Ramón Narváez,3 de agosto de 1931,Partido Nacional Revolucionario
Nayarit,Ricardo Velarde Osuna,4 de agosto de 1931 - 7 de agosto de 1931,Partido Nacional Revolucionario
Nayarit,Juventino Espinosa Sánchez,7 de agosto de 1931 - 28 de octubre de 1933,Partido Nacional Revolucionario
Nayarit,Enrique Pérez Arce,28 de octubre de 1933,Partido Nacional Revolucionario
Nayarit,Gustavo B. Azcárraga,28 de octubre de 1933 - 31 de diciembre de 1933,Partido Nacional Revolucionario
Nayarit,Francisco Parra Ortiz,31 de diciembre de 1933 - 16 de febrero de 1934,Partido Nacional Revolucionario
Nayarit,Agustín Godínez Lomelí,16 de febrero de 1934 - 2 de marzo de 1934,Partido Nacional Revolucionario
Nayarit,Agustín Godínez Lomelí,4 de marzo de 1934 - 9 de marzo de 1934,Partido Nacional Revolucionario
Nayarit,Francisco Parra Ortiz,9 de marzo de 1933 - 29 de agosto de 1934,Partido Nacional Revolucionario
Nayarit,José Ibarra Valadez,29 de agosto de 1934 -14 de septiembre de 1934,Partido Nacional Revolucionario
Nayarit,Francisco Parra Ortiz,14 de septiembre de 1934 - 25 de noviembre de 1934,Partido Nacional Revolucionario
Nayarit,Lamberto Luna Plata,25 de noviembre de 1934 - 25 de diciembre de 1934,Partido Nacional Revolucionario
Nayarit,Francisco Parra Ortiz,25 de diciembre de 1934 - 15 de julio de 1935,Partido Nacional Revolucionario
Nayarit,Tomás López Partida,15 de julio de 1935 - 30 de julio de 1935,Partido Nacional Revolucionario
Nayarit,Francisco Parra Ortiz,30 de julio de 1935 - 30 de agosto de 1935,Partido Nacional Revolucionario
Nayarit,Joaquín Cardoso,30 de agosto de 1935 - 15 de septiembre de 1935,Partido Nacional Revolucionario
Nayarit,Joaquín Cardoso,20 de diciembre de 1935 - 20 de enero de 1936,Partido Nacional Revolucionario
Nayarit,Joaquín Cardoso,2 de marzo de 1936 - 2 de abril de 1936,Partido Nacional Revolucionario
Nayarit,Joaquín Cardoso,17 de abril de 1936 - 1 de mayo de 1936,Partido Nacional Revolucionario
Nayarit,Eduardo López Vidrio,1937,Partido Nacional Revolucionario
Nayarit,Juventino Espinosa Sánchez,1937 - 10 de julio de 1938,Partido de la Revolución Mexicana
Nayarit,Antioco Rodríguez,10 de julio de 1938 - 19 de julio de 1938,Partido de la Revolución Mexicana
Nayarit,Antioco Rodríguez,20 de julio de 1938 - 30 de julio de 1938,Partido de la Revolución Mexicana
Nayarit,Juventino Espinosa Sánchez,30 de julio de 1938 - 24 de septiembre de 1938,Partido de la Revolución Mexicana
Nayarit,José Luis Herrera López,24 de septiembre de 1938 - 2 de noviembre de 1938,Partido de la Revolución Mexicana
Nayarit,Juventino Espinosa Sánchez,2 de noviembre de 1938 - 1938,Partido de la Revolución Mexicana
Nayarit,Cuauhtémoc Ríos Martínez,1938 - 1938,Partido de la Revolución Mexicana
Nayarit,Juventino Espinosa Sánchez,1938 - 9 de septiembre de 1939,Partido de la Revolución Mexicana
Nayarit,Antíoco Rodríguez,9 de septiembre de 1939 - 7 de noviembre de 1939,Partido de la Revolución Mexicana
Nayarit,Juventino Espinosa Sánchez,7 de noviembre de 1939 - 1941,Partido de la Revolución Mexicana
Nayarit,José Reynaldo Díaz Vélez,30 de enero de 1941,Partido de la Revolución Mexicana
Nayarit,Ignacio Villela M.,1941 - 1941,Partido de la Revolución Mexicana
Nayarit,Heriberto Parra,2 de octubre de 1941 - 11 de octubre de 1941,Partido de la Revolución Mexicana
Nayarit,Heriberto Parra,12 de octubre de 1941 - 26 de octubre de 1941,Partido de la Revolución Mexicana
Nayarit,Candelario Miramontes Briseño,1941 - 21 de octubre de 1942,Partido de la Revolución Mexicana
Nayarit,Florencio Tipetez,21 de octubre de 1942 - 25 de octubre de 1942,Partido de la Revolución Mexicana
Nayarit,Candelario Miramontes Briseño,25 de octubre de 1942 - agosto de 1944,Partido de la Revolución Mexicana
Nayarit,Rodolfo Henríquez Hernández,Agosto de 1944,Partido de la Revolución Mexicana
Nayarit,Candelario Miramontes Briseño,Agosto de 1944 - 18 de septiembre de 1945,Partido de la Revolución Mexicana
Nayarit,Gilberto Flores Muñoz,1 de enero de 1946 - 31 de diciembre de 1951,Partido Revolucionario Institucional
Nayarit,José Limón Guzmán,1 de enero de 1952 - 31 de diciembre de 1957,Partido Revolucionario Institucional
Nayarit,Miguel Durán Pérez,Diciembre de 1955,Partido Revolucionario Institucional
Nayarit,Francisco García Montero,1 de enero de 1958 - 31 de diciembre de 1963,Partido Revolucionario Institucional
Nayarit,Julián Gascón Mercado,1 de enero de 1964 - 31 de diciembre de 1969,Partido Revolucionario Institucional
Nayarit,Roberto Gómez Reyes,1 de enero de 1970 - 31 de diciembre de 1975,Partido Revolucionario Institucional
Nayarit,Rogelio Flores Curiel,1 de enero de 1976 - 18 de septiembre de 1981,Partido Revolucionario Institucional
Nayarit,Emilio Manuel González Parra,19 de septiembre de 1981 - 18 de septiembre de 1987,Partido Revolucionario Institucional
Nayarit,Celso Humberto Delgado Ramírez,19 de septiembre de 1987 - 18 de septiembre de 1993,Partido Revolucionario Institucional
Nayarit,Rigoberto Ochoa Zaragoza,19 de septiembre de 1993 - 18 de septiembre de 1999,Partido Revolucionario Institucional
Nayarit,Antonio Echevarría Domínguez,19 de septiembre de 1999 - 18 de septiembre de 2005,Partido Acción Nacional
Nayarit,Ney González Sánchez,19 de septiembre de 2005 - 18 de septiembre de 2011,Partido Revolucionario Institucional
Nayarit,Roberto Sandoval Castañeda,19 de septiembre de 2011 - 18 de septiembre de 2017,Partido Revolucionario Institucional
Nayarit,Antonio Echevarría García,19 de septiembre de 2017 - 18 de septiembre de 2021,Partido Acción Nacional
Nayarit,Miguel Ángel Navarro Quintero,Desde el 19 de septiembre de 2021,Movimiento de Regeneración Nacional
Nuevo León,José Antonio Rodríguez,11 de agosto de 1824 - 15 de junio de 1825,
Nuevo León,José María Parás,15 de junio de 1825 - 17 de febrero de 1827,
Nuevo León,Manuel Gómez de Castro,17 de febrero de 1827,
Nuevo León,Joaquín García,17 de febrero de 1829 - 9 de noviembre de 1829,
Nuevo León,Manuel Gómez de Castro,9 de noviembre de 1829 - 30 de diciembre de 1829,
Nuevo León,Joaquín García,30 de diciembre de 1829 - 5 de septiembre de 1830,
Nuevo León,Nicolás José de la Garza y Guerra,5 de septiembre de 1830 - 12 de octubre de 1830,
Nuevo León,Joaquín García,12 de octubre de 1830 - 17 de febrero de 1832,
Nuevo León,Manuel Gómez de Castro,17 de febrero de 1833 - 25 de febrero de 1833,
Nuevo León,Manuel María de Llano,25 de febrero de 1833 - 1 de agosto de 1834,
Nuevo León,Pedro Lemus,1 de agosto de 1834 - 3 de agosto de 1834,
Nuevo León,Manuel Gómez de Castro,3 de agosto de 1834 - 17 de febrero de 1835,
Nuevo León,Juan Nepomuceno de la Garza y Evia,17 de febrero de 1835 - 30 de diciembre de 1836,
Nuevo León,Juan Nepomuceno de la Garza y Evia,30 de diciembre de 1836 - 6 de febrero de 1837,
Nuevo León,Manuel Gómez de Castro,6 de febrero de 1837 - 19 de marzo de 1837,
Nuevo León,Domingo Martínez,19 de marzo de 1836 - 11 de abril de 1837,
Nuevo León,Juan Nepomuceno de la Garza y Evia,11 de abril de 1837 - 8 de agosto de 1837,
Nuevo León,Joaquín García,8 de agosto de 1837 - 29 de marzo de 1838,
Nuevo León,Pedro José Morales,29 de marzo de 1838 - 5 de julio de 1838,
Nuevo León,Joaquín García,5 de julio de 1838 - 3 de marzo de 1839,
Nuevo León,Manuel María de Llano,3 de marzo de 1839 - 12 de marzo de 1839,
Nuevo León,Anselmo R. de Marichalar,12 de marzo de 1839 - 21 de marzo de 1839,
Nuevo León,Joaquín García,21 de marzo de 1839 - 29 de julio de 1839,
Nuevo León,Anselmo R. de Marichalar,29 de julio de 1839 - 23 de septiembre de 1839,
Nuevo León,José de Jesús Dávila y Prieto,23 de septiembre de 1839 - 30 de agosto de 1841,
Nuevo León,Mateo R. Quiroz,30 de agosto de 1841 - 20 de septiembre de 1841,
Nuevo León,Manuel María de Llano,20 de septiembre de 1841 - 21 de diciembre de 1841,
Nuevo León,José María Ortega,21 de diciembre de 1841 - 17 de diciembre de 1844,
Nuevo León,Manuel María de Llano,17 de diciembre de 1844 - 31 de marzo de 1845,
Nuevo León,Juan Nepomuceno de la Garza y Evia,31 de marzo de 1845 - 5 de enero de 1846,
Nuevo León,Rómulo Díaz de la Vega,5 de enero de 1846 - 30 de agosto de 1846,
Nuevo León,Juan Nepomuceno de la Garza y Evia,30 de agosto de 1846 - 1 de septiembre de 1846,
Nuevo León,Pedro de Ampudia y Grimarest,1 de septiembre de 1846 - 20 de septiembre de 1846,
Nuevo León,Francisco de Padua Morales,20 de septiembre de 1846 - 17 de febrero de 1848,
Nuevo León,José María Parás,17 de febrero de 1848 - 14 de enero de 1850,
Nuevo León,Pedro José García del Valle,14 de enero de 1850 - 17 de febrero de 1851,
Nuevo León,Agapito García Dávila,17 de febrero de 1851 - 19 de enero de 1853,
Nuevo León,Juan Nepomuceno de la Garza y Evia,19 de enero de 1853 - 23 de junio de 1853,
Nuevo León,Pedro de Ampudia y Grimarest,23 de junio de 1853 - 22 de octubre de 1854,
Nuevo León,Mariano Moret,22 de octubre de 1854 - 2 de noviembre de 1854,
Nuevo León,Jerónimo Cardona,2 de noviembre de 1854 - 23 de marzo de 1855,Partido Conservador
Nuevo León,Santiago Vidaurri,23 de mayo de 1855 - 13 de diciembre de 1856,
Nuevo León,Juan Nepomuceno de la Garza y Evia,13 de diciembre de 1856 - 17 de agosto de 1857,
Nuevo León,Santiago Vidaurri,17 de agosto de 1857 - 28 de julio de 1858,
Nuevo León,Domingo Martínez,28 de julio de 1858 - 17 de octubre de 1858,
Nuevo León,Santiago Vidaurri,17 de octubre de 1858 - 25 de septiembre de 1859,
Nuevo León,José Silvestre Aramberri,25 de septiembre de 1859 - 5 de diciembre de 1859,
Nuevo León,Domingo Martínez,5 de diciembre de 1859 - 11 de abril de 1860,
Nuevo León,Santiago Vidaurri,11 de abril de 1860 - 5 de agosto de 1862,
Nuevo León,Domingo Martínez,5 de agosto de 1862 - 12 de noviembre de 1862,
Nuevo León,Santiago Vidaurri,12 de noviembre de 1862 - 26 de febrero de 1864,
Nuevo León,Jesús María Benítez Martínez de Pinillos,26 de febrero de 1864 - 13 de julio de 1864,
Nuevo León,Manuel Z. Gómez,13 de julio de 1864 - 15 de agosto de 1864,
Nuevo León,Julián Quiroga,15 de agosto de 1864 - 26 de agosto de 1864,
Nuevo León,Mariano Escobedo,13 de abril de 1865 - 1 de junio de 1865,
Nuevo León,Simón de la Garza Melo,1 de junio de 1865 - 12 de junio de 1865,
Nuevo León,Mariano Escobedo,6 de agosto de 1866 - 18 de agosto de 1866,
Nuevo León,Juan C. Doria,18 de agosto de 1866 - 10 de noviembre de 1866,
Nuevo León,Manuel Z. Gómez,10 de noviembre de 1866 - 4 de diciembre de 1867,
Nuevo León,Jerónimo Treviño,4 de diciembre de 1867 - 9 de junio de 1869,
Nuevo León,Trinidad de la Garza Melo,9 de junio de 1869 - 9 de agosto de 1869,
Nuevo León,Jerónimo Treviño,9 de agosto de 1869 - 17 de noviembre de 1869,
Nuevo León,Lázaro Garza Ayala,17 de noviembre de 1869 - 17 de febrero de 1870,
Nuevo León,Jerónimo Treviño,17 de febrero de 1870 - 17 de octubre de 1870,
Nuevo León,José Eleuterio González,17 de octubre de 1870 - 30 de noviembre de 1870,
Nuevo León,Jerónimo Treviño,30 de noviembre de 1870 - 4 de octubre de 1871,
Nuevo León,Genaro Garza García,4 de octubre de 1871 - 9 de junio de 1872,
Nuevo León,Lázaro Garza Ayala,9 de junio de 1872 - 13 de agosto de 1872,
Nuevo León,Narciso Dávila,13 de agosto de 1872 - 4 de diciembre de 1872,
Nuevo León,José Eleuterio González,4 de diciembre de 1872 - 4 de octubre de 1873,
Nuevo León,Ramón Treviño,4 de octubre de 1873 - 2 de enero de 1874,
Nuevo León,José Eleuterio González,2 de enero de 1874 - 8 de marzo de 1875,
Nuevo León,Ramón Treviño,8 de marzo de 1874 - 26 de mayo de 1875,
Nuevo León,Francisco González Doria,26 de mayo de 1875 - 15 de septiembre de 1875,
Nuevo León,Carlos Fuero,15 de septiembre de 1875 - 25 de mayo de 1876,
Nuevo León,Narciso Dávila,25 de mayo de 1876 - 7 de diciembre de 1876,
Nuevo León,Canuto García,7 de diciembre de 1876 - 12 de diciembre de 1876,
Nuevo León,Genaro Garza García,12 de diciembre de 1876 - 12 de marzo de 1877,
Nuevo León,Jerónimo Treviño,12 de marzo de 1877 - 16 de abril de 1877,
Nuevo León,Genaro Garza García,16 de abril de 1877 - 4 de octubre de 1879,
Nuevo León,Viviano L. Villareal,4 de octubre de 1879 - 3 de octubre de 1881,
Nuevo León,Genaro Garza García,4 de octubre de 1881 - 3 de octubre de 1883,
Nuevo León,Canuto García,4 de octubre de 1883 - 3 de octubre de 1885,
Nuevo León,Genaro Garza García,4 de octubre de 1885 - 9 de noviembre de 1885,
Nuevo León,Mauro A. Sepúlveda,9 de noviembre de 1885 - 12 de diciembre de 1885,
Nuevo León,Bernardo Reyes,12 de diciembre de 1885 - 4 de octubre de 1887,
Nuevo León,Lázaro Garza Ayala,4 de octubre de 1887 - 3 de octubre de 1889,
Nuevo León,Bernardo Reyes,4 de octubre de 1889 - 21 de abril de 1896,
Nuevo León,Carlos Berardi,21 de abril de 1896 - 23 de mayo de 1896,
Nuevo León,Bernardo Reyes,23 de mayo de 1896 - 3 de diciembre de 1897,
Nuevo León,Carlos Félix Ayala,3 de diciembre de 1897 - 19 de diciembre de 1897,
Nuevo León,Bernardo Reyes,19 de diciembre de 1897 - 23 de enero de 1900,
Nuevo León,Pedro Benítez Leal,23 de enero de 1900 - 29 de diciembre de 1902,
Nuevo León,Bernardo Reyes,29 de diciembre de 1902 - 24 de octubre de 1909,
Nuevo León,José María Mier,24 de octubre de 1909 - 8 de junio de 1911,
Nuevo León,Leobardo Chapa,8 de junio de 1911 - 4 de octubre de 1911,
Nuevo León,Viviano L. Villareal,4 de octubre de 1911 - 22 de febrero de 1913,
Nuevo León,Jerónimo Treviño,22 de febrero de 1913 - 24 de marzo de 1913,
Nuevo León,Salomé Botello,24 de marzo de 1913 - 1 de abril de 1914,
Nuevo León,Leobardo Chapa,1 de abril de 1914 - 24 de abril de 1914,
Nuevo León,Antonio I. Villarreal,24 de abril de 1914 - 1 de octubre de 1914,
Nuevo León,Antonio de la Paz Guerra,1 de octubre de 1914 - 5 de diciembre de 1914,
Nuevo León,Antonio I. Villarreal,5 de diciembre de 1914 - 5 de enero de 1915,
Nuevo León,Rafael Cepeda de la Fuente,5 de enero de 1915 - 11 de enero de 1915,
Nuevo León,José Videgaray de Gortari,11 de enero de 1915 - 15 de enero de 1915,
Nuevo León,Felipe Ángeles Ramírez,15 de enero de 1915 - 15 de febrero de 1915,
Nuevo León,Raúl Madero González,15 de febrero de 1915 - 29 de mayo de 1915,
Nuevo León,Ildefonso V. Vázquez,29 de mayo de 1915 - 8 de junio de 1915,
Nuevo León,Pablo A. de la Garza,8 de junio de 1915 - 7 de febrero de 1916,
Nuevo León,Diódoro de la Garza,7 de febrero de 1916 - 24 de marzo de 1916,
Nuevo León,Pablo A. de la Garza,24 de marzo de 1916 - 24 de marzo de 1917,
Nuevo León,Alfredo Ricaut,24 de marzo de 1917 - 1 de julio de 1917,
Nuevo León,Nicéforo Zambrano,1 de julio de 1917 - 4 de octubre de 1919,
Nuevo León,José E. Santos,4 de octubre de 1919 - 10 de mayo de 1920,
Nuevo León,Humberto Barros,10 de mayo de 1920 - 12 de mayo de 1920,
Nuevo León,Félix G. Lozano,12 de mayo de 1920 - 13 de mayo de 1920,
Nuevo León,Porfirio G. González,13 de mayo de 1920 - 5 de febrero de 1921,
Nuevo León,Juan M. García,5 de febrero de 1921 - 4 de abril de 1922,
Nuevo León,Ramiro Támez,4 de abril de 1922 - 29 de noviembre de 1922,
Nuevo León,Leocadio M. González,29 de noviembre de 1922 - 16 de diciembre de 1922,
Nuevo León,Ramiro Támez,16 de diciembre de 1922 - 13 de marzo de 1923,
Nuevo León,Pedro Guajardo,13 de marzo de 1923 - 24 de marzo de 1923,
Nuevo León,Ramiro Támez,24 de marzo de 1923 - 27 de marzo de 1923,
Nuevo León,Eusebio de la Cueva,27 de marzo de 1923 - 5 de abril de 1923,
Nuevo León,Ramiro Támez,5 de abril de 1923 - 17 de julio de 1923,
Nuevo León,Eusebio de la Cueva,17 de julio de 1923 - 14 de agosto de 1923,
Nuevo León,Ramiro Támez,14 de agosto de 1923 - 4 de octubre de 1923,
Nuevo León,Alfredo Pérez Garza,4 de octubre de 1923 - 4 de octubre de 1923,
Nuevo León,Anastasio Treviño Martínez,4 de octubre de 1923 - 3 de noviembre de 1923,
Nuevo León,José Juan Vallejo,3 de noviembre de 1923 - 12 de noviembre de 1923,
Nuevo León,Anastasio Treviño Martínez,12 de noviembre de 1923 - 25 de diciembre de 1923,
Nuevo León,Porfirio G. González,25 de diciembre de 1923 - 9 de octubre de 1924,
Nuevo León,Julio L. Leal,9 de octubre de 1924 - 17 de octubre de 1924,
Nuevo León,Porfirio G. González,17 de octubre de 1924 - 16 de octubre de 1925,
Nuevo León,Jerónimo Siller,16 de octubre de 1925 - 4 de octubre de 1927,
Nuevo León,Aarón Sáenz,4 de octubre de 1927 - 27 de marzo de 1928,
Nuevo León,José Benítez Martínez,27 de marzo de 1928 - 14 de agosto de 1928,
Nuevo León,Aarón Sáenz,14 de agosto de 1928 - 6 de noviembre de 1928,
Nuevo León,José Benítez Martínez,6 de noviembre de 1928 - 25 de marzo de 1929,
Nuevo León,Aarón Sáenz,25 de marzo de 1929 - 26 de abril de 1929,Partido Nacional Revolucionario
Nuevo León,Plutarco Elías Calles Chacón,26 de abril de 1929 - 2 de junio de 1929,Partido Nacional Revolucionario
Nuevo León,Generoso Chapa Garza,2 de junio de 1929 - 12 de junio de 1929,Partido Nacional Revolucionario
Nuevo León,Aarón Sáenz,12 de junio de 1929 - 3 de febrero de 1930,Partido Nacional Revolucionario
Nuevo León,José Benítez Martínez,3 de febrero de 1930 - 12 de septiembre de 1931,Partido Nacional Revolucionario
Nuevo León,Aarón Sáenz,12 de septiembre de 1931 - 4 de octubre de 1931,Partido Nacional Revolucionario
Nuevo León,Francisco A. Cárdenas,4 de octubre de 1931 - 27 de diciembre de 1933,Partido Nacional Revolucionario
Nuevo León,Pablo Quiroga Treviño,27 de diciembre de 1933 - 28 de septiembre de 1935,Partido Nacional Revolucionario
Nuevo León,Ángel Santos Cervantes,28 de septiembre de 1935 - 4 de octubre de 1935,Partido Nacional Revolucionario
Nuevo León,Gregorio Morales Sánchez,4 de octubre de 1935 - 11 de octubre de 1935,Partido Nacional Revolucionario
Nuevo León,José P. Saldaña,11 de octubre de 1935 - 14 de octubre de 1935,Partido Nacional Revolucionario
Nuevo León,Gregorio Morales Sánchez,14 de octubre de 1935 - 14 de noviembre de 1935,Partido Nacional Revolucionario
Nuevo León,José P. Saldaña,14 de noviembre de 1935 - 21 de noviembre de 1935,Partido Nacional Revolucionario
Nuevo León,Gregorio Morales Sánchez,21 de noviembre de 1935 - 31 de diciembre de 1935,Partido Nacional Revolucionario
Nuevo León,Alberto Villarreal,31 de diciembre de 1935 - 13 de enero de 1936,Partido Nacional Revolucionario
Nuevo León,Gregorio Morales Sánchez,13 de enero de 1936 - 1 de mayo de 1936,Partido Nacional Revolucionario
Nuevo León,Anacleto Guerrero Guajardo,1 de mayo de 1936 - 3 de octubre de 1939,Partido Nacional Revolucionario
Nuevo León,Bonifacio Salinas Leal,4 de octubre de 1939 - 3 de octubre de 1943,Partido de la Revolución Mexicana
Nuevo León,Arturo B. de la Garza,4 de octubre de 1943 - 3 de octubre de 1949,Partido de la Revolución Mexicana
Nuevo León,Ignacio Morones Prieto,4 de octubre de 1949 - 5 de diciembre de 1952,Partido Revolucionario Institucional
Nuevo León,José Santiago Vivanco Lozano,5 de diciembre de 1952 - 3 de octubre de 1955,Partido Revolucionario Institucional
Nuevo León,Raúl Rangel Frías,4 de octubre de 1955 - 3 de octubre de 1961,Partido Revolucionario Institucional
Nuevo León,Eduardo Livas Villarreal,4 de octubre de 1961 - 3 de octubre de 1967,Partido Revolucionario Institucional
Nuevo León,Eduardo Ángel Elizondo Lozano,4 de octubre de 1967 - 30 de mayo de 1971,Partido Revolucionario Institucional
Nuevo León,Luis Marcelino Farías Martínez,5 de junio de 1971 - 31 de julio de 1973,Partido Revolucionario Institucional
Nuevo León,Pedro Zorrilla Martínez,1 de agosto de 1973 - 31 de julio de 1979,Partido Revolucionario Institucional
Nuevo León,Alfonso Martínez Domínguez,1 de agosto de 1979 - 31 de julio de 1985,Partido Revolucionario Institucional
Nuevo León,Jorge Treviño Martínez,1 de agosto de 1985 - 31 de julio de 1991,Partido Revolucionario Institucional
Nuevo León,Sócrates Rizzo García,1 de agosto de 1991 - 17 de abril de 1996,Partido Revolucionario Institucional
Nuevo León,Benjamín Clariond Reyes-Retana,18 de abril de 1996 - 3 de octubre de 1997,Partido Revolucionario Institucional
Nuevo León,Fernando Canales Clariond,4 de octubre de 1997 - 10 de enero de 2003,Partido Acción Nacional
Nuevo León,Fernando Elizondo Barragán,13 de enero de 2003 - 3 de octubre de 2003,Partido Acción Nacional
Nuevo León,José Natividad González Parás,4 de octubre de 2003 - 3 de octubre de 2009,Partido Revolucionario Institucional
Nuevo León,Rodrigo Medina de la Cruz,4 de octubre de 2009 - 3 de octubre de 2015,Partido Revolucionario Institucional
Nuevo León,Jaime Heliodoro Rodríguez Calderón,4 de octubre de 2015 - 31 de diciembre de 2017,Independiente
Nuevo León,Manuel Florentino González Flores,1 de enero de 2018 - 2 de julio de 2018,Independiente
Nuevo León,Jaime Heliodoro Rodríguez Calderón,2 de julio de 2018 - 3 de octubre de 2021,Independiente
Nuevo León,Samuel Alejandro García Sepúlveda,4 de octubre de 2021 - 1 de diciembre de 2023,Movimiento Ciudadano
Nuevo León,Luis Enrique Orozco Suárez,2 de diciembre de 2023 - 4 de diciembre de 2023,Independiente
Nuevo León,Samuel Alejandro García Sepúlveda,Desde el 4 de diciembre de 2023,Movimiento Ciudadano
Oaxaca,José María Murguía y Galardi,4 de diciembre de 1823 - 12 de noviembre de 1824,
Oaxaca,José Ignacio Morales,12 de noviembre de 1824 - 28 de noviembre de 1827,
Oaxaca,Ramón Ramírez de Aguilar,28 de noviembre de 1827 - 15 de enero de 1828,
Oaxaca,José Ignacio Morales,15 de enero de 1828 - 12 de agosto de 1828,
Oaxaca,José Joaquín Guerrero,12 de agosto de 1828 - 14 de diciembre de 1828,
Oaxaca,Miguel Ignacio Iturribarría,14 de diciembre de 1828 - 4 de enero de 1830,
Oaxaca,Ramón Ramírez de Aguilar,5 de enero de 1830 - 1 de febrero de 1830,
Oaxaca,José Joaquín Guerrero,1 de febrero de 1830 - 22 de junio de 1830,
Oaxaca,José López Ortigoza,22 de junio de 1830 - 29 de enero de 1833,
Oaxaca,Ramón Ramírez de Aguilar,29 de enero de 1833 - 4 de junio de 1834,
Oaxaca,Manuel Jimeno Bohórquez Varela,4 de junio de 1834 - 13 de junio de 1834,
Oaxaca,Tiburcio Cañas,13 de junio de 1834 - 19 de junio de 1834,
Oaxaca,Antonio de León,19 de junio de 1834 - 8 de septiembre de 1834,
Oaxaca,José López Ortigoza,8 de septiembre de 1834 - 12 de septiembre de 1834,
Oaxaca,Francisco Monterrubio,12 de septiembre de 1834 - 5 de noviembre de 1834,
Oaxaca,José López Ortigoza,12 de noviembre de 1834 - 15 de octubre de 1836,
Oaxaca,Ignacio Goytia,15 de octubre de 1836 - 30 de diciembre de 1836,
Oaxaca,Ignacio Goytia,30 de diciembre de 1836 - febrero de 1837,
Oaxaca,José López Ortigoza,25 de febrero de 1837 - 6 de agosto de 1838,
Oaxaca,Ignacio Goytia,6 de agosto de 1838 - 11 de marzo de 1839,
Oaxaca,José López Ortigoza,11 de marzo de 1839 - 18 de septiembre de 1841,
Oaxaca,Antonio de León,18 de septiembre de 1841 - 15 de noviembre de 1843,
Oaxaca,José García Malo,15 de noviembre de 1843 - 8 de enero de 1844,
Oaxaca,José Domingo Ibáñez de Corbera,8 de enero de 1844 - 15 de enero de 1844,
Oaxaca,Antonio de León,15 de enero de 1844 - 17 de octubre de 1844,
Oaxaca,Luis Fernández del Campo,17 de octubre de 1844 - 19 de noviembre de 1844,
Oaxaca,Antonio de León,29 de noviembre de 1844 - 2 de septiembre de 1845,
Oaxaca,Luis Fernández del Campo,2 de septiembre de 1845 - 3 de enero de 1846,
Oaxaca,Manuel López Ortigoza,3 de enero de 1846 - 2 de marzo de 1846,
Oaxaca,José López Ortigoza,20 de marzo de 1846 - 11 de agosto de 1846,
Oaxaca,Luis Fernández del Campo,11 de agosto de 1846 - 22 de agosto de 1846,
Oaxaca,Luis Fernández del Campo,22 de agosto de 1846 - 11 de septiembre de 1846,
Oaxaca,Benito Juárez García,11 de septiembre de 1846 - 11 de septiembre de 1846,
Oaxaca,José Simeón Arteaga,11 de septiembre de 1846 - 15 de febrero de 1847,
Oaxaca,José Joaquín Guergué,17 de febrero de 1847 - 28 de mayo de 1847,
Oaxaca,Aurelio Bolaños,28 de mayo de 1847 - 5 de junio de 1847,
Oaxaca,Francisco Ortiz Zárate,5 de junio de 1847 - 2 de octubre de 1847,
Oaxaca,Marcos Pérez Santiago,3 de octubre de 1847 - 28 de octubre de 1847,
Oaxaca,Benito Juárez García,29 de octubre de 1847 - 6 de noviembre de 1848,
Oaxaca,José María Castellanos,6 de noviembre de 1848 - 11 de diciembre de 1848,
Oaxaca,Benito Juárez García,11 de diciembre de 1848 - 20 de enero de 1849,
Oaxaca,José María Castellanos,20 de enero de 1849 - 1 de febrero de 1849,
Oaxaca,Benito Juárez García,1 de febrero de 1849 - 1 de abril de 1849,
Oaxaca,José María Castellanos,1 de abril de 1849 - 24 de abril de 1849,
Oaxaca,Benito Juárez García,24 de abril de 1849 - 12 de agosto de 1852,
Oaxaca,Lope San Germán,12 de agosto de 1852 - 16 de agosto de 1852,
Oaxaca,Ignacio Mejía,16 de agosto de 1852 - 18 de enero de 1853,
Oaxaca,Lope San Germán,18 de enero de 1853 - 21 de enero de 1853,
Oaxaca,Luis Fernández del Campo,21 de enero de 1853 - 4 de febrero de 1853,
Oaxaca,Manuel Iturribarría,4 de febrero de 1853 - 17 de febrero de 1853,
Oaxaca,Ignacio Martínez y Pinillos,17 de febrero de 1853 - 2 de febrero de 1855,
Oaxaca,José María García,2 de febrero de 1855 - 18 de marzo de 1855,
Oaxaca,Ignacio Martínez y Pinillos,18 de marzo de 1855 - 29 de agosto de 1855,
Oaxaca,José María García,29 de agosto de 1855 - 10 de enero de 1856,
Oaxaca,Benito Juárez García,10 de enero de 1856 - 25 de octubre de 1857,
Oaxaca,José María Díaz Ordaz,25 de octubre de 1857 - 3 de diciembre de 1858,
Oaxaca,Miguel Castro,3 de diciembre de 1858 - 22 de diciembre de 1859,
Oaxaca,José María Díaz Ordaz,22 de diciembre de 1859 - 24 de enero de 1860,
Oaxaca,Marcos Pérez Santiago,25 de enero de 1860 - 7 de noviembre de 1860,
Oaxaca,Ramón Cajiga,8 de noviembre de 1860 - 1 de diciembre de 1863,
Oaxaca,Porfirio Díaz Mori,1 de diciembre de 1863 - 16 de febrero de 1864,
Oaxaca,José María Ballesteros,16 de febrero de 1864 - 4 de enero de 1865,
Oaxaca,Alejandro García,11 de diciembre de 1866 - 23 de febrero de 1867,
Oaxaca,Juan M. Maldonado,23 de febrero de 1867 - 13 de mayo de 1867,
Oaxaca,Miguel Castro,13 de mayo de 1867 - 1 de diciembre de 1867,
Oaxaca,Félix Díaz Mori,1 de diciembre de 1867 - 9 de noviembre de 1871,
Oaxaca,Félix Romero,9 de noviembre de 1871 - 8 de enero de 1872,
Oaxaca,Ignacio R. Alatorre,8 de enero de 1872,
Oaxaca,Miguel Castro,9 de enero de 1872 - 4 de noviembre de 1874,
Oaxaca,José María Castro,4 de noviembre de 1874 - 7 de noviembre de 1874,
Oaxaca,José Esperón,7 de noviembre de 1874 - 27 de enero de 1876,
Oaxaca,Fidenco Hernández,28 de enero de 1876 - 11 de febrero de 1876,
Oaxaca,Francisco Meixueiro,11 de febrero de 1876 - 17 de diciembre de 1879,
Oaxaca,José María Castro,19 de diciembre de 1879 - 17 de enero de 1880,
Oaxaca,Francisco Meixueiro,17 de enero de 1880 - diciembre de 1881,
Oaxaca,Porfirio Díaz Mori,1 de diciembre de 1881 - 27 de julio de 1882,
Oaxaca,Mariano Jiménez Figueroa,27 de julio de 1882 - 1 de diciembre de 1882,Militar
Oaxaca,Porfirio Díaz Mori,1 de diciembre de 1882 - 3 de enero de 1883,
Oaxaca,Mariano Jiménez Figueroa,3 de enero de 1883 - 1 de diciembre de 1884,Militar
Oaxaca,Luis Mier y Terán,1 de diciembre de 1884 - 17 de febrero de 1886,Militar
Oaxaca,Agustín Canseco,17 de febrero de 1886 - 17 de mayo de 1886,
Oaxaca,Luis Mier y Terán,17 de mayo de 1886 - 25 de febrero de 1887,Militar
Oaxaca,Agustín Canseco,25 de febrero de 1887 - diciembre de 1888,
Oaxaca,Albino Zertuche Garza,1 de diciembre de 1888 - 4 de mayo de 1890,Militar
Oaxaca,Rafael Hernández,4 de mayo de 1890 - 15 de mayo de 1890,
Oaxaca,Gregorio Chávez,15 de mayo de 1890 - 1 de diciembre de 1894,Militar
Oaxaca,Martín González,1 de diciembre de 1894 - 19 de noviembre de 1896,Militar
Oaxaca,Nicolás López Garrido,19 de noviembre de 1896 - 1 de febrero de 1897,
Oaxaca,Martín González,1 de febrero de 1897 - 11 de marzo de 1898,Militar
Oaxaca,Nicolás López Garrido,11 de marzo de 1898 - 1 de julio de 1898,
Oaxaca,Martín González,1 de julio de 1898 - 20 de noviembre de 1900,Militar
Oaxaca,Nicolás López Garrido,20 de noviembre de 1900 - 16 de abril de 1901,
Oaxaca,Martín González,16 de abril de 1901 - 28 de febrero de 1902,Militar
Oaxaca,Nicolás López Garrido,28 de febrero de 1902 - 10 de abril de 1902,
Oaxaca,Martín González,10 de abril de 1902 - 6 de junio de 1902,Militar
Oaxaca,Miguel Bolaños Cacho,6 de junio de 1902 - 1 de diciembre de 1902,
Oaxaca,Emilio Pimentel,1 de diciembre de 1902 - 1 de diciembre de 1906,
Oaxaca,Emilio Pimentel,1 de diciembre de 1906 - 4 de mayo de 1911,
Oaxaca,Joaquín Sandoval,2 de mayo de 1911 - 22 de mayo de 1911,
Oaxaca,Félix Díaz Prieto,22 de mayo de 1911 - 3 de junio de 1911,
Oaxaca,Jesús Acevedo,3 de junio de 1911 - 5 de junio de 1911,
Oaxaca,Fidencio Hernández,5 de junio de 1911 - 7 de junio de 1911,
Oaxaca,Heliodoro Díaz Quintas,7 de junio de 1911 - 23 de septiembre de 1911,
Oaxaca,Benito Juárez Maza,23 de septiembre de 1911 - 21 de abril de 1912,
Oaxaca,Alberto Montiel,21 de abril de 1912 - 22 de julio de 1912,
Oaxaca,Miguel Martínez,22 de julio de 1912 - 19 de agosto de 1912,
Oaxaca,Miguel Bolaños Cacho,19 de agosto de 1912 - 14 de julio de 1914,
Oaxaca,Francisco Canseco,16 de julio de 1914 - 30 de noviembre de 1914,
Oaxaca,Miguel Martínez,30 de noviembre de 1914 - 6 de diciembre de 1914,
Oaxaca,José Inés Dávila Castañeda,6 de diciembre de 1914 - 19 de agosto de 1915,
Oaxaca,Jesús Agustín Castro,19 de agosto de 1915 - 31 de marzo de 1917,Militar
Oaxaca,Juan Jiménez Méndez,31 de marzo de 1917 - 9 de julio de 1919,Militar
Oaxaca,Francisco Eustasio Vázquez,9 de julio de 1919 - 29 de enero de 1920,
Oaxaca,Alfredo Rodríguez,29 de enero de 1920 - 4 de mayo de 1920,Militar
Oaxaca,Jesús Acevedo,4 de mayo de 1920 - 28 de octubre de 1920,
Oaxaca,Carlos Bravo,28 de octubre de 1920 - 15 de diciembre de 1920,
Oaxaca,Manuel García Vigil (1882-1924),15 de diciembre de 1920 - 3 de marzo de 1924,Partido Liberal Constitucionalista
Oaxaca,Isaac M. Ibarra,3 de marzo de 1924 - 1 de diciembre de 1924,
Oaxaca,Onofre Jiménez,1 de diciembre de 1924 - 7 de noviembre de 1925,Militar
Oaxaca,Genaro V. Vásquez (1892-1967),7 de noviembre de 1925 - 30 de noviembre de 1928,
Oaxaca,Francisco López Cortés (1899-1967),1 de diciembre de 1928 - 30 de noviembre de 1932,Confederación de Partidos Socialistas de Oaxaca
Oaxaca,Anastasio García Toledo,1 de diciembre de 1932 - 30 de noviembre de 1936,Partido Nacional Revolucionario
Oaxaca,Constantino Chapital (1897-1943),1 de diciembre de 1936 - 30 de noviembre de 1940,Partido Nacional Revolucionario
Oaxaca,Vicente González Fernández,1 de diciembre de 1940 - 30 de noviembre de 1944,Partido de la Revolución Mexicana
Oaxaca,Edmundo M. Sánchez Cano,1 de diciembre de 1944 - 18 de enero de 1947,Partido de la Revolución Mexicana
Oaxaca,Eduardo Vasconcelos (1896-1953),19 de enero de 1947 - 30 de noviembre de 1950,Partido Revolucionario Institucional
Oaxaca,Manuel Mayoral Heredia,1 de diciembre de 1950 - 1 de agosto de 1952,Partido Revolucionario Institucional
Oaxaca,Manuel Cabrera Carrasquedo,1 de agosto de 1952 - 10 de octubre de 1955,Partido Revolucionario Institucional
Oaxaca,José Pacheco Iturribarría,11 de octubre de 1955 - 30 de noviembre de 1956,Partido Revolucionario Institucional
Oaxaca,Alfonso Pérez Gasga,1 de diciembre de 1956 - 30 de noviembre de 1962,Partido Revolucionario Institucional
Oaxaca,Rodolfo Brena Torres,1 de diciembre de 1962 - 30 de noviembre de 1968,Partido Revolucionario Institucional
Oaxaca,Víctor Bravo Ahuja (1918-1990),1 de diciembre de 1968 - 30 de noviembre de 1970,Partido Revolucionario Institucional
Oaxaca,Fernando Gómez Sandoval (1927-1992),1 de diciembre de 1970 - 30 de noviembre de 1974,Partido Revolucionario Institucional
Oaxaca,Manuel Zárate Aquino,1 de diciembre de 1974 - 3 de marzo de 1977,Partido Revolucionario Institucional
Oaxaca,Eliseo Jiménez Ruiz,3 de marzo de 1977 - 30 de noviembre de 1980,Partido Revolucionario Institucional
Oaxaca,Pedro Vázquez Colmenares (1934-2012),1 de diciembre de 1980 - 30 de noviembre de 1985,Partido Revolucionario Institucional
Oaxaca,Jesús Martínez Álvarez (1944),1 de diciembre de 1985 - 30 de noviembre de 1986,Partido Revolucionario Institucional
Oaxaca,Heladio Ramírez López (1939),1 de diciembre de 1986 - 30 de noviembre de 1992,Partido Revolucionario Institucional
Oaxaca,Diódoro Carrasco Altamirano (1954),1 de diciembre de 1992 - 30 de noviembre de 1998,Partido Revolucionario Institucional
Oaxaca,José Murat Casab (1949),1 de diciembre de 1998 - 30 de noviembre de 2004,Partido Revolucionario Institucional
Oaxaca,Ulises Ruiz Ortiz (1958),1 de diciembre de 2004 - 30 de noviembre de 2010,Partido Revolucionario Institucional
Oaxaca,Gabino Cué Monteagudo (1966),1 de diciembre de 2010 - 30 de noviembre de 2016,Movimiento Ciudadano
Oaxaca,Alejandro Murat Hinojosa (1975),1 de diciembre de 2016 - 30 de noviembre de 2022,Partido Revolucionario Institucional
Oaxaca,Salomón Jara Cruz (1959),Desde el 1 de diciembre de 2022,Movimiento de Regeneración Nacional
Puebla,Manuel Gómez Pedraza,1824 - 3 de enero de 1825,
Puebla,José María Calderón Garcés,3 de enero de 1825 - 1 de diciembre de 1825,
Puebla,José María Calderón Garcés,1 de diciembre de 1825 - 1826,
Puebla,Carlos García y Bocanegra,1826 - 1827,
Puebla,José María Calderón Garcés,1827 - 5 de enero de 1828,
Puebla,Juan González Cabofranco,12 de febrero de 1828 - 29 de octubre de 1828,
Puebla,Joaquín de Haro y Tamariz,29 de octubre de 1828 - 26 de diciembre de 1828,
Puebla,Patricio Furlong,26 de diciembre de 1828 - febrero de 1830,
Puebla,José María Tamayo,Febrero de 1830 - 19 de mayo de 1830,
Puebla,Juan José Andrade,19 de mayo de 1830 - 5 de octubre de 1832,
Puebla,Cosme Furlong,6 de octubre de 1832 - 8 de febrero de 1833,
Puebla,Patricio Furlong,8 de febrero de 1833 - 9 de septiembre de 1833,
Puebla,Guadalupe Victoria,9 de septiembre de 1833 - 11 de enero de 1834,
Puebla,Cosme Furlong,11 de enero de 1834 - 30 de julio de 1834,
Puebla,Guadalupe Victoria,30 de julio de 1834 - 21 de diciembre de 1834,
Puebla,José Mariano Marín,21 de diciembre de 1834 - enero de 1835,
Puebla,Manuel Rincón,3 de enero de 1835 - 23 de julio de 1836,
Puebla,José Antonio Mozo,23 de julio de 1836 - 18 de febrero de 1837,
Puebla,Felipe Collados,18 de febrero de 1837 - 1840,
Puebla,Juan González Cabofranco,1840 - 1841,
Puebla,Joaquín de Haro y Tamariz,1841 - enero de 1842,
Puebla,Valentín Canalizo,Enero de 1842 - marzo de 1843,
Puebla,Joaquín Reyes,1843 - 1843,
Puebla,Isidro Reyes,1843 - 1843,
Puebla,Juan González Cabofranco,1843 - 1845,
Puebla,Joaquín de Haro y Tamariz,1845 - 1846,
Puebla,Joaquín Reyes,1846 - 1846,
Puebla,Cosme Furlong,1846 - 1846,
Puebla,Domingo Ibarra Ramos,1846 - 1847,
Puebla,José Rafael Isunza,22 de abril de 1847 - 15 de junio de 1848,
Puebla,Nicolás Bravo,1848 - 1848,
Puebla,Juan Múgica y Osorio,1 de mayo de 1848 - 11 de febrero de 1853,
Puebla,Cosme Furlong,11 de febrero de 1853 - 21 de abril de 1853,
Puebla,Manuel María Lombardini,21 de abril de 1835 - abril de 1835,
Puebla,José María González Mendoza,Abril de 1853 - 18 de mayo de 1853,
Puebla,Francisco Pérez Arévalo,18 de mayo de 1853 - 19 de agosto de 1855,
Puebla,Pascual Almazán,1855 - 1855,
Puebla,Luis de la Rosa,Agosto de 1855 - septiembre de 1855,
Puebla,Francisco Ibarra Ramos,1 de octubre de 1855 - 17 de abril de 1836,
Puebla,Juan Bautista Traconis,17 de abril de 1856 - 19 de octubre de 1856,
Puebla,José García Conde,19 de octubre de 1856 - mayo de 1857,
Puebla,Miguel Cástulo Alatriste,Mayo de 1857 - 14 de diciembre de 1857,
Puebla,Miguel María de Echegaray,20 de diciembre de 1857 - 7 de marzo de 1858,
Puebla,Rafael Espinoza,8 de marzo de 1858 - 31 de marzo de 1858,
Puebla,Manuel Noriega,1 de abril de 1858 - 11 de julio de 1858,
Puebla,Francisco Pérez Arroyo,12 de julio de 1858 - 26 de julio de 1859,
Puebla,Antonio Ayestarán,26 de julio de 1859 - 10 de marzo de 1860,
Puebla,Felipe Neri Chacón,Marzo de 1860 - enero de 1861,
Puebla,Fernando María Ortega,Enero de 1861 - marzo de 1861,
Puebla,Miguel Cástulo Alatriste,Marzo de 1861 - 30 de julio de 1861,
Puebla,José Antonio Marín,30 de julio de 1861 - 4 de septiembre de 1861,
Puebla,Francisco Ibarra Ramos,4 de septiembre de 1861 - 4 de enero de 1862,
Puebla,José María González Mendoza,4 de enero de 1862 - 26 de abril de 1862,
Puebla,Santiago Tapia,26 de abril de 1862 - mayo de 1862,
Puebla,Ignacio Mejía,Mayo de 1862 - marzo de 1863,
Puebla,Jesús González Ortega,Marzo de 1863 - 12 de agosto de 1863,
Puebla,José María Maldonado,12 de agosto de 1863 - 12 de octubre de 1863,
Puebla,Miguel Negrete,13 de octubre de 1863 - 4 de noviembre de 1863,
Puebla,Rafael Cravioto,4 de noviembre de 1863 - 30 de noviembre de 1863,
Puebla,José María Maldonado,30 de noviembre de 1863 - 10 de enero de 1865,
Puebla,Fernando María Ortega,10 de enero de 1865 - 12 de enero de 1866,
Puebla,Alejandro García,12 de enero de 1866 - 2 de abril de 1867,
Puebla,Rafael J. García,2 de abril de 1867 - 25 de abril de 1867,
Puebla,Juan N. Méndez,25 de abril de 1867 - 24 de septiembre de 1867,
Puebla,Rafael J. García,24 de septiembre de 1867 - 26 de octubre de 1867,
Puebla,José de la Luz Palafox,27 de octubre de 1867 - 25 de noviembre de 1867,
Puebla,Juan Gómez,25 de noviembre de 1867 - 16 de febrero de 1868,
Puebla,Rafael J. García,16 de febrero de 1868 - 4 de marzo de 1869,
Puebla,Ignacio Romero Vargas,Marzo de 1869 - 6 de marzo de 1872,
Puebla,Ignacio R. Alatorre,6 de marzo de 1872 - julio de 1872,
Puebla,Ignacio Romero Vargas,Julio de 1872 - noviembre de 1876,
Puebla,José María Couttolenc,19 de noviembre de 1876 - febrero de 1877,
Puebla,Carlos Pacheco Villalobos,Febrero de 1877 - 3 de mayo de 1877,
Puebla,Juan Crisóstomo Bonilla Pérez,3 de mayo de 1877 - 1878,
Puebla,León Guzmán,1878 - 1878,
Puebla,José de Jesús López,1878 - 1879,
Puebla,Juan Crisóstomo Bonilla Pérez,1879 - 30 de septiembre de 1880,
Puebla,Juan N. Méndez,1 de octubre de 1880 - 1884,
Puebla,Ignacio Enciso,1884 - 31 de enero de 1885,
Puebla,Rosendo Márquez,1 de febrero de 1885 - 5 de junio de 1892,
Puebla,Crispín Aguilar Bobadilla,1892 - 1892,
Puebla,Manuel M. Arrioja,5 de junio de 1892 - 31 de enero de 1893,
Puebla,Mucio P. Martínez,1 de febrero de 1893 - 4 de marzo de 1911,
Puebla,Miguel Sandoval,1911 - 1911,
Puebla,Agustín Mora,4 de marzo de 1911,
Puebla,Rafael Isunza,4 de marzo de 1911 - 20 de septiembre de 1911,
Puebla,Rafael P. Cañete,21 de septiembre de 1911 - 24 de diciembre de 1911,
Puebla,Nicolás Meléndez,25 de diciembre de 1911 - diciembre de 1911,
Puebla,Jesús Morales,Diciembre de 1911 - diciembre de 1912,
Puebla,Nicolás Meléndez,Diciembre de 1912 - 31 de enero de 1913,
Puebla,Juan Bautista Carrasco,1 de febrero de 1913 - 2 de febrero de 1913,
Puebla,Francisco Barrientos y Barrientos,2 de febrero de 1913 - 10 de marzo de 1913,
Puebla,Juan Bautista Carrasco,10 de marzo de 1913 - 2 de junio de 1913,
Puebla,Joaquín Maas Flores,2 de junio de 1913 - 15 de enero de 1914,
Puebla,Juan Hernández,22 de enero de 1914 - 16 de julio de 1914,
Puebla,Francisco Muñoz Ovando,24 de julio de 1914 - 27 de julio de 1914,Independiente
Puebla,Francisco Muñoz Ovando,27 de julio de 1914 - 23 de agosto de 1914,Independiente
Puebla,Francisco Coss Ramos,26 de agosto de 1914 - 15 de diciembre de,
Puebla,Antonio Abonza Fuentes,16 de diciembre de 1914,
Puebla,Rafael Espinosa,16 de diciembre de 1914 - 5 de enero de 1915,
Puebla,Agustín Millán Vivero,5 de enero de 1915 - febrero de 1915,
Puebla,Francisco Coss Ramos,Febrero de 1915 - mayo de 1915,
Puebla,Luis G. Cervantes,Mayo de 1915 - 27 de marzo de 1916,
Puebla,Cesáreo Castro,27 de marzo de 1916 - 27 de julio de 1917,
Puebla,Alfonso Cabrera Lobato,27 de julio de 1917 - 3 de mayo de 1920,
Puebla,Rafael Rojas,8 de mayo de 1920 - 16 de junio de 1920,
Puebla,Luis Sánchez Pontón,8 de junio de 1920 - 6 de abril de 1921,
Puebla,Claudio N. Tirado,6 de abril de 1921 - mayo de 1921,
Puebla,Roberto Labastida Meza,Mayo de 1921 - 18 de junio de 1921,
Puebla,José María Sánchez Rojas,18 de junio de 1921 - 18 de febrero de 1922,
Puebla,Froylán Cruz Manjarréz,2 de marzo de 1922 - 7 de diciembre de 1923,
Puebla,Antonio I. Villarreal,7 de diciembre de 1923 - 8 de diciembre de 1923,
Puebla,Francisco Espinosa Fleury,9 de diciembre de 1923 - 10 de diciembre de 1923,
Puebla,Vicente Lombardo Toledano,10 de diciembre de 1923 - 21 de marzo de 1924,
Puebla,Alberto Guerrero,31 de marzo de 1924 - octubre de 1924,
Puebla,José María Sánchez Rojas,Octubre de 1924 - 5 de noviembre de 1924,
Puebla,Enrique Moreno,5 de noviembre de 1924 - 12 de enero de 1925,
Puebla,Arturo Osorio Calderón,12 de enero de 1925 - 16 de enero de 1925,
Puebla,Wenceslao Macip,16 de enero de 1925 - 29 de enero de 1925,
Puebla,Claudio N. Tirado,15 de febrero de 1925 - 22 de noviembre de 1926,
Puebla,Manuel P. Montes,22 de noviembre de 1926 - 1 de julio de 1927,Militar
Puebla,Donato Bravo Izquierdo,1 de julio de 1927 - 31 de enero de 1929,Partido Nacional Revolucionario
Puebla,Leonides Andreu Almazán,1 de febrero de 1929 - 6 de enero de 1932,Partido Nacional Revolucionario
Puebla,Juan C. Bonilla López,6 de enero de 1933 - 1 de febrero de 1933,Partido Nacional Revolucionario
Puebla,José Mijares Palencia,1 de febrero de 1933 - 1936,Partido Nacional Revolucionario
Puebla,Gustavo Ariza Dávila,1936 - 1936,Partido Nacional Revolucionario
Puebla,José Mijares Palencia,1936 - 31 de enero de 1937,Partido Nacional Revolucionario
Puebla,Maximino Ávila Camacho,1 de febrero de 1937 - 31 de enero de 1941,Partido Nacional Revolucionario
Puebla,Gonzalo Bautista Castillo,1 de febrero de 1941 - 31 de enero de 1945,Partido de la Revolución Mexicana
Puebla,Carlos Ignacio Betancourt,1 de febrero de 1945 - 31 de enero de 1951,Partido de la Revolución Mexicana
Puebla,Rafael Ávila Camacho,1 de febrero de 1951 - 31 de enero de 1957,Partido Revolucionario Institucional
Puebla,Fausto M. Ortega,1 de febrero de 1957 - 31 de enero de 1960,Partido Revolucionario Institucional
Puebla,Arturo Fernández Aguirre,1 de febrero de 1960 - 31 de enero de 1963,Partido Revolucionario Institucional
Puebla,Antonio Nava Castillo,1 de febrero de 1963 - 30 de octubre de 1964,Partido Revolucionario Institucional
Puebla,Aarón Merino Fernández,31 de octubre de 1964 - 31 de enero de 1969,Partido Revolucionario Institucional
Puebla,Rafael Moreno Valle,1 de febrero de 1969 - 21 de marzo de 1972,Partido Revolucionario Institucional
Puebla,Mario Mellado García,23 de marzo de 1972 - 14 de abril de 1972,Partido Revolucionario Institucional
Puebla,Gonzalo Bautista O'Farrill,14 de abril de 1972 - 9 de mayo de 1973,Partido Revolucionario Institucional
Puebla,Guillermo Morales Blumenkron,7 de mayo de 1973 - 31 de enero de 1975,Partido Revolucionario Institucional
Puebla,Alfredo Toxqui Fernández de Lara,1 de febrero de 1975 - 31 de enero de 1981,Partido Revolucionario Institucional
Puebla,Guillermo Jiménez Morales,1 de febrero de 1981 - 31 de enero de 1987,Partido Revolucionario Institucional
Puebla,Mariano Piña Olaya,1 de febrero de 1987 - 31 de enero de 1993,Partido Revolucionario Institucional
Puebla,Manuel Bartlett Díaz,1 de febrero de 1993 - 31 de enero de 1999,Partido Revolucionario Institucional
Puebla,Melquíades Morales Flores,1 de febrero de 1999 - 31 de enero de 2005,Partido Revolucionario Institucional
Puebla,Mario Marín Torres,1 de febrero de 2005 - 31 de enero de 2011,Partido Revolucionario Institucional
Puebla,Rafael Moreno Valle Rosas,1 de febrero de 2011 - 31 de enero de 2017,Partido Acción Nacional
Puebla,José Antonio Gali Fayad,1 de febrero de 2017 - 13 de diciembre de 2018,Partido Acción Nacional
Puebla,Martha Érika Alonso,14 de diciembre de 2018 - 24 de diciembre de 2018,Partido Acción Nacional
Puebla,Jesús Rodríguez Almeida,24 de diciembre de 2018 - 21 de enero de 2019,Partido Acción Nacional
Puebla,Guillermo Pacheco Pulido,21 de enero de 2019 - 31 de julio de 2019,Partido Revolucionario Institucional
Puebla,Miguel Barbosa Huerta,1 de agosto de 2019 - 13 de diciembre de 2022,Movimiento de Regeneración Nacional
Puebla,Ana Lucía Hill Mayoral,13 de diciembre de 2022 - 15 de diciembre de 2022,Movimiento de Regeneración Nacional
Puebla,Sergio Salomón Céspedes,15 de diciembre de 2022 - 13 de diciembre de 2024,Movimiento de Regeneración Nacional
Puebla,Alejandro Armenta Mier,Desde el 14 de diciembre de 2024,Movimiento de Regeneración Nacional
Querétaro,Andrés Quintanar,4 de agosto de 1825 - 12 de octubre de 1825,
Querétaro,José María Diez Marina,25 de octubre de 1825 - 24 de agosto de 1829,
Querétaro,José Rafael Canalizo,25 de agosto de 1829 - 30 de diciembre de 1829,
Querétaro,Ramón Covarrubias,30 de diciembre de 1829 - 1 de junio de 1830,
Querétaro,Manuel López de Ecala,1 de junio de 1830 - 19 de diciembre de 1832,
Querétaro,José Rafael Canalizo,19 de diciembre de 1832 - 27 de junio de 1833,
Querétaro,José Antonio Mexía Hernández,27 de junio de 1833 - 30 de junio de 1833,
Querétaro,José Lino Ramírez Galván,30 de junio de 1833 - 24 de agosto de 1933,
Querétaro,José Lino Ramírez Galván,25 de agosto de 1933 - 8 de junio de 1834,
Querétaro,Celso Fernández,8 de junio de 1834 - 13 de junio de 1834,
Querétaro,José Rafael Canalizo,13 de junio de 1834 - 28 de junio de 1835,
Querétaro,Juan José Fernández de Jáuregui,29 de junio de 1835 - 30 de diciembre de 1836,
Querétaro,Juan José Fernández de Jáuregui,30 de diciembre de 1836 - 4 de septiembre de 1837,
Querétaro,Ramón Covarrubias,4 de septiembre de 1837 - 1 de noviembre de 1840,
Querétaro,Sabás Antonio Domínguez,30 de noviembre de 1840 - 18 de diciembre de 1840,
Querétaro,José Francisco Figueroa,18 de diciembre de 1840 - 1 de noviembre de 1841,
Querétaro,Sabás Antonio Domínguez,1 de noviembre de 1841 - 1 de febrero de 1842,
Querétaro,José Francisco Figueroa,1 de febrero de 1842 - 9 de abril de 1842,
Querétaro,Julián Juvera,9 de abril de 1842 - 14 de mayo de 1844,
Querétaro,Sabás Antonio Domínguez,15 de mayo de 1844 - 24 de noviembre de 1844,
Querétaro,Julián Juvera,24 de noviembre de 1844 - 22 de diciembre de 1844,
Querétaro,Sabás Antonio Domínguez,22 de diciembre de 1844 - 31 de diciembre de 1845,
Querétaro,Manuel Apolinario José María Ignacio Antonio Lombardini de la Torre,1 de enero de 1846 - 12 de enero de 1846,
Querétaro,Sabás Antonio Domínguez,13 de enero de 1846 - 30 de abril de 1846,
Querétaro,José Antonio del Razo y Nava,30 de abril de 1846 - 22 de agosto de 1846,
Querétaro,José Antonio del Razo y Nava,22 de agosto de 1846 - 4 de septiembre de 1846,
Querétaro,Francisco Verdusco,4 de septiembre de 1846 - 24 de agosto de 1847,
Querétaro,Francisco de Paula Mesa,25 de agosto de 1847 - 30 de noviembre de 1849,
Querétaro,Ignacio Udaeta,30 de noviembre de 1849,
Querétaro,Juan Manuel Fernández de Jáuregui y Aguilera,1 de diciembre de 1849 - 6 de marzo de 1850,
Querétaro,José Antonio Urrutia,6 de marzo de 1850 - 24 de agosto de 1851,
Querétaro,Ramón María Loreto Samaniego Canal,24 de agosto de 1851 - 13 de marzo de 1853,
Querétaro,José Guerra González,15 de marzo de 1853 - 11 de junio de 1853,
Querétaro,José María Herrera y Lozada,12 de junio de 1853 - 24 de agosto de 1853,
Querétaro,Ramón María Loreto Samaniego Canal,24 de agosto de 1853 - 24 de noviembre de 1853,
Querétaro,Pánfilo J. Barasorda,24 de noviembre de 1853 - 28 de febrero de 1855,
Querétaro,Ángel Cabrera,1 de marzo de 1855 - 19 de agosto de 1855,
Querétaro,Francisco Díez Marina,19 de agosto de 1855 - 20 de septiembre de 1855,
Querétaro,Francisco Díez Marina,20 de septiembre de 1855 - 14 de octubre de 1856,
Querétaro,Silvestre Méndez,14 de octubre de 1856 - 1 de enero de 1857,
Querétaro,Sabino Flores,1 de enero de 1857 - 1 de julio de 1857,
Querétaro,Jesús María Vázquez Palacios,,
Querétaro,José María Cayetano Arteaga Magallanes,1 de julio de 1857 - 2 de noviembre de 1857,
Querétaro,Manuel Montes Navarrete,2 de noviembre de 1857 - 9 de noviembre de 1857,
Querétaro,José María Cayetano Arteaga Magallanes,9 de noviembre de 1857 - 29 de enero de 1858,
Querétaro,Francisco Verduzco,29 de enero de 1858 - 11 de febrero de 1858,
Querétaro,Octaviano Muñoz Ledo,11 de febrero de 1858 - 15 de junio de 1858,
Querétaro,Esteban Soto,15 de junio de 1858 - 12 de agosto de 1858,
Querétaro,José Tomás de la Luz Mejía Camacho,13 de agosto de 1858 - 28 de agosto de 1858,
Querétaro,Cayetano Montoya,28 de agosto de 1858 - 13 de noviembre de 1858,
Querétaro,José Tomás de la Luz Mejía Camacho,13 de noviembre de 1858 - 6 de julio de 1859,
Querétaro,Manuel María Escobar y Rivera o Manuel María Escobar Llamas y Rivera,6 de julio de 1859 - 4 de septiembre de 1860,
Querétaro,Jesús Gutiérrez Verduzco,4 de septiembre de 1860 - 17 de octubre de 1860,
Querétaro,Mariano Reyes,17 de octubre de 1860 - 3 de noviembre de 1860,
Querétaro,Miguel Piña,3 de noviembre de 1860 - 12 de noviembre de 1860,
Querétaro,Silvestre Méndez,12 de noviembre de 1860 - 1 de diciembre de 1860,
Querétaro,José María Cayetano Arteaga Magallanes,1 de diciembre de 1860 - 10 de enero de 1862,
Querétaro,Pedro M. Rioseco,1 de julio al 15 de agosto de 1861,
Querétaro,Silvestre Méndez,10 de enero de 1862 - 21 de febrero de 1862,
Querétaro,Zeferino Macías,21 de febrero de 1862 - 28 de junio de 1862,
Querétaro,Ignacio Echegaray,28 de junio de 1862 - 17 de agosto de 1862,
Querétaro,José Linares,17 de agosto de 1862 - 30 de septiembre de 1862,
Querétaro,José María Cayetano Arteaga Magallanes,30 de septiembre de 1862 - 2 de febrero de 1863,
Querétaro,José Linares,2 de febrero de 1863 - 16 de noviembre de 1863,
Querétaro,José Tomás de la Luz Mejía Camacho,17 de noviembre de 1863 - 26 de noviembre de 1863,
Querétaro,Julio M. Cervantes,15 de mayo de 1867 - 29 de enero de 1869,
Querétaro,Miguel Eguiluz,29 de enero de 1869 - 2 de junio de 1870,
Querétaro,Margarito Mena,2 de junio de 1870 - 28 de junio de 1870,
Querétaro,Julio M. Cervantes,28 de junio de 1870 - 30 de agosto de 1870,
Querétaro,Leandro Múzquiz,19 de julio - 24 de noviembre de 1870,
Querétaro,Juan N. Rubio,30 de agosto de 1870 - 21 de septiembre de 1870,
Querétaro,Julio M. Cervantes,21 de septiembre de 1870 - 31 de octubre de 1872,
Querétaro,José Francisco Bustamante,31 de octubre de 1872 - 4 de noviembre de 1872,
Querétaro,Julio M. Cervantes,4 de noviembre de 1872 - 7 de noviembre de 1872,
Querétaro,José Francisco Bustamante,7 de noviembre de 1872 - 19 de diciembre de 1872,
Querétaro,Ignacio Castro,19 de diciembre de 1872 - 17 de abril de 1873,
Querétaro,Benito Santos Zenea,17 de abril de 1873 - 15 de septiembre de 1875,
Querétaro,Luis G. Lanchazo,15 de septiembre de 1875 - 16 de septiembre de 1875,
Querétaro,Francisco Villaseñor,16 de septiembre de 1875 - 11 de noviembre de 1876,
Querétaro,León Covarrubias,10 de febrero - 13 de marzo de 1876,
Querétaro,Carlos M. Rubio,11 de noviembre de 1876 - 13 de noviembre de 1876,
Querétaro,Francisco A. Vélez,13 de noviembre de 1876 - 20 de noviembre de 1876,
Querétaro,Antonio Ruíz,20 de noviembre de 1876 - 21 de noviembre de 1876,
Querétaro,Francisco Villaseñor,21 de noviembre de 1876 - 11 de diciembre de 1876,
Querétaro,Francisco A. Vélez,11 de diciembre de 1876 - 20 de diciembre de 1876,
Querétaro,Carlos Castilla,20 de diciembre de 1876 - 21 de diciembre de 1876,
Querétaro,Antonio Ruíz,21 de diciembre de 1876 - 23 de diciembre de 1876,
Querétaro,Antonio Gayón,23 de diciembre de 1876 - 29 de marzo de 1880,
Querétaro,José María Esquivel,29 de marzo de 1880 - 5 de mayo de 1880,
Querétaro,Francisco González de Cosío y Arauz,5 de mayo de 1880 - 30 de septiembre de 1883,
Querétaro,Rafael Olvera Madrigal,1 de octubre de 1883 - 30 de septiembre de 1887,
Querétaro,Timoteo Fernández de Jáuregui,4 de marzo de 1884 - 22 de marzo de 1884,
Querétaro,Rafael Olvera Madrigal,22 de marzo de 1884 - 23 de mayo de 1884,
Querétaro,Timoteo Fernández de Jáuregui,23 de mayo de 1884 - 5 de junio de 1884,
Querétaro,Rafael Olvera Madrigal,5 de junio de 1884 - 20 de octubre de 1886,
Querétaro,Alfonso M. Veraza,8 de agosto de 1884 - 19 de septiembre de 1884,
Querétaro,Rafael Olvera Madrigal,19 de septiembre de 1884 - 11 de agosto de 1885,
Querétaro,Alfonso M. Veraza,11 de agosto de 1885 - 10 de octubre de 1885,
Querétaro,Rafael Olvera Madrigal,10 de octubre de 1885 - 20 de octubre de 1886,
Querétaro,Alfonso M. Veraza,12 de marzo de 1886 - 5 de mayo de 1886,
Querétaro,Rafael Olvera Madrigal,5 de mayo de 1886 - 20 de octubre de 1886,
Querétaro,José Vázquez Marroquín,20 de octubre de 1886 - 1 de enero de 1887,
Querétaro,Rafael Olvera Madrigal,1 de enero de 1887 - 30 de septiembre de 1887,
Querétaro,José Vázquez Marroquín,19 de abril de 1887 - 23 de mayo de 1887,
Querétaro,Rafael Olvera Madrigal,23 de mayo de 1887 - 28 de agosto de 1887,
Querétaro,José Vázquez Marroquín,28 de agosto de 1887 - 1 de octubre de 1887,
Querétaro,Francisco González de Cosío y Arauz,1 de octubre de 1887 - 21 de agosto de 1900,
Querétaro,José Vázquez Marroquín,21 de agosto de 1900 - 28 de noviembre de 1900,
Querétaro,José María Esquivel,28 de noviembre de 1900 - 15 de diciembre de 1900,
Querétaro,José Vázquez Marroquín,15 de diciembre de 1900 - 21 de enero de 1901,
Querétaro,Francisco González de Cosío y Arauz,21 de enero de 1901 - 31 de marzo de 1911,
Querétaro,Adolfo de la Isla,31 de marzo de 1911 - 20 de mayo de 1911,
Querétaro,Alfonso M. Veraza,20 de mayo de 1911 - 26 de junio de 1911,
Querétaro,José Antonio Septién y de la Llata,26 de junio de 1911 - 1 de octubre de 1911,
Querétaro,Carlos María Loyola,1 de octubre de 1911 - 2 de octubre de 1913,
Querétaro,Joaquín F. Chicarro Bernal,2 de octubre de 1913 - 16 de julio de 1914,Militar
Querétaro,José Antonio Septién y de la Llata,16 de julio de 1914 - 29 de julio de 1914,
Querétaro,Francisco Murguía,29 de julio de 1914 - 2 de agosto de 1914,Militar
Querétaro,Federico Montes Alanis,2 de agosto de 1914 - 25 de noviembre de 1914,Militar
Querétaro,Teodoro Elizondo,25 de noviembre de 1914 - 18 de enero de 1915,Militar
Querétaro,Gustavo M. Bravo,18 de enero de 1915 - 2 de abril de 1915,Militar
Querétaro,José Siurob Ramírez,2 de abril de 1915 - 18 de junio de 1915,Militar
Querétaro,Federico Montes Alanis,18 de junio de 1915 - 28 de septiembre de 1915,Militar
Querétaro,Luis F. Pérez,28 de septiembre de 1915 - 22 de octubre de 1915,
Querétaro,Federico Montes Alanis,22 de octubre de 1915 - 29 de marzo de 1917,Militar
Querétaro,Emilio Salinas,29 de marzo de 1917 - 30 de junio de 1917,Militar
Querétaro,Ernesto Perusquía Layseca,30 de junio de 1917 - 1 de octubre de 1919,
Querétaro,Salvador Argain Domínguez,1 de octubre de 1919 - 7 de mayo de 1920,
Querétaro,Fernando N. Villarreal de la Fuente,7 de mayo de 1920 - 18 de mayo de 1920,Militar
Querétaro,Rómulo de la Torre Almaraz,18 de mayo de 1920 - 28 de noviembre de 1920,
Querétaro,José María Truchuelo Ruíz,28 de noviembre de 1920 - 15 de enero de 1921,
Querétaro,Alfonso M. Veraza,15 de enero de 1921,
Querétaro,José María Truchuelo Ruíz,15 de enero de 1921 - 1 de octubre de 1923,
Querétaro,Francisco Ramírez Luque,1 de octubre de 1923 - 15 de diciembre de 1923,
Querétaro,Fernando Ávalos,15 de diciembre de 1923,
Querétaro,Joaquín de la Peña Terán,15 de diciembre de 1923 - 25 de agosto de 1924,Militar
Querétaro,José Julián Malo Juvera,25 de agosto de 1924 - 18 de julio de 1925,
Querétaro,Alfonso Ballesteros,18 de julio de 1925,
Querétaro,Agustín Herrera Pérez,18 de julio de 1925 - 20 de julio de 1925,
Querétaro,Constantino Llaca Nieto,20 de julio de 1925 - 27 de agosto de 1927,
Querétaro,Fernando Díaz Ramírez,27 de agosto de 1927 - 1 de octubre de 1927,
Querétaro,Abraham Araujo,1 de octubre de 1927 - 25 de junio de 1929,Partido Laborista Mexicano
Querétaro,José B. Alcocer Frías,25 de junio de 1929,
Querétaro,Ángel Vázquez Mellado,25 de junio de 1929 - 5 de junio de 1930,
Querétaro,José B. Alcocer Frías,5 de junio de 1930 - 6 de junio de 1930,
Querétaro,Ramón Anaya Aguilar,6 de junio de 1930 - 26 de septiembre de 1931,Partido Nacional Revolucionario
Querétaro,Antonio Pérez Alcocer,26 de septiembre de 1931 - 1 de octubre de 1931,Partido Nacional Revolucionario
Querétaro,Saturnino Osornio Ramírez,1 de octubre de 1931 - 1 de octubre de 1935,Partido Nacional Revolucionario
Querétaro,Ramón Rodríguez Familiar,1 de octubre de 1935 - 1 de octubre de 1939,Partido Nacional Revolucionario
Querétaro,Noradino Rubio Ortiz,1 de octubre de 1939 - 1 de octubre de 1943,Partido de la Revolución Mexicana
Querétaro,Agapito Pozo Balbás,1 de octubre de 1943 - 9 de abril de 1949,Partido de la Revolución Mexicana
Querétaro,Eduardo Luque Loyola,9 de abril de 1949 - 1 de octubre de 1949,Partido Revolucionario Institucional
Querétaro,Octavio Silverio Mondragón Guerra,1 de octubre de 1949 - 1 de octubre de 1955,Partido Revolucionario Institucional
Querétaro,Juan Crisóstomo Gorráez Maldonado,1 de octubre de 1955 - 1 de octubre de 1961,Partido Revolucionario Institucional
Querétaro,Manuel M. Vega,marzo - junio de 1961,
Querétaro,Manuel González Cosío y Rivera,1 de octubre de 1961 - 1 de octubre de 1967,Partido Revolucionario Institucional
Querétaro,Juventino Castro Sánchez,1 de octubre de 1967 - 1 de octubre de 1973,Partido Revolucionario Institucional
Querétaro,Antonio Calzada Urquíza,1 de octubre de 1973 - 1 de octubre de 1979,Partido Revolucionario Institucional
Querétaro,Rafael Camacho Guzmán,1 de octubre de 1979 - 1 de octubre de 1985,Partido Revolucionario Institucional
Querétaro,Mariano Palacios Alcocer,1 de octubre de 1985 - 1 de octubre de 1991,Partido Revolucionario Institucional
Querétaro,Enrique Burgos García,1 de octubre de 1991 - 1 de octubre de 1997,Partido Revolucionario Institucional
Querétaro,Ignacio Loyola Vera,1 de octubre de 1997 - 1 de octubre de 2003,Partido Acción Nacional
Querétaro,Francisco Garrido Patrón,1 de octubre de 2003 - 1 de octubre de 2009,Partido Acción Nacional
Querétaro,José Calzada Rovirosa,1 de octubre de 2009 - 27 de agosto de 2015,Partido Revolucionario Institucional
Querétaro,Jorge López Portillo Tostado,27 de agosto de 2015 - 30 de septiembre de 2015,Partido Revolucionario Institucional
Querétaro,Francisco Domínguez Servién,1 de octubre de 2015 - 30 de septiembre de 2021,Partido Acción Nacional
Querétaro,Mauricio Kuri González,Desde el 1 de octubre de 2021,Partido Acción Nacional
Quintana Roo,Salvador Alvarado Rubio,1915 - 1915,
Quintana Roo,Carlos Plank,26 de junio de 1915 - 1916,Militar
Quintana Roo,Carlos A. Vidal,1916 - 1917,Militar
Quintana Roo,Octaviano Solís Aguirre,31 de julio de 1917 - 21 de enero de 1921,
Quintana Roo,Enrique M. Barragán,16 de enero de 1919 - 17 de abril de 1919,
Quintana Roo,Isaías Zamarripa,11 de mayo de 1920 - 24 de mayo de 1920,Militar
Quintana Roo,Gustavo Segura,24 de mayo de 1920 - 7 de junio de 1920,
Quintana Roo,Fernando Mateo Estrada,7 de junio de 1920 - 24 de julio de 1920,Militar
Quintana Roo,Manuel Solís Espinoza,24 de julio de 1920 - 6 de agosto de 1920,
Quintana Roo,Pascual Coral Heredia,21 de enero de 1921 - 8 de abril de 1921,Militar
Quintana Roo,Librado Abitia,8 de abril de 1921 - 20 de octubre de 1923,Militar
Quintana Roo,Camilo E. Félix,20 de octubre de 1923 - 13 de diciembre de 1923,
Quintana Roo,Anastasio Rojas,13 de diciembre de 1923 - enero de 1924,Militar
Quintana Roo,Librado Abitia,16 de mayo de 1924 - 5 de septiembre de 1924,
Quintana Roo,Enrique Barocio Barrios,5 de septiembre de 1924 - enero de 1925,Militar
Quintana Roo,Amado Aguirre Santiago,23 de enero de 1925 - junio de 1925,Militar
Quintana Roo,Enrique Barocio Barrios,Junio de 1925 - agosto de 1925,
Quintana Roo,Candelario Garza,Agosto de 1925 - septiembre de 1926,
Quintana Roo,Malrubio de la Chapa,Septiembre de 1926 - 13 de noviembre de 1926,
Quintana Roo,Antonio Ancona Albertos (1883-1954),13 de noviembre de 1926 - 20 de diciembre de 1927,Partido Laborista Mexicano
Quintana Roo,José Siurob (1886-1965),20 de diciembre de 1927 - 31 de enero de 1930,Partido Nacional Revolucionario
Quintana Roo,Daniel García de la Ribera,31 de enero de 1930 - febrero de 1930,
Quintana Roo,Arturo Campillo Seyde (1884-1958),Febrero de 1930 - enero de 1931,Militar
Quintana Roo,J. Félix Bañuelos (1878-1948),Enero de 1931 - 14 de diciembre de 1931,Militar
Quintana Roo,Rafael E. Melgar (1887-1959),17 de enero de 1935 - 14 de diciembre de 1940,Partido Nacional Revolucionario
Quintana Roo,Gabriel R. Guevara (1887-1969),15 de diciembre de 1940 - 30 de marzo de 1944,Partido de la Revolución Mexicana
Quintana Roo,Margarito Ramírez (1891-1979),1 de abril de 1944 - 15 de enero de 1959,Partido de la Revolución Mexicana
Quintana Roo,Aarón Merino Fernández (1906-1972),16 de enero de 1959 - 31 de octubre de 1964,Partido Revolucionario Institucional
Quintana Roo,Eligio Mendoza Becerra,1 de noviembre de 1964 - 19 de marzo de 1965,Partido Revolucionario Institucional
Quintana Roo,Ruffo Figueroa Figueroa (1903-1967),20 de marzo de 1965 - 14 de mayo de 1967,Partido Revolucionario Institucional
Quintana Roo,Javier Rojo Gómez (1896-1970),2 de junio de 1967 - 31 de diciembre de 1970,Partido Revolucionario Institucional
Quintana Roo,David Gustavo Gutiérrez Ruiz (1939),1 de enero de 1971 - 13 de febrero de 1975,Partido Revolucionario Institucional
Quintana Roo,Dionisio Vera Casanova,13 de febrero de 1975 - 4 de abril de 1975,Partido Revolucionario Institucional
Quintana Roo,Jesús Martínez Ross (1934-2025),5 de abril de 1975 - 4 de abril de 1981,Partido Revolucionario Institucional
Quintana Roo,Pedro Joaquín Coldwell (1950),5 de abril de 1981 - 4 de abril de 1987,Partido Revolucionario Institucional
Quintana Roo,Miguel Borge Martín (1943),5 de abril de 1987 - 4 de abril de 1993,Partido Revolucionario Institucional
Quintana Roo,Mario Villanueva Madrid (1948),5 de abril de 1993 - 4 de abril de 1999,Partido Revolucionario Institucional
Quintana Roo,Joaquín Hendricks Díaz (1951),5 de abril de 1999 - 4 de abril de 2005,Partido Revolucionario Institucional
Quintana Roo,Félix González Canto (1968),5 de abril de 2005 - 4 de abril de 2011,Partido Revolucionario Institucional
Quintana Roo,Roberto Borge Angulo (1979),5 de abril de 2011 - 24 de septiembre de 2016,Partido Revolucionario Institucional
Quintana Roo,Carlos Joaquín González (1965),25 de septiembre de 2016 - 24 de septiembre de 2022,Partido de la Revolución Democrática
Quintana Roo,Mara Lezama Espinosa (1968),Desde el 25 de septiembre de 2022,Movimiento de Regeneración Nacional
San Luis Potosí,José Ildefonso Díaz de León,21 de abril de 1824 - 7 de mayo de 1824,
San Luis Potosí,José Gabriel de Armijo,7 de mayo de 1824 - 1824,
San Luis Potosí,José Ildefonso Díaz de León,1824 - 17 de julio de 1824,
San Luis Potosí,José Gabriel de Armijo,17 de julio de 1824 - 5 de agosto de 1824,
San Luis Potosí,José Ildefonso Díaz de León,Septiembre de 1824 - enero de 1825,
San Luis Potosí,José Gabriel de Armijo,31 de enero de 1825 - 1825,
San Luis Potosí,José Ildefonso Díaz de León,1 de mayo de 1825 - 1828,
San Luis Potosí,Vicente Romero,10 de febrero de 1828 - 11 de junio de 1830,
San Luis Potosí,José Carlos Torreblanca,11 de junio de 1830 - 15 de junio de 1830,
San Luis Potosí,José María Pulgar,15 de junio de 1830 - 21 de julio de 1830,
San Luis Potosí,Manuel Sánchez,21 de julio de 1830 - 2 de abril de 1831,
San Luis Potosí,José Guadalupe de los Reyes,2 de abril de 1831 - 4 de agosto de 1832,
San Luis Potosí,Andrés de la Gándara,4 de agosto de 1832 - 12 de agosto de 1832,
San Luis Potosí,Joaquín Reynoso,12 de agosto de 1832 - 16 de agosto de 1832,
San Luis Potosí,Manuel Cecilio Cabrera,16 de agosto de 1832,
San Luis Potosí,Manuel Othón Reyes,16 de agosto de 1832 - 18 de agosto de 1832,
San Luis Potosí,José María Pulgar,19 de agosto de 1832 - 21 de agosto de 1832,
San Luis Potosí,Vicente Romero,21 de agosto de 1832 - 18 de septiembre de 1832,
San Luis Potosí,Andrés de la Gándara,18 de septiembre de 1832 - 28 de septiembre de 1832,
San Luis Potosí,José Guadalupe de los Reyes,28 de septiembre de 1832 - 4 de noviembre de 1832,
San Luis Potosí,Felipe Monjarás,14 de noviembre de 1832 - 7 de diciembre de 1832,
San Luis Potosí,Vicente Romero,7 de diciembre de 1832 - 5 de julio de 1834,
San Luis Potosí,José Vicente Liñan,5 de julio de 1834 - 24 de julio de 1834,
San Luis Potosí,Juan José Dominguez,24 de julio de 1834 - 30 de diciembre de 1836,
San Luis Potosí,Juan José Dominguez,30 de diciembre de 1836 - 15 de abril de 1837,
San Luis Potosí,Sinesio Gallegos,15 de abril de 1837 - 25 de abril de 1837,
San Luis Potosí,Francisco Condelle,25 de abril de 1837 - 27 de abril de 1837,
San Luis Potosí,Juan José Dominguez,28 de abril de 1837 - 1 de mayo de 1837,
San Luis Potosí,José Mateo Terán,1 de mayo de 1837 - 17 de mayo de 1837,
San Luis Potosí,Ignacio Sepúlveda,17 de mayo de 1837 - 28 de agosto de 1837,
San Luis Potosí,José María Terán,28 de agosto de 1837 - 30 de septiembre de 1837,
San Luis Potosí,Ignacio Sepúlveda,30 de septiembre de 1837 - 22 de abril de 1842,
San Luis Potosí,Antonio Eduardo Valdés,9 de junio de 1839 - 5 de agosto de 1839,
San Luis Potosí,Ignacio Sepúlveda,5 de agosto de 1839 - 22 de abril de 1842,
San Luis Potosí,José Ignacio Gutiérrez,22 de abril de 1842 - 15 de marzo de 1843,
San Luis Potosí,José María Rincón Gallardo,15 de marzo de 1843 - 4 de noviembre de 1843,
San Luis Potosí,Manuel Romero,31 de agosto de 1843 - 11 de septiembre de 1843,
San Luis Potosí,Francisco González Pavón,5 de noviembre de 1843 - 28 de noviembre de 1843,
San Luis Potosí,Juan Valentín Amador,28 de noviembre de 1843 - 28 de abril de 1844,
San Luis Potosí,José María Flores Alatorre,28 de abril de 1844 - 2 de mayo de 1844,
San Luis Potosí,José María Rincón Gallardo,2 de mayo de 1844 - 28 de octubre de 1844,
San Luis Potosí,José María Flores Alatorre,28 de octubre de 1844 - 30 de junio de 1846,
San Luis Potosí,José María Otahegui,30 de junio de 1846 - 28 de agosto de 1846,
San Luis Potosí,Manuel Othón Reyes,28 de agosto de 1846 - 12 de octubre de 1846,
San Luis Potosí,Ramón Adame,12 de octubre de 1846 - 5 de junio de 1847,
San Luis Potosí,Tirso Viejo,5 de junio de 1847 - 15 de junio de 1847,
San Luis Potosí,Ramón Adame,15 de junio de 1847 - 22 de julio de 1847,
San Luis Potosí,Mariano Ávila,22 de julio de 1847 - 12 de agosto de 1847,
San Luis Potosí,Ramón Adame,12 de agosto de 1847 - 3 de enero de 1848,
San Luis Potosí,Mariano Ávila,3 de enero de 1848 - 20 de enero de 1848,
San Luis Potosí,Ramón Adame,20 de enero de 1848 - 6 de febrero de 1848,
San Luis Potosí,Julián de los Reyes,6 de febrero de 1848 - 28 de julio de 1848,
San Luis Potosí,Mariano Martínez de Lejarza,28 de julio de 1848 - 8 de agosto de 1848,
San Luis Potosí,Julián de los Reyes,8 de agosto de 1848 - 19 de agosto de 1848,
San Luis Potosí,Julián de los Reyes,19 de agosto de 1848 - 21 de octubre de 1848,
San Luis Potosí,José María Otahegui,21 de octubre de 1848 - 20 de diciembre de 1848,
San Luis Potosí,Julián de los Reyes,20 de diciembre de 1848 - 5 de abril de 1849,
San Luis Potosí,Francisco Soberón,5 de abril de 1849 - 25 de abril de 1849,
San Luis Potosí,Julián de los Reyes,25 de abril de 1849 - 7 de abril de 1851,
San Luis Potosí,Silvestre López Portillo,7 de abril de 1851 - 10 de julio de 1851,
San Luis Potosí,Miguel Lazzo,10 de julio de 1851 - 7 de octubre de 1851,
San Luis Potosí,José Guadalupe de los Reyes,7 de octubre de 1851 - 26 de marzo de 1852,
San Luis Potosí,Julián de los Reyes,26 de marzo de 1852 - 8 de enero de 1853,
San Luis Potosí,José Guadalupe de los Reyes,8 de enero de 1853 - 17 de enero de 1853,
San Luis Potosí,Ramón Adame,17 de enero de 1853 - 18 de enero de 1854,
San Luis Potosí,Anastasio Parrodi,18 de enero de 1854 - 13 de agosto de 1855,
San Luis Potosí,Antonio de Haro y Tamariz,13 de agosto de 1855 - 22 de septiembre de 1855,
San Luis Potosí,Joaquín López Hermosa,24 de septiembre de 1855 - 12 de febrero de 1856,
San Luis Potosí,Tomás Ortíz de Parada,12 de febrero de 1856 - 7 de marzo de 1856,
San Luis Potosí,Joaquín López Hermosa,7 de marzo de 1856 - 23 de octubre de 1856,
San Luis Potosí,José María Aguirre,23 de octubre de 1856 - 10 de diciembre de 1856,
San Luis Potosí,Juan Othón,10 de diciembre de 1856 - 8 de enero de 1857,
San Luis Potosí,Crescencio María Gordoa,8 de enero de 1857 - 13 de enero de 1857,
San Luis Potosí,Juan Othón,13 de enero de 1857 - 12 de febrero de 1857,
San Luis Potosí,José María Aguirre,13 de febrero de 1857 - 6 de julio de 1857,
San Luis Potosí,Eulalio Degollado,6 de julio de 1857 - 29 de diciembre de 1857,
San Luis Potosí,Mariano Morett,29 de diciembre de 1857 - 22 de enero de 1858,
San Luis Potosí,José María Alfaro,22 de enero de 1858 - 24 de enero de 1858,
San Luis Potosí,Nicolás Mascorro,24 de enero de 1858 - 28 de enero de 1858,
San Luis Potosí,José María Alfaro,28 de enero de 1858 - 21 de abril de 1858,
San Luis Potosí,Juan Othón,21 de abril de 1858 - 26 de junio de 1858,
San Luis Potosí,Francisco Sánchez,26 de junio de 1858 - 30 de junio de 1858,
San Luis Potosí,Eulalio Degollado,30 de junio de 1858 - 8 de julio de 1858,
San Luis Potosí,Juan Zuazua,8 de julio de 1858 - 13 de agosto de 1858,
San Luis Potosí,Santiago Vidaurrí,13 de agosto de 1858 - 11 de septiembre de 1858,
San Luis Potosí,José Villalobos,12 de septiembre de 1858,
San Luis Potosí,Miguel Miramón,12 de septiembre de 1858 - 25 de septiembre de 1858,
San Luis Potosí,Juan Othón,25 de septiembre de 1858 - 30 de septiembre de 1858,
San Luis Potosí,Miguel Miramón,30 de septiembre de 1858 - 13 de octubre de 1858,
San Luis Potosí,Leonardo Márquez,13 de octubre de 1858 - 18 de octubre de 1858,
San Luis Potosí,Francisco A. Vélez,18 de octubre de 1858 - 21 de noviembre de 1858,
San Luis Potosí,Miguel Miramón,21 de noviembre de 1858 - 23 de noviembre de 1858,
San Luis Potosí,Nicolás de Icaza y Mora,23 de noviembre de 1858 - 10 de diciembre de 1858,
San Luis Potosí,Francisco A. Vélez,10 de diciembre de 1858 - 18 de febrero de 1859,
San Luis Potosí,Gregorio del Callejo,18 de febrero de 1859 - 22 de febrero de 1859,
San Luis Potosí,Manuel Hernández,22 de febrero de 1859 - 3 de abril de 1859,
San Luis Potosí,Eulalio Degollado,5 de abril de 1859 - 27 de abril de 1859,
San Luis Potosí,Vicente Chico Sein,27 de abril de 1859 - 21 de noviembre de 1859,
San Luis Potosí,Francisco de Sales Guzman,22 de noviembre de 1859 - 24 de noviembre de 1859,
San Luis Potosí,Manuel Díaz de la Vega,24 de noviembre de 1859 - 29 de abril de 1860,
San Luis Potosí,Vicente Chico Sein,30 de abril de 1860 - 18 de septiembre de 1860,
San Luis Potosí,Sóstenes Escandón,18 de septiembre de 1860,
San Luis Potosí,Francisco de Paula Villanueva,18 de septiembre de 1860 - 12 de octubre de 1860,
San Luis Potosí,Sóstenes Escandón,12 de octubre de 1860 - 24 de enero de 1862,
San Luis Potosí,Jesús González Ortega,25 de enero de 1862 - 23 de marzo de 1862,
San Luis Potosí,Francisco Alatorre,23 de marzo de 1862 - 2 de abril de 1862,
San Luis Potosí,Jesús González Ortega,2 de abril de 1862 - 16 de mayo de 1862,
San Luis Potosí,José María Aguirre,16 de mayo de 1862 - 16 de octubre de 1862,
San Luis Potosí,Sóstenes Escandón,16 de octubre de 1862 - 31 de diciembre de 1862,
San Luis Potosí,Ambrosio Espinosa,31 de diciembre de 1862 - 1 de marzo de 1863,
San Luis Potosí,Vicente Chico Sein,1 de marzo de 1863 - 17 de marzo de 1863,
San Luis Potosí,Francisco Alcalde,17 de marzo de 1863 - 25 de diciembre de 1863,
San Luis Potosí,Francisco de P. Villanueva,25 de diciembre de 1863 - 28 de febrero de 1864,
San Luis Potosí,Juan Bustamante,10 de junio de 1864 - 19 de septiembre de 1868,
San Luis Potosí,Carlos Tovar,19 de septiembre de 1868 - 25 de octubre de 1869,
San Luis Potosí,Juan B. Barragán,25 de octubre de 1869 - 15 de diciembre de 1869,
San Luis Potosí,Francisco Antonio Aguirre,15 de diciembre de 1869 - 15 de febrero de 1870,
San Luis Potosí,Sóstenes Escandón,15 de febrero de 1870 - 2 de agosto de 1870,
San Luis Potosí,Miguel María Esparza,2 de agosto de 1870 - 17 de septiembre de 1870,
San Luis Potosí,Mariano Escobedo,17 de septiembre de 1870 - 6 de diciembre de 1871,
San Luis Potosí,Jesús Díaz de León,6 de diciembre de 1871 - 24 de diciembre de 1871,
San Luis Potosí,Diódoro Corella,24 de diciembre de 1871 - 14 de mayo de 1872,
San Luis Potosí,Miguel Eguiluz,14 de mayo de 1872 - 5 de agosto de 1872,
San Luis Potosí,Mariano Escobedo,5 de agosto de 1872 - 8 de septiembre de 1872,
San Luis Potosí,Pascual M. Hernández,8 de septiembre de 1872 - 7 de octubre de 1873,
San Luis Potosí,Mariano Escobedo,7 de octubre de 1873 - 18 de diciembre de 1873,
San Luis Potosí,Manuel Muro Rocha,18 de diciembre de 1873 - 1 de marzo de 1874,
San Luis Potosí,Mariano Escobedo,1 de marzo de 1874 - 7 de abril de 1874,
San Luis Potosí,Mariano Escobedo,7 de abril de 1874 - 21 de junio de 1874,
San Luis Potosí,Pascual M. Hernández,21 de junio de 1874 - 20 de noviembre de 1876,
San Luis Potosí,Buenaventura Ortíz,21 de noviembre de 1876 - 25 de noviembre de 1876,
San Luis Potosí,Ángel Martínez,25 de noviembre de 1876 - 14 de diciembre de 1876,
San Luis Potosí,Manuel Sánchez Rivera,14 de diciembre de 1876 - 22 de diciembre de 1876,
San Luis Potosí,Juan Robles Linares,22 de diciembre de 1876 - 24 de diciembre de 1876,
San Luis Potosí,Carlos Díez Gutiérrez,24 de diciembre de 1876 - 17 de abril de 1879,Militar
San Luis Potosí,Francisco Bustamante,17 de abril de 1879 - 15 de mayo de 1879,
San Luis Potosí,Carlos Díez Gutiérrez,15 de mayo de 1879 - 3 de noviembre de 1880,Militar
San Luis Potosí,Francisco Bustamante,3 de noviembre de 1880 - 24 de noviembre de 1880,
San Luis Potosí,Carlos Díez Gutiérrez,24 de noviembre de 1880 - 18 de abril de 1881,Militar
San Luis Potosí,Pedro Díez Gutiérrez,18 de abril de 1881 - 20 de noviembre de 1882,Militar
San Luis Potosí,Juan Flores Ayala,20 de noviembre de 1882 - 20 de diciembre de 1882,
San Luis Potosí,Pedro Díez Gutiérrez,20 de diciembre de 1882 - 18 de abril de 1885,Militar
San Luis Potosí,Carlos Díez Gutiérrez,18 de abril de 1885 - 3 de noviembre de 1887,Militar
San Luis Potosí,Juan Flores Ayala,3 de noviembre de 1887 - 7 de noviembre de 1887,
San Luis Potosí,Carlos Díez Gutiérrez,7 de noviembre de 1887 - 17 de enero de 1890,Militar
San Luis Potosí,Juan Flores Ayala,17 de enero de 1890 - 23 de febrero de 1890,
San Luis Potosí,Carlos Díez Gutiérrez,23 de febrero de 1890 - 6 de mayo de 1894,Militar
San Luis Potosí,Juan Flores Ayala,6 de mayo de 1894 - 30 de mayo de 1894,
San Luis Potosí,Carlos Díez Gutiérrez,30 de mayo de 1894 - 18 de septiembre de 1897,Militar
San Luis Potosí,Juan Flores Ayala,18 de septiembre de 1897 - 19 de octubre de 1897,
San Luis Potosí,Carlos Díez Gutiérrez,19 de octubre de 1897 - 21 de agosto de 1898,Militar
San Luis Potosí,Ignacio Barajas,21 de agosto de 1898,
San Luis Potosí,Blas Escontría y Bustamante,21 de agosto de 1898 - 1 de diciembre de 1898,
San Luis Potosí,Blas Escontría y Bustamante,1 de diciembre de 1898 - 19 de abril de 1900,
San Luis Potosí,Joaquín Arquinzoniz,19 de abril de 1900 - 7 de diciembre de 1900,
San Luis Potosí,Blas Escontría y Bustamante,7 de diciembre de 1900 - 23 de marzo de 1905,
San Luis Potosí,José María Espinosa y Cuevas,23 de marzo de 1905 - 5 de enero de 1906,
San Luis Potosí,José María Aguirre y Fierro,5 de enero de 1906 - 22 de febrero de 1906,
San Luis Potosí,José María Espinosa y Cuevas,22 de febrero de 1906 - 30 de noviembre de 1906,
San Luis Potosí,José María Espinosa y Cuevas,30 de noviembre de 1906 - 17 de marzo de 1909,
San Luis Potosí,Francisco A. Noyola,17 de marzo de 1909 - 16 de mayo de 1909,
San Luis Potosí,José María Espinosa y Cuevas,16 de mayo de 1909 - 27 de mayo de 1911,
San Luis Potosí,José Encarnación Ipiña,27 de mayo de 1911 - 12 de junio de 1911,
San Luis Potosí,Rafael Cepeda,12 de junio de 1911 - 10 de julio de 1911,Militar
San Luis Potosí,Arnulfo Pedroza,10 de julio de 1911 - 26 de septiembre de 1911,
San Luis Potosí,Rafael Cepeda,26 de septiembre de 1911 - 31 de octubre de 1911,Militar
San Luis Potosí,Arnulfo Pedroza,31 de octubre de 1911 - 10 de noviembre de 1911,
San Luis Potosí,Rafael Cepeda,10 de noviembre de 1911 - 22 de enero de 1912,Militar
San Luis Potosí,Antonio F. Alonso,22 de enero de 1912 - 14 de febrero de 1912,
San Luis Potosí,Rafael Cepeda,14 de febrero de 1912 - 2 de diciembre de 1912,Militar
San Luis Potosí,Cayetano García,2 de diciembre de 1912 - 22 de diciembre de 1912,
San Luis Potosí,Rafael Cepeda,22 de diciembre de 1912 - 7 de marzo de 1913,Militar
San Luis Potosí,Agustín García Hernández,8 de marzo de 1913 - 24 de junio de 1913,
San Luis Potosí,Francisco Romero y Andrade,24 de junio de 1913 - 1 de abril de 1914,Militar
San Luis Potosí,Arturo A. Amaya,1 de abril de 1914 - 7 de mayo de 1914,
San Luis Potosí,Mariano Palau,7 de mayo de 1914 - 16 de mayo de 1914,
San Luis Potosí,José Refugio Velasco,16 de mayo de 1914 - 2 de junio de 1914,Militar
San Luis Potosí,Ricardo Muñoz,2 de junio de 1914 - 17 de julio de 1914,
San Luis Potosí,Camilo Lozano,18 de julio de 1914,
San Luis Potosí,Pablo González Garza,18 de julio de 1914 - 21 de julio de 1914,Militar
San Luis Potosí,Eulalio Gutiérrez Ortiz,21 de julio de 1914 - 8 de octubre de 1914,Militar
San Luis Potosí,Herminio Álvarez,8 de octubre de 1914 - 7 de noviembre de 1914,Militar
San Luis Potosí,Manuel Rivera,7 de noviembre de 1914 - noviembre de 1914,
San Luis Potosí,Herminio Álvarez,Noviembre de 1914 - 16 de enero de 1915,Militar
San Luis Potosí,José Carlos Kaperowitz,18 de enero de 1915 - 10 de febrero de 1915,Militar
San Luis Potosí,Adolfo Flores,10 de febrero de 1915 - 22 de febrero de 1915,
San Luis Potosí,Emiliano G. Saravia,23 de febrero de 1915 - 13 de julio de 1915,Militar
San Luis Potosí,Herminio Álvarez,15 de julio de 1915 - 18 de julio de 1915,Militar
San Luis Potosí,Gabriel Gavira Castro,18 de julio de 1915 - 30 de septiembre de 1915,Militar
San Luis Potosí,Vicente Dávila Aguirre,30 de septiembre de 1915 - 1 de febrero de 1916,Militar
San Luis Potosí,Federico Chapoy,1 de febrero de 1916 - 10 de abril de 1917,Militar
San Luis Potosí,Alfredo Breceda Mercado,10 de abril de 1917 - 10 de junio de 1917,Militar
San Luis Potosí,Juan Barragán Rodríguez,10 de junio de 1917 - 10 de agosto de 1917,Militar
San Luis Potosí,Antonio Vives,10 de agosto de 1917 - 20 de agosto de 1917,
San Luis Potosí,Juan Barragán Rodríguez,20 de agosto de 1917 - 22 de octubre de 1917,Militar
San Luis Potosí,Rafael Castillo Vega,22 de octubre de 1917 - 10 de noviembre de 1917,
San Luis Potosí,Juan Barragán Rodríguez,10 de noviembre de 1917 - 19 de diciembre de 1917,Militar
San Luis Potosí,Nicasio Sánchez Salazar,19 de diciembre de 1917 - 8 de enero de 1918,
San Luis Potosí,Juan Barragán Rodríguez,8 de enero de 1918 - 11 de abril de 1918,Militar
San Luis Potosí,Severino Martínez Gómez,11 de abril de 1918 - 10 de enero de 1919,
San Luis Potosí,Juan Barragán Rodríguez,10 de enero de 1919 - 20 de enero de 1919,Militar
San Luis Potosí,Manuel I. Vildósola,20 de enero de 1919 - 30 de enero de 1919,
San Luis Potosí,Juan Barragán Rodríguez,30 de enero de 1919 - 22 de mayo de 1919,Militar
San Luis Potosí,Rafael Segura,22 de mayo de 1919 - 27 de mayo de 1919,
San Luis Potosí,Mariano Flores,27 de mayo de 1919 - 20 de septiembre de 1919,
San Luis Potosí,Juan Barragán Rodríguez,20 de septiembre de 1919 - 25 de septiembre de 1919,Militar
San Luis Potosí,Severino Martínez Gómez,26 de septiembre de 1919 - 9 de mayo de 1920,
San Luis Potosí,Paulino N. Guerrero,9 de mayo de 1920 - 29 de mayo de 1920,
San Luis Potosí,Rafael Nieto Compeán,29 de mayo de 1920 - 5 de diciembre de 1920,
San Luis Potosí,Pedro Martínez Noriega,5 de diciembre de 1920 - 2 de enero de 1921,
San Luis Potosí,Rafael Nieto Compeán,2 de enero de 1921 - 6 de abril de 1921,
San Luis Potosí,José Santos Alonso,6 de abril de 1921 - 13 de abril de 1921,
San Luis Potosí,Rafael Nieto Compeán,13 de abril de 1921 - 8 de agosto de 1921,
San Luis Potosí,José Fraga,8 de agosto de 1921 - 18 de agosto de 1921,
San Luis Potosí,Rafael Nieto Compeán,18 de agosto de 1921 - 19 de septiembre de 1921,
San Luis Potosí,Gonzalo N. Santos,19 de septiembre de 1921 - 24 de septiembre de 1921,
San Luis Potosí,Rafael Nieto Compeán,24 de septiembre de 1921 - 5 de octubre de 1921,
San Luis Potosí,Gabriel Martínez,5 de octubre de 1921 - 21 de octubre de 1921,
San Luis Potosí,Rafael Nieto Compeán,21 de octubre de 1921 - 21 de octubre de 1921,
San Luis Potosí,José Santos Alonso,21 de octubre de 1921 - 17 de noviembre de 1921,
San Luis Potosí,Rafael Nieto Compeán,17 de noviembre de 1921 - 26 de diciembre de 1921,
San Luis Potosí,Gabriel Macias,26 de diciembre de 1921 - 3 de enero de 1922,
San Luis Potosí,Rafael Nieto Compeán,3 de enero de 1922 - 27 de julio de 1922,
San Luis Potosí,Santiago Rincón Gallardo,27 de julio de 1922 - 5 de agosto de 1922,
San Luis Potosí,Rafael Nieto Compeán,5 de agosto de 1922 - 21 de septiembre de 1922,
San Luis Potosí,Manuel Rodríguez,21 de septiembre de 1922 - 25 de septiembre de 1922,
San Luis Potosí,Rafael Nieto Compeán,25 de septiembre de 1922 - 4 de octubre de 1922,
San Luis Potosí,Alfredo E. Garza,4 de octubre de 1922 - 14 de octubre de 1922,
San Luis Potosí,Rafael Nieto Compeán,14 de octubre de 1922 - 10 de diciembre de 1922,
San Luis Potosí,Angel Silva,22 de octubre de 1922 - 10 de diciembre de 1922,
San Luis Potosí,Pío Mendoza,10 de diciembre de 1922 - 21 de diciembre de 1922,
San Luis Potosí,Rafael Nieto Compeán,21 de diciembre de 1922 - 12 de julio de 1923,
San Luis Potosí,Gabriel Macias,12 de julio de 1923 - 18 de julio de 1923,
San Luis Potosí,Rafael Nieto Compeán,18 de julio de 1923 - 10 de agosto de 1923,
San Luis Potosí,Gabriel Macias,10 de agosto de 1923 - 20 de agosto de 1923,
San Luis Potosí,Lorenzo Nieto,25 de agosto de 1923 - 25 de septiembre de 1923,
San Luis Potosí,Jorge Prieto Laurens,25 de septiembre de 1923 - 9 de diciembre de 1923,
San Luis Potosí,Aurelio Manrique de Lara Hernández,9 de diciembre de 1923 - 25 de septiembre de 1925,
San Luis Potosí,Abel Cano Villa,14 de noviembre de 1925 - 25 de octubre de 1926,
San Luis Potosí,Marcelino Zúñiga,25 de octubre de 1926 - 2 de noviembre de 1926,
San Luis Potosí,Abel Cano Villa,2 de noviembre de 1926 - 25 de septiembre de 1927,
San Luis Potosí,Saturnino Cedillo Martínez (1890-1939),25 de septiembre de 1927 - 19 de noviembre de 1927,
San Luis Potosí,Timoteo Gaytán Guerrero,19 de noviembre de 1927 - 8 de diciembre de 1927,
San Luis Potosí,Saturnino Cedillo Martínez (1890-1939),8 de diciembre de 1927 - 25 de septiembre de 1931,Partido Nacional Revolucionario
San Luis Potosí,Ildefonso Turrubiartes (1890-1963),25 de septiembre de 1931 - 25 de septiembre de 1935,Partido Nacional Revolucionario
San Luis Potosí,Mateo Hernández Netro (1886-1946),26 de septiembre de 1935 - 22 de mayo de 1938,Partido Nacional Revolucionario
San Luis Potosí,Miguel Álvarez Acosta (1907-1996),22 de mayo de 1938 - 27 de mayo de 1938,
San Luis Potosí,Genovevo Rivas Guillén (1886-1947),27 de mayo de 1938 - 25 de septiembre de 1939,Partido de la Revolución Mexicana
San Luis Potosí,Reynaldo Pérez Gallardo,26 de septiembre de 1939 - 19 de agosto de 1941,Partido de la Revolución Mexicana
San Luis Potosí,Ramón Jiménez Delgado,20 de agosto de 1941 - 25 de septiembre de 1943,Partido de la Revolución Mexicana
San Luis Potosí,Gonzalo N. Santos (1897-1978),26 de septiembre de 1943 - 25 de septiembre de 1949,Partido de la Revolución Mexicana
San Luis Potosí,Ismael Salas Penieres,26 de septiembre de 1949 - 25 de septiembre de 1955,Partido Revolucionario Institucional
San Luis Potosí,Manuel Álvarez López,26 de septiembre de 1955 - 27 de enero de 1959,Partido Revolucionario Institucional
San Luis Potosí,Francisco Martínez de la Vega (1909-1985),27 de enero de 1959 - 25 de septiembre de 1961,Partido Revolucionario Institucional
San Luis Potosí,Manuel López Dávila (1905-1976),26 de septiembre de 1961 - 25 de septiembre de 1967,Partido Revolucionario Institucional
San Luis Potosí,Antonio Rocha Cordero (1912-1993),26 de septiembre de 1967 - 25 de septiembre de 1973,Partido Revolucionario Institucional
San Luis Potosí,Guillermo Fonseca Álvarez (1933-2026),26 de septiembre de 1973 - 25 de septiembre de 1979,Partido Revolucionario Institucional
San Luis Potosí,Carlos Jonguitud Barrios (1924-2011),26 de septiembre de 1979 - 25 de septiembre de 1985,Partido Revolucionario Institucional
San Luis Potosí,Florencio Salazar Martínez (1931-2023),26 de septiembre de 1985 - 24 de mayo de 1987,Partido Revolucionario Institucional
San Luis Potosí,Leopoldino Ortiz Santos (1929-2004),25 de mayo de 1987 - 25 de septiembre de 1991,Partido Revolucionario Institucional
San Luis Potosí,Fausto Zapata Loredo (1940-2014),26 de septiembre de 1991 - 9 de octubre de 1991,Partido Revolucionario Institucional
San Luis Potosí,Gonzalo Martínez Corbalá (1928-2017),10 de octubre de 1991 - 18 de octubre de 1992,Partido Revolucionario Institucional
San Luis Potosí,Teófilo Torres Corzo (1946-2023),18 de octubre de 1992 - 17 de mayo de 1993,Partido Revolucionario Institucional
San Luis Potosí,Horacio Sánchez Unzueta (1949-2024),18 de mayo de 1993 - 5 de septiembre de 1997,Partido Revolucionario Institucional
San Luis Potosí,Fernando Silva Nieto (1950),26 de septiembre de 1997 - 25 de septiembre de 2003,Partido Revolucionario Institucional
San Luis Potosí,Jesús Marcelo de los Santos Fraga (1940),26 de septiembre de 2003 - 25 de septiembre de 2009,Partido Acción Nacional
San Luis Potosí,Fernando Toranzo Fernández (1950),26 de septiembre de 2009 - 25 de septiembre de 2015,Partido Revolucionario Institucional
San Luis Potosí,Juan Manuel Carreras López (1962),26 de septiembre de 2015 - 25 de septiembre de 2021,Partido Revolucionario Institucional
San Luis Potosí,Ricardo Gallardo Cardona (1980),Desde el 26 de septiembre de 2021,Partido Verde Ecologista de México
Sinaloa,Antonio Pascual Narbona,31 de julio de 1823 - 12 de septiembre de 1824,
Sinaloa,Juan Miguel de Riesgo,12 de septiembre de 1824 - 7 de octubre de 1824,
Sinaloa,Francisco Iriarte y Conde,7 de octubre de 1824 - 27 de abril de 1825,
Sinaloa,Simón Elías González,27 de abril de 1825 - 25 de octubre de 1825,
Sinaloa,Nicolás María Gaxiola,25 de octubre de 1825 - 3 de febrero de 1826,
Sinaloa,Simón Elías González,3 de febrero de 1826 - 28 de agosto de 1826,
Sinaloa,Nicolás María Gaxiola,28 de agosto de 1826 - 24 de noviembre de 1826,
Sinaloa,Francisco Iriarte y Conde,25 de noviembre de 1826 - noviembre de 1828,
Sinaloa,Nicolás María Gaxiola,Noviembre de 1827 - 9 de agosto de 1828,
Sinaloa,José María Almada,9 de agosto de 1828 - 6 de octubre de 1828,
Sinaloa,Nicolás María Gaxiola,6 de octubre de 1828 - 29 de agosto de 1829,
Sinaloa,José María Almada,29 de agosto de 1829 - 22 de octubre de 1828,
Sinaloa,Francisco Iriarte y Conde,23 de octubre de 1828 - 1 de abril de 1830,
Sinaloa,Leonardo Escalante y Mazón,1 de abril de 1830 - 14 de abril de 1830,
Sinaloa,Francisco Escoboza,14 de abril de 1830 - 17 de mayo de 1830,
Sinaloa,Leonardo Escalante y Mazón,17 de mayo de 1830 - marzo de 1831,
Sinaloa,Francisco Iriarte Conde,13 de marzo de 1831,Partido Liberal
Sinaloa,Agustín Martínez de Castro,14 de marzo de 1831 - 18 de junio de 1831,Partido Liberal
Sinaloa,Fernando Escudero,18 de junio de 1831 - 20 de julio de 1832,Partido Liberal
Sinaloa,Manuel María Álvarez de la Bandera,20 de julio de 1832 - 24 de marzo de 1834,Partido Conservador
Sinaloa,Palau-de la Herrán-Martínez (Triunvirato),24 de marzo de 1834 - 7 de julio de 1834,Partido Liberal
Sinaloa,José Felipe Gómez,7 de julio de 1834 - 2 de agosto de 1834,Partido Liberal
Sinaloa,José Antonio Jorganes,2 de agosto de 1834 - 20 de noviembre de 1834,Partido Conservador
Sinaloa,Manuel María Álvarez de la Bandera,20 de noviembre de 1834 - 23 de enero de 1835,Partido Conservador
Sinaloa,Manuel María de la Vega y Rábago,23 de enero de 1835 - 26 de octubre de 1835,Partido Conservador
Sinaloa,Pedro Sánchez,26 de octubre de 1835 - 28 de septiembre de 1836,Partido Conservador
Sinaloa,Pedro Sánchez,28 de septiembre de 1836 - 30 de diciembre de 1836,Partido Conservador
Sinaloa,Pedro Sánchez,30 de diciembre de 1836 - 1838,Partido Conservador
Sinaloa,José Francisco Orrantia y Antelo,1838 - 3 de julio de 1838,Partido Conservador
Sinaloa,Luis Martínez Vea,25 de mayo de 1838 - 18 de julio de 1842,Partido Conservador
Sinaloa,Francisco Duque,18 de julio de 1842 - 23 de abril de 1843,Partido Conservador
Sinaloa,Francisco Ponce de León,7 de septiembre de 1843 - 19 de diciembre de 1843,Partido Conservador
Sinaloa,Juan J. Andrade,19 de diciembre de 1843 - 6 de marzo de 1844,Partido Conservador
Sinaloa,Francisco Ponce de León,6 de marzo de 1844 - 7 de mayo de 1844,Partido Conservador
Sinaloa,José Antonio Mozo,7 de mayo de 1844 - 15 de mayo de 1844,Partido Conservador
Sinaloa,Agustín Martínez de Castro,15 de mayo de 1844 - 8 de junio de 1844,Partido Liberal
Sinaloa,José Antonio Mozo,8 de junio de 1844 - 30 de octubre de 1844,Partido Conservador
Sinaloa,José Ruíz de Tejeda,30 de octubre de 1844 - 7 de noviembre de 1844,Partido Conservador
Sinaloa,Juan Ignacio Brambila,7 de noviembre de 1844 - 9 de noviembre de 1844,Partido Conservador
Sinaloa,Agustín Martínez de Castro,9 de noviembre de 1844 - 30 de noviembre de 1844,Partido Liberal
Sinaloa,Francisco Duque,1 de diciembre de 1844 - 24 de abril de 1845,Partido Conservador
Sinaloa,Rafael de la Vega y Rábago,24 de abril de 1845 - 22 de enero de 1846,Partido Conservador
Sinaloa,Ángel Miramón,22 de enero de 1846 - 5 de febrero de 1846,Partido Conservador
Sinaloa,Pomposo Verdugo y Verdugo,5 de febrero de 1846 - 6 de febrero de 1846,Partido Liberal
Sinaloa,Ángel Miramón,6 de febrero de 1846 - 12 de febrero de 1846,Partido Conservador
Sinaloa,Rafael de la Vega y Rábago,12 de febrero de 1846 - 1 de marzo de 1846,Partido Conservador
Sinaloa,Agustín Martínez de Castro,1 de marzo de 1846 - 11 de mayo de 1846,Partido Liberal
Sinaloa,Rafael de la Vega y Rábago,11 de mayo de 1846 - 13 de julio de 1846,Partido Conservador
Sinaloa,Pomposo Verdugo y Verdugo,13 de julio de 1846 - 6 de agosto de 1846,Partido Liberal
Sinaloa,Rafael de la Vega y Rábago,6 de agosto de 1846 - 22 de agosto de 1846,Partido Conservador
Sinaloa,Rafael de la Vega y Rábago,22 de agosto de 1846 - 5 de septiembre de 1846,Partido Conservador
Sinaloa,Gumersindo Laija,5 de septiembre de 1846 - 21 de noviembre de 1846,Partido Conservador
Sinaloa,Rafael de la Vega y Rábago,21 de noviembre de 1846 - 17 de septiembre de 1847,Partido Conservador
Sinaloa,Rafael Téllez,17 de septiembre de 1847 - 31 de enero de 1848,Partido Conservador
Sinaloa,José Rojo y Eseverri,1 de febrero de 1848 - 30 de marzo de 1848,Partido Conservador
Sinaloa,Pomposo Verdugo y Verdugo,30 de marzo de 1848 - 9 de enero de 1851,Partido Liberal
Sinaloa,José María Gaxiola,9 de enero de 1851 - 19 de julio de 1851,Partido Conservador
Sinaloa,de Los Monteros-Verdugo-Núñez (Triunvirato),19 de agosto de 1851 - 8 de septiembre de 1851,Partido Conservador
Sinaloa,José María Aguirre,8 de septiembre de 1851 - 11 de enero de 1852,Partido Conservador
Sinaloa,Francisco de la Vega y Rábago,11 de enero de 1852 - 17 de marzo de 1853,Partido Conservador
Sinaloa,Pedro Valdés,17 de marzo de 1853 - 20 de noviembre de 1853,Partido Conservador
Sinaloa,José María Yáñez Carrillo,20 de noviembre de 1853 - 2 de febrero de 1854,
Sinaloa,Marina Pedro Díaz Mirón,2 de febrero de 1854 - 25 de febrero de 1854,Partido Conservador
Sinaloa,Pedro Valdés,25 de febrero de 1854 - 20 de julio de 1854,Partido Conservador
Sinaloa,Miguel Blanco Múzquiz,20 de julio de 1854 - 27 de octubre de 1855,Partido Conservador
Sinaloa,Manuel Zelayeta,27 de octubre de 1855 - 8 de noviembre de 1855,Partido Liberal
Sinaloa,Pomposo Verdugo y Verdugo,8 de noviembre de 1855 - 17 de febrero de 1856,Partido Liberal
Sinaloa,Agustín Martínez de Castro,17 de febrero de 1856 - 26 de abril de 1856,Partido Liberal
Sinaloa,Pomposo Verdugo y Verdugo,26 de abril de 1856 - 15 de abril de 1857,Partido Liberal
Sinaloa,Miguel Ramírez Calzada,15 de abril de 1887 - 7 de junio de 1857,Partido Liberal
Sinaloa,Pomposo Verdugo y Verdugo,7 de junio de 1857 - 23 de septiembre de 1857,Partido Liberal
Sinaloa,Leonardo Ibarra,22 de septiembre de 1857 - 5 de enero de 1858,
Sinaloa,José María Yáñez Carrillo,5 de enero de 1858 - 23 de abril de 1858,Partido Liberal
Sinaloa,Pedro Espejo,28 de abril de 1858 - 6 de septiembre de 1858,Partido Liberal
Sinaloa,León Yáñez,6 de septiembre de 1858 - 10 de octubre de 1858,Partido Liberal
Sinaloa,Pedro Espejo,11 de octubre de 1858 - 1 de noviembre de 1858,Partido Liberal
Sinaloa,Manuel Arteaga,1 de noviembre de 1858 - 6 de enero de 1859,Partido Liberal
Sinaloa,Ignacio Pesqueira García,6 de enero de 1859 - 3 de junio de 1859,Partido Liberal
Sinaloa,Plácido Vega Daza,4 de junio de 1859 - 20 de abril de 1860,Partido Liberal
Sinaloa,Francisco de Paula Maldonado,20 de abril de 1860 - 20 de mayo de 1860,Partido Liberal
Sinaloa,Luis Lerdo de Tejada,20 de mayo de 1860 - 19 de julio de 1860,Partido Liberal
Sinaloa,Fortino León,19 de julio de 1860 - 19 de agosto de 1860,Partido Liberal
Sinaloa,Plácido Vega Daza,19 de agosto de 1860 - 17 de noviembre de 1861,Partido Liberal
Sinaloa,Manuel Máquez de León,17 de noviembre de 1861 - 31 de diciembre de 1861,Partido Liberal
Sinaloa,Plácido Vega Daza,1 de enero de 1862 - 25 de enero de 1862,Partido Liberal
Sinaloa,Fortino León,25 de enero de 1862 - 25 de marzo de 1862,Partido Liberal
Sinaloa,Plácido Vega Daza,25 de marzo de 1862 - 25 de abril de 1862,Partido Liberal
Sinaloa,Fortino León,25 de abril de 1862 - 1 de mayo de 1862,Partido Liberal
Sinaloa,Plácido Vega Daza,1 de mayo de 1862 - 11 de enero de 1863,Partido Liberal
Sinaloa,Jesús García Morales,11 de enero de 1863 - 11 de marzo de 1863,Partido Liberal
Sinaloa,Manuel Márquez de León,11 de marzo de 1863 - 4 de mayo de 1863,Partido Liberal
Sinaloa,Jesús García Morales,4 de mayo de 1863 - 5 de octubre de 1864,Partido Liberal
Sinaloa,Antonio Rosales Flores,5 de octubre de 1864 - 9 de marzo de 1865,Partido Liberal
Sinaloa,Gaspar Sánchez Ochoa,9 de marzo de 1865 - 14 de marzo de 1865,Partido Liberal
Sinaloa,Antonio Rosales Flores,14 de marzo de 1865 - 20 de mayo de 1865,Partido Liberal
Sinaloa,Domingo Rubí Zazueta,20 de mayo de 1865 - 1 de junio de 1865,Partido Liberal
Sinaloa,Domingo Rubí Zazueta,21 de diciembre de 1867 - 16 de septiembre de 1871,Partido Liberal
Sinaloa,Jesús Río,16 de septiembre de 1871 - 27 de septiembre de 1871,
Sinaloa,José Eustaquio Buelna Pérez,27 de septiembre de 1871 - 7 de mayo de 1872,Partido Liberal
Sinaloa,Domingo Rubí Zazueta,7 de mayo de 1872 - 5 de febrero de 1872,Partido Liberal
Sinaloa,José Eustaquio Buelna Pérez,5 de febrero de 1872 - 11 de mayo de 1875,Partido Liberal
Sinaloa,Ángel Urrea,12 de mayo de 1875 - 29 de septiembre de 1875,Independiente
Sinaloa,Ignacio Cruz,29 de septiembre de 1875 - 6 de octubre de 1875,Partido Liberal
Sinaloa,Jesús María Gaxiola,6 de octubre de 1875 - 20 de julio de 1876,Partido Liberal
Sinaloa,Francisco Arce,21 de julio de 1876- 15 de enero de 1877,Partido Liberal
Sinaloa,Jesús Ramírez Terrón,15 de enero de 1877 - 4 de junio de 1877,Partido Liberal
Sinaloa,Francisco Cañedo,4 de junio de 1877 - 30 de agosto de 1878,Partido Liberal
Sinaloa,Manuel Monzón,31 de agosto de 1878 - 2 de diciembre de 1878,Partido Liberal
Sinaloa,Francisco Cañedo,3 de diciembre de 1878 - 31 de enero de 1879,Partido Liberal
Sinaloa,Francisco Loaeza,31 de enero de 1879 - 1 de febrero de 1879,
Sinaloa,Manuel Monzón,1 de febrero de 1879 - 8 de mayo de 1879,Partido Liberal
Sinaloa,Francisco Cañedo,8 de mayo de 1879 - 27 de septiembre de 1880,Partido Liberal
Sinaloa,Celofas Salomón,27 de septiembre de 1880 - 7 de diciembre de 1880,Partido Liberal
Sinaloa,Mariano Martínez de Castro,7 de diciembre de 1880 - 16 de septiembre de 1882,Partido Liberal
Sinaloa,Celofas Salomón,16 de septiembre de 1882 - 24 de febrero de 1883,Partido Liberal
Sinaloa,Mariano Martínez de Castro,24 de febrero de 1883 - 27 de septiembre de 1884,Partido Liberal
Sinaloa,Francisco Cañedo,27 de septiembre de 1884 - 14 de octubre de 1884,Partido Liberal
Sinaloa,Gabriel Peláez,14 de octubre de 1884 - 26 de enero de 1885,
Sinaloa,Francisco Cañedo,26 de enero de 1885 - julio de 1885,Partido Liberal
Sinaloa,Gabriel Peláez,Julio de 1885 - 27 de septiembre de 1885,
Sinaloa,Francisco Cañedo,27 de septiembre de 1885 - 20 de agosto de 1886,Partido Liberal
Sinaloa,Gabriel Peláez,20 de agosto de 1886 - 2 de noviembre de 1886,
Sinaloa,Francisco Cañedo,2 de noviembre de 1886 - 23 de julio de 1887,Partido Liberal
Sinaloa,Gabriel Peláez,23 de julio de 1887 - noviembre de 1887,
Sinaloa,Francisco Cañedo,Noviembre de 1887 - 26 de julio de 1888,Partido Liberal
Sinaloa,Gabriel Peláez,26 de julio de 1888 - 27 de septiembre de 1888,
Sinaloa,Mariano Martínez de Castro,27 de septiembre de 1888 - 29 de julio de 1889,Partido Liberal
Sinaloa,Bernardo Vázquez,29 de julio de 1889 - 7 de noviembre de 1889,
Sinaloa,Mariano Martínez de Castro,7 de noviembre de 1889 - 26 de septiembre de 1892,Partido Liberal
Sinaloa,Francisco Cañedo,27 de septiembre de 1892 - 1893,Partido Liberal
Sinaloa,Jesús Escobar,1893 - 28 de marzo de 1893,
Sinaloa,Francisco Cañedo,28 de marzo de 1893 - 10 de julio de 1895,Partido Liberal
Sinaloa,Jesús Escobar,10 de julio de 1895 - 23 de noviembre de 1895,
Sinaloa,Francisco Cañedo,23 de noviembre de 1895 - 4 de mayo de 1896,Partido Liberal
Sinaloa,Ignacio M. Escudero,4 de mayo de 1896 - 27 de septiembre de 1896,
Sinaloa,Francisco Cañedo,27 de septiembre de 1896 - 24 de enero de 1897,Partido Liberal
Sinaloa,Francisco Orrantia y Sarmiento,27 de enero de 1897 - 31 de mayo de 1898,
Sinaloa,Francisco Cañedo,31 de mayo de 1898 - 27 de julio de 1898,Partido Liberal
Sinaloa,Juan B. Rojo,27 de julio de 1898 - 31 de octubre de 1898,
Sinaloa,Francisco Cañedo,31 de octubre de 1898 - 28 de julio de 1898,Partido Liberal
Sinaloa,Juan B. Rojo,28 de julio de 1898 - 14 de agosto de 1899,
Sinaloa,Francisco Cañedo,14 de agosto de 1899 - 13 de noviembre de 1900,Partido Liberal
Sinaloa,Juan B. Rojo,13 de noviembre de 1900 - 31 de diciembre de 1900,
Sinaloa,Francisco Cañedo,31 de diciembre de 1900 - 19 de septiembre de 1901,Partido Liberal
Sinaloa,Juan B. Rojo,19 de septiembre de 1901 - 30 de noviembre de 1901,
Sinaloa,Francisco Cañedo,30 de noviembre de 1901 - 7 de julio de 1903,Partido Liberal
Sinaloa,Heriberto Zazueta Lafarga,7 de julio de 1903 - 1903,Independiente
Sinaloa,Francisco Cañedo,1903 - 24 de noviembre de 1904,Partido Liberal
Sinaloa,Heriberto Zazueta Lafarga,24 de noviembre de 1904 - 24 de enero de 1905,Independiente
Sinaloa,Francisco Cañedo,24 de enero de 1905 - 5 de junio de 1906,Partido Liberal
Sinaloa,Heriberto Zazueta Lafarga,5 de junio de 1906 - 23 de septiembre de 1906,Independiente
Sinaloa,Francisco Cañedo,23 de septiembre de 1906 - 18 de junio de 1907,Partido Liberal
Sinaloa,Heriberto Zazueta Lafarga,18 de junio de 1907 - 8 de noviembre de 1907,Independiente
Sinaloa,Francisco Cañedo,8 de noviembre de 1907 - 5 de junio de 1909,Partido Liberal
Sinaloa,Heriberto Zazueta Lafarga,5 de junio de 1909 - 27 de septiembre de 1909,Independiente
Sinaloa,Diego Redo de la Vega,27 de septiembre de 1909 - febrero de 1910,Partido Liberal
Sinaloa,Inés Peiro,Febrero de 1910 - 29 de abril de 1910,
Sinaloa,Diego Redo de la Vega,29 de abril de 1910 - 12 de octubre de 1910,Partido Liberal
Sinaloa,Inés Peiro,12 de octubre de 1910 - 26 de noviembre de 1910,
Sinaloa,Diego Redo de la Vega,26 de noviembre de 1910 - 21 de mayo de 1911,Partido Liberal
Sinaloa,Manuel Bonilla Valle,21 de mayo de 1911 - 2 de junio de 1911,
Sinaloa,Celso Gaxiola Rojo,3 de junio de 1911 - 7 de agosto de 1911,Partido Nacional Antirreeleccionista
Sinaloa,Juan Manuel Banderas Araiza,7 de agosto de 1911 - 27 de septiembre de 1911,Partido Nacional Antirreeleccionista
Sinaloa,José Rentería,27 de septiembre de 1911 - 9 de febrero de 1912,Partido Democrático Sinaloense
Sinaloa,Ruperto L. Paliza,9 de febrero de 1912 - 15 de marzo de 1912,Partido Nacional Antirreeleccionista
Sinaloa,José Rentería,15 de marzo de 1912 - 26 de marzo de 1912,Partido Democrático Sinaloense
Sinaloa,Carlos Cruz Echevarría,26 de marzo de 1912 - 13 de junio de 1912,Partido Nacional Antirreeleccionista
Sinaloa,José Delgado,13 de junio de 1912 - 2 de julio de 1912,
Sinaloa,Ruperto L. Paliza,2 de julio de 1912 - 27 de septiembre de 1912,Partido Nacional Antirreeleccionista
Sinaloa,Felipe Riveros Pérez,27 de septiembre de 1912 - 5 de diciembre de 1912,Partido Liberal Constitucionalista
Sinaloa,Maximiliano López Portillo,5 de diciembre de 1912 - 3 de febrero de 1913,
Sinaloa,Felipe Riveros Pérez,3 de febrero de 1913 - 21 de marzo de 1913,Partido Liberal Constitucionalista
Sinaloa,José L. Legorreta,21 de marzo de 1913 - 1 de octubre de 1913,Militar
Sinaloa,Felipe Riveros Pérez,5 de julio de 1913 - 25 de noviembre de 1914,Partido Liberal Constitucionalista
Sinaloa,Alberto T. Rasgado,1 de octubre de 1913 - 1 de febrero de 1914,Militar
Sinaloa,Manuel Rodríguez Gutiérrez,1 de febrero de 1914 - 9 de agosto de 1914,Partido Liberal Constitucionalista
Sinaloa,Manuel Rodríguez Gutiérrez,25 de noviembre de 1914 - 20 de marzo de 1916,Partido Liberal Constitucionalista
Sinaloa,Isauro Ibáñez,21 de marzo de 1916 - 1 de mayo de 1916,Partido Nacional Antirreeleccionista
Sinaloa,Ángel Flores,1 de mayo de 1916 - 22 de octubre de 1916,Partido Nacional Antirreeleccionista
Sinaloa,Manuel Mezta,22 de octubre de 1916 - 7 de enero de 1917,Partido Nacional Antirreeleccionista
Sinaloa,Ángel Flores,7 de enero de 1917 - 24 de abril de 1917,Partido Nacional Antirreeleccionista
Sinaloa,Ignacio Leandro Pesqueira Gallego,24 de abril de 1917 - 26 de agosto de 1917,Partido Nacional Antirreeleccionista
Sinaloa,Ramón Fuentes Iturbe,27 de agosto de 1917 - 15 de marzo de 1919,Partido Liberal Constitucionalista
Sinaloa,Eliseo Quintero Quintero,15 de marzo de 1919 - 31 de diciembre de 1919,Partido Liberal Constitucionalista
Sinaloa,Miguel Ladislao Ceceña Soto,31 de diciembre de 1919 - 20 de abril de 1920,Partido Liberal Constitucionalista
Sinaloa,Alejandro Ross Vega,20 de abril de 1920 - 27 de septiembre de 1920,Partido Nacional Antirreeleccionista
Sinaloa,Ángel Flores,27 de septiembre de 1920 - 9 de octubre de 1920,Partido Nacional Antirreeleccionista
Sinaloa,José Aguilar Barraza Barraza,9 de octubre de 1920 - 21 de marzo de 1923,Partido Laborista Mexicano
Sinaloa,Manuel Rivas Mejía,21 de marzo de 1923 - 31 de octubre de 1923,Partido Laborista Mexicano
Sinaloa,Victoriano Díaz Angulo,31 de octubre de 1923 - 14 de diciembre de 1923,Partido Laborista Mexicano
Sinaloa,Ángel Flores,14 de diciembre de 1923 - 23 de marzo de 1924,Partido Nacional Antirreeleccionista
Sinaloa,Victoriano Díaz Angulo,23 de marzo de 1924 - 29 de mayo de 1924,Partido Laborista Mexicano
Sinaloa,Ángel Flores,30 de mayo de 1924 - 15 de septiembre de 1924,Partido Nacional Antirreeleccionista
Sinaloa,Alejandro Ross Vega,16 de septiembre de 1924 - 15 de septiembre de 1925,Partido Laborista Mexicano
Sinaloa,José María Guerrero Sosa,16 de septiembre de 1925 - 25 de septiembre de 1926,Partido Laborista Mexicano
Sinaloa,Juan de Dios Batiz Paredes,25 de septiembre de 1926 - 14 de noviembre de 1927,Partido Laborista Mexicano
Sinaloa,Manuel B. Páez,14 de noviembre de 1927 - 31 de diciembre de 1928,Partido Laborista Mexicano
Sinaloa,Macario Gaxiola Urías,1 de enero de 1929 - 31 de diciembre de 1932,Partido Nacional Revolucionario
Sinaloa,Manuel B. Páez,1 de enero de 1933 - 16 de diciembre de 1935,Partido Nacional Revolucionario
Sinaloa,Gabriel Leyva Velázquez,17 de diciembre de 1935 - 12 de septiembre de 1936,Partido Nacional Revolucionario
Sinaloa,Guillermo Vidales Martín del Campo,12 de septiembre de 1936 - 31 de diciembre de 1936,Partido Nacional Revolucionario
Sinaloa,Alfredo Delgado Ibarra,1 de enero de 1937 - 31 de diciembre de 1940,Partido Nacional Revolucionario
Sinaloa,Rodolfo Tostado Loaiza,1 de enero de 1941 - 21 de febrero de 1944,Independiente
Sinaloa,Teodoro Cruz R.,22 de febrero de 1944 - 31 de diciembre de 1944,Partido de la Revolución Mexicana
Sinaloa,Pablo Macías Valenzuela,1 de enero de 1945 - 31 de diciembre de 1950,Partido de la Revolución Mexicana
Sinaloa,Enrique Pérez Arce Santos,1 de enero de 1951 - 28 de febrero de 1953,Partido Revolucionario Institucional
Sinaloa,Rigoberto Aguilar Pico,28 de febrero de 1953 - 31 de diciembre de 1956,Partido Revolucionario Institucional
Sinaloa,Gabriel Leyva Velázquez,1 de enero de 1957 - 31 de diciembre de 1962,Partido Revolucionario Institucional
Sinaloa,Leopoldo Sánchez Celis,1 de enero de 1963 - 4 de marzo de 1967,Partido Revolucionario Institucional
Sinaloa,Fortunato Álvarez Castro,4 de marzo de 1967 - 28 de julio de 1967,Partido Revolucionario Institucional
Sinaloa,Leopoldo Sánchez Celis,29 de julio de 1967 - 31 de diciembre de 1968,Partido Revolucionario Institucional
Sinaloa,Alfredo Valdés Montoya,1 de enero de 1969 - 31 de diciembre de 1974,Partido Revolucionario Institucional
Sinaloa,Alfonso Calderón Velarde,1 de enero de 1975 - 31 de diciembre de 1980,Partido Revolucionario Institucional
Sinaloa,Antonio Toledo Corro,1 de enero de 1981 - 31 de diciembre de 1986,Partido Revolucionario Institucional
Sinaloa,Francisco Labastida Ochoa,1 de enero de 1987 - 31 de diciembre de 1992,Partido Revolucionario Institucional
Sinaloa,Renato Vega Alvarado,1 de enero de 1993 - 31 de diciembre de 1998,Partido Revolucionario Institucional
Sinaloa,Juan Sigfrido Millán Lizárraga,1 de enero de 1999 - 31 de diciembre de 2004,Partido Revolucionario Institucional
Sinaloa,Jesús Alberto Aguilar Padilla,1 de enero de 2005 - 31 de diciembre de 2010,Partido Revolucionario Institucional
Sinaloa,Mario López Valdez,1 de enero de 2011 - 31 de diciembre de 2016,Partido Acción Nacional
Sinaloa,Quirino Ordaz Coppel,1 de enero de 2017 - 31 de octubre de 2021,Partido Revolucionario Institucional
Sinaloa,Rubén Rocha Moya,1 de noviembre de 2021 - 2 de mayo de 2026,Movimiento de Regeneración Nacional
Sinaloa,Yeraldine Bonilla Valverde,Desde el 2 de mayo de 2026,Movimiento de Regeneración Nacional
Sonora,Antonio Pascual Narbona,31 de julio de 1823 - 12 de septiembre de 1824,
Sonora,Juan Miguel de Riesgo,12 de septiembre de 1824 - 7 de octubre de 1824,
Sonora,Francisco Iriarte y Conde,7 de octubre de 1824 - 27 de abril de 1825,
Sonora,Simón Elías González,27 de abril de 1825 - 25 de octubre de 1825,
Sonora,Nicolás María Gaxiola,25 de octubre de 1825 - 3 de febrero de 1826,
Sonora,Simón Elías González,3 de febrero de 1826 - 28 de agosto de 1826,
Sonora,Nicolás María Gaxiola,28 de agosto de 1826 - 24 de noviembre de 1826,
Sonora,Francisco Iriarte y Conde,25 de noviembre de 1826 - noviembre de 1828,
Sonora,Nicolás María Gaxiola,Noviembre de 1827 - 9 de agosto de 1828,
Sonora,José María Almada,9 de agosto de 1828 - 6 de octubre de 1828,
Sonora,Nicolás María Gaxiola,6 de octubre de 1828 - 29 de agosto de 1829,
Sonora,José María Almada,29 de agosto de 1829 - 22 de octubre de 1828,
Sonora,Francisco Iriarte y Conde,23 de octubre de 1828 - 1 de abril de 1830,
Sonora,Leonardo Escalante y Mazón,1 de abril de 1830 - 14 de abril de 1830,
Sonora,Francisco Escobosa,14 de abril de 1830 - 17 de mayo de 1830,
Sonora,Leonardo Escalante y Mazón,17 de mayo de 1830 - 14 de marzo de 1831,
Sonora,Tomás Escalante,15 de marzo de 1831 - 10 de mayo de 1831,Partido Liberal
Sonora,Leonardo Escalante y Mazón,10 de mayo de 1831 - 1 de mayo de 1832,Partido Liberal
Sonora,Manuel Escalante y Arvizu,1 de mayo de 1832 - 1 de agosto de 1832,Partido Conservador
Sonora,Ignacio de Bustamante,1 de agosto de 1832 - 6 de agosto de 1832,Partido Liberal
Sonora,José María Mendoza,6 de agosto de 1832 - 10 de agosto de 1832,Partido Liberal
Sonora,Manuel Escalante y Arvizu,11 de agosto de 1832 - 30 de agosto de 1832,Partido Conservador
Sonora,Ignacio de Bustamante,31 de agosto de 1832 - 16 de mayo de 1833,Partido Liberal
Sonora,José Lucas Picó,17 de mayo de 1833 - 31 de julio de 1833,Partido Liberal
Sonora,Manuel Escalante y Arvizu,1 de agosto de 1833 - 31 de julio de 1834,Partido Conservador
Sonora,Ignacio de Bustamante,1 de agosto de 1834 - octubre de 1834,Partido Liberal
Sonora,Manuel Escalante y Arvizu,Octubre de 1834 - enero de 1835,Partido Conservador
Sonora,Ignacio de Bustamante,Enero de 1835 - enero de 1835,Partido Liberal
Sonora,Manuel Escalante y Arvizu,Enero de 1835 - abril de 1835,Partido Conservador
Sonora,Ignacio de Bustamante,Abril de 1835 - abril de 1835,Partido Liberal
Sonora,Manuel Escalante y Arvizu,Abril de 1835 - junio de 1835,Partido Conservador
Sonora,Ignacio de Bustamante,Junio de 1835 - 19 de junio de 1835,Partido Liberal
Sonora,Manuel Escalante y Arvizu,20 de junio de 1835 - 21 de noviembre de 1835,Partido Conservador
Sonora,Manuel Escalante y Arvizu,21 de noviembre de 1835 - 5 de junio de 1837,Partido Conservador
Sonora,Rafael Elías González,5 de junio de 1837 - 12 de octubre de 1837,Partido Conservador
Sonora,Manuel Escalante y Arvizu,12 de octubre de 1837 - 26 de noviembre de 1837,Partido Conservador
Sonora,Manuel María Gándara,26 de noviembre de 1837 - enero de 1838,Partido Conservador
Sonora,José Urrea,Enero de 1838 - marzo de 1838,Partido Conservador
Sonora,Leonardo Escalante y Mazón,Marzo de 1838 - 16 de mayo de 1838,Partido Liberal
Sonora,Manuel María Gándara,16 de mayo de 1838 -13 de agosto de 1839,Partido Conservador
Sonora,José Lucas Picó,13 de agosto de 1839 - 26 de noviembre de 1839,Partido Liberal
Sonora,Manuel María Gándara,26 de noviembre de 1839 - 5 de noviembre de 1840,Partido Conservador
Sonora,José Lucas Picó,5 de noviembre de 1840 - 5 de febrero de 1841,Partido Liberal
Sonora,Manuel María Gándara,5 de febrero de 1841 - 5 de noviembre de 1841,Partido Conservador
Sonora,José Lucas Picó,5 de noviembre de 1842 - 16 de abril de 1842,Partido Liberal
Sonora,Pedro Bautista Aguayo,16 de abril de 1842 - 1 de junio de 1842,Partido Liberal
Sonora,José Urrea,1 de junio de 1842 - enero de 1843,Partido Conservador
Sonora,José María Elías González,Enero de 1843 - febrero de 1843,Partido Liberal
Sonora,José Urrea,Febrero de 1843 - 21 de mayo de 1844,Partido Conservador
Sonora,Francisco Ponce de León,21 de mayo de 1844 - 29 de diciembre de 1844,Partido Conservador
Sonora,José Urrea,29 de diciembre de 1844 - 10 de abril de 1845,Partido Conservador
Sonora,Francisco Andrade Félix,10 de abril de 1845 - 25 de junio de 1845,Partido Liberal
Sonora,José María Gaxiola,26 de junio de 1845 - 23 de febrero de 1846,Partido Liberal
Sonora,Fernando Cuesta,24 de febrero de 1846 - 22 de agosto de 1846,Partido Conservador
Sonora,Fernando Cuesta,22 de agosto de 1846 - 4 de enero de 1847,Partido Conservador
Sonora,Luis Redondo,5 de enero de 1847 - 6 de mayo de 1847,Partido Liberal
Sonora,Manuel María Gándara,7 de mayo de 1847 - 26 de enero de 1849,Partido Conservador
Sonora,Juan B. Gándara,27 de enero de 1849 - 9 de abril de 1849,Partido Conservador
Sonora,José de Aguilar y Escobosa,10 de abril de 1849 - 16 de octubre de 1851,Partido Liberal
Sonora,Fernando Cubillas Iñigo,17 de octubre de 1851 - 31 de enero de 1853,Partido Liberal
Sonora,José de Aguilar y Escobosa,31 de enero de 1853 - 21 de septiembre de 1853,Partido Liberal
Sonora,Manuel María Gándara,1 de febrero de 1853 - 6 de mayo de 1853,Partido Conservador
Sonora,Mariano de la Peña,7 de mayo de 1853 - 23 de mayo de 1853,Partido Conservador
Sonora,Manuel María Gándara,18 de mayo de 1853 - 23 de mayo de 1853,Partido Conservador
Sonora,Fernando Cubillas Iñigo,24 de mayo de 1853 - 19 de abril de 1854,Partido Liberal
Sonora,José María Yáñez,20 de abril de 1854 - 21 de septiembre de 1854,Partido Conservador
Sonora,Manuel María Gándara,21 de septiembre de 1854 - 17 de octubre de 1854,Partido Conservador
Sonora,Domingo Ramírez de Arellano,17 de octubre de 1854 - 7 de junio de 1855,Partido Conservador
Sonora,Pedro Espejo,8 de junio de 1855 - 9 de septiembre de 1855,Partido Conservador
Sonora,Manuel María Gándara,10 de septiembre de 1855 - 17 de marzo de 1856,Partido Conservador
Sonora,José de Aguilar y Escobosa,18 de marzo de 1856 - 14 de julio de 1856,Partido Liberal
Sonora,Ramón Encinas,15 de julio de 1856 - 8 de agosto de 1856,Partido Conservador
Sonora,Ignacio Pesqueira García,9 de agosto de 1856 - 6 de mayo de 1857,Partido Liberal
Sonora,José de Aguilar y Escobosa,7 de mayo de 1857 - 27 de agosto de 1857,Partido Liberal
Sonora,Ignacio Pesqueira García,28 de agosto de 1858 - 7 de abril de 1861,Partido Liberal
Sonora,Jesús García Morales,8 de abril de 1860 - 8 de junio de 1860,Partido Liberal
Sonora,Ignacio Pesqueira García,8 de junio de 1860 - 7 de abril de 1861,Partido Liberal
Sonora,José Escalante y Moreno,8 de abril de 1861 - 7 de junio de 1861,Partido Liberal
Sonora,Ignacio Pesqueira García,8 de junio de 1861 - 10 de agosto de 1865,Partido Liberal
Sonora,Jesús García Morales,11 de agosto de 1865 - 17 de marzo de 1866,Partido Liberal
Sonora,Ignacio Pesqueira García,18 de marzo de 1866 - 10 de junio de 1868,Partido Liberal
Sonora,Manuel Monteverde Díaz,11 de junio de 1868 - 31 de diciembre de 1868,Partido Liberal
Sonora,Ignacio Pesqueira García,1 de junio de 1869 - 27 de julio de 1869,Partido Liberal
Sonora,Manuel Monteverde Díaz,28 de julio de 1869 - 8 de octubre de 1869,Partido Liberal
Sonora,Ignacio Pesqueira García,9 de octubre de 1869 - 12 de diciembre de 1869,Partido Liberal
Sonora,Manuel Monteverde Díaz,13 de diciembre de 1869 - 12 de junio de 1870,Partido Liberal
Sonora,Ignacio Pesqueira García,13 de junio de 1870 - 23 de enero de 1872,Partido Liberal
Sonora,Joaquín M. Astiazarán Iñigo,24 de enero de 1872 - 31 de enero de 1872,Partido Liberal
Sonora,Ignacio Pesqueira García,1 de febrero de 1872 - 28 de febrero de 1872,Partido Liberal
Sonora,Joaquín M. Astiazarán Iñigo,1 de marzo de 1872 - 23 de septiembre de 1872,Partido Liberal
Sonora,Ignacio Pesqueira García,24 de septiembre de 1872 - 24 de julio de 1873,Partido Liberal
Sonora,Joaquín M. Astiazarán Iñigo,25 de julio de 1873 - 15 de septiembre de 1873,Partido Liberal
Sonora,Ignacio Pesqueira García,16 de septiembre de 1873 - 31 de agosto de 1875,Partido Liberal
Sonora,José J. Pesqueira,1 de septiembre de 1875 - 2 de abril de 1877,Partido Liberal
Sonora,Vicente Mariscal,3 de abril de 1876 - 31 de diciembre de 1877,Partido Liberal
Sonora,Francisco Serna Salazar,1 de enero de 1878 - 6 de febrero de 1878,Partido Liberal
Sonora,Vicente Mariscal,7 de febrero de 1878 - 25 de octubre de 1878,Partido Liberal
Sonora,Francisco Serna Salazar,26 de octubre de 1878 - 31 de agosto de 1879,Partido Liberal
Sonora,José Tiburcio Otero Toledo,1 de septiembre de 1879 - 30 de enero de 1880,Partido Liberal
Sonora,Luis Emeterio Torres,31 de enero de 1880 - 31 de agosto de 1881,Partido Liberal
Sonora,Carlos Rodrigo Ortiz Retes,1 de septiembre de 1881 - 31 de diciembre de 1882,Partido Liberal
Sonora,Antonio Escalante,30 de octubre de 1882 - 24 de noviembre de 1882,Partido Liberal
Sonora,Cirilo Ramírez,24 de noviembre de 1882 - 31 de diciembre de 1882,Partido Liberal
Sonora,Felizardo Torres,31 de diciembre de 1882 - 31 de agosto de 1883,Partido Liberal
Sonora,Luis Emeterio Torres,1 de septiembre de 1883 - 24 de abril de 1884,Partido Liberal
Sonora,Francisco Gandara,25 de abril de 1884 - 13 de junio de 1884,
Sonora,Luis Emeterio Torres,14 de junio de 1884 - 13 de marzo de 1885,Partido Liberal
Sonora,Francisco Gandara,14 de marzo de 1885 - 31 de marzo de 1885,
Sonora,Luis Emeterio Torres,1 de abril de 1885 - 24 de noviembre de 1885,Partido Liberal
Sonora,Francisco Gandara,25 de noviembre de 1885 - 23 de diciembre de 1885,
Sonora,Luis Emeterio Torres,24 de diciembre de 1885 - 6 de junio de 1886,Partido Liberal
Sonora,Francisco Gandara,7 de junio de 1886 - 3 de agosto de 1886,
Sonora,Luis Emeterio Torres,4 de agosto de 1886 - 31 de agosto de 1887,Partido Liberal
Sonora,Lorenzo Torres,1 de septiembre de 1887 - 18 de diciembre de 1887,Partido Liberal
Sonora,Ramón Corral Verdugo,19 de diciembre de 1887 - 31 de agosto de 1891,Partido Liberal
Sonora,Luis Emeterio Torres,1 de septiembre de 1891 - 31 de octubre de 1891,Círculo Nacional Porfirista
Sonora,Rafael Izábal,1 de noviembre de 1891 - 31 de agosto de 1895,Círculo Nacional Porfirista
Sonora,Ramón Corral Verdugo,1 de septiembre de 1895 - 25 de junio de 1896,Círculo Nacional Porfirista
Sonora,Prisciliano Figueroa,26 de junio de 1896 - 15 de octubre de 1897,Círculo Nacional Porfirista
Sonora,Ramón Corral Verdugo,16 de octubre de 1897 - 8 de enero de 1899,Círculo Nacional Porfirista
Sonora,Fernando Aguilar Aguilar,9 de enero de 1899 - 21 de febrero de 1899,Círculo Nacional Porfirista
Sonora,Ramón Corral Verdugo,22 de febrero de 1899 - 31 de agosto de 1899,Círculo Nacional Porfirista
Sonora,Celedonio C. Ortiz,1 de septiembre de 1899 - 26 de agosto de 1900,Círculo Nacional Porfirista
Sonora,Rafael Izábal,27 de agosto de 1900 - 24 de enero de 1903,Círculo Nacional Porfirista
Sonora,Luis Emeterio Torres,25 de enero de 1903 - 30 de junio de 1903,Círculo Nacional Porfirista
Sonora,Rafael Izábal,1 de julio de 1903 - 19 de mayo de 1904,Círculo Nacional Porfirista
Sonora,Francisco Muñoz,20 de mayo de 1904 - 28 de julio de 1904,
Sonora,Rafael Izábal,29 de julio de 1904 - 15 de octubre de 1904,Círculo Nacional Porfirista
Sonora,Alberto G. Noriega,16 de octubre de 1904 - 31 de octubre de 1904,Círculo Nacional Porfirista
Sonora,Rafael Izábal,1 de noviembre de 1904 - 23 de mayo de 1905,Círculo Nacional Porfirista
Sonora,Fernando Aguilar Aguilar,24 de mayo de 1905 - 8 de junio de 1905,Círculo Nacional Porfirista
Sonora,Rafael Izábal,9 de junio de 1905 - 30 de noviembre de 1905,Círculo Nacional Porfirista
Sonora,Alberto G. Noriega,1 de diciembre de 1905 - 31 de diciembre de 1905,Círculo Nacional Porfirista
Sonora,Rafael Izábal,1 de enero de 1906 - 17 de enero de 1906,Círculo Nacional Porfirista
Sonora,Fernando Aguilar Aguilar,18 de julio de 1906 - 10 de septiembre de 1906,Círculo Nacional Porfirista
Sonora,Rafael Izábal,11 de septiembre de 1906 - 15 de octubre de 1906,Círculo Nacional Porfirista
Sonora,Alberto G. Noriega,16 de octubre de 1906 - 2 de diciembre de 1906,Círculo Nacional Porfirista
Sonora,Rafael Izábal,3 de diciembre de 1906 - 31 de agosto de 1907,Círculo Nacional Porfirista
Sonora,Luis Emeterio Torres,1 de septiembre de 1907 - 17 de octubre de 1907,Círculo Nacional Porfirista
Sonora,Alberto Cubillas,18 de octubre de 1907 - 24 de octubre de 1907,Círculo Nacional Porfirista
Sonora,Luis Emeterio Torres,25 de octubre de 1907 - 12 de noviembre de 1907,Círculo Nacional Porfirista
Sonora,Alberto Cubillas,13 de noviembre de 1907 - 21 de noviembre de 1907,Círculo Nacional Porfirista
Sonora,Luis Emeterio Torres,21 de noviembre de 1907 - 3 de marzo de 1908,Círculo Nacional Porfirista
Sonora,Alberto Cubillas,4 de marzo de 1908 - 25 de abril de 1908,Círculo Nacional Porfirista
Sonora,Alberto Cubillas,25 de abril de 1908 - 27 de octubre de 1908,Círculo Nacional Porfirista
Sonora,Luis Emeterio Torres,28 de octubre de 1908 - 18 de marzo de 1909,Círculo Nacional Porfirista
Sonora,Alberto Cubillas,18 de marzo de 1909 - 27 de mayo de 1911,Círculo Nacional Porfirista
Sonora,Avelino Espinoza,27 de mayo de 1911 - 29 de mayo de 1911,Independiente
Sonora,Francisco de Padua Morales,29 de mayo de 1911 - 1 de junio de 1911,Independiente
Sonora,Eugenio Gayou,1 de junio de 1911 - 3 de julio de 1911,Partido Nacional Antirreeleccionista
Sonora,Carlos E. Randall,4 de julio de 1911 - 31 de agosto de 1911,Partido Nacional Antirreeleccionista
Sonora,José María Maytorena,1 de septiembre de 1911 - 25 de febrero de 1913,Partido Liberal Constitucionalista
Sonora,Ignacio L. Pesqueira,26 de febrero de 1913 - 25 de marzo de 1913,Independiente
Sonora,Francisco H. García,1 de abril de 1913 - 16 de marzo de 1914,Militar
Sonora,José María Maytorena,Marzo de 1914 - 5 de octubre de 1914,Partido Constitucional Progresista
Sonora,Carlos E. Randall,6 de octubre de 1914 - 4 de agosto de 1915,Partido Nacional Antirreeleccionista
Sonora,Plutarco Elías Calles,4 de agosto de 1915 - 30 de junio de 1917,Partido Liberal Constitucionalista
Sonora,Plutarco Elías Calles,30 de junio de 1917 - 16 de agosto de 1917,Partido Liberal Constitucionalista
Sonora,Cesáreo G. Soriano,17 de agosto de 1917 - 18 de julio de 1918,Partido Liberal Constitucionalista
Sonora,Plutarco Elías Calles,19 de julio de 1918 - 31 de agosto de 1919,Militar
Sonora,Adolfo de la Huerta,1 de septiembre de 1919 - 14 de junio de 1920,Partido Revolucionario Sonorense
Sonora,Flavio A. Bórquez Velderrain,14 de junio de 1920 - 1 de enero de 1921,Partido Liberal Constitucionalista
Sonora,Miguel Piña,1 de enero de 1921 - 1 de mayo de 1921,Militar
Sonora,Adolfo de la Huerta,1 de mayo de 1921 - 17 de junio de 1921,Partido Revolucionario Sonorense
Sonora,Francisco Elías Suárez,17 de junio de 1921 - 2 de abril de 1922,Partido Liberal Constitucionalista
Sonora,Adolfo de la Huerta,2 de abril de 1922 - 21 de mayo de 1923,Partido Revolucionario Sonorense
Sonora,Flavio A. Bórquez Velderrain,21 de mayo de 1923 - 31 de agosto de 1923,Partido Liberal Constitucionalista
Sonora,Alejo Bay Valenzuela,1 de septiembre de 1923 - 31 de agosto de 1927,Gran Partido Civilista Sonorense
Sonora,Fausto Topete Almada,1 de septiembre de 1927 - 3 de marzo de 1929,Gran Partido Civilista Sonorense
Sonora,Jesús G. Lizárraga,4 de marzo de 1929 - 29 de abril de 1929,Independiente
Sonora,Francisco Elías Suárez,30 de abril de 1929 - 31 de agosto de 1931,Partido Nacional Revolucionario
Sonora,Rodolfo Elias Calles,1 de septiembre de 1931 - 1934,Partido Nacional Revolucionario
Sonora,Emiliano M. Corella,1934 - 31 de agosto de 1935,Partido Nacional Revolucionario
Sonora,Ramón Ramos Almada,1 de septiembre de 1935 - 16 de diciembre de 1935,Partido Nacional Revolucionario
Sonora,Jesús Gutiérrez Cázares,17 de diciembre de 1935 - 3 de enero de 1937,Partido Nacional Revolucionario
Sonora,Román Yocupicio Valenzuela,4 de enero de 1937 - 31 de agosto de 1939,Partido Nacional Revolucionario
Sonora,Anselmo Macías Valenzuela,1 de septiembre de 1939 - 31 de agosto de 1943,Partido de la Revolución Mexicana
Sonora,Abelardo L. Rodríguez,1 de septiembre de 1943 - 15 de abril de 1948,Partido de la Revolución Mexicana
Sonora,Horacio Sobarzo Díaz,15 de abril de 1948 - 31 de agosto de 1949,Partido Revolucionario Institucional
Sonora,Ignacio Soto Martínez,1 de septiembre de 1949 - 31 de agosto de 1955,Partido Revolucionario Institucional
Sonora,Álvaro Obregón Tapia,1 de septiembre de 1955 - 31 de agosto de 1961,Partido Revolucionario Institucional
Sonora,Luis Encinas Johnson,1 de septiembre de 1961 - 31 de agosto de 1967,Partido Revolucionario Institucional
Sonora,Carlos Lafontaine Suárez,1 de septiembre de 1967 - 13 de septiembre de 1967,Partido Revolucionario Institucional
Sonora,Faustino Félix Serna,13 de septiembre de 1967 - 12 de septiembre de 1973,Partido Revolucionario Institucional
Sonora,Carlos Armando Biebrich,13 de septiembre de 1973 - 25 de octubre de 1975,Partido Revolucionario Institucional
Sonora,Alejandro Carrillo Marcor,25 de octubre de 1975 - 12 de septiembre de 1979,Partido Revolucionario Institucional
Sonora,Samuel Ocaña García,13 de septiembre de 1979 - 12 de septiembre de 1985,Partido Revolucionario Institucional
Sonora,Rodolfo Félix Valdés,13 de septiembre de 1985 - 12 de septiembre de 1991,Partido Revolucionario Institucional
Sonora,Mario Morúa Johnson,13 de septiembre de 1991 - 22 de octubre de 1991,Partido Revolucionario Institucional
Sonora,Manlio Fabio Beltrones,22 de octubre de 1991 - 12 de septiembre de 1997,Partido Revolucionario Institucional
Sonora,Armando López Nogales,13 de septiembre de 1997 - 12 de septiembre de 2003,Partido Revolucionario Institucional
Sonora,Eduardo Bours Castelo,13 de septiembre de 2003 - 12 de septiembre de 2009,Partido Revolucionario Institucional
Sonora,Guillermo Padrés Elías,13 de septiembre de 2009 - 12 de septiembre de 2015,Partido Acción Nacional
Sonora,Claudia Pavlovich Arellano,13 de septiembre de 2015 - 12 de septiembre de 2021,Partido Revolucionario Institucional
Sonora,Alfonso Durazo Montaño,Desde el 13 de septiembre de 2021,Movimiento de Regeneración Nacional
Tabasco,Agustín Ruíz de la Peña y Urrutia,8 de mayo de 1824 - 6 de diciembre de 1824,Partido Liberal
Tabasco,Pedro Pérez Medina,6 de diciembre de 1824 - 31 de julio de 1825,
Tabasco,Agustín Ruíz de la Peña y Urrutia,1 de agosto de 1825 - 9 de agosto de 1825,Partido Liberal
Tabasco,Agustín Ruíz de la Peña y Urrutia,10 de agosto de 1825 - 3 de agosto de 1827,Partido Liberal
Tabasco,Marcelino Margalli,3 de agosto de 1827 - diciembre de 1827,Partido Conservador
Tabasco,Marcelino Margalli,Diciembre de 1827 - 17 de septiembre de 1828,Partido Conservador
Tabasco,Pedro José García,18 de septiembre de 1828 - 7 de noviembre de 1828,
Tabasco,Santiago Duque de Estrada,8 de noviembre de 1828 - 10 de agosto de 1829,Partido Conservador
Tabasco,José Eusebio Magdonel,11 de agosto de 1829 - 21 de agosto de 1829,
Tabasco,Juan Dionisio Marcín,Diciembre de 1829 - 13 de agosto de 1830,
Tabasco,José Eusebio Magdonel,14 de agosto de 1830 - 18 de agosto de 1830,
Tabasco,José Rovirosa Hernández,18 de agosto de 1830 - 24 de agosto de 1830,
Tabasco,José Rovirosa Hernández,25 de agosto de 1830 - 26 de septiembre de 1832,
Tabasco,Manuel Buelta Rojo,26 de septiembre de 1832 - 23 de marzo de 1834,
Tabasco,Juan de Dios Salazar,23 de marzo de 1834 - 15 de septiembre de 1834,
Tabasco,Narciso Santa María,16 de septiembre de 1834 - abril de 1836,
Tabasco,Eduardo Correa,Abril de 1836 - agosto de 1836,
Tabasco,Santiago Duque de Estrada,Agosto de 1836 - septiembre de 1836,Partido Conservador
Tabasco,Eduardo Correa,Septiembre de 1836 - 30 de diciembre de 1836,
Tabasco,Eduardo Correa,30 de diciembre de 1836 - 9 de agosto de 1837,
Tabasco,José Ignacio Gutiérrez,10 de agosto de 1837 - 16 de noviembre de 1840,
Tabasco,Juan Pablo de Anaya,17 de noviembre de 1840 - 6 de diciembre de 1840,
Tabasco,Agustín Ruíz de la Peña y Urrutia,6 de diciembre de 1840 - 14 de diciembre de 1840,Partido Liberal
Tabasco,Pedro Requena Estrada,14 de diciembre de 1840 - 3 de enero de 1841,
Tabasco,José Víctor Jiménez Falcón,4 de enero de 1841 - 1 de febrero de 1841,
Tabasco,José Víctor Jiménez Falcón,1 de febrero de 1841 - 4 de marzo de 1841,
Tabasco,Justo Santa Anna,4 de marzo de 1841 - septiembre de 1841,
Tabasco,Francisco Díaz del Castillo,septiembre de 1841 - 8 de febrero de 1842,
Tabasco,Agustín Ruíz de la Peña y Urrutia,9 de febrero de 1842 - 2 de mayo de 1842,Partido Liberal
Tabasco,José Higinio Ney,2 de mayo de 1842 - 7 de mayo de 1842,
Tabasco,José Julián Dueñas,7 de mayo de 1842 - 11 de junio de 1842,
Tabasco,Francisco de Sentmanat y Zayas,12 de junio de 1842 - 11 de julio de 1843,
Tabasco,José Julián Dueñas,12 de julio de 1843 - 31 de agosto de 1843,
Tabasco,Pedro de Ampudia y Grimarest,1 de septiembre de 1843 - mayo de 1844,
Tabasco,Pedro de Ampudia y Grimarest,mayo de 1844 - 30 de junio de 1844,
Tabasco,Narciso Santa María,30 de junio de 1844 - 5 de septiembre de 1844,
Tabasco,Pedro de Ampudia y Grimarest,5 de septiembre de 1844 - 2 de enero de 1845,
Tabasco,Juan de Dios Salazar,2 de enero de 1845 - marzo de 1845,
Tabasco,José Víctor Jiménez Falcón,Marzo de 1845 - abril de 1845,
Tabasco,José Víctor Jiménez Falcón,Abril de 1845 - 14 de junio de 1845,
Tabasco,Juan de Dios Salazar,18 de junio de 1845 - 9 de septiembre de 1845,
Tabasco,José Víctor Jiménez Falcón,20 de agosto de 1845 - 11 de agosto de 1846,
Tabasco,Juan Bautista Traconis Rodríguez,12 de agosto de 1846 - 22 de agosto de 1846,
Tabasco,Juan Bautista Traconis Rodríguez,22 de agosto de 1846 - 5 de enero de 1847,
Tabasco,Justo Santa Anna,5 de enero de 1847 - 13 de febrero de 1847,
Tabasco,Justo Santa Anna,13 de febrero de 1847 - julio de 1847,
Tabasco,Gershom J. Van Brunt,16 de junio de 1847 - 26 de junio de 1847,
Tabasco,Abraham Bigelow,26 de junio de 1847 - 22 de julio de 1847,
Tabasco,José Julián Dueñas,Julio de 1847 - octubre de 1847,
Tabasco,Justo Santa Anna,Octubre de 1847 - 11 de enero de 1848,
Tabasco,José Encarnación Prats Medina,11 de enero de 1848 - mayo de 1848,
Tabasco,Justo Santa Anna,Mayo de 1848 - julio de 1848,
Tabasco,José Encarnación Prats Medina,Julio de 1848 - octubre de 1848,
Tabasco,Justo Santa Anna,Octubre de 1848 - 15 de septiembre de 1849,
Tabasco,José Julián Dueñas,16 de septiembre de 1849 - 14 de octubre de 1850,
Tabasco,Juan Manuel de Torres,15 de octubre de 1850 - 4 de diciembre de 1850,
Tabasco,Gregorio Payró,15 de diciembre de 1850 - 1 de mayo de 1851,
Tabasco,Joaquín Cirilo de Lanz,1 de mayo de 1851 - 24 de julio de 1851,
Tabasco,Justo Santa Anna,24 de julio de 1851 - 9 de noviembre de 1851,
Tabasco,Justo Santa Anna,9 de noviembre de 1851 - 15 de noviembre de 1851,
Tabasco,Manuel Ponz y Ardil,15 de noviembre de 1851 - junio de 1852,
Tabasco,Justo Santa Anna,Junio de 1852 - 9 de agosto de 1852,
Tabasco,Manuel Ponz y Ardil,9 de agosto de 1852 - 23 de septiembre de 1852,
Tabasco,Joaquín Ferrer Martí,24 de septiembre de 1852 - 24 de junio de 1853,
Tabasco,Manuel María Escobar y Rivera,24 de junio de 1853 - 29 de agosto de 1855,
Tabasco,Benito Haro,29 de agosto de 1855 - mayo de 1856,Partido Liberal
Tabasco,José Víctor Jiménez Falcón,21 de mayo de 1856 - 21 de octubre de 1856,
Tabasco,Francisco de Velázquez,21 de octubre de 1856 - 30 de octubre de 1856,
Tabasco,José Justo Álvarez Valenzuela,30 de octubre de 1856 - 24 de junio de 1857,
Tabasco,Victorio Victorino Dueñas,24 de junio de 1857 - 26 de marzo de 1858,
Tabasco,Francisco de Velázquez,26 de marzo de 1858 - 29 de marzo de 1858,
Tabasco,Simón Sarlat García,29 de marzo de 1858 - 8 de noviembre de 1858,
Tabasco,Victorio Victorino Dueñas,8 de noviembre de 1858 - 22 de noviembre de 1860,
Tabasco,José Encarnación Prats,22 de noviembre de 1860 - 31 de diciembre de 1860,
Tabasco,Victorio Victorino Dueñas,1 de enero de 1861 - 2 de marzo de 1861,
Tabasco,Felipe J. Serra,2 de marzo de 1861 - 2 de diciembre de 1861,
Tabasco,Victorio Victorino Dueñas,2 de diciembre de 1861 - 22 de julio de 1863,
Tabasco,Felipe J. Serra,22 de julio de 1863 - 4 de octubre de 1864,
Tabasco,Gregorio Méndez Magaña,4 de octubre de 1864 - 6 de junio de 1867,
Tabasco,Felipe J. Serra,6 de junio de 1867 - 31 de diciembre de 1867,
Tabasco,Felipe J. Serra,1 de enero de 1868 - 19 de julio de 1871,
Tabasco,Victorio Victorino Dueñas,25 de julio de 1871 - 30 de julio de 1871,
Tabasco,Ignacio Vado Ruz,31 de julio de 1871 - 31 de diciembre de 1871,
Tabasco,Victorio Victorino Dueñas,1 de enero de 1872 - 1 de diciembre de 1873,
Tabasco,Simón Sarlat Nova,1 de diciembre de 1873 - 1 de abril de 1874,
Tabasco,Victorio Victorino Dueñas,1 de abril de 1874 - 31 de diciembre de 1875,
Tabasco,Santiago Cruces Zentella,1 de enero de 1876 - 8 de mayo de 1876,
Tabasco,Pedro Carrillo,8 de mayo de 1876 - 17 de mayo de 1876,
Tabasco,Jesús Oliver Beristain,17 de mayo de 1876 - 8 de junio de 1876,
Tabasco,Pedro Baranda,8 de junio de 1876 - 21 de diciembre de 1876,
Tabasco,Carlos Borda,21 de diciembre de 1876 - 24 de diciembre de 1876,
Tabasco,Juan Ramírez Calzada,24 de diciembre de 1876 - 31 de mayo de 1877,
Tabasco,Simón Sarlat Nova,1 de junio de 1877 - 30 de septiembre de 1879,
Tabasco,José Francisco de Lanz y Rolderat,30 de septiembre de 1879 - 30 de noviembre de 1879,
Tabasco,Simón Sarlat Nova,30 de noviembre de 1879 - 24 de mayo de 1880,
Tabasco,Manuel Foucher,25 de mayo de 1880 - 6 de julio de 1880,
Tabasco,Simón Sarlat Nova,7 de julio de 1880 - 31 de diciembre de 1880,
Tabasco,José Francisco de Lanz y Rolderat,1 de enero de 1880 - 18 de marzo de 1881,
Tabasco,Manuel Foucher,18 de marzo de 1881 - 2 de noviembre de 1882,
Tabasco,Wenceslao Briseño Bonilla,2 de noviembre de 1882 - 10 de diciembre de 1882,
Tabasco,Lauro León Vázquez,10 de diciembre de 1882 - 11 de diciembre de 1882,
Tabasco,Francisco de Paula Aguilar,11 de diciembre de 1882 - 25 de diciembre de 1882,
Tabasco,Eusebio Castillo Zamudio,25 de diciembre de 1882 - 4 de enero de 1883,
Tabasco,Francisco de Paula Aguilar,4 de enero de 1883 - 15 de mayo de 1883,
Tabasco,Manuel Mestre Gorgoll,15 de mayo de 1883 - 10 de septiembre de 1883,
Tabasco,Lauro León Vázquez,10 de septiembre de 1883 - 1 de octubre de 1883,
Tabasco,Manuel Mestre Gorgoll,1 de octubre de 1883 - 1 de febrero de 1884,
Tabasco,Lauro León Vázquez,2 de febrero de 1884 - 24 de julio de 1884,
Tabasco,Manuel Mestre Gorgoll,25 de julio de 1884 - 31 de diciembre de 1884,
Tabasco,Eusebio Castillo Zamudio,1 de enero de 1885 - 11 de marzo de 1886,
Tabasco,Policarpo Valenzuela,12 de marzo de 1886 - 5 de abril de 1886,
Tabasco,Eusebio Castillo Zamudio,6 de abril de 1886 - 21 de marzo de 1887,
Tabasco,Policarpo Valenzuela,21 de marzo de 1887 - 23 de marzo de 1887,
Tabasco,Abraham Bandala Patiño,25 de marzo de 1887 - 30 de septiembre de 1887,Militar
Tabasco,Simón Sarlat Nova,1 de octubre de 1887 - 10 de octubre de 1888,
Tabasco,Calixto Merino Jiménez,10 de octubre de 1888 - 1 de enero de 1889,
Tabasco,Simón Sarlat Nova,1 de enero de 1889 - 20 de marzo de 1890,
Tabasco,Calixto Merino Jiménez,20 de marzo de 1890 - 13 de junio de 1890,
Tabasco,Simón Sarlat Nova,13 de junio de 1890 - 31 de diciembre de 1890,
Tabasco,Simón Sarlat Nova,1 de enero de 1891 - 1 de marzo de 1891,
Tabasco,Calixto Merino Jiménez,1 de marzo de 1891 - 11 de septiembre de 1891,
Tabasco,Simón Sarlat Nova,11 de septiembre de 1891 - 17 de agosto de 1892,
Tabasco,Joaquín Zeferino Kerlegand,17 de agosto de 1892 - 1 de diciembre de 1892,Militar
Tabasco,Simón Sarlat Nova,1 de diciembre de 1892 - 12 de marzo de 1894,
Tabasco,Abraham Bandala Patiño,12 de marzo de 1894 - 15 de agosto de 1894,Militar
Tabasco,Simón Sarlat Nova,15 de agosto de 1894 - 31 de diciembre de 1894,
Tabasco,Abraham Bandala Patiño,1 de enero de 1895 - 20 de septiembre de 1895,Militar
Tabasco,Felipe J. Serra,20 de septiembre de 1895 - 27 de octubre de 1895,
Tabasco,Abraham Bandala Patiño,27 de octubre de 1895 - 11 de noviembre de 1896,Militar
Tabasco,Felipe J. Serra,11 de noviembre de 1896 - 10 de enero de 1897,
Tabasco,Abraham Bandala Patiño,10 de enero de 1897 - 20 de noviembre de 1897,Militar
Tabasco,Felipe J. Serra,20 de noviembre de 1897 - 12 de enero de 1898,
Tabasco,Abraham Bandala Patiño,12 de enero de 1898 - 31 de diciembre de 1898,Militar
Tabasco,Abraham Bandala Patiño,1 de enero de 1899 - 10 de noviembre de 1899,Militar
Tabasco,Felipe J. Serra,10 de noviembre de 1899 - 29 de diciembre de 1899,
Tabasco,Abraham Bandala Patiño,29 de diciembre de 1899 - 3 de noviembre de 1900,Militar
Tabasco,Felipe J. Serra,3 de noviembre de 1900 - 24 de diciembre de 1900,
Tabasco,Abraham Bandala Patiño,24 de diciembre de 1900 - 1 de noviembre de 1901,Militar
Tabasco,Manuel Martínez Guido,1 de noviembre de 1901 - 2 de enero de 1902,
Tabasco,Abraham Bandala Patiño,2 de enero de 1902 - 27 de febrero de 1902,Militar
Tabasco,Manuel Martínez Guido,27 de febrero de 1902 - 10 de marzo de 1902,
Tabasco,Abraham Bandala Patiño,10 de marzo de 1902 - 31 de diciembre de 1902,Militar
Tabasco,Abraham Bandala Patiño,1 de enero de 1903 - 23 de octubre de 1903,Militar
Tabasco,Manuel Martínez Guido,23 de octubre de 1903 - 1 de diciembre de 1903,
Tabasco,Abraham Bandala Patiño,1 de diciembre de 1903 - 26 de octubre de 1904,Militar
Tabasco,Manuel Martínez Guido,27 de octubre de 1904 - 24 de diciembre de 1904,
Tabasco,Abraham Bandala Patiño,24 de diciembre de 1904 - 27 de octubre de 1905,Militar
Tabasco,Manuel Martínez Guido,27 de octubre de 1905 - 20 de diciembre de 1905,
Tabasco,Abraham Bandala Patiño,20 de diciembre de 1905 - 31 de diciembre de 1906,Militar
Tabasco,Abraham Bandala Patiño,1 de enero de 1907 - 17 de octubre de 1907,Militar
Tabasco,Gonzalo Acuña Pardo,17 de octubre de 1907 - 27 de noviembre de 1907,
Tabasco,Abraham Bandala Patiño,27 de noviembre de 1907 - 21 de febrero de 1910,Militar
Tabasco,Nicandro Melo,21 de febrero de 1910 - 9 de mayo de 1910,
Tabasco,Abraham Bandala Patiño,9 de mayo de 1910 - 27 de agosto de 1910,Militar
Tabasco,Nicandro Melo,27 de agosto de 1910 - 8 de septiembre de 1910,
Tabasco,Abraham Bandala Patiño,8 de septiembre de 1910 - 31 de diciembre de 1910,Militar
Tabasco,Policarpo Valenzuela,1 de enero de 1911 - 9 de junio de 1911,
Tabasco,Manuel Mestre Ghigliazza,9 de junio de 1911- 3 de julio de 1911,
Tabasco,Domingo Borrego Moreno,3 de julio de 1911 - 31 de agosto de 1911,
Tabasco,Manuel Mestre Ghigliazza,1 de septiembre de 1911 - 28 de abril de 1913,
Tabasco,Agustín A. Valdez,28 de abril de 1913 - 20 de agosto de 1913,Militar
Tabasco,Alberto Yarza Gutiérrez,20 de agosto de 1913 - 1 de septiembre de 1914,Militar
Tabasco,Luis Felipe Domínguez Suárez,1 de septiembre de 1914 - 1 de noviembre de 1914,Militar
Tabasco,Carlos Greene Ramírez,1 de noviembre de 1914 - 2 de febrero de 1915,Militar
Tabasco,Aquileo Juárez,2 de febrero de 1915 - 28 de agosto de 1915,Militar
Tabasco,Pedro C. Colorado,28 de agosto de 1915 - 29 de agosto de 1915 (17:00 a 1:15),
Tabasco,José Gil Morales,29 de agosto de 1915 - 5 de septiembre de 1915,Militar
Tabasco,Aquileo Juárez,5 de septiembre de 1915 - 18 de septiembre de 1915,Militar
Tabasco,Francisco J. Mújica,18 de septiembre de 1915 - 11 de enero de 1916,Militar
Tabasco,Aureliano Colorado,11 de enero de 1916 - 24 de febrero de 1916,
Tabasco,Francisco J. Mújica,24 de febrero de 1916 - 15 de septiembre de 1916,Militar
Tabasco,Luis Felipe Domínguez Suárez,16 de septiembre de 1916 - 10 de mayo de 1917,Militar
Tabasco,Joaquín Ruiz,10 de mayo de 1917 - 5 de julio de 1918,
Tabasco,Luis M. Hernández,5 de julio de 1918 - 1 de noviembre de 1918,Militar
Tabasco,Heriberto Jara,1 de noviembre de 1918 - 6 de enero de 1919,Militar
Tabasco,Carlos A. Vidal,6 de enero de 1919 - 9 de marzo de 1919,Militar
Tabasco,Carlos Greene Ramírez,9 de marzo de 1919 - 21 de agosto de 1919,Militar
Tabasco,Luis Felipe Domínguez Suárez,9 de marzo de 1919,Militar
Tabasco,Esteban Abreu Domínguez,10 de marzo de 1919 - 14 de septiembre de 1919,
Tabasco,Francisco Castellanos Díaz,14 de septiembre de 1919 - 27 de septiembre de 1919,
Tabasco,Tomás Garrido Canabal,21 de agosto de 1919 - 30 de diciembre de 1919,Partido Socialista Radical Tabasqueño
Tabasco,Carlos Greene Ramírez,30 de diciembre de 1919 - 6 de febrero de 1920,Militar
Tabasco,Juan Ricárdez Broca,6 de febrero de 1920 - 6 de abril de 1920,
Tabasco,Carlos Greene Ramírez,6 de abril de 1920 - 10 de junio de 1920,Militar
Tabasco,Guillermo Escoffié,11 de junio de 1920 - 1 de agosto de 1920,
Tabasco,Primitivo Aguilar Suárez,28 de octubre de 1920 - 11 de enero de 1921,
Tabasco,Tomás Garrido Canabal,28 de octubre de 1920 - 14 de mayo de 1921,Partido Socialista Radical Tabasqueño
Tabasco,Manuel Garrido Lacroix,14 de mayo de 1921 - 21 de mayo de 1921,
Tabasco,Tomás Garrido Canabal,21 de mayo de 1921 - 9 de julio de 1921,Partido Socialista Radical Tabasqueño
Tabasco,Tobías Magaña,9 de julio de 1921 - 8 de agosto de 1921,
Tabasco,Tomás Garrido Canabal,9 de agosto de 1921 - 6 de noviembre de 1921,Partido Socialista Radical Tabasqueño
Tabasco,Leonel Magaña,7 de noviembre de 1921 - 3 de diciembre de 1921,
Tabasco,Alejandro Lastra Ortiz,4 de diciembre de 1921 - 3 de enero de 1922,
Tabasco,Tomás Garrido Canabal,4 de enero de 1922 - 31 de enero de 1922,Partido Socialista Radical Tabasqueño
Tabasco,Pedro Casanova Casao,1 de febrero de 1922 - 19 de mayo de 1922,
Tabasco,Santiago Ruiz Sobredo,20 de mayo de 1922 - 6 de junio de 1922,
Tabasco,Miguel Torruco Jiménez,7 de junio de 1922 - 6 de julio de 1922,
Tabasco,Pedro Casanova Casao,7 de julio de 1922 - 31 de diciembre de 1922,
Tabasco,Tomás Garrido Canabal,1 de enero de 1923 - 4 de febrero de 1923,Partido Socialista Radical Tabasqueño
Tabasco,Manuel Garrido Lacroix,5 de febrero de 1923 - 5 de mayo de 1923,
Tabasco,Tomás Garrido Canabal,6 de mayo de 1923 - 20 de septiembre de 1923,Partido Socialista Radical Tabasqueño
Tabasco,Alejandro Lastra Ortiz,21 de septiembre - 24 de diciembre de 1923,
Tabasco,Tomás Garrido Canabal,25 de diciembre de 1923 - 14 de enero de 1924,Partido Socialista Radical Tabasqueño
Tabasco,Manuel Ferrer Vega,18 de enero de 1924 - 20 de enero de 1924,Militar
Tabasco,Manuel Antonio Romero,21 de enero de 1924 - 7 de junio de 1924,
Tabasco,Tomás Garrido Canabal,8 de junio de 1924 - 5 de julio de 1924,Partido Socialista Radical Tabasqueño
Tabasco,Santiago Ruiz Sobredo,5 de julio de 1924 - 5 de diciembre de 1924,
Tabasco,Ausencio C. Cruz,6 de diciembre de 1924 - 2 de enero de 1925,
Tabasco,Tomás Garrido Canabal,2 de enero de 1925 - 4 de abril de 1926,Partido Socialista Radical Tabasqueño
Tabasco,Santiago Ruiz Sobredo,4 de abril de 1926 - 28 de octubre de 1926,
Tabasco,Augusto Hernández Olivé,29 de octubre de 1926 - 31 de diciembre de 1926,
Tabasco,Ausencio C. Cruz,1 de enero de 1927 - 23 de abril de 1928,
Tabasco,Límbano Correa,24 de abril de 1928 - 2 de mayo de 1928,
Tabasco,Tomás Taracena,2 de mayo de 1928 - 22 de mayo de 1928,
Tabasco,Ausencio C. Cruz,23 de mayo de 1928 - 22 de marzo de 1929,
Tabasco,Nicanor González,23 de marzo de 1929 - 19 de abril de 1929,Partido Nacional Revolucionario
Tabasco,Manuel Lastra Ortiz,19 de abril de 1929 - 5 de mayo de 1929,Partido Nacional Revolucionario
Tabasco,Ausencio C. Cruz,5 de mayo de 1929 - 13 de septiembre de 1929,Partido Nacional Revolucionario
Tabasco,Manuel Lastra Ortiz,13 de septiembre de 1929 - 4 de diciembre de 1929,Partido Nacional Revolucionario
Tabasco,Isidro María Diez,4 de diciembre de 1929 - 27 de febrero de 1930,
Tabasco,Ausencio C. Cruz,27 de febrero de 1930 - 15 de mayo de 1930,Partido Nacional Revolucionario
Tabasco,Manuel Lastra Ortiz,15 de mayo de 1930 - 20 de mayo de 1930,Partido Nacional Revolucionario
Tabasco,Ausencio C. Cruz,27 de mayo de 1930 - 12 de octubre de 1930,Partido Nacional Revolucionario
Tabasco,Nicanor González,13 de octubre de 1929 - 27 de octubre de 1938,
Tabasco,Ausencio C. Cruz,28 de octubre de 1929 - 31 de diciembre de 1930,Partido Nacional Revolucionario
Tabasco,Tomás Garrido Canabal,1 de enero de 1931 - 19 de febrero de 1931,Partido Nacional Revolucionario
Tabasco,Francisco Trujillo Gurría,19 de febrero de 1931 - 23 de febrero de 1931,Partido Nacional Revolucionario
Tabasco,Tomás Garrido Canabal,23 de febrero de 1931 - 16 de junio de 1931,Partido Nacional Revolucionario
Tabasco,Francisco Trujillo Gurría,17 de junio de 1931 - 27 de junio de 1931,Partido Nacional Revolucionario
Tabasco,Tomás Garrido Canabal,27 de junio de 1931 - 31 de diciembre de 1934,Partido Nacional Revolucionario
Tabasco,Manuel Lastra Ortiz,1 de enero de 1935 - 1 de marzo de 1935,Partido Nacional Revolucionario
Tabasco,Manuel Graniel González,2 de marzo de 1935 - 1 de abril de 1935,Partido Nacional Revolucionario
Tabasco,Manuel Lastra Ortiz,2 de abril de 1935 - 18 de julio de 1935,Partido Nacional Revolucionario
Tabasco,Aureo L. Calles Pardo,19 de julio de 1935 - 31 de marzo de 1936,Partido Nacional Revolucionario
Tabasco,Víctor Fernández Manero,1 de abril de 1936 - 31 de diciembre de 1938,Partido Nacional Revolucionario
Tabasco,Francisco Trujillo Gurría,1 de enero de 1939 - 31 de diciembre de 1942,Partido de la Revolución Mexicana
Tabasco,Noé de la Flor Casanova,1 de enero de 1943 - 31 de diciembre de 1946,Partido de la Revolución Mexicana
Tabasco,Francisco J. Santamaría,1 de enero de 1947 - 31 de diciembre de 1952,Partido Revolucionario Institucional
Tabasco,Manuel Bartlett Bautista,1 de enero de 1953 - 22 de marzo de 1955,Partido Revolucionario Institucional
Tabasco,Miguel Orrico de los Llanos,23 de marzo de 1955 - 31 de diciembre de 1958,Partido Revolucionario Institucional
Tabasco,Carlos Alberto Madrazo Becerra,1 de enero de 1959 - 31 de diciembre de 1964,Partido Revolucionario Institucional
Tabasco,Manuel R. Mora,1 de enero de 1965 - 31 de diciembre de 1970,Partido Revolucionario Institucional
Tabasco,Mario Trujillo García,1 de enero de 1971 - 31 de diciembre de 1976,Partido Revolucionario Institucional
Tabasco,Leandro Rovirosa Wade,1 de enero de 1977 - 31 de diciembre de 1982,Partido Revolucionario Institucional
Tabasco,Enrique González Pedrero,1 de enero de 1983 - 14 de diciembre de 1987,Partido Revolucionario Institucional
Tabasco,José María Peralta López,14 de diciembre de 1987 - 31 de diciembre de 1988,Partido Revolucionario Institucional
Tabasco,Salvador Neme Castillo,1 de enero de 1989 - 28 de enero de 1992,Partido Revolucionario Institucional
Tabasco,Manuel Gurría Ordóñez,28 de enero de 1992 - 31 de diciembre de 1994,Partido Revolucionario Institucional
Tabasco,Roberto Madrazo Pintado,1 de enero de 1995 - 14 de junio de 1999,Partido Revolucionario Institucional
Tabasco,Víctor Manuel Barceló Rodríguez,14 de junio de 1999 - 7 de diciembre de 1999,Partido Revolucionario Institucional
Tabasco,Roberto Madrazo Pintado,8 de diciembre de 1999 - 31 de diciembre de 2000,Partido Revolucionario Institucional
Tabasco,Enrique Priego Oropeza,1 de enero de 2001 - 31 de diciembre de 2001,Partido Revolucionario Institucional
Tabasco,Manuel Andrade Díaz,1 de enero de 2002 - 31 de diciembre de 2006,Partido Revolucionario Institucional
Tabasco,Andrés Granier Melo,1 de enero de 2007 - 31 de diciembre de 2012,Partido Revolucionario Institucional
Tabasco,Arturo Núñez Jiménez,1 de enero de 2013 - 31 de diciembre de 2018,Partido de la Revolución Democrática
Tabasco,Adán Augusto López Hernández,1 de enero de 2019 - 26 de agosto de 2021,Movimiento de Regeneración Nacional
Tabasco,Carlos Manuel Merino Campos,26 de agosto de 2021 - 1 de octubre de 2024,Movimiento de Regeneración Nacional
Tabasco,Javier May Rodríguez,Desde el 1 de octubre de 2024,Movimiento de Regeneración Nacional
Tamaulipas,Bernardo Gutiérrez de Lara,4 de octubre de 1824 - 4 de marzo de 1825,
Tamaulipas,Enrique Camilio Suárez,4 de marzo de 1825 - 15 de enero de 1826,
Tamaulipas,Lucas Fernández,15 de enero de 1826 - 10 de junio de 1828,
Tamaulipas,Enrique Camilio Suárez,10 de junio de 1828 - 1 de octubre de 1828,
Tamaulipas,Lucas Fernández,1 de octubre de 1828 - 1 de octubre de 1829,
Tamaulipas,José Antonio Fernández Izaguirre,1 de octubre de 1829 - 27 de diciembre de 1829,
Tamaulipas,Francisco Vital Fernández,27 de diciembre de 1829 - 13 de enero de 1830,
Tamaulipas,Enrique Camilio Suárez,13 de enero de 1830 - 18 de febrero de 1830,
Tamaulipas,José Manuel Zozaya,18 de febrero de 1830 - 5 de abril de 1830,
Tamaulipas,Enrique Camilio Suárez,5 de abril de 1830 - 20 de abril de 1830,
Tamaulipas,José Manuel Zozaya,20 de abril de 1830 - 7 de julio de 1830,
Tamaulipas,Juan Guerra,7 de julio de 1830 - 20 de agosto de 1831,
Tamaulipas,Francisco Vital Fernández,20 de agosto de 1831 - 19 de marzo de 1832,
Tamaulipas,José Honorato de la Garza,19 de marzo de 1832 - 7 de agosto de 1832,
Tamaulipas,Francisco Vital Fernández,7 de agosto de 1832 - 1 de marzo de 1833,
Tamaulipas,Juan Nepomuceno Molano,1 de marzo de 1833 - 4 de septiembre de 1833,
Tamaulipas,Francisco Vital Fernández,4 de septiembre de 1833 - 16 de julio de 1834,
Tamaulipas,Ramón de Cárdenas,16 de julio de 1834 - 17 de septiembre de 1834,
Tamaulipas,Francisco Vital Fernández,17 de septiembre de 1834 - 20 de marzo de 1835,
Tamaulipas,José Guadalupe de Sámano,20 de marzo de 1835 - 25 de abril de 1835,
Tamaulipas,Francisco Vital Fernández,25 de abril de 1835 - 15 de septiembre de 1835,
Tamaulipas,José Antonio Fernández Izaguirre,15 de septiembre de 1835 - 1 de agosto de 1836,
Tamaulipas,José Guadalupe de Sámano,1 de agosto de 1836 - 15 de septiembre de 1836,
Tamaulipas,José Antonio Fernández Izaguirre,15 de septiembre de 1836 - 30 de diciembre de 1836,
Tamaulipas,José Antonio Fernández Izaguirre,30 de diciembre de 1836 - 29 de mayo de 1837,
Tamaulipas,José Antonio Quintero,29 de mayo de 1837 - 11 de diciembre de 1838,
Tamaulipas,José Antonio Fernández Izaguirre,11 de diciembre de 1838 - 24 de marzo de 1839,
Tamaulipas,José Antonio Quintero,24 de marzo de 1839 - 23 de junio de 1841,
Tamaulipas,José Antonio Boeta y Salazar,23 de junio de 1841 - 19 de septiembre de 1841,
Tamaulipas,Francisco Vital Fernández,19 de septiembre de 1841 - 9 de junio de 1843,
Tamaulipas,José Ignacio Gutiérrez,9 de junio de 1843 - 10 de julio de 1843,
Tamaulipas,Juan Nepomuceno Molano,10 de julio de 1843 - 21 de agosto de 1843,
Tamaulipas,José Ignacio Gutiérrez,21 de agosto de 1843 - 18 de diciembre de 1844,
Tamaulipas,Juan Nepomuceno Molano,18 de diciembre de 1844 - 18 de enero de 1845,
Tamaulipas,Manuel de Saldaña,18 de enero de 1845 - 4 de febrero de 1845,
Tamaulipas,Pedro José de la Garza,4 de febrero de 1845 - 21 de julio de 1845,
Tamaulipas,Victorino T. Canales,21 de julio de 1845 - 23 de noviembre de 1845,
Tamaulipas,Juan Martín de la Garza Flores,23 de noviembre de 1845 - 22 de agosto de 1846,
Tamaulipas,Juan Martín de la Garza Flores,22 de agosto de 1846 - 19 de octubre de 1846,
Tamaulipas,Manuel Núñez Ponce,19 de octubre de 1846,
Tamaulipas,Manuel de Saldaña,19 de octubre de 1846 - 10 de noviembre de 1846,
Tamaulipas,Francisco Vital Fernández,10 de noviembre de 1846 - 26 de julio de 1847,
Tamaulipas,Eleno de Vargas,26 de julio de 1847 - 16 de agosto de 1847,
Tamaulipas,Francisco Vital Fernández,16 de agosto de 1847 - 18 de septiembre de 1848,
Tamaulipas,Jesús Cárdenas,18 de septiembre de 1848 - 17 de agosto de 1851,
Tamaulipas,Antonio Canales Rosillo,17 de agosto de 1851 - 30 de septiembre de 1851,
Tamaulipas,Jesús Cárdenas,30 de septiembre de 1851 - 19 de noviembre de 1852,
Tamaulipas,Juan José de la Garza Galván,19 de noviembre de 1852 - 21 de diciembre de 1852,
Tamaulipas,Ramón Prieto,21 de diciembre de 1852 - 13 de enero de 1853,
Tamaulipas,Rafael Chovel,13 de enero de 1853 - 20 de marzo de 1853,
Tamaulipas,Juan Francisco Villasana,20 de marzo de 1853 - 2 de mayo de 1853,
Tamaulipas,Adrián Woll,2 de mayo de 1853 - 28 de enero de 1855,
Tamaulipas,Rómulo Díaz de la Vega,28 de enero de 1855 - 4 de abril de 1855,
Tamaulipas,Adrián Woll,4 de abril de 1855 - 8 de septiembre de 1855,
Tamaulipas,Juan José de la Garza Galván,30 de septiembre de 1855 - 9 de mayo de 1856,
Tamaulipas,Ramón Guerra,9 de mayo de 1856 - 9 de agosto de 1856,
Tamaulipas,Juan José de la Garza Galván,9 de agosto de 1856 - 19 de febrero de 1857,
Tamaulipas,Tomás Moreno,19 de febrero de 1857 - 1 de agosto de 1857,
Tamaulipas,Andrés José de Cos,1 de agosto de 1857 - 27 de agosto de 1857,
Tamaulipas,Juan Fernández Flores,27 de agosto de 1857 - 19 de octubre de 1857,
Tamaulipas,Juan José de la Garza Galván,19 de octubre de 1857 - 7 de enero de 1858,
Tamaulipas,Ramón Guerra,7 de enero de 1858 - 17 de enero de 1858,
Tamaulipas,Juan José de la Garza Galván,17 de enero de 1858 - 12 de marzo de 1858,
Tamaulipas,Ramón Guerra,12 de marzo de 1858 - 30 de julio de 1858,
Tamaulipas,Juan José de la Garza Galván,30 de julio de 1858 - 26 de febrero de 1859,
Tamaulipas,Andrés Treviño,26 de febrero de 1859 - 13 de enero de 1860,
Tamaulipas,Juan José de la Garza Galván,13 de enero de 1860 - 9 de febrero de 1861,
Tamaulipas,Manuel Saavedra,26 de noviembre de 1860 - 9 de febrero de 1861,
Tamaulipas,Juan José de la Garza Galván,9 de febrero de 1861 - 1 de agosto de 1861,
Tamaulipas,Modesto Ortíz,1 de agosto de 1861 - 1 de septiembre de 1861,
Tamaulipas,Jesús de la Serna,1 de septiembre de 1861 - 30 de enero de 1862,
Tamaulipas,Ignacio Comonfort,30 de enero de 1862 - 9 de agosto de 1862,
Tamaulipas,Albino López,9 de agosto de 1862 - 15 de septiembre de 1862,
Tamaulipas,Juan B. Troconis,15 de septiembre de 1862 - 23 de octubre de 1862,
Tamaulipas,Albino López,23 de octubre de 1862 - 1 de agosto de 1863,
Tamaulipas,Manuel Ruíz,1 de agosto de 1863 - 5 de noviembre de 1863,
Tamaulipas,Jesús de la Serna,5 de noviembre de 1863 - 1 de enero de 1864,
Tamaulipas,Manuel Ruíz,1 de enero de 1864 - 12 de enero de 1864,
Tamaulipas,Juan Nepomuceno Cortina,12 de enero de 1864 - 26 de septiembre de 1864,
Tamaulipas,José María Carvajal,26 de septiembre de 1864 - 15 de abril de 1865,
Tamaulipas,Francisco de León,16 de abril de 1865 - 20 de diciembre de 1865,
Tamaulipas,Juan Nepomuceno Cortina,21 de diciembre de 1865 - 4 de marzo de 1866,
Tamaulipas,José María Carvajal,4 de marzo de 1866 - 20 de agosto de 1866,
Tamaulipas,Servando Canales Molano,20 de agosto de 1866 - 31 de agosto de 1866,
Tamaulipas,Santiago Tapia,31 de agosto de 1866 - 3 de noviembre de 1866,
Tamaulipas,Felipe Berriozábal,30 de septiembre de 1866 - 1 de septiembre de 1867,
Tamaulipas,Ascensión Gómez,30 de septiembre de 1866 - 6 de marzo de 1867,
Tamaulipas,Francisco de León,6 de marzo de 1867 - 27 de junio de 1867,
Tamaulipas,Felipe Escandón,27 de junio de 1867 - 5 de julio de 1867,
Tamaulipas,Juan de Haro,30 de septiembre de 1866 - 3 de abril de 1867,
Tamaulipas,Desiderio Pavón,14 de agosto de 1867 - 16 de abril de 1868,
Tamaulipas,Francisco L. de Saldaña,16 de abril de 1868 - 31 de julio de 1868,
Tamaulipas,Juan José de la Garza Galván,1 de agosto de 1868 - 1 de diciembre de 1869,
Tamaulipas,Francisco L. de Saldaña,1 de diciembre de 1869 - 30 de agosto de 1870,
Tamaulipas,Servando Canales Molano,1 de septiembre de 1870 - 1 de junio de 1872,
Tamaulipas,Ramón Guerra,1 de junio de 1872 - 5 de agosto de 1872,
Tamaulipas,Servando Canales Molano,5 de agosto de 1872 - 10 de septiembre de 1874,
Tamaulipas,Francisco Echartea,10 de septiembre de 1874 - 1 de junio de 1875,
Tamaulipas,Servando Canales Molano,1 de junio de 1875 - 6 de septiembre de 1875,
Tamaulipas,Francisco Echartea,25 de septiembre de 1875 - 20 de abril de 1876,
Tamaulipas,Servando Canales Molano,20 de abril de 1876 - 6 de noviembre de 1876,
Tamaulipas,José Martínez,17 de octubre de 1876 - 28 de octubre de 1876,
Tamaulipas,Ascensión Gómez Mansilla,6 de noviembre de 1876 - 13 de enero de 1877,
Tamaulipas,Juan Gojón,13 de enero de 1877 - 6 de febrero de 1877,
Tamaulipas,Francisco Echartea,6 de febrero de 1877 - 22 de noviembre de 1877,
Tamaulipas,Juan Gojón,22 de noviembre de 1877 - 16 de octubre de 1878,
Tamaulipas,Francisco Echartea,16 de octubre de 1878 - 10 de abril de 1879,
Tamaulipas,Juan Gojón,11 de abril de 1879 - 12 de mayo de 1880,
Tamaulipas,Antonio Canales Molano,12 de mayo de 1880 - 3 de mayo de 1884,
Tamaulipas,Juan Gojón,18 de enero de 1884 - 12 de marzo de 1884,
Tamaulipas,Rómulo Cuéllar,4 de mayo de 1884 - 3 de mayo de 1888,
Tamaulipas,Alejandro Prieto Quintero,4 de mayo de 1888 - 3 de mayo de 1896,
Tamaulipas,José Guadalupe Mainero Juárez,4 de mayo de 1896 - 31 de julio de 1901,
Tamaulipas,Alejandro Prieto Quintero,31 de julio de 1901 - 10 de agosto de 1901,
Tamaulipas,Matías Guerra,10 de agosto de 1901 - 30 de septiembre de 1901,
Tamaulipas,Pedro Argüelles,1 de octubre de 1901 - 3 de marzo de 1908,Militar
Tamaulipas,Juan B. Castelló,4 de marzo de 1908 - 1 de junio de 1911,
Tamaulipas,Espiridión Lara,1 de junio de 1911 - 30 de noviembre de 1911,
Tamaulipas,Matías Guerra,30 de noviembre de 1911 - 4 de febrero de 1912,
Tamaulipas,Joaquín Argüelles,5 de febrero de 1912 - 5 de mayo de 1912,
Tamaulipas,Matías Guerra,5 de mayo de 1912 - 12 de enero de 1913,
Tamaulipas,José C. Mainero,12 de enero de 1913 - 30 de enero de 1913,
Tamaulipas,Matías Guerra,30 de enero de 1913 - 28 de abril de 1913,
Tamaulipas,Joaquín Argüelles,28 de junio de 1913 - 24 de julio de 1913,
Tamaulipas,Antonio Rábago,24 de julio de 1913 - 24 de enero de 1914,Militar
Tamaulipas,Ignacio Morelos Zaragoza,24 de enero de 1914 - 14 de mayo de 1914,
Tamaulipas,Luis Caballero Vargas,18 de noviembre de 1913 - 15 de octubre de 1914,Militar
Tamaulipas,Gonzalo Castro,15 de octubre de 1914 - 20 de octubre de 1914,
Tamaulipas,Luis Caballero Vargas,20 de octubre de 1914 - 16 de abril de 1915,Militar
Tamaulipas,Máximo García,16 de abril de 1915 - 7 de mayo de 1915,
Tamaulipas,Alberto Carrera Torres,7 de mayo de 1915 - 27 de mayo de 1915,
Tamaulipas,Luis Caballero Vargas,27 de mayo de 1915 - 7 de octubre de 1915,Militar
Tamaulipas,Raúl Gárate Legleú,7 de octubre de 1915 - 24 de noviembre de 1915,
Tamaulipas,Luis Caballero Vargas,24 de noviembre de 1915 - 11 de marzo de 1916,Militar
Tamaulipas,Luis Ilizaliturri,11 de marzo de 1913 - 13 de marzo de 1913,
Tamaulipas,Raúl Gárate Legleú,13 de marzo de 1916 - 26 de junio de 1916,
Tamaulipas,Luis Caballero Vargas,26 de junio de 1916 - 26 de julio de 1916,Militar
Tamaulipas,Fidencio Trejo Flores,26 de julio de 1916 - 22 de febrero de 1917,
Tamaulipas,Gregorio Osuna Hinojosa,22 de febrero de 1917 - 3 de julio de 1917,Militar
Tamaulipas,Luis Ilizaliturri,3 de julio de 1917 - 16 de julio de 1917,
Tamaulipas,Alfredo Ricaut,17 de julio de 1917 - 20 de mayo de 1918,Militar
Tamaulipas,Andrés Osuna Hinojosa,20 de mayo de 1918 - 10 de noviembre de 1919,
Tamaulipas,Francisco C. Villareal,14 de marzo de 1919 - 30 de marzo de 1919,
Tamaulipas,Andrés Osuna Hinojosa,30 de marzo de 1919 - 10 de noviembre de 1919,
Tamaulipas,Francisco González Villareal,10 de noviembre de 1919 - 3 de mayo de 1919,Militar
Tamaulipas,Rafael Cárdenas Zepeda,4 de mayo de 1920 - 8 de mayo de 1920,
Tamaulipas,Emilio Portes Gil,12 de mayo de 1920 - 9 de julio de 1920,
Tamaulipas,Federico Martínez Rojas,9 de julio de 1920 - 13 de julio de 1920,
Tamaulipas,José Morante Fernández,13 de julio de 1920 - 15 de febrero de 1921,
Tamaulipas,César López de Lara,16 de febrero de 1921 - 8 de diciembre de 1923,Militar
Tamaulipas,José F. Montesinos,1 de julio de 1921 - 30 de julio de 1921,
Tamaulipas,César López de Lara,,Militar
Tamaulipas,José F. Montesinos,21 de agosto de 1922 - 12 de septiembre de 1922,
Tamaulipas,César López de Lara,12 de septiembre de 1923 - 8 de diciembre de 1923,Militar
Tamaulipas,Benecio López Padilla,9 de diciembre de 1923 - 1 de febrero de 1924,Militar
Tamaulipas,Pelayo Quintana,2 de febrero de 1924 - 12 de febrero de 1924,Militar
Tamaulipas,Candelario Garza Cantú,13 de febrero de 1924 - 29 de noviembre de 1924,Militar
Tamaulipas,Gregorio Garza Salinas,29 de noviembre de 1924 - 5 de febrero de 1925,
Tamaulipas,Emilio Portes Gil,5 de febrero de 1925 - 4 de agosto de 1926,
Tamaulipas,Manuel Tárrega,4 de agosto de 1926 - 11 de septiembre de 1926,
Tamaulipas,Emilio Portes Gil,11 de septiembre de 1926 - 30 de octubre de 1926,
Tamaulipas,Felipe Canales,30 de octubre de 1926 - 6 de noviembre de 1926,
Tamaulipas,Emilio Portes Gil,6 de noviembre de 1926 - 24 de junio de 1927,
Tamaulipas,Benito Juárez Ochoa,24 de julio de 1927 - 2 de agosto de 1927,
Tamaulipas,Emilio Portes Gil,2 de agosto de 1927 - 4 de junio de 1928,
Tamaulipas,Juan Rincón Rincón,4 de junio de 1928 - 24 de noviembre de 1928,
Tamaulipas,Federico Dosamantes,24 de noviembre de 1928 - 9 de diciembre de 1928,
Tamaulipas,Juan Rincón Rincón,9 de diciembre de 1928 - 4 de febrero de 1929,
Tamaulipas,Francisco Castellanos Tuexi,5 de febrero de 1929 - 20 de marzo de 1929,
Tamaulipas,Albino Hernández,20 de marzo de 1929 - 7 de abril de 1929,Partido Nacional Revolucionario
Tamaulipas,Francisco Castellanos Tuexi,7 de abril de 1929 - 4 de febrero de 1933,Partido Nacional Revolucionario
Tamaulipas,Rafael Gonzalez Villarreal,5 de febrero de 1933 - 20 de octubre de 1933,Partido Nacional Revolucionario
Tamaulipas,Albino Hernández,20 de octubre de 1933 - 10 de noviembre de 1933,Partido Nacional Revolucionario
Tamaulipas,Rafael Gonzalez Villarreal,10 de noviembre de 1933 - 16 de agosto de 1935,Partido Nacional Revolucionario
Tamaulipas,Ramón Rocha Garrido,1 de diciembre de 1934 - 10 de diciembre de 1934,Partido Nacional Revolucionario
Tamaulipas,Rafael Gonzalez Villarreal,10 de diciembre de 1934 - 13 de abril de 1935,Partido Nacional Revolucionario
Tamaulipas,Ramón Rocha Garrido,13 de abril de 1935 - 15 de mayo de 1935,Partido Nacional Revolucionario
Tamaulipas,Rafael Gonzalez Villarreal,15 de mayo de 1935 - 8 de junio de 1935,Partido Nacional Revolucionario
Tamaulipas,Lorenzo Garza,8 de junio de 1935 - 10 de junio de 1935,Partido Nacional Revolucionario
Tamaulipas,Rafael Gonzalez Villarreal,10 de junio de 1935 - 16 de agosto de 1935,Partido Nacional Revolucionario
Tamaulipas,Aniceto Villanueva,27 de junio de 1935 - 20 de julio de 1935,Partido Nacional Revolucionario
Tamaulipas,Rafael Gonzalez Villarreal,20 de julio de 1935 - 30 de julio de 1935,Partido Nacional Revolucionario
Tamaulipas,Ramón Rocha Garrido,30 de julio de 1935 - 15 de agosto de 1935,Partido Nacional Revolucionario
Tamaulipas,Enrique Luis Canseco González,16 de agosto de 1935 - 4 de febrero de 1937,Partido Nacional Revolucionario
Tamaulipas,Marte Rodolfo Gómez Segura,5 de febrero de 1937 - 30 de noviembre de 1940,Partido de la Revolución Mexicana
Tamaulipas,Jacobo Martínez González,1 de diciembre de 1940 - 4 de febrero de 1941,Partido de la Revolución Mexicana
Tamaulipas,Magdaleno Aguilar Castillo,5 de febrero de 1941 - 4 de febrero de 1945,Partido de la Revolución Mexicana
Tamaulipas,Hugo Pedro González Lugo,5 de febrero de 1945 - 9 de abril de 1947,Partido de la Revolución Mexicana
Tamaulipas,Raúl Gárate Legleú,9 de abril de 1947 - 16 de agosto de 1950,Partido Revolucionario Institucional
Tamaulipas,Juan Guerrero Villareal,16 de agosto de 1950 - 25 de agosto de 1950,Partido Revolucionario Institucional
Tamaulipas,Raúl Gárate Legleú,25 de agosto de 1950 - 4 de febrero de 1951,Partido Revolucionario Institucional
Tamaulipas,Horacio Terán Zozaya,5 de febrero de 1951 - 4 de febrero de 1957,Partido Revolucionario Institucional
Tamaulipas,Norberto Treviño Zapata,5 de febrero de 1957 - 4 de febrero de 1963,Partido Revolucionario Institucional
Tamaulipas,Praxedis Balboa Gojón,5 de febrero de 1963 - 4 de febrero de 1969,Partido Revolucionario Institucional
Tamaulipas,Manuel A. Ravizé Richer,5 de febrero de 1969 - 4 de febrero de 1975,Partido Revolucionario Institucional
Tamaulipas,Enrique Cárdenas González,5 de febrero de 1975 - 4 de febrero de 1981,Partido Revolucionario Institucional
Tamaulipas,Emilio Martínez Manatou,5 de febrero de 1981 - 4 de febrero de 1987,Partido Revolucionario Institucional
Tamaulipas,Américo Villarreal Guerra,5 de febrero de 1987 - 4 de febrero de 1993,Partido Revolucionario Institucional
Tamaulipas,Manuel Cavazos Lerma,5 de febrero de 1993 - 4 de febrero de 1999,Partido Revolucionario Institucional
Tamaulipas,Tomás Yarrington,4 de febrero de 1999 - 31 de diciembre de 2004,Partido Revolucionario Institucional
Tamaulipas,Eugenio Hernández Flores,1 de enero de 2005 - 31 de diciembre de 2010,Partido Revolucionario Institucional
Tamaulipas,Egidio Torre Cantú,1 de enero de 2011 - 30 de septiembre de 2016,Partido Revolucionario Institucional
Tamaulipas,Francisco García Cabeza de Vaca,1 de octubre de 2016 - 30 de septiembre de 2022,Partido Acción Nacional
Tamaulipas,Américo Villarreal Anaya,Desde el 1 de octubre de 2022,Movimiento Regeneración Nacional
Tlaxcala,Luis Xicohténcatl,1 de enero de 1538 - 1539,
Tlaxcala,Valeriano Castañeda Quetzalcoyotzin,1542 - 1543,
Tlaxcala,Pablo de Castilla y Galicia,c. 1550,
Tlaxcala,Diego Paredes,1554,
Tlaxcala,Francisco de Mendoza,1562,
Tlaxcala,Buenaventura de Paz,1577 - 1578,
Tlaxcala,Zacarías de Santiago,1581 - 1582,
Tlaxcala,Antonio de Guevara,1583 - 1584,
Tlaxcala,Diego Muñoz Huechicatzin,1587 - 1588,
Tlaxcala,Zacarías de Santiago,1589 - 1590,
Tlaxcala,Diego Muñoz Huechicatzin,1593,
Tlaxcala,Zacarías de Santiago,1594,
Tlaxcala,Diego Muñoz Huechicatzin,1597,
Tlaxcala,Diego Muñoz Camargo,1608 - 1612,
Tlaxcala,Gregorio Nacianceno,1613 - 1636,
Tlaxcala,Juan Ventura Zapata y Mendoza,1651,
Tlaxcala,Nicolás Méndez de Luna,c. 1662,
Tlaxcala,Diego Martín Faustino,1675,
Tlaxcala,Pascual Ramírez,1705,
Tlaxcala,Guillermo Antonio Casserta,c. 1730,
Tlaxcala,Juan Faustinos Mazihcatzin,1786 - 1791,
Tlaxcala,Juan Tomás Altamirano,1810 - 1816,
Tlaxcala,Guillermo Valle,9 de junio de 1857 - 9 de enero de 1858,
Tlaxcala,José Manuel Saldaña,9 de enero de 1858 - 13 de enero de 1858,
Tlaxcala,Luis León,13 de enero de 1858 - 6 de mayo de 1861,
Tlaxcala,José Manuel Saldaña,6 de mayo de 1861 - marzo de 1862,
Tlaxcala,José María Grajales Mendoza,Marzo de 1862 - septiembre de 1862,
Tlaxcala,José Manuel Saldaña,Septiembre de 1862 - 1863,
Tlaxcala,Vicente Santos Ruiz,1863 - 1863,
Tlaxcala,Tomás Moreno,1863 - 1864,
Tlaxcala,Antonio Rodríguez Bocardo,30 de septiembre de 1866 - 11 de marzo de 1867,
Tlaxcala,Miguel Lira y Ortega,11 de marzo de 1867 - 17 de abril de 1872,
Tlaxcala,Pedro Pérez Lira,18 de abril de 1872 - 9 de agosto de 1872,
Tlaxcala,Francisco Paz,9 de agosto de 1872 - 30 de septiembre de 1872,
Tlaxcala,Melquíades Carvajal,30 de septiembre de 1872 - 14 de enero de 1876,
Tlaxcala,José Manuel Saldaña,14 de enero de 1876 - 15 de enero de 1876,
Tlaxcala,Miguel Sevilla,15 de enero de 1876 - 20 de enero de 1876,
Tlaxcala,Pedro Pérez Lira,20 de enero de 1876 - 22 de marzo de 1876,
Tlaxcala,Doroteo Léon,22 de marzo de 1876 - 6 de febrero de 1877,
Tlaxcala,Vicente Márquez Galindo,6 de febrero de 1877 - 20 de febrero de 1877,
Tlaxcala,Miguel Andrade Parraga,20 de febrero de 1877 - 14 de marzo de 1877,
Tlaxcala,Miguel Lira y Ortega,14 de marzo de 1877 - 15 de enero de 1881,
Tlaxcala,J. Mariano Grajales,15 de enero de 1881 - 31 de julio de 1884,
Tlaxcala,Teodoro Rivera,31 de julio de 1884 - 15 de enero de 1885,
Tlaxcala,Próspero Cahuantzi,15 de enero de 1885 - 1 de junio de 1911,Militar
Tlaxcala,Diego L. Kennedy,30 de mayo de 1911 - 7 de junio de 1911,
Tlaxcala,Agustín Sánchez,7 de junio de 1911 - 30 de agosto de 1911,
Tlaxcala,Ramón E. Maldonado,1 de septiembre de 1911 - 30 de noviembre de 1911,
Tlaxcala,Antonio Hidalgo Sandoval,1 de diciembre de 1911 - 14 de enero de 1913,
Tlaxcala,Agustín Sánchez,15 de enero de 1913 - 3 de febrero de 1913,
Tlaxcala,Agustín Maldonado,4 de febrero de 1913 - 1 de marzo de 1913,
Tlaxcala,José Mariano Grajales,1 de marzo de 1913 - 17 de marzo de 1913,
Tlaxcala,Alberto Yarza,17 de marzo de 1913 - 15 de mayo de 1913,Militar
Tlaxcala,Manuel Cuéllar,15 de mayo de 1913 - 1914,
Tlaxcala,Luis J. García,15 de agosto de 1914 - 20 de agosto de 1914,
Tlaxcala,Máximo Rojas,21 de agosto de 1914 - 26 de noviembre de 1914,Militar
Tlaxcala,Alejo González,26 de noviembre de 1914 - 15 de enero de 1915,
Tlaxcala,Máximo Rojas,15 de enero de 1915 - 16 de mayo de 1915,Militar
Tlaxcala,Porfirio del Castillo,16 de mayo de 1915 - 10 de junio de 1916,Militar
Tlaxcala,Antonio M. Machorro,10 de junio de 1916 - 18 de abril de 1917,
Tlaxcala,Daniel Ríos Zertuche,18 de abril de 1917 - 1 de octubre de 1917,
Tlaxcala,Luis M. Hernández,1 de octubre de 1917 - 30 de mayo de 1918,
Tlaxcala,Máximo Rojas,31 de mayo de 1918 - 7 de mayo de 1920,Militar
Tlaxcala,Ignacio Mendoza,7 de mayo de 1920 - 5 de noviembre de 1920,
Tlaxcala,Octavio Hidalgo,17 de noviembre de 1920 - 30 de noviembre de 1920,
Tlaxcala,Manuel R. Solís,1 de diciembre de 1920 - 14 de enero de 1921,
Tlaxcala,Rafael Apango,15 de enero de 1921 - 14 de enero de 1925,
Tlaxcala,Ignacio Mendoza,15 de enero de 1925 - 14 de enero de 1929,
Tlaxcala,Adrián Vázquez Sánchez,15 de enero de 1929 - 5 de enero de 1933,
Tlaxcala,Moisés R. García,5 de enero de 1933 - 14 de marzo de 1933,Partido Nacional Revolucionario
Tlaxcala,Mauro Angulo,15 de marzo de 1933 - 1 de abril de 1933,Partido Nacional Revolucionario
Tlaxcala,Adolfo Bonillas Dorantes,1 de abril de 1933 - 23 de diciembre de 1933,Partido Nacional Revolucionario
Tlaxcala,Tomas Sánchez Pérez,23 de diciembre de 1933 - 14 de junio de 1934,Partido Nacional Revolucionario
Tlaxcala,Adolfo Bonillas Dorantes,14 de junio de 1934 - 15 de enero de 1937,Partido Nacional Revolucionario
Tlaxcala,Isidro Candia,15 de enero de 1937 - 15 de enero de 1941,Partido Nacional Revolucionario
Tlaxcala,Manuel Santillán,15 de enero de 1941 - 4 de octubre de 1944,Partido de la Revolución Mexicana
Tlaxcala,Mauro Angulo,4 de octubre de 1944 - 14 de enero de 1945,Partido de la Revolución Mexicana
Tlaxcala,Rafael Ávila Bretón,15 de enero de 1945 - 14 de enero de 1951,Partido de la Revolución Mexicana
Tlaxcala,Felipe Mazarrasa de la Torre,15 de enero de 1951 - 14 de enero de 1957,Partido Revolucionario Institucional
Tlaxcala,Joaquín Cisneros M.,15 de enero de 1957 - 14 de enero de 1963,Partido Revolucionario Institucional
Tlaxcala,Anselmo Cervantes Hernández,15 de enero de 1963 - 14 de enero de 1969,Partido Revolucionario Institucional
Tlaxcala,Ignacio Bonilla Vázquez,15 de enero de 1969 - 19 de enero de 1970,Partido Revolucionario Institucional
Tlaxcala,Crisanto Cuéllar Abaroa,21 de enero de 1970 - 14 de mayo de 1970,Partido Revolucionario Institucional
Tlaxcala,Luciano Huerta Sánchez,15 de mayo de 1970 - 14 de enero de 1975,Partido Revolucionario Institucional
Tlaxcala,Emilio Sánchez Piedras,15 de enero de 1975 - 14 de enero de 1981,Partido Revolucionario Institucional
Tlaxcala,Tulio Hernández Gómez,15 de enero de 1981 - 14 de enero de 1987,Partido Revolucionario Institucional
Tlaxcala,Beatriz Paredes Rangel,15 de enero de 1987 - 11 de abril de 1992,Partido Revolucionario Institucional
Tlaxcala,Samuel Quiroz de la Vega,11 de abril de 1992 - 14 de enero de 1993,Partido Revolucionario Institucional
Tlaxcala,José Antonio Álvarez Lima,15 de enero de 1993 - 14 de enero de 1999,Partido Revolucionario Institucional
Tlaxcala,Alfonso A. Sánchez Anaya,15 de enero de 1999 - 14 de enero de 2005,Partido de la Revolución Democrática
Tlaxcala,Héctor Ortiz Ortiz,15 de enero de 2005 - 14 de enero de 2011,Partido Acción Nacional
Tlaxcala,Mariano González Zarur,15 de enero de 2011 - 31 de diciembre de 2016,Partido Revolucionario Institucional
Tlaxcala,Marco Antonio Mena Rodríguez,1 de enero de 2017 - 30 de agosto de 2021,Partido Revolucionario Institucional
Tlaxcala,Lorena Cuéllar Cisneros,Desde el 31 de agosto de 2021,Movimiento de Regeneración Nacional
Veracruz,Guadalupe Victoria,Enero de 1824 - 20 de mayo de 1824,
Veracruz,Miguel Barragán,20 de mayo de 1824 - 18 de junio de 1825,
Veracruz,Miguel Barragán,18 de junio de 1825 - 5 de enero de 1828,
Veracruz,José María Tornel,5 de enero de 1828 - 23 de enero de 1829,
Veracruz,Sebastián Camacho,23 de enero de 1829 - 7 de febrero de 1829,
Veracruz,Antonio López de Santa Anna,7 de febrero de 1829 - 26 de mayo de 1829,
Veracruz,Sebastián Camacho,26 de mayo de 1829 - 3 de noviembre de 1829,
Veracruz,Antonio López de Santa Anna,5 de noviembre de 1829 - 2 de enero de 1830,
Veracruz,Sebastián Camacho,2 de enero de 1830 - diciembre de 1832,
Veracruz,Antonio Juille y Moreno,28 de abril de 1833 - 1 de enero de 1834,
Veracruz,José Joaquín Pesado,1 de febrero de 1834 - 4 de febrero de 1835,
Veracruz,Joaquín Muñoz y Muñoz,5 de febrero de 1835 - 30 de diciembre de 1836,
Veracruz,Joaquín Muñoz y Muñoz,30 de diciembre de 1836 - 1 de abril de 1837,
Veracruz,Juan Francisco de Bárcena,1 de abril de 1837 - 16 de octubre de 1838,
Veracruz,Antonio María Solonio,16 de octubre de 1838 - 16 de diciembre de 1838,
Veracruz,Antonio María Solonio,16 de diciembre de 1838 - 12 de julio de 1839,
Veracruz,Juan Francisco de Bárcena,12 de julio de 1839 - 8 de octubre de 1839,
Veracruz,Antonio María Solonio,8 de octubre de 1839 - 1841,
Veracruz,Joaquín Muñoz y Muñoz,12 de agosto de 1841 - 2 de abril de 1842,
Veracruz,Benito Quijano y Cosgaya,2 de abril de 1842 - 4 de agosto de 1845,
Veracruz,Juan Soto Ramos,4 de agosto de 1845 - 3 de octubre de 1845,
Veracruz,Antonio María Solonio,3 de octubre de 1845 - 4 de febrero de 1846,
Veracruz,Sebastián Camacho,4 de febrero de 1846 - 22 de agosto de 1846,
Veracruz,Sebastián Camacho,22 de agosto de 1846 - 2 de diciembre de 1846,
Veracruz,Juan Soto Ramos,2 de diciembre de 1846 - 1849,
Veracruz,Miguel Palacios Acosta,25 de junio de 1849 - 29 de enero de 1850,
Veracruz,Miguel Palacios Acosta,29 de enero de 1850 - 1853,
Veracruz,José de Arrillaga,6 de enero de 1853 - 25 de enero de 1853,
Veracruz,José Manuel de Emparán,25 de enero de 1853 - 1853,
Veracruz,Antonio Corona,20 de mayo de 1853 - 26 de agosto de 1855,
Veracruz,Ignacio de la Llave y Segura Zevallos,26 de agosto de 1855 - 2 de noviembre de 1855,
Veracruz,Juan Soto Ramos,2 de noviembre de 1855 - 8 de abril de 1856,
Veracruz,Manuel Gutiérrez Zamora,8 de abril de 1856 - 17 de agosto de 1857,
Veracruz,José Manuel de Emparán,18 de agosto de 1857 - 13 de septiembre de 1857,
Veracruz,Manuel Gutiérrez Zamora,13 de diciembre de 1857 - 21 de marzo de 1861,
Veracruz,Fernando de Jesús Corona y Arpide,23 de marzo de 1861 - 27 de junio de 1861,
Veracruz,Ignacio de la Llave y Segura Zevallos,27 de junio de 1861 - 4 de julio de 1862,
Veracruz,José Juan Landero y Coss,4 de julio de 1862 - 8 de febrero de 1863,
Veracruz,Francisco de Paula Milán,8 de febrero de 1863 - 1865,
Veracruz,Francisco Hernández y Hernández,Junio de 1863 - febrero de 1865,
Veracruz,Alejandro García,9 de mayo de 1865 - 22 de noviembre de 1866,
Veracruz,Rafael Benavides,22 de noviembre de 1866 - 22 de marzo de 1867,
Veracruz,Alejandro García,22 de marzo de 1867 - 1 de diciembre de 1867,
Veracruz,Ignacio R. Alatorre,22 de junio de 1867 - noviembre de 1867,
Veracruz,Francisco Hernández y Hernández,1 de diciembre de 1867 - 21 de enero de 1868,
Veracruz,Juan Fernando de Jesús Corona y Arpide,21 de enero de 1868 - 1 de enero de 1871,
Veracruz,Francisco Hernández y Hernández,1 de enero de 1871 - 8 de agosto de 1872,
Veracruz,Manuel Muñoz Guerra,8 de agosto de 1872 - 15 de1872,
Veracruz,Francisco Landero y Coss,15 de noviembre de 1872 - 30 de noviembre de 1875,
Veracruz,José María Mena Isassi,4 de diciembre de 1875 - 11 de marzo de 1876,
Veracruz,Marcos Carrillo Herrera,11 de marzo de 1876 - 15 de mayo de 1877,
Veracruz,Luis Mier y Terán,15 de mayo de 1877 - 1 de diciembre de 1880,
Veracruz,Apolinar Castillo,1 de diciembre de 1880 - 15 de noviembre de 1883,
Veracruz,José Cortés Frías,15 de noviembre de 1883 - 30 de noviembre de 1884,
Veracruz,Juan de la Luz Enríquez Lara,1 de diciembre de 1884 - 17 de marzo de 1892,
Veracruz,Manuel Leví,17 de marzo de 1892 - 31 de marzo de 1892,
Veracruz,Leandro M. Alcolea Sierra,1 de abril de 1892 - 30 de noviembre de 1892,
Veracruz,Teodoro A. Dehesa Méndez,1 de diciembre de 1892 - 21 de junio de 1911,
Veracruz,Emilio Léycegui,21 de junio de 1911 - 22 de junio de 1911,
Veracruz,León Aillaud,22 de junio de 1911 - 12 de diciembre de 1911,Independiente
Veracruz,Manuel María Alegre,12 de diciembre de 1911 - 15 de febrero de 1912,
Veracruz,Francisco Lagos Cházaro,15 de febrero de 1912 - 30 de noviembre de 1912,Partido Nacional Antirreeleccionista
Veracruz,Antonio Pérez Rivera,1 de diciembre de 1912 - 27 de junio de 1913,
Veracruz,José E. Domínguez,27 de junio de 1913 - 28 de junio de 1913,
Veracruz,Enrique Camacho,28 de junio de 1913 - 4 de julio de 1913,
Veracruz,Eduardo M. Caúz,4 de julio de 1913 - 27 de septiembre de 1913,
Veracruz,Alonso Güido y Acosta,28 de septiembre de 1913 - 29 de septiembre de 1913,
Veracruz,Eduardo M. Caúz,29 de septiembre de 1913 - 3 de diciembre de 1913,
Veracruz,Guillermo Pasquel y Palma,3 de diciembre de 1913 - 17 de diciembre de 1913,
Veracruz,Eduardo M. Caúz,17 de diciembre de 1913 - 20 de junio de 1914,
Veracruz,Cándido Aguilar,20 de junio de 1914 - 3 de octubre de 1914,
Veracruz,Manuel Pérez Romero,4 de octubre de 1914 - 12 de octubre de 1914,
Veracruz,Cándido Aguilar,12 de octubre de 1914 - 15 de octubre de 1915,
Veracruz,Agustín Millán Vivero,15 de octubre de 1915 - 27 de diciembre de 1915,
Veracruz,Manuel García Jurado,27 de diciembre de 1915 - 9 de enero de 1916,
Veracruz,Cándido Aguilar,10 de enero de 1916 - 27 de enero de 1916,
Veracruz,Heriberto Jara Corona,27 de enero de 1916 - 18 de octubre de 1916,
Veracruz,Miguel Aguilar,18 de octubre de 1916 - diciembre de 1916,Militar
Veracruz,Adalberto Palacios,Diciembre de 1916 - 1917,Militar
Veracruz,Cándido Aguilar,24 de junio de 1917 - 6 de agosto de 1917,
Veracruz,Mauro Loyo Sánchez,6 de agosto de 1917 - 5 de octubre de 1917,
Veracruz,Cándido Aguilar,6 de octubre de 1917 - 15 de enero de 1918,
Veracruz,Delfino Victoria,16 de enero de 1918 - 22 de marzo de 1918,
Veracruz,José María Mena Isassi,22 de marzo de 1918 - 29 de marzo de 1918,Partido Liberal Constitucionalista
Veracruz,Delfino Victoria,30 de marzo de 1918 - 24 de agosto de 1918,Partido Liberal Constitucionalista
Veracruz,José María Mena Isassi,24 de agosto de 1918 - 31 de agosto de 1918,Partido Liberal Constitucionalista
Veracruz,Cándido Aguilar,31 de agosto de 1918 - abril de 1919,
Veracruz,Armando Deschamps,7 de abril de 1919 - 25 de abril de 1919,Partido Liberal Constitucionalista
Veracruz,Armando Deschamps,25 de abril de 1919 - 6 de enero de 1920,Partido Liberal Constitucionalista
Veracruz,Cándido Aguilar,6 de enero de 1920 - 3 de marzo de 1920,
Veracruz,Juan J. Rodríguez,3 de marzo de 1920 - 5 de mayo de 1920,Partido Liberal Constitucionalista
Veracruz,Antonio Nava García,10 de mayo de 1920 - 16 de agosto de 1920,Partido Laborista Mexicano
Veracruz,Gabriel Garzón Cossa,16 de agosto de 1920 - 25 de agosto de 1920,Partido Laborista Mexicano
Veracruz,Gustavo Bello,25 de agosto de 1920 - 8 de septiembre de 1920,Partido Liberal Constitucionalista
Veracruz,Gabriel Garzón Cossa,8 de septiembre de 1920 - 30 de noviembre de 1920,Partido Laborista Mexicano
Veracruz,Adalberto Tejeda Olivares,1 de diciembre de 1920 - 12 de junio de 1922,Partido Laborista Mexicano
Veracruz,Ángel Casarín,12 de junio de 1922 - 10 de noviembre de 1923,Partido Laborista Mexicano
Veracruz,Adalberto Tejeda Olivares,10 de noviembre de 1923 - 30 de noviembre de 1924,Partido Laborista Mexicano
Veracruz,Heriberto Jara Corona (1879-1968),1 de diciembre de 1924 - 15 de octubre de 1927,Partido Liberal Constitucionalista
Veracruz,Abel S. Rodríguez (1872-1955),15 de octubre de 1927 - 30 de noviembre de 1928,Partido Laborista Mexicano
Veracruz,Adalberto Tejeda Olivares (1883-1960),1 de diciembre de 1928 - 12 de agosto de 1932,Partido Laborista Mexicano
Veracruz,Miguel Aguillón Guzmán (1898-1995),13 de agosto de 1932 - 30 de noviembre de 1932,Partido Nacional Revolucionario
Veracruz,Gonzalo Vázquez Vela (1893-1963),1 de diciembre de 1932 - 3 de junio de 1935,Partido Nacional Revolucionario
Veracruz,Guillermo Rebolledo Ramos (1896-1958),4 de junio de 1935 - 19 de septiembre de 1936,Partido Nacional Revolucionario
Veracruz,Ignacio Herrera Tejeda (1883-1968),19 de septiembre de 1936 - 30 de noviembre de 1936,Partido Nacional Revolucionario
Veracruz,Miguel Alemán Valdés (1900-1983),1 de diciembre de 1936 - 6 de abril de 1939,Partido Nacional Revolucionario
Veracruz,Fernando Casas Alemán (1905-1968),6 de abril de 1939 - 30 de noviembre de 1940,Partido de la Revolución Mexicana
Veracruz,Jorge Cerdán Lara (1897-1958),1 de diciembre de 1940 - 1 de octubre de 1943,Partido de la Revolución Mexicana
Veracruz,Miguel Aguillón Guzmán (1898-1995),1 de octubre - 31 de octubre de 1943,Partido de la Revolución Mexicana
Veracruz,Jorge Cerdán Lara (1897-1958),1 de noviembre de 1943 - 30 de noviembre de 1944,Partido de la Revolución Mexicana
Veracruz,Adolfo Ruiz Cortines (1889-1973),1 de diciembre de 1944 - 30 de junio de 1948,Partido de la Revolución Mexicana
Veracruz,Ángel Carvajal Bernal (1901-1985),30 de junio de 1948 - 30 de noviembre de 1950,Partido Revolucionario Institucional
Veracruz,Marco Antonio Muñoz Turnbull (1914-2001),1 de diciembre de 1950 - 30 de noviembre de 1956,Partido Revolucionario Institucional
Veracruz,Antonio Modesto Quirasco (1904-1981),1 de diciembre de 1956 - 30 de noviembre de 1962,Partido Revolucionario Institucional
Veracruz,Fernando López Arias (1905-1979),1 de diciembre de 1962 - 30 de noviembre de 1968,Partido Revolucionario Institucional
Veracruz,Rafael Murillo Vidal (1904-1986),1 de diciembre de 1968 - 30 de noviembre de 1974,Partido Revolucionario Institucional
Veracruz,Rafael Hernández Ochoa (1915-1990),1 de diciembre de 1974 - 30 de noviembre de 1980,Partido Revolucionario Institucional
Veracruz,Agustín Acosta Lagunes (1929-2011),1 de diciembre de 1980 - 30 de noviembre de 1986,Partido Revolucionario Institucional
Veracruz,Fernando Gutiérrez Barrios (1927-2000),1 de diciembre de 1986 - 30 de noviembre de 1988,Partido Revolucionario Institucional
Veracruz,Dante Delgado Rannauro (1950),1 de diciembre de 1988 - 30 de noviembre de 1992,Partido Revolucionario Institucional
Veracruz,Patricio Chirinos Calero (1937),1 de diciembre de 1992 - 30 de noviembre de 1998,Partido Revolucionario Institucional
Veracruz,Miguel Alemán Velasco (1932),1 de diciembre de 1998 - 30 de noviembre de 2004,Partido Revolucionario Institucional
Veracruz,Fidel Herrera Beltrán (1949-2025),1 de diciembre de 2004 - 30 de noviembre de 2010,Partido Revolucionario Institucional
Veracruz,Javier Duarte de Ochoa (1973),1 de diciembre de 2010 - 12 de octubre de 2016,Partido Revolucionario Institucional
Veracruz,Flavino Ríos Alvarado (1950),12 de octubre de 2016 - 30 de noviembre de 2016,Partido Revolucionario Institucional
Veracruz,Miguel Ángel Yunes Linares (1952),1 de diciembre de 2016 - 30 de noviembre de 2018,Partido Acción Nacional
Veracruz,Cuitláhuac García Jiménez (1968),1 de diciembre de 2018 - 30 de noviembre de 2024,Movimiento de Regeneración Nacional
Veracruz,Norma Rocío Nahle García (1964),Desde el 1 de diciembre de 2024,Movimiento de Regeneración Nacional
Yucatán,José Tiburcio López Constante Pablo Lanz y Marentes Francisco Facio Raimundo Pérez José María Meneses José Francisco Bates Tomás Requena Tomás Aznar Peón,1 de junio de 1823 - 16 de septiembre de 1823,
Yucatán,José Segundo Carvajal,16 de septiembre de 1823 - 23 de abril de 1824,
Yucatán,Francisco Antonio de Tarrazo,23 de abril de 1824 - 6 de julio de 1824,
Yucatán,Antonio López de Santa Anna,6 de julio de 1824 - 14 de octubre de 1824,Partido Liberal
Yucatán,Antonio López de Santa Anna,14 de octubre de 1824 - 25 de abril de 1825,Partido Liberal
Yucatán,José Tiburcio López Constante,25 de abril de 1825 - 26 de octubre de 1826,Partido Liberal
Yucatán,Pedro de Souza,26 de octubre de 1826 - 28 de enero de 1827,
Yucatán,José Tiburcio López Constante,28 de enero de 1827 - 10 de noviembre de 1829,Partido Liberal
Yucatán,Ignacio de la Roca,10 de noviembre de 1829 - 15 de noviembre de 1829,
Yucatán,José Segundo Carvajal,15 de noviembre de 1829 - 7 de febrero de 1832,Partido Liberal
Yucatán,Pablo Lanz y Marentes,23 de julio de 1832 - 7 de septiembre de 1832,
Yucatán,Manuel Carvajal Cavero,7 de septiembre de 1832 - 9 de noviembre de 1832,
Yucatán,José Segundo Carvajal,9 de noviembre de 1832 - 9 de octubre de 1832,Partido Liberal
Yucatán,José Tiburcio López Constante,octubre de 1832 - octubre de 1833,Partido Liberal
Yucatán,Basilio María de Argaiz,6 de octubre de 1833 - 10 de octubre de 1833,
Yucatán,Juan de Dios Cosgaya,10 de octubre de 1833 - 5 de julio de 1834,
Yucatán,Rafael Montalvo y Baranda,5 de julio de 1834 - 10 de agosto de 1834,
Yucatán,Basilio María de Argaiz,27 de julio de 1834 - 18 de agosto de 1834,
Yucatán,Francisco de Paula Toro,18 de agosto de 1834 - 3 de enero de 1835,
Yucatán,Pedro Sainz de Baranda y Borreiro,3 de enero de 1835 - 19 de febrero de 1835,
Yucatán,Sebastián López de Llergo,19 de febrero de 1835 - 22 de junio de 1835,
Yucatán,Pedro Sainz de Baranda y Borreiro,22 de junio de 1835 - 27 de agosto de 1835,
Yucatán,José de la Cruz Villamil,27 de agosto de 1835 - 10 de septiembre de 1835,
Yucatán,Francisco de Paula Toro,10 de septiembre de 1835 - 30 de diciembre de 1836,
Yucatán,Francisco de Paula Toro,30 de diciembre de 1836 - 15 de febrero de 1837,
Yucatán,Pedro Escudero de la Rocha,15 de febrero de 1837 - 21 de marzo de 1837,
Yucatán,Benito Aznar,27 de marzo de 1837 - 7 de junio de 1837,
Yucatán,Joaquín Gutiérrez de Estrada,7 de junio de 1837 - 18 de agosto de 1837,Partido Conservador
Yucatán,Benito Aznar,18 de agosto de 1837 - 27 de diciembre de 1837,
Yucatán,Pedro Marcial Guerra,27 de diciembre de 1837 - 18 de febrero de 1840,Partido Conservador
Yucatán,Santiago Savino Imán Villafaña,18 de febrero de 1840 - 21 de febrero de 1840,Militar
Yucatán,Juan de Dios Cosgaya,21 de febrero de 1840 - 21 de abril de 1840,
Yucatán,José Tiburcio López Constante,21 de abril de 1840 - 22 de agosto de 1840,Partido Liberal
Yucatán,Santiago Méndez Ibarra,22 de agosto de 1840 - 11 de junio de 1841,
Yucatán,Miguel Barbachano y Tarrazo,11 de junio de 1841 - 1 de octubre de 1841,
Yucatán,Miguel Barbachano y Tarrazo,17 de agosto de 1848 - 13 de febrero de 1853,
Yucatán,Crescencio José Pinelo,13 de febrero de 1853 - 7 de agosto de 1853,
Yucatán,Rómulo Díaz de la Vega,7 de agosto de 1853 - 22 de noviembre de 1854,Partido Conservador
Yucatán,José Cárdenas del Llano,22 de noviembre de 1854 - 8 de febrero de 1855,
Yucatán,Pedro Ampudia,8 de febrero de 1855 - 24 de noviembre de 1855,Militar
Yucatán,Santiago Méndez Ibarra,24 de noviembre de 1855 - 21 de julio de 1856,
Yucatán,Pantaleón Barrera,21 de julio de 1856 - 7 de agosto de 1856,
Yucatán,Santiago Méndez Ibarra,7 de agosto de 1856 - 9 de febrero de 1857,
Yucatán,Pantaleón Barrera,9 de febrero de 1857 - 16 de abril de 1857,
Yucatán,Santiago Méndez Ibarra,16 de abril de 1857 - 26 de julio de 1857,
Yucatán,Pantaleón Barrera,20 de julio de 1857 - 10 de diciembre de 1857,
Yucatán,Martín Francisco Peraza,10 de diciembre de 1857 - 1 de octubre de 1858,Partido Liberal
Yucatán,Liborio Irigoyen,1 de octubre de 1858 - 21 de agosto de 1859,Partido Liberal
Yucatán,Pablo Castellanos Rendón,25 de agosto de 1859 - 5 de octubre de 1859,
Yucatán,Agustín Acereto,5 de octubre de 1859 - 28 de noviembre de 1860,
Yucatán,Lorenzo Vargas,28 de noviembre de 1860 - 29 de noviembre de 1860,
Yucatán,Pantaleón Barrera,29 de noviembre de 1860 - 18 de diciembre de 1860,
Yucatán,Lorenzo Vargas,18 de diciembre de 1860 - 19 de diciembre de 1860,
Yucatán,Anselmo Cano,19 de diciembre de 1860 - 10 de febrero de 1861,
Yucatán,Agustín Acereto,10 de febrero de 1861 - 19 de febrero de 1861,
Yucatán,Pantaleón Barrera,19 de febrero de 1861 - 27 de abril de 1861,
Yucatán,Agustín Acereto,27 de abril de 1861 - 8 de mayo de 1861,
Yucatán,Pantaleón Barrera,8 de mayo de 1861 - 3 de junio de 1861,
Yucatán,Agustín Acereto,3 de junio de 1861 - 29 de septiembre de 1861,
Yucatán,Liborio Irigoyen,29 de septiembre de 1861 - 22 de enero de 1864,Partido Liberal
Yucatán,Manuel Cepeda Peraza,15 de junio de 1867 - 3 de marzo de 1868,
Yucatán,Agustín O´Horán,1 de julio de 1867 - 17 de julio de 1867,
Yucatán,Manuel Cepeda Peraza,17 de julio de 1867 - 10 de agosto de 1867,
Yucatán,Agustín O´Horán,10 de agosto de 1867 - 6 de septiembre de 1867,
Yucatán,Manuel Cepeda Peraza,6 de septiembre de 1867 - 14 de noviembre de 1867,
Yucatán,Agustín O´Horán,14 de noviembre de 1867 - 4 de febrero de 1868,
Yucatán,Manuel Cepeda Peraza,4 de febrero de 1868 - 3 de marzo de 1868,
Yucatán,Juan Cervera,3 de marzo de 1868 - 3 de abril de 1868,
Yucatán,Eligio Ancona,3 de abril de 1868 - 19 de junio de 1868,
Yucatán,Manuel Cepeda Peraza,19 de junio de 1868 - 25 de junio de 1868,
Yucatán,José María Vargas,25 de junio de 1868 - 2 de agosto de 1868,
Yucatán,Manuel Cepeda Peraza,2 de agosto de 1868 - 19 de septiembre de 1868,
Yucatán,José María Vargas,19 de septiembre de 1868 - 1 de febrero de 1869,
Yucatán,Manuel Cepeda Peraza,1 de febrero de 1869 - 3 de marzo de 1869,
Yucatán,José Cevallos Cepeda,3 de marzo de 1869 - 2 de abril de 1869,
Yucatán,José Apolinar Cepeda Peraza,2 de abril de 1869 - 13 de noviembre de 1869,
Yucatán,Manuel Cirerol y Canto,13 de noviembre de 1869 - 23 de abril de 1872,
Yucatán,Vicente Mariscal,23 de abril de 1872 - 24 de marzo de 1873,
Yucatán,Ignacio R. Alatorre,24 de marzo de 1873 - 25 de marzo de 1873,Militar
Yucatán,Francisco Zavala,25 de marzo de 1873 - 16 de mayo de 1873,
Yucatán,Ignacio R. Alatorre,16 de mayo de 1873 - 17 de mayo de 1873,Militar
Yucatán,Liborio Irigoyen,17 de mayo de 1873 - 19 de junio de 1873,Partido Liberal
Yucatán,José B. Cueto,19 de junio de 1873 - 15 de agosto de 1873,Militar
Yucatán,Guillermo Palomino,15 de agosto de 1873 - 16 de agosto de 1873,
Yucatán,Rafael Villamil,16 de agosto de 1873 - 20 de septiembre de 1873,
Yucatán,Miguel Castellanos Sánchez,20 de septiembre de 1873 - 12 de noviembre de 1874,
Yucatán,Eligio Ancona,12 de noviembre de 1874 - 17 de febrero de 1875,
Yucatán,Juan Pío Aguilar,17 de febrero de 1875 - 24 de marzo de 1875,
Yucatán,Eligio Ancona,24 de marzo de 1875 - 28 de diciembre de 1876,
Yucatán,Guillermo Palomino,28 de diciembre de 1876 - 8 de enero de 1877,
Yucatán,Protasio Guerra,8 de enero de 1877 - 19 de marzo de 1877,Militar
Yucatán,Agustín del Río,19 de marzo de 1877 - 20 de mayo de 1877,
Yucatán,José María Iturralde Lara,20 de mayo de 1877 - 3 de septiembre de 1877,
Yucatán,José María Vargas,3 de septiembre de 1877 - 10 de octubre de 1877,
Yucatán,José María Iturralde Lara,10 de octubre de 1877 - 31 de enero de 1878,
Yucatán,Juan Cervera Molina,1 de febrero de 1878 - 10 de febrero de 1878,
Yucatán,Manuel Romero Ancona,10 de febrero de 1878 - 20 de marzo de 1880,
Yucatán,Juan Cervera Molina,20 de marzo de 1880 - 9 de abril de 1880,
Yucatán,Manuel Romero Ancona,9 de abril de 1880 - noviembre de 1880,
Yucatán,Teodosio Canto,Noviembre de 1880 - enero de 1881,
Yucatán,Manuel Romero Ancona,Enero de 1881 - 1 de febrero de 1882,
Yucatán,Octavio Rosado,1 de febrero de 1882 - 1883,
Yucatán,Serapio Baqueiro Preve,1883 - 1883,
Yucatán,Octavio Rosado,1883 - 1885,
Yucatán,Teodosio Canto,1885 - 1885,
Yucatán,Octavio Rosado,1885 - 31 de enero de 1886,
Yucatán,Guillermo Palomino,1 de febrero de 1886 - 10 de mayo de 1889,
Yucatán,Juan Pío Manzano,10 de mayo de 1889 - 31 de enero de 1890,
Yucatán,Daniel Traconis,1 de febrero de 1890 - 31 de enero de 1894,Militar
Yucatán,Carlos Peón Machado,1 de febrero de 1894 - 1896,Partido Liberal
Yucatán,José Palomeque Solís,1896 - 1896,
Yucatán,Carlos Peón Machado,1896 - 17 de agosto de 1897,Partido Liberal
Yucatán,José María Iturralde Lara,17 de agosto de 1897 - 1 de febrero de 1898,
Yucatán,Francisco Cantón Rosado,1 de febrero de 1898 - 1 de septiembre de 1899,Militar
Yucatán,José María Iturralde Lara,1 de septiembre de 1899 - 1 de noviembre de 1899,
Yucatán,Francisco Cantón Rosado,1 de noviembre de 1899 - 31 de enero de 1902,Militar
Yucatán,Olegario Molina Solís,1 de febrero de 1902 - 1903,
Yucatán,Manuel Molina Solís,1903 - 1903,
Yucatán,Rodulfo G. Cantón,1 de febrero de 1903 - 31 de marzo de 1903,
Yucatán,Olegario Molina Solís,31 de marzo de 1903 - julio de 1904,
Yucatán,Braulio Méndez,Julio de 1904 - octubre de 1904,
Yucatán,Olegario Molina Solís,Octubre de 1904 - julio de 1905,
Yucatán,Braulio Méndez,Julio de 1905 - noviembre de 1905,
Yucatán,Olegario Molina Solís,Noviembre de 1905 - 31 de enero de 1906,
Yucatán,Olegario Molina Solís,1 de febrero de 1906 - 21 de marzo de 1907,
Yucatán,Enrique Muñoz Arístegui,21 de marzo de 1907 - 10 de julio de 1909,
Yucatán,José Patrón Correa,10 de julio de 1909 -septiembre de 1909,
Yucatán,Enrique Muñoz Arístegui,Septiembre de 1909 - 11 de marzo de 1911,
Yucatán,Luis del Carmen Curiel,11 de marzo de 1911 - 6 de junio de 1911,Militar
Yucatán,José María Pino Suárez,6 de junio de 1911 - 8 de agosto de 1911,Partido Constitucional Progresista
Yucatán,Jesús L. González,8 de agosto de 1911 - 8 de octubre de 1911,
Yucatán,José María Pino Suárez,8 de octubre de 1911 - 10 de noviembre de 1911,Partido Constitucional Progresista
Yucatán,Nicolás Cámara Vales,11 de noviembre de 1911 - 13 de enero de 1913,Partido Nacional Antirreeleccionista
Yucatán,Fernando Solís León,13 de enero de 1913 - 28 de febrero de 1913,
Yucatán,Arcadio Escobedo,28 de febrero de 1913 - 30 de junio de 1913,Partido Nacional Antirreeleccionista
Yucatán,Felipe Solís Castillo,30 de junio de 1913 - 9 de julio de 1913,
Yucatán,Eugenio Rascón,9 de julio de 1913 - 9 de septiembre de 1913,Militar
Yucatán,Prisciliano Cortés,10 de septiembre de 1913 - 6 de septiembre de 1914,Militar
Yucatán,Eleuterio Ávila,7 de septiembre de 1914 - 19 de enero de 1915,Militar
Yucatán,Toribio de los Santos,20 de enero de 1915 - 12 de febrero de 1915,
Yucatán,Abel Ortiz Argumedo,12 de febrero de 1915 - 17 de marzo de 1915,
Yucatán,Salvador Alvarado,19 de marzo de 1915 - 1917,Militar
Yucatán,Álvaro Torre Díaz,1917 - 1918,
Yucatán,Salvador Alvarado,1918 - 31 de enero de 1918,Militar
Yucatán,Carlos Castro Morales,1 de febrero de 1918 - 9 de enero de 1920,Partido Socialista del Sureste
Yucatán,Pedro Sánchez Cuevas,9 de enero de 1920 - 12 de enero de 1920,
Yucatán,Carlos Castro Morales,12 de enero de 1920 - 12 de mayo de 1920,Partido Socialista del Sureste
Yucatán,Tomás Garrido Canabal,13 de mayo de 1920 - 26 de junio de 1920,Partido Socialista del Sureste
Yucatán,Enrique Recio Fernández,27 de junio de 1920 - 25 de julio de 1920,Partido Socialista del Sureste
Yucatán,Antonio Ancona Albertos,26 de julio de 1920 - 27 de noviembre de 1920,Partido Socialista del Sureste
Yucatán,Hircano Ayuso y O'Horibe,27 de noviembre de 1920 - 1 de febrero de 1921,Partido Socialista del Sureste
Yucatán,Eladio Domínguez,1 de febrero de 1921 - 4 de febrero de 1921,Partido Socialista del Sureste
Yucatán,Manuel Berzunza,5 de febrero de 1921 - 31 de julio de 1922,Partido Socialista del Sureste
Yucatán,Felipe Carrillo Puerto,1 de agosto de 1922 - 11 de diciembre de 1923,Partido Socialista del Sureste
Yucatán,Juan Ricárdez Broca,12 de diciembre de 1923 - 21 de abril de 1924,Militar
Yucatán,Miguel Cantón G. Cantón,21 de abril de 1924 - 12 de mayo de 1924,Partido Socialista del Sureste
Yucatán,José María Iturralde Traconis,12 de mayo de 1924 - 31 de enero de 1926,Partido Socialista del Sureste
Yucatán,Álvaro Torre Díaz,1 de febrero de 1926 - 31 de enero de 1930,Partido Nacional Revolucionario
Yucatán,Bartolomé García Correa,1 de febrero de 1930 - 31 de enero de 1934,Partido Nacional Revolucionario
Yucatán,César Alayola Barrera,1 de febrero de 1934 - 5 de octubre de 1935,Partido Nacional Revolucionario
Yucatán,Fernando López Cárdenas,5 de octubre de 1935 - 1 de julio de 1936,Partido Nacional Revolucionario
Yucatán,Florencio Palomo Valencia,1 de julio de 1936 - 31 de enero de 1938,Partido Nacional Revolucionario
Yucatán,Humberto Canto Echeverría,1 de febrero de 1938 - 9 de julio de 1940,Partido Nacional Revolucionario
Yucatán,Laureano Cardoz Ruz,9 de julio de 1940 - 4 de agosto de 1940,Partido de la Revolución Mexicana
Yucatán,Santiago Burgos Brito,4 de agosto de 1940 - 22 de agosto de 1940,Partido de la Revolución Mexicana
Yucatán,Humberto Canto Echeverría,22 de agosto de 1940 - 31 de enero de 1942,Partido de la Revolución Mexicana
Yucatán,Ernesto Novelo Torres,1 de febrero de 1942 - 31 de enero de 1946,Partido de la Revolución Mexicana
Yucatán,José González Beytia,1 de febrero de 1946 - 21 de septiembre de 1951,Partido Revolucionario Institucional
Yucatán,Humberto Esquivel Medina,21 de septiembre de 1951 - 31 de enero de 1952,Partido Revolucionario Institucional
Yucatán,Tomás Marentes Miranda,1 de febrero de 1952 -18 de junio de 1953,Partido Revolucionario Institucional
Yucatán,Víctor Mena Palomo,18 de junio de 1953 - 31 de enero de 1958,Partido Revolucionario Institucional
Yucatán,Agustín Franco Aguilar,1 de febrero de 1958 - 31 de enero de 1964,Partido Revolucionario Institucional
Yucatán,Luis Torres Mesías,1 de febrero de 1964 - 31 de enero de 1970,Partido Revolucionario Institucional
Yucatán,Carlos Loret de Mola Mediz,1 de febrero de 1970 - 31 de enero de 1976,Partido Revolucionario Institucional
Yucatán,Francisco Luna Kan,1 de febrero de 1976 - 31 de enero de 1982,Partido Revolucionario Institucional
Yucatán,Graciliano Alpuche Pinzón,1 de febrero de 1982 - 16 de febrero de 1984,Partido Revolucionario Institucional
Yucatán,Víctor Cervera Pacheco,16 de febrero de 1984 - 31 de enero de 1988,Partido Revolucionario Institucional
Yucatán,Víctor Manzanilla Schaffer,1 de febrero de 1988 - 14 de febrero de 1991,Partido Revolucionario Institucional
Yucatán,Dulce María Sauri Riancho,14 de febrero de 1991 - 1 de diciembre de 1993,Partido Revolucionario Institucional
Yucatán,Ricardo Ávila Heredia,1 de diciembre de 1993 - 1 de febrero de 1994,Partido Revolucionario Institucional
Yucatán,Federico Granja Ricalde,1 de febrero de 1994 - 31 de julio de 1995,Partido Revolucionario Institucional
Yucatán,Víctor Cervera Pacheco,1 de agosto de 1995 - 31 de julio de 2001,Partido Revolucionario Institucional
Yucatán,Patricio Patrón Laviada,1 de agosto de 2001 - 31 de julio de 2007,Partido Acción Nacional
Yucatán,Ivonne Ortega Pacheco,1 de agosto de 2007 - 30 de septiembre de 2012,Partido Revolucionario Institucional
Yucatán,Rolando Zapata Bello,1 de octubre de 2012 - 30 de septiembre de 2018,Partido Revolucionario Institucional
Yucatán,Mauricio Vila Dosal,1 de octubre de 2018 - 7 de mayo de 2024,Partido Acción Nacional
Yucatán,María Dolores Fritz Sierra,7 de mayo de 2024 - 4 de junio de 2024,Partido Acción Nacional
Yucatán,Mauricio Vila Dosal,4 de junio de 2024 - 29 de agosto de 2024,Partido Acción Nacional
Yucatán,María Dolores Fritz Sierra,29 de agosto de 2024 - 1 de octubre de 2024,Partido Acción Nacional
Yucatán,Joaquín Díaz Mena,Desde el 1 de octubre de 2024,Movimiento de Regeneración Nacional
Zacatecas,Juan Peredo,31 de enero de 1824 - 18 de marzo de 1824,
Zacatecas,José María Hoyos,18 de marzo de 1824 - 26 de abril de1824,
Zacatecas,Pedro José López de Nava,26 de abril de 1824 - 30 de junio de 1825,
Zacatecas,José María García Rojas,30 de junio de 1825 - 31 de julio de 1829,
Zacatecas,Francisco García Salinas,1 de agosto de 1829 - 31 de diciembre de 1834,
Zacatecas,Manuel González Jr.,1 de enero de 1835 - 11 de mayo de 1835,
Zacatecas,T. Ramírez y Sesma,11 de mayo de 1835 - 5 de noviembre de 1835,
Zacatecas,Santiago Ruiz de Villegas,5 de noviembre de 1835 - 30 de diciembre de 1836,
Zacatecas,Santiago Ruiz de Villegas,30 de diciembre de 1836 - 23 de abril de 1842,
Zacatecas,Francisco Franco,21 de abril de 1842 - 11 de mayo de 1844,
Zacatecas,Marcos de Esparza,11 de mayo de 1845 - 22 de agosto de 1846,
Zacatecas,Marcos de Esparza,22 de agosto de 1846 - 28 de diciembre de 1846,
Zacatecas,Pedro Ramírez,29 de diciembre de 1846 - 30 de agosto de 1848,
Zacatecas,Manuel González Jr.,1 de septiembre de 1848 - 11 de septiembre de 1848,
Zacatecas,Casiano G. Leyva,12 de septiembre de 1848 - 19 de diciembre de 1848,
Zacatecas,Manuel González Jr.,20 de diciembre de 1848 - 10 de noviembre de 1849,
Zacatecas,Antonio García Salinas,10 de noviembre de 1849 - 6 de diciembre de 1850,
Zacatecas,Jerónimo Cardona,6 de diciembre de 1850 - 13 de diciembre de 1850,
Zacatecas,José González Echeverría,13 de diciembre de 1850 - 2 de junio de 1852,
Zacatecas,Juan G. Solana,5 de junio de 1852 - 8 de octubre de 1852,
Zacatecas,José González Echeverría,9 de octubre de 1852 - 13 de diciembre de 1852,
Zacatecas,Gerónimo Cardona,14 de diciembre de 1852 - 10 de marzo de 1853,
Zacatecas,Ventura Mora,11 de marzo de 1853 - 21 de agosto de 1853,
Zacatecas,Francisco G. Pavón,22 de agosto de 1853 - 17 de agosto de 1855,
Zacatecas,Victoriano Zamora,17 de agosto de 1855 - 25 de noviembre de 1856,
Zacatecas,José María Avala,25 de noviembre de 1856 - 1 de enero de 1857,
Zacatecas,Victoriano Zamora,1 de enero de 1857 - 10 de enero de 1858,
Zacatecas,José María Ávila,10 de enero de 1858 - 18 de marzo de 1858,
Zacatecas,José María Castro,18 de marzo de 1858 - 12 de abril de 1858,
Zacatecas,Vicente Hoyos,12 de abril de 1858 - 27 de abril de 1858,
Zacatecas,José María Castro,27 de abril de 1858 - 30 de septiembre de 1858,
Zacatecas,Francisco Xavier de la Parra,1 de octubre de 1858 - 5 de octubre de 1858,
Zacatecas,Jesús González Ortega,5 de octubre de 1858 - 5 de abril de 1859,
Zacatecas,Refugio Vázquez,5 de abril de 1859 - 4 de junio de 1859,
Zacatecas,Jesús González Ortega,5 de junio de 1859 - 21 de octubre de 1859,
Zacatecas,Silverio Ramírez,30 de octubre de 1859 - 9 de febrero de 1860,
Zacatecas,Refugio Vázquez,10 de febrero de 1860 - 20 de febrero de 1860,
Zacatecas,Jesús González Ortega,21 de febrero de 1860 - 20 de julio de 1860,
Zacatecas,Miguel Auza Arrenechea,20 de julio de 1860 - 20 de octubre de 1861,
Zacatecas,Jesús González Ortega,21 de octubre de 1861 - 25 de enero de 1862,
Zacatecas,Severo Cosio Paniagua,25 de enero de 1862 - 6 de julio de 1863,
Zacatecas,Jesús González Ortega,7 de julio de 1863 - 5 de febrero de 1864,
Zacatecas,Miguel Auza Arrenechea,20 de agosto de 1866 - 26 de noviembre de 1867,
Zacatecas,C. Tutonio y Borrego,26 de noviembre de 1867 - 1 de diciembre de 1867,
Zacatecas,Miguel Auza Arrenechea,1 de diciembre de 1867 - 1 de agosto de 1868,
Zacatecas,Severo Cosio Paniagua,1 de agosto de 1868 - 16 de septiembre de 1868,
Zacatecas,Trinidad García de la Cadena,17 de septiembre de 1868 - 18 de enero de 1870,
Zacatecas,Rafael Ferniza,18 de enero de 1870 - 3 de febrero de 1870,
Zacatecas,Gabriel García Elias,3 de febrero de 1870 - 23 de octubre de 1871,
Zacatecas,Manuel G. Cosío,23 de octubre de 1871 - 16 de julio de 1872,
Zacatecas,Jacinto Ordoñez,16 de julio de 1872 - 18 de agosto de 1872,
Zacatecas,José María Echevarria,19 de agosto de 1872 - 21 de agosto de 1872,
Zacatecas,Gabriel García Elias,21 de agosto de 1872 - 2 de marzo de 1873,
Zacatecas,José María Echevarria,2 de marzo de 1873 - 4 de mayo de 1873,
Zacatecas,Wenceslao Yáñez,5 de mayo de 1873 - 25 de junio de 1873,
Zacatecas,Gabriel García Elias,25 de junio de 1873 - 15 de septiembre de 1874,
Zacatecas,Agustín López de Nava,16 de septiembre de 1874 - 15 de septiembre de 1876,
Zacatecas,Mariano Cabrera Escobedo,15 de septiembre de 1876 - 21 de noviembre de 1876,
Zacatecas,Ángel Martínez,21 de noviembre de 1876 - 18 de diciembre de 1876,
Zacatecas,Trinidad García de la Cadena,19 de diciembre de 1876 - 16 de septiembre de 1880,
Zacatecas,Jesús Arechiga Mojarro,16 de septiembre de 1880 - 15 de septiembre de 1884,Militar
Zacatecas,Marcelino Morfin Chávez,16 de septiembre de 1884 - 15 de septiembre de 1888,
Zacatecas,Jesús Arechiga Mojarro,16 de septiembre de 1888 - 15 de marzo de 1889,Militar
Zacatecas,José María Echevarria,15 de marzo de 1889 - 14 de mayo de 1890,
Zacatecas,Jesús Arechiga Mojarro,14 de mayo de 1890 - 15 de septiembre de 1900,Militar
Zacatecas,Genaro García Valdez,16 de septiembre de 1900 - 3 de febrero de 1904,
Zacatecas,Eduardo G. Pankhurst,4 de febrero de 1904 - 15 de septiembre de 1908,
Zacatecas,Francisco de Paula Zárate,16 de septiembre de 1908 - 25 de mayo de 1911,
Zacatecas,Jesús María Castañeda,25 de mayo de 1911 - 27 de mayo de 1911,
Zacatecas,Salvo Amade,27 de mayo de 1911 - 15 de junio de 1911,
Zacatecas,José León García,15 de junio de 1911 - 15 de septiembre de 1912,
Zacatecas,José Guadalupe González Estrada,16 de septiembre de 1912 - 21 de octubre de 1912,Partido Nacional Antirreeleccionista
Zacatecas,Rafael Ceniceros y Villarreal,22 de octubre de 1912 - 22 de enero de 1913,
Zacatecas,Heraclio Rodríguez Real,23 de enero de 1913 - 27 de marzo de 1913,
Zacatecas,Rafael Ceniceros y Villarreal,1 de abril de 1913 - 24 de mayo de 1913,
Zacatecas,José Delgado,17 de junio de 1913 - 10 de noviembre de 1913,Militar
Zacatecas,Alberto Canseco,11 de noviembre de 1913 - 19 de febrero de 1914,Militar
Zacatecas,Luis Medina Barrón,20 de febrero de 1914 - 13 de junio de 1914,
Zacatecas,Manuel Carlos de la Vega,1 de julio de 1914 - 8 de noviembre de 1914,Militar
Zacatecas,José Trinidad Cervantes,9 de noviembre de 1914 - 15 de enero de 1915,Militar
Zacatecas,Pánfilo Natera García,16 de enero de 1915 - 15 de agosto de 1915,Militar
Zacatecas,Rómulo Figueroa Mata,16 de agosto de 1915 - 26 de abril de 1916,
Zacatecas,Carlos Plank,27 de abril de 1916 - 28 de octubre de 1916,
Zacatecas,Enrique Estrada Reynoso,29 de octubre de 1916 - 9 de abril de 1917,Militar
Zacatecas,Alfredo Sepúlveda,9 de abril de 1917 - 12 de abril de 1917,
Zacatecas,Luis J. Zalce Rodríguez,12 de abril de 1917 - 8 de julio de 1912,
Zacatecas,Enrique Estrada Reynoso,8 de julio de 1912 - 22 de agosto de 1917,Militar
Zacatecas,Joaquín R. Garaycochea,22 de agosto de 1917 - 21 de septiembre de 1917,
Zacatecas,Julian Adamé Alatorre,21 de septiembre de 1917 - 8 de octubre de 1917,
Zacatecas,Enrique Estrada Reynoso,8 de octubre de 1917 - 11 de noviembre de 1917,Militar
Zacatecas,J. Trinidad Luna Enríquez,11 de noviembre de 1917 - 22 de marzo de 1918,
Zacatecas,Enrique Estrada Reynoso,22 de marzo de 1918 - 6 de mayo de 1920,Militar
Zacatecas,Francisco Vázquez,7 de mayo de 1920 - 15 de septiembre de 1920,
Zacatecas,Donato Moreno Muro,16 de septiembre de 1920 - 26 de noviembre de 1923,
Zacatecas,Ezequiel Salcedo,27 de noviembre de 1923 - 7 de abril de 1924,
Zacatecas,José T. Delgado,8 de abril de 1924 - 9 de agosto de 1924,
Zacatecas,Aureliano Castañeda,16 de septiembre de 1924 - 19 de diciembre de 1925,
Zacatecas,Pedro Belauzarán,20 de diciembre de 1925 - 2 de abril de 1926,
Zacatecas,Fernando Rodarte,1 de mayo de 1926 - 15 de marzo de 1928,
Zacatecas,Francisco Bañuelos,16 de marzo de 1928 - 1 de septiembre de 1928,Militar
Zacatecas,Alfonso Medina Castañeda,16 de septiembre de 1928 - 28 de mayo de 1929,
Zacatecas,J. Jesús Delgado,29 de mayo de 1929 - 31 de diciembre de 1929,
Zacatecas,Luis R. Reyes,1 de enero de 1930 - 31 de enero de 1932,Partido Nacional Revolucionario
Zacatecas,Leobardo C. Ruiz,1 de febrero de 1932 - 15 de septiembre de 1932,Partido Nacional Revolucionario
Zacatecas,Matías Ramos,16 de septiembre de 1932 - 15 de septiembre de 1936,Partido Nacional Revolucionario
Zacatecas,J. Félix Bañuelos,16 de septiembre de 1936 - 15 de septiembre de 1940,Partido Nacional Revolucionario
Zacatecas,Pánfilo Natera García,16 de septiembre de 1940 - 15 de septiembre de 1944,Partido de la Revolución Mexicana
Zacatecas,Leobardo Reynoso (1902-1993),16 de septiembre de 1944 - 15 de septiembre de 1950,Partido de la Revolución Mexicana
Zacatecas,José Minero Roque (1907-1978),16 de septiembre de 1950 - 15 de septiembre de 1956,Partido Revolucionario Institucional
Zacatecas,Francisco E. García (1920-2004),16 de septiembre de 1956 - 15 de septiembre de 1962,Partido Revolucionario Institucional
Zacatecas,José Rodríguez Elías (1916-1994),16 de septiembre de 1962 - 15 de septiembre de 1968,Partido Revolucionario Institucional
Zacatecas,Pedro Ruiz González (1928-1975),16 de septiembre de 1968 - 15 de septiembre de 1974,Partido Revolucionario Institucional
Zacatecas,Fernando Pámanes Escobedo (1909-2005),16 de septiembre de 1974 - 15 de septiembre de 1980,Partido Revolucionario Institucional
Zacatecas,José Guadalupe Cervantes Corona (1924-2013),16 de septiembre de 1980 - 15 de septiembre de 1986,Partido Revolucionario Institucional
Zacatecas,Genaro Borrego Estrada (1949),16 de septiembre de 1986 - 14 de mayo de 1992,Partido Revolucionario Institucional
Zacatecas,Pedro de León Sánchez (1945),14 de mayo de 1992 - 12 de septiembre de 1992,Partido Revolucionario Institucional
Zacatecas,Arturo Romo Gutiérrez (1942),12 de septiembre de 1992 - 12 de septiembre de 1998,Partido Revolucionario Institucional
Zacatecas,Ricardo Monreal Ávila (1960),12 de septiembre de 1998 - 12 de septiembre de 2004,Partido de la Revolución Democrática
Zacatecas,Amalia García Medina (1951),12 de septiembre de 2004 - 12 de septiembre de 2010,Partido de la Revolución Democrática
Zacatecas,Miguel Alonso Reyes (1971),12 de septiembre de 2010 - 12 de septiembre de 2016,Partido Revolucionario Institucional
Zacatecas,Alejandro Tello Cristerna (1971),12 de septiembre de 2016 - 12 de septiembre de 2021,Partido Revolucionario Institucional
Zacatecas,David Monreal Ávila (1966),Desde el 12 de septiembre de 2021,Movimiento de Regeneración Nacional
