{
"type": "FeatureCollection",
"name": "estados_inegi",
"crs": { "type": "name", "properties": { "name": "urn:ogc:def:crs:OGC:1.3:CRS84" } },
"features": [
{ "type": "Feature", "properties": { "cvegeo": "01", "cve_ent": "01", "nomgeo_inegi": "Aguascalientes", "nom_abrev": "Ags.", "pob_total": "1425607", "pob_femenina": "728924", "pob_masculina": "696683", "total_viviendas_habitadas": "386671", "estado_csv": "Aguascalientes" }, "geometry": { "type": "Polygon", "coordinates": [ [ [ -102.29739325, 22.455273 ], [ -102.2900764, 22.41991795 ], [ -102.25029937, 22.38722171 ], [ -102.25320071, 22.37449451 ], [ -102.14984748, 22.34717506 ], [ -102.15323048, 22.29041022 ], [ -102.10524986, 22.28079283 ], [ -102.07562705, 22.30607278 ], [ -102.05121358, 22.29121303 ], [ -102.03726965, 22.29897568 ], [ -102.022494579, 22.241585491 ], [ -101.99971608, 22.23365603 ], [ -102.00099308, 22.16811055 ], [ -102.04522131, 22.15373323 ], [ -102.01707549, 22.15396128 ], [ -102.02591518, 22.129771 ], [ -101.85519154, 22.046511171 ], [ -101.86379871, 21.990015661 ], [ -101.89125251, 21.976592051 ], [ -101.89473405, 21.989656421 ], [ -101.91259849, 21.997485741 ], [ -101.88579988, 21.93261163 ], [ -101.87267131, 21.94651438 ], [ -101.83528945, 21.94177058 ], [ -101.83800337, 21.90734437 ], [ -101.88021262, 21.91014978 ], [ -102.03841751, 21.853198047 ], [ -102.04174294, 21.82306765 ], [ -102.071962739, 21.78265475 ], [ -102.09457051, 21.77770165 ], [ -102.08618066, 21.76726389 ], [ -102.14209972, 21.70537429 ], [ -102.17143278, 21.70700098 ], [ -102.17788592, 21.68815531 ], [ -102.21426675, 21.69481886 ], [ -102.23761751, 21.65200137 ], [ -102.30399031, 21.66668472 ], [ -102.29537078, 21.65309872 ], [ -102.32572206, 21.62226648 ], [ -102.4610664, 21.67925909 ], [ -102.45686377, 21.69808754 ], [ -102.63349383, 21.76733946 ], [ -102.66892635, 21.76405145 ], [ -102.69066857, 21.7524372 ], [ -102.69626329, 21.72876802 ], [ -102.7156052, 21.73409128 ], [ -102.73522249, 21.71567078 ], [ -102.77569697, 21.7345894 ], [ -102.83126215, 21.79724858 ], [ -102.85334506, 21.79905315 ], [ -102.84731475, 21.83340922 ], [ -102.87417658, 21.852771 ], [ -102.75580571, 22.07366208 ], [ -102.69086523, 22.10655503 ], [ -102.66931008, 22.19402358 ], [ -102.65159598, 22.19314023 ], [ -102.63929894, 22.22603918 ], [ -102.67001705, 22.24570243 ], [ -102.66874285, 22.29187105 ], [ -102.52703934, 22.29089903 ], [ -102.47020163, 22.3092102 ], [ -102.46864195, 22.35188148 ], [ -102.378442819, 22.360878581 ], [ -102.362877079, 22.388747281 ], [ -102.32136472, 22.38853265 ], [ -102.3118048, 22.45691582 ], [ -102.29739325, 22.455273 ] ] ] } },
{ "type": "Feature", "properties": { "cvegeo": "02", "cve_ent": "02", "nomgeo_inegi": "Baja California", "nom_abrev": "BC", "pob_total": "3769020", "pob_femenina": "1868431", "pob_masculina": "1900589", "total_viviendas_habitadas": "1149563", "estado_csv": "Baja California" }, "geometry": { "type": "MultiPolygon", "coordinates": [ [ [ [ -114.11561235, 28.09638991 ], [ -114.11710625, 28.09581 ], [ -114.117834321, 28.08717755 ], [ -114.12173751, 28.09476914 ], [ -114.11561235, 28.09638991 ] ] ], [ [ [ -112.300670805, 28.387024995 ], [ -112.299741228, 28.372924572 ], [ -112.320105627, 28.376186919 ], [ -112.314971745, 28.387027227 ], [ -112.300670805, 28.387024995 ] ] ], [ [ [ -115.545330882, 28.31150604 ], [ -115.536785956, 28.304725269 ], [ -115.5436651, 28.29137495 ], [ -115.549855312, 28.304465931 ], [ -115.545330882, 28.31150604 ] ] ], [ [ [ -115.57197079, 28.312558517 ], [ -115.567657277, 28.313924833 ], [ -115.560928196, 28.308084563 ], [ -115.570572887, 28.308278839 ], [ -115.57197079, 28.312558517 ] ] ], [ [ [ -115.592355448, 28.316761435 ], [ -115.57528931, 28.310932144 ], [ -115.58074052, 28.29574662 ], [ -115.60644858, 28.300203894 ], [ -115.592355448, 28.316761435 ] ] ], [ [ [ -115.217645956, 28.377743931 ], [ -115.194165316, 28.361692682 ], [ -115.195282711, 28.332265412 ], [ -115.174141676, 28.306159869 ], [ -115.16377484, 28.260417111 ], [ -115.173589641, 28.214937045 ], [ -115.156647396, 28.166046315 ], [ -115.159202468, 28.137836797 ], [ -115.18625789, 28.105375239 ], [ -115.185342275, 28.031360676 ], [ -115.229835935, 28.029532774 ], [ -115.255368504, 28.037498793 ], [ -115.265455905, 28.072879038 ], [ -115.289512806, 28.092758564 ], [ -115.34537852, 28.074297071 ], [ -115.35968027, 28.080990911 ], [ -115.352964241, 28.117236705 ], [ -115.31624547, 28.13784147 ], [ -115.242954611, 28.220903825 ], [ -115.264410009, 28.294041411 ], [ -115.245760044, 28.354269437 ], [ -115.217645956, 28.377743931 ] ] ], [ [ [ -112.892330542, 28.678260839 ], [ -112.838665429, 28.661163456 ], [ -112.752560227, 28.591528839 ], [ -112.782611259, 28.580362074 ], [ -112.798907317, 28.610578016 ], [ -112.867845506, 28.643968697 ], [ -112.892330542, 28.678260839 ] ] ], [ [ [ -112.904251065, 28.698062691 ], [ -112.904724744, 28.69829013 ], [ -112.904162831, 28.699320435 ], [ -112.903656108, 28.698525733 ], [ -112.904251065, 28.698062691 ] ] ], [ [ [ -112.931385413, 28.709352874 ], [ -112.897610476, 28.697231748 ], [ -112.895071853, 28.679904977 ], [ -112.93136953, 28.69642584 ], [ -112.931385413, 28.709352874 ] ] ], [ [ [ -112.962570484, 28.724630413 ], [ -112.961942108, 28.723311852 ], [ -112.964498497, 28.723814424 ], [ -112.964126349, 28.72465747 ], [ -112.962570484, 28.724630413 ] ] ], [ [ [ -112.966270989, 28.734172054 ], [ -112.965873415, 28.733380683 ], [ -112.967088269, 28.733804568 ], [ -112.966698286, 28.734361484 ], [ -112.966270989, 28.734172054 ] ] ], [ [ [ -112.960840489, 28.734597514 ], [ -112.950835201, 28.727420262 ], [ -112.946289901, 28.717161664 ], [ -112.965668861, 28.731131322 ], [ -112.960840489, 28.734597514 ] ] ], [ [ [ -114.277567587, 28.670587342 ], [ -114.277664932, 28.668690727 ], [ -114.27937949, 28.6693456 ], [ -114.278680056, 28.670408445 ], [ -114.277567587, 28.670587342 ] ] ], [ [ [ -114.279789527, 28.693910881 ], [ -114.278359796, 28.693804441 ], [ -114.278624812, 28.692969592 ], [ -114.280855935, 28.693300245 ], [ -114.279789527, 28.693910881 ] ] ], [ [ [ -112.985099599, 28.826399138 ], [ -112.975743955, 28.82549223 ], [ -112.975248359, 28.822880521 ], [ -112.981604032, 28.821009201 ], [ -112.985099599, 28.826399138 ] ] ], [ [ [ -112.998471256, 28.836978342 ], [ -112.998907263, 28.836335404 ], [ -112.999593842, 28.836456686 ], [ -112.999389486, 28.836874813 ], [ -112.998471256, 28.836978342 ] ] ], [ [ [ -113.358114545, 28.826025202 ], [ -113.358281754, 28.827413473 ], [ -113.357355462, 28.827941865 ], [ -113.35752427, 28.826507223 ], [ -113.358114545, 28.826025202 ] ] ], [ [ [ -114.351603366, 28.767922629 ], [ -114.351128559, 28.76714676 ], [ -114.352320518, 28.767156459 ], [ -114.35235905, 28.767761951 ], [ -114.351603366, 28.767922629 ] ] ], [ [ [ -113.029706736, 28.888444261 ], [ -113.027748353, 28.887577742 ], [ -113.026708579, 28.885985453 ], [ -113.029979417, 28.885844482 ], [ -113.029706736, 28.888444261 ] ] ], [ [ [ -113.03653396, 28.900606781 ], [ -113.032745959, 28.895695105 ], [ -113.044461045, 28.883652717 ], [ -113.04803213, 28.89440355 ], [ -113.03653396, 28.900606781 ] ] ], [ [ [ -113.357959618, 28.883062032 ], [ -113.35798618, 28.882486948 ], [ -113.359935818, 28.882703376 ], [ -113.359107355, 28.88343314 ], [ -113.357959618, 28.883062032 ] ] ], [ [ [ -113.043114012, 28.911966227 ], [ -113.042832937, 28.91155716 ], [ -113.043260801, 28.910694411 ], [ -113.04430223, 28.911197042 ], [ -113.043114012, 28.911966227 ] ] ], [ [ [ -113.383614712, 28.923221047 ], [ -113.385279783, 28.924710035 ], [ -113.384775925, 28.926490432 ], [ -113.383646815, 28.924093393 ], [ -113.383614712, 28.923221047 ] ] ], [ [ [ -113.480990243, 28.95526504 ], [ -113.482965684, 28.955888974 ], [ -113.48309115, 28.956091268 ], [ -113.482289317, 28.956438028 ], [ -113.480990243, 28.95526504 ] ] ], [ [ [ -113.473576583, 28.95643166 ], [ -113.47644238, 28.955371303 ], [ -113.477409204, 28.955894682 ], [ -113.474617718, 28.957187274 ], [ -113.473576583, 28.95643166 ] ] ], [ [ [ -113.475474556, 28.967844674 ], [ -113.481381909, 28.967295953 ], [ -113.485109897, 28.978897034 ], [ -113.477085069, 28.974898935 ], [ -113.475474556, 28.967844674 ] ] ], [ [ [ -113.518985315, 28.997966945 ], [ -113.518346837, 28.997723399 ], [ -113.518065476, 28.995126771 ], [ -113.520707587, 28.997038781 ], [ -113.518985315, 28.997966945 ] ] ], [ [ [ -113.520201349, 28.999472649 ], [ -113.51965899, 28.998904529 ], [ -113.520126009, 28.997877567 ], [ -113.521243374, 28.998403438 ], [ -113.520201349, 28.999472649 ] ] ], [ [ [ -113.512535694, 29.002720016 ], [ -113.501981952, 28.993975596 ], [ -113.511349325, 28.988727212 ], [ -113.516962662, 28.993835288 ], [ -113.512535694, 29.002720016 ] ] ], [ [ [ -113.522281234, 29.006636057 ], [ -113.521106709, 29.005284193 ], [ -113.524313682, 29.001603192 ], [ -113.523934905, 29.005460786 ], [ -113.522281234, 29.006636057 ] ] ], [ [ [ -113.511072857, 29.011773164 ], [ -113.514066119, 29.009731387 ], [ -113.515930558, 29.009857591 ], [ -113.51517078, 29.011613224 ], [ -113.511072857, 29.011773164 ] ] ], [ [ [ -113.524371955, 29.013329673 ], [ -113.524091287, 29.011950958 ], [ -113.524997437, 29.010720089 ], [ -113.525046947, 29.013286719 ], [ -113.524371955, 29.013329673 ] ] ], [ [ [ -113.506076286, 29.013658605 ], [ -113.506534789, 29.013872416 ], [ -113.50505591, 29.014885957 ], [ -113.505063038, 29.014197213 ], [ -113.506076286, 29.013658605 ] ] ], [ [ [ -113.514320932, 29.016306047 ], [ -113.510792167, 29.014066114 ], [ -113.511090836, 29.013363487 ], [ -113.516354015, 29.013410497 ], [ -113.514320932, 29.016306047 ] ] ], [ [ [ -113.469408216, 29.024180169 ], [ -113.464236346, 29.021587339 ], [ -113.460311337, 29.013195023 ], [ -113.4662818, 29.013940822 ], [ -113.469408216, 29.024180169 ] ] ], [ [ [ -113.498912125, 29.027834192 ], [ -113.498280332, 29.0274354 ], [ -113.498305967, 29.02712833 ], [ -113.499002684, 29.027390545 ], [ -113.498912125, 29.027834192 ] ] ], [ [ [ -113.083451162, 29.068896875 ], [ -113.084853462, 29.063146558 ], [ -113.087674462, 29.062044045 ], [ -113.092577981, 29.062908329 ], [ -113.095084099, 29.061946931 ], [ -113.097313203, 29.061555483 ], [ -113.097501085, 29.061830228 ], [ -113.083451162, 29.068896875 ] ] ], [ [ [ -114.615905691, 28.96547116 ], [ -114.616193311, 28.965307957 ], [ -114.616214145, 28.965726157 ], [ -114.615799789, 28.965709673 ], [ -114.615905691, 28.96547116 ] ] ], [ [ [ -113.512507853, 29.062077842 ], [ -113.512321279, 29.061816134 ], [ -113.512594466, 29.061094266 ], [ -113.513002709, 29.061422767 ], [ -113.512507853, 29.062077842 ] ] ], [ [ [ -113.519269559, 29.068982604 ], [ -113.515866971, 29.067218665 ], [ -113.514876776, 29.064833275 ], [ -113.521851833, 29.069636056 ], [ -113.519269559, 29.068982604 ] ] ], [ [ [ -113.524635124, 29.095515625 ], [ -113.502336916, 29.090415987 ], [ -113.502725193, 29.049829123 ], [ -113.489182585, 29.037686174 ], [ -113.513788505, 29.052102602 ], [ -113.509716987, 29.061999443 ], [ -113.524635124, 29.095515625 ] ] ], [ [ [ -113.528204278, 29.098909671 ], [ -113.527278961, 29.098102674 ], [ -113.53084582, 29.09616616 ], [ -113.530042404, 29.098462095 ], [ -113.528204278, 29.098909671 ] ] ], [ [ [ -113.606712822, 29.168286055 ], [ -113.606931558, 29.166756055 ], [ -113.608061098, 29.166038687 ], [ -113.608213944, 29.168130978 ], [ -113.606712822, 29.168286055 ] ] ], [ [ [ -113.513914671, 29.551476994 ], [ -113.393364591, 29.459249711 ], [ -113.352042033, 29.387346629 ], [ -113.376141845, 29.349513548 ], [ -113.366788174, 29.30785377 ], [ -113.294440222, 29.281254866 ], [ -113.183539686, 29.289550417 ], [ -113.167590613, 29.278893327 ], [ -113.174561049, 29.127781037 ], [ -113.148368893, 29.066186414 ], [ -113.100199144, 29.056226326 ], [ -113.116149431, 28.986985577 ], [ -113.24395014, 29.067131434 ], [ -113.300690711, 29.145102149 ], [ -113.40441113, 29.209465715 ], [ -113.442824108, 29.27567741 ], [ -113.496920856, 29.283793662 ], [ -113.507290031, 29.323194573 ], [ -113.58821736, 29.408923935 ], [ -113.592256159, 29.451030155 ], [ -113.563619587, 29.505195122 ], [ -113.572123275, 29.538355396 ], [ -113.545503379, 29.533988882 ], [ -113.513914671, 29.551476994 ] ] ], [ [ [ -113.556794039, 29.55187824 ], [ -113.557546685, 29.548755127 ], [ -113.559026074, 29.546099498 ], [ -113.558710839, 29.554259316 ], [ -113.556794039, 29.55187824 ] ] ], [ [ [ -113.538275016, 29.565457086 ], [ -113.534363936, 29.562012683 ], [ -113.545301669, 29.565413134 ], [ -113.539782704, 29.566404769 ], [ -113.538275016, 29.565457086 ] ] ], [ [ [ -113.565362286, 29.564006147 ], [ -113.559658856, 29.560872492 ], [ -113.560506432, 29.555312449 ], [ -113.575704223, 29.545988617 ], [ -113.579342712, 29.560990827 ], [ -113.565362286, 29.564006147 ] ] ], [ [ [ -118.261484393, 29.18485446 ], [ -118.287450491, 29.133062976 ], [ -118.282387714, 29.108607003 ], [ -118.228065249, 29.061989985 ], [ -118.22096954, 28.962565077 ], [ -118.248233496, 28.890998023 ], [ -118.295746032, 28.879482246 ], [ -118.282507416, 28.896248966 ], [ -118.298414128, 28.935748157 ], [ -118.290924528, 28.967684244 ], [ -118.313553871, 28.980041008 ], [ -118.304995477, 29.004463776 ], [ -118.317110878, 29.037836449 ], [ -118.364654451, 29.077546869 ], [ -118.351189874, 29.114610061 ], [ -118.365263218, 29.14636758 ], [ -118.333957878, 29.169446646 ], [ -118.261484393, 29.18485446 ] ] ], [ [ [ -115.499667523, 29.614356864 ], [ -115.500290454, 29.61452503 ], [ -115.499657397, 29.615015741 ], [ -115.499626342, 29.614930925 ], [ -115.499667523, 29.614356864 ] ] ], [ [ [ -114.3821, 29.8226 ], [ -114.378399999, 29.8139 ], [ -114.369906999, 29.809017201 ], [ -114.369569749, 29.806335421 ], [ -114.3923, 29.8098 ], [ -114.3821, 29.8226 ] ] ], [ [ [ -115.791350895, 29.797162112 ], [ -115.788193262, 29.793379327 ], [ -115.795096576, 29.786562383 ], [ -115.794858514, 29.792611518 ], [ -115.791350895, 29.797162112 ] ] ], [ [ [ -114.417462732, 29.988012891 ], [ -114.391686237, 29.961844786 ], [ -114.415318799, 29.948657813 ], [ -114.423718515, 29.966960608 ], [ -114.417462732, 29.988012891 ] ] ], [ [ [ -114.389787118, 29.994911574 ], [ -114.387005133, 29.992036276 ], [ -114.389573459, 29.98868293 ], [ -114.390879103, 29.993438631 ], [ -114.389787118, 29.994911574 ] ] ], [ [ [ -114.473609909, 30.022817 ], [ -114.473295004, 30.014212482 ], [ -114.474984261, 30.012954591 ], [ -114.479957697, 30.020241893 ], [ -114.473609909, 30.022817 ] ] ], [ [ [ -114.491084847, 30.047436599 ], [ -114.491259162, 30.053339631 ], [ -114.489240628, 30.054718311 ], [ -114.486515544, 30.051249149 ], [ -114.491084847, 30.047436599 ] ] ], [ [ [ -114.550384858, 30.093969666 ], [ -114.540131915, 30.092251875 ], [ -114.535182009, 30.083257835 ], [ -114.553889221, 30.089756267 ], [ -114.550384858, 30.093969666 ] ] ], [ [ [ -114.626560133, 30.128988664 ], [ -114.62724715, 30.130386166 ], [ -114.626511051, 30.131433385 ], [ -114.6255435, 30.131177371 ], [ -114.626560133, 30.128988664 ] ] ], [ [ [ -116.112567047, 30.497302247 ], [ -116.107986066, 30.495669929 ], [ -116.101685772, 30.483082588 ], [ -116.122998604, 30.484662551 ], [ -116.112567047, 30.497302247 ] ] ], [ [ [ -114.746523102, 31.801860296 ], [ -114.734435113, 31.769754894 ], [ -114.668674151, 31.718782986 ], [ -114.650643582, 31.679869365 ], [ -114.668174489, 31.676289166 ], [ -114.711638109, 31.710322846 ], [ -114.68970041, 31.681723876 ], [ -114.717504146, 31.681179488 ], [ -114.791099774, 31.729997139 ], [ -114.799936258, 31.812644953 ], [ -114.769695249, 31.816830013 ], [ -114.746523102, 31.801860296 ] ] ], [ [ [ -116.796025393, 31.806549565 ], [ -116.788786173, 31.806588037 ], [ -116.7869387, 31.790970861 ], [ -116.797053645, 31.803136484 ], [ -116.796025393, 31.806549565 ] ] ], [ [ [ -116.806042934, 31.813217146 ], [ -116.801213245, 31.811982519 ], [ -116.801413046, 31.8059039 ], [ -116.809284263, 31.809894615 ], [ -116.806042934, 31.813217146 ] ] ], [ [ [ -117.245654248, 32.413902321 ], [ -117.242200755, 32.411436256 ], [ -117.239971162, 32.391094131 ], [ -117.250773384, 32.419683637 ], [ -117.245654248, 32.413902321 ] ] ], [ [ [ -117.259778364, 32.4188842 ], [ -117.259390664, 32.419800243 ], [ -117.257281182, 32.418499933 ], [ -117.259607256, 32.414713077 ], [ -117.259778364, 32.4188842 ] ] ], [ [ [ -117.298943564, 32.445527737 ], [ -117.296738682, 32.443677131 ], [ -117.294080552, 32.43371939 ], [ -117.300040709, 32.440336482 ], [ -117.298943564, 32.445527737 ] ] ], [ [ [ -117.100465534, 32.536555845 ], [ -114.71971806, 32.71865357 ], [ -114.76464378, 32.64316802 ], [ -114.80791706, 32.6203536 ], [ -114.81225208, 32.56223346 ], [ -114.79181345, 32.55784629 ], [ -114.81593006, 32.48297726 ], [ -114.93499658, 32.48187468 ], [ -114.93194048, 32.43970074 ], [ -114.96845331, 32.39065303 ], [ -114.96659248, 32.33879352 ], [ -115.05302232, 32.24517402 ], [ -114.97531825, 32.17799548 ], [ -114.98973634, 32.14637765 ], [ -114.957005, 32.03863618 ], [ -114.965484569, 31.91842388 ], [ -114.90968712, 31.86726042 ], [ -114.84318574, 31.86355382 ], [ -114.80687765, 31.81668014 ], [ -114.821694588, 31.732889752 ], [ -114.783630546, 31.631229289 ], [ -114.814141293, 31.606495657 ], [ -114.835892125, 31.61735221 ], [ -114.868667931, 31.527982764 ], [ -114.853910856, 31.427236889 ], [ -114.870323116, 31.421963766 ], [ -114.873770006, 31.400379117 ], [ -114.852775933, 31.382692541 ], [ -114.878538262, 31.340481922 ], [ -114.894687787, 31.26484244 ], [ -114.881426812, 31.262754701 ], [ -114.890937116, 31.152820768 ], [ -114.870312574, 31.093991747 ], [ -114.814173046, 31.052173125 ], [ -114.832644723, 31.022339482 ], [ -114.829549123, 30.994144469 ], [ -114.720209469, 30.937004277 ], [ -114.709955648, 30.906238108 ], [ -114.693171474, 30.744327665 ], [ -114.705363502, 30.712293972 ], [ -114.698513335, 30.632142681 ], [ -114.630315212, 30.489422451 ], [ -114.634845727, 30.349492057 ], [ -114.65616198, 30.284230118 ], [ -114.639741356, 30.258467745 ], [ -114.667722539, 30.19141857 ], [ -114.633241139, 30.12641192 ], [ -114.601826434, 30.104924471 ], [ -114.536171089, 29.970262989 ], [ -114.487471179, 29.948769311 ], [ -114.470885939, 29.913531575 ], [ -114.412984059, 29.89068738 ], [ -114.413273762, 29.848115892 ], [ -114.39405664, 29.827978513 ], [ -114.409658163, 29.815965911 ], [ -114.392860366, 29.810119171 ], [ -114.387720582, 29.778646734 ], [ -114.329863988, 29.742693079 ], [ -114.295320014, 29.742564489 ], [ -114.280258858, 29.772506258 ], [ -114.207518599, 29.74382413 ], [ -114.18137431, 29.708080511 ], [ -114.063973885, 29.629498992 ], [ -114.046626568, 29.596850883 ], [ -113.980318697, 29.566858916 ], [ -113.896889641, 29.484874937 ], [ -113.836256372, 29.456220333 ], [ -113.825603763, 29.429294947 ], [ -113.772202143, 29.409702187 ], [ -113.637611079, 29.283713973 ], [ -113.625278452, 29.253285425 ], [ -113.656296114, 29.20932409 ], [ -113.571399036, 29.116585935 ], [ -113.538709894, 29.058032149 ], [ -113.534471717, 29.032349873 ], [ -113.549103023, 29.039964664 ], [ -113.563052766, 29.007342892 ], [ -113.541791092, 28.955776403 ], [ -113.557367186, 28.946745159 ], [ -113.526081178, 28.893074571 ], [ -113.479496113, 28.894336876 ], [ -113.479956404, 28.947803642 ], [ -113.446837119, 28.951195407 ], [ -113.455519177, 28.944202766 ], [ -113.447244602, 28.939666918 ], [ -113.438300803, 28.959792757 ], [ -113.414371674, 28.92369527 ], [ -113.385527847, 28.939583824 ], [ -113.393913306, 28.915046584 ], [ -113.36781066, 28.903874787 ], [ -113.380513056, 28.893803005 ], [ -113.357150675, 28.873893579 ], [ -113.370715625, 28.837157735 ], [ -113.353866711, 28.805509639 ], [ -113.311996526, 28.803441293 ], [ -113.251552307, 28.84071827 ], [ -113.196443348, 28.792548351 ], [ -113.189323691, 28.730172082 ], [ -113.158825074, 28.660073383 ], [ -113.128794394, 28.632309749 ], [ -113.103808019, 28.505371573 ], [ -113.015352878, 28.457454722 ], [ -112.903047196, 28.47506547 ], [ -112.866724635, 28.425287087 ], [ -112.84651523, 28.440781974 ], [ -112.873187641, 28.282548138 ], [ -112.786621216, 28.196743113 ], [ -112.81181138, 28.137585786 ], [ -112.788842919, 28.067832997 ], [ -112.804626122, 28.027552529 ], [ -112.764778196, 28.000000001 ], [ -114.205440447, 28.000000026 ], [ -114.136257895, 28.085101014 ], [ -114.116030096, 28.071669849 ], [ -114.115087236, 28.048305331 ], [ -114.135417719, 28.029520516 ], [ -114.127462218, 28.012826007 ], [ -114.113734805, 28.02592963 ], [ -114.119814089, 28.036523347 ], [ -114.118508956, 28.037271687 ], [ -114.115042081, 28.029076526 ], [ -114.112731029, 28.025328875 ], [ -114.11173463, 28.024799445 ], [ -114.111609708, 28.024210529 ], [ -114.110705513, 28.02360674 ], [ -114.107741667, 28.033499528 ], [ -114.093370317, 28.036022649 ], [ -114.107031398, 28.022644129 ], [ -114.10139505, 28.017534237 ], [ -114.061197676, 28.046245925 ], [ -114.099196023, 28.059149073 ], [ -114.109885279, 28.119443484 ], [ -114.0592898, 28.20872891 ], [ -114.076144581, 28.115002317 ], [ -114.06087723, 28.08220048 ], [ -114.04040723, 28.09072857 ], [ -114.0540258, 28.12331646 ], [ -114.03897103, 28.17074006 ], [ -114.05633938, 28.17275563 ], [ -114.05010337, 28.19047762 ], [ -114.03540297, 28.18539246 ], [ -114.06477308, 28.26044097 ], [ -114.079171086, 28.271072305 ], [ -114.079932513, 28.256905589 ], [ -114.07643768, 28.250921244 ], [ -114.074873184, 28.249987306 ], [ -114.073979241, 28.249074491 ], [ -114.073962508, 28.248408385 ], [ -114.082579366, 28.257116468 ], [ -114.103109237, 28.238801961 ], [ -114.124955219, 28.256836151 ], [ -114.047353368, 28.442626499 ], [ -114.0693729, 28.514427925 ], [ -114.111019793, 28.556058819 ], [ -114.161260249, 28.569122973 ], [ -114.156302939, 28.619475774 ], [ -114.176294254, 28.65249491 ], [ -114.224940574, 28.66665708 ], [ -114.245412863, 28.652906769 ], [ -114.269226726, 28.660033667 ], [ -114.270613287, 28.690476176 ], [ -114.282825871, 28.703937977 ], [ -114.347186791, 28.730893484 ], [ -114.34862042, 28.77231208 ], [ -114.373117947, 28.811365628 ], [ -114.396867943, 28.816198908 ], [ -114.417447306, 28.879516365 ], [ -114.437809544, 28.875834149 ], [ -114.449729547, 28.906548426 ], [ -114.488791723, 28.932044175 ], [ -114.525876701, 28.931879854 ], [ -114.531008434, 28.917754562 ], [ -114.562516959, 28.97036147 ], [ -114.592105871, 28.969761476 ], [ -114.627281817, 29.090225446 ], [ -114.67584106, 29.113202959 ], [ -114.716066249, 29.110061731 ], [ -114.744408603, 29.182397346 ], [ -114.81264441, 29.21355034 ], [ -114.96734328, 29.375140555 ], [ -115.073203749, 29.416450751 ], [ -115.189494074, 29.428080878 ], [ -115.25326686, 29.516234138 ], [ -115.378555205, 29.558124358 ], [ -115.457948839, 29.625122787 ], [ -115.506086507, 29.617065641 ], [ -115.586146717, 29.692990553 ], [ -115.619266512, 29.695003895 ], [ -115.699330628, 29.754831034 ], [ -115.684765489, 29.833776851 ], [ -115.701890878, 29.899990496 ], [ -115.742880068, 29.947903917 ], [ -115.788347232, 29.95942386 ], [ -115.813492358, 29.949931515 ], [ -115.781312269, 30.090854798 ], [ -115.802292357, 30.133991177 ], [ -115.795270435, 30.238689715 ], [ -115.811742921, 30.300354015 ], [ -115.848883208, 30.356477639 ], [ -115.906453553, 30.395924165 ], [ -115.943597373, 30.403736179 ], [ -115.987331098, 30.388157564 ], [ -115.971608049, 30.41058634 ], [ -115.937181761, 30.411016746 ], [ -115.933665622, 30.458092296 ], [ -115.992806623, 30.49893203 ], [ -115.989163668, 30.511428959 ], [ -115.999582733, 30.497478612 ], [ -115.957323186, 30.438136844 ], [ -115.978243914, 30.427250346 ], [ -115.995308219, 30.451309076 ], [ -116.01494829, 30.450118156 ], [ -116.021506504, 30.455924333 ], [ -116.027284317, 30.454185179 ], [ -115.994717662, 30.406641662 ], [ -115.98452485, 30.356914426 ], [ -116.007531799, 30.365465642 ], [ -116.011960695, 30.416931553 ], [ -116.048059497, 30.470381386 ], [ -116.028117417, 30.665421853 ], [ -116.05677743, 30.7935011 ], [ -116.074737601, 30.816836474 ], [ -116.200644399, 30.882373771 ], [ -116.26964853, 30.966830115 ], [ -116.330555594, 30.959291983 ], [ -116.338704426, 30.985346688 ], [ -116.309503074, 31.152382069 ], [ -116.363511367, 31.247044069 ], [ -116.455495403, 31.32873996 ], [ -116.521741142, 31.434486072 ], [ -116.570980681, 31.464874036 ], [ -116.602459539, 31.463284712 ], [ -116.608665533, 31.497226647 ], [ -116.648459379, 31.5160638 ], [ -116.669166316, 31.552631886 ], [ -116.691107408, 31.55326468 ], [ -116.6920804, 31.571367801 ], [ -116.651569737, 31.582409009 ], [ -116.66761885, 31.617854681 ], [ -116.64993102, 31.664539401 ], [ -116.744002451, 31.743896324 ], [ -116.66191937, 31.719131751 ], [ -116.618982355, 31.775502804 ], [ -116.65280888, 31.72027028 ], [ -116.64746782, 31.70933075 ], [ -116.641283465, 31.709410351 ], [ -116.60997174, 31.770919516 ], [ -116.612120846, 31.839591233 ], [ -116.626413851, 31.860158287 ], [ -116.63352012, 31.855044853 ], [ -116.628804981, 31.851506119 ], [ -116.625266246, 31.843985118 ], [ -116.625930592, 31.840326459 ], [ -116.639986544, 31.860155935 ], [ -116.668916808, 31.861425014 ], [ -116.699369086, 31.894775725 ], [ -116.746386765, 31.902128294 ], [ -116.769713361, 31.971652522 ], [ -116.851169681, 31.985428714 ], [ -116.880951491, 32.018684856 ], [ -116.887571161, 32.12915423 ], [ -116.922272841, 32.225897738 ], [ -116.957092089, 32.251886985 ], [ -117.024445588, 32.26870674 ], [ -117.090986937, 32.397792961 ], [ -117.124505072, 32.485378892 ], [ -117.124498078, 32.534255842 ], [ -117.100465534, 32.536555845 ] ] ] ] } },
{ "type": "Feature", "properties": { "cvegeo": "03", "cve_ent": "03", "nomgeo_inegi": "Baja California Sur", "nom_abrev": "BCS", "pob_total": "798447", "pob_femenina": "392568", "pob_masculina": "405879", "total_viviendas_habitadas": "240660", "estado_csv": "Baja California Sur" }, "geometry": { "type": "MultiPolygon", "coordinates": [ [ [ [ -109.894505644, 22.874758375 ], [ -109.894681817, 22.875314423 ], [ -109.89419213, 22.875463559 ], [ -109.894246143, 22.874940232 ], [ -109.894505644, 22.874758375 ] ] ], [ [ [ -109.892898013, 22.876463877 ], [ -109.892950783, 22.875902365 ], [ -109.893306924, 22.875727426 ], [ -109.89334559, 22.876337993 ], [ -109.892898013, 22.876463877 ] ] ], [ [ [ -110.148896103, 24.252567923 ], [ -110.148552745, 24.251913542 ], [ -110.149605331, 24.2519519 ], [ -110.149130284, 24.252548155 ], [ -110.148896103, 24.252567923 ] ] ], [ [ [ -110.338765387, 24.289135938 ], [ -110.337269035, 24.288373086 ], [ -110.341511748, 24.28590277 ], [ -110.339610271, 24.28907967 ], [ -110.338765387, 24.289135938 ] ] ], [ [ [ -109.800422929, 24.151907934 ], [ -109.802497384, 24.13671132 ], [ -109.873630133, 24.152981305 ], [ -109.921955053, 24.260361496 ], [ -109.918292762, 24.290932008 ], [ -109.939471095, 24.324976417 ], [ -109.934250286, 24.375929976 ], [ -109.819737838, 24.204805713 ], [ -109.800422929, 24.151907934 ] ] ], [ [ [ -111.614695997, 24.377311487 ], [ -111.531938479, 24.36641558 ], [ -111.437937106, 24.325491234 ], [ -111.578590398, 24.367602423 ], [ -111.670102936, 24.359406043 ], [ -111.654944716, 24.375409943 ], [ -111.644685534, 24.365685441 ], [ -111.614695997, 24.377311487 ] ] ], [ [ [ -110.383603199, 24.456911717 ], [ -110.384677677, 24.456814461 ], [ -110.384882496, 24.457120129 ], [ -110.382949047, 24.457610626 ], [ -110.383603199, 24.456911717 ] ] ], [ [ [ -110.383170871, 24.466785558 ], [ -110.382086434, 24.466376247 ], [ -110.388512039, 24.465469009 ], [ -110.386638876, 24.466463957 ], [ -110.383170871, 24.466785558 ] ] ], [ [ [ -110.399095996, 24.486314468 ], [ -110.401791492, 24.481671507 ], [ -110.408471868, 24.479887089 ], [ -110.4092122, 24.482078681 ], [ -110.399095996, 24.486314468 ] ] ], [ [ [ -110.354104394, 24.531459875 ], [ -110.305500071, 24.503551515 ], [ -110.289112306, 24.472853311 ], [ -110.327637967, 24.402443826 ], [ -110.351583432, 24.405399882 ], [ -110.349630033, 24.43335599 ], [ -110.370483725, 24.428940842 ], [ -110.378596943, 24.448973347 ], [ -110.354508156, 24.456508297 ], [ -110.371185636, 24.457422009 ], [ -110.356396882, 24.469022326 ], [ -110.376516979, 24.467505808 ], [ -110.363478573, 24.481510847 ], [ -110.386494601, 24.474690112 ], [ -110.393254694, 24.497330751 ], [ -110.380401946, 24.50713909 ], [ -110.399444728, 24.518538599 ], [ -110.354104394, 24.531459875 ] ] ], [ [ [ -110.391217233, 24.590235609 ], [ -110.361305191, 24.554016259 ], [ -110.367936324, 24.530741227 ], [ -110.399064955, 24.536348448 ], [ -110.383122924, 24.557012328 ], [ -110.409866847, 24.547590631 ], [ -110.392361457, 24.563296169 ], [ -110.414489444, 24.568328018 ], [ -110.391217233, 24.590235609 ] ] ], [ [ [ -110.403058011, 24.599004786 ], [ -110.401233791, 24.599112234 ], [ -110.399529832, 24.598809027 ], [ -110.404398068, 24.597799023 ], [ -110.403058011, 24.599004786 ] ] ], [ [ [ -111.9915201, 24.525538863 ], [ -111.841936748, 24.513458697 ], [ -111.819081751, 24.467196858 ], [ -111.749980098, 24.442003483 ], [ -111.702998751, 24.356418236 ], [ -111.693747406, 24.378423492 ], [ -111.684438955, 24.379717919 ], [ -111.710329675, 24.30481887 ], [ -111.74579982, 24.34825506 ], [ -111.867147412, 24.434083003 ], [ -112.004845082, 24.511231164 ], [ -111.9915201, 24.525538863 ] ] ], [ [ [ -110.566259504, 24.840077343 ], [ -110.560290754, 24.822480002 ], [ -110.565230471, 24.814216183 ], [ -110.586931462, 24.828204469 ], [ -110.566259504, 24.840077343 ] ] ], [ [ [ -110.605226668, 24.843142132 ], [ -110.605416287, 24.843323905 ], [ -110.605220008, 24.843495198 ], [ -110.605263073, 24.843278687 ], [ -110.605226668, 24.843142132 ] ] ], [ [ [ -110.580279169, 24.853507008 ], [ -110.580002492, 24.852986892 ], [ -110.580644403, 24.852188794 ], [ -110.581209665, 24.85312212 ], [ -110.580279169, 24.853507008 ] ] ], [ [ [ -110.603192722, 24.874137464 ], [ -110.603843933, 24.874391497 ], [ -110.603617868, 24.877179178 ], [ -110.60321894, 24.875106726 ], [ -110.603192722, 24.874137464 ] ] ], [ [ [ -110.509631698, 25.112309964 ], [ -110.509529611, 25.111295678 ], [ -110.511432582, 25.111512949 ], [ -110.510960148, 25.114985339 ], [ -110.509631698, 25.112309964 ] ] ], [ [ [ -110.706821219, 25.105016395 ], [ -110.669135792, 25.052494929 ], [ -110.603234002, 25.039598835 ], [ -110.575227746, 25.016098088 ], [ -110.570340111, 24.954138004 ], [ -110.53069258, 24.877332572 ], [ -110.589824863, 24.864991676 ], [ -110.574496871, 24.888340336 ], [ -110.641641691, 24.914335947 ], [ -110.635208818, 24.928834003 ], [ -110.67823215, 25.01714978 ], [ -110.713667083, 25.031597867 ], [ -110.706821219, 25.105016395 ] ] ], [ [ [ -110.860989633, 25.129533543 ], [ -110.860290107, 25.128726291 ], [ -110.861215052, 25.128029596 ], [ -110.861942481, 25.129402911 ], [ -110.860989633, 25.129533543 ] ] ], [ [ [ -110.694983496, 25.20357528 ], [ -110.69549071, 25.19934372 ], [ -110.704680823, 25.194080987 ], [ -110.697465871, 25.205559906 ], [ -110.694983496, 25.20357528 ] ] ], [ [ [ -110.915460285, 25.210259511 ], [ -110.916573362, 25.209162454 ], [ -110.917126741, 25.209941195 ], [ -110.916011922, 25.209881938 ], [ -110.915460285, 25.210259511 ] ] ], [ [ [ -110.921509267, 25.247225996 ], [ -110.920829704, 25.246625952 ], [ -110.922901643, 25.246753277 ], [ -110.922537791, 25.247618692 ], [ -110.921509267, 25.247225996 ] ] ], [ [ [ -110.691741817, 25.305590326 ], [ -110.710841115, 25.267414349 ], [ -110.730184258, 25.261808909 ], [ -110.731546649, 25.291958575 ], [ -110.691741817, 25.305590326 ] ] ], [ [ [ -115.76588191, 24.958794266 ], [ -115.76560833, 24.958534883 ], [ -115.765910847, 24.958272654 ], [ -115.766103709, 24.958482936 ], [ -115.76588191, 24.958794266 ] ] ], [ [ [ -115.764656078, 24.959162512 ], [ -115.764315506, 24.958995282 ], [ -115.764392098, 24.958836595 ], [ -115.764633686, 24.958914387 ], [ -115.764656078, 24.959162512 ] ] ], [ [ [ -115.76483861, 24.961154076 ], [ -115.764765761, 24.960959068 ], [ -115.764938491, 24.960934864 ], [ -115.765002566, 24.961015468 ], [ -115.76483861, 24.961154076 ] ] ], [ [ [ -110.953970107, 25.329318844 ], [ -110.953454152, 25.32941208 ], [ -110.952894301, 25.328586302 ], [ -110.954595612, 25.328530929 ], [ -110.953970107, 25.329318844 ] ] ], [ [ [ -112.16288213, 25.100169469 ], [ -112.163167345, 25.057668235 ], [ -112.179250871, 25.040096535 ], [ -112.153709475, 24.971232371 ], [ -112.178965323, 24.968721143 ], [ -112.189704881, 24.958653092 ], [ -112.185199662, 24.931186668 ], [ -112.166518035, 24.91171725 ], [ -112.176601598, 24.887194238 ], [ -112.193815552, 24.908925645 ], [ -112.180247346, 24.905783854 ], [ -112.17759484, 24.921394871 ], [ -112.196534055, 24.917005693 ], [ -112.191416259, 24.888536411 ], [ -112.178224528, 24.870183628 ], [ -112.206567836, 24.869201321 ], [ -112.232102029, 24.842985089 ], [ -112.214906495, 24.844171892 ], [ -112.218687385, 24.820741607 ], [ -112.172200795, 24.793735388 ], [ -112.171537669, 24.765845984 ], [ -112.134725898, 24.735849789 ], [ -112.115981485, 24.689074889 ], [ -112.143779053, 24.650194904 ], [ -112.139078527, 24.634707824 ], [ -112.072125297, 24.585499217 ], [ -112.057339096, 24.539580909 ], [ -112.101942074, 24.558515258 ], [ -112.114860416, 24.599928268 ], [ -112.174574713, 24.652615333 ], [ -112.136873938, 24.68730371 ], [ -112.153339808, 24.744815282 ], [ -112.226187006, 24.788680646 ], [ -112.262454751, 24.786540321 ], [ -112.258049476, 24.755951557 ], [ -112.260033947, 24.749964833 ], [ -112.30496055, 24.793996759 ], [ -112.216795571, 24.988223238 ], [ -112.127441677, 25.264737086 ], [ -112.122780806, 25.214973511 ], [ -112.16288213, 25.100169469 ] ] ], [ [ [ -112.100645377, 25.489213851 ], [ -112.10339101, 25.332088582 ], [ -112.12036397, 25.285511763 ], [ -112.133736541, 25.286415959 ], [ -112.100645377, 25.489213851 ] ] ], [ [ [ -112.119550663, 25.495398204 ], [ -112.119546524, 25.494951567 ], [ -112.119899502, 25.494651093 ], [ -112.120118427, 25.495226216 ], [ -112.119550663, 25.495398204 ] ] ], [ [ [ -112.120128541, 25.495741198 ], [ -112.120401268, 25.495639855 ], [ -112.120734707, 25.496183235 ], [ -112.120326538, 25.496434502 ], [ -112.120128541, 25.495741198 ] ] ], [ [ [ -111.131803933, 25.587929346 ], [ -111.129342696, 25.586631555 ], [ -111.130085049, 25.584313745 ], [ -111.132551423, 25.587835422 ], [ -111.131803933, 25.587929346 ] ] ], [ [ [ -111.144324163, 25.585481696 ], [ -111.148547633, 25.583176692 ], [ -111.15301736, 25.582870552 ], [ -111.151904662, 25.588437937 ], [ -111.144324163, 25.585481696 ] ] ], [ [ [ -110.772914826, 25.712335123 ], [ -110.763060311, 25.690560318 ], [ -110.758729737, 25.593655548 ], [ -110.786283882, 25.606059706 ], [ -110.804950416, 25.647252537 ], [ -110.798908321, 25.684744695 ], [ -110.772914826, 25.712335123 ] ] ], [ [ [ -111.034965604, 25.714291086 ], [ -111.013309878, 25.67875369 ], [ -111.029796457, 25.649778014 ], [ -111.059635518, 25.707269281 ], [ -111.034965604, 25.714291086 ] ] ], [ [ [ -112.08872348, 25.6713686 ], [ -112.08088508, 25.66989171 ], [ -112.08797812, 25.66226368 ], [ -112.08351086, 25.64878574 ], [ -112.08909266, 25.64354182 ], [ -112.08872348, 25.6713686 ] ] ], [ [ [ -111.22375712, 25.729994241 ], [ -111.225677471, 25.730343891 ], [ -111.224953709, 25.732261706 ], [ -111.223959565, 25.731497329 ], [ -111.22375712, 25.729994241 ] ] ], [ [ [ -111.043241803, 25.738267738 ], [ -111.044468768, 25.739424375 ], [ -111.043851475, 25.74318098 ], [ -111.042644815, 25.740282937 ], [ -111.043241803, 25.738267738 ] ] ], [ [ [ -111.048626424, 25.740953806 ], [ -111.049874159, 25.741782718 ], [ -111.049948459, 25.742975006 ], [ -111.048608371, 25.742477233 ], [ -111.048626424, 25.740953806 ] ] ], [ [ [ -112.092989659, 25.684625118 ], [ -112.088904969, 25.608470438 ], [ -112.095983021, 25.493573435 ], [ -112.10287025, 25.5163276 ], [ -112.092989659, 25.684625118 ] ] ], [ [ [ -111.226739067, 25.744902654 ], [ -111.22613109, 25.743447288 ], [ -111.227103646, 25.743216212 ], [ -111.228176713, 25.744397966 ], [ -111.226739067, 25.744902654 ] ] ], [ [ [ -111.274846107, 25.757935918 ], [ -111.273959355, 25.757105533 ], [ -111.275846483, 25.755343608 ], [ -111.275383853, 25.757887799 ], [ -111.274846107, 25.757935918 ] ] ], [ [ [ -111.280417802, 25.767633712 ], [ -111.281421972, 25.767185589 ], [ -111.281645869, 25.768125841 ], [ -111.281223491, 25.768416127 ], [ -111.280417802, 25.767633712 ] ] ], [ [ [ -111.2601012, 25.811688862 ], [ -111.255095257, 25.811980081 ], [ -111.247268984, 25.798801957 ], [ -111.248368148, 25.788594046 ], [ -111.243330637, 25.789124661 ], [ -111.245252354, 25.764686579 ], [ -111.2601012, 25.811688862 ] ] ], [ [ [ -111.316060779, 25.841552878 ], [ -111.316719575, 25.84023001 ], [ -111.317456277, 25.839974316 ], [ -111.316368657, 25.842362099 ], [ -111.316060779, 25.841552878 ] ] ], [ [ [ -111.180423687, 26.045978419 ], [ -111.178570605, 26.045748279 ], [ -111.177854899, 26.043903463 ], [ -111.180720288, 26.044842285 ], [ -111.180423687, 26.045978419 ] ] ], [ [ [ -111.059810251, 26.069769504 ], [ -111.084171024, 26.016242191 ], [ -111.066789595, 25.965935122 ], [ -111.10114734, 25.99765998 ], [ -111.119960823, 25.993894183 ], [ -111.17966913, 25.905234343 ], [ -111.204527369, 25.806196804 ], [ -111.228933124, 25.822500599 ], [ -111.233286348, 25.848148809 ], [ -111.21455409, 25.86979835 ], [ -111.197774082, 25.955757554 ], [ -111.16790229, 25.98934542 ], [ -111.17543858, 26.04172734 ], [ -111.135004491, 26.05190315 ], [ -111.128478819, 26.067511225 ], [ -111.103815705, 26.051545041 ], [ -111.059810251, 26.069769504 ] ] ], [ [ [ -111.303608402, 26.105384896 ], [ -111.303673795, 26.104803455 ], [ -111.306379029, 26.104844804 ], [ -111.305622692, 26.106298878 ], [ -111.303608402, 26.105384896 ] ] ], [ [ [ -111.265547799, 26.137300856 ], [ -111.263256108, 26.106142439 ], [ -111.29711905, 26.098575572 ], [ -111.279716564, 26.111270093 ], [ -111.279128014, 26.135352185 ], [ -111.265547799, 26.137300856 ] ] ], [ [ [ -111.43600108, 26.641628699 ], [ -111.428238473, 26.6369239 ], [ -111.42509423, 26.624511009 ], [ -111.430439339, 26.62413821 ], [ -111.43600108, 26.641628699 ] ] ], [ [ [ -113.227027983, 26.732356936 ], [ -113.175770762, 26.718829859 ], [ -113.135551124, 26.658176927 ], [ -113.261484098, 26.708859446 ], [ -113.227027983, 26.732356936 ] ] ], [ [ [ -113.23637842, 26.77203589 ], [ -113.19554722, 26.74972926 ], [ -113.19250486, 26.73880397 ], [ -113.2150656, 26.73862629 ], [ -113.23637842, 26.77203589 ] ] ], [ [ [ -111.913679031, 26.879595507 ], [ -111.913660873, 26.878301737 ], [ -111.91539609, 26.87758498 ], [ -111.915287421, 26.878180344 ], [ -111.913679031, 26.879595507 ] ] ], [ [ [ -113.15447042, 26.90850425 ], [ -113.14925886, 26.90447708 ], [ -113.15469308, 26.89103546 ], [ -113.15711749, 26.91664865 ], [ -113.15447042, 26.90850425 ] ] ], [ [ [ -113.16204743, 26.93189525 ], [ -113.16202557, 26.92533043 ], [ -113.160001, 26.91974797 ], [ -113.16783162, 26.92785237 ], [ -113.16204743, 26.93189525 ] ] ], [ [ [ -111.910933833, 27.03632573 ], [ -111.915888289, 27.033948434 ], [ -111.908841962, 27.0428525 ], [ -111.908612541, 27.040969948 ], [ -111.910933833, 27.03632573 ] ] ], [ [ [ -111.909576825, 27.058145522 ], [ -111.909760022, 27.059744426 ], [ -111.909237803, 27.059926103 ], [ -111.909246145, 27.058955151 ], [ -111.909576825, 27.058145522 ] ] ], [ [ [ -112.068633766, 27.165623583 ], [ -112.067787863, 27.1648553 ], [ -112.06771067, 27.164078302 ], [ -112.069135056, 27.165378346 ], [ -112.068633766, 27.165623583 ] ] ], [ [ [ -112.08821302, 27.258863924 ], [ -112.046623511, 27.224561911 ], [ -112.059381461, 27.179652542 ], [ -112.084831124, 27.185746624 ], [ -112.10843249, 27.238582439 ], [ -112.08821302, 27.258863924 ] ] ], [ [ [ -114.293277572, 27.110556846 ], [ -114.28900846, 27.101308343 ], [ -114.289910809, 27.098510009 ], [ -114.295315015, 27.101498617 ], [ -114.293277572, 27.110556846 ] ] ], [ [ [ -114.29387272, 27.112968085 ], [ -114.293224285, 27.112974654 ], [ -114.293060213, 27.112525496 ], [ -114.293579712, 27.112225803 ], [ -114.29387272, 27.112968085 ] ] ], [ [ [ -114.374232397, 27.148954869 ], [ -114.372086863, 27.145358076 ], [ -114.384753145, 27.145954344 ], [ -114.375556192, 27.150733826 ], [ -114.374232397, 27.148954869 ] ] ], [ [ [ -111.885966207, 27.455697141 ], [ -111.869121193, 27.454512915 ], [ -111.857460874, 27.433321336 ], [ -111.895349505, 27.430644993 ], [ -111.901301636, 27.449301422 ], [ -111.885966207, 27.455697141 ] ] ], [ [ [ -114.71078646, 27.514003328 ], [ -114.710399437, 27.51397249 ], [ -114.71021857, 27.51383534 ], [ -114.710963944, 27.513629617 ], [ -114.71078646, 27.514003328 ] ] ], [ [ [ -114.709679478, 27.514923442 ], [ -114.709529407, 27.514643397 ], [ -114.709981511, 27.514629831 ], [ -114.709972548, 27.514933419 ], [ -114.709679478, 27.514923442 ] ] ], [ [ [ -114.710861273, 27.515946087 ], [ -114.710697943, 27.51547622 ], [ -114.711021497, 27.515389033 ], [ -114.711188397, 27.515829764 ], [ -114.710861273, 27.515946087 ] ] ], [ [ [ -112.739461128, 27.842591436 ], [ -112.737133987, 27.842191955 ], [ -112.736466682, 27.841199543 ], [ -112.741410142, 27.842393938 ], [ -112.739461128, 27.842591436 ] ] ], [ [ [ -114.17972745, 27.76884643 ], [ -114.16596748, 27.76338232 ], [ -114.14600212, 27.72143629 ], [ -114.18341032, 27.75280011 ], [ -114.17972745, 27.76884643 ] ] ], [ [ [ -114.22464263, 27.76632406 ], [ -114.21274857, 27.75118034 ], [ -114.22008837, 27.75391806 ], [ -114.18521395, 27.72133678 ], [ -114.24752845, 27.74351588 ], [ -114.22464263, 27.76632406 ] ] ], [ [ [ -112.75974381, 27.901707401 ], [ -112.760482962, 27.902519831 ], [ -112.75970423, 27.903427957 ], [ -112.760043578, 27.902231658 ], [ -112.75974381, 27.901707401 ] ] ], [ [ [ -115.223308996, 27.893864496 ], [ -115.222295288, 27.893613191 ], [ -115.222796657, 27.892670693 ], [ -115.224299924, 27.893564588 ], [ -115.223308996, 27.893864496 ] ] ], [ [ [ -115.215678348, 27.896193629 ], [ -115.162113942, 27.870381822 ], [ -115.16631236, 27.852784999 ], [ -115.178300096, 27.849656832 ], [ -115.215678348, 27.896193629 ] ] ], [ [ [ -113.549999999, 27.99999998 ], [ -112.764778196, 28.000000001 ], [ -112.756315747, 27.967544653 ], [ -112.77159962, 27.863154725 ], [ -112.719693106, 27.825477551 ], [ -112.701158403, 27.751408124 ], [ -112.661118049, 27.709440453 ], [ -112.63806702, 27.706115077 ], [ -112.642335394, 27.702839551 ], [ -112.643199139, 27.695322834 ], [ -112.637159851, 27.704848014 ], [ -112.595379926, 27.650484012 ], [ -112.487473484, 27.621089299 ], [ -112.360277651, 27.552593071 ], [ -112.330108715, 27.517611503 ], [ -112.302218058, 27.383912999 ], [ -112.241317126, 27.325797369 ], [ -112.194990712, 27.249965829 ], [ -112.193441683, 27.244251553 ], [ -112.193595158, 27.234439846 ], [ -112.195693843, 27.228183053 ], [ -112.199302296, 27.224474663 ], [ -112.202393929, 27.211427841 ], [ -112.204452163, 27.207056295 ], [ -112.193697594, 27.243587565 ], [ -112.196117506, 27.250643857 ], [ -112.207183748, 27.249309296 ], [ -112.198052008, 27.241460327 ], [ -112.216379175, 27.224035256 ], [ -112.212922449, 27.204343115 ], [ -112.097520206, 27.133119218 ], [ -111.952223547, 27.094938609 ], [ -111.945953687, 27.069861371 ], [ -111.973599454, 27.068131755 ], [ -112.006454536, 27.033047237 ], [ -112.014877448, 26.974695678 ], [ -111.955867293, 26.914166001 ], [ -111.952489441, 26.901240468 ], [ -111.973696909, 26.897506709 ], [ -111.98252233, 26.888659873 ], [ -111.953494492, 26.899177884 ], [ -111.872485735, 26.831740978 ], [ -111.86167166, 26.784156239 ], [ -111.876505814, 26.755827852 ], [ -111.891331794, 26.763285962 ], [ -111.909129692, 26.719960063 ], [ -111.863004639, 26.693348782 ], [ -111.846139216, 26.643980191 ], [ -111.806411693, 26.626205652 ], [ -111.782601616, 26.567876735 ], [ -111.711196935, 26.552405016 ], [ -111.677104184, 26.588433674 ], [ -111.814448309, 26.715776677 ], [ -111.823997419, 26.82021696 ], [ -111.851082554, 26.87942708 ], [ -111.821950642, 26.896276121 ], [ -111.801682827, 26.889152287 ], [ -111.721589781, 26.807001283 ], [ -111.665990915, 26.781253094 ], [ -111.646992109, 26.745047216 ], [ -111.561195815, 26.697033034 ], [ -111.56739423, 26.562703901 ], [ -111.502994519, 26.530569111 ], [ -111.460393244, 26.537716774 ], [ -111.442140041, 26.518270915 ], [ -111.471957393, 26.459496498 ], [ -111.468939937, 26.412312872 ], [ -111.424786482, 26.380990147 ], [ -111.434024443, 26.362461582 ], [ -111.387067003, 26.323525031 ], [ -111.383042936, 26.280643687 ], [ -111.397875803, 26.256324689 ], [ -111.379046295, 26.188347567 ], [ -111.344747058, 26.111673324 ], [ -111.323828265, 26.100279275 ], [ -111.318959003, 26.069214025 ], [ -111.345661604, 26.027911538 ], [ -111.338204275, 25.988107602 ], [ -111.35864819, 25.959966767 ], [ -111.336756061, 25.907524771 ], [ -111.332950833, 25.835810952 ], [ -111.315999936, 25.837144218 ], [ -111.302621518, 25.824879412 ], [ -111.299726985, 25.817815018 ], [ -111.292008014, 25.812784837 ], [ -111.302040892, 25.808035146 ], [ -111.305709426, 25.82596022 ], [ -111.317344157, 25.829991027 ], [ -111.306206614, 25.773470937 ], [ -111.243089983, 25.721415468 ], [ -111.223904389, 25.725334559 ], [ -111.193401817, 25.613466455 ], [ -111.121851144, 25.528601614 ], [ -111.016536659, 25.514600911 ], [ -111.024857745, 25.444036219 ], [ -110.979669743, 25.341469626 ], [ -110.933116922, 25.291575617 ], [ -110.946173252, 25.257714514 ], [ -110.906422101, 25.183031172 ], [ -110.90753576, 25.145944151 ], [ -110.816161231, 25.034842434 ], [ -110.757127645, 25.014015461 ], [ -110.749679073, 24.965929436 ], [ -110.685209724, 24.883804411 ], [ -110.657067124, 24.80622843 ], [ -110.663490453, 24.771659304 ], [ -110.690117811, 24.707180075 ], [ -110.726618743, 24.674765272 ], [ -110.74053859, 24.614909336 ], [ -110.729261346, 24.51499545 ], [ -110.686805427, 24.461852033 ], [ -110.681029802, 24.357126529 ], [ -110.611452716, 24.25560517 ], [ -110.556973586, 24.210192382 ], [ -110.422367368, 24.177182258 ], [ -110.324435058, 24.176219766 ], [ -110.371043941, 24.149000517 ], [ -110.43341009, 24.171610512 ], [ -110.41364451, 24.107904227 ], [ -110.351203559, 24.114006355 ], [ -110.351986032, 24.142506361 ], [ -110.304702256, 24.175076721 ], [ -110.298359527, 24.215127404 ], [ -110.312472894, 24.220242105 ], [ -110.313475801, 24.250432543 ], [ -110.327495823, 24.244343741 ], [ -110.311102051, 24.261253499 ], [ -110.324212881, 24.25789251 ], [ -110.323014941, 24.271414036 ], [ -110.331777068, 24.277129025 ], [ -110.336470283, 24.258464046 ], [ -110.326972342, 24.301180577 ], [ -110.339906229, 24.315949297 ], [ -110.315503667, 24.312920917 ], [ -110.334341582, 24.3285558 ], [ -110.283513083, 24.353416052 ], [ -110.233363558, 24.343851058 ], [ -110.235712453, 24.318025586 ], [ -110.193321899, 24.293931001 ], [ -110.174274552, 24.252304186 ], [ -110.017721775, 24.170032744 ], [ -109.983770272, 24.043430973 ], [ -109.929784466, 24.029048321 ], [ -109.826628029, 24.060813655 ], [ -109.803987061, 24.021865433 ], [ -109.835460806, 23.984844449 ], [ -109.83750257, 23.93275269 ], [ -109.69925692, 23.798952984 ], [ -109.713231986, 23.737675295 ], [ -109.697358932, 23.663151368 ], [ -109.583218799, 23.612340932 ], [ -109.587245204, 23.600815953 ], [ -109.583400471, 23.598326656 ], [ -109.58046957, 23.602526167 ], [ -109.584872469, 23.607248415 ], [ -109.582853655, 23.611152516 ], [ -109.471048079, 23.557809105 ], [ -109.47949848, 23.519744322 ], [ -109.423117039, 23.445432547 ], [ -109.431911111, 23.413795829 ], [ -109.413109609, 23.387220251 ], [ -109.431691685, 23.376831088 ], [ -109.437925476, 23.236263557 ], [ -109.532447664, 23.111677496 ], [ -109.576380215, 23.084075393 ], [ -109.67712134, 23.063675602 ], [ -109.714344305, 23.029171139 ], [ -109.712884568, 23.005581333 ], [ -109.79476865, 22.964038756 ], [ -109.842901302, 22.902625435 ], [ -109.911453381, 22.885630998 ], [ -109.895626151, 22.875282472 ], [ -109.989878967, 22.884600128 ], [ -110.061357974, 22.949074003 ], [ -110.085630785, 22.991277901 ], [ -110.16635315, 23.31284892 ], [ -110.329319339, 23.560177775 ], [ -110.612530522, 23.707444798 ], [ -111.032767498, 24.100472267 ], [ -111.433789706, 24.321046401 ], [ -111.436549881, 24.325733939 ], [ -111.364493468, 24.291271987 ], [ -111.358631839, 24.288814099 ], [ -111.3570376, 24.288778407 ], [ -111.356234359, 24.289901417 ], [ -111.478072903, 24.34909866 ], [ -111.47552599, 24.36203489 ], [ -111.527081404, 24.41045286 ], [ -111.583331862, 24.414914349 ], [ -111.582225413, 24.433176712 ], [ -111.610705526, 24.440633955 ], [ -111.652653966, 24.552453572 ], [ -111.636880412, 24.548457137 ], [ -111.658072569, 24.570238922 ], [ -111.691969296, 24.585186893 ], [ -111.702644633, 24.537868734 ], [ -111.732423841, 24.541246557 ], [ -111.73250211, 24.560073864 ], [ -111.752908367, 24.541999479 ], [ -111.793530526, 24.545540116 ], [ -111.810567466, 24.568183067 ], [ -111.803800278, 24.538696787 ], [ -111.758219324, 24.515635051 ], [ -111.816567277, 24.506549793 ], [ -111.817043169, 24.576268 ], [ -111.840718806, 24.63661708 ], [ -111.937024567, 24.736206212 ], [ -111.939924185, 24.747294409 ], [ -111.911379331, 24.724112602 ], [ -111.968212757, 24.793676144 ], [ -111.974294539, 24.756177608 ], [ -111.946911702, 24.752322881 ], [ -111.965061278, 24.737434118 ], [ -111.988676443, 24.74897212 ], [ -111.996964574, 24.739775039 ], [ -111.983926284, 24.737080657 ], [ -112.030059274, 24.735548284 ], [ -112.018810406, 24.744982489 ], [ -112.045285637, 24.78722621 ], [ -112.028172554, 24.801182939 ], [ -112.054019449, 24.829040478 ], [ -112.037654706, 24.834334779 ], [ -112.028041683, 24.829575857 ], [ -112.033109935, 24.821759328 ], [ -112.023895472, 24.815001659 ], [ -112.025632479, 24.837374541 ], [ -112.038494417, 24.846067426 ], [ -112.030017588, 24.835651335 ], [ -112.049433989, 24.8399998 ], [ -112.056961414, 24.829464736 ], [ -112.040412263, 24.800435312 ], [ -112.050332831, 24.81235891 ], [ -112.054467144, 24.808742129 ], [ -112.056376662, 24.812751521 ], [ -112.060356106, 24.81208558 ], [ -112.044155274, 24.798849719 ], [ -112.051455164, 24.78421973 ], [ -112.040595528, 24.752775581 ], [ -112.078324261, 24.729951791 ], [ -112.064957416, 24.762048507 ], [ -112.094600363, 24.796464745 ], [ -112.109340393, 24.800065782 ], [ -112.090577667, 24.778365661 ], [ -112.12013853, 24.7839489 ], [ -112.117138181, 24.804835392 ], [ -112.093798384, 24.801215388 ], [ -112.091080328, 24.833155725 ], [ -112.099665304, 24.850689836 ], [ -112.116188935, 24.848831019 ], [ -112.122546915, 24.876245384 ], [ -112.09865429, 24.901891831 ], [ -112.084246654, 24.89298075 ], [ -112.079272391, 24.90746215 ], [ -112.08303775, 24.903605617 ], [ -112.087770499, 24.906010657 ], [ -112.105007908, 24.899824058 ], [ -112.094694669, 24.91989979 ], [ -112.10605963, 24.915901481 ], [ -112.111441971, 24.935768196 ], [ -112.081291463, 24.92325259 ], [ -112.076330286, 24.933383145 ], [ -112.098450114, 24.940400412 ], [ -112.079398601, 24.938700051 ], [ -112.07818127, 24.950306703 ], [ -112.110436649, 24.941676398 ], [ -112.094494517, 24.961533263 ], [ -112.100773654, 25.009477044 ], [ -112.139273102, 24.948589185 ], [ -112.127201349, 24.922480624 ], [ -112.151570057, 24.866743292 ], [ -112.135405459, 24.86197531 ], [ -112.143357067, 24.803864702 ], [ -112.160038585, 24.832945099 ], [ -112.144021349, 24.849671732 ], [ -112.149419055, 24.862093919 ], [ -112.17635394, 24.820010882 ], [ -112.166663888, 24.81217378 ], [ -112.17597603, 24.81705325 ], [ -112.188867778, 24.851770227 ], [ -112.156756268, 24.868277648 ], [ -112.173156169, 24.867093771 ], [ -112.156991571, 24.922018873 ], [ -112.183573672, 24.959699437 ], [ -112.144841383, 24.965691834 ], [ -112.15242812, 24.977624045 ], [ -112.122259432, 25.038081732 ], [ -112.12018435, 25.072428454 ], [ -112.154385402, 25.064977793 ], [ -112.156972834, 25.094442885 ], [ -112.146564838, 25.111900171 ], [ -112.147292138, 25.103403212 ], [ -112.144076332, 25.101666298 ], [ -112.140525397, 25.107380781 ], [ -112.149664776, 25.135319843 ], [ -112.130330372, 25.182949658 ], [ -112.107906331, 25.187232688 ], [ -112.124808916, 25.191201745 ], [ -112.114450047, 25.210596616 ], [ -112.116296509, 25.225682399 ], [ -112.114288244, 25.231697676 ], [ -112.09381548, 25.221390172 ], [ -112.114550659, 25.240559956 ], [ -112.077188568, 25.242289031 ], [ -112.084183913, 25.299600609 ], [ -112.072946416, 25.300277488 ], [ -112.070144172, 25.352501795 ], [ -112.086950505, 25.354918147 ], [ -112.072967807, 25.367488838 ], [ -112.093453422, 25.371560662 ], [ -112.09378142, 25.399615153 ], [ -112.078080298, 25.406449025 ], [ -112.085809642, 25.432975722 ], [ -112.075306575, 25.414834642 ], [ -112.067128016, 25.431043895 ], [ -112.068397677, 25.447215129 ], [ -112.088597626, 25.443007848 ], [ -112.087611366, 25.462696677 ], [ -112.058411779, 25.475759944 ], [ -112.090520226, 25.478850864 ], [ -112.086579838, 25.485382484 ], [ -112.08560188, 25.480606906 ], [ -112.077884439, 25.483601131 ], [ -112.080340891, 25.508546537 ], [ -112.075326545, 25.490313002 ], [ -112.063801455, 25.492943277 ], [ -112.080033198, 25.513719029 ], [ -112.063162691, 25.521556666 ], [ -112.064469929, 25.556350105 ], [ -112.084653692, 25.55794542 ], [ -112.066152702, 25.563966256 ], [ -112.074324131, 25.576868867 ], [ -112.061727105, 25.587429191 ], [ -112.070545892, 25.67942114 ], [ -112.086028398, 25.675877374 ], [ -112.081367034, 25.695764909 ], [ -112.071783015, 25.689235598 ], [ -112.075339394, 25.727865459 ], [ -112.093209611, 25.698784445 ], [ -112.08857668, 25.707544612 ], [ -112.095185336, 25.735812165 ], [ -112.098548935, 25.738385398 ], [ -112.097187577, 25.692549088 ], [ -112.107205108, 25.779470799 ], [ -112.191006924, 25.983462907 ], [ -112.234275043, 26.03527805 ], [ -112.276381985, 26.058691946 ], [ -112.270956814, 26.070760572 ], [ -112.289706967, 26.055189379 ], [ -112.308628441, 26.071731392 ], [ -112.3279687, 26.145304327 ], [ -112.374923178, 26.210385926 ], [ -112.366154864, 26.221616982 ], [ -112.377338331, 26.214585675 ], [ -112.454801684, 26.262091614 ], [ -112.497834236, 26.231575026 ], [ -112.614011879, 26.302086982 ], [ -112.619237176, 26.308996937 ], [ -112.612898292, 26.305027996 ], [ -112.610899544, 26.312808834 ], [ -112.615539493, 26.319304762 ], [ -112.680041922, 26.314664813 ], [ -112.761727629, 26.396239875 ], [ -112.981634222, 26.530539758 ], [ -113.084851852, 26.61860406 ], [ -113.134844328, 26.636093099 ], [ -113.111990794, 26.659335674 ], [ -113.08208097, 26.62284426 ], [ -113.081367131, 26.635450644 ], [ -113.05288209, 26.640195387 ], [ -113.151925167, 26.748830085 ], [ -113.140903112, 26.758307072 ], [ -113.149557604, 26.793016676 ], [ -113.128966248, 26.791740819 ], [ -113.125520789, 26.796042885 ], [ -113.16974733, 26.795586493 ], [ -113.186132219, 26.756020958 ], [ -113.245020971, 26.787935246 ], [ -113.195201006, 26.792575195 ], [ -113.209299313, 26.796293103 ], [ -113.138293497, 26.857961219 ], [ -113.138579032, 26.937482806 ], [ -113.165636203, 26.992777095 ], [ -113.201030686, 26.927996269 ], [ -113.203767066, 26.85051507 ], [ -113.23124984, 26.835227033 ], [ -113.252932679, 26.845309999 ], [ -113.271760164, 26.819522591 ], [ -113.266733553, 26.753224858 ], [ -113.368678176, 26.797483431 ], [ -113.457830435, 26.805306466 ], [ -113.413558269, 26.807034654 ], [ -113.448550622, 26.81031831 ], [ -113.412058019, 26.813516901 ], [ -113.432830713, 26.816449586 ], [ -113.421012872, 26.825701823 ], [ -113.391072957, 26.814625432 ], [ -113.416997185, 26.832554671 ], [ -113.453981314, 26.831398118 ], [ -113.485272535, 26.819328413 ], [ -113.466457073, 26.804008356 ], [ -113.510530063, 26.789527609 ], [ -113.521483035, 26.75298677 ], [ -113.549046712, 26.737510755 ], [ -113.546975153, 26.718851974 ], [ -113.576813594, 26.704746529 ], [ -113.615275202, 26.716567691 ], [ -113.640873443, 26.730873011 ], [ -113.69986504, 26.790935366 ], [ -113.65881325, 26.759733305 ], [ -113.644493208, 26.756478916 ], [ -113.643407976, 26.738369929 ], [ -113.589510596, 26.714093448 ], [ -113.637013174, 26.739678633 ], [ -113.641720144, 26.758502648 ], [ -113.670941879, 26.785560609 ], [ -113.733978178, 26.79975181 ], [ -113.787216238, 26.918030851 ], [ -113.855287859, 26.970797778 ], [ -113.952248063, 26.998984665 ], [ -114.003130559, 26.969502253 ], [ -114.090613692, 27.086479785 ], [ -114.157478926, 27.128731874 ], [ -114.26057519, 27.151554519 ], [ -114.290032917, 27.143504803 ], [ -114.296343843, 27.122739841 ], [ -114.382215378, 27.179491462 ], [ -114.435204246, 27.177116662 ], [ -114.434430804, 27.20924442 ], [ -114.487794685, 27.228294535 ], [ -114.488240344, 27.345794376 ], [ -114.51408248, 27.416866497 ], [ -114.601895957, 27.478747268 ], [ -114.713188039, 27.52145085 ], [ -114.737948562, 27.5242319 ], [ -114.793594502, 27.614995849 ], [ -114.830404764, 27.631095282 ], [ -114.847017847, 27.616946379 ], [ -114.874017277, 27.6433645 ], [ -114.847259727, 27.647938316 ], [ -114.846431674, 27.675697108 ], [ -114.865940497, 27.695309959 ], [ -114.893507852, 27.69004684 ], [ -114.900605053, 27.663505969 ], [ -114.933863489, 27.678029406 ], [ -114.953880279, 27.716334015 ], [ -114.99021186, 27.728779954 ], [ -115.006815682, 27.71643232 ], [ -115.052092159, 27.819997765 ], [ -115.082446421, 27.847947266 ], [ -115.054761285, 27.861751227 ], [ -115.009113705, 27.828752862 ], [ -114.865964113, 27.830482526 ], [ -114.834967641, 27.809339598 ], [ -114.736869194, 27.808514471 ], [ -114.638698818, 27.776925876 ], [ -114.53313408, 27.786199801 ], [ -114.500894986, 27.772140511 ], [ -114.40041235, 27.818534595 ], [ -114.386393552, 27.803110978 ], [ -114.337835696, 27.808053001 ], [ -114.330750851, 27.788963775 ], [ -114.324689174, 27.787684815 ], [ -114.327847909, 27.798570849 ], [ -114.342999127, 27.814513237 ], [ -114.329543275, 27.802508857 ], [ -114.335717976, 27.830640034 ], [ -114.322684149, 27.843835238 ], [ -114.33242756, 27.859134364 ], [ -114.391155376, 27.822504117 ], [ -114.341809162, 27.863526025 ], [ -114.307166113, 27.872282441 ], [ -114.293241507, 27.85968843 ], [ -114.295640004, 27.834911579 ], [ -114.309020189, 27.841709223 ], [ -114.29935577, 27.828466095 ], [ -114.304786652, 27.811874589 ], [ -114.304198449, 27.818165884 ], [ -114.311774653, 27.827101236 ], [ -114.30539389, 27.818392409 ], [ -114.322506974, 27.821285833 ], [ -114.30687106, 27.808090294 ], [ -114.30579364, 27.801798999 ], [ -114.321050339, 27.77599115 ], [ -114.240249316, 27.695668874 ], [ -114.16095627, 27.672195336 ], [ -114.128323152, 27.587866049 ], [ -114.106993664, 27.600868019 ], [ -114.101614892, 27.585905968 ], [ -114.072076931, 27.592970028 ], [ -114.090067988, 27.612194383 ], [ -114.021041609, 27.661343042 ], [ -113.959366837, 27.651479279 ], [ -113.963620124, 27.664840548 ], [ -113.955965397, 27.655817632 ], [ -113.926123514, 27.678366783 ], [ -113.915818908, 27.70954334 ], [ -113.945151173, 27.744943612 ], [ -113.976560764, 27.742786408 ], [ -113.990604343, 27.762124288 ], [ -114.028830803, 27.741298441 ], [ -114.045200067, 27.789676868 ], [ -114.071180807, 27.812211256 ], [ -114.07818832, 27.803065203 ], [ -114.082658732, 27.804323343 ], [ -114.084865682, 27.802514953 ], [ -114.085543828, 27.800658973 ], [ -114.073346116, 27.801528666 ], [ -114.044307721, 27.737393546 ], [ -114.074424559, 27.73671302 ], [ -114.070129632, 27.731040088 ], [ -114.078294723, 27.723016392 ], [ -114.082155399, 27.726555246 ], [ -114.074781479, 27.732836581 ], [ -114.076892031, 27.739114041 ], [ -114.098305752, 27.706858841 ], [ -114.146428269, 27.726177723 ], [ -114.177258521, 27.799468284 ], [ -114.161774307, 27.829441744 ], [ -114.177910027, 27.819629441 ], [ -114.178582225, 27.822948789 ], [ -114.127253036, 27.890016315 ], [ -114.203154967, 27.915922104 ], [ -114.172418279, 27.922269316 ], [ -114.169500465, 27.91262655 ], [ -114.164042577, 27.909473764 ], [ -114.15210958, 27.919428834 ], [ -114.151568252, 27.90331096 ], [ -114.144266281, 27.901764311 ], [ -114.150968692, 27.920191266 ], [ -114.146343615, 27.917826677 ], [ -114.147762369, 27.916393051 ], [ -114.147450065, 27.915881467 ], [ -114.146557767, 27.915732751 ], [ -114.135918007, 27.918916172 ], [ -114.153502224, 27.920822716 ], [ -114.163939134, 27.915067394 ], [ -114.157687101, 27.926893315 ], [ -114.166006291, 27.928377504 ], [ -114.144162839, 27.939693923 ], [ -114.163811238, 27.938168094 ], [ -114.168263805, 27.92845097 ], [ -114.165836755, 27.919254353 ], [ -114.172588475, 27.924135223 ], [ -114.171417372, 27.949074722 ], [ -114.159070349, 27.947861197 ], [ -114.186710763, 27.953102852 ], [ -114.174616558, 27.939485495 ], [ -114.179424854, 27.922319171 ], [ -114.213347153, 27.932500658 ], [ -114.263808461, 27.887454856 ], [ -114.274420857, 27.902082593 ], [ -114.273941395, 27.929722412 ], [ -114.205440447, 28.000000026 ], [ -113.549999999, 27.99999998 ] ] ] ] } },
{ "type": "Feature", "properties": { "cvegeo": "04", "cve_ent": "04", "nomgeo_inegi": "Campeche", "nom_abrev": "Camp.", "pob_total": "928363", "pob_femenina": "471424", "pob_masculina": "456939", "total_viviendas_habitadas": "260824", "estado_csv": "Campeche" }, "geometry": { "type": "MultiPolygon", "coordinates": [ [ [ [ -91.95649652, 20.19699502 ], [ -91.95546742, 20.19652706 ], [ -91.95546448, 20.19611409 ], [ -91.95774352, 20.19674166 ], [ -91.95649652, 20.19699502 ] ] ], [ [ [ -91.97847285, 20.20404197 ], [ -91.97656114, 20.203188 ], [ -91.97655497, 20.20276969 ], [ -91.97896249, 20.20403002 ], [ -91.97847285, 20.20404197 ] ] ], [ [ [ -91.96311843, 20.20171566 ], [ -91.96410668, 20.20240531 ], [ -91.96231978, 20.20861998 ], [ -91.96100658, 20.20347782 ], [ -91.96311843, 20.20171566 ] ] ], [ [ [ -90.49715875, 20.34230018 ], [ -90.49883188, 20.34306717 ], [ -90.49878626, 20.34410723 ], [ -90.49630971, 20.34371123 ], [ -90.49715875, 20.34230018 ] ] ], [ [ [ -90.47039778, 20.62146057 ], [ -90.47090817, 20.59839242 ], [ -90.47825117, 20.61826054 ], [ -90.46965371, 20.65306603 ], [ -90.47039778, 20.62146057 ] ] ], [ [ [ -90.46124867, 20.638329807 ], [ -90.46239086, 20.6393808 ], [ -90.46298168, 20.6475462 ], [ -90.4694454, 20.65842866 ], [ -90.46158498, 20.65551626 ], [ -90.46124867, 20.638329807 ] ] ], [ [ [ -90.45246162, 20.68233912 ], [ -90.45686248, 20.67453085 ], [ -90.45409894, 20.65589163 ], [ -90.46680014, 20.67565097 ], [ -90.45860312, 20.69374432 ], [ -90.45246162, 20.68233912 ] ] ], [ [ [ -90.379357, 20.84832729 ], [ -90.38664878, 20.5555858 ], [ -90.34113811, 20.55370112 ], [ -90.33523611, 20.57634771 ], [ -90.33523611, 20.54131231 ], [ -90.22924097, 20.54356289 ], [ -90.23420799, 20.470466619 ], [ -90.1847879, 20.461046139 ], [ -90.18629757, 20.436932319 ], [ -90.13157125, 20.443077579 ], [ -90.067210652, 20.425225889 ], [ -90.04168845, 20.46645149 ], [ -90.00417368, 20.48702188 ], [ -89.83796388, 20.28717588 ], [ -89.87238231, 20.28762809 ], [ -89.87566069, 20.253101951 ], [ -89.840678169, 20.25102751 ], [ -89.846164909, 20.209686981 ], [ -89.802505279, 20.201605081 ], [ -89.79397478, 20.136171942 ], [ -89.74847417, 20.179269721 ], [ -89.59870389, 19.99819738 ], [ -89.604670079, 19.938284969 ], [ -89.58681034, 19.92046003 ], [ -89.58749975, 19.87442005 ], [ -89.52567237, 19.77555465 ], [ -89.47590946, 19.771220201 ], [ -89.47914943, 19.74064555 ], [ -89.49166182, 19.74222845 ], [ -89.47722008, 19.71105495 ], [ -89.14666685, 19.42386165 ], [ -89.14695143, 19.13315666 ], [ -89.13581978, 19.13237266 ], [ -89.14438185, 18.75591874 ], [ -89.15574225, 18.75311475 ], [ -89.15023782, 18.4510594 ], [ -89.12549018, 18.45062542 ], [ -89.1212292, 18.38584963 ], [ -89.13821406, 18.38554389 ], [ -89.13235954, 18.29340265 ], [ -89.15167366, 18.29356263 ], [ -89.15805868, 18.22132698 ], [ -89.14287263, 18.22416383 ], [ -89.14306597, 18.1458196 ], [ -89.20023665, 18.14462934 ], [ -89.20245778, 18.08327622 ], [ -89.14438286, 18.08244294 ], [ -89.14475354, 18.05769908 ], [ -89.16336069, 18.05788512 ], [ -89.16300383, 18.01851731 ], [ -89.20673894, 18.02107995 ], [ -89.20741428, 17.9926486 ], [ -89.20587205, 17.95409972 ], [ -89.15217009, 17.95360998 ], [ -89.15171385, 17.81561425 ], [ -90.987639504, 17.81547345 ], [ -90.987951717, 17.96254505 ], [ -91.120200304, 17.963375259 ], [ -91.113580647, 17.975850481 ], [ -91.130669145, 17.982250199 ], [ -91.133182257, 17.958009721 ], [ -91.151122965, 17.96267345 ], [ -91.144726737, 17.975159861 ], [ -91.217459546, 17.974986852 ], [ -91.327024316, 18.06266535 ], [ -91.38442535, 18.06406505 ], [ -91.50403591, 18.11645914 ], [ -91.51653218, 18.13048525 ], [ -91.51521285, 18.15495248 ], [ -91.50186354, 18.15556872 ], [ -91.50933734, 18.17105475 ], [ -91.53450514, 18.14617437 ], [ -91.57996602, 18.1581798 ], [ -91.57219912, 18.14201514 ], [ -91.60950468, 18.0984384 ], [ -91.62474038, 17.94907185 ], [ -91.6127136, 17.91291903 ], [ -91.63308922, 17.90501603 ], [ -91.63880594, 17.87395378 ], [ -91.76048731, 17.95762568 ], [ -91.76226654, 17.93901428 ], [ -91.80464422, 17.97255051 ], [ -91.86720786, 17.98326635 ], [ -91.90035477, 18.012147 ], [ -91.96674771, 18.01598845 ], [ -91.97877858, 18.04282972 ], [ -92.04209543, 18.07831882 ], [ -92.03993882, 18.09795034 ], [ -92.0829738, 18.08568831 ], [ -92.121661977, 18.101754631 ], [ -92.160903, 18.15542417 ], [ -92.16442397, 18.19786562 ], [ -92.14893752, 18.21040608 ], [ -92.18324385, 18.27406323 ], [ -92.17295137, 18.27533769 ], [ -92.17614774, 18.45823322 ], [ -92.31028748, 18.45557937 ], [ -92.32252894, 18.47308089 ], [ -92.35380195, 18.4422944 ], [ -92.42526594, 18.51130518 ], [ -92.42503543, 18.55333677 ], [ -92.46574505, 18.61656342 ], [ -92.46879002, 18.65096495 ], [ -91.97596339, 18.699363643 ], [ -91.95094518, 18.692907389 ], [ -91.900876268, 18.630159844 ], [ -91.856686166, 18.612631582 ], [ -91.825873914, 18.63019769 ], [ -91.854044841, 18.647280396 ], [ -91.841340543, 18.664257653 ], [ -91.74356092, 18.679067718 ], [ -91.534359825, 18.779765006 ], [ -91.522398593, 18.765615878 ], [ -91.396490225, 18.890070836 ], [ -91.118158508, 19.031969948 ], [ -90.89920256, 19.183728285 ], [ -90.758314142, 19.307702079 ], [ -90.722662766, 19.35891379 ], [ -90.702956408, 19.486574815 ], [ -90.711916223, 19.562286184 ], [ -90.685556108, 19.625363712 ], [ -90.70627253, 19.654393206 ], [ -90.743680828, 19.655088861 ], [ -90.706360379, 19.65466734 ], [ -90.712362107, 19.671705624 ], [ -90.670978317, 19.71743166 ], [ -90.661306096, 19.758897584 ], [ -90.522111096, 19.85836126 ], [ -90.529126821, 19.865952194 ], [ -90.50887808, 19.866247746 ], [ -90.44730497, 19.95947282 ], [ -90.470666287, 19.985769915 ], [ -90.462564215, 20.014030774 ], [ -90.491234445, 20.061255296 ], [ -90.47877447, 20.113206741 ], [ -90.495150694, 20.160099023 ], [ -90.477432112, 20.185206339 ], [ -90.496683959, 20.340921773 ], [ -90.482864064, 20.3745121 ], [ -90.502616479, 20.464120298 ], [ -90.474983981, 20.470582239 ], [ -90.502154371, 20.471821866 ], [ -90.502312602, 20.497564064 ], [ -90.448173544, 20.633775796 ], [ -90.443320617, 20.719188311 ], [ -90.45254672, 20.685732633 ], [ -90.454013128, 20.703311605 ], [ -90.431171703, 20.746580685 ], [ -90.407478339, 20.768274353 ], [ -90.415398476, 20.816896878 ], [ -90.404524349, 20.846763581 ], [ -90.379357, 20.84832729 ] ] ] ] } },
{ "type": "Feature", "properties": { "cvegeo": "05", "cve_ent": "05", "nomgeo_inegi": "Coahuila de Zaragoza", "nom_abrev": "Coah.", "pob_total": "3146771", "pob_femenina": "1583102", "pob_masculina": "1563669", "total_viviendas_habitadas": "901249", "estado_csv": "Coahuila" }, "geometry": { "type": "Polygon", "coordinates": [ [ [ -102.31548646, 29.87999954 ], [ -102.26509926, 29.86770177 ], [ -102.26033923, 29.85312302 ], [ -102.24643822, 29.8642258 ], [ -102.22323014, 29.84053922 ], [ -102.19626292, 29.83625835 ], [ -102.18702746, 29.848773 ], [ -102.17955255, 29.82606366 ], [ -102.14357611, 29.80357962 ], [ -102.07221611, 29.78661612 ], [ -102.04912109, 29.78546302 ], [ -102.03545009, 29.80424786 ], [ -101.9878646, 29.79699151 ], [ -101.97549366, 29.81567688 ], [ -101.95762055, 29.79587209 ], [ -101.93542615, 29.79955837 ], [ -101.92894863, 29.78271018 ], [ -101.85321343, 29.80776446 ], [ -101.82360118, 29.78727349 ], [ -101.81764666, 29.81167043 ], [ -101.80436775, 29.78004291 ], [ -101.775298489, 29.78917062 ], [ -101.71008145, 29.76181995 ], [ -101.66146498, 29.77125849 ], [ -101.64385643, 29.75407377 ], [ -101.62719463, 29.77086738 ], [ -101.57486134, 29.76927602 ], [ -101.5694834, 29.79681105 ], [ -101.54464818, 29.81218778 ], [ -101.53665428, 29.758121 ], [ -101.46429812, 29.78960991 ], [ -101.44767694, 29.75048505 ], [ -101.40131977, 29.77070686 ], [ -101.41569645, 29.74641462 ], [ -101.37090889, 29.69881046 ], [ -101.36070943, 29.64868832 ], [ -101.34585751, 29.66276094 ], [ -101.30175051, 29.65095928 ], [ -101.3126766, 29.6059042 ], [ -101.30222811, 29.57603295 ], [ -101.278912881, 29.58766902 ], [ -101.27027165, 29.62821998 ], [ -101.24915102, 29.62285629 ], [ -101.24301434, 29.56617058 ], [ -101.25860148, 29.52244057 ], [ -101.18555226, 29.51800186 ], [ -101.14763303, 29.47446149 ], [ -101.06181234, 29.46424552 ], [ -101.01005872, 29.36853217 ], [ -100.88643557, 29.30777515 ], [ -100.87686829, 29.28014357 ], [ -100.81378511, 29.26371198 ], [ -100.76701315, 29.19570603 ], [ -100.77277951, 29.16839152 ], [ -100.67611903, 29.1032956 ], [ -100.64566652, 28.9878984 ], [ -100.65145648, 28.94286371 ], [ -100.62965166, 28.92255071 ], [ -100.64091434, 28.91461526 ], [ -100.60095071, 28.9016104 ], [ -100.57442285, 28.82855217 ], [ -100.54763174, 28.82624037 ], [ -100.53512848, 28.80471143 ], [ -100.53344466, 28.75881146 ], [ -100.507370428, 28.740417619 ], [ -100.5001772, 28.66166815 ], [ -100.44617918, 28.6416892 ], [ -100.44715694, 28.60922703 ], [ -100.39869382, 28.58537602 ], [ -100.41099986, 28.54975202 ], [ -100.38854026, 28.51539898 ], [ -100.33387442, 28.49928166 ], [ -100.36839923, 28.47666689 ], [ -100.33746783, 28.44302246 ], [ -100.34293138, 28.38715775 ], [ -100.28676006, 28.31324246 ], [ -100.29362129, 28.27876337 ], [ -100.25451509, 28.23787397 ], [ -100.22063695, 28.23275797 ], [ -100.20916112, 28.19122623 ], [ -100.08460986, 28.14502869 ], [ -100.05300302, 28.08505242 ], [ -100.01774709, 28.06513351 ], [ -99.99049226, 27.99361654 ], [ -99.93122437, 27.98058302 ], [ -99.93764985, 27.94218948 ], [ -99.89352798, 27.89947955 ], [ -99.90408262, 27.87370492 ], [ -99.87696246, 27.84146632 ], [ -99.87763634, 27.79965134 ], [ -99.84436529, 27.77843668 ], [ -99.99884483, 27.6152794 ], [ -100.18842552, 27.79913718 ], [ -100.35060985, 27.68459855 ], [ -100.41769955, 27.393632751 ], [ -100.67800622, 27.33479731 ], [ -100.83412342, 27.19517397 ], [ -100.8305614, 27.07388548 ], [ -100.79943612, 27.04583075 ], [ -100.765864, 27.06332515 ], [ -100.74771354, 27.03625678 ], [ -100.73583582, 27.04757972 ], [ -100.74862098, 27.08125282 ], [ -100.71965962, 27.07920338 ], [ -100.68271871, 27.11139458 ], [ -100.67424249, 27.08460497 ], [ -100.53399785, 27.04558443 ], [ -100.55135866, 26.85872974 ], [ -100.53815575, 26.8085582 ], [ -100.59013583, 26.75952066 ], [ -100.6144002, 26.68563889 ], [ -100.69122889, 26.61378942 ], [ -100.75303545, 26.7352078 ], [ -101.20676271, 26.3697782 ], [ -101.09761969, 26.25291042 ], [ -101.068574659, 26.189031031 ], [ -100.98274205, 26.1394772 ], [ -100.942898019, 26.08678906 ], [ -100.91641566, 26.075610551 ], [ -100.90553165, 25.95694571 ], [ -100.83442488, 25.94504291 ], [ -100.822668939, 25.916884541 ], [ -100.8619014, 25.818478621 ], [ -100.80561395, 25.7243018 ], [ -100.783420248, 25.63967843 ], [ -100.729772889, 25.63389566 ], [ -100.69028634, 25.56710078 ], [ -100.632901849, 25.57129935 ], [ -100.614732539, 25.542346911 ], [ -100.538435909, 25.531853921 ], [ -100.52969932, 25.514392881 ], [ -100.599750339, 25.519959521 ], [ -100.61909058, 25.505691081 ], [ -100.579510309, 25.49454398 ], [ -100.584889089, 25.470813051 ], [ -100.53088315, 25.46346765 ], [ -100.52270309, 25.43432472 ], [ -100.451878369, 25.41081072 ], [ -100.470098819, 25.337789851 ], [ -100.41456068, 25.326998111 ], [ -100.313023449, 25.33636722 ], [ -100.25413843, 25.306908771 ], [ -100.243141909, 25.267443351 ], [ -100.26251012, 25.2540228 ], [ -100.229575599, 25.217916511 ], [ -100.261383509, 25.207070571 ], [ -100.32555012, 25.222258751 ], [ -100.33200742, 25.18628522 ], [ -100.595685549, 25.254762511 ], [ -100.70888778, 25.23645757 ], [ -100.80313045, 25.16525846 ], [ -100.821505599, 24.996710831 ], [ -100.727495489, 24.91871655 ], [ -100.82613242, 24.83500457 ], [ -100.796978249, 24.750806911 ], [ -100.79993412, 24.55618608 ], [ -100.81041635, 24.551593781 ], [ -100.90223378, 24.583917741 ], [ -100.958792599, 24.542684061 ], [ -101.08049514, 24.59118531 ], [ -101.1276196, 24.623361771 ], [ -101.2017256, 24.765488321 ], [ -101.34214157, 24.813352511 ], [ -101.40215706, 24.788222431 ], [ -101.461639349, 24.73675682 ], [ -101.62226971, 24.75898308 ], [ -101.64076723, 24.80070354 ], [ -101.60901163, 24.78966414 ], [ -101.60126063, 24.8355632 ], [ -101.65633177, 24.86079317 ], [ -101.68514949, 24.84001266 ], [ -101.77346295, 24.87553512 ], [ -101.84881, 25.01762362 ], [ -102.29551303, 25.12523551 ], [ -102.4633252, 25.11591615 ], [ -102.44676345, 24.99951542 ], [ -102.66969398, 25.06663649 ], [ -102.85313072, 24.77200095 ], [ -102.85640278, 24.73977397 ], [ -102.86964249, 24.74204942 ], [ -102.97518223, 24.79945197 ], [ -103.00513802, 24.79321815 ], [ -103.09294691, 24.82286143 ], [ -103.25914589, 24.96465877 ], [ -103.24656308, 24.9960266 ], [ -103.27801522, 25.03461417 ], [ -103.26218034, 25.05854931 ], [ -103.35953931, 25.11002885 ], [ -103.40285778, 25.18234891 ], [ -103.51093663, 25.2798166 ], [ -103.46205937, 25.37631094 ], [ -103.40669917, 25.3989014 ], [ -103.3369162, 25.37123114 ], [ -103.34136772, 25.41014223 ], [ -103.369062, 25.41646072 ], [ -103.49441429, 25.5377318 ], [ -103.45544475, 25.55706145 ], [ -103.41602526, 25.6144216 ], [ -103.42477012, 25.62367992 ], [ -103.40327558, 25.62812829 ], [ -103.40600325, 25.64502715 ], [ -103.38142223, 25.64034234 ], [ -103.33943689, 25.70760482 ], [ -103.35283606, 25.71655309 ], [ -103.333705218, 25.738736109 ], [ -103.318587659, 25.81270129 ], [ -103.346360109, 25.860304381 ], [ -103.350488219, 26.142389951 ], [ -103.26082526, 26.28472682 ], [ -103.3167926, 26.361776181 ], [ -103.37418349, 26.60235489 ], [ -103.64389145, 26.69015849 ], [ -103.658255999, 26.71948395 ], [ -103.71524869, 26.73507726 ], [ -103.75396792, 26.82957345 ], [ -103.85170071, 26.89613383 ], [ -103.83591918, 26.93581335 ], [ -103.85208903, 26.93461942 ], [ -103.78462875, 26.98069852 ], [ -103.77994769, 27.00888629 ], [ -103.74083437, 27.02252175 ], [ -103.7524612, 27.0779196 ], [ -103.78347032, 27.0912056 ], [ -103.79939848, 27.12472954 ], [ -103.79842734, 27.21347569 ], [ -103.83212255, 27.29829348 ], [ -103.87687602, 27.31159214 ], [ -103.85460095, 27.54943274 ], [ -103.89726286, 27.65654877 ], [ -103.88324458, 27.65759182 ], [ -103.89669229, 27.74055725 ], [ -103.88114534, 27.73918574 ], [ -103.93564955, 27.79755274 ], [ -103.90084392, 27.82685726 ], [ -103.96000192, 27.83530902 ], [ -103.94333128, 27.88884322 ], [ -103.95497349, 27.950821 ], [ -103.93564309, 27.94534237 ], [ -103.94186758, 27.92779649 ], [ -103.89288585, 27.91402297 ], [ -103.87771594, 27.95749034 ], [ -103.92669189, 27.97135675 ], [ -103.86749986, 28.11213568 ], [ -103.6430108, 28.51246188 ], [ -103.64794446, 28.53298348 ], [ -103.6245676, 28.58114651 ], [ -103.601008401, 28.5749074 ], [ -103.59191588, 28.59083426 ], [ -103.61604603, 28.59819472 ], [ -103.59637371, 28.63947455 ], [ -103.58200149, 28.62879351 ], [ -103.57265895, 28.64063917 ], [ -103.55729531, 28.61128068 ], [ -103.51451214, 28.66499785 ], [ -103.43166305, 28.81318035 ], [ -103.41001538, 28.84092238 ], [ -103.39634672, 28.83352857 ], [ -103.40365025, 28.86925417 ], [ -103.30763997, 29.00328566 ], [ -103.28790522, 29.00205185 ], [ -103.27992203, 28.97588749 ], [ -103.26734155, 28.99600369 ], [ -103.25052162, 28.98026017 ], [ -103.22799637, 28.99171294 ], [ -103.16386572, 28.97204646 ], [ -103.1158546, 28.98435728 ], [ -103.10070966, 29.06033088 ], [ -103.08587402, 29.05381274 ], [ -103.07597215, 29.09142142 ], [ -103.03379728, 29.10120397 ], [ -102.99527409, 29.17964382 ], [ -102.95081937, 29.17352865 ], [ -102.94318534, 29.19159575 ], [ -102.91789497, 29.19083738 ], [ -102.91231168, 29.21943369 ], [ -102.89436995, 29.20857288 ], [ -102.86735906, 29.22372677 ], [ -102.87150929, 29.24159962 ], [ -102.90630691, 29.25931906 ], [ -102.88398172, 29.34798051 ], [ -102.83921977, 29.35889535 ], [ -102.84493677, 29.37430828 ], [ -102.81238971, 29.40026832 ], [ -102.83322283, 29.41019669 ], [ -102.82537702, 29.45793814 ], [ -102.800667179, 29.48614229 ], [ -102.80832074, 29.52264025 ], [ -102.77104982, 29.54840017 ], [ -102.76841658, 29.59494478 ], [ -102.74020134, 29.59789948 ], [ -102.74102143, 29.63586372 ], [ -102.69330814, 29.67672403 ], [ -102.69862258, 29.69734915 ], [ -102.67486902, 29.74405546 ], [ -102.63028162, 29.73403949 ], [ -102.57403569, 29.75501951 ], [ -102.56956702, 29.7717444 ], [ -102.54804935, 29.74460308 ], [ -102.51367138, 29.76573815 ], [ -102.517778199, 29.78393991 ], [ -102.48724835, 29.78692866 ], [ -102.38757609, 29.76150885 ], [ -102.36490738, 29.8455472 ], [ -102.31548646, 29.87999954 ] ] ] } },
{ "type": "Feature", "properties": { "cvegeo": "06", "cve_ent": "06", "nomgeo_inegi": "Colima", "nom_abrev": "Col.", "pob_total": "731391", "pob_femenina": "370769", "pob_masculina": "360622", "total_viviendas_habitadas": "227050", "estado_csv": "Colima" }, "geometry": { "type": "MultiPolygon", "coordinates": [ [ [ [ -114.737343156, 18.372059999 ], [ -114.689607707, 18.37113592 ], [ -114.680502166, 18.36130842 ], [ -114.698368408, 18.34515923 ], [ -114.752103047, 18.33886391 ], [ -114.756376125, 18.365303726 ], [ -114.737343156, 18.372059999 ] ] ], [ [ [ -104.486069043, 19.104844646 ], [ -104.484882547, 19.102822295 ], [ -104.487341392, 19.101207212 ], [ -104.488821528, 19.103569806 ], [ -104.486069043, 19.104844646 ] ] ], [ [ [ -110.986336276, 18.861140359 ], [ -110.940263049, 18.834317717 ], [ -110.907745076, 18.778911535 ], [ -110.920091834, 18.732295176 ], [ -110.951474521, 18.719222983 ], [ -110.970817339, 18.745283581 ], [ -111.015535534, 18.753744181 ], [ -111.035862032, 18.787923753 ], [ -111.049110678, 18.779854984 ], [ -111.055591439, 18.78068887 ], [ -111.040968886, 18.798441098 ], [ -111.052058196, 18.816302956 ], [ -111.012935734, 18.825372714 ], [ -110.986336276, 18.861140359 ] ] ], [ [ [ -112.06431266, 18.99157018 ], [ -112.06613129, 18.99214818 ], [ -112.06624491, 18.99336263 ], [ -112.06565228, 18.99324622 ], [ -112.06431266, 18.99157018 ] ] ], [ [ [ -103.61827651, 19.51251877 ], [ -103.60619931, 19.50055786 ], [ -103.61535757, 19.47499545 ], [ -103.57426842, 19.41156232 ], [ -103.48642998, 19.33789065 ], [ -103.50918158, 19.29514991 ], [ -103.51523852, 19.2113518 ], [ -103.49763088, 19.17464215 ], [ -103.52648063, 19.07872805 ], [ -103.48850554, 19.02758675 ], [ -103.49878222, 19.01167365 ], [ -103.48845302, 18.96390518 ], [ -103.50860145, 18.96367132 ], [ -103.53134792, 18.90625912 ], [ -103.55807468, 18.90658043 ], [ -103.57324414, 18.87132789 ], [ -103.58757569, 18.86584695 ], [ -103.61555611, 18.89242088 ], [ -103.63028009, 18.88532485 ], [ -103.64057237, 18.86724449 ], [ -103.61718726, 18.84285134 ], [ -103.62003102, 18.8013832 ], [ -103.70030265, 18.75435575 ], [ -103.737905233, 18.684022942 ], [ -103.80341894, 18.74891023 ], [ -103.983208415, 18.872251432 ], [ -104.16081369, 18.96268391 ], [ -104.33206412, 19.01762188 ], [ -104.33007425, 19.05115986 ], [ -104.305351631, 19.057295569 ], [ -104.303953698, 19.071855489 ], [ -104.333972977, 19.102160305 ], [ -104.35415534, 19.0910378 ], [ -104.35540855, 19.11538385 ], [ -104.39394294, 19.11461295 ], [ -104.395431405, 19.085027015 ], [ -104.411320255, 19.106449778 ], [ -104.438474665, 19.098395303 ], [ -104.43641575, 19.08604672 ], [ -104.44171798, 19.08325675 ], [ -104.4514724, 19.10848372 ], [ -104.48938205, 19.12455315 ], [ -104.60400929, 19.15086612 ], [ -104.69058569, 19.17697588 ], [ -104.68093592, 19.18377375 ], [ -104.68361231, 19.18995792 ], [ -104.67997934, 19.19317152 ], [ -104.61882157, 19.18085145 ], [ -104.61283389, 19.15548282 ], [ -104.58984008, 19.15009522 ], [ -104.60028748, 19.17905337 ], [ -104.57693762, 19.1802046 ], [ -104.56911274, 19.21869523 ], [ -104.53028786, 19.25978883 ], [ -104.50838474, 19.24422505 ], [ -104.49453543, 19.25394705 ], [ -104.48895489, 19.22994337 ], [ -104.47167291, 19.22883585 ], [ -104.43925912, 19.27798786 ], [ -104.4009456, 19.2890698 ], [ -104.40132251, 19.26681303 ], [ -104.37427346, 19.28188398 ], [ -104.36187369, 19.26907842 ], [ -104.34388029, 19.28954598 ], [ -104.31480391, 19.27935589 ], [ -104.297591, 19.30267077 ], [ -104.26117905, 19.3118062 ], [ -104.19166737, 19.29220977 ], [ -104.179801319, 19.312562121 ], [ -104.16164983, 19.30271965 ], [ -104.12298462, 19.31904194 ], [ -104.13334412, 19.353745831 ], [ -104.090226219, 19.3930248 ], [ -104.06172506, 19.49770294 ], [ -104.00004555, 19.468828831 ], [ -103.97400709, 19.474552911 ], [ -103.96479866, 19.454162651 ], [ -103.8995216, 19.43454725 ], [ -103.90876546, 19.45362831 ], [ -103.88933089, 19.46359731 ], [ -103.85645277, 19.43133054 ], [ -103.82413489, 19.43778825 ], [ -103.81925286, 19.40873971 ], [ -103.71825732, 19.45349751 ], [ -103.69004529, 19.49244777 ], [ -103.61827651, 19.51251877 ] ] ], [ [ [ -110.801021451, 19.334874325 ], [ -110.796283879, 19.302702156 ], [ -110.812655325, 19.298234779 ], [ -110.818851272, 19.306517533 ], [ -110.801021451, 19.334874325 ] ] ] ] } },
{ "type": "Feature", "properties": { "cvegeo": "07", "cve_ent": "07", "nomgeo_inegi": "Chiapas", "nom_abrev": "Chis.", "pob_total": "5543828", "pob_femenina": "2837881", "pob_masculina": "2705947", "total_viviendas_habitadas": "1351630", "estado_csv": "Chiapas" }, "geometry": { "type": "Polygon", "coordinates": [ [ [ -91.99567109, 17.94258997 ], [ -91.97845257, 17.91368865 ], [ -91.93959785, 17.90629306 ], [ -91.95683277, 17.87992991 ], [ -91.94840917, 17.86330835 ], [ -91.92806134, 17.87082251 ], [ -91.91812769, 17.89951965 ], [ -91.84968629, 17.8828646 ], [ -91.81090755, 17.89940117 ], [ -91.80436874, 17.86886645 ], [ -91.77969046, 17.85129858 ], [ -91.79237158, 17.82451694 ], [ -91.78225312, 17.78248463 ], [ -91.79016174, 17.74601811 ], [ -91.83066169, 17.73767723 ], [ -91.76785262, 17.703115451 ], [ -91.73880623, 17.71080865 ], [ -91.68137726, 17.67013372 ], [ -91.67299249, 17.68347243 ], [ -91.65474351, 17.67615712 ], [ -91.65989858, 17.630447461 ], [ -91.64456749, 17.621924551 ], [ -91.6635632, 17.61216714 ], [ -91.6388274, 17.58146943 ], [ -91.63428774, 17.534624261 ], [ -91.66281677, 17.47981674 ], [ -91.69979725, 17.46711105 ], [ -91.6652056, 17.46166023 ], [ -91.67204314, 17.44405882 ], [ -91.57968832, 17.40734382 ], [ -91.55879354, 17.40052958 ], [ -91.55785669, 17.42224415 ], [ -91.53724422, 17.41973617 ], [ -91.50993554, 17.39220271 ], [ -91.41983262, 17.37407068 ], [ -91.41677535, 17.34562712 ], [ -91.38351423, 17.31283055 ], [ -91.38954918, 17.29951645 ], [ -91.42552935, 17.30184412 ], [ -91.43975886, 17.25000005 ], [ -91.42742435, 17.21659483 ], [ -91.35474766, 17.19077114 ], [ -91.34648977, 17.15902712 ], [ -91.32445028, 17.18274731 ], [ -91.26644706, 17.17013303 ], [ -91.26694323, 17.10787811 ], [ -91.22695802, 17.09505897 ], [ -91.17525329, 17.015704 ], [ -91.12275903, 17.00338394 ], [ -91.12004969, 16.97752834 ], [ -91.06448006, 16.92512975 ], [ -91.06562732, 16.90285825 ], [ -91.00711226, 16.88618351 ], [ -90.98783149, 16.86308495 ], [ -90.98506309, 16.89795408 ], [ -90.96500934, 16.90150002 ], [ -90.95450922, 16.88447417 ], [ -90.97405478, 16.86362646 ], [ -90.9336388, 16.85932649 ], [ -90.92176512, 16.82193538 ], [ -90.87771254, 16.82378622 ], [ -90.84878448, 16.79653488 ], [ -90.80409192, 16.7987158 ], [ -90.80280938, 16.77623451 ], [ -90.71525803, 16.72789066 ], [ -90.65759562, 16.63945765 ], [ -90.65335789, 16.59450305 ], [ -90.666841438, 16.581806451 ], [ -90.644634918, 16.579077221 ], [ -90.640492527, 16.595814261 ], [ -90.625600728, 16.577704341 ], [ -90.647077577, 16.560517781 ], [ -90.645410087, 16.518643482 ], [ -90.616583698, 16.521789621 ], [ -90.605625458, 16.503637341 ], [ -90.632493653, 16.480079851 ], [ -90.59519665, 16.49077538 ], [ -90.58844568, 16.46968582 ], [ -90.54701191, 16.48235109 ], [ -90.52780171, 16.45771622 ], [ -90.51421577, 16.46989634 ], [ -90.49580414, 16.45348855 ], [ -90.480353, 16.46126294 ], [ -90.48608745, 16.423912 ], [ -90.42072422, 16.42489654 ], [ -90.40771988, 16.40403325 ], [ -90.39426894, 16.41593552 ], [ -90.401126, 16.39143189 ], [ -90.37032603, 16.36592792 ], [ -90.39581203, 16.37451155 ], [ -90.40976588, 16.36301589 ], [ -90.4093142, 16.34589914 ], [ -90.40303437, 16.36105657 ], [ -90.38164231, 16.33844958 ], [ -90.41001091, 16.32918294 ], [ -90.41164372, 16.30723629 ], [ -90.43857015, 16.30209534 ], [ -90.42242988, 16.25917891 ], [ -90.45471658, 16.24864791 ], [ -90.42782686, 16.23319554 ], [ -90.45667331, 16.20950568 ], [ -90.45197822, 16.18504037 ], [ -90.424505, 16.16318445 ], [ -90.45025012, 16.1499508 ], [ -90.42788114, 16.13712138 ], [ -90.4297658, 16.11776886 ], [ -90.45144591, 16.12450402 ], [ -90.45661157, 16.11214872 ], [ -90.45366957, 16.09225914 ], [ -90.4250384, 16.10366702 ], [ -90.44084089, 16.07419489 ], [ -91.73138415, 16.07402037 ], [ -92.21007594, 15.26121538 ], [ -92.05919722, 15.07033365 ], [ -92.08566582, 15.02072886 ], [ -92.12698292, 15.01523662 ], [ -92.150767629, 14.986917571 ], [ -92.136216309, 14.891649571 ], [ -92.18483409, 14.82826425 ], [ -92.16072585, 14.77349654 ], [ -92.1699306, 14.74374966 ], [ -92.14749471, 14.71903454 ], [ -92.14573814, 14.66344258 ], [ -92.17705438, 14.62622563 ], [ -92.18247635, 14.57832948 ], [ -92.22675194, 14.53209837 ], [ -92.41553564, 14.692790562 ], [ -92.40870149, 14.70245568 ], [ -92.43257322, 14.72842346 ], [ -92.85397771, 15.1587866 ], [ -93.33234555, 15.59112458 ], [ -93.74898129, 15.89651502 ], [ -93.89075591, 15.97262446 ], [ -93.95715015, 15.98460197 ], [ -94.03600811, 16.02209472 ], [ -94.1095676, 16.17910125 ], [ -94.04846992, 16.21617148 ], [ -94.032961, 16.27594497 ], [ -94.05066485, 16.32971392 ], [ -94.139156, 16.46178643 ], [ -93.86091577, 17.16374114 ], [ -93.82713769, 17.172503481 ], [ -93.798305843, 17.241922641 ], [ -93.788609505, 17.232327342 ], [ -93.772450198, 17.245823559 ], [ -93.662694365, 17.256276902 ], [ -93.664411458, 17.286193385 ], [ -93.607939816, 17.314930021 ], [ -93.51380472, 17.442805261 ], [ -93.514878599, 17.49032282 ], [ -93.48414582, 17.54987655 ], [ -93.451707049, 17.54648423 ], [ -93.44594562, 17.58598569 ], [ -93.420489909, 17.590047941 ], [ -93.38478872, 17.64437794 ], [ -93.35627777, 17.64803745 ], [ -93.35430235, 17.71288218 ], [ -93.39054783, 17.77339971 ], [ -93.34913509, 17.76708528 ], [ -93.34311188, 17.78751668 ], [ -93.380948489, 17.783164951 ], [ -93.36661095, 17.80292332 ], [ -93.34058598, 17.79812055 ], [ -93.34089685, 17.93033066 ], [ -93.29800969, 17.93858178 ], [ -93.27832269, 17.985287801 ], [ -93.24092098, 17.95009469 ], [ -93.19200158, 17.95613572 ], [ -93.12912889, 17.90785238 ], [ -93.09137594, 17.89756125 ], [ -93.13180032, 17.85231642 ], [ -93.11564075, 17.82221263 ], [ -93.10164546, 17.84582834 ], [ -93.043126309, 17.84257731 ], [ -93.02543628, 17.82541845 ], [ -93.0120134, 17.79366903 ], [ -93.04263828, 17.76841151 ], [ -93.05772471, 17.72048875 ], [ -93.03711608, 17.70338191 ], [ -93.04052534, 17.60982815 ], [ -92.98048968, 17.53756283 ], [ -92.99264832, 17.53001572 ], [ -92.98487342, 17.51130786 ], [ -92.96804212, 17.51797272 ], [ -92.94811983, 17.48274302 ], [ -92.93919943, 17.50244731 ], [ -92.88735617, 17.51046354 ], [ -92.85980875, 17.50028155 ], [ -92.84987592, 17.46897814 ], [ -92.83155248, 17.48085717 ], [ -92.81963085, 17.43274595 ], [ -92.85426446, 17.41119763 ], [ -92.82921632, 17.39630049 ], [ -92.8293996, 17.40859934 ], [ -92.78579471, 17.41752729 ], [ -92.7541802, 17.34329866 ], [ -92.67876503, 17.37849357 ], [ -92.66818515, 17.45669457 ], [ -92.65940828, 17.44428474 ], [ -92.60582514, 17.47737574 ], [ -92.59698969, 17.52035965 ], [ -92.57141092, 17.54960862 ], [ -92.53007342, 17.54999842 ], [ -92.51998489, 17.57304977 ], [ -92.4020786, 17.57804011 ], [ -92.35067371, 17.61793406 ], [ -92.34989703, 17.70278472 ], [ -92.33734726, 17.71208963 ], [ -92.27462289, 17.69225805 ], [ -92.1944994, 17.77664118 ], [ -92.18848715, 17.76813463 ], [ -92.17195018, 17.78656785 ], [ -92.15170817, 17.76456888 ], [ -92.13082542, 17.76608035 ], [ -92.14658277, 17.814676 ], [ -92.12048163, 17.79597269 ], [ -92.10203335, 17.85088017 ], [ -92.04940708, 17.85477203 ], [ -92.07179705, 17.87767365 ], [ -92.00335506, 17.89051818 ], [ -91.99567109, 17.94258997 ] ] ] } },
{ "type": "Feature", "properties": { "cvegeo": "08", "cve_ent": "08", "nomgeo_inegi": "Chihuahua", "nom_abrev": "Chih.", "pob_total": "3741869", "pob_femenina": "1888047", "pob_masculina": "1853822", "total_viviendas_habitadas": "1146915", "estado_csv": "Chihuahua" }, "geometry": { "type": "Polygon", "coordinates": [ [ [ -107.653144712, 31.783687185 ], [ -106.52852328, 31.78381745 ], [ -106.487545509, 31.74771686 ], [ -106.45205102, 31.76462323 ], [ -106.38126846, 31.73233505 ], [ -106.20813086, 31.46758191 ], [ -106.08019657, 31.39860278 ], [ -106.00478206, 31.39265502 ], [ -105.95351088, 31.36409434 ], [ -105.93782774, 31.31823991 ], [ -105.87033131, 31.28971583 ], [ -105.78327494, 31.19815103 ], [ -105.77257749, 31.16620818 ], [ -105.74189889, 31.16470774 ], [ -105.60414225, 31.08326806 ], [ -105.557586051, 30.99004963 ], [ -105.5028488, 30.96800982 ], [ -105.49152523, 30.94230295 ], [ -105.40009526, 30.88938343 ], [ -105.40118646, 30.853188 ], [ -105.339103911, 30.84025642 ], [ -105.31650765, 30.81087883 ], [ -105.2911616, 30.82582785 ], [ -105.25636495, 30.79442329 ], [ -105.21555248, 30.80589948 ], [ -105.216820371, 30.78354345 ], [ -105.19555955, 30.7922542 ], [ -105.17554989, 30.76757963 ], [ -105.16591494, 30.77953888 ], [ -105.16168874, 30.75241708 ], [ -105.11858777, 30.7495948 ], [ -105.06193671, 30.68582212 ], [ -105.00690286, 30.68577969 ], [ -104.97167665, 30.61000406 ], [ -104.92236058, 30.60353202 ], [ -104.86648745, 30.49403343 ], [ -104.86824252, 30.44202746 ], [ -104.84783583, 30.42068025 ], [ -104.85916217, 30.39040106 ], [ -104.81656712, 30.3751166 ], [ -104.81128245, 30.33265306 ], [ -104.76533029, 30.30611662 ], [ -104.76318688, 30.274583 ], [ -104.70619483, 30.23413143 ], [ -104.6862572, 30.17291975 ], [ -104.69645023, 30.13467546 ], [ -104.68508608, 30.08539674 ], [ -104.70659308, 30.05057609 ], [ -104.68984332, 30.014956 ], [ -104.69348703, 29.97583338 ], [ -104.68102966, 29.97759382 ], [ -104.68500558, 29.95660105 ], [ -104.67347555, 29.956011 ], [ -104.68294991, 29.92917455 ], [ -104.56534654, 29.77013492 ], [ -104.56970989, 29.75246738 ], [ -104.54971498, 29.74140014 ], [ -104.56043803, 29.7360788 ], [ -104.5308432, 29.69049831 ], [ -104.54415995, 29.68070422 ], [ -104.5083344, 29.63265128 ], [ -104.47635075, 29.62832972 ], [ -104.39898177, 29.57300449 ], [ -104.38492332, 29.54299146 ], [ -104.35615365, 29.54119475 ], [ -104.33538326, 29.51979569 ], [ -104.31340838, 29.53175855 ], [ -104.23682122, 29.49714557 ], [ -104.23075043, 29.47911815 ], [ -104.21288222, 29.48508883 ], [ -104.21750685, 29.45611855 ], [ -104.16792935, 29.39551485 ], [ -104.10781323, 29.37357469 ], [ -104.03789389, 29.31990517 ], [ -103.78332466, 29.26551888 ], [ -103.77730274, 29.22193378 ], [ -103.76038022, 29.23345717 ], [ -103.74264712, 29.22229665 ], [ -103.71827848, 29.18114751 ], [ -103.65922657, 29.17059042 ], [ -103.65014597, 29.15669395 ], [ -103.55407248, 29.15851603 ], [ -103.43281714, 29.04363165 ], [ -103.35960405, 29.01878609 ], [ -103.34508152, 29.04680222 ], [ -103.32748475, 29.03989532 ], [ -103.33647503, 29.01817331 ], [ -103.30688778, 29.02377863 ], [ -103.35770066, 28.92025063 ], [ -103.40365025, 28.86925417 ], [ -103.39634672, 28.83352857 ], [ -103.41001538, 28.84092238 ], [ -103.43166305, 28.81318035 ], [ -103.51451214, 28.66499785 ], [ -103.55729531, 28.61128068 ], [ -103.57265895, 28.64063917 ], [ -103.58200149, 28.62879351 ], [ -103.59637371, 28.63947455 ], [ -103.61604603, 28.59819472 ], [ -103.59191588, 28.59083426 ], [ -103.601008401, 28.5749074 ], [ -103.6245676, 28.58114651 ], [ -103.64794446, 28.53298348 ], [ -103.6430108, 28.51246188 ], [ -103.86749986, 28.11213568 ], [ -103.92669189, 27.97135675 ], [ -103.87771594, 27.95749034 ], [ -103.89288585, 27.91402297 ], [ -103.94186758, 27.92779649 ], [ -103.93564309, 27.94534237 ], [ -103.95497349, 27.950821 ], [ -103.94333128, 27.88884322 ], [ -103.96000192, 27.83530902 ], [ -103.90084392, 27.82685726 ], [ -103.93564955, 27.79755274 ], [ -103.88114534, 27.73918574 ], [ -103.89669229, 27.74055725 ], [ -103.88324458, 27.65759182 ], [ -103.89726286, 27.65654877 ], [ -103.85460095, 27.54943274 ], [ -103.87687602, 27.31159214 ], [ -103.83212255, 27.29829348 ], [ -103.79842734, 27.21347569 ], [ -103.79939848, 27.12472954 ], [ -103.78347032, 27.0912056 ], [ -103.7524612, 27.0779196 ], [ -103.74083437, 27.02252175 ], [ -103.77994769, 27.00888629 ], [ -103.78462875, 26.98069852 ], [ -103.85208903, 26.93461942 ], [ -103.83591918, 26.93581335 ], [ -103.85170071, 26.89613383 ], [ -103.75396792, 26.82957345 ], [ -103.69909411, 26.72525638 ], [ -103.86129849, 26.75409457 ], [ -103.99383283, 26.75361042 ], [ -103.99499549, 26.77754026 ], [ -104.03319062, 26.77439149 ], [ -104.04573782, 26.74297654 ], [ -104.22780885, 26.77715363 ], [ -104.27304242, 26.84227952 ], [ -104.31530657, 26.79906952 ], [ -104.30176194, 26.77194857 ], [ -104.3172796, 26.76073675 ], [ -104.28654348, 26.725403 ], [ -104.33038743, 26.65653292 ], [ -104.43477525, 26.60452054 ], [ -104.50282863, 26.46584592 ], [ -104.50097438, 26.41475743 ], [ -104.57445148, 26.34046828 ], [ -104.59385649, 26.38043965 ], [ -104.62008858, 26.36884265 ], [ -104.65407538, 26.39105302 ], [ -104.72703634, 26.47796492 ], [ -104.80927414, 26.50849742 ], [ -104.89890032, 26.51001831 ], [ -104.94437668, 26.46834469 ], [ -104.96321518, 26.47339092 ], [ -104.9631036, 26.44918435 ], [ -105.00038937, 26.45495083 ], [ -105.05663403, 26.41930054 ], [ -105.10154955, 26.52140552 ], [ -105.26468258, 26.46207275 ], [ -105.27908188, 26.48747537 ], [ -105.31675243, 26.46228678 ], [ -105.35276537, 26.47887648 ], [ -105.34270611, 26.50451551 ], [ -105.36862468, 26.53426945 ], [ -105.40342757, 26.51752466 ], [ -105.47014242, 26.52789805 ], [ -105.47151398, 26.50870168 ], [ -105.49608532, 26.54285188 ], [ -105.54900303, 26.54657858 ], [ -105.61948726, 26.68350945 ], [ -105.60101006, 26.61484889 ], [ -105.67488306, 26.61767031 ], [ -105.670948, 26.63522646 ], [ -105.68988005, 26.65718885 ], [ -105.704798769, 26.65290769 ], [ -105.74634185, 26.71386858 ], [ -105.79426129, 26.69876726 ], [ -105.77580868, 26.66093314 ], [ -105.86543746, 26.74737586 ], [ -105.89410174, 26.74100949 ], [ -105.89833697, 26.76385388 ], [ -105.90860609, 26.75283782 ], [ -105.93919351, 26.76321552 ], [ -106.04733909, 26.84487591 ], [ -106.10064266, 26.75933318 ], [ -106.1252624, 26.77941037 ], [ -106.17762645, 26.77233658 ], [ -106.17658083, 26.72772205 ], [ -106.141444, 26.72078665 ], [ -106.13067448, 26.70220338 ], [ -106.17266208, 26.7051668 ], [ -106.189675, 26.69513932 ], [ -106.18798948, 26.67447577 ], [ -106.20792268, 26.67806475 ], [ -106.23654006, 26.61216749 ], [ -106.23296108, 26.55956037 ], [ -106.28013545, 26.53206723 ], [ -106.26957143, 26.52716943 ], [ -106.280666, 26.51175355 ], [ -106.25388102, 26.50735555 ], [ -106.24203046, 26.46682385 ], [ -106.26437405, 26.40611592 ], [ -106.29759802, 26.3964548 ], [ -106.30217655, 26.36387632 ], [ -106.27545792, 26.36741546 ], [ -106.28704095, 26.33508157 ], [ -106.31225757, 26.3487544 ], [ -106.43277552, 26.20401342 ], [ -106.41561495, 26.13940029 ], [ -106.45864358, 26.11216069 ], [ -106.471229309, 26.06052292 ], [ -106.45339663, 26.02784069 ], [ -106.47040669, 26.00542575 ], [ -106.44471262, 26.00508822 ], [ -106.45581546, 25.9725792 ], [ -106.54730611, 25.95242175 ], [ -106.56012978, 25.91270677 ], [ -106.55596775, 25.69170663 ], [ -106.46404158, 25.74170966 ], [ -106.46361751, 25.72904368 ], [ -106.5918238, 25.64739172 ], [ -106.63084765, 25.58580012 ], [ -106.65559546, 25.57516583 ], [ -106.65282631, 25.55884362 ], [ -106.70796985, 25.60245126 ], [ -106.68196852, 25.57916845 ], [ -106.70575814, 25.59734974 ], [ -106.70254869, 25.58120575 ], [ -106.87375598, 25.57186483 ], [ -106.89378369, 25.64429135 ], [ -106.99432452, 25.6622326 ], [ -106.96693982, 25.66833082 ], [ -106.96532269, 25.69787858 ], [ -106.99029875, 25.71492406 ], [ -107.01068003, 25.69145938 ], [ -107.04312662, 25.69769878 ], [ -107.06422371, 25.71907409 ], [ -107.05790477, 25.75736797 ], [ -107.29612822, 25.9247934 ], [ -107.27634626, 26.00197654 ], [ -107.30669172, 26.04878415 ], [ -107.3048898, 26.07640243 ], [ -107.3465278, 26.10952312 ], [ -107.43104269, 26.14285992 ], [ -107.52001998, 26.10422717 ], [ -107.5432774, 26.14634894 ], [ -107.58202728, 26.17064012 ], [ -107.63574957, 26.15457805 ], [ -107.71107551, 26.17441306 ], [ -107.73871603, 26.16723969 ], [ -107.75517215, 26.13451245 ], [ -107.78069046, 26.13693758 ], [ -107.78892391, 26.16861378 ], [ -107.85401851, 26.19651938 ], [ -107.85626457, 26.22603512 ], [ -108.01279702, 26.43904806 ], [ -107.96963911, 26.47016786 ], [ -107.9856226, 26.47209977 ], [ -107.95726531, 26.49374395 ], [ -107.96101675, 26.5269554 ], [ -108.03180954, 26.61592435 ], [ -108.08160345, 26.64199383 ], [ -108.01174663, 26.68948243 ], [ -108.01923097, 26.73066675 ], [ -108.00570074, 26.7610488 ], [ -108.03764905, 26.7697808 ], [ -108.02682085, 26.79846637 ], [ -108.09410725, 26.87046368 ], [ -108.14424735, 26.86764932 ], [ -108.14310155, 26.90788414 ], [ -108.17454863, 26.88146483 ], [ -108.18391557, 26.899738 ], [ -108.20739018, 26.90600008 ], [ -108.20971749, 26.88543765 ], [ -108.23023691, 26.90572458 ], [ -108.23501571, 26.95861985 ], [ -108.18152402, 26.99410992 ], [ -108.19506868, 27.03270392 ], [ -108.250447599, 27.04103149 ], [ -108.28601014, 27.01247065 ], [ -108.31655805, 27.03448835 ], [ -108.33332622, 27.00459631 ], [ -108.35010994, 27.02255443 ], [ -108.40964045, 27.01340495 ], [ -108.47997402, 27.03958771 ], [ -108.50248612, 26.98735703 ], [ -108.57224742, 27.01265583 ], [ -108.56253528, 27.04601894 ], [ -108.60227605, 27.03694328 ], [ -108.61142671, 27.15414475 ], [ -108.65322055, 27.1760546 ], [ -108.66257808, 27.21954292 ], [ -108.66437549, 27.23939583 ], [ -108.59104512, 27.31808048 ], [ -108.6616484, 27.46474435 ], [ -108.65240535, 27.53703291 ], [ -108.71280771, 27.56624648 ], [ -108.73985238, 27.59995458 ], [ -108.74931378, 27.66473082 ], [ -108.78449463, 27.73046525 ], [ -108.89551565, 27.74480709 ], [ -108.92029422, 27.78397306 ], [ -108.86914022, 27.83928634 ], [ -108.91486798, 27.85400523 ], [ -108.92651103, 27.94059423 ], [ -109.03189962, 28.01828803 ], [ -109.0728942, 28.14857235 ], [ -109.06199011, 28.19920194 ], [ -109.07488617, 28.27260942 ], [ -109.05843618, 28.26726886 ], [ -109.0686964, 28.28613885 ], [ -109.04068195, 28.26699002 ], [ -109.022777, 28.27753194 ], [ -108.99744377, 28.25505454 ], [ -108.99397438, 28.29795966 ], [ -108.96726111, 28.26499975 ], [ -108.92201445, 28.25149178 ], [ -108.88066334, 28.26472643 ], [ -108.85608857, 28.25153829 ], [ -108.83042295, 28.26504928 ], [ -108.79166318, 28.25361706 ], [ -108.79668451, 28.26716345 ], [ -108.75098388, 28.27156935 ], [ -108.68722511, 28.30346249 ], [ -108.64129314, 28.29160865 ], [ -108.63618094, 28.33522802 ], [ -108.60350743, 28.34756191 ], [ -108.550927851, 28.31805545 ], [ -108.51963772, 28.33476218 ], [ -108.521651, 28.36506063 ], [ -108.5013654, 28.35572926 ], [ -108.47970102, 28.36955106 ], [ -108.5155414, 28.42628432 ], [ -108.50767171, 28.50821591 ], [ -108.52328665, 28.50591035 ], [ -108.53128685, 28.55666858 ], [ -108.5801512, 28.63244634 ], [ -108.5837852, 28.74013938 ], [ -108.64329442, 28.76506755 ], [ -108.64555675, 28.79472709 ], [ -108.62381738, 28.806123 ], [ -108.65784955, 28.80922449 ], [ -108.67817623, 28.86327588 ], [ -108.70979772, 28.88951546 ], [ -108.69814537, 28.93626566 ], [ -108.72435312, 29.069897 ], [ -108.70943818, 29.08300332 ], [ -108.72958952, 29.09653269 ], [ -108.6985282, 29.12773957 ], [ -108.72885354, 29.17180114 ], [ -108.74529691, 29.16234274 ], [ -108.75386949, 29.20009806 ], [ -108.73540834, 29.21771269 ], [ -108.76188763, 29.25388358 ], [ -108.68220857, 29.26742982 ], [ -108.66973292, 29.30741692 ], [ -108.71775386, 29.46595383 ], [ -108.62515538, 29.50103129 ], [ -108.64871266, 29.50910103 ], [ -108.66230914, 29.54448166 ], [ -108.6383242, 29.55831883 ], [ -108.65950508, 29.58404068 ], [ -108.64113712, 29.58888566 ], [ -108.65498792, 29.64943289 ], [ -108.61828003, 29.66052545 ], [ -108.65909895, 29.7161274 ], [ -108.59253438, 29.71764572 ], [ -108.59275131, 29.72839149 ], [ -108.54077557, 29.73622797 ], [ -108.53496428, 29.75136451 ], [ -108.54125877, 29.79613785 ], [ -108.6185596, 29.800466 ], [ -108.63571774, 29.82968448 ], [ -108.60719926, 29.84714006 ], [ -108.62870897, 29.9530344 ], [ -108.60692209, 30.02861792 ], [ -108.62021763, 30.29822972 ], [ -108.55054666, 30.26664218 ], [ -108.542199021, 30.28351217 ], [ -108.58000597, 30.33748211 ], [ -108.62205649, 30.34031817 ], [ -108.61983989, 30.37479638 ], [ -108.64865225, 30.41686472 ], [ -108.61355868, 30.43571638 ], [ -108.60384323, 30.465113 ], [ -108.66477188, 30.46815165 ], [ -108.66197291, 30.52194189 ], [ -108.6777922, 30.55707272 ], [ -108.72743949, 30.58047691 ], [ -108.72666566, 30.59454808 ], [ -108.76201975, 30.58727197 ], [ -108.87646528, 30.62457432 ], [ -108.86692525, 30.68938663 ], [ -108.91896837, 30.73935366 ], [ -108.94830245, 30.73691128 ], [ -108.92984925, 30.86102092 ], [ -108.93924274, 30.90756517 ], [ -108.80239257, 30.904101 ], [ -108.80325546, 31.00482926 ], [ -108.68380745, 31.00597332 ], [ -108.68438668, 31.03373954 ], [ -108.75246602, 31.03384751 ], [ -108.72989914, 31.05215418 ], [ -108.76615652, 31.07362818 ], [ -108.769996859, 31.10247183 ], [ -108.84564006, 31.13557622 ], [ -108.83501235, 31.16933471 ], [ -108.80502466, 31.19295554 ], [ -108.848331969, 31.19510758 ], [ -108.86068718, 31.2189272 ], [ -108.90033231, 31.20245212 ], [ -108.9062908, 31.21334309 ], [ -108.87981248, 31.23878594 ], [ -108.81723143, 31.23900566 ], [ -108.75591614, 31.33241902 ], [ -108.20847317, 31.33336334 ], [ -108.20837346, 31.78375402 ], [ -107.653144712, 31.783687185 ] ] ] } },
{ "type": "Feature", "properties": { "cvegeo": "09", "cve_ent": "09", "nomgeo_inegi": "Ciudad de México", "nom_abrev": "CDMX", "pob_total": "9209944", "pob_femenina": "4805017", "pob_masculina": "4404927", "total_viviendas_habitadas": "2757433", "estado_csv": "Ciudad de México" }, "geometry": { "type": "Polygon", "coordinates": [ [ [ -99.11124114, 19.561497771 ], [ -99.128004579, 19.524531121 ], [ -99.06386254, 19.498778711 ], [ -99.046459066, 19.442364562 ], [ -99.05813572, 19.40069215 ], [ -98.991939178, 19.36759871 ], [ -98.957902629, 19.323227621 ], [ -98.97653063, 19.25312538 ], [ -98.96858651, 19.23221795 ], [ -98.94030282, 19.22323965 ], [ -98.96852792, 19.210571081 ], [ -98.95238565, 19.16863762 ], [ -98.9673664, 19.16443869 ], [ -98.95462631, 19.14952435 ], [ -98.96645594, 19.14387051 ], [ -98.96572148, 19.08586117 ], [ -98.978995402, 19.074455951 ], [ -99.028993682, 19.085368792 ], [ -99.059800232, 19.048236663 ], [ -99.135379018, 19.089296071 ], [ -99.22677778, 19.096060004 ], [ -99.278695219, 19.131701723 ], [ -99.31534335, 19.22919649 ], [ -99.34234097, 19.2411224 ], [ -99.33915989, 19.26769715 ], [ -99.3649242, 19.27776925 ], [ -99.31760763, 19.36572952 ], [ -99.222274429, 19.42702297 ], [ -99.20925754, 19.51240902 ], [ -99.15718111, 19.50284889 ], [ -99.17704574, 19.52932848 ], [ -99.15679812, 19.52809077 ], [ -99.158095519, 19.55735134 ], [ -99.12370609, 19.59275728 ], [ -99.11124114, 19.561497771 ] ] ] } },
{ "type": "Feature", "properties": { "cvegeo": "10", "cve_ent": "10", "nomgeo_inegi": "Durango", "nom_abrev": "Dgo.", "pob_total": "1832650", "pob_femenina": "927784", "pob_masculina": "904866", "total_viviendas_habitadas": "493989", "estado_csv": "Durango" }, "geometry": { "type": "Polygon", "coordinates": [ [ [ -105.96731603, 26.78553655 ], [ -105.90860609, 26.75283782 ], [ -105.89833697, 26.76385388 ], [ -105.89410174, 26.74100949 ], [ -105.86543746, 26.74737586 ], [ -105.77580868, 26.66093314 ], [ -105.79426129, 26.69876726 ], [ -105.74634185, 26.71386858 ], [ -105.704798769, 26.65290769 ], [ -105.68988005, 26.65718885 ], [ -105.670948, 26.63522646 ], [ -105.67488306, 26.61767031 ], [ -105.60101006, 26.61484889 ], [ -105.61948726, 26.68350945 ], [ -105.54900303, 26.54657858 ], [ -105.49608532, 26.54285188 ], [ -105.47151398, 26.50870168 ], [ -105.47014242, 26.52789805 ], [ -105.40342757, 26.51752466 ], [ -105.36862468, 26.53426945 ], [ -105.34270611, 26.50451551 ], [ -105.35276537, 26.47887648 ], [ -105.31675243, 26.46228678 ], [ -105.27908188, 26.48747537 ], [ -105.26468258, 26.46207275 ], [ -105.10154955, 26.52140552 ], [ -105.05663403, 26.41930054 ], [ -105.00038937, 26.45495083 ], [ -104.9631036, 26.44918435 ], [ -104.96321518, 26.47339092 ], [ -104.94437668, 26.46834469 ], [ -104.89890032, 26.51001831 ], [ -104.80927414, 26.50849742 ], [ -104.72703634, 26.47796492 ], [ -104.65407538, 26.39105302 ], [ -104.62008858, 26.36884265 ], [ -104.59385649, 26.38043965 ], [ -104.57445148, 26.34046828 ], [ -104.50097438, 26.41475743 ], [ -104.50282863, 26.46584592 ], [ -104.43477525, 26.60452054 ], [ -104.33038743, 26.65653292 ], [ -104.28654348, 26.725403 ], [ -104.3172796, 26.76073675 ], [ -104.30176194, 26.77194857 ], [ -104.31530657, 26.79906952 ], [ -104.27304242, 26.84227952 ], [ -104.22780885, 26.77715363 ], [ -104.04573782, 26.74297654 ], [ -104.03319062, 26.77439149 ], [ -103.99499549, 26.77754026 ], [ -103.99383283, 26.75361042 ], [ -103.86129849, 26.75409457 ], [ -103.658255999, 26.71948395 ], [ -103.64389145, 26.69015849 ], [ -103.37418349, 26.60235489 ], [ -103.3167926, 26.361776181 ], [ -103.26082526, 26.28472682 ], [ -103.350488219, 26.142389951 ], [ -103.346360109, 25.860304381 ], [ -103.318587659, 25.81270129 ], [ -103.333705218, 25.738736109 ], [ -103.35283606, 25.71655309 ], [ -103.33943689, 25.70760482 ], [ -103.38142223, 25.64034234 ], [ -103.40600325, 25.64502715 ], [ -103.40327558, 25.62812829 ], [ -103.42477012, 25.62367992 ], [ -103.41602526, 25.6144216 ], [ -103.45544475, 25.55706145 ], [ -103.49441429, 25.5377318 ], [ -103.369062, 25.41646072 ], [ -103.34136772, 25.41014223 ], [ -103.3369162, 25.37123114 ], [ -103.40669917, 25.3989014 ], [ -103.46205937, 25.37631094 ], [ -103.51071005, 25.27912612 ], [ -103.40285778, 25.18234891 ], [ -103.35953931, 25.11002885 ], [ -103.26218034, 25.05854931 ], [ -103.27801522, 25.03461417 ], [ -103.24656308, 24.9960266 ], [ -103.25914589, 24.96465877 ], [ -103.08912262, 24.82119352 ], [ -103.00513802, 24.79321815 ], [ -102.9752154, 24.79946366 ], [ -102.85640278, 24.73977397 ], [ -102.85313072, 24.77200095 ], [ -102.66969398, 25.06663649 ], [ -102.62888483, 25.00832166 ], [ -102.64295555, 24.97864817 ], [ -102.67298445, 24.97881825 ], [ -102.67306157, 24.94275208 ], [ -102.56623578, 24.90222075 ], [ -102.51218231, 24.70972111 ], [ -102.48026728, 24.42801388 ], [ -102.52014631, 24.42393214 ], [ -102.53393142, 24.40772211 ], [ -102.60659277, 24.41116882 ], [ -102.6999044, 24.37397185 ], [ -102.75665432, 24.376983 ], [ -102.7888524, 24.40624848 ], [ -102.83173562, 24.38469191 ], [ -102.89189095, 24.46111812 ], [ -102.90010651, 24.42850048 ], [ -102.96744017, 24.45770363 ], [ -102.9835728, 24.43325715 ], [ -103.04315022, 24.46650086 ], [ -103.07508097, 24.42262458 ], [ -103.08751465, 24.43602705 ], [ -103.09852728, 24.4016266 ], [ -103.16525892, 24.43519843 ], [ -103.22283354, 24.41710277 ], [ -103.25353178, 24.4472538 ], [ -103.28264548, 24.42883703 ], [ -103.4193324, 24.43048809 ], [ -103.44834005, 24.33260046 ], [ -103.48406263, 24.31834094 ], [ -103.50675542, 24.28796405 ], [ -103.56834994, 24.28637126 ], [ -103.55953635, 24.19378886 ], [ -103.62200668, 24.11746469 ], [ -103.63596954, 24.11029338 ], [ -103.66036155, 24.14932629 ], [ -103.799770339, 24.050564462 ], [ -103.813274119, 24.021973582 ], [ -103.843128849, 24.026967122 ], [ -103.847825979, 24.003236152 ], [ -103.872386579, 24.007021722 ], [ -103.838799289, 23.964824352 ], [ -103.818359829, 23.964908602 ], [ -103.853112349, 23.874615552 ], [ -103.816066979, 23.807650322 ], [ -103.862362339, 23.752638382 ], [ -103.841014619, 23.701242892 ], [ -103.851080539, 23.679599231 ], [ -103.785103509, 23.676564891 ], [ -103.79354178, 23.630855062 ], [ -103.811301939, 23.613648802 ], [ -103.849178509, 23.640081712 ], [ -103.877429019, 23.628969942 ], [ -103.88252238, 23.59227058 ], [ -103.90686731, 23.60187095 ], [ -103.89008692, 23.57982758 ], [ -103.9214686, 23.58917534 ], [ -103.92531342, 23.55698268 ], [ -104.06597709, 23.46349328 ], [ -104.1112146, 23.35120549 ], [ -104.12902262, 23.18221422 ], [ -104.1721324, 23.12840768 ], [ -104.16659289, 22.94522072 ], [ -104.13299402, 22.90495855 ], [ -104.11264435, 22.90511803 ], [ -104.1114848, 22.81031086 ], [ -104.09522718, 22.80583885 ], [ -104.08047523, 22.76661682 ], [ -104.18218085, 22.75826811 ], [ -104.22103871, 22.77942015 ], [ -104.23207465, 22.75310394 ], [ -104.2663444, 22.73653937 ], [ -104.28996588, 22.64560957 ], [ -104.26927494, 22.63582111 ], [ -104.28328789, 22.62170325 ], [ -104.26140748, 22.58620285 ], [ -104.32582417, 22.53739666 ], [ -104.29902542, 22.46170188 ], [ -104.34884292, 22.40971665 ], [ -104.37151222, 22.42165865 ], [ -104.49538985, 22.37632414 ], [ -104.48369022, 22.34943332 ], [ -104.50651325, 22.3451634 ], [ -104.58167108, 22.39994597 ], [ -104.6025606, 22.46050808 ], [ -104.65529172, 22.46215466 ], [ -104.66762197, 22.5625452 ], [ -104.70873708, 22.55462432 ], [ -104.71979678, 22.56904522 ], [ -104.73606749, 22.55794969 ], [ -104.75981217, 22.56871837 ], [ -104.78891886, 22.64797362 ], [ -104.81467751, 22.63424918 ], [ -104.85839706, 22.64832671 ], [ -104.86249312, 22.60707049 ], [ -104.96052517, 22.50531145 ], [ -104.98791254, 22.49872658 ], [ -105.00755274, 22.58567197 ], [ -105.07236894, 22.65649909 ], [ -105.06842251, 22.67841415 ], [ -104.89272045, 22.73740925 ], [ -104.91563665, 22.74853797 ], [ -104.90557632, 22.79957752 ], [ -104.9183892, 22.81978075 ], [ -104.95896731, 22.8136046 ], [ -104.98840523, 22.83604932 ], [ -104.98779563, 22.88825202 ], [ -105.01003912, 22.92236274 ], [ -105.00313942, 22.97698268 ], [ -105.32356989, 22.94133017 ], [ -105.34304926, 22.96815929 ], [ -105.33370491, 22.99468209 ], [ -105.35385651, 23.0197848 ], [ -105.35047118, 23.06057534 ], [ -105.398251279, 23.08820703 ], [ -105.41589235, 23.11689734 ], [ -105.50197815, 23.12801163 ], [ -105.55430908, 23.09888666 ], [ -105.64399075, 23.14176808 ], [ -105.63031735, 23.23558109 ], [ -105.64263571, 23.23895842 ], [ -105.6432084, 23.27647909 ], [ -105.68708411, 23.28752002 ], [ -105.69400474, 23.34056922 ], [ -105.73068966, 23.37489729 ], [ -105.70028875, 23.42017058 ], [ -105.73886463, 23.44520551 ], [ -105.72344478, 23.47484014 ], [ -105.76033858, 23.50295929 ], [ -105.76930223, 23.55646531 ], [ -105.81164389, 23.61102855 ], [ -105.84551602, 23.60325554 ], [ -105.84518582, 23.58369483 ], [ -105.85359602, 23.5972876 ], [ -105.88431791, 23.59039386 ], [ -105.892655378, 23.552645281 ], [ -105.908905367, 23.588269553 ], [ -105.926633749, 23.684135663 ], [ -105.906093347, 23.739398853 ], [ -105.923062908, 23.747753773 ], [ -105.96126557, 23.84074215 ], [ -105.95366198, 23.90858458 ], [ -105.86724132, 23.87524298 ], [ -105.85758795, 23.89929615 ], [ -105.8999194, 23.94392129 ], [ -105.94541506, 23.94802569 ], [ -105.90846158, 23.98342663 ], [ -105.91213585, 23.99753386 ], [ -105.99871974, 24.04338314 ], [ -106.00788345, 24.07250663 ], [ -105.989724, 24.11439017 ], [ -106.04388357, 24.22085035 ], [ -106.06994835, 24.22020058 ], [ -106.07584323, 24.2713892 ], [ -106.15253962, 24.33877037 ], [ -106.1699752, 24.33365018 ], [ -106.26886942, 24.37475529 ], [ -106.33632982, 24.35569532 ], [ -106.36754466, 24.3019408 ], [ -106.46965466, 24.27785695 ], [ -106.51709355, 24.28698426 ], [ -106.60158831, 24.41456585 ], [ -106.56927602, 24.43702058 ], [ -106.5600158, 24.47271062 ], [ -106.63006708, 24.50650314 ], [ -106.622607, 24.52489668 ], [ -106.64546066, 24.52897946 ], [ -106.70594837, 24.66526166 ], [ -106.86585288, 24.82295534 ], [ -106.93066257, 24.82091668 ], [ -106.951418109, 24.85902372 ], [ -106.927080259, 24.86662438 ], [ -106.93450765, 24.88053585 ], [ -107.00057543, 24.92824102 ], [ -107.02105288, 24.90990828 ], [ -107.01834391, 24.93361737 ], [ -107.063571289, 25.02525535 ], [ -107.12989163, 25.0531388 ], [ -107.124918549, 25.18663983 ], [ -107.148774799, 25.22454814 ], [ -107.121057119, 25.24311122 ], [ -107.15720275, 25.26176498 ], [ -107.20781657, 25.33156423 ], [ -107.1715508, 25.32635788 ], [ -107.21013223, 25.41710051 ], [ -107.15869055, 25.44199214 ], [ -107.13929497, 25.48956486 ], [ -107.17811732, 25.51517637 ], [ -107.17387949, 25.55655257 ], [ -107.12456486, 25.55041438 ], [ -106.97329046, 25.62957043 ], [ -106.99432452, 25.6622326 ], [ -106.89378369, 25.64429135 ], [ -106.87375598, 25.57186483 ], [ -106.70254869, 25.58120575 ], [ -106.70575814, 25.59734974 ], [ -106.68196852, 25.57916845 ], [ -106.70796985, 25.60245126 ], [ -106.65282631, 25.55884362 ], [ -106.65559546, 25.57516583 ], [ -106.63084765, 25.58580012 ], [ -106.5918238, 25.64739172 ], [ -106.46361751, 25.72904368 ], [ -106.46404158, 25.74170966 ], [ -106.55596775, 25.69170663 ], [ -106.56012978, 25.91270677 ], [ -106.54730611, 25.95242175 ], [ -106.45581546, 25.9725792 ], [ -106.44471262, 26.00508822 ], [ -106.47040669, 26.00542575 ], [ -106.45339663, 26.02784069 ], [ -106.471229309, 26.06052292 ], [ -106.45864358, 26.11216069 ], [ -106.41561495, 26.13940029 ], [ -106.43277552, 26.20401342 ], [ -106.31225757, 26.3487544 ], [ -106.28704095, 26.33508157 ], [ -106.27545792, 26.36741546 ], [ -106.30217655, 26.36387632 ], [ -106.29759802, 26.3964548 ], [ -106.26437405, 26.40611592 ], [ -106.24203046, 26.46682385 ], [ -106.25388102, 26.50735555 ], [ -106.280666, 26.51175355 ], [ -106.26957143, 26.52716943 ], [ -106.28013545, 26.53206723 ], [ -106.23296108, 26.55956037 ], [ -106.23654006, 26.61216749 ], [ -106.20792268, 26.67806475 ], [ -106.18798948, 26.67447577 ], [ -106.189675, 26.69513932 ], [ -106.17266208, 26.7051668 ], [ -106.13067448, 26.70220338 ], [ -106.141444, 26.72078665 ], [ -106.17658083, 26.72772205 ], [ -106.17762645, 26.77233658 ], [ -106.1252624, 26.77941037 ], [ -106.10064266, 26.75933318 ], [ -106.04733909, 26.84487591 ], [ -105.96731603, 26.78553655 ] ] ] } },
{ "type": "Feature", "properties": { "cvegeo": "11", "cve_ent": "11", "nomgeo_inegi": "Guanajuato", "nom_abrev": "Gto.", "pob_total": "6166934", "pob_femenina": "3170480", "pob_masculina": "2996454", "total_viviendas_habitadas": "1587234", "estado_csv": "Guanajuato" }, "geometry": { "type": "Polygon", "coordinates": [ [ [ -101.36145995, 21.83912078 ], [ -101.31948394, 21.83533445 ], [ -101.28968546, 21.81213978 ], [ -101.21715234, 21.81607703 ], [ -101.21979463, 21.80220038 ], [ -101.16126698, 21.75750592 ], [ -101.05924797, 21.76552074 ], [ -100.98197437, 21.75352735 ], [ -100.91257757, 21.71364874 ], [ -100.92127346, 21.70027357 ], [ -100.90718337, 21.6816368 ], [ -100.87011218, 21.67249352 ], [ -100.86514988, 21.6870796 ], [ -100.83432149, 21.66455878 ], [ -100.85767825, 21.61898658 ], [ -100.80949611, 21.59204983 ], [ -100.7343438, 21.57872654 ], [ -100.71763023, 21.55023151 ], [ -100.68116792, 21.5475046 ], [ -100.65745608, 21.52471797 ], [ -100.63544732, 21.54319163 ], [ -100.61429931, 21.53313455 ], [ -100.614955, 21.50578917 ], [ -100.53395002, 21.54232683 ], [ -100.46108028, 21.54533485 ], [ -100.46070198, 21.57121002 ], [ -100.48580215, 21.59440428 ], [ -100.46039691, 21.62399091 ], [ -100.44734174, 21.67492345 ], [ -100.35136555, 21.69167085 ], [ -100.27213546, 21.68734698 ], [ -100.24631149, 21.6649326 ], [ -100.17963474, 21.65079049 ], [ -100.17144305, 21.60126634 ], [ -100.1471948, 21.61812531 ], [ -100.07584369, 21.55793168 ], [ -100.06227605, 21.52330548 ], [ -99.95682229, 21.52622708 ], [ -99.9651106, 21.50512138 ], [ -99.94570529, 21.49743169 ], [ -99.95934602, 21.48351374 ], [ -99.94233312, 21.44961982 ], [ -99.94316878, 21.46178377 ], [ -99.90517412, 21.44815915 ], [ -99.83492889, 21.47811595 ], [ -99.83918135, 21.46238563 ], [ -99.81707412, 21.46169082 ], [ -99.77407388, 21.49178475 ], [ -99.78779083, 21.32962172 ], [ -99.75789357, 21.29214037 ], [ -99.73416115, 21.30144392 ], [ -99.73725312, 21.31288497 ], [ -99.67130262, 21.30119375 ], [ -99.69907631, 21.2666984 ], [ -99.68785488, 21.22578026 ], [ -99.738483459, 21.23581777 ], [ -99.83125855, 21.15732272 ], [ -99.986368049, 21.21831003 ], [ -100.01108574, 21.18946434 ], [ -99.99641766, 21.18259491 ], [ -100.02754308, 21.10025302 ], [ -100.01106957, 21.02850463 ], [ -100.02256317, 21.0146212 ], [ -100.06894972, 21.0228134 ], [ -100.06074631, 21.00581578 ], [ -100.08073849, 20.94985751 ], [ -100.06417194, 20.9362886 ], [ -100.11782778, 20.92215512 ], [ -100.13531185, 20.93726383 ], [ -100.1815276, 20.93040166 ], [ -100.26362329, 20.97099885 ], [ -100.26554323, 20.92924738 ], [ -100.29920917, 20.93132775 ], [ -100.29839429, 20.91529172 ], [ -100.3335908, 20.89072848 ], [ -100.41339938, 20.88743188 ], [ -100.45395602, 20.90017938 ], [ -100.45317648, 20.92319905 ], [ -100.47223288, 20.92844606 ], [ -100.46995829, 20.90703935 ], [ -100.48536677, 20.90879972 ], [ -100.50902352, 20.87070671 ], [ -100.50204862, 20.85292046 ], [ -100.57758894, 20.81666975 ], [ -100.55832829, 20.80457115 ], [ -100.54891462, 20.73638342 ], [ -100.59653571, 20.71726092 ], [ -100.55112518, 20.63376605 ], [ -100.52953528, 20.63866726 ], [ -100.49617743, 20.61619374 ], [ -100.48209165, 20.57150831 ], [ -100.48500338, 20.55380422 ], [ -100.50476545, 20.5550334 ], [ -100.50975558, 20.50652685 ], [ -100.49238212, 20.49041554 ], [ -100.47618106, 20.3896108 ], [ -100.40999518, 20.37600642 ], [ -100.38838269, 20.30901738 ], [ -100.32576306, 20.26102038 ], [ -100.35523671, 20.21901835 ], [ -100.34030845, 20.18973692 ], [ -100.39725668, 20.09695275 ], [ -100.35826368, 20.06491646 ], [ -100.36293112, 19.98986108 ], [ -100.46582435, 19.98739803 ], [ -100.51168709, 19.95821609 ], [ -100.51994645, 19.91882005 ], [ -100.53600851, 19.9230066 ], [ -100.53182334, 19.97639449 ], [ -100.55071702, 19.95796597 ], [ -100.59307574, 19.95828037 ], [ -100.55678186, 19.98529837 ], [ -100.57671014, 19.99306078 ], [ -100.59560331, 19.99166202 ], [ -100.61757338, 19.95769255 ], [ -100.66038134, 19.96454834 ], [ -100.748752781, 19.912750181 ], [ -100.778813619, 19.91514969 ], [ -100.792063939, 19.9555748 ], [ -100.824301449, 19.97832909 ], [ -100.83576183, 19.93459643 ], [ -100.94753938, 19.96254523 ], [ -100.94787935, 19.93356306 ], [ -100.97054689, 19.92923768 ], [ -100.98079123, 19.95522108 ], [ -101.00227569, 19.95236325 ], [ -101.00465615, 19.96623388 ], [ -100.97670925, 19.98273845 ], [ -100.98270078, 20.00263065 ], [ -100.96764442, 20.01129348 ], [ -101.00808918, 20.02809318 ], [ -101.01398657, 20.04571129 ], [ -100.99271515, 20.06448966 ], [ -101.02135266, 20.08694475 ], [ -101.07485962, 20.08838818 ], [ -101.13314708, 20.05998466 ], [ -101.17523717, 20.09711631 ], [ -101.17161977, 20.07345172 ], [ -101.19631846, 20.05718855 ], [ -101.16035151, 20.04020015 ], [ -101.20153182, 20.02573855 ], [ -101.20305551, 20.00722415 ], [ -101.25303054, 20.03549608 ], [ -101.40168028, 20.03500905 ], [ -101.38751315, 20.08296125 ], [ -101.40469589, 20.08019518 ], [ -101.40868905, 20.12313383 ], [ -101.389376, 20.13486377 ], [ -101.42249825, 20.16322632 ], [ -101.41989112, 20.20159058 ], [ -101.36319817, 20.19579442 ], [ -101.35261809, 20.2349322 ], [ -101.36051948, 20.24905574 ], [ -101.39532438, 20.24854934 ], [ -101.42056248, 20.27520392 ], [ -101.45593046, 20.26716968 ], [ -101.44019705, 20.30519282 ], [ -101.45669662, 20.30437048 ], [ -101.45094222, 20.31949832 ], [ -101.46491005, 20.32901083 ], [ -101.50106823, 20.31167254 ], [ -101.52293609, 20.33234695 ], [ -101.55326571, 20.3325158 ], [ -101.56578214, 20.31574095 ], [ -101.58309772, 20.32735982 ], [ -101.60107414, 20.298018541 ], [ -101.62465428, 20.31458038 ], [ -101.625534, 20.26699769 ], [ -101.64252065, 20.26764638 ], [ -101.64625232, 20.23866805 ], [ -101.66330802, 20.23757998 ], [ -101.66847437, 20.21313514 ], [ -101.68691675, 20.21722105 ], [ -101.69793489, 20.18967437 ], [ -101.731199, 20.21480231 ], [ -101.75939177, 20.20173191 ], [ -101.78661568, 20.21931845 ], [ -101.82486072, 20.2018376 ], [ -101.83386618, 20.2247904 ], [ -101.888114, 20.18839334 ], [ -101.89302198, 20.20377723 ], [ -101.91789728, 20.19507732 ], [ -101.90793882, 20.21515295 ], [ -101.9306028, 20.20812126 ], [ -101.93987263, 20.22708175 ], [ -101.93217165, 20.24373791 ], [ -101.95118428, 20.27158257 ], [ -101.9345474, 20.297691461 ], [ -101.96347163, 20.31855742 ], [ -101.94529382, 20.34267315 ], [ -101.99639003, 20.35964322 ], [ -102.01370246, 20.35063208 ], [ -102.01379882, 20.32793032 ], [ -102.02523491, 20.3479816 ], [ -102.01359, 20.393897688 ], [ -102.065032629, 20.374921571 ], [ -102.09641168, 20.38425749 ], [ -102.04399457, 20.4565922 ], [ -102.04602729, 20.48261429 ], [ -102.01009242, 20.52605885 ], [ -102.01414163, 20.54259609 ], [ -101.97391842, 20.54178843 ], [ -101.95114368, 20.60742685 ], [ -101.97118786, 20.63760975 ], [ -101.96807966, 20.6636412 ], [ -102.01383749, 20.66444117 ], [ -102.01438937, 20.71706366 ], [ -102.03774026, 20.71739648 ], [ -102.03446088, 20.7421394 ], [ -102.06448731, 20.73874962 ], [ -102.06759263, 20.77224743 ], [ -102.09590838, 20.78005052 ], [ -102.07986705, 20.82906508 ], [ -102.02178054, 20.86216032 ], [ -101.97988182, 20.92504755 ], [ -101.93894975, 20.93061425 ], [ -101.87500374, 21.09289435 ], [ -101.8176588, 21.10704569 ], [ -101.83344802, 21.13727297 ], [ -101.811826, 21.14123675 ], [ -101.80400915, 21.16634818 ], [ -101.78110878, 21.16052789 ], [ -101.75971651, 21.26762174 ], [ -101.64317711, 21.29933569 ], [ -101.64284492, 21.35510609 ], [ -101.67758295, 21.39514237 ], [ -101.57041563, 21.41853575 ], [ -101.58904198, 21.46489997 ], [ -101.64116629, 21.52226674 ], [ -101.58018874, 21.62553134 ], [ -101.59608609, 21.63706191 ], [ -101.56913898, 21.69231026 ], [ -101.58404332, 21.70957449 ], [ -101.57085537, 21.70430772 ], [ -101.55765329, 21.73509866 ], [ -101.5796828, 21.7364046 ], [ -101.58569408, 21.77877712 ], [ -101.53883217, 21.77733488 ], [ -101.4738734, 21.82739102 ], [ -101.36145995, 21.83912078 ] ] ] } },
{ "type": "Feature", "properties": { "cvegeo": "12", "cve_ent": "12", "nomgeo_inegi": "Guerrero", "nom_abrev": "Gro.", "pob_total": "3540685", "pob_femenina": "1840073", "pob_masculina": "1700612", "total_viviendas_habitadas": "942509", "estado_csv": "Guerrero" }, "geometry": { "type": "MultiPolygon", "coordinates": [ [ [ [ -99.906103935, 16.822738438 ], [ -99.9014177, 16.822744105 ], [ -99.905612344, 16.817549612 ], [ -99.918150372, 16.822706363 ], [ -99.906103935, 16.822738438 ] ] ], [ [ [ -101.658733398, 17.679431178 ], [ -101.654536624, 17.678815492 ], [ -101.652013047, 17.673831305 ], [ -101.659587913, 17.673288397 ], [ -101.658733398, 17.679431178 ] ] ], [ [ [ -100.61018114, 18.88711749 ], [ -100.58549378, 18.85876586 ], [ -100.49348271, 18.82391672 ], [ -100.49028505, 18.78930305 ], [ -100.45939165, 18.79689269 ], [ -100.45600435, 18.77787815 ], [ -100.43063375, 18.78324845 ], [ -100.41808522, 18.75951408 ], [ -100.43713043, 18.75055525 ], [ -100.44713332, 18.70157505 ], [ -100.4783372, 18.68686478 ], [ -100.48702769, 18.64035165 ], [ -100.42973331, 18.59927322 ], [ -100.4493616, 18.55656137 ], [ -100.42909695, 18.51004806 ], [ -100.39595369, 18.54052009 ], [ -100.37370129, 18.52911385 ], [ -100.362003179, 18.49684723 ], [ -100.38535698, 18.42652414 ], [ -100.35944132, 18.42346186 ], [ -100.303753169, 18.36701722 ], [ -100.29197828, 18.38160592 ], [ -100.270891519, 18.373732461 ], [ -100.25951991, 18.42743269 ], [ -100.236399649, 18.41677177 ], [ -100.217076089, 18.445923691 ], [ -100.18573625, 18.45510723 ], [ -100.17420298, 18.48168134 ], [ -100.08995114, 18.52216078 ], [ -100.06888634, 18.56444065 ], [ -100.08241383, 18.58794983 ], [ -100.02496363, 18.60686675 ], [ -99.99930085, 18.58357837 ], [ -100.00160337, 18.56393006 ], [ -99.96167226, 18.55297891 ], [ -99.94716185, 18.58794057 ], [ -99.88846285, 18.61866305 ], [ -99.84761808, 18.6054904 ], [ -99.84835952, 18.62025883 ], [ -99.81655875, 18.62500343 ], [ -99.81251752, 18.64085791 ], [ -99.79300475, 18.63065763 ], [ -99.737031399, 18.739832511 ], [ -99.67197238, 18.71350394 ], [ -99.709157889, 18.768838881 ], [ -99.69699351, 18.78633692 ], [ -99.66145586, 18.77130546 ], [ -99.63090775, 18.72055223 ], [ -99.62286606, 18.73983891 ], [ -99.58990892, 18.73930722 ], [ -99.56978155, 18.70551094 ], [ -99.53643492, 18.69375111 ], [ -99.49441415, 18.7205448 ], [ -99.45388632, 18.60990232 ], [ -99.41970445, 18.59033666 ], [ -99.42288218, 18.56206788 ], [ -99.36295192, 18.49902672 ], [ -99.35740426, 18.46766917 ], [ -99.34344566, 18.46712786 ], [ -99.35267526, 18.48598083 ], [ -99.32826428, 18.48883154 ], [ -99.32836782, 18.45954025 ], [ -99.20542163, 18.4565888 ], [ -99.17790537, 18.42474525 ], [ -99.18131508, 18.44841775 ], [ -99.14062335, 18.47497309 ], [ -99.12831486, 18.42730898 ], [ -99.06605051, 18.36710522 ], [ -99.07596357, 18.34237922 ], [ -99.05177255, 18.28981525 ], [ -99.06936388, 18.28323468 ], [ -99.05322812, 18.26415637 ], [ -99.06370989, 18.25148303 ], [ -99.03170551, 18.27231452 ], [ -99.01690332, 18.26639142 ], [ -99.01932995, 18.24541105 ], [ -98.98904085, 18.24931774 ], [ -99.00006632, 18.19020491 ], [ -98.881876889, 18.166162091 ], [ -98.852369769, 18.117600941 ], [ -98.86981182, 18.05721666 ], [ -98.81299974, 18.06487535 ], [ -98.81129715, 18.05063272 ], [ -98.79707011, 18.06264648 ], [ -98.73509786, 18.04509512 ], [ -98.76709711, 18.01961117 ], [ -98.80125962, 18.02205243 ], [ -98.81493843, 18.00169671 ], [ -98.73182748, 17.98255302 ], [ -98.65053817, 17.93316105 ], [ -98.58552349, 17.97494103 ], [ -98.52962826, 17.97582252 ], [ -98.52672482, 17.99628885 ], [ -98.42509434, 17.97693354 ], [ -98.42416506, 17.93823835 ], [ -98.44499795, 17.92229706 ], [ -98.42422585, 17.89223777 ], [ -98.42495698, 17.83959451 ], [ -98.49634268, 17.76880945 ], [ -98.48965563, 17.70343889 ], [ -98.46104474, 17.63035886 ], [ -98.41015194, 17.59976874 ], [ -98.37697158, 17.60534906 ], [ -98.32945183, 17.53298095 ], [ -98.31188428, 17.47749222 ], [ -98.32901351, 17.47872789 ], [ -98.33585075, 17.45630463 ], [ -98.28737318, 17.32901115 ], [ -98.30481052, 17.32751983 ], [ -98.32349522, 17.27594415 ], [ -98.28848332, 17.2382204 ], [ -98.24434242, 17.25146689 ], [ -98.20313623, 17.21628742 ], [ -98.22259954, 17.12214968 ], [ -98.15342389, 17.11040294 ], [ -98.0072764, 17.04013734 ], [ -98.03015774, 17.015757061 ], [ -98.057494399, 17.02377646 ], [ -98.11126131, 16.9588684 ], [ -98.07233389, 16.87424955 ], [ -98.10815703, 16.76095138 ], [ -98.13517783, 16.75839311 ], [ -98.12423671, 16.749640651 ], [ -98.138994, 16.723783801 ], [ -98.20027106, 16.697235091 ], [ -98.201544619, 16.712671821 ], [ -98.23353455, 16.71736632 ], [ -98.24344229, 16.696700081 ], [ -98.228458779, 16.639503711 ], [ -98.21420638, 16.618795401 ], [ -98.19377578, 16.621462691 ], [ -98.203364219, 16.58718042 ], [ -98.26942657, 16.55845548 ], [ -98.32997, 16.57274826 ], [ -98.3951394, 16.54683643 ], [ -98.38733294, 16.49778632 ], [ -98.35253228, 16.48943145 ], [ -98.34946505, 16.44558686 ], [ -98.39915783, 16.38051262 ], [ -98.47085537, 16.38115514 ], [ -98.53339845, 16.35158263 ], [ -98.55263245, 16.31595258 ], [ -98.77274775, 16.554754639 ], [ -98.841722552, 16.548447212 ], [ -98.85695492, 16.52824937 ], [ -98.90585763, 16.53442675 ], [ -99.33288588, 16.65844911 ], [ -99.657604276, 16.695928898 ], [ -99.817647736, 16.787903811 ], [ -99.84512771, 16.78431175 ], [ -99.85906011, 16.79624415 ], [ -99.836980101, 16.805607082 ], [ -99.87652171, 16.814546181 ], [ -99.851218739, 16.836982805 ], [ -99.86208851, 16.85513249 ], [ -99.898091585, 16.853880355 ], [ -99.910922437, 16.841860299 ], [ -99.89406058, 16.832790451 ], [ -99.915749649, 16.82775795 ], [ -99.922897449, 16.859517612 ], [ -99.989876449, 16.90926492 ], [ -101.037580763, 17.268539388 ], [ -101.061265918, 17.264763184 ], [ -101.056204804, 17.306953407 ], [ -101.174471155, 17.389123334 ], [ -101.206823269, 17.428733032 ], [ -101.457201104, 17.525083025 ], [ -101.44360315, 17.56389888 ], [ -101.504368125, 17.619700819 ], [ -101.552447514, 17.611317383 ], [ -101.55182048, 17.638571971 ], [ -101.572124009, 17.622337678 ], [ -101.606788006, 17.660796472 ], [ -101.653168829, 17.662473399 ], [ -101.64748928, 17.70115597 ], [ -101.667069215, 17.733750145 ], [ -101.747428165, 17.792814936 ], [ -101.77063103, 17.84585725 ], [ -101.815504315, 17.8907293 ], [ -102.032167618, 17.987560121 ], [ -102.098832408, 17.98295571 ], [ -102.13790655, 17.94018955 ], [ -102.13755174, 17.96968411 ], [ -102.18015955, 17.99890091 ], [ -102.17827506, 18.12292335 ], [ -102.14245517, 18.18705525 ], [ -101.97814883, 18.20730957 ], [ -101.97340885, 18.23230709 ], [ -101.9066474, 18.24480785 ], [ -101.89681948, 18.27711522 ], [ -101.86324931, 18.26165514 ], [ -101.88291574, 18.27743714 ], [ -101.86269468, 18.28722848 ], [ -101.87019782, 18.30832286 ], [ -101.85571614, 18.31427555 ], [ -101.88931614, 18.40047323 ], [ -101.86044205, 18.44618517 ], [ -101.88792518, 18.48149525 ], [ -101.88225983, 18.53422766 ], [ -101.84384443, 18.57439574 ], [ -101.77179418, 18.6037214 ], [ -101.71735718, 18.6120108 ], [ -101.70117585, 18.58789338 ], [ -101.62449978, 18.59915398 ], [ -101.58356334, 18.52099477 ], [ -101.50744406, 18.48679729 ], [ -101.44194723, 18.48899338 ], [ -101.40688495, 18.51251257 ], [ -101.3656042, 18.49988225 ], [ -101.3618772, 18.5202178 ], [ -101.28207717, 18.54473403 ], [ -101.08866086, 18.50590786 ], [ -101.01200328, 18.52754302 ], [ -101.00599212, 18.49365103 ], [ -100.97370738, 18.48196057 ], [ -100.95744338, 18.44443011 ], [ -100.94275314, 18.45507735 ], [ -100.92227452, 18.44456734 ], [ -100.91451602, 18.4717502 ], [ -100.89436837, 18.46313866 ], [ -100.87397543, 18.49200878 ], [ -100.83848075, 18.47306932 ], [ -100.79817758, 18.48054112 ], [ -100.77764326, 18.43954335 ], [ -100.73736932, 18.42730146 ], [ -100.72273026, 18.40044938 ], [ -100.70703845, 18.419 ], [ -100.69105122, 18.41415317 ], [ -100.676693719, 18.37255948 ], [ -100.64299965, 18.34615769 ], [ -100.58822978, 18.41214515 ], [ -100.63149212, 18.43846965 ], [ -100.63724448, 18.45774917 ], [ -100.71504118, 18.48639702 ], [ -100.72267566, 18.51376798 ], [ -100.74422518, 18.51807297 ], [ -100.76489572, 18.56121134 ], [ -100.75121282, 18.64166672 ], [ -100.77028262, 18.69271023 ], [ -100.78426425, 18.68700286 ], [ -100.77293518, 18.73256771 ], [ -100.79691198, 18.74627017 ], [ -100.79896894, 18.78453578 ], [ -100.78251752, 18.80165351 ], [ -100.79177089, 18.83416848 ], [ -100.76667368, 18.86541515 ], [ -100.74840342, 18.86793257 ], [ -100.709985, 18.83643285 ], [ -100.69606854, 18.79412549 ], [ -100.61018114, 18.88711749 ] ] ] ] } },
{ "type": "Feature", "properties": { "cvegeo": "13", "cve_ent": "13", "nomgeo_inegi": "Hidalgo", "nom_abrev": "Hgo.", "pob_total": "3082841", "pob_femenina": "1601462", "pob_masculina": "1481379", "total_viviendas_habitadas": "857462", "estado_csv": "Hidalgo" }, "geometry": { "type": "Polygon", "coordinates": [ [ [ -98.48553528, 21.39837568 ], [ -98.46869709, 21.38703262 ], [ -98.46360568, 21.35015434 ], [ -98.49561751, 21.34042022 ], [ -98.54398172, 21.26390123 ], [ -98.51654337, 21.24426895 ], [ -98.46835974, 21.24965114 ], [ -98.47965663, 21.22388846 ], [ -98.45694788, 21.214833 ], [ -98.44676691, 21.17981315 ], [ -98.41643569, 21.15498189 ], [ -98.35075423, 21.15714268 ], [ -98.31585591, 21.18687962 ], [ -98.29790337, 21.17740249 ], [ -98.27913114, 21.19275255 ], [ -98.29451371, 21.14718855 ], [ -98.24911037, 21.12940332 ], [ -98.21682458, 21.15147235 ], [ -98.19515225, 21.1203632 ], [ -98.20198243, 21.10644294 ], [ -98.17486192, 21.10622389 ], [ -98.14741034, 21.07658337 ], [ -98.16115768, 21.01913063 ], [ -98.18827143, 21.03130815 ], [ -98.21500745, 20.98962731 ], [ -98.20953931, 20.96708858 ], [ -98.21611157, 20.95260792 ], [ -98.22857369, 20.95760885 ], [ -98.239354649, 20.92302642 ], [ -98.224862889, 20.90635725 ], [ -98.250966309, 20.89730469 ], [ -98.265503049, 20.86653623 ], [ -98.253765049, 20.82149172 ], [ -98.224705059, 20.81823523 ], [ -98.233652619, 20.79755557 ], [ -98.298810059, 20.77783985 ], [ -98.307830349, 20.80191611 ], [ -98.328522319, 20.78409682 ], [ -98.344665259, 20.79748534 ], [ -98.314837849, 20.80981548 ], [ -98.352870459, 20.83600714 ], [ -98.34514554, 20.86485254 ], [ -98.40290906, 20.85838388 ], [ -98.45055357, 20.82147186 ], [ -98.46455731, 20.77252911 ], [ -98.44972888, 20.75134571 ], [ -98.50361051, 20.73222669 ], [ -98.51665391, 20.74288968 ], [ -98.50643806, 20.73311915 ], [ -98.55017975, 20.68939254 ], [ -98.53339735, 20.66271691 ], [ -98.52505134, 20.68183911 ], [ -98.42144782, 20.74427612 ], [ -98.44590365, 20.69433671 ], [ -98.4598834, 20.69620335 ], [ -98.46368595, 20.66724128 ], [ -98.49484672, 20.64434051 ], [ -98.48018046, 20.58899889 ], [ -98.51224802, 20.59422435 ], [ -98.53466517, 20.53065818 ], [ -98.59728569, 20.49577086 ], [ -98.54968914, 20.43535917 ], [ -98.54896666, 20.36028612 ], [ -98.51740108, 20.33685168 ], [ -98.46038915, 20.33144962 ], [ -98.38614878, 20.402712911 ], [ -98.32101362, 20.418013801 ], [ -98.3121386, 20.449767651 ], [ -98.22869405, 20.520834721 ], [ -98.15804302, 20.542561281 ], [ -98.11178648, 20.615936751 ], [ -98.08718085, 20.62287677 ], [ -98.07490282, 20.67654785 ], [ -98.02101, 20.62678 ], [ -98.01727162, 20.52599238 ], [ -97.98507112, 20.5174056 ], [ -98.01138482, 20.455772251 ], [ -98.07048426, 20.43027317 ], [ -98.12683551, 20.33623102 ], [ -98.18130811, 20.33654308 ], [ -98.17907757, 20.29380837 ], [ -98.254029649, 20.301341882 ], [ -98.28444354, 20.26278885 ], [ -98.270546169, 20.215806281 ], [ -98.175924939, 20.25422954 ], [ -98.12795855, 20.18594137 ], [ -98.139582649, 20.150141621 ], [ -98.09787945, 20.145389661 ], [ -98.10846246, 20.120803401 ], [ -98.124607059, 20.124069891 ], [ -98.12827266, 20.10720265 ], [ -98.159704738, 20.092569971 ], [ -98.180902849, 20.04698554 ], [ -98.160427979, 19.978129571 ], [ -98.180697649, 19.959751571 ], [ -98.21594135, 19.96852114 ], [ -98.222081689, 19.94693206 ], [ -98.251603779, 19.948149771 ], [ -98.24807295, 19.91753072 ], [ -98.2678202, 19.91611392 ], [ -98.26935185, 19.895709141 ], [ -98.31500434, 19.855115601 ], [ -98.26714911, 19.843336 ], [ -98.23481545, 19.77704551 ], [ -98.1944842, 19.76558965 ], [ -98.1956988, 19.74161966 ], [ -98.259574768, 19.717209481 ], [ -98.3316672, 19.72231997 ], [ -98.32380314, 19.68529765 ], [ -98.38169685, 19.60936186 ], [ -98.49019543, 19.61995332 ], [ -98.491613849, 19.60736783 ], [ -98.5192388, 19.60239929 ], [ -98.53557578, 19.63441888 ], [ -98.55039968, 19.61857817 ], [ -98.5663578, 19.64111966 ], [ -98.60983608, 19.60201431 ], [ -98.66314562, 19.60475422 ], [ -98.67005482, 19.65867614 ], [ -98.64381414, 19.6488378 ], [ -98.61967057, 19.66116392 ], [ -98.63989709, 19.67108311 ], [ -98.6239154, 19.69640805 ], [ -98.63292434, 19.72223586 ], [ -98.60810171, 19.72507503 ], [ -98.59686666, 19.76583975 ], [ -98.66081486, 19.83503142 ], [ -98.67479218, 19.8323962 ], [ -98.67587542, 19.81318435 ], [ -98.69764125, 19.83211482 ], [ -98.67265892, 19.86283462 ], [ -98.71282066, 19.85380192 ], [ -98.78057412, 19.88354055 ], [ -98.79517248, 19.85641469 ], [ -98.84403368, 19.88198826 ], [ -98.85583002, 19.90428015 ], [ -98.86589594, 19.89258689 ], [ -98.88316208, 19.90152875 ], [ -98.9118248, 19.881017261 ], [ -98.90601609, 19.84512954 ], [ -98.927631519, 19.843392681 ], [ -98.950042399, 19.79964129 ], [ -99.008200719, 19.828402061 ], [ -99.02058115, 19.86768266 ], [ -98.953546939, 19.88853989 ], [ -98.956112429, 19.928183551 ], [ -98.999778509, 19.94182502 ], [ -98.995622819, 19.956891721 ], [ -98.94273049, 19.97907309 ], [ -98.946654649, 20.027475091 ], [ -98.98897789, 20.068261921 ], [ -99.02155471, 19.987005231 ], [ -99.004120109, 19.964952111 ], [ -99.034512969, 19.971771781 ], [ -99.03134289, 20.014853631 ], [ -99.04943031, 20.007697111 ], [ -99.05957574, 19.97399582 ], [ -99.063840859, 20.014194351 ], [ -99.085449969, 20.032487921 ], [ -99.15860312, 20.02718771 ], [ -99.22776105, 19.95106812 ], [ -99.20560277, 19.92750074 ], [ -99.22829969, 19.8750468 ], [ -99.29694378, 19.83522225 ], [ -99.30660052, 19.79769371 ], [ -99.33865391, 19.80202825 ], [ -99.34456045, 19.779454521 ], [ -99.383031909, 19.771415511 ], [ -99.373249909, 19.851541851 ], [ -99.414991769, 19.850526631 ], [ -99.445208289, 19.884321061 ], [ -99.4359332, 19.903129151 ], [ -99.463880569, 19.892596221 ], [ -99.48398148, 19.905176521 ], [ -99.477764939, 19.960566401 ], [ -99.450243599, 19.964246891 ], [ -99.43685292, 20.001299051 ], [ -99.45975871, 20.065457341 ], [ -99.518128199, 20.14566666 ], [ -99.501830849, 20.15328658 ], [ -99.512240249, 20.17510017 ], [ -99.53349445, 20.16205802 ], [ -99.59956088, 20.16967337 ], [ -99.6306024, 20.14569445 ], [ -99.659726618, 20.18082054 ], [ -99.67694891, 20.16247046 ], [ -99.71937185, 20.16713798 ], [ -99.8418896, 20.28188142 ], [ -99.85954143, 20.26462834 ], [ -99.828071179, 20.543007651 ], [ -99.73868326, 20.560520801 ], [ -99.71195208, 20.58126662 ], [ -99.69641295, 20.57444502 ], [ -99.65787037, 20.60179929 ], [ -99.61951128, 20.59140695 ], [ -99.5653444, 20.64039415 ], [ -99.50192266, 20.65896222 ], [ -99.505540319, 20.68470052 ], [ -99.548471289, 20.73719775 ], [ -99.503817, 20.76578732 ], [ -99.488731819, 20.83293289 ], [ -99.44606406, 20.85303106 ], [ -99.435226579, 20.899397 ], [ -99.412556859, 20.90542894 ], [ -99.415585509, 20.9249006 ], [ -99.39062602, 20.95227432 ], [ -99.38995452, 21.00413838 ], [ -99.36324591, 21.041728891 ], [ -99.397280739, 21.102070451 ], [ -99.34635966, 21.10087666 ], [ -99.34182843, 21.12365968 ], [ -99.30920565, 21.14729965 ], [ -99.24768132, 21.10126569 ], [ -99.15052198, 21.14775068 ], [ -99.09063112, 21.15309552 ], [ -99.07647931, 21.17346395 ], [ -99.06241209, 21.17430863 ], [ -99.07270743, 21.15796583 ], [ -99.06133169, 21.15420534 ], [ -99.04307985, 21.17867725 ], [ -99.05237049, 21.21951558 ], [ -99.073532109, 21.230425285 ], [ -99.05117674, 21.25342968 ], [ -99.05513849, 21.28253848 ], [ -98.94496075, 21.31133658 ], [ -98.88265882, 21.17961088 ], [ -98.8573998, 21.189264221 ], [ -98.82494806, 21.16135017 ], [ -98.79395335, 21.16018363 ], [ -98.78987808, 21.17850094 ], [ -98.79859423, 21.178079781 ], [ -98.8081432, 21.19324491 ], [ -98.77292138, 21.171968771 ], [ -98.74131386, 21.1927918 ], [ -98.72766077, 21.179549421 ], [ -98.70212077, 21.18511828 ], [ -98.69664051, 21.161460121 ], [ -98.68266006, 21.20063786 ], [ -98.65052163, 21.180932661 ], [ -98.60874205, 21.20140829 ], [ -98.59524145, 21.28322957 ], [ -98.60467326, 21.30184203 ], [ -98.67072729, 21.32471965 ], [ -98.68108337, 21.34617849 ], [ -98.65275015, 21.34684418 ], [ -98.63855265, 21.36771711 ], [ -98.59693528, 21.35907352 ], [ -98.54956648, 21.38459843 ], [ -98.5114258, 21.36251314 ], [ -98.50708165, 21.38616103 ], [ -98.48553528, 21.39837568 ] ] ] } },
{ "type": "Feature", "properties": { "cvegeo": "14", "cve_ent": "14", "nomgeo_inegi": "Jalisco", "nom_abrev": "Jal.", "pob_total": "8348151", "pob_femenina": "4249696", "pob_masculina": "4098455", "total_viviendas_habitadas": "2332218", "estado_csv": "Jalisco" }, "geometry": { "type": "MultiPolygon", "coordinates": [ [ [ [ -104.814455256, 19.229037767 ], [ -104.813533402, 19.225903689 ], [ -104.816357912, 19.220899682 ], [ -104.814900564, 19.23129229 ], [ -104.814455256, 19.229037767 ] ] ], [ [ [ -104.812506938, 19.233018675 ], [ -104.813388978, 19.230927348 ], [ -104.814816715, 19.233096448 ], [ -104.812973224, 19.234257432 ], [ -104.812506938, 19.233018675 ] ] ], [ [ [ -104.876146417, 19.273361323 ], [ -104.876509797, 19.27236573 ], [ -104.877472125, 19.272750126 ], [ -104.876856592, 19.273725529 ], [ -104.876146417, 19.273361323 ] ] ], [ [ [ -104.959911716, 19.306054421 ], [ -104.960953854, 19.30769016 ], [ -104.960595395, 19.308125384 ], [ -104.959542957, 19.307091183 ], [ -104.959911716, 19.306054421 ] ] ], [ [ [ -104.955264535, 19.310136402 ], [ -104.955692628, 19.309434366 ], [ -104.956583442, 19.310339904 ], [ -104.955614967, 19.310576048 ], [ -104.955264535, 19.310136402 ] ] ], [ [ [ -104.951482322, 19.31424535 ], [ -104.951941839, 19.314626032 ], [ -104.951953275, 19.315266511 ], [ -104.951347223, 19.314962022 ], [ -104.951482322, 19.31424535 ] ] ], [ [ [ -105.035277577, 19.390909577 ], [ -105.03395052, 19.390262974 ], [ -105.03409361, 19.388974999 ], [ -105.036004877, 19.38902772 ], [ -105.035277577, 19.390909577 ] ] ], [ [ [ -105.035699577, 19.441077179 ], [ -105.034755956, 19.44047272 ], [ -105.035727479, 19.439609217 ], [ -105.036365363, 19.440104721 ], [ -105.035699577, 19.441077179 ] ] ], [ [ [ -105.063527966, 19.476771636 ], [ -105.06343695, 19.476322689 ], [ -105.066269196, 19.476351599 ], [ -105.06462765, 19.477104228 ], [ -105.063527966, 19.476771636 ] ] ], [ [ [ -105.066644587, 19.479137289 ], [ -105.064487825, 19.478977366 ], [ -105.063875835, 19.477848403 ], [ -105.066984823, 19.477142753 ], [ -105.068435122, 19.477775127 ], [ -105.066644587, 19.479137289 ] ] ], [ [ [ -105.08544164, 19.514808601 ], [ -105.084994671, 19.514618075 ], [ -105.085201623, 19.513820177 ], [ -105.086187018, 19.514452908 ], [ -105.08544164, 19.514808601 ] ] ], [ [ [ -105.086332111, 19.522755276 ], [ -105.085491724, 19.522495627 ], [ -105.085627236, 19.521095968 ], [ -105.086987114, 19.521502681 ], [ -105.086332111, 19.522755276 ] ] ], [ [ [ -105.093256953, 19.526458344 ], [ -105.090883261, 19.524641588 ], [ -105.091018032, 19.523295769 ], [ -105.09589024, 19.525982322 ], [ -105.093256953, 19.526458344 ] ] ], [ [ [ -105.093576871, 19.530457434 ], [ -105.093086964, 19.530201296 ], [ -105.094461865, 19.529163714 ], [ -105.094156056, 19.530427488 ], [ -105.093576871, 19.530457434 ] ] ], [ [ [ -105.08832717, 19.533210439 ], [ -105.087863008, 19.531629868 ], [ -105.089528482, 19.531838761 ], [ -105.089650868, 19.533217496 ], [ -105.08832717, 19.533210439 ] ] ], [ [ [ -105.088748507, 19.536111613 ], [ -105.087691413, 19.535741755 ], [ -105.087202548, 19.534332194 ], [ -105.089293351, 19.534005701 ], [ -105.088748507, 19.536111613 ] ] ], [ [ [ -105.092183483, 19.535038374 ], [ -105.09282126, 19.535260883 ], [ -105.092119312, 19.536387358 ], [ -105.091874637, 19.536040838 ], [ -105.092183483, 19.535038374 ] ] ], [ [ [ -105.093984799, 19.540448285 ], [ -105.09207519, 19.539292159 ], [ -105.093229647, 19.537931088 ], [ -105.09511789, 19.538779029 ], [ -105.093984799, 19.540448285 ] ] ], [ [ [ -105.114192739, 19.549159167 ], [ -105.113184129, 19.548325704 ], [ -105.116006298, 19.547299669 ], [ -105.115682332, 19.548783726 ], [ -105.114192739, 19.549159167 ] ] ], [ [ [ -105.108482255, 19.550735178 ], [ -105.108051933, 19.544530128 ], [ -105.113304862, 19.545429221 ], [ -105.111257459, 19.550502162 ], [ -105.108482255, 19.550735178 ] ] ], [ [ [ -105.107677325, 19.556475361 ], [ -105.106610729, 19.556348959 ], [ -105.106402202, 19.556093755 ], [ -105.107951117, 19.555726342 ], [ -105.107677325, 19.556475361 ] ] ], [ [ [ -105.110529199, 19.561711608 ], [ -105.111638641, 19.557339489 ], [ -105.117166097, 19.554968884 ], [ -105.113574919, 19.561519796 ], [ -105.110529199, 19.561711608 ] ] ], [ [ [ -105.130684741, 19.573150465 ], [ -105.13108223, 19.573269617 ], [ -105.130922337, 19.573924321 ], [ -105.130559281, 19.573671857 ], [ -105.130684741, 19.573150465 ] ] ], [ [ [ -105.133406471, 19.574222073 ], [ -105.132467625, 19.573663378 ], [ -105.13450645, 19.573647723 ], [ -105.134277034, 19.574024531 ], [ -105.133406471, 19.574222073 ] ] ], [ [ [ -105.134826808, 19.575027703 ], [ -105.135799702, 19.573770119 ], [ -105.136936668, 19.574360463 ], [ -105.135291549, 19.575190511 ], [ -105.134826808, 19.575027703 ] ] ], [ [ [ -105.147171131, 19.579102073 ], [ -105.14661201, 19.578784598 ], [ -105.147871206, 19.578651361 ], [ -105.1478054, 19.579030597 ], [ -105.147171131, 19.579102073 ] ] ], [ [ [ -105.146187562, 19.58046941 ], [ -105.146906235, 19.580364533 ], [ -105.147482883, 19.580682279 ], [ -105.146681662, 19.581046674 ], [ -105.146187562, 19.58046941 ] ] ], [ [ [ -105.292005801, 20.544416488 ], [ -105.293229453, 20.544424813 ], [ -105.293431374, 20.545192164 ], [ -105.291379971, 20.545505367 ], [ -105.292005801, 20.544416488 ] ] ], [ [ [ -103.93373951, 22.74604723 ], [ -103.90885451, 22.74997575 ], [ -103.89832763, 22.72827731 ], [ -103.77467362, 22.73386891 ], [ -103.75198622, 22.71164531 ], [ -103.76096183, 22.62561403 ], [ -103.86072057, 22.56761886 ], [ -103.85179798, 22.55362008 ], [ -103.87518638, 22.52157588 ], [ -103.86398532, 22.49144342 ], [ -103.88536857, 22.47352509 ], [ -103.87609835, 22.44118391 ], [ -103.8947, 22.43816386 ], [ -103.86692938, 22.40938063 ], [ -103.92612425, 22.33207282 ], [ -103.91014942, 22.28332785 ], [ -103.91787557, 22.26197045 ], [ -103.862936, 22.16688243 ], [ -103.82861982, 22.28661289 ], [ -103.84543423, 22.34275749 ], [ -103.81115172, 22.37674523 ], [ -103.81017642, 22.42728523 ], [ -103.76910209, 22.55578915 ], [ -103.72655502, 22.57414663 ], [ -103.66101051, 22.54714438 ], [ -103.60275868, 22.55679154 ], [ -103.55919371, 22.42842755 ], [ -103.59401974, 22.40721494 ], [ -103.60480235, 22.34014231 ], [ -103.64211148, 22.34087335 ], [ -103.63778809, 22.29523311 ], [ -103.59490325, 22.27307835 ], [ -103.6308964, 22.23891797 ], [ -103.65447365, 22.17193622 ], [ -103.69029298, 22.13009328 ], [ -103.68384732, 22.10920523 ], [ -103.60470457, 22.09794158 ], [ -103.59404342, 22.11164672 ], [ -103.58111989, 22.10487074 ], [ -103.57995034, 22.12682712 ], [ -103.56014086, 22.13658566 ], [ -103.54273657, 22.12061212 ], [ -103.51455097, 22.12910857 ], [ -103.51589708, 22.1099162 ], [ -103.5015642, 22.10556402 ], [ -103.43949966, 22.1176392 ], [ -103.41968574, 22.17748285 ], [ -103.43412468, 22.19076054 ], [ -103.41723122, 22.19047609 ], [ -103.40895963, 22.21536491 ], [ -103.38565692, 22.2125286 ], [ -103.38302631, 22.22701342 ], [ -103.33769678, 22.24516368 ], [ -103.31193417, 22.23325698 ], [ -103.29510443, 22.25328528 ], [ -103.31393822, 22.25871075 ], [ -103.29779034, 22.29833726 ], [ -103.30688274, 22.30628306 ], [ -103.32770582, 22.30736037 ], [ -103.35568811, 22.27979925 ], [ -103.35009274, 22.30745655 ], [ -103.36375648, 22.31448317 ], [ -103.34295528, 22.33512237 ], [ -103.36668298, 22.35103902 ], [ -103.36471668, 22.36953563 ], [ -103.31458463, 22.40490822 ], [ -103.30050158, 22.39299012 ], [ -103.28523072, 22.41424415 ], [ -103.23212057, 22.39339386 ], [ -103.21341274, 22.41007325 ], [ -103.19877088, 22.38060123 ], [ -103.16857769, 22.3850128 ], [ -103.16858992, 22.35461566 ], [ -103.2082326, 22.3330812 ], [ -103.22062195, 22.28046617 ], [ -103.19057382, 22.29852702 ], [ -103.10098772, 22.29397486 ], [ -103.05545518, 22.24725632 ], [ -103.05477017, 22.21382686 ], [ -103.10605877, 22.19135603 ], [ -103.10879838, 22.14434091 ], [ -103.07702474, 22.12550442 ], [ -103.10170034, 22.101798 ], [ -103.15278375, 22.08762205 ], [ -103.15428532, 22.07223682 ], [ -103.10790862, 22.06339578 ], [ -103.11148645, 22.01426131 ], [ -103.20166177, 21.99856812 ], [ -103.19181226, 21.9744498 ], [ -103.20556792, 21.96519438 ], [ -103.26471535, 21.97184498 ], [ -103.27856102, 21.98965015 ], [ -103.34135088, 21.94040314 ], [ -103.34408, 21.91347195 ], [ -103.39433888, 21.89669457 ], [ -103.41387009, 21.9054554 ], [ -103.45535731, 21.83279591 ], [ -103.47235654, 21.83600388 ], [ -103.47052997, 21.81354026 ], [ -103.50281745, 21.83307471 ], [ -103.53142529, 21.81783857 ], [ -103.52605765, 21.80506525 ], [ -103.57262726, 21.80348983 ], [ -103.50847355, 21.73973505 ], [ -103.55549174, 21.63408351 ], [ -103.54522218, 21.58763891 ], [ -103.55889183, 21.57640409 ], [ -103.59049657, 21.58979468 ], [ -103.59291832, 21.55922592 ], [ -103.61900469, 21.55686368 ], [ -103.64487828, 21.57645418 ], [ -103.65831645, 21.55590654 ], [ -103.68978888, 21.55235315 ], [ -103.694487, 21.52888688 ], [ -103.67257825, 21.50545474 ], [ -103.70146472, 21.46626591 ], [ -103.65874325, 21.46369766 ], [ -103.66078977, 21.44158357 ], [ -103.62652537, 21.43448206 ], [ -103.59531165, 21.39090623 ], [ -103.57588365, 21.43615398 ], [ -103.53870026, 21.44477092 ], [ -103.50392025, 21.37683702 ], [ -103.50996402, 21.35489288 ], [ -103.56763002, 21.35221586 ], [ -103.57845238, 21.33023429 ], [ -103.61694509, 21.35340965 ], [ -103.72083909, 21.30796108 ], [ -103.71364774, 21.26668743 ], [ -103.66668051, 21.29046511 ], [ -103.63399335, 21.28229185 ], [ -103.64019588, 21.22207242 ], [ -103.66732405, 21.21604855 ], [ -103.61863426, 21.188778621 ], [ -103.61360849, 21.156247181 ], [ -103.56895878, 21.11671775 ], [ -103.5314648, 21.141977511 ], [ -103.51096405, 21.146222151 ], [ -103.50405154, 21.127738681 ], [ -103.4285824, 21.14672382 ], [ -103.39596291, 21.08028845 ], [ -103.35310294, 21.04525995 ], [ -103.29655831, 21.06483842 ], [ -103.27573077, 21.05144665 ], [ -103.25823462, 21.08306643 ], [ -103.20960165, 21.0942206 ], [ -103.18836734, 21.07065972 ], [ -103.12732908, 21.05353108 ], [ -103.12332315, 21.06680391 ], [ -103.07736294, 21.0724312 ], [ -103.05647537, 21.09931975 ], [ -103.0757904, 21.09688889 ], [ -103.09850012, 21.12849331 ], [ -103.07137586, 21.15293375 ], [ -103.08430635, 21.19405949 ], [ -103.0569852, 21.2467876 ], [ -103.0655, 21.25580645 ], [ -103.04489188, 21.26236526 ], [ -103.04588371, 21.24942569 ], [ -103.01701354, 21.24104854 ], [ -102.99690402, 21.25968194 ], [ -102.94629392, 21.23444345 ], [ -102.9478112, 21.21460112 ], [ -102.91065217, 21.20523466 ], [ -102.90302866, 21.235186 ], [ -102.87657366, 21.23663402 ], [ -102.84482945, 21.27732685 ], [ -102.84877754, 21.29317629 ], [ -102.81515903, 21.294669 ], [ -102.81196378, 21.32371682 ], [ -102.79849937, 21.30691378 ], [ -102.78891602, 21.3295074 ], [ -102.77181772, 21.31600588 ], [ -102.75528088, 21.3231586 ], [ -102.75776543, 21.33918618 ], [ -102.72795977, 21.3570878 ], [ -102.72912806, 21.38735554 ], [ -102.6982844, 21.34326842 ], [ -102.67777703, 21.34089003 ], [ -102.6424368, 21.3677376 ], [ -102.63814062, 21.39323652 ], [ -102.65966946, 21.41087702 ], [ -102.65500686, 21.44664952 ], [ -102.63612986, 21.46290782 ], [ -102.64906725, 21.47419658 ], [ -102.62484151, 21.50141149 ], [ -102.64216685, 21.51872135 ], [ -102.63073432, 21.53398334 ], [ -102.69641017, 21.54303034 ], [ -102.69510074, 21.57291283 ], [ -102.76474134, 21.59606458 ], [ -102.78361469, 21.64669337 ], [ -102.77340511, 21.65830608 ], [ -102.80527897, 21.6712824 ], [ -102.76649214, 21.68692828 ], [ -102.74529994, 21.72005231 ], [ -102.69626329, 21.72876802 ], [ -102.69066857, 21.7524372 ], [ -102.66892635, 21.76405145 ], [ -102.55249372, 21.74265103 ], [ -102.47575655, 21.69494515 ], [ -102.45686377, 21.69808754 ], [ -102.4610664, 21.67925909 ], [ -102.31016569, 21.62662603 ], [ -102.29537078, 21.65309872 ], [ -102.30399031, 21.66668472 ], [ -102.23761751, 21.65200137 ], [ -102.21426675, 21.69481886 ], [ -102.17788592, 21.68815531 ], [ -102.17143278, 21.70700098 ], [ -102.14209972, 21.70537429 ], [ -102.08618066, 21.76726389 ], [ -102.09457051, 21.77770165 ], [ -102.071962739, 21.78265475 ], [ -102.04174294, 21.82306765 ], [ -102.03841751, 21.853198047 ], [ -101.88021262, 21.91014978 ], [ -101.83800337, 21.90734437 ], [ -101.83528945, 21.94177058 ], [ -101.87267131, 21.94651438 ], [ -101.88579988, 21.93261163 ], [ -101.91259849, 21.997485741 ], [ -101.89125251, 21.976592051 ], [ -101.8625798, 21.991356111 ], [ -101.86166982, 22.028883831 ], [ -101.81567305, 22.01998309 ], [ -101.80143615, 22.0309962 ], [ -101.77763308, 22.00730175 ], [ -101.751004, 22.01464543 ], [ -101.72997492, 22.00213837 ], [ -101.65710168, 21.93925497 ], [ -101.65069569, 21.9076754 ], [ -101.61671189, 21.92944797 ], [ -101.59584886, 21.90996262 ], [ -101.56980628, 21.91708074 ], [ -101.56596355, 21.84203334 ], [ -101.51054175, 21.79905849 ], [ -101.53883217, 21.77733488 ], [ -101.58569408, 21.77877712 ], [ -101.5796828, 21.7364046 ], [ -101.55765329, 21.73509866 ], [ -101.57085537, 21.70430772 ], [ -101.58404332, 21.70957449 ], [ -101.56913898, 21.69231026 ], [ -101.59608609, 21.63706191 ], [ -101.58018874, 21.62553134 ], [ -101.61231332, 21.58291689 ], [ -101.62000802, 21.54106897 ], [ -101.64126883, 21.52664832 ], [ -101.57041563, 21.41853575 ], [ -101.67758295, 21.39514237 ], [ -101.64284492, 21.35510609 ], [ -101.64317711, 21.29933569 ], [ -101.75971651, 21.26762174 ], [ -101.78110878, 21.16052789 ], [ -101.80400915, 21.16634818 ], [ -101.811826, 21.14123675 ], [ -101.83344802, 21.13727297 ], [ -101.8176588, 21.10704569 ], [ -101.87500374, 21.09289435 ], [ -101.93894975, 20.93061425 ], [ -101.97988182, 20.92504755 ], [ -102.02178054, 20.86216032 ], [ -102.07986705, 20.82906508 ], [ -102.09590838, 20.78005052 ], [ -102.06759263, 20.77224743 ], [ -102.06448731, 20.73874962 ], [ -102.03446088, 20.7421394 ], [ -102.03774026, 20.71739648 ], [ -102.01438937, 20.71706366 ], [ -102.01383749, 20.66444117 ], [ -101.96807966, 20.6636412 ], [ -101.97118786, 20.63760975 ], [ -101.95114368, 20.60742685 ], [ -101.97391842, 20.54178843 ], [ -102.01414163, 20.54259609 ], [ -102.01009242, 20.52605885 ], [ -102.04602729, 20.48261429 ], [ -102.04399457, 20.4565922 ], [ -102.07661583, 20.42815875 ], [ -102.07088262, 20.40901917 ], [ -102.10576823, 20.37863611 ], [ -102.16816768, 20.37874043 ], [ -102.15815805, 20.36696023 ], [ -102.17702246, 20.36815445 ], [ -102.17536614, 20.35596606 ], [ -102.25415982, 20.3352656 ], [ -102.30659802, 20.35816358 ], [ -102.36628957, 20.32787929 ], [ -102.43463198, 20.34102446 ], [ -102.49062868, 20.30860134 ], [ -102.50544249, 20.31585775 ], [ -102.53047689, 20.29582637 ], [ -102.52858425, 20.27095337 ], [ -102.54411808, 20.2805594 ], [ -102.55497735, 20.26068535 ], [ -102.56458298, 20.27815503 ], [ -102.59048612, 20.25846534 ], [ -102.61014554, 20.26908851 ], [ -102.627331249, 20.22938555 ], [ -102.67902537, 20.22691311 ], [ -102.67972186, 20.17150155 ], [ -102.81928209, 20.13724797 ], [ -102.8018734, 20.12303429 ], [ -102.81628738, 20.10604788 ], [ -102.84067468, 20.11610911 ], [ -102.86595326, 20.16236362 ], [ -102.94017026, 20.17168183 ], [ -102.95400314, 20.16656854 ], [ -102.92644828, 20.12957518 ], [ -102.95958017, 20.14124008 ], [ -102.97058391, 20.12540362 ], [ -103.00481854, 20.13819571 ], [ -103.04415234, 20.12411938 ], [ -103.02072003, 20.04730635 ], [ -103.05150418, 19.99161115 ], [ -103.02521955, 19.96049209 ], [ -102.95121494, 19.99655651 ], [ -102.90262189, 19.96686348 ], [ -102.88204963, 19.97576926 ], [ -102.79400946, 19.950291021 ], [ -102.776873579, 19.960153741 ], [ -102.770633549, 19.929868451 ], [ -102.73121511, 19.89950785 ], [ -102.74249005, 19.87875948 ], [ -102.73035268, 19.85320868 ], [ -102.7533302, 19.83412351 ], [ -102.73939631, 19.81582583 ], [ -102.79231223, 19.81411551 ], [ -102.81952685, 19.7779412 ], [ -102.81627409, 19.74990506 ], [ -102.80392628, 19.75215763 ], [ -102.81080472, 19.74101609 ], [ -102.78048172, 19.70432409 ], [ -102.80566254, 19.67483777 ], [ -102.79120335, 19.67318642 ], [ -102.77584946, 19.627715 ], [ -102.71593205, 19.60293515 ], [ -102.72603889, 19.57902555 ], [ -102.71065635, 19.54106877 ], [ -102.73806494, 19.49335948 ], [ -102.68948709, 19.51341568 ], [ -102.65752782, 19.48723728 ], [ -102.5818642, 19.52825512 ], [ -102.57594345, 19.49806178 ], [ -102.54270538, 19.47803311 ], [ -102.56817612, 19.4433546 ], [ -102.543596779, 19.430960001 ], [ -102.576787, 19.42390892 ], [ -102.56880075, 19.41262597 ], [ -102.669922689, 19.21241206 ], [ -102.700691569, 19.22453663 ], [ -102.69659328, 19.248808861 ], [ -102.712722149, 19.235808061 ], [ -102.753815919, 19.255805061 ], [ -102.7902432, 19.242458 ], [ -102.8244334, 19.20569323 ], [ -102.86537706, 19.21128543 ], [ -102.91507263, 19.17936711 ], [ -102.96009609, 19.17405589 ], [ -102.97935777, 19.15241326 ], [ -102.97762271, 19.12006091 ], [ -103.01972702, 19.13237117 ], [ -103.01600568, 19.07918531 ], [ -102.99083523, 19.05337891 ], [ -103.02521426, 19.05310385 ], [ -103.03324208, 19.02911762 ], [ -103.06323851, 19.02785408 ], [ -103.05249957, 18.99812542 ], [ -103.0881088, 18.98410871 ], [ -103.12501946, 18.93014466 ], [ -103.17336423, 18.93626392 ], [ -103.204472, 18.96761225 ], [ -103.2238762, 19.02410051 ], [ -103.33248517, 18.97325131 ], [ -103.37724888, 18.98017046 ], [ -103.41143392, 18.96765929 ], [ -103.47266046, 18.99113637 ], [ -103.4950202, 18.9706664 ], [ -103.48850554, 19.02758675 ], [ -103.52648063, 19.07872805 ], [ -103.49763088, 19.17464215 ], [ -103.51523852, 19.2113518 ], [ -103.50918158, 19.29514991 ], [ -103.48642998, 19.33789065 ], [ -103.57426842, 19.41156232 ], [ -103.61535757, 19.47499545 ], [ -103.60619931, 19.50055786 ], [ -103.61827651, 19.51251877 ], [ -103.69004529, 19.49244777 ], [ -103.71825732, 19.45349751 ], [ -103.81925286, 19.40873971 ], [ -103.82413489, 19.43778825 ], [ -103.85645277, 19.43133054 ], [ -103.88933089, 19.46359731 ], [ -103.90876546, 19.45362831 ], [ -103.8995216, 19.43454725 ], [ -103.96479866, 19.454162651 ], [ -103.97400709, 19.474552911 ], [ -104.00004555, 19.468828831 ], [ -104.06172506, 19.49770294 ], [ -104.090226219, 19.3930248 ], [ -104.13334412, 19.353745831 ], [ -104.12298462, 19.31904194 ], [ -104.16164983, 19.30271965 ], [ -104.179801319, 19.312562121 ], [ -104.19166737, 19.29220977 ], [ -104.26117905, 19.3118062 ], [ -104.297591, 19.30267077 ], [ -104.31480391, 19.27935589 ], [ -104.34388029, 19.28954598 ], [ -104.36187369, 19.26907842 ], [ -104.37427346, 19.28188398 ], [ -104.40132251, 19.26681303 ], [ -104.4009456, 19.2890698 ], [ -104.43925912, 19.27798786 ], [ -104.47167291, 19.22883585 ], [ -104.48895489, 19.22994337 ], [ -104.49453543, 19.25394705 ], [ -104.50838474, 19.24422505 ], [ -104.53028786, 19.25978883 ], [ -104.56911274, 19.21869523 ], [ -104.57693762, 19.1802046 ], [ -104.60028748, 19.17905337 ], [ -104.58984008, 19.15009522 ], [ -104.61283389, 19.15548282 ], [ -104.61882157, 19.18085145 ], [ -104.67997934, 19.19317152 ], [ -104.69172372, 19.1732774 ], [ -104.70281275, 19.17813198 ], [ -104.685087429, 19.205643575 ], [ -104.702524119, 19.221945263 ], [ -104.73401128, 19.22169757 ], [ -104.732933631, 19.239229667 ], [ -104.808487276, 19.232568985 ], [ -104.79410809, 19.29528328 ], [ -104.83275022, 19.30687009 ], [ -104.837090562, 19.28960979 ], [ -104.86680177, 19.28951422 ], [ -104.873114471, 19.27616643 ], [ -104.953568137, 19.321630098 ], [ -105.032088299, 19.387248554 ], [ -105.017667093, 19.405500177 ], [ -105.025226282, 19.43641266 ], [ -105.07312478, 19.47110398 ], [ -105.05910422, 19.47157465 ], [ -105.060703805, 19.495512642 ], [ -105.08150058, 19.50540689 ], [ -105.083384021, 19.542711841 ], [ -105.10424555, 19.57804692 ], [ -105.128043193, 19.587808919 ], [ -105.14231474, 19.5750812 ], [ -105.152704, 19.6035108 ], [ -105.19951938, 19.62126034 ], [ -105.264682469, 19.679170169 ], [ -105.26354792, 19.69559994 ], [ -105.33033832, 19.766358 ], [ -105.34463569, 19.80491054 ], [ -105.504440507, 20.010552294 ], [ -105.549985925, 20.094524323 ], [ -105.5428692, 20.184368615 ], [ -105.554880899, 20.224660158 ], [ -105.65616178, 20.31771306 ], [ -105.6927654, 20.38823446 ], [ -105.69496011, 20.40922778 ], [ -105.673179146, 20.406907257 ], [ -105.67127485, 20.42588345 ], [ -105.60414928, 20.47576852 ], [ -105.316458556, 20.5117567 ], [ -105.258161664, 20.557490535 ], [ -105.232700459, 20.617220543 ], [ -105.24507166, 20.65331452 ], [ -105.27893215, 20.68133472 ], [ -105.26125229, 20.67981618 ], [ -105.24257266, 20.70424154 ], [ -105.23991578, 20.74735128 ], [ -105.19696114, 20.77717103 ], [ -105.17339655, 20.76771138 ], [ -105.16227568, 20.79251928 ], [ -105.17394295, 20.81394345 ], [ -105.14254611, 20.88646583 ], [ -105.08033692, 20.93147089 ], [ -105.04680485, 20.93428386 ], [ -105.03161334, 20.909171231 ], [ -105.00633225, 20.922536371 ], [ -105.00339409, 20.91085754 ], [ -104.99037369, 20.92156285 ], [ -104.96724405, 20.909508091 ], [ -104.95316389, 20.930134341 ], [ -104.90052602, 20.94634066 ], [ -104.90062748, 20.962747201 ], [ -104.83809891, 21.020008581 ], [ -104.72998915, 21.012288251 ], [ -104.72936277, 20.983154141 ], [ -104.68105792, 20.96066669 ], [ -104.68099997, 20.943840621 ], [ -104.62853272, 20.92386569 ], [ -104.59073626, 20.93461928 ], [ -104.55692169, 20.92415238 ], [ -104.49993814, 20.83818646 ], [ -104.41412462, 20.79377025 ], [ -104.37754871, 20.74237342 ], [ -104.2884866, 20.68915662 ], [ -104.28201095, 20.62899335 ], [ -104.25363983, 20.60341871 ], [ -104.24692382, 20.6314924 ], [ -104.26038954, 20.64283555 ], [ -104.23646074, 20.6628972 ], [ -104.2531598, 20.68229638 ], [ -104.24181569, 20.71343352 ], [ -104.28285625, 20.78348058 ], [ -104.2976174, 20.7707952 ], [ -104.32832232, 20.79809768 ], [ -104.37589215, 20.78407297 ], [ -104.35040234, 20.81164397 ], [ -104.36405938, 20.81393298 ], [ -104.36176849, 20.84093102 ], [ -104.29541589, 20.84549606 ], [ -104.2791108, 20.86451866 ], [ -104.29091612, 20.88779574 ], [ -104.26787955, 20.88746108 ], [ -104.22875342, 20.93558175 ], [ -104.20658778, 20.93637335 ], [ -104.20130635, 20.95924218 ], [ -104.23312945, 20.96874337 ], [ -104.23847425, 20.99215082 ], [ -104.22319571, 21.00126366 ], [ -104.24271291, 21.02733163 ], [ -104.21086032, 21.11860142 ], [ -104.21939798, 21.17661058 ], [ -104.20279366, 21.19283243 ], [ -104.11084485, 21.18859571 ], [ -104.08565926, 21.20536111 ], [ -104.0685864, 21.18677328 ], [ -104.05283852, 21.20541311 ], [ -104.02796882, 21.19467249 ], [ -104.01748885, 21.22720185 ], [ -103.97345403, 21.25632828 ], [ -103.92401998, 21.23457174 ], [ -103.93105689, 21.26254712 ], [ -103.91789871, 21.23102777 ], [ -103.89836275, 21.22649002 ], [ -103.86188954, 21.24886837 ], [ -103.81939111, 21.24843503 ], [ -103.82034563, 21.28104138 ], [ -103.74935182, 21.33670848 ], [ -103.74133251, 21.37405511 ], [ -103.7673332, 21.388433 ], [ -103.7644034, 21.41030417 ], [ -103.72089555, 21.42543123 ], [ -103.77412948, 21.49838071 ], [ -103.82371282, 21.49304737 ], [ -103.85992491, 21.52474951 ], [ -103.85627172, 21.55236542 ], [ -103.88164608, 21.55214228 ], [ -103.89257817, 21.57414303 ], [ -103.91923455, 21.58198588 ], [ -103.91908429, 21.61624971 ], [ -103.90769894, 21.61867631 ], [ -103.93024945, 21.64191443 ], [ -103.88772497, 21.69781823 ], [ -103.89591346, 21.72774378 ], [ -103.90279062, 21.716258 ], [ -103.93182786, 21.74338051 ], [ -103.91612931, 21.75576871 ], [ -103.92348191, 21.77180232 ], [ -104.0522538, 21.79476095 ], [ -104.07985618, 21.78240515 ], [ -104.1303816, 21.79045132 ], [ -104.16174845, 21.80984134 ], [ -104.19700018, 21.85077225 ], [ -104.17223326, 21.87131891 ], [ -104.18638512, 21.86801175 ], [ -104.20104072, 21.89147838 ], [ -104.17369922, 21.96339285 ], [ -104.19331945, 21.98542012 ], [ -104.24600515, 21.96693798 ], [ -104.29407686, 22.00276095 ], [ -104.32686314, 21.97536932 ], [ -104.37069263, 21.97617317 ], [ -104.36003862, 22.01505683 ], [ -104.37319151, 22.10256383 ], [ -104.33183626, 22.19978986 ], [ -104.34135932, 22.2095632 ], [ -104.32867942, 22.24535871 ], [ -104.28486591, 22.29709352 ], [ -104.29837862, 22.34781142 ], [ -104.25474252, 22.34878942 ], [ -104.25833937, 22.38465831 ], [ -104.22074992, 22.42109974 ], [ -104.16468766, 22.39164954 ], [ -104.17885578, 22.42743249 ], [ -104.16748678, 22.44515049 ], [ -104.19510028, 22.44763148 ], [ -104.18572954, 22.47141271 ], [ -104.20491651, 22.47190782 ], [ -104.19887403, 22.48045731 ], [ -104.20118609, 22.48301783 ], [ -104.21129377, 22.48141403 ], [ -104.214828, 22.48416149 ], [ -104.19022998, 22.50761152 ], [ -104.15040714, 22.51627591 ], [ -104.11350892, 22.49660986 ], [ -104.12038102, 22.51748469 ], [ -104.0771602, 22.53178177 ], [ -104.05157471, 22.46674777 ], [ -104.09416086, 22.35504795 ], [ -104.04875282, 22.37644462 ], [ -104.0151338, 22.36481289 ], [ -104.00590629, 22.40868369 ], [ -103.96057011, 22.43317915 ], [ -103.92944208, 22.47512375 ], [ -103.93441111, 22.49992214 ], [ -104.00557083, 22.53660028 ], [ -103.97233212, 22.54511363 ], [ -104.00083898, 22.56677512 ], [ -103.98622198, 22.59090174 ], [ -104.02700563, 22.61317815 ], [ -104.03329432, 22.63410923 ], [ -104.01550888, 22.66891066 ], [ -104.07362274, 22.69695311 ], [ -104.05916422, 22.69206366 ], [ -104.05591151, 22.7239782 ], [ -104.02569052, 22.74327815 ], [ -103.93373951, 22.74604723 ] ] ] ] } },
{ "type": "Feature", "properties": { "cvegeo": "15", "cve_ent": "15", "nomgeo_inegi": "México", "nom_abrev": "Mex.", "pob_total": "16992418", "pob_femenina": "8741123", "pob_masculina": "8251295", "total_viviendas_habitadas": "4569533", "estado_csv": "Estado de México" }, "geometry": { "type": "Polygon", "coordinates": [ [ [ -99.91236794, 20.28562618 ], [ -99.85954143, 20.26462834 ], [ -99.8418896, 20.28188142 ], [ -99.71937185, 20.16713798 ], [ -99.67694891, 20.16247046 ], [ -99.659726618, 20.18082054 ], [ -99.6306024, 20.14569445 ], [ -99.59956088, 20.16967337 ], [ -99.53349445, 20.16205802 ], [ -99.512240249, 20.17510017 ], [ -99.501830849, 20.15328658 ], [ -99.518128199, 20.14566666 ], [ -99.45975871, 20.065457341 ], [ -99.43685292, 20.001299051 ], [ -99.450243599, 19.964246891 ], [ -99.477764939, 19.960566401 ], [ -99.48398148, 19.905176521 ], [ -99.463880569, 19.892596221 ], [ -99.4359332, 19.903129151 ], [ -99.445208289, 19.884321061 ], [ -99.414991769, 19.850526631 ], [ -99.373249909, 19.851541851 ], [ -99.38244518, 19.771204061 ], [ -99.34456045, 19.779454521 ], [ -99.33865391, 19.80202825 ], [ -99.30660052, 19.79769371 ], [ -99.29694378, 19.83522225 ], [ -99.22829969, 19.8750468 ], [ -99.20560277, 19.92750074 ], [ -99.22776105, 19.95106812 ], [ -99.15860312, 20.02718771 ], [ -99.085449969, 20.032487921 ], [ -99.063840859, 20.014194351 ], [ -99.05957574, 19.97399582 ], [ -99.04943031, 20.007697111 ], [ -99.03134289, 20.014853631 ], [ -99.034512969, 19.971771781 ], [ -99.004120109, 19.964952111 ], [ -99.02155471, 19.987005231 ], [ -98.98897789, 20.068261921 ], [ -98.946654649, 20.027475091 ], [ -98.94273049, 19.97907309 ], [ -98.995622819, 19.956891721 ], [ -98.999778509, 19.94182502 ], [ -98.956112429, 19.928183551 ], [ -98.953546939, 19.88853989 ], [ -99.02058115, 19.86768266 ], [ -99.008200719, 19.828402061 ], [ -98.950042399, 19.79964129 ], [ -98.927631519, 19.843392681 ], [ -98.90601609, 19.84512954 ], [ -98.9118248, 19.881017261 ], [ -98.88316208, 19.90152875 ], [ -98.86589594, 19.89258689 ], [ -98.85583002, 19.90428015 ], [ -98.84403368, 19.88198826 ], [ -98.79517248, 19.85641469 ], [ -98.78057412, 19.88354055 ], [ -98.71282066, 19.85380192 ], [ -98.67265892, 19.86283462 ], [ -98.69764125, 19.83211482 ], [ -98.67587542, 19.81318435 ], [ -98.67479218, 19.8323962 ], [ -98.66081486, 19.83503142 ], [ -98.59686666, 19.76583975 ], [ -98.60810171, 19.72507503 ], [ -98.63292434, 19.72223586 ], [ -98.6239154, 19.69640805 ], [ -98.63989709, 19.67108311 ], [ -98.61967057, 19.66116392 ], [ -98.64381414, 19.6488378 ], [ -98.67005482, 19.65867614 ], [ -98.6617466, 19.610113 ], [ -98.692431999, 19.58587949 ], [ -98.708398579, 19.54759969 ], [ -98.63482205, 19.43124188 ], [ -98.66017837, 19.43209357 ], [ -98.65554271, 19.37345234 ], [ -98.63807978, 19.358911 ], [ -98.66058797, 19.35173638 ], [ -98.66347589, 19.32479238 ], [ -98.62752488, 19.25775917 ], [ -98.6435712, 19.23872986 ], [ -98.64702238, 19.18482789 ], [ -98.64065706, 19.12545574 ], [ -98.62548935, 19.11957198 ], [ -98.63929817, 19.07744049 ], [ -98.61987463, 19.03505957 ], [ -98.71403711, 18.94303234 ], [ -98.79208028, 18.93533988 ], [ -98.85947965, 18.96477794 ], [ -98.87102643, 19.02539315 ], [ -98.90338978, 19.03848289 ], [ -98.91559817, 19.06405728 ], [ -98.95777855, 19.06029449 ], [ -98.9789954, 19.07445595 ], [ -98.95906351, 19.10427795 ], [ -98.96645594, 19.14387051 ], [ -98.95462631, 19.14952435 ], [ -98.9673664, 19.16443869 ], [ -98.95238565, 19.16863762 ], [ -98.96852792, 19.210571081 ], [ -98.94030282, 19.22323965 ], [ -98.96858651, 19.23221795 ], [ -98.97653063, 19.25312538 ], [ -98.957902629, 19.323227621 ], [ -98.991939178, 19.36759871 ], [ -99.05813572, 19.40069215 ], [ -99.046459066, 19.442364562 ], [ -99.06386254, 19.498778711 ], [ -99.12589849, 19.52120818 ], [ -99.10809722, 19.564888491 ], [ -99.12370609, 19.59275728 ], [ -99.158095519, 19.55735134 ], [ -99.15679812, 19.52809077 ], [ -99.17601146, 19.53203605 ], [ -99.17704574, 19.52932848 ], [ -99.15718111, 19.50284889 ], [ -99.20925754, 19.51240902 ], [ -99.22232829, 19.426945621 ], [ -99.29558729, 19.36907729 ], [ -99.31308765, 19.37044874 ], [ -99.35660785, 19.3066758 ], [ -99.3649242, 19.27776925 ], [ -99.33915989, 19.26769715 ], [ -99.34234097, 19.2411224 ], [ -99.31534335, 19.22919649 ], [ -99.27869522, 19.13170172 ], [ -99.318318979, 19.08741683 ], [ -99.308716399, 18.958797741 ], [ -99.36703683, 18.89399878 ], [ -99.406653629, 18.895187751 ], [ -99.410957019, 18.878183861 ], [ -99.42935452, 18.87756929 ], [ -99.42588877, 18.826432971 ], [ -99.49387022, 18.72082109 ], [ -99.53643492, 18.69375111 ], [ -99.56978155, 18.70551094 ], [ -99.58990892, 18.73930722 ], [ -99.62286606, 18.73983891 ], [ -99.63090775, 18.72055223 ], [ -99.66145586, 18.77130546 ], [ -99.69721551, 18.78633611 ], [ -99.709157889, 18.768838881 ], [ -99.67197238, 18.71350394 ], [ -99.737031399, 18.739832511 ], [ -99.79300475, 18.63065763 ], [ -99.81251752, 18.64085791 ], [ -99.81655875, 18.62500343 ], [ -99.84835952, 18.62025883 ], [ -99.84761808, 18.6054904 ], [ -99.88846285, 18.61866305 ], [ -99.94716185, 18.58794057 ], [ -99.96167226, 18.55297891 ], [ -100.00160337, 18.56393006 ], [ -99.99930085, 18.58357837 ], [ -100.02496363, 18.60686675 ], [ -100.08241383, 18.58794983 ], [ -100.06888634, 18.56444065 ], [ -100.08995114, 18.52216078 ], [ -100.17420298, 18.48168134 ], [ -100.18573625, 18.45510723 ], [ -100.217076089, 18.445923691 ], [ -100.236399649, 18.41677177 ], [ -100.25951991, 18.42743269 ], [ -100.270891519, 18.373732461 ], [ -100.29197828, 18.38160592 ], [ -100.303753169, 18.36701722 ], [ -100.35944132, 18.42346186 ], [ -100.38535698, 18.42652414 ], [ -100.362003179, 18.49684723 ], [ -100.37370129, 18.52911385 ], [ -100.39595369, 18.54052009 ], [ -100.42909695, 18.51004806 ], [ -100.4493616, 18.55656137 ], [ -100.42973331, 18.59927322 ], [ -100.48702769, 18.64035165 ], [ -100.4783372, 18.68686478 ], [ -100.44713332, 18.70157505 ], [ -100.43713043, 18.75055525 ], [ -100.41808522, 18.75951408 ], [ -100.43063375, 18.78324845 ], [ -100.45600435, 18.77787815 ], [ -100.45939165, 18.79689269 ], [ -100.49028505, 18.78930305 ], [ -100.49348271, 18.82391672 ], [ -100.58549378, 18.85876586 ], [ -100.61289735, 18.89345451 ], [ -100.54378586, 18.93470371 ], [ -100.52985278, 19.00933122 ], [ -100.41082723, 19.06359508 ], [ -100.38948229, 19.14291286 ], [ -100.36159114, 19.154706828 ], [ -100.37819148, 19.171100048 ], [ -100.37308512, 19.194171968 ], [ -100.31988334, 19.25299154 ], [ -100.32326506, 19.30680325 ], [ -100.30073063, 19.34274428 ], [ -100.31237446, 19.36236112 ], [ -100.29309412, 19.39512886 ], [ -100.23742517, 19.40351226 ], [ -100.18987262, 19.43970405 ], [ -100.20643778, 19.47037023 ], [ -100.20097975, 19.49279171 ], [ -100.17769418, 19.49262475 ], [ -100.20193952, 19.49952826 ], [ -100.19642668, 19.53173311 ], [ -100.21469631, 19.5527654 ], [ -100.23747632, 19.5572188 ], [ -100.24751922, 19.634512771 ], [ -100.27398972, 19.67225128 ], [ -100.23413637, 19.72003623 ], [ -100.22948998, 19.70220575 ], [ -100.19211206, 19.69713778 ], [ -100.14818575, 19.7282152 ], [ -100.13148714, 19.85201386 ], [ -100.063032819, 19.85580863 ], [ -100.13012249, 19.91619305 ], [ -100.13139412, 19.98200186 ], [ -100.11602355, 20.00612971 ], [ -100.15507772, 20.00744063 ], [ -100.153320169, 20.05367406 ], [ -100.08881794, 20.01501829 ], [ -100.00035234, 20.0774804 ], [ -99.97846822, 20.07404545 ], [ -99.98019265, 20.05914745 ], [ -99.92633742, 20.06433068 ], [ -99.94220645, 20.12010034 ], [ -99.93621277, 20.162523034 ], [ -99.9271756, 20.15714154 ], [ -99.92190282, 20.15873997 ], [ -99.965229819, 20.201157511 ], [ -99.98646355, 20.25706769 ], [ -99.97681366, 20.27225668 ], [ -99.95093302, 20.21590351 ], [ -99.91841458, 20.21178845 ], [ -99.93408083, 20.24999149 ], [ -99.91236794, 20.28562618 ] ] ] } },
{ "type": "Feature", "properties": { "cvegeo": "16", "cve_ent": "16", "nomgeo_inegi": "Michoacán de Ocampo", "nom_abrev": "Mich.", "pob_total": "4748846", "pob_femenina": "2442505", "pob_masculina": "2306341", "total_viviendas_habitadas": "1285469", "estado_csv": "Michoacán" }, "geometry": { "type": "Polygon", "coordinates": [ [ [ -102.014931742, 20.394468016 ], [ -102.01579712, 20.32930006 ], [ -101.99639003, 20.35964322 ], [ -101.94471717, 20.34212885 ], [ -101.96347163, 20.31855742 ], [ -101.9345474, 20.297691461 ], [ -101.95118428, 20.27158257 ], [ -101.93217165, 20.24373791 ], [ -101.93987263, 20.22708175 ], [ -101.9306028, 20.20812126 ], [ -101.90793882, 20.21515295 ], [ -101.91789728, 20.19507732 ], [ -101.89302198, 20.20377723 ], [ -101.888114, 20.18839334 ], [ -101.83386618, 20.2247904 ], [ -101.82486072, 20.2018376 ], [ -101.78661568, 20.21931845 ], [ -101.75939177, 20.20173191 ], [ -101.731199, 20.21480231 ], [ -101.69793489, 20.18967437 ], [ -101.68691675, 20.21722105 ], [ -101.66847437, 20.21313514 ], [ -101.66330802, 20.23757998 ], [ -101.64625232, 20.23866805 ], [ -101.64252065, 20.26764638 ], [ -101.625534, 20.26699769 ], [ -101.62465428, 20.31458038 ], [ -101.60107414, 20.298018541 ], [ -101.58309772, 20.32735982 ], [ -101.56578214, 20.31574095 ], [ -101.55326571, 20.3325158 ], [ -101.52293609, 20.33234695 ], [ -101.50106823, 20.31167254 ], [ -101.46491005, 20.32901083 ], [ -101.45094222, 20.31949832 ], [ -101.45669662, 20.30437048 ], [ -101.44019705, 20.30519282 ], [ -101.45593046, 20.26716968 ], [ -101.42056248, 20.27520392 ], [ -101.39532438, 20.24854934 ], [ -101.36051948, 20.24905574 ], [ -101.35261809, 20.2349322 ], [ -101.36319817, 20.19579442 ], [ -101.41989112, 20.20159058 ], [ -101.42249825, 20.16322632 ], [ -101.389376, 20.13486377 ], [ -101.40868905, 20.12313383 ], [ -101.40469589, 20.08019518 ], [ -101.38751315, 20.08296125 ], [ -101.40168028, 20.03500905 ], [ -101.25303054, 20.03549608 ], [ -101.20305551, 20.00722415 ], [ -101.20153182, 20.02573855 ], [ -101.16035151, 20.04020015 ], [ -101.19631846, 20.05718855 ], [ -101.17161977, 20.07345172 ], [ -101.17523717, 20.09711631 ], [ -101.13314708, 20.05998466 ], [ -101.07485962, 20.08838818 ], [ -101.02135266, 20.08694475 ], [ -100.99271515, 20.06448966 ], [ -101.01398657, 20.04571129 ], [ -101.00808918, 20.02809318 ], [ -100.96733468, 20.00991434 ], [ -101.00344269, 19.95355626 ], [ -100.98198468, 19.95605812 ], [ -100.96441002, 19.92827471 ], [ -100.94787935, 19.93356306 ], [ -100.94753938, 19.96254523 ], [ -100.83576183, 19.93459643 ], [ -100.824301449, 19.97832909 ], [ -100.792063939, 19.9555748 ], [ -100.778813619, 19.91514969 ], [ -100.748752781, 19.912750181 ], [ -100.66038134, 19.96454834 ], [ -100.61757338, 19.95769255 ], [ -100.59560331, 19.99166202 ], [ -100.57671014, 19.99306078 ], [ -100.55678186, 19.98529837 ], [ -100.59307574, 19.95828037 ], [ -100.55071702, 19.95796597 ], [ -100.53182334, 19.97639449 ], [ -100.53600851, 19.9230066 ], [ -100.51994645, 19.91882005 ], [ -100.51168709, 19.95821609 ], [ -100.46582435, 19.98739803 ], [ -100.36293112, 19.98986108 ], [ -100.35826368, 20.06491646 ], [ -100.39725668, 20.09695275 ], [ -100.34030845, 20.18973692 ], [ -100.35523671, 20.21901835 ], [ -100.32355837, 20.25193402 ], [ -100.34583311, 20.29800022 ], [ -100.26045665, 20.26750994 ], [ -100.18114402, 20.20880054 ], [ -100.191863849, 20.17600008 ], [ -100.23560355, 20.14345858 ], [ -100.19739283, 20.12988846 ], [ -100.20294109, 20.07664937 ], [ -100.1644622, 20.07834652 ], [ -100.1380788, 20.04756443 ], [ -100.153320169, 20.05367406 ], [ -100.15769503, 20.01791486 ], [ -100.15376955, 20.00638982 ], [ -100.11602355, 20.00612971 ], [ -100.13139412, 19.98200186 ], [ -100.13012249, 19.91619305 ], [ -100.063032819, 19.85580863 ], [ -100.13148714, 19.85201386 ], [ -100.14818575, 19.7282152 ], [ -100.19211206, 19.69713778 ], [ -100.22948998, 19.70220575 ], [ -100.23413637, 19.72003623 ], [ -100.27398972, 19.67225128 ], [ -100.24751922, 19.634512771 ], [ -100.23747632, 19.5572188 ], [ -100.21469631, 19.5527654 ], [ -100.19642668, 19.53173311 ], [ -100.20193952, 19.49952826 ], [ -100.17769418, 19.49262475 ], [ -100.20097975, 19.49279171 ], [ -100.20643778, 19.47037023 ], [ -100.18987262, 19.43970405 ], [ -100.23742517, 19.40351226 ], [ -100.29309412, 19.39512886 ], [ -100.31237446, 19.36236112 ], [ -100.30073063, 19.34274428 ], [ -100.32326506, 19.30680325 ], [ -100.31988334, 19.25299154 ], [ -100.37308512, 19.194171968 ], [ -100.37819148, 19.171100048 ], [ -100.36159114, 19.154706828 ], [ -100.38948229, 19.14291286 ], [ -100.41082723, 19.06359508 ], [ -100.52985278, 19.00933122 ], [ -100.54378586, 18.93470371 ], [ -100.59323688, 18.91527942 ], [ -100.69606854, 18.79412549 ], [ -100.70956058, 18.83584888 ], [ -100.74840342, 18.86793257 ], [ -100.77692225, 18.85975229 ], [ -100.79177089, 18.83416848 ], [ -100.78251752, 18.80165351 ], [ -100.79896894, 18.78453578 ], [ -100.79691198, 18.74627017 ], [ -100.77293518, 18.73256771 ], [ -100.78540505, 18.69148072 ], [ -100.77028262, 18.69271023 ], [ -100.75121282, 18.64166672 ], [ -100.76489572, 18.56121134 ], [ -100.71504118, 18.48639702 ], [ -100.63724448, 18.45774917 ], [ -100.63149212, 18.43846965 ], [ -100.5906968, 18.41546094 ], [ -100.60874138, 18.37918952 ], [ -100.64586748, 18.34614974 ], [ -100.676693719, 18.37255948 ], [ -100.69105122, 18.41415317 ], [ -100.70703845, 18.419 ], [ -100.72273026, 18.40044938 ], [ -100.73736932, 18.42730146 ], [ -100.77764326, 18.43954335 ], [ -100.79817758, 18.48054112 ], [ -100.83848075, 18.47306932 ], [ -100.87397543, 18.49200878 ], [ -100.89436837, 18.46313866 ], [ -100.91451602, 18.4717502 ], [ -100.92299408, 18.44416271 ], [ -100.94275314, 18.45507735 ], [ -100.9631142, 18.44572972 ], [ -100.96389508, 18.47182623 ], [ -101.00487551, 18.49222448 ], [ -101.01200328, 18.52754302 ], [ -101.08866086, 18.50590786 ], [ -101.28207717, 18.54473403 ], [ -101.3618772, 18.5202178 ], [ -101.3656042, 18.49988225 ], [ -101.40688495, 18.51251257 ], [ -101.44194723, 18.48899338 ], [ -101.50648031, 18.48669283 ], [ -101.58356334, 18.52099477 ], [ -101.62449978, 18.59915398 ], [ -101.70117585, 18.58789338 ], [ -101.71735718, 18.6120108 ], [ -101.77179418, 18.6037214 ], [ -101.84384443, 18.57439574 ], [ -101.88225983, 18.53422766 ], [ -101.88792518, 18.48149525 ], [ -101.86044205, 18.44618517 ], [ -101.88931614, 18.40047323 ], [ -101.85571614, 18.31427555 ], [ -101.87019782, 18.30832286 ], [ -101.86269468, 18.28722848 ], [ -101.88291574, 18.27743714 ], [ -101.86324931, 18.26165514 ], [ -101.89681948, 18.27711522 ], [ -101.9066474, 18.24480785 ], [ -101.97340885, 18.23230709 ], [ -101.97648445, 18.20801518 ], [ -102.14031434, 18.18826488 ], [ -102.16181818, 18.16414825 ], [ -102.18418163, 18.02457246 ], [ -102.18015955, 17.99890091 ], [ -102.13298928, 17.95083578 ], [ -102.137795468, 17.935293804 ], [ -102.191775106, 17.913368377 ], [ -102.309182701, 17.969486374 ], [ -102.480420754, 18.017365887 ], [ -102.759134, 18.06987591 ], [ -103.028361743, 18.186746176 ], [ -103.109520641, 18.190209429 ], [ -103.339605245, 18.270764435 ], [ -103.361391677, 18.264551441 ], [ -103.493368648, 18.328635917 ], [ -103.58309082, 18.50590615 ], [ -103.71188422, 18.59700566 ], [ -103.68620743, 18.62863851 ], [ -103.737905233, 18.684022942 ], [ -103.70030265, 18.75435575 ], [ -103.62003102, 18.8013832 ], [ -103.61718726, 18.84285134 ], [ -103.64057237, 18.86724449 ], [ -103.63028009, 18.88532485 ], [ -103.61555611, 18.89242088 ], [ -103.58757569, 18.86584695 ], [ -103.57324414, 18.87132789 ], [ -103.55807468, 18.90658043 ], [ -103.5320448, 18.9054346 ], [ -103.53362032, 18.9270362 ], [ -103.51411398, 18.93493175 ], [ -103.52231826, 18.94851571 ], [ -103.50637, 18.94822552 ], [ -103.50860145, 18.96367132 ], [ -103.49120206, 18.95835578 ], [ -103.47309551, 18.99106671 ], [ -103.41143392, 18.96765929 ], [ -103.37724888, 18.98017046 ], [ -103.33248517, 18.97325131 ], [ -103.22539177, 19.02412331 ], [ -103.204472, 18.96761225 ], [ -103.17336423, 18.93626392 ], [ -103.12501946, 18.93014466 ], [ -103.0881088, 18.98410871 ], [ -103.05249957, 18.99812542 ], [ -103.06323851, 19.02785408 ], [ -103.03324208, 19.02911762 ], [ -103.02521426, 19.05310385 ], [ -102.99083523, 19.05337891 ], [ -103.01600568, 19.07918531 ], [ -103.01972702, 19.13237117 ], [ -102.97762271, 19.12006091 ], [ -102.97935777, 19.15241326 ], [ -102.96009609, 19.17405589 ], [ -102.91507263, 19.17936711 ], [ -102.86537706, 19.21128543 ], [ -102.8244334, 19.20569323 ], [ -102.7902432, 19.242458 ], [ -102.753815919, 19.255805061 ], [ -102.712722149, 19.235808061 ], [ -102.69659328, 19.248808861 ], [ -102.700691569, 19.22453663 ], [ -102.669922689, 19.21241206 ], [ -102.56880075, 19.41262597 ], [ -102.576787, 19.42390892 ], [ -102.54371543, 19.429580171 ], [ -102.56858137, 19.44547835 ], [ -102.54270538, 19.47803311 ], [ -102.57594345, 19.49806178 ], [ -102.5818642, 19.52825512 ], [ -102.65752782, 19.48723728 ], [ -102.68948709, 19.51341568 ], [ -102.73806494, 19.49335948 ], [ -102.71065635, 19.54106877 ], [ -102.72603889, 19.57902555 ], [ -102.71593205, 19.60293515 ], [ -102.77584946, 19.627715 ], [ -102.79120335, 19.67318642 ], [ -102.80566254, 19.67483777 ], [ -102.78048172, 19.70432409 ], [ -102.81080472, 19.74101609 ], [ -102.80392628, 19.75215763 ], [ -102.81627409, 19.74990506 ], [ -102.81952685, 19.7779412 ], [ -102.79231223, 19.81411551 ], [ -102.73939631, 19.81582583 ], [ -102.7533302, 19.83412351 ], [ -102.73035268, 19.85320868 ], [ -102.74249005, 19.87875948 ], [ -102.73121511, 19.89950785 ], [ -102.770633549, 19.929868451 ], [ -102.776873579, 19.960153741 ], [ -102.79400946, 19.950291021 ], [ -102.88204963, 19.97576926 ], [ -102.90262189, 19.96686348 ], [ -102.95121494, 19.99655651 ], [ -103.02521955, 19.96049209 ], [ -103.05150418, 19.99161115 ], [ -103.02072003, 20.04730635 ], [ -103.04415234, 20.12411938 ], [ -103.00481854, 20.13819571 ], [ -102.97058391, 20.12540362 ], [ -102.95958017, 20.14124008 ], [ -102.92644828, 20.12957518 ], [ -102.95400314, 20.16656854 ], [ -102.94017026, 20.17168183 ], [ -102.86595326, 20.16236362 ], [ -102.84067468, 20.11610911 ], [ -102.81628738, 20.10604788 ], [ -102.8018734, 20.12303429 ], [ -102.81520406, 20.13926465 ], [ -102.67972186, 20.17150155 ], [ -102.67902537, 20.22691311 ], [ -102.627331249, 20.22938555 ], [ -102.61014554, 20.26908851 ], [ -102.59048612, 20.25846534 ], [ -102.56458298, 20.27815503 ], [ -102.55497735, 20.26068535 ], [ -102.54411808, 20.2805594 ], [ -102.52927762, 20.27061529 ], [ -102.53001818, 20.29622085 ], [ -102.44738626, 20.33849052 ], [ -102.36670075, 20.32779512 ], [ -102.30659802, 20.35816358 ], [ -102.25415982, 20.3352656 ], [ -102.17536614, 20.35596606 ], [ -102.17702246, 20.36815445 ], [ -102.15815805, 20.36696023 ], [ -102.16816768, 20.37874043 ], [ -102.065032629, 20.374921571 ], [ -102.014931742, 20.394468016 ] ] ] } },
{ "type": "Feature", "properties": { "cvegeo": "17", "cve_ent": "17", "nomgeo_inegi": "Morelos", "nom_abrev": "Mor.", "pob_total": "1971520", "pob_femenina": "1020673", "pob_masculina": "950847", "total_viviendas_habitadas": "560941", "estado_csv": "Morelos" }, "geometry": { "type": "Polygon", "coordinates": [ [ [ -99.106916748, 19.072830124 ], [ -99.059800232, 19.048236663 ], [ -99.028993682, 19.085368792 ], [ -98.95777855, 19.06029449 ], [ -98.91559817, 19.06405728 ], [ -98.90338978, 19.03848289 ], [ -98.87102643, 19.02539315 ], [ -98.85947965, 18.96477794 ], [ -98.79208028, 18.93533988 ], [ -98.71403711, 18.94303234 ], [ -98.66447448, 19.00355686 ], [ -98.63294665, 19.01554952 ], [ -98.67809191, 18.92371748 ], [ -98.70734323, 18.90285551 ], [ -98.71396546, 18.86838672 ], [ -98.68141455, 18.90716732 ], [ -98.66592891, 18.90603972 ], [ -98.66486031, 18.88766543 ], [ -98.72794571, 18.805509 ], [ -98.75349392, 18.74296938 ], [ -98.71590709, 18.73918951 ], [ -98.74188228, 18.70217717 ], [ -98.71142631, 18.61645475 ], [ -98.70669912, 18.445112231 ], [ -98.75219135, 18.4539242 ], [ -98.827766259, 18.523885543 ], [ -98.8504086, 18.47803466 ], [ -98.91222062, 18.46212163 ], [ -98.93515195, 18.42290385 ], [ -98.98537245, 18.42115398 ], [ -98.98793868, 18.39706377 ], [ -99.01817508, 18.38778437 ], [ -99.0654782, 18.33237629 ], [ -99.07598711, 18.34284189 ], [ -99.06629572, 18.3677802 ], [ -99.12831486, 18.42730898 ], [ -99.14062335, 18.47497309 ], [ -99.18131508, 18.44841775 ], [ -99.17790537, 18.42474525 ], [ -99.20542163, 18.4565888 ], [ -99.32836782, 18.45954025 ], [ -99.32826428, 18.48883154 ], [ -99.35267526, 18.48598083 ], [ -99.34344566, 18.46712786 ], [ -99.35740426, 18.46766917 ], [ -99.36295192, 18.49902672 ], [ -99.42288218, 18.56206788 ], [ -99.41970445, 18.59033666 ], [ -99.45388632, 18.60990232 ], [ -99.49441415, 18.7205448 ], [ -99.42588877, 18.826432971 ], [ -99.42935452, 18.87756929 ], [ -99.410957019, 18.878183861 ], [ -99.406653629, 18.895187751 ], [ -99.36703683, 18.89399878 ], [ -99.313036229, 18.948117351 ], [ -99.313744119, 19.09821888 ], [ -99.278695219, 19.131701723 ], [ -99.22677778, 19.096060004 ], [ -99.135379018, 19.089296071 ], [ -99.106916748, 19.072830124 ] ] ] } },
{ "type": "Feature", "properties": { "cvegeo": "18", "cve_ent": "18", "nomgeo_inegi": "Nayarit", "nom_abrev": "Nay.", "pob_total": "1235456", "pob_femenina": "623178", "pob_masculina": "612278", "total_viviendas_habitadas": "361596", "estado_csv": "Nayarit" }, "geometry": { "type": "MultiPolygon", "coordinates": [ [ [ [ -105.274177321, 21.049934848 ], [ -105.27134392, 21.04924872 ], [ -105.27182754, 21.04638274 ], [ -105.27474442, 21.04730438 ], [ -105.274177321, 21.049934848 ] ] ], [ [ [ -106.228135481, 21.332586413 ], [ -106.229787048, 21.291858176 ], [ -106.256683519, 21.292918743 ], [ -106.27912679, 21.314609947 ], [ -106.258256504, 21.33479159 ], [ -106.228135481, 21.332586413 ] ] ], [ [ [ -106.434667767, 21.494243462 ], [ -106.37119649, 21.48068162 ], [ -106.35863754, 21.45527335 ], [ -106.38033309, 21.44839877 ], [ -106.38637485, 21.41975442 ], [ -106.49400834, 21.46620323 ], [ -106.46053712, 21.49455195 ], [ -106.434667767, 21.494243462 ] ] ], [ [ [ -106.65334771, 21.69345166 ], [ -106.59823877, 21.69032877 ], [ -106.53630705, 21.65808432 ], [ -106.537142088, 21.63284177 ], [ -106.50569988, 21.60334523 ], [ -106.53220118, 21.54476922 ], [ -106.62897289, 21.59861209 ], [ -106.65608494, 21.65587408 ], [ -106.65334771, 21.69345166 ] ] ], [ [ [ -106.67320971, 21.77485209 ], [ -106.65771566, 21.73945269 ], [ -106.6779574, 21.72868615 ], [ -106.68772678, 21.75936823 ], [ -106.67320971, 21.77485209 ] ] ], [ [ [ -105.889684118, 21.854174738 ], [ -105.881724953, 21.850382072 ], [ -105.880267896, 21.846725178 ], [ -105.880275559, 21.842550796 ], [ -105.889684118, 21.854174738 ] ] ], [ [ [ -105.38356734, 23.08174158 ], [ -105.35047118, 23.06057534 ], [ -105.35385651, 23.0197848 ], [ -105.33370491, 22.99468209 ], [ -105.34304926, 22.96815929 ], [ -105.32356989, 22.94133017 ], [ -105.00313942, 22.97698268 ], [ -105.01003912, 22.92236274 ], [ -104.98779563, 22.88825202 ], [ -104.98840523, 22.83604932 ], [ -104.95896731, 22.8136046 ], [ -104.9183892, 22.81978075 ], [ -104.90557632, 22.79957752 ], [ -104.91563665, 22.74853797 ], [ -104.89272045, 22.73740925 ], [ -105.06842251, 22.67841415 ], [ -105.07236894, 22.65649909 ], [ -105.00755274, 22.58567197 ], [ -104.98791254, 22.49872658 ], [ -104.96052517, 22.50531145 ], [ -104.86249312, 22.60707049 ], [ -104.85839706, 22.64832671 ], [ -104.81467751, 22.63424918 ], [ -104.78891886, 22.64797362 ], [ -104.77409432, 22.63254978 ], [ -104.77537523, 22.58420172 ], [ -104.737053, 22.55809566 ], [ -104.66999832, 22.56526174 ], [ -104.65575494, 22.54006971 ], [ -104.65529172, 22.46215466 ], [ -104.6025606, 22.46050808 ], [ -104.59308486, 22.41195483 ], [ -104.50651325, 22.3451634 ], [ -104.48120968, 22.35161692 ], [ -104.49538985, 22.37632414 ], [ -104.37151222, 22.42165865 ], [ -104.34884292, 22.40971665 ], [ -104.35004092, 22.38640542 ], [ -104.29312755, 22.36513115 ], [ -104.29952568, 22.32708849 ], [ -104.28486591, 22.29709352 ], [ -104.32867942, 22.24535871 ], [ -104.34135932, 22.2095632 ], [ -104.33183626, 22.19978986 ], [ -104.37319151, 22.10256383 ], [ -104.36003862, 22.01505683 ], [ -104.36986348, 21.97478426 ], [ -104.32686314, 21.97536932 ], [ -104.29407686, 22.00276095 ], [ -104.24600515, 21.96693798 ], [ -104.19331945, 21.98542012 ], [ -104.17369922, 21.96339285 ], [ -104.20104072, 21.89147838 ], [ -104.18638512, 21.86801175 ], [ -104.17223326, 21.87131891 ], [ -104.19700018, 21.85077225 ], [ -104.16174845, 21.80984134 ], [ -104.1303816, 21.79045132 ], [ -104.07985618, 21.78240515 ], [ -104.0522538, 21.79476095 ], [ -103.92348191, 21.77180232 ], [ -103.91612931, 21.75576871 ], [ -103.93182786, 21.74338051 ], [ -103.90279062, 21.716258 ], [ -103.89591346, 21.72774378 ], [ -103.88772497, 21.69781823 ], [ -103.93024945, 21.64191443 ], [ -103.90769894, 21.61867631 ], [ -103.91908429, 21.61624971 ], [ -103.91923455, 21.58198588 ], [ -103.89257817, 21.57414303 ], [ -103.88164608, 21.55214228 ], [ -103.85627172, 21.55236542 ], [ -103.85992491, 21.52474951 ], [ -103.82371282, 21.49304737 ], [ -103.77412948, 21.49838071 ], [ -103.72101538, 21.42597002 ], [ -103.7644034, 21.41030417 ], [ -103.7673332, 21.388433 ], [ -103.74133251, 21.37405511 ], [ -103.74935182, 21.33670848 ], [ -103.82034563, 21.28104138 ], [ -103.81939111, 21.24843503 ], [ -103.86188954, 21.24886837 ], [ -103.89836275, 21.22649002 ], [ -103.91789871, 21.23102777 ], [ -103.93105689, 21.26254712 ], [ -103.92401998, 21.23457174 ], [ -103.97345403, 21.25632828 ], [ -104.01748885, 21.22720185 ], [ -104.02796882, 21.19467249 ], [ -104.05283852, 21.20541311 ], [ -104.0685864, 21.18677328 ], [ -104.08565926, 21.20536111 ], [ -104.11084485, 21.18859571 ], [ -104.20279366, 21.19283243 ], [ -104.21939798, 21.17661058 ], [ -104.21086032, 21.11860142 ], [ -104.24271291, 21.02733163 ], [ -104.22319571, 21.00126366 ], [ -104.23847425, 20.99215082 ], [ -104.23312945, 20.96874337 ], [ -104.20130635, 20.95924218 ], [ -104.20658778, 20.93637335 ], [ -104.22875342, 20.93558175 ], [ -104.26787955, 20.88746108 ], [ -104.29091612, 20.88779574 ], [ -104.2791108, 20.86451866 ], [ -104.29541589, 20.84549606 ], [ -104.36176849, 20.84093102 ], [ -104.36405938, 20.81393298 ], [ -104.35040234, 20.81164397 ], [ -104.37589215, 20.78407297 ], [ -104.32832232, 20.79809768 ], [ -104.2976174, 20.7707952 ], [ -104.28285625, 20.78348058 ], [ -104.24181569, 20.71343352 ], [ -104.2531598, 20.68229638 ], [ -104.23646074, 20.6628972 ], [ -104.26038954, 20.64283555 ], [ -104.24692382, 20.6314924 ], [ -104.25363983, 20.60341871 ], [ -104.28201095, 20.62899335 ], [ -104.2884866, 20.68915662 ], [ -104.37754871, 20.74237342 ], [ -104.41412462, 20.79377025 ], [ -104.49993814, 20.83818646 ], [ -104.55692169, 20.92415238 ], [ -104.6563754, 20.932391051 ], [ -104.72936277, 20.983154141 ], [ -104.72847337, 21.011404861 ], [ -104.77171235, 21.008601081 ], [ -104.78246215, 21.023359061 ], [ -104.83809891, 21.020008581 ], [ -104.90062748, 20.962747201 ], [ -104.90052602, 20.94634066 ], [ -104.95316389, 20.930134341 ], [ -104.96724405, 20.909508091 ], [ -104.99037369, 20.92156285 ], [ -105.00339409, 20.91085754 ], [ -105.00633225, 20.922536371 ], [ -105.03161334, 20.909171231 ], [ -105.04743997, 20.934385801 ], [ -105.09864148, 20.91943411 ], [ -105.16056331, 20.85741523 ], [ -105.17339655, 20.76771138 ], [ -105.19696114, 20.77717103 ], [ -105.23991578, 20.74735128 ], [ -105.24257266, 20.70424154 ], [ -105.27633494, 20.67199474 ], [ -105.34767852, 20.7596913 ], [ -105.39897734, 20.73464532 ], [ -105.510613963, 20.771816892 ], [ -105.538313032, 20.762229864 ], [ -105.52703006, 20.789230304 ], [ -105.507249918, 20.782623115 ], [ -105.487845808, 20.796418519 ], [ -105.452909696, 20.874390702 ], [ -105.432915726, 20.877129587 ], [ -105.401755729, 20.931617433 ], [ -105.331880059, 20.985671856 ], [ -105.313504936, 21.035150314 ], [ -105.273194487, 21.023498093 ], [ -105.238147485, 21.058102178 ], [ -105.228667713, 21.106172049 ], [ -105.23898257, 21.13229212 ], [ -105.224016564, 21.159432144 ], [ -105.23325342, 21.18068308 ], [ -105.21638229, 21.20500715 ], [ -105.24818855, 21.34729138 ], [ -105.18786034, 21.45829577 ], [ -105.228879652, 21.523592058 ], [ -105.265499557, 21.511851797 ], [ -105.441299805, 21.627856398 ], [ -105.533716244, 21.812259655 ], [ -105.631509152, 21.963109345 ], [ -105.6542917, 22.042856009 ], [ -105.649193775, 22.174296248 ], [ -105.636513791, 22.181474898 ], [ -105.685416686, 22.37467759 ], [ -105.759619724, 22.537573646 ], [ -105.71411626, 22.47494606 ], [ -105.69247682, 22.46717694 ], [ -105.67110578, 22.48156242 ], [ -105.69882837, 22.56787757 ], [ -105.66056203, 22.58636298 ], [ -105.63921298, 22.57698458 ], [ -105.64215842, 22.59388865 ], [ -105.60047658, 22.5588878 ], [ -105.59734515, 22.5363046 ], [ -105.54167594, 22.53653688 ], [ -105.53359632, 22.51503123 ], [ -105.50317935, 22.52768186 ], [ -105.474060288, 22.50290043 ], [ -105.44172469, 22.524268431 ], [ -105.44957211, 22.62459654 ], [ -105.47268062, 22.627185 ], [ -105.46396311, 22.65923831 ], [ -105.49806385, 22.65139075 ], [ -105.52477223, 22.77476989 ], [ -105.47458863, 22.85141602 ], [ -105.48420129, 22.85870297 ], [ -105.47121991, 22.88328595 ], [ -105.50126392, 22.95856005 ], [ -105.45331135, 22.9774018 ], [ -105.43259457, 23.0239688 ], [ -105.40895034, 23.02364082 ], [ -105.41299649, 23.0740992 ], [ -105.38356734, 23.08174158 ] ] ] ] } },
{ "type": "Feature", "properties": { "cvegeo": "19", "cve_ent": "19", "nomgeo_inegi": "Nuevo León", "nom_abrev": "NL", "pob_total": "5784442", "pob_femenina": "2893492", "pob_masculina": "2890950", "total_viviendas_habitadas": "1655690", "estado_csv": "Nuevo León" }, "geometry": { "type": "Polygon", "coordinates": [ [ [ -100.18799748, 27.79872197 ], [ -99.99884483, 27.6152794 ], [ -99.84322258, 27.76986282 ], [ -99.81337097, 27.77425135 ], [ -99.7965034, 27.73588217 ], [ -99.76936068, 27.73088788 ], [ -99.73622986, 27.69071022 ], [ -99.72814674, 27.67912622 ], [ -99.92641828, 27.549157 ], [ -99.91915363, 27.49151518 ], [ -99.76037882, 27.43695872 ], [ -99.747670419, 27.277247 ], [ -99.67891875, 27.10244829 ], [ -99.65005283, 27.06585789 ], [ -99.73416812, 26.92061286 ], [ -99.77013149, 26.92841822 ], [ -99.76666889, 26.88984191 ], [ -99.74434632, 26.91215637 ], [ -99.72110229, 26.89650374 ], [ -99.69402042, 26.90929934 ], [ -99.68722291, 26.894547 ], [ -99.66139052, 26.90083852 ], [ -99.63003012, 26.89029042 ], [ -99.62705257, 26.87045783 ], [ -99.59104663, 26.86254805 ], [ -99.58084282, 26.83011255 ], [ -99.612854, 26.79163015 ], [ -99.61858146, 26.72647054 ], [ -99.65719483, 26.69511798 ], [ -99.65916446, 26.67036514 ], [ -99.53833525, 26.66459562 ], [ -99.39682482, 26.59656554 ], [ -99.43094658, 26.35130114 ], [ -99.40123612, 26.30479914 ], [ -99.36415026, 26.32927015 ], [ -99.26000157, 26.25284998 ], [ -99.19783597, 26.25868232 ], [ -99.16007748, 26.06122955 ], [ -99.12631182, 26.05402289 ], [ -99.13090666, 26.0688164 ], [ -99.09766886, 26.08074677 ], [ -99.07654208, 26.07186402 ], [ -99.0238722, 26.10410245 ], [ -98.90075195, 25.96832274 ], [ -98.82322655, 26.04764868 ], [ -98.58512606, 26.0179176 ], [ -98.58175158, 25.48936174 ], [ -98.42157608, 25.48935554 ], [ -98.42313166, 25.44749291 ], [ -98.93416994, 25.07276318 ], [ -99.01905589, 25.06992531 ], [ -99.02880203, 25.11035491 ], [ -99.05246814, 25.12713263 ], [ -99.09761311, 25.06312112 ], [ -99.16059194, 25.05527731 ], [ -99.15651651, 25.02784783 ], [ -99.18094954, 25.01154155 ], [ -99.15894291, 24.91598817 ], [ -99.20743335, 24.86139215 ], [ -99.18197126, 24.77604106 ], [ -99.21288548, 24.77167485 ], [ -99.29492849, 24.80414371 ], [ -99.36437669, 24.77175546 ], [ -99.38941243, 24.73979257 ], [ -99.47773549, 24.71262097 ], [ -99.50072606, 24.67917126 ], [ -99.49945228, 24.64125795 ], [ -99.54506302, 24.6265166 ], [ -99.54622052, 24.61307477 ], [ -99.60944858, 24.62249008 ], [ -99.73297777, 24.55399078 ], [ -99.71980386, 24.48371043 ], [ -99.63637932, 24.50667025 ], [ -99.58993111, 24.39614237 ], [ -99.59428974, 24.33091322 ], [ -99.64781783, 24.21809505 ], [ -99.65708063, 24.11799658 ], [ -99.57090171, 24.03936691 ], [ -99.54189271, 24.03364917 ], [ -99.54091206, 23.99727163 ], [ -99.48693986, 23.96050062 ], [ -99.456870719, 23.86606305 ], [ -99.49379108, 23.87869298 ], [ -99.57668085, 23.77546206 ], [ -99.60216748, 23.76287088 ], [ -99.76901389, 23.78448812 ], [ -99.86065998, 23.77446249 ], [ -99.96118763, 23.55688977 ], [ -99.9212534, 23.37919134 ], [ -100.08026143, 23.3957482 ], [ -100.14495022, 23.33951518 ], [ -100.07804112, 23.30598391 ], [ -100.10189529, 23.231080401 ], [ -100.22823651, 23.25047615 ], [ -100.20636423, 23.30710886 ], [ -100.21823772, 23.31013435 ], [ -100.22016645, 23.29793172 ], [ -100.27843498, 23.3103684 ], [ -100.30625694, 23.26094212 ], [ -100.37431657, 23.26532382 ], [ -100.36376431, 23.18900538 ], [ -100.3235152, 23.19562745 ], [ -100.33175794, 23.16268318 ], [ -100.47984968, 23.19436535 ], [ -100.48386909, 23.20883202 ], [ -100.45708325, 23.3664096 ], [ -100.51721132, 23.42104285 ], [ -100.49416868, 23.5284064 ], [ -100.45917611, 23.51156611 ], [ -100.46954495, 23.56678311 ], [ -100.49163689, 23.56861251 ], [ -100.47737863, 23.63381869 ], [ -100.44572012, 23.67733152 ], [ -100.44710043, 23.69653452 ], [ -100.46648328, 23.68894103 ], [ -100.49770628, 23.73630971 ], [ -100.49760172, 23.79871269 ], [ -100.52879143, 23.81635263 ], [ -100.52552995, 23.83952591 ], [ -100.55029869, 23.84220258 ], [ -100.53984562, 23.88839306 ], [ -100.5467678, 23.91743662 ], [ -100.56240162, 23.91964108 ], [ -100.523759, 24.07145495 ], [ -100.53868326, 24.11851603 ], [ -100.51958002, 24.11838234 ], [ -100.51682749, 24.13989668 ], [ -100.61339989, 24.17394418 ], [ -100.59351254, 24.17820025 ], [ -100.58509291, 24.22392543 ], [ -100.63306648, 24.22598025 ], [ -100.59993552, 24.34879105 ], [ -100.60353334, 24.40130006 ], [ -100.71121009, 24.49152183 ], [ -100.74232429, 24.46043546 ], [ -100.79993412, 24.55618608 ], [ -100.796978249, 24.750806911 ], [ -100.82613242, 24.83500457 ], [ -100.727495489, 24.91871655 ], [ -100.821505599, 24.996710831 ], [ -100.80313045, 25.16525846 ], [ -100.70888778, 25.23645757 ], [ -100.59196242, 25.255050021 ], [ -100.33200742, 25.18628522 ], [ -100.32555012, 25.222258751 ], [ -100.261383509, 25.207070571 ], [ -100.229575599, 25.217916511 ], [ -100.26251012, 25.2540228 ], [ -100.243141909, 25.267443351 ], [ -100.25413843, 25.306908771 ], [ -100.313023449, 25.33636722 ], [ -100.41456068, 25.326998111 ], [ -100.470098819, 25.337789851 ], [ -100.451878369, 25.41081072 ], [ -100.52270309, 25.43432472 ], [ -100.53088315, 25.46346765 ], [ -100.584889089, 25.470813051 ], [ -100.579510309, 25.49454398 ], [ -100.61909058, 25.505691081 ], [ -100.599750339, 25.519959521 ], [ -100.52969932, 25.514392881 ], [ -100.538435909, 25.531853921 ], [ -100.614732539, 25.542346911 ], [ -100.632901849, 25.57129935 ], [ -100.69028634, 25.56710078 ], [ -100.729772889, 25.63389566 ], [ -100.783420248, 25.63967843 ], [ -100.80561395, 25.7243018 ], [ -100.8619014, 25.818478621 ], [ -100.822668939, 25.916884541 ], [ -100.83442488, 25.94504291 ], [ -100.90553165, 25.95694571 ], [ -100.91641566, 26.075610551 ], [ -100.942898019, 26.08678906 ], [ -100.98274205, 26.1394772 ], [ -101.068574659, 26.189031031 ], [ -101.09761969, 26.25291042 ], [ -101.20676271, 26.3697782 ], [ -100.75303545, 26.7352078 ], [ -100.69122889, 26.61378942 ], [ -100.6144002, 26.68563889 ], [ -100.59013583, 26.75952066 ], [ -100.53815575, 26.8085582 ], [ -100.55135866, 26.85872974 ], [ -100.53399785, 27.04558443 ], [ -100.67424249, 27.08460497 ], [ -100.68271871, 27.11139458 ], [ -100.71965962, 27.07920338 ], [ -100.74862098, 27.08125282 ], [ -100.73583582, 27.04757972 ], [ -100.74771354, 27.03625678 ], [ -100.765864, 27.06332515 ], [ -100.79943612, 27.04583075 ], [ -100.8305614, 27.07388548 ], [ -100.83412342, 27.19517397 ], [ -100.67800622, 27.33479731 ], [ -100.41769955, 27.393632751 ], [ -100.35060985, 27.68459855 ], [ -100.18799748, 27.79872197 ] ] ] } },
{ "type": "Feature", "properties": { "cvegeo": "20", "cve_ent": "20", "nomgeo_inegi": "Oaxaca", "nom_abrev": "Oax.", "pob_total": "4132148", "pob_femenina": "2157305", "pob_masculina": "1974843", "total_viviendas_habitadas": "1126544", "estado_csv": "Oaxaca" }, "geometry": { "type": "MultiPolygon", "coordinates": [ [ [ [ -96.22850177, 15.687532734 ], [ -96.227118622, 15.687061564 ], [ -96.228251285, 15.685270021 ], [ -96.231332291, 15.687225903 ], [ -96.22850177, 15.687532734 ] ] ], [ [ [ -96.222408823, 15.689879324 ], [ -96.223573195, 15.690207514 ], [ -96.223325727, 15.690839964 ], [ -96.222104554, 15.690943098 ], [ -96.222408823, 15.689879324 ] ] ], [ [ [ -96.161880988, 15.721020952 ], [ -96.160218297, 15.718180039 ], [ -96.16145549, 15.716388195 ], [ -96.163999349, 15.718176604 ], [ -96.161880988, 15.721020952 ] ] ], [ [ [ -96.118638403, 15.747789536 ], [ -96.11804207, 15.747569119 ], [ -96.118596131, 15.747043903 ], [ -96.119760361, 15.747458562 ], [ -96.118638403, 15.747789536 ] ] ], [ [ [ -96.116890143, 15.747857049 ], [ -96.117065831, 15.747778191 ], [ -96.117604322, 15.748002734 ], [ -96.117252608, 15.748241091 ], [ -96.116890143, 15.747857049 ] ] ], [ [ [ -96.116023145, 15.748999274 ], [ -96.115840195, 15.748610485 ], [ -96.115973998, 15.748532348 ], [ -96.116083311, 15.748915825 ], [ -96.116023145, 15.748999274 ] ] ], [ [ [ -96.116426398, 15.749244214 ], [ -96.116243729, 15.749139189 ], [ -96.116427591, 15.748867514 ], [ -96.116526294, 15.749152806 ], [ -96.116426398, 15.749244214 ] ] ], [ [ [ -96.084088379, 15.764982833 ], [ -96.082760379, 15.764040637 ], [ -96.083819579, 15.762527942 ], [ -96.085098886, 15.763720158 ], [ -96.084088379, 15.764982833 ] ] ], [ [ [ -96.094765371, 15.771572945 ], [ -96.095036424, 15.771626681 ], [ -96.095113223, 15.771789513 ], [ -96.094731552, 15.771962671 ], [ -96.094765371, 15.771572945 ] ] ], [ [ [ -97.351504012, 15.937528308 ], [ -97.351882813, 15.936374073 ], [ -97.352791518, 15.936617198 ], [ -97.352965294, 15.937609913 ], [ -97.351504012, 15.937528308 ] ] ], [ [ [ -95.575098809, 15.941742821 ], [ -95.574275526, 15.940351941 ], [ -95.576885206, 15.941400378 ], [ -95.576365587, 15.941864563 ], [ -95.575098809, 15.941742821 ] ] ], [ [ [ -96.68214488, 18.66884172 ], [ -96.56094709, 18.58769862 ], [ -96.49974932, 18.58950242 ], [ -96.45730883, 18.57043742 ], [ -96.42076198, 18.5104578 ], [ -96.40298454, 18.4399194 ], [ -96.35258777, 18.41024734 ], [ -96.3453428, 18.37969546 ], [ -96.31732791, 18.36453725 ], [ -96.30994786, 18.32235334 ], [ -96.270763749, 18.29782335 ], [ -96.26916392, 18.27398418 ], [ -96.288236709, 18.259761421 ], [ -96.217478089, 18.161967401 ], [ -96.17069103, 18.186383981 ], [ -96.18828205, 18.151302941 ], [ -96.154225939, 18.13180489 ], [ -96.0991836, 18.16684331 ], [ -96.051389, 18.126738251 ], [ -95.95345946, 18.15986512 ], [ -95.93334172, 18.14166754 ], [ -95.9146468, 18.15220048 ], [ -95.90716146, 18.13564449 ], [ -95.83316694, 18.12902683 ], [ -95.79992472, 17.95001257 ], [ -95.85881557, 17.84478349 ], [ -95.84933642, 17.82584792 ], [ -95.8663904, 17.77435283 ], [ -95.892924309, 17.765141321 ], [ -95.902773649, 17.73265268 ], [ -95.892107619, 17.7206068 ], [ -95.872809719, 17.727409051 ], [ -95.89529329, 17.70449395 ], [ -95.87101835, 17.70216892 ], [ -95.8033056, 17.62936575 ], [ -95.78111434, 17.63887688 ], [ -95.77365846, 17.6058504 ], [ -95.80348578, 17.60710029 ], [ -95.80754957, 17.59184158 ], [ -95.79185258, 17.58636329 ], [ -95.78175125, 17.60302826 ], [ -95.72689688, 17.57802905 ], [ -95.72514937, 17.53622608 ], [ -95.70223606, 17.51853418 ], [ -95.68515422, 17.53753174 ], [ -95.6484708, 17.53988909 ], [ -95.65410435, 17.5603928 ], [ -95.64449208, 17.54654432 ], [ -95.60511978, 17.54901266 ], [ -95.59875226, 17.53461497 ], [ -95.53199629, 17.55583403 ], [ -95.50631723, 17.59077055 ], [ -95.46301645, 17.59639391 ], [ -95.47314134, 17.60911302 ], [ -95.45445892, 17.61110272 ], [ -95.42548995, 17.64747249 ], [ -95.40716217, 17.64333209 ], [ -95.34375875, 17.683659831 ], [ -95.33441917, 17.67480131 ], [ -95.29780852, 17.72214142 ], [ -95.26717658, 17.71671282 ], [ -95.26902605, 17.74093406 ], [ -95.258673, 17.72854323 ], [ -95.238913, 17.73926412 ], [ -95.18243535, 17.69106263 ], [ -95.1881316, 17.65070146 ], [ -95.24193342, 17.634958 ], [ -95.24822563, 17.64597806 ], [ -95.25900111, 17.62901075 ], [ -95.24841123, 17.62558228 ], [ -95.2788454, 17.6132428 ], [ -95.25304798, 17.60780632 ], [ -95.0765674, 17.37293371 ], [ -94.96650918, 17.33436766 ], [ -94.95097968, 17.31564943 ], [ -94.92715808, 17.3251412 ], [ -94.89078155, 17.311056 ], [ -94.91476582, 17.29257706 ], [ -94.89542903, 17.2563784 ], [ -94.92281478, 17.19378843 ], [ -93.867426771, 17.136964913 ], [ -94.139156, 16.46178643 ], [ -94.05066485, 16.32971392 ], [ -94.032961, 16.27594497 ], [ -94.04846992, 16.21617148 ], [ -94.1095676, 16.17910125 ], [ -94.10276369, 16.14251592 ], [ -94.03600811, 16.02209472 ], [ -94.00021883, 16.00308872 ], [ -94.27327703, 16.12326762 ], [ -94.540762217, 16.191965194 ], [ -94.83184505, 16.21453678 ], [ -95.07013078, 16.18336486 ], [ -95.14234202, 16.18865075 ], [ -95.151458952, 16.167748103 ], [ -95.202900224, 16.170608125 ], [ -95.196944405, 16.160728991 ], [ -95.197919984, 16.150311711 ], [ -95.202531379, 16.145650347 ], [ -95.19828691, 16.15990942 ], [ -95.234865875, 16.156222292 ], [ -95.24749232, 16.13334214 ], [ -95.280052077, 16.12113062 ], [ -95.27565897, 16.10740325 ], [ -95.35040917, 16.08164092 ], [ -95.378038, 16.04634972 ], [ -95.368177183, 16.020685433 ], [ -95.42413275, 15.9997124 ], [ -95.435568674, 15.97581098 ], [ -95.568532165, 15.957789199 ], [ -95.662643393, 15.912354299 ], [ -95.77002366, 15.89460209 ], [ -95.776622716, 15.871291347 ], [ -95.9540294, 15.82963643 ], [ -96.076068823, 15.766061137 ], [ -96.094476333, 15.77355644 ], [ -96.107025611, 15.75558675 ], [ -96.119148965, 15.767115239 ], [ -96.127204779, 15.737850149 ], [ -96.145606389, 15.737747868 ], [ -96.192816901, 15.704590994 ], [ -96.202965302, 15.711925683 ], [ -96.23736279, 15.682467361 ], [ -96.426455681, 15.696030427 ], [ -96.494871134, 15.658019728 ], [ -96.557785154, 15.656865273 ], [ -96.701728897, 15.716936337 ], [ -96.860920227, 15.739064639 ], [ -96.935209557, 15.783127148 ], [ -97.024303725, 15.80979043 ], [ -97.061875445, 15.860078752 ], [ -97.212884369, 15.923366704 ], [ -97.334306935, 15.945739645 ], [ -97.422096584, 15.941444936 ], [ -97.531381698, 15.969210113 ], [ -97.65575691, 15.97779694 ], [ -97.67964633, 15.962102148 ], [ -97.785623375, 15.98074778 ], [ -97.962845234, 16.101198054 ], [ -98.20427285, 16.2285446 ], [ -98.420497253, 16.26947773 ], [ -98.55263245, 16.31595258 ], [ -98.53339845, 16.35158263 ], [ -98.47085537, 16.38115514 ], [ -98.39915783, 16.38051262 ], [ -98.34993763, 16.44444886 ], [ -98.35253228, 16.48943145 ], [ -98.38733294, 16.49778632 ], [ -98.3951394, 16.54683643 ], [ -98.32997, 16.57274826 ], [ -98.26942657, 16.55845548 ], [ -98.203364219, 16.58718042 ], [ -98.19377578, 16.621462691 ], [ -98.21420638, 16.618795401 ], [ -98.228458779, 16.639503711 ], [ -98.24344229, 16.696700081 ], [ -98.23353455, 16.71736632 ], [ -98.201544619, 16.712671821 ], [ -98.20027106, 16.697235091 ], [ -98.138994, 16.723783801 ], [ -98.12423671, 16.749640651 ], [ -98.13517783, 16.75839311 ], [ -98.10815703, 16.76095138 ], [ -98.07233389, 16.87424955 ], [ -98.11126131, 16.9588684 ], [ -98.057494399, 17.02377646 ], [ -98.03015774, 17.015757061 ], [ -98.0072764, 17.04013734 ], [ -98.15342389, 17.11040294 ], [ -98.22259954, 17.12214968 ], [ -98.20313623, 17.21628742 ], [ -98.24434242, 17.25146689 ], [ -98.28848332, 17.2382204 ], [ -98.32349522, 17.27594415 ], [ -98.30481052, 17.32751983 ], [ -98.28737318, 17.32901115 ], [ -98.33585075, 17.45630463 ], [ -98.32901351, 17.47872789 ], [ -98.31188428, 17.47749222 ], [ -98.32945183, 17.53298095 ], [ -98.37697158, 17.60534906 ], [ -98.41015194, 17.59976874 ], [ -98.46104474, 17.63035886 ], [ -98.47070455, 17.67809598 ], [ -98.48617251, 17.68099222 ], [ -98.49634268, 17.76880945 ], [ -98.42495698, 17.83959451 ], [ -98.42489178, 17.86598977 ], [ -98.39875538, 17.86091192 ], [ -98.38260395, 17.88366974 ], [ -98.34907343, 17.8931728 ], [ -98.32882491, 17.87892646 ], [ -98.3020746, 17.89310805 ], [ -98.28231015, 17.93515032 ], [ -98.26223032, 17.92687692 ], [ -98.25477489, 17.88362654 ], [ -98.2097464, 17.87975814 ], [ -98.17091111, 17.90205837 ], [ -98.16960986, 17.95283395 ], [ -98.13039437, 17.98808417 ], [ -98.04671375, 17.976205801 ], [ -98.02978685, 17.991836451 ], [ -97.97937669, 17.96444165 ], [ -97.93738032, 17.96790085 ], [ -97.94884914, 17.94815608 ], [ -97.93630192, 17.917179121 ], [ -97.81928674, 17.91473822 ], [ -97.80337465, 17.96045857 ], [ -97.76794109, 17.97665289 ], [ -97.766381, 18.00591488 ], [ -97.69974223, 18.00163652 ], [ -97.69777485, 18.01881646 ], [ -97.77167109, 18.06836755 ], [ -97.79854394, 18.03580211 ], [ -97.790920969, 18.00415809 ], [ -97.82627191, 17.97267715 ], [ -97.842604449, 17.99608174 ], [ -97.83478215, 18.04979852 ], [ -97.81067032, 18.06771717 ], [ -97.84945998, 18.08374068 ], [ -97.86748294, 18.14457129 ], [ -97.83946226, 18.17123115 ], [ -97.85922662, 18.19228915 ], [ -97.8229606, 18.223404 ], [ -97.79729702, 18.28317486 ], [ -97.72127383, 18.27604818 ], [ -97.65471371, 18.29309255 ], [ -97.63402365, 18.20006806 ], [ -97.65317592, 18.17528872 ], [ -97.60929786, 18.15368297 ], [ -97.60815351, 18.13101066 ], [ -97.56961978, 18.10338737 ], [ -97.54390546, 18.03344457 ], [ -97.53404566, 18.04633835 ], [ -97.48924458, 18.02559157 ], [ -97.46520503, 18.02840606 ], [ -97.41124008, 18.10239285 ], [ -97.37655305, 18.09451223 ], [ -97.30340868, 18.15907855 ], [ -97.228666649, 18.174591821 ], [ -97.21434846, 18.16366763 ], [ -97.16736802, 18.20090328 ], [ -97.14403477, 18.16342858 ], [ -97.14050665, 18.17333091 ], [ -97.13381846, 18.17413428 ], [ -97.13388522, 18.15772032 ], [ -97.11375803, 18.14946845 ], [ -97.04209414, 18.15656942 ], [ -96.99147943, 18.23073943 ], [ -96.93683531, 18.21603198 ], [ -96.92187583, 18.24061938 ], [ -96.9161542, 18.23064185 ], [ -96.85476077, 18.24122837 ], [ -96.817574, 18.30078622 ], [ -96.8218228, 18.32068355 ], [ -96.78421326, 18.33832817 ], [ -96.75463777, 18.39215863 ], [ -96.72983637, 18.39769512 ], [ -96.73305663, 18.37412115 ], [ -96.70017775, 18.38292905 ], [ -96.69624991, 18.36475448 ], [ -96.69183122, 18.38084978 ], [ -96.67456332, 18.38139542 ], [ -96.68103725, 18.41220443 ], [ -96.70970712, 18.42995417 ], [ -96.70532345, 18.45671057 ], [ -96.68254191, 18.47506217 ], [ -96.68227522, 18.50711815 ], [ -96.72689948, 18.529829 ], [ -96.71560478, 18.57324149 ], [ -96.69963072, 18.55334289 ], [ -96.70214898, 18.58122671 ], [ -96.67246352, 18.60757412 ], [ -96.68869697, 18.63879283 ], [ -96.68214488, 18.66884172 ] ] ] ] } },
{ "type": "Feature", "properties": { "cvegeo": "21", "cve_ent": "21", "nomgeo_inegi": "Puebla", "nom_abrev": "Pue.", "pob_total": "6583278", "pob_femenina": "3423163", "pob_masculina": "3160115", "total_viviendas_habitadas": "1713865", "estado_csv": "Puebla" }, "geometry": { "type": "Polygon", "coordinates": [ [ [ -97.84226937, 20.83990637 ], [ -97.85011843, 20.81692383 ], [ -97.83069814, 20.80799686 ], [ -97.77300168, 20.82720138 ], [ -97.73891494, 20.80153463 ], [ -97.69517932, 20.80003885 ], [ -97.72598297, 20.79165365 ], [ -97.72281992, 20.74998854 ], [ -97.75296791, 20.73236991 ], [ -97.75685971, 20.68949229 ], [ -97.73706737, 20.67965531 ], [ -97.74951122, 20.64332046 ], [ -97.70446817, 20.62922425 ], [ -97.71539398, 20.6090848 ], [ -97.69341908, 20.60268068 ], [ -97.70190315, 20.57186632 ], [ -97.68405645, 20.57251017 ], [ -97.68477191, 20.5542612 ], [ -97.65729432, 20.54506875 ], [ -97.64819649, 20.5663122 ], [ -97.63666451, 20.55371172 ], [ -97.58795302, 20.56107026 ], [ -97.54104334, 20.48971162 ], [ -97.57604555, 20.49090017 ], [ -97.59588391, 20.46399155 ], [ -97.63536508, 20.45218555 ], [ -97.64541072, 20.40832363 ], [ -97.6720752, 20.4085294 ], [ -97.70918749, 20.45510937 ], [ -97.73459932, 20.45130634 ], [ -97.765641739, 20.38122835 ], [ -97.74444995, 20.38011015 ], [ -97.74287652, 20.35119677 ], [ -97.70068949, 20.31991903 ], [ -97.67934494, 20.34991788 ], [ -97.67312512, 20.33660729 ], [ -97.68985792, 20.32008731 ], [ -97.68139762, 20.30243242 ], [ -97.75729751, 20.279079 ], [ -97.73511192, 20.24239194 ], [ -97.7314612, 20.18134845 ], [ -97.72022974, 20.18916792 ], [ -97.65302546, 20.16343295 ], [ -97.63232015, 20.18322322 ], [ -97.60448911, 20.16687362 ], [ -97.60273531, 20.11931382 ], [ -97.57865135, 20.10251988 ], [ -97.59609066, 20.0929842 ], [ -97.5802576, 20.07900789 ], [ -97.56129569, 20.08602191 ], [ -97.55805129, 20.10691089 ], [ -97.49483846, 20.13734828 ], [ -97.50538408, 20.15393815 ], [ -97.4650594, 20.1802184 ], [ -97.46429385, 20.22422723 ], [ -97.44527609, 20.24616066 ], [ -97.40816878, 20.23209206 ], [ -97.38060506, 20.24988162 ], [ -97.365512398, 20.215751201 ], [ -97.28319126, 20.18111206 ], [ -97.24404115, 20.1822786 ], [ -97.16441343, 20.15183155 ], [ -97.1499912, 20.16061426 ], [ -97.15136389, 20.13754034 ], [ -97.12240882, 20.13672148 ], [ -97.20615191, 20.05635492 ], [ -97.20692723, 20.01466782 ], [ -97.26066906, 19.97725443 ], [ -97.26924909, 19.94702728 ], [ -97.25580865, 19.93246009 ], [ -97.30455903, 19.87069469 ], [ -97.3137838, 19.7351354 ], [ -97.3331404, 19.71677982 ], [ -97.30393002, 19.67115554 ], [ -97.34116157, 19.67575175 ], [ -97.40274729, 19.61534302 ], [ -97.41846728, 19.62721655 ], [ -97.43427852, 19.58884846 ], [ -97.40455588, 19.49586629 ], [ -97.34825852, 19.48462697 ], [ -97.35727628, 19.43237672 ], [ -97.397356539, 19.41906423 ], [ -97.36045311, 19.37602932 ], [ -97.33775011, 19.39253072 ], [ -97.2849682, 19.39163674 ], [ -97.21020605, 19.35944165 ], [ -97.21560526, 19.32331972 ], [ -97.20027346, 19.30926475 ], [ -97.17020569, 19.32902235 ], [ -97.10199869, 19.30361545 ], [ -97.04551137, 19.32128262 ], [ -97.03099058, 19.29732677 ], [ -96.98556011, 19.27939682 ], [ -97.00123451, 19.23654602 ], [ -97.05615475, 19.19766658 ], [ -97.0270518, 19.1332362 ], [ -97.05563308, 19.13400217 ], [ -97.06669271, 19.159455321 ], [ -97.19458906, 19.17181258 ], [ -97.20963297, 19.15985089 ], [ -97.19719794, 19.14655911 ], [ -97.26139946, 19.09662726 ], [ -97.26662571, 19.0303132 ], [ -97.28512577, 18.99943085 ], [ -97.25825892, 18.97771422 ], [ -97.2418156, 18.90214271 ], [ -97.29731158, 18.86731029 ], [ -97.3263456, 18.81024648 ], [ -97.35303111, 18.79128491 ], [ -97.35285031, 18.77436128 ], [ -97.330059, 18.7659744 ], [ -97.35002537, 18.71714311 ], [ -97.34397458, 18.685759 ], [ -97.32317806, 18.66430852 ], [ -97.30320266, 18.67428562 ], [ -97.27185192, 18.62777915 ], [ -97.23542915, 18.64356948 ], [ -97.14144277, 18.59641791 ], [ -97.14456308, 18.57092786 ], [ -97.08347138, 18.48394275 ], [ -97.07996752, 18.45450778 ], [ -96.99891734, 18.53191646 ], [ -96.95433414, 18.55382937 ], [ -96.92594478, 18.53492554 ], [ -96.89925098, 18.54864795 ], [ -96.84235751, 18.49338878 ], [ -96.81344615, 18.51761791 ], [ -96.79701183, 18.51193518 ], [ -96.78101195, 18.42906951 ], [ -96.76318571, 18.42705068 ], [ -96.75908505, 18.40826366 ], [ -96.72468303, 18.40738774 ], [ -96.78042912, 18.36353255 ], [ -96.78421326, 18.33832817 ], [ -96.8218228, 18.32068355 ], [ -96.817574, 18.30078622 ], [ -96.85476077, 18.24122837 ], [ -96.9161542, 18.23064185 ], [ -96.92187583, 18.24061938 ], [ -96.93683531, 18.21603198 ], [ -96.99147943, 18.23073943 ], [ -97.04209414, 18.15656942 ], [ -97.11375803, 18.14946845 ], [ -97.13388522, 18.15772032 ], [ -97.13381846, 18.17413428 ], [ -97.14403477, 18.16342858 ], [ -97.16736802, 18.20090328 ], [ -97.21434846, 18.16366763 ], [ -97.228666649, 18.174591821 ], [ -97.30340868, 18.15907855 ], [ -97.37655305, 18.09451223 ], [ -97.41124008, 18.10239285 ], [ -97.4669182, 18.02695131 ], [ -97.53404566, 18.04633835 ], [ -97.54390546, 18.03344457 ], [ -97.56961978, 18.10338737 ], [ -97.60815351, 18.13101066 ], [ -97.60929786, 18.15368297 ], [ -97.65317592, 18.17528872 ], [ -97.63402365, 18.20006806 ], [ -97.65471371, 18.29309255 ], [ -97.72127383, 18.27604818 ], [ -97.79729702, 18.28317486 ], [ -97.8229606, 18.223404 ], [ -97.85922662, 18.19228915 ], [ -97.83946226, 18.17123115 ], [ -97.86748294, 18.14457129 ], [ -97.84945998, 18.08374068 ], [ -97.81067032, 18.06771717 ], [ -97.83478215, 18.04979852 ], [ -97.842604449, 17.99608174 ], [ -97.82627191, 17.97267715 ], [ -97.790920969, 18.00415809 ], [ -97.79854394, 18.03580211 ], [ -97.77167109, 18.06836755 ], [ -97.69777485, 18.01881646 ], [ -97.69974223, 18.00163652 ], [ -97.766381, 18.00591488 ], [ -97.76794109, 17.97665289 ], [ -97.80337465, 17.96045857 ], [ -97.81928674, 17.91473822 ], [ -97.93630192, 17.917179121 ], [ -97.94884914, 17.94815608 ], [ -97.93738032, 17.96790085 ], [ -97.97937669, 17.96444165 ], [ -98.02978685, 17.991836451 ], [ -98.04671375, 17.976205801 ], [ -98.13039437, 17.98808417 ], [ -98.16960986, 17.95283395 ], [ -98.17091111, 17.90205837 ], [ -98.2097464, 17.87975814 ], [ -98.25477489, 17.88362654 ], [ -98.26223032, 17.92687692 ], [ -98.28231015, 17.93515032 ], [ -98.3020746, 17.89310805 ], [ -98.32882491, 17.87892646 ], [ -98.34907343, 17.8931728 ], [ -98.38260395, 17.88366974 ], [ -98.39875538, 17.86091192 ], [ -98.42076697, 17.86369422 ], [ -98.44499795, 17.92229706 ], [ -98.42416506, 17.93823835 ], [ -98.42509434, 17.97693354 ], [ -98.44814048, 17.99071109 ], [ -98.47638666, 17.98104362 ], [ -98.52672482, 17.99628885 ], [ -98.52962826, 17.97582252 ], [ -98.58552349, 17.97494103 ], [ -98.65053817, 17.93316105 ], [ -98.73182748, 17.98255302 ], [ -98.81493843, 18.00169671 ], [ -98.80125962, 18.02205243 ], [ -98.76709711, 18.01961117 ], [ -98.73509786, 18.04509512 ], [ -98.79707011, 18.06264648 ], [ -98.81129715, 18.05063272 ], [ -98.81299974, 18.06487535 ], [ -98.86981182, 18.05721666 ], [ -98.852369769, 18.117600941 ], [ -98.881876889, 18.166162091 ], [ -99.00006632, 18.19020491 ], [ -98.98905618, 18.24935451 ], [ -99.01932995, 18.24541105 ], [ -99.0147074, 18.26326586 ], [ -99.03170551, 18.27231452 ], [ -99.06370989, 18.25148303 ], [ -99.05322812, 18.26415637 ], [ -99.06936388, 18.28323468 ], [ -99.05177255, 18.28981525 ], [ -99.07049428, 18.32683971 ], [ -99.01817508, 18.38778437 ], [ -98.98793868, 18.39706377 ], [ -98.98537245, 18.42115398 ], [ -98.93515195, 18.42290385 ], [ -98.91222062, 18.46212163 ], [ -98.8504086, 18.47803466 ], [ -98.827766259, 18.523885543 ], [ -98.75219135, 18.4539242 ], [ -98.70669912, 18.445112231 ], [ -98.71142631, 18.61645475 ], [ -98.74188228, 18.70217717 ], [ -98.71590709, 18.73918951 ], [ -98.75349392, 18.74296938 ], [ -98.72794571, 18.805509 ], [ -98.66131526, 18.89780902 ], [ -98.68141455, 18.90716732 ], [ -98.71347151, 18.86724362 ], [ -98.70734323, 18.90285551 ], [ -98.67809191, 18.92371748 ], [ -98.61987463, 19.03505957 ], [ -98.63929817, 19.07744049 ], [ -98.62548935, 19.11957198 ], [ -98.64065706, 19.12545574 ], [ -98.64702238, 19.18482789 ], [ -98.6435712, 19.23872986 ], [ -98.62752488, 19.25775917 ], [ -98.66347589, 19.32479238 ], [ -98.66058797, 19.35173638 ], [ -98.63807978, 19.358911 ], [ -98.66284795, 19.40299825 ], [ -98.66017837, 19.43209357 ], [ -98.63469711, 19.42954809 ], [ -98.6614352, 19.45809035 ], [ -98.65322655, 19.46598623 ], [ -98.59127565, 19.4492142 ], [ -98.57027614, 19.46676935 ], [ -98.52319214, 19.46086868 ], [ -98.47027771, 19.36083091 ], [ -98.441273, 19.32525114 ], [ -98.40772137, 19.31593171 ], [ -98.41009083, 19.291339261 ], [ -98.36891505, 19.226122 ], [ -98.33068097, 19.20015005 ], [ -98.34271029, 19.17793974 ], [ -98.32392929, 19.16866188 ], [ -98.307155939, 19.189203941 ], [ -98.269702799, 19.16238988 ], [ -98.23024123, 19.156728621 ], [ -98.223038889, 19.1366376 ], [ -98.190706689, 19.13998574 ], [ -98.20434782, 19.11492892 ], [ -98.166175774, 19.10507186 ], [ -98.110159317, 19.143212051 ], [ -98.03168626, 19.23093838 ], [ -97.92820265, 19.16421342 ], [ -97.85098829, 19.22293423 ], [ -97.87049471, 19.24006097 ], [ -97.854051819, 19.257328291 ], [ -97.870287049, 19.27058598 ], [ -97.83842866, 19.2872644 ], [ -97.83927043, 19.30137617 ], [ -97.77138552, 19.28375265 ], [ -97.74509182, 19.30525994 ], [ -97.73833274, 19.28709963 ], [ -97.71964295, 19.30475323 ], [ -97.69093325, 19.28588812 ], [ -97.626355569, 19.32393397 ], [ -97.63144615, 19.35539543 ], [ -97.67385882, 19.36747146 ], [ -97.75480145, 19.45754288 ], [ -97.79685926, 19.47244285 ], [ -97.79453868, 19.4983746 ], [ -97.85942248, 19.45434594 ], [ -97.86227149, 19.45617552 ], [ -97.84873909, 19.48278191 ], [ -97.88974826, 19.50457909 ], [ -97.87181259, 19.561767647 ], [ -97.916147573, 19.594016028 ], [ -97.946706391, 19.585630223 ], [ -97.980678259, 19.628541632 ], [ -98.04221202, 19.64022471 ], [ -98.03643691, 19.68584351 ], [ -98.06080845, 19.72891743 ], [ -98.06461283, 19.70865522 ], [ -98.10100792, 19.66804989 ], [ -98.11773588, 19.68826334 ], [ -98.16556431, 19.66747586 ], [ -98.24106728, 19.67583615 ], [ -98.25531892, 19.71882902 ], [ -98.1956988, 19.74161966 ], [ -98.19437594, 19.76537189 ], [ -98.23481545, 19.77704551 ], [ -98.26922977, 19.84494675 ], [ -98.31500434, 19.855115601 ], [ -98.26935185, 19.895709141 ], [ -98.2678202, 19.91611392 ], [ -98.24807295, 19.91753072 ], [ -98.251603779, 19.948149771 ], [ -98.222081689, 19.94693206 ], [ -98.21594135, 19.96852114 ], [ -98.180697649, 19.959751571 ], [ -98.160427979, 19.978129571 ], [ -98.180902849, 20.04698554 ], [ -98.159704738, 20.092569971 ], [ -98.12827266, 20.10720265 ], [ -98.124607059, 20.124069891 ], [ -98.10846246, 20.120803401 ], [ -98.09787945, 20.145389661 ], [ -98.139582649, 20.150141621 ], [ -98.12795855, 20.18594137 ], [ -98.175924939, 20.25422954 ], [ -98.270546169, 20.215806281 ], [ -98.28444354, 20.26278885 ], [ -98.254029649, 20.301341882 ], [ -98.17907757, 20.29380837 ], [ -98.18130811, 20.33654308 ], [ -98.12683551, 20.33623102 ], [ -98.07048426, 20.43027317 ], [ -98.01138482, 20.455772251 ], [ -98.00886478, 20.482541 ], [ -97.988791, 20.4953852 ], [ -97.99742609, 20.50609525 ], [ -97.97263034, 20.52320243 ], [ -97.98081611, 20.54070886 ], [ -97.90968569, 20.58637811 ], [ -97.89497082, 20.6238994 ], [ -97.91783195, 20.67393789 ], [ -97.89742569, 20.70321383 ], [ -97.9224466, 20.71651878 ], [ -97.87911978, 20.83427588 ], [ -97.84226937, 20.83990637 ] ] ] } },
{ "type": "Feature", "properties": { "cvegeo": "22", "cve_ent": "22", "nomgeo_inegi": "Querétaro", "nom_abrev": "Qro.", "pob_total": "2368467", "pob_femenina": "1211647", "pob_masculina": "1156820", "total_viviendas_habitadas": "668771", "estado_csv": "Querétaro" }, "geometry": { "type": "Polygon", "coordinates": [ [ [ -99.18810832, 21.66991709 ], [ -99.17189551, 21.62703148 ], [ -99.12829737, 21.58981705 ], [ -99.1422822, 21.53543955 ], [ -99.09262075, 21.36336048 ], [ -99.12945552, 21.36204625 ], [ -99.13782958, 21.32979189 ], [ -99.10294885, 21.32119443 ], [ -99.12755889, 21.31833655 ], [ -99.10434535, 21.28959786 ], [ -99.05324382, 21.28163135 ], [ -99.05117674, 21.25342968 ], [ -99.07373117, 21.23577686 ], [ -99.05194328, 21.21844892 ], [ -99.04307985, 21.17867725 ], [ -99.05452963, 21.15977518 ], [ -99.07224662, 21.15702074 ], [ -99.05969012, 21.16827329 ], [ -99.07647931, 21.17346395 ], [ -99.09063112, 21.15309552 ], [ -99.15052198, 21.14775068 ], [ -99.24768132, 21.10126569 ], [ -99.30920565, 21.14729965 ], [ -99.34182843, 21.12365968 ], [ -99.34635966, 21.10087666 ], [ -99.397366659, 21.10200328 ], [ -99.3876732, 21.06782723 ], [ -99.367437459, 21.06947969 ], [ -99.37707902, 21.056615051 ], [ -99.36324591, 21.041728891 ], [ -99.38995452, 21.00413838 ], [ -99.39062602, 20.95227432 ], [ -99.415585509, 20.9249006 ], [ -99.412556859, 20.90542894 ], [ -99.435226579, 20.899397 ], [ -99.44606406, 20.85303106 ], [ -99.488731819, 20.83293289 ], [ -99.503817, 20.76578732 ], [ -99.548471289, 20.73719775 ], [ -99.505540319, 20.68470052 ], [ -99.50192266, 20.65896222 ], [ -99.5653444, 20.64039415 ], [ -99.61951128, 20.59140695 ], [ -99.65787037, 20.60179929 ], [ -99.69641295, 20.57444502 ], [ -99.71195208, 20.58126662 ], [ -99.73868326, 20.560520801 ], [ -99.828071179, 20.543007651 ], [ -99.85910642, 20.26847055 ], [ -99.91950097, 20.28166538 ], [ -99.93408357, 20.24977003 ], [ -99.91846455, 20.21178482 ], [ -99.95093302, 20.21590351 ], [ -99.9581594, 20.25176469 ], [ -99.97703103, 20.27237525 ], [ -99.98494289, 20.26480048 ], [ -99.965229819, 20.201157511 ], [ -99.92190282, 20.15873997 ], [ -99.93621277, 20.162523034 ], [ -99.94220645, 20.12010034 ], [ -99.92633742, 20.06433068 ], [ -99.98019265, 20.05914745 ], [ -99.97846822, 20.07404545 ], [ -100.00035234, 20.0774804 ], [ -100.08881794, 20.01501829 ], [ -100.16219445, 20.06253855 ], [ -100.1644622, 20.07834652 ], [ -100.20294109, 20.07664937 ], [ -100.19739283, 20.12988846 ], [ -100.23560355, 20.14345858 ], [ -100.191863849, 20.17600008 ], [ -100.18114402, 20.20880054 ], [ -100.26045665, 20.26750994 ], [ -100.38128857, 20.30305162 ], [ -100.40999518, 20.37600642 ], [ -100.47618106, 20.3896108 ], [ -100.49238212, 20.49041554 ], [ -100.50975558, 20.50652685 ], [ -100.50476545, 20.5550334 ], [ -100.48500338, 20.55380422 ], [ -100.48209165, 20.57150831 ], [ -100.49617743, 20.61619374 ], [ -100.52953528, 20.63866726 ], [ -100.55112518, 20.63376605 ], [ -100.59653571, 20.71726092 ], [ -100.54891462, 20.73638342 ], [ -100.55832829, 20.80457115 ], [ -100.57758894, 20.81666975 ], [ -100.50204862, 20.85292046 ], [ -100.50902352, 20.87070671 ], [ -100.48536677, 20.90879972 ], [ -100.46995829, 20.90703935 ], [ -100.47223288, 20.92844606 ], [ -100.45317648, 20.92319905 ], [ -100.45395602, 20.90017938 ], [ -100.41339938, 20.88743188 ], [ -100.3335908, 20.89072848 ], [ -100.29839429, 20.91529172 ], [ -100.29920917, 20.93132775 ], [ -100.26554323, 20.92924738 ], [ -100.26362329, 20.97099885 ], [ -100.1815276, 20.93040166 ], [ -100.13531185, 20.93726383 ], [ -100.11782778, 20.92215512 ], [ -100.06417194, 20.9362886 ], [ -100.08073849, 20.94985751 ], [ -100.06074631, 21.00581578 ], [ -100.06894972, 21.0228134 ], [ -100.02256317, 21.0146212 ], [ -100.01106957, 21.02850463 ], [ -100.02754308, 21.10025302 ], [ -99.99641766, 21.18259491 ], [ -100.01108574, 21.18946434 ], [ -99.986368049, 21.21831003 ], [ -99.83125855, 21.15732272 ], [ -99.738483459, 21.23581777 ], [ -99.68785488, 21.22578026 ], [ -99.69907631, 21.2666984 ], [ -99.67130262, 21.30119375 ], [ -99.73725312, 21.31288497 ], [ -99.73416115, 21.30144392 ], [ -99.75789357, 21.29214037 ], [ -99.79452202, 21.35739942 ], [ -99.77549554, 21.3749686 ], [ -99.77735186, 21.49595545 ], [ -99.74929226, 21.52317348 ], [ -99.7467432, 21.57836329 ], [ -99.65954197, 21.56794523 ], [ -99.62580078, 21.50730191 ], [ -99.5493452, 21.44706772 ], [ -99.55193132, 21.42839306 ], [ -99.49752082, 21.41922608 ], [ -99.46982245, 21.44651454 ], [ -99.43627569, 21.44985603 ], [ -99.40592115, 21.42827138 ], [ -99.38670817, 21.50037294 ], [ -99.371976218, 21.50710409 ], [ -99.37590685, 21.54793058 ], [ -99.30548865, 21.53291429 ], [ -99.27440191, 21.56532326 ], [ -99.28071705, 21.60790337 ], [ -99.24349645, 21.61505717 ], [ -99.21769755, 21.66664648 ], [ -99.18810832, 21.66991709 ] ] ] } },
{ "type": "Feature", "properties": { "cvegeo": "23", "cve_ent": "23", "nomgeo_inegi": "Quintana Roo", "nom_abrev": "Q. Roo", "pob_total": "1857985", "pob_femenina": "921206", "pob_masculina": "936779", "total_viviendas_habitadas": "575635", "estado_csv": "Quintana Roo" }, "geometry": { "type": "MultiPolygon", "coordinates": [ [ [ [ -87.38974946, 18.37417368 ], [ -87.39197875, 18.37446925 ], [ -87.39463245, 18.38076722 ], [ -87.38855395, 18.37704192 ], [ -87.38974946, 18.37417368 ] ] ], [ [ [ -87.401617, 18.38124003 ], [ -87.40839415, 18.38028926 ], [ -87.40878628, 18.3901404 ], [ -87.40702794, 18.39036894 ], [ -87.401617, 18.38124003 ] ] ], [ [ [ -87.41155089, 18.39206985 ], [ -87.42074026, 18.39585386 ], [ -87.42133343, 18.39929154 ], [ -87.41748868, 18.39957278 ], [ -87.41155089, 18.39206985 ] ] ], [ [ [ -87.42612474, 18.40394171 ], [ -87.42915494, 18.40479802 ], [ -87.43006695, 18.40952114 ], [ -87.42603883, 18.40546671 ], [ -87.42612474, 18.40394171 ] ] ], [ [ [ -87.43799902, 18.41943185 ], [ -87.43756534, 18.42317342 ], [ -87.43452846, 18.42307998 ], [ -87.43414374, 18.42092709 ], [ -87.43799902, 18.41943185 ] ] ], [ [ [ -87.43924158, 18.42845734 ], [ -87.44739877, 18.46004146 ], [ -87.44529262, 18.46241745 ], [ -87.43918649, 18.45272968 ], [ -87.43924158, 18.42845734 ] ] ], [ [ [ -87.44456283, 18.47541497 ], [ -87.4470492, 18.48021966 ], [ -87.44057982, 18.51869285 ], [ -87.43715897, 18.51613455 ], [ -87.44456283, 18.47541497 ] ] ], [ [ [ -87.43654002, 18.55538182 ], [ -87.43920909, 18.56036138 ], [ -87.43673875, 18.5623184 ], [ -87.43460555, 18.55897269 ], [ -87.43654002, 18.55538182 ] ] ], [ [ [ -87.36191945, 18.38514452 ], [ -87.38333891, 18.37505743 ], [ -87.33216046, 18.44377463 ], [ -87.33701983, 18.52301509 ], [ -87.31442568, 18.55545317 ], [ -87.33098363, 18.52643174 ], [ -87.32293146, 18.45656112 ], [ -87.36191945, 18.38514452 ] ] ], [ [ [ -87.43568863, 18.58290697 ], [ -87.43924071, 18.5874774 ], [ -87.43687731, 18.58974725 ], [ -87.43556522, 18.5889394 ], [ -87.43568863, 18.58290697 ] ] ], [ [ [ -87.43951618, 18.5984368 ], [ -87.44246311, 18.60092182 ], [ -87.440126, 18.6132824 ], [ -87.43660365, 18.60947509 ], [ -87.43951618, 18.5984368 ] ] ], [ [ [ -87.3094498, 18.60357742 ], [ -87.31779257, 18.5778126 ], [ -87.34103031, 18.57349788 ], [ -87.32052732, 18.59881169 ], [ -87.3094498, 18.60357742 ] ] ], [ [ [ -87.436376, 18.62365528 ], [ -87.43335955, 18.63829885 ], [ -87.4202786, 18.6600054 ], [ -87.42834757, 18.63291926 ], [ -87.436376, 18.62365528 ] ] ], [ [ [ -87.40782332, 18.67668838 ], [ -87.41061932, 18.67979682 ], [ -87.394731, 18.7118816 ], [ -87.40253938, 18.68170837 ], [ -87.40782332, 18.67668838 ] ] ], [ [ [ -87.39099248, 18.72034663 ], [ -87.39269146, 18.72316902 ], [ -87.38952002, 18.7253278 ], [ -87.38767592, 18.72233082 ], [ -87.39099248, 18.72034663 ] ] ], [ [ [ -87.38594875, 18.73133212 ], [ -87.38751514, 18.73252388 ], [ -87.38517203, 18.73638838 ], [ -87.38399528, 18.73252986 ], [ -87.38594875, 18.73133212 ] ] ], [ [ [ -87.30498368, 18.74191262 ], [ -87.30326563, 18.73900034 ], [ -87.30528862, 18.73751625 ], [ -87.30689706, 18.73967294 ], [ -87.30498368, 18.74191262 ] ] ], [ [ [ -87.27382631, 18.7394366 ], [ -87.24534977, 18.68349715 ], [ -87.24739546, 18.64526831 ], [ -87.26453606, 18.61878903 ], [ -87.2527216, 18.66740383 ], [ -87.27382631, 18.7394366 ] ] ], [ [ [ -87.27971742, 18.74077092 ], [ -87.28020069, 18.74004698 ], [ -87.28071815, 18.74358832 ], [ -87.27937875, 18.74170422 ], [ -87.27971742, 18.74077092 ] ] ], [ [ [ -87.37785005, 18.73934528 ], [ -87.37996034, 18.74123497 ], [ -87.37237815, 18.75303158 ], [ -87.37355952, 18.74364449 ], [ -87.37785005, 18.73934528 ] ] ], [ [ [ -87.31575429, 18.74558878 ], [ -87.31801569, 18.74692562 ], [ -87.31781897, 18.74841503 ], [ -87.31522697, 18.74714463 ], [ -87.31575429, 18.74558878 ] ] ], [ [ [ -87.299137, 18.75097029 ], [ -87.29833555, 18.7482602 ], [ -87.30343628, 18.7448032 ], [ -87.30287194, 18.74993135 ], [ -87.299137, 18.75097029 ] ] ], [ [ [ -87.31968292, 18.75318129 ], [ -87.32183909, 18.75399705 ], [ -87.32031832, 18.75592598 ], [ -87.3190214, 18.75334908 ], [ -87.31968292, 18.75318129 ] ] ], [ [ [ -87.28904035, 18.7517398 ], [ -87.2904978, 18.75275792 ], [ -87.289785, 18.75452023 ], [ -87.28901618, 18.75437483 ], [ -87.28904035, 18.7517398 ] ] ], [ [ [ -87.32025426, 18.7589768 ], [ -87.3219416, 18.75892175 ], [ -87.32161631, 18.76249052 ], [ -87.32037234, 18.76216794 ], [ -87.32025426, 18.7589768 ] ] ], [ [ [ -87.32851314, 18.75398418 ], [ -87.33177268, 18.75855409 ], [ -87.32672818, 18.764961 ], [ -87.32503425, 18.7616526 ], [ -87.32851314, 18.75398418 ] ] ], [ [ [ -87.35664729, 18.76555814 ], [ -87.35777312, 18.76681575 ], [ -87.354257, 18.77049675 ], [ -87.3534266, 18.76899888 ], [ -87.35664729, 18.76555814 ] ] ], [ [ [ -87.3604964, 18.76992431 ], [ -87.36110194, 18.77197508 ], [ -87.35672443, 18.7734992 ], [ -87.35802705, 18.77132548 ], [ -87.3604964, 18.76992431 ] ] ], [ [ [ -87.31747171, 18.76665103 ], [ -87.31934212, 18.7666322 ], [ -87.32008042, 18.77017529 ], [ -87.31810052, 18.77012382 ], [ -87.31747171, 18.76665103 ] ] ], [ [ [ -87.3451944, 18.77929798 ], [ -87.34938082, 18.77867409 ], [ -87.33911928, 18.78611283 ], [ -87.34236258, 18.78017588 ], [ -87.3451944, 18.77929798 ] ] ], [ [ [ -87.64114548, 19.18799558 ], [ -87.64028929, 19.18454106 ], [ -87.64708385, 19.18639388 ], [ -87.64566343, 19.18798002 ], [ -87.64114548, 19.18799558 ] ] ], [ [ [ -87.62966015, 19.19278055 ], [ -87.63401774, 19.19306385 ], [ -87.62753514, 19.1967002 ], [ -87.62729328, 19.19565289 ], [ -87.62966015, 19.19278055 ] ] ], [ [ [ -87.62817629, 19.20272211 ], [ -87.62852932, 19.20255475 ], [ -87.63104002, 19.20271503 ], [ -87.62866869, 19.20446725 ], [ -87.62817629, 19.20272211 ] ] ], [ [ [ -87.65011722, 19.21543572 ], [ -87.65202425, 19.21554203 ], [ -87.64023855, 19.21852369 ], [ -87.61456368, 19.23602609 ], [ -87.63131243, 19.22149477 ], [ -87.64094785, 19.21705115 ], [ -87.65011722, 19.21543572 ] ] ], [ [ [ -87.6019822, 19.23574506 ], [ -87.60540091, 19.23411372 ], [ -87.60602754, 19.23505614 ], [ -87.60322092, 19.23692083 ], [ -87.6019822, 19.23574506 ] ] ], [ [ [ -87.4674952, 19.3339076 ], [ -87.4642702, 19.32895386 ], [ -87.46554182, 19.32655422 ], [ -87.471244, 19.33482831 ], [ -87.4674952, 19.3339076 ] ] ], [ [ [ -87.51064442, 19.36609271 ], [ -87.48344386, 19.34447505 ], [ -87.4792676, 19.33540572 ], [ -87.51498, 19.35730288 ], [ -87.51064442, 19.36609271 ] ] ], [ [ [ -87.57094286, 19.39819251 ], [ -87.56544868, 19.39725872 ], [ -87.56554689, 19.39370532 ], [ -87.57161318, 19.39434565 ], [ -87.57094286, 19.39819251 ] ] ], [ [ [ -87.55194009, 19.41281872 ], [ -87.54939549, 19.41237455 ], [ -87.54945803, 19.40838068 ], [ -87.55550452, 19.41070275 ], [ -87.55194009, 19.41281872 ] ] ], [ [ [ -87.65906591, 19.50447585 ], [ -87.66184951, 19.50469175 ], [ -87.65963249, 19.50786214 ], [ -87.6585178, 19.50560725 ], [ -87.65906591, 19.50447585 ] ] ], [ [ [ -87.66059382, 19.50989169 ], [ -87.66187054, 19.50981483 ], [ -87.6572878, 19.51713195 ], [ -87.65719285, 19.51254223 ], [ -87.66059382, 19.50989169 ] ] ], [ [ [ -87.57590898, 19.56572389 ], [ -87.57696, 19.56474798 ], [ -87.57741943, 19.56519594 ], [ -87.57690178, 19.56603414 ], [ -87.57590898, 19.56572389 ] ] ], [ [ [ -87.56714098, 19.57659128 ], [ -87.567496, 19.57716314 ], [ -87.56633934, 19.57766155 ], [ -87.56616672, 19.57738449 ], [ -87.56714098, 19.57659128 ] ] ], [ [ [ -87.65930937, 19.58739874 ], [ -87.65998346, 19.58747558 ], [ -87.66005122, 19.58780914 ], [ -87.65944566, 19.58801518 ], [ -87.65930937, 19.58739874 ] ] ], [ [ [ -87.69992995, 19.59099023 ], [ -87.69058449, 19.58793054 ], [ -87.67545669, 19.58740651 ], [ -87.69466529, 19.58723415 ], [ -87.71304585, 19.58974628 ], [ -87.69992995, 19.59099023 ] ] ], [ [ [ -87.64781863, 19.58672609 ], [ -87.64842508, 19.58724963 ], [ -87.64703088, 19.58741471 ], [ -87.64719771, 19.58685386 ], [ -87.64781863, 19.58672609 ] ] ], [ [ [ -87.56191371, 19.58013458 ], [ -87.56257235, 19.58044734 ], [ -87.56150985, 19.58115777 ], [ -87.56144631, 19.58087046 ], [ -87.56191371, 19.58013458 ] ] ], [ [ [ -87.63824318, 19.58739838 ], [ -87.63906783, 19.58798686 ], [ -87.63595032, 19.58890888 ], [ -87.63628343, 19.58795158 ], [ -87.63824318, 19.58739838 ] ] ], [ [ [ -87.55769669, 19.58328252 ], [ -87.55820858, 19.58314952 ], [ -87.55850114, 19.58366126 ], [ -87.55771237, 19.58356543 ], [ -87.55769669, 19.58328252 ] ] ], [ [ [ -87.49649483, 19.58994863 ], [ -87.49925497, 19.59127089 ], [ -87.49933189, 19.59261797 ], [ -87.49771831, 19.5925848 ], [ -87.49649483, 19.58994863 ] ] ], [ [ [ -87.49033848, 19.59763492 ], [ -87.49176045, 19.59492043 ], [ -87.49390655, 19.5951406 ], [ -87.49081906, 19.59888057 ], [ -87.49033848, 19.59763492 ] ] ], [ [ [ -87.46211691, 19.59435235 ], [ -87.46465035, 19.59770146 ], [ -87.46351762, 19.59838198 ], [ -87.4623208, 19.59669532 ], [ -87.46211691, 19.59435235 ] ] ], [ [ [ -87.45541191, 19.59817629 ], [ -87.455566, 19.59580314 ], [ -87.45826668, 19.59613618 ], [ -87.45869095, 19.59777963 ], [ -87.45541191, 19.59817629 ] ] ], [ [ [ -87.49238218, 19.60485803 ], [ -87.48320746, 19.60443052 ], [ -87.47890254, 19.59981548 ], [ -87.48462003, 19.59855362 ], [ -87.49238218, 19.60485803 ] ] ], [ [ [ -87.46293329, 19.60075983 ], [ -87.46268934, 19.59883585 ], [ -87.47258322, 19.60073535 ], [ -87.46484794, 19.60334826 ], [ -87.46293329, 19.60075983 ] ] ], [ [ [ -87.51902728, 19.61274089 ], [ -87.52087658, 19.60624838 ], [ -87.52342365, 19.60474518 ], [ -87.52340335, 19.61290255 ], [ -87.51902728, 19.61274089 ] ] ], [ [ [ -87.49228651, 19.61095738 ], [ -87.49429629, 19.60711185 ], [ -87.49513512, 19.60700115 ], [ -87.495621, 19.60993646 ], [ -87.49228651, 19.61095738 ] ] ], [ [ [ -87.46401863, 19.60673874 ], [ -87.46640325, 19.60695862 ], [ -87.46606885, 19.61328445 ], [ -87.46511522, 19.61328686 ], [ -87.46401863, 19.60673874 ] ] ], [ [ [ -87.69756631, 19.64307777 ], [ -87.69936509, 19.64264488 ], [ -87.69938069, 19.6462358 ], [ -87.69674065, 19.64545457 ], [ -87.69756631, 19.64307777 ] ] ], [ [ [ -87.51503186, 19.62893043 ], [ -87.51748549, 19.62780614 ], [ -87.52066714, 19.62318748 ], [ -87.51905788, 19.62857308 ], [ -87.51503186, 19.62893043 ] ] ], [ [ [ -87.67408622, 19.64121769 ], [ -87.68007002, 19.64198688 ], [ -87.68143615, 19.64569449 ], [ -87.67577454, 19.64510675 ], [ -87.67408622, 19.64121769 ] ] ], [ [ [ -87.70799425, 19.64997695 ], [ -87.70398628, 19.64630471 ], [ -87.71345415, 19.64878602 ], [ -87.70956308, 19.65010569 ], [ -87.70799425, 19.64997695 ] ] ], [ [ [ -87.45904452, 19.69435711 ], [ -87.45823698, 19.69084642 ], [ -87.46427138, 19.69470254 ], [ -87.46165992, 19.69580828 ], [ -87.45904452, 19.69435711 ] ] ], [ [ [ -87.46627306, 19.69854183 ], [ -87.46433417, 19.69619345 ], [ -87.46425268, 19.69376592 ], [ -87.46851723, 19.69533043 ], [ -87.46627306, 19.69854183 ] ] ], [ [ [ -87.47588597, 19.70460035 ], [ -87.46993289, 19.70317268 ], [ -87.46831415, 19.69917374 ], [ -87.478186379, 19.70427157 ], [ -87.47588597, 19.70460035 ] ] ], [ [ [ -87.47884818, 19.70378418 ], [ -87.47953111, 19.70395782 ], [ -87.47908034, 19.70525465 ], [ -87.47845155, 19.70462848 ], [ -87.47884818, 19.70378418 ] ] ], [ [ [ -87.5017456, 19.71146483 ], [ -87.48530117, 19.70754063 ], [ -87.47974248, 19.70463162 ], [ -87.50587422, 19.71001271 ], [ -87.5017456, 19.71146483 ] ] ], [ [ [ -86.86484029, 20.54821934 ], [ -86.86254902, 20.5473076 ], [ -86.8590866, 20.54718582 ], [ -86.86289929, 20.54573312 ], [ -86.86484029, 20.54821934 ] ] ], [ [ [ -86.729863781, 20.569528835 ], [ -86.79356275, 20.46483915 ], [ -86.83058697, 20.43806108 ], [ -86.89846654, 20.34418758 ], [ -86.99437575, 20.27454071 ], [ -87.017024859, 20.299398003 ], [ -87.017061432, 20.412170439 ], [ -86.926218725, 20.552528243 ], [ -86.89696402, 20.56558008 ], [ -86.864982927, 20.537199961 ], [ -86.76871203, 20.56063529 ], [ -86.7269392, 20.59215678 ], [ -86.729863781, 20.569528835 ] ] ], [ [ [ -86.74869743, 21.26508663 ], [ -86.73892777, 21.24550868 ], [ -86.71040528, 21.20145354 ], [ -86.71844665, 21.20554522 ], [ -86.74255258, 21.23436137 ], [ -86.73013511, 21.22137568 ], [ -86.74869743, 21.26508663 ] ] ], [ [ [ -86.85170875, 21.43597165 ], [ -86.87044682, 21.4286788 ], [ -86.87851789, 21.42043417 ], [ -86.88832891, 21.41680752 ], [ -86.87482117, 21.42633092 ], [ -86.88358557, 21.43399415 ], [ -86.85170875, 21.43597165 ] ] ], [ [ [ -86.90317055, 21.46597431 ], [ -86.90193437, 21.45729905 ], [ -86.90393748, 21.45112648 ], [ -86.91319452, 21.44931749 ], [ -86.90317055, 21.46597431 ] ] ], [ [ [ -86.93613712, 21.47547962 ], [ -86.93179743, 21.47420582 ], [ -86.92733852, 21.46829926 ], [ -86.93401143, 21.46682111 ], [ -86.93613712, 21.47547962 ] ] ], [ [ [ -86.92191625, 21.47769935 ], [ -86.91319834, 21.47191285 ], [ -86.91178625, 21.46635597 ], [ -86.92025389, 21.47230651 ], [ -86.92191625, 21.47769935 ] ] ], [ [ [ -86.97589805, 21.53434452 ], [ -86.97202908, 21.53098549 ], [ -86.97467309, 21.52639172 ], [ -86.9775078, 21.53550568 ], [ -86.97589805, 21.53434452 ] ] ], [ [ [ -86.79714412, 21.51352526 ], [ -86.79152308, 21.49403765 ], [ -86.78422278, 21.45799937 ], [ -86.80378574, 21.53173298 ], [ -86.79714412, 21.51352526 ] ] ], [ [ [ -87.00415278, 21.56765675 ], [ -87.00365668, 21.56206015 ], [ -87.00934092, 21.55970895 ], [ -87.00935618, 21.56602729 ], [ -87.00415278, 21.56765675 ] ] ], [ [ [ -87.0228062, 21.57378118 ], [ -87.01996703, 21.57243408 ], [ -87.01913163, 21.56956338 ], [ -87.02547829, 21.57385889 ], [ -87.0228062, 21.57378118 ] ] ], [ [ [ -87.0857472, 21.58941369 ], [ -87.01030511, 21.55744331 ], [ -86.9748272, 21.51054242 ], [ -86.97020446, 21.53133282 ], [ -86.99005475, 21.54328178 ], [ -86.99765943, 21.54135403 ], [ -86.992788999, 21.56223469 ], [ -86.97592669, 21.54760231 ], [ -86.95245548, 21.48859492 ], [ -86.88673622, 21.4035462 ], [ -86.85091626, 21.25586185 ], [ -86.823467594, 21.243991579 ], [ -86.836884424, 21.272547731 ], [ -86.821106103, 21.281781602 ], [ -86.821325118, 21.315974601 ], [ -86.792542729, 21.342364275 ], [ -86.82792069, 21.41299805 ], [ -86.80983472, 21.41290528 ], [ -86.79921974, 21.38879886 ], [ -86.79505408, 21.38591809 ], [ -86.795804794, 21.412256633 ], [ -86.79040003, 21.345641 ], [ -86.81573766, 21.28680111 ], [ -86.799785001, 21.239198811 ], [ -86.80691369, 21.17949108 ], [ -86.78810602, 21.14347509 ], [ -86.74059942, 21.13489645 ], [ -86.770256669, 21.084823853 ], [ -86.77862886, 21.03253498 ], [ -86.81296835, 21.02305425 ], [ -86.87792508, 20.84140183 ], [ -86.94045323, 20.78232922 ], [ -86.9627316, 20.73009 ], [ -87.01024258, 20.70237411 ], [ -87.098851635, 20.592633916 ], [ -87.28223963, 20.44606306 ], [ -87.367573614, 20.285954076 ], [ -87.424359548, 20.224189126 ], [ -87.478031984, 20.076008911 ], [ -87.476231243, 19.99920089 ], [ -87.45247148, 19.93323965 ], [ -87.435980221, 19.927031878 ], [ -87.432138819, 19.908241115 ], [ -87.429935971, 19.886185419 ], [ -87.448558402, 19.839048281 ], [ -87.47386708, 19.81875349 ], [ -87.469623184, 19.780233009 ], [ -87.48719103, 19.80129603 ], [ -87.472498, 19.83583646 ], [ -87.45202008, 19.83697523 ], [ -87.43116075, 19.8882608 ], [ -87.43531368, 19.91523194 ], [ -87.46740129, 19.94507294 ], [ -87.463554013, 19.893846 ], [ -87.44745062, 19.89020582 ], [ -87.45937394, 19.85839105 ], [ -87.474333066, 19.855268965 ], [ -87.49772294, 19.80690363 ], [ -87.545241343, 19.79572628 ], [ -87.554598665, 19.808471957 ], [ -87.578656205, 19.790261109 ], [ -87.64280948, 19.688030731 ], [ -87.652858865, 19.649998384 ], [ -87.66677943, 19.61648812 ], [ -87.68939568, 19.62622469 ], [ -87.66068502, 19.63426271 ], [ -87.6491, 19.6881 ], [ -87.742233896, 19.663731272 ], [ -87.74847246, 19.59947998 ], [ -87.70758066, 19.57306003 ], [ -87.701992136, 19.550209404 ], [ -87.676779945, 19.569362684 ], [ -87.66935709, 19.53755072 ], [ -87.677725226, 19.537866076 ], [ -87.68644476, 19.533043504 ], [ -87.687240305, 19.530473384 ], [ -87.6638, 19.5294 ], [ -87.6695, 19.501 ], [ -87.61007668, 19.55410018 ], [ -87.55041669, 19.56609945 ], [ -87.53146115, 19.56196375 ], [ -87.5257, 19.5405 ], [ -87.4924, 19.5707 ], [ -87.5099, 19.5764 ], [ -87.5047884, 19.59013198 ], [ -87.495400001, 19.5858 ], [ -87.4517, 19.596 ], [ -87.4544544, 19.64801717 ], [ -87.410056795, 19.598173373 ], [ -87.44020252, 19.46903051 ], [ -87.528476844, 19.393996046 ], [ -87.545577243, 19.391349466 ], [ -87.549616864, 19.393615883 ], [ -87.55506491, 19.39144143 ], [ -87.56475758, 19.3941852 ], [ -87.54146752, 19.39992035 ], [ -87.547895509, 19.418572647 ], [ -87.541823422, 19.420229763 ], [ -87.539371784, 19.425808806 ], [ -87.535737158, 19.428188267 ], [ -87.535443056, 19.428608123 ], [ -87.535543083, 19.429045395 ], [ -87.60532, 19.39671148 ], [ -87.63595548, 19.37343391 ], [ -87.669072141, 19.295181798 ], [ -87.6598, 19.2668 ], [ -87.68613651, 19.22045882 ], [ -87.67081714, 19.18985389 ], [ -87.63775858, 19.17715428 ], [ -87.57782272, 19.269845 ], [ -87.599772848, 19.242674625 ], [ -87.61198783, 19.24012188 ], [ -87.55621098, 19.29609082 ], [ -87.48925428, 19.326387101 ], [ -87.445328398, 19.311991919 ], [ -87.53724329, 19.20797623 ], [ -87.549035992, 19.086222339 ], [ -87.62743211, 18.93966074 ], [ -87.66934922, 18.7633806 ], [ -87.72523051, 18.66854383 ], [ -87.740626762, 18.53902254 ], [ -87.761908361, 18.497320395 ], [ -87.763791636, 18.418316774 ], [ -87.827875449, 18.310543527 ], [ -87.84429468, 18.19094005 ], [ -87.86751131, 18.18823866 ], [ -87.90242566, 18.14269225 ], [ -87.92545257, 18.16023582 ], [ -88.03029889, 18.16036109 ], [ -88.03036589, 18.41479429 ], [ -88.24963365, 18.41555245 ], [ -88.25009437, 18.47307229 ], [ -88.3268526, 18.49017669 ], [ -88.38013297, 18.47894635 ], [ -88.40239546, 18.49665848 ], [ -88.4471414, 18.47559157 ], [ -88.47642314, 18.49467437 ], [ -88.52058737, 18.45925002 ], [ -88.55163751, 18.37614815 ], [ -88.54438475, 18.36002445 ], [ -88.6058316, 18.29174105 ], [ -88.6155444, 18.22327809 ], [ -88.69756392, 18.18241858 ], [ -88.68008882, 18.16018489 ], [ -88.71860802, 18.10882938 ], [ -88.71668662, 18.06052631 ], [ -88.76665174, 18.03429823 ], [ -88.78445535, 17.97986083 ], [ -88.8594348, 17.92519106 ], [ -88.85976617, 17.89446135 ], [ -88.91368211, 17.91059455 ], [ -88.94477968, 17.95912992 ], [ -88.98722386, 17.94728431 ], [ -89.00062069, 17.98442906 ], [ -89.03752071, 18.00512169 ], [ -89.13270526, 17.97203412 ], [ -89.15195663, 17.94025691 ], [ -89.15217009, 17.95360998 ], [ -89.20587205, 17.95409972 ], [ -89.20673894, 18.02107995 ], [ -89.16300383, 18.01851731 ], [ -89.16336069, 18.05788512 ], [ -89.14475354, 18.05769908 ], [ -89.14438286, 18.08244294 ], [ -89.20245778, 18.08327622 ], [ -89.20023665, 18.14462934 ], [ -89.14306597, 18.1458196 ], [ -89.14287263, 18.22416383 ], [ -89.15805868, 18.22132698 ], [ -89.15167366, 18.29356263 ], [ -89.13235954, 18.29340265 ], [ -89.13821406, 18.38554389 ], [ -89.1212292, 18.38584963 ], [ -89.12549018, 18.45062542 ], [ -89.15023782, 18.4510594 ], [ -89.15574225, 18.75311475 ], [ -89.14438185, 18.75591874 ], [ -89.13581978, 19.13237266 ], [ -89.14695143, 19.13315666 ], [ -89.14666685, 19.42386165 ], [ -89.29656182, 19.55117409 ], [ -89.21955657, 19.60802225 ], [ -89.22286874, 19.63665697 ], [ -89.19024963, 19.63331774 ], [ -89.18920314, 19.64400594 ], [ -89.14486169, 19.63739872 ], [ -89.14952065, 19.58124934 ], [ -89.10902446, 19.58234938 ], [ -89.10839168, 19.61233849 ], [ -89.1336406, 19.61463203 ], [ -89.12339852, 19.70342415 ], [ -89.03620046, 19.67803952 ], [ -89.03052363, 19.70883175 ], [ -88.99752938, 19.70488389 ], [ -88.99474128, 19.7274396 ], [ -89.04882706, 19.72149332 ], [ -89.02516298, 19.77670968 ], [ -89.00408743, 19.7720074 ], [ -88.99946797, 19.79799438 ], [ -88.97445177, 19.81810083 ], [ -88.94385214, 19.81344278 ], [ -88.94543375, 19.79194632 ], [ -88.92951246, 19.79094855 ], [ -88.91110397, 19.80093758 ], [ -88.90048802, 19.86111402 ], [ -88.87912483, 19.86239323 ], [ -88.88019154, 19.87812488 ], [ -88.82592634, 19.87992558 ], [ -88.82943672, 19.9060146 ], [ -88.81650329, 19.90447352 ], [ -88.78350258, 20.00818018 ], [ -88.70017617, 20.01035672 ], [ -88.69060891, 20.08985612 ], [ -88.57668155, 20.14807831 ], [ -88.5076212, 20.14339109 ], [ -88.50234525, 20.19007795 ], [ -88.519929952, 20.192328033 ], [ -88.443426183, 20.238149784 ], [ -88.402892004, 20.239488884 ], [ -88.409127743, 20.252097323 ], [ -88.30878843, 20.25351003 ], [ -88.26681495, 20.26912032 ], [ -88.2646342, 20.29034203 ], [ -88.1364896, 20.28137178 ], [ -87.992960031, 20.41799292 ], [ -87.995065451, 20.447316431 ], [ -87.96274205, 20.44670603 ], [ -87.74425948, 20.653787091 ], [ -87.53314528, 20.99960214 ], [ -87.53491291, 21.49022245 ], [ -87.48833323, 21.48518314 ], [ -87.47324382, 21.45722588 ], [ -87.43108645, 21.46857194 ], [ -87.34109597, 21.43226635 ], [ -87.27212977, 21.43234112 ], [ -87.27386432, 21.44328422 ], [ -87.23246218, 21.41861078 ], [ -87.21563982, 21.44326157 ], [ -87.18837452, 21.43970677 ], [ -87.15837518, 21.463253 ], [ -87.11173191, 21.47122105 ], [ -87.099089196, 21.532603341 ], [ -87.12870934, 21.55453734 ], [ -87.0857472, 21.58941369 ] ] ], [ [ [ -87.03398034, 21.58584495 ], [ -86.99998582, 21.57138035 ], [ -86.99251306, 21.56399611 ], [ -87.02312262, 21.58021835 ], [ -87.03031278, 21.57461655 ], [ -87.03398034, 21.58584495 ] ] ], [ [ [ -87.10253137, 21.60541909 ], [ -87.05749266, 21.59268582 ], [ -87.0492774, 21.58962142 ], [ -87.04618445, 21.58513409 ], [ -87.10606786, 21.60127708 ], [ -87.12953323, 21.56836409 ], [ -87.157909386, 21.562169058 ], [ -87.15131191, 21.55710785 ], [ -87.16653072, 21.55632428 ], [ -87.20857832, 21.52059423 ], [ -87.22288574, 21.51653257 ], [ -87.207037759, 21.525965352 ], [ -87.26160419, 21.529834531 ], [ -87.28984642, 21.51112331 ], [ -87.328522864, 21.54915751 ], [ -87.371829905, 21.509781858 ], [ -87.397251075, 21.511242609 ], [ -87.33492195, 21.56617992 ], [ -87.28092651, 21.54148531 ], [ -87.22119065, 21.54371592 ], [ -87.10253137, 21.60541909 ] ] ] ] } },
{ "type": "Feature", "properties": { "cvegeo": "24", "cve_ent": "24", "nomgeo_inegi": "San Luis Potosí", "nom_abrev": "SLP", "pob_total": "2822255", "pob_femenina": "1449804", "pob_masculina": "1372451", "total_viviendas_habitadas": "775016", "estado_csv": "San Luis Potosí" }, "geometry": { "type": "Polygon", "coordinates": [ [ [ -100.68521777, 24.46974286 ], [ -100.60353334, 24.40130006 ], [ -100.59993552, 24.34879105 ], [ -100.63306648, 24.22598025 ], [ -100.58509291, 24.22392543 ], [ -100.59351254, 24.17820025 ], [ -100.61339989, 24.17394418 ], [ -100.51682749, 24.13989668 ], [ -100.51958002, 24.11838234 ], [ -100.53868326, 24.11851603 ], [ -100.523759, 24.07145495 ], [ -100.56240162, 23.91964108 ], [ -100.5467678, 23.91743662 ], [ -100.53984562, 23.88839306 ], [ -100.55029869, 23.84220258 ], [ -100.52552995, 23.83952591 ], [ -100.52879143, 23.81635263 ], [ -100.49760172, 23.79871269 ], [ -100.49770628, 23.73630971 ], [ -100.46648328, 23.68894103 ], [ -100.44710043, 23.69653452 ], [ -100.4498446, 23.65600894 ], [ -100.47737863, 23.63381869 ], [ -100.49163689, 23.56861251 ], [ -100.46954495, 23.56678311 ], [ -100.45917611, 23.51156611 ], [ -100.49416868, 23.5284064 ], [ -100.51721132, 23.42104285 ], [ -100.45708325, 23.3664096 ], [ -100.47984968, 23.19436535 ], [ -100.33175794, 23.16268318 ], [ -100.3235152, 23.19562745 ], [ -100.36376431, 23.18900538 ], [ -100.37431657, 23.26532382 ], [ -100.30625694, 23.26094212 ], [ -100.27843498, 23.3103684 ], [ -100.20636423, 23.30710886 ], [ -100.22823651, 23.25047615 ], [ -100.10381335, 23.23153538 ], [ -100.118286169, 23.200545311 ], [ -100.11559726, 23.12598989 ], [ -100.068742969, 23.12115626 ], [ -100.06902911, 23.09594178 ], [ -100.01125222, 23.06392058 ], [ -100.06209742, 23.03984366 ], [ -100.07165578, 22.9973572 ], [ -100.09745531, 23.01309097 ], [ -100.08942102, 22.96875748 ], [ -100.11084695, 22.97571897 ], [ -100.11038363, 22.91671442 ], [ -100.04423908, 22.9178924 ], [ -100.0293842, 22.82439355 ], [ -100.1019204, 22.76279275 ], [ -100.09405994, 22.75126517 ], [ -100.02234326, 22.72592455 ], [ -99.95695814, 22.75166652 ], [ -99.88239698, 22.74986231 ], [ -99.842819, 22.7305572 ], [ -99.84792357, 22.67843511 ], [ -99.81402898, 22.66076578 ], [ -99.72408517, 22.6596084 ], [ -99.68253546, 22.68112471 ], [ -99.56063829, 22.64122049 ], [ -99.53469191, 22.61276465 ], [ -99.49453637, 22.62086863 ], [ -99.54432738, 22.74414015 ], [ -99.49678851, 22.74849795 ], [ -99.47712683, 22.74063722 ], [ -99.44205288, 22.66361571 ], [ -99.38555311, 22.67026846 ], [ -99.37320048, 22.62907768 ], [ -99.32961768, 22.63488778 ], [ -99.23683875, 22.412862 ], [ -99.06039945, 22.41526852 ], [ -98.93197272, 22.39277514 ], [ -98.92554486, 22.37174678 ], [ -98.88999725, 22.35509351 ], [ -98.87228949, 22.36741298 ], [ -98.82146732, 22.3562558 ], [ -98.75801949, 22.36653257 ], [ -98.67666158, 22.40893285 ], [ -98.6815466, 22.37157486 ], [ -98.57931582, 22.37775694 ], [ -98.57929065, 22.34862811 ], [ -98.53521452, 22.33787831 ], [ -98.47590838, 22.2886398 ], [ -98.44665903, 22.30562128 ], [ -98.43037152, 22.27460292 ], [ -98.39637811, 22.27626191 ], [ -98.40509331, 22.25607629 ], [ -98.36813668, 22.25537311 ], [ -98.37455585, 22.2360794 ], [ -98.32596705, 22.2430528 ], [ -98.35226122, 22.22279878 ], [ -98.33041318, 22.20134445 ], [ -98.33654502, 22.18769325 ], [ -98.43201672, 22.12826538 ], [ -98.43873706, 22.11191494 ], [ -98.41882506, 22.09801922 ], [ -98.43945212, 22.07564709 ], [ -98.43464922, 22.05166902 ], [ -98.45954448, 21.99516906 ], [ -98.48147637, 21.99051403 ], [ -98.46880577, 21.96460132 ], [ -98.49320337, 21.9604116 ], [ -98.52200037, 21.97943068 ], [ -98.55066502, 21.96075006 ], [ -98.57883911, 21.96609225 ], [ -98.56601985, 21.93764442 ], [ -98.51559734, 21.95126783 ], [ -98.50314566, 21.93662642 ], [ -98.50045225, 21.92314852 ], [ -98.54384705, 21.93211746 ], [ -98.54587423, 21.91734794 ], [ -98.51079751, 21.90869705 ], [ -98.52020095, 21.89698634 ], [ -98.53820297, 21.90580822 ], [ -98.54803354, 21.86010509 ], [ -98.52885838, 21.86317512 ], [ -98.51448114, 21.82389343 ], [ -98.48632045, 21.83626851 ], [ -98.49311892, 21.81394032 ], [ -98.47503829, 21.81419205 ], [ -98.45470011, 21.76642669 ], [ -98.46759695, 21.77069814 ], [ -98.47692418, 21.74521926 ], [ -98.50421892, 21.73804809 ], [ -98.49894622, 21.72724278 ], [ -98.5166742, 21.71685051 ], [ -98.53741051, 21.72062425 ], [ -98.52053169, 21.71023146 ], [ -98.53074157, 21.69727454 ], [ -98.54384057, 21.72339388 ], [ -98.56743471, 21.71736774 ], [ -98.55825548, 21.68767186 ], [ -98.57920063, 21.67194778 ], [ -98.62199697, 21.68238257 ], [ -98.60947048, 21.66722909 ], [ -98.64363069, 21.63168171 ], [ -98.621127, 21.62782215 ], [ -98.62574666, 21.58545605 ], [ -98.60224742, 21.54043082 ], [ -98.53225586, 21.50113952 ], [ -98.51691306, 21.46070171 ], [ -98.52163645, 21.40474854 ], [ -98.50335243, 21.39145188 ], [ -98.5114258, 21.36251314 ], [ -98.54956648, 21.38459843 ], [ -98.59923695, 21.35842537 ], [ -98.64404665, 21.36653946 ], [ -98.65275015, 21.34684418 ], [ -98.68358274, 21.34196394 ], [ -98.59548114, 21.28457488 ], [ -98.61797655, 21.19428488 ], [ -98.65069558, 21.18093648 ], [ -98.68266006, 21.20063786 ], [ -98.70182009, 21.16077114 ], [ -98.70523314, 21.18719683 ], [ -98.72766077, 21.179549421 ], [ -98.74161826, 21.19276049 ], [ -98.77292138, 21.171968771 ], [ -98.8081432, 21.19324491 ], [ -98.78879543, 21.16638558 ], [ -98.82118808, 21.16040015 ], [ -98.8573998, 21.189264221 ], [ -98.88265882, 21.17961088 ], [ -98.94496075, 21.31133658 ], [ -99.04345338, 21.27943302 ], [ -99.08299075, 21.29634689 ], [ -99.10434535, 21.28959786 ], [ -99.12755889, 21.31833655 ], [ -99.10294885, 21.32119443 ], [ -99.13782958, 21.32979189 ], [ -99.12945552, 21.36204625 ], [ -99.09262075, 21.36336048 ], [ -99.1422822, 21.53543955 ], [ -99.12829737, 21.58981705 ], [ -99.17189551, 21.62703148 ], [ -99.18817506, 21.67000543 ], [ -99.21769755, 21.66664648 ], [ -99.24349645, 21.61505717 ], [ -99.28071705, 21.60790337 ], [ -99.27440191, 21.56532326 ], [ -99.30548865, 21.53291429 ], [ -99.37590685, 21.54793058 ], [ -99.371976218, 21.50710409 ], [ -99.38670817, 21.50037294 ], [ -99.40464617, 21.42892618 ], [ -99.43570815, 21.44983325 ], [ -99.4691292, 21.44675565 ], [ -99.503814, 21.418563 ], [ -99.5529004, 21.42906872 ], [ -99.5493452, 21.44706772 ], [ -99.62580078, 21.50730191 ], [ -99.65954197, 21.56794523 ], [ -99.7467432, 21.57836329 ], [ -99.74929226, 21.52317348 ], [ -99.79177546, 21.47481789 ], [ -99.81707412, 21.46169082 ], [ -99.83918135, 21.46238563 ], [ -99.83492889, 21.47811595 ], [ -99.86377538, 21.47431029 ], [ -99.90517412, 21.44815915 ], [ -99.94316878, 21.46178377 ], [ -99.94233312, 21.44961982 ], [ -99.95934602, 21.48351374 ], [ -99.94570529, 21.49743169 ], [ -99.9651106, 21.50512138 ], [ -99.95682229, 21.52622708 ], [ -100.06227605, 21.52330548 ], [ -100.07584369, 21.55793168 ], [ -100.1471948, 21.61812531 ], [ -100.17144305, 21.60126634 ], [ -100.17963474, 21.65079049 ], [ -100.24631149, 21.6649326 ], [ -100.27213546, 21.68734698 ], [ -100.43504425, 21.68271846 ], [ -100.4856852, 21.59527703 ], [ -100.46070198, 21.57121002 ], [ -100.46108028, 21.54533485 ], [ -100.53395002, 21.54232683 ], [ -100.614955, 21.50578917 ], [ -100.61429931, 21.53313455 ], [ -100.63544732, 21.54319163 ], [ -100.65745608, 21.52471797 ], [ -100.68116792, 21.5475046 ], [ -100.71763023, 21.55023151 ], [ -100.7343438, 21.57872654 ], [ -100.80949611, 21.59204983 ], [ -100.85767825, 21.61898658 ], [ -100.83432149, 21.66455878 ], [ -100.86514988, 21.6870796 ], [ -100.87011218, 21.67249352 ], [ -100.90718337, 21.6816368 ], [ -100.92127346, 21.70027357 ], [ -100.91257757, 21.71364874 ], [ -100.98197437, 21.75352735 ], [ -101.05924797, 21.76552074 ], [ -101.16126698, 21.75750592 ], [ -101.21979463, 21.80220038 ], [ -101.21715234, 21.81607703 ], [ -101.28968546, 21.81213978 ], [ -101.31948394, 21.83533445 ], [ -101.4738734, 21.82739102 ], [ -101.49633125, 21.80993966 ], [ -101.50351528, 21.83012398 ], [ -101.48319623, 21.86768078 ], [ -101.44067483, 21.89271623 ], [ -101.44180286, 21.90933783 ], [ -101.43459592, 21.89706506 ], [ -101.41022762, 21.90869354 ], [ -101.42917286, 21.93436114 ], [ -101.37336572, 21.99024935 ], [ -101.32651029, 21.99972805 ], [ -101.35243929, 22.01308158 ], [ -101.34857245, 22.02807112 ], [ -101.32720848, 22.02149805 ], [ -101.351675, 22.04378915 ], [ -101.36569229, 22.01854843 ], [ -101.38275537, 22.02073791 ], [ -101.36973832, 22.02751725 ], [ -101.37707837, 22.04496214 ], [ -101.34658728, 22.04969008 ], [ -101.35423974, 22.07173529 ], [ -101.32774498, 22.14411206 ], [ -101.35130594, 22.17675966 ], [ -101.32425315, 22.20989346 ], [ -101.37680382, 22.26165583 ], [ -101.41625892, 22.26734554 ], [ -101.39143495, 22.29990188 ], [ -101.43512542, 22.34153398 ], [ -101.43297235, 22.36327674 ], [ -101.38191055, 22.35748508 ], [ -101.37478575, 22.45645837 ], [ -101.31372634, 22.45349017 ], [ -101.28572638, 22.50785565 ], [ -101.30570908, 22.60993031 ], [ -101.33693697, 22.65875605 ], [ -101.35937609, 22.65353294 ], [ -101.38001825, 22.67583492 ], [ -101.34923392, 22.71177929 ], [ -101.411077079, 22.74768069 ], [ -101.490964539, 22.74287735 ], [ -101.4970036, 22.70154102 ], [ -101.567398, 22.65677632 ], [ -101.57382102, 22.61281611 ], [ -101.59528732, 22.62407249 ], [ -101.59008315, 22.58903575 ], [ -101.65990646, 22.5053204 ], [ -101.69601849, 22.52042211 ], [ -101.74617508, 22.50869326 ], [ -101.73536075, 22.48021495 ], [ -101.77153529, 22.48816332 ], [ -101.78336074, 22.46503383 ], [ -101.83714105, 22.49969214 ], [ -101.81989152, 22.55129471 ], [ -101.87295771, 22.56307335 ], [ -101.85328423, 22.65602511 ], [ -101.93975603, 22.64572549 ], [ -102.12489688, 22.7829522 ], [ -102.19213177, 22.86490206 ], [ -102.23808165, 23.04764388 ], [ -102.26005097, 23.04591551 ], [ -102.21415463, 23.13131986 ], [ -102.24097403, 23.16938043 ], [ -102.23945771, 23.20949329 ], [ -102.28936898, 23.23169094 ], [ -102.28582548, 23.27332014 ], [ -102.24467212, 23.27676875 ], [ -102.23159685, 23.31511635 ], [ -102.26953366, 23.27991288 ], [ -102.29603842, 23.32050129 ], [ -102.25361148, 23.36495589 ], [ -102.23815031, 23.44690143 ], [ -102.19361522, 23.44759911 ], [ -102.19134226, 23.40138792 ], [ -102.16861497, 23.39890752 ], [ -102.16879912, 23.36102565 ], [ -102.12253246, 23.35386009 ], [ -102.01194383, 23.37274855 ], [ -101.77512245, 23.44762935 ], [ -101.19250495, 23.91855914 ], [ -101.21674638, 24.15973191 ], [ -101.06540152, 24.20702111 ], [ -101.01268868, 24.39081914 ], [ -100.98732705, 24.43251932 ], [ -101.00986828, 24.38511737 ], [ -101.00667463, 24.33583478 ], [ -100.94528598, 24.28119589 ], [ -100.85038308, 24.34353854 ], [ -100.71121009, 24.49152183 ], [ -100.68521777, 24.46974286 ] ] ] } },
{ "type": "Feature", "properties": { "cvegeo": "25", "cve_ent": "25", "nomgeo_inegi": "Sinaloa", "nom_abrev": "Sin.", "pob_total": "3026943", "pob_femenina": "1532128", "pob_masculina": "1494815", "total_viviendas_habitadas": "855271", "estado_csv": "Sinaloa" }, "geometry": { "type": "MultiPolygon", "coordinates": [ [ [ [ -106.412928724, 23.173039033 ], [ -106.413167974, 23.173076812 ], [ -106.41321544, 23.173327664 ], [ -106.412921153, 23.173295217 ], [ -106.412928724, 23.173039033 ] ] ], [ [ [ -106.403782136, 23.180260294 ], [ -106.40282074, 23.179729302 ], [ -106.403946937, 23.178402061 ], [ -106.404472813, 23.179950716 ], [ -106.403782136, 23.180260294 ] ] ], [ [ [ -106.439964197, 23.185171912 ], [ -106.439141152, 23.184321948 ], [ -106.440635141, 23.18377679 ], [ -106.4406077, 23.184676087 ], [ -106.439964197, 23.185171912 ] ] ], [ [ [ -106.436089909, 23.186838068 ], [ -106.436676927, 23.187179545 ], [ -106.436575623, 23.187748982 ], [ -106.435877508, 23.187535613 ], [ -106.436089909, 23.186838068 ] ] ], [ [ [ -106.465415684, 23.223098966 ], [ -106.467224709, 23.222319278 ], [ -106.463549676, 23.227724892 ], [ -106.462995931, 23.225243797 ], [ -106.465415684, 23.223098966 ] ] ], [ [ [ -106.464668219, 23.237078269 ], [ -106.462314149, 23.230907863 ], [ -106.464033097, 23.22779588 ], [ -106.471302032, 23.234100926 ], [ -106.464668219, 23.237078269 ] ] ], [ [ [ -106.475181031, 23.258430977 ], [ -106.473557364, 23.251549573 ], [ -106.479497189, 23.250355599 ], [ -106.479389772, 23.256660636 ], [ -106.475181031, 23.258430977 ] ] ], [ [ [ -108.366656911, 25.158080616 ], [ -108.354127161, 25.161845096 ], [ -108.368731856, 25.148869485 ], [ -108.372009665, 25.152197191 ], [ -108.37349592, 25.153087939 ], [ -108.376306569, 25.15692536 ], [ -108.377784498, 25.158204038 ], [ -108.377060729, 25.167000397 ], [ -108.371692135, 25.157132419 ], [ -108.363030154, 25.168616161 ], [ -108.366656911, 25.158080616 ] ] ], [ [ [ -108.378882569, 25.169462957 ], [ -108.380696714, 25.161207326 ], [ -108.378545288, 25.160136244 ], [ -108.377668898, 25.157763947 ], [ -108.374326493, 25.153876674 ], [ -108.372995636, 25.152575253 ], [ -108.372103617, 25.152149978 ], [ -108.368867965, 25.148820569 ], [ -108.384055488, 25.160242171 ], [ -108.38094349, 25.181634584 ], [ -108.378882569, 25.169462957 ] ] ], [ [ [ -108.374929653, 25.173483892 ], [ -108.376117449, 25.167922053 ], [ -108.379171451, 25.171507655 ], [ -108.38068631, 25.180585857 ], [ -108.379766753, 25.183650827 ], [ -108.374929653, 25.173483892 ] ] ], [ [ [ -108.47551446, 27.0399452 ], [ -108.40964045, 27.01340495 ], [ -108.35010994, 27.02255443 ], [ -108.33332622, 27.00459631 ], [ -108.31655805, 27.03448835 ], [ -108.28601014, 27.01247065 ], [ -108.250447599, 27.04103149 ], [ -108.1942744, 27.03195335 ], [ -108.18152402, 26.99410992 ], [ -108.23501571, 26.95861985 ], [ -108.23023691, 26.90572458 ], [ -108.20971749, 26.88543765 ], [ -108.20739018, 26.90600008 ], [ -108.18391557, 26.899738 ], [ -108.17454863, 26.88146483 ], [ -108.14310155, 26.90788414 ], [ -108.14424735, 26.86764932 ], [ -108.09410725, 26.87046368 ], [ -108.02682085, 26.79846637 ], [ -108.03764905, 26.7697808 ], [ -108.00570074, 26.7610488 ], [ -108.01923097, 26.73066675 ], [ -108.01174663, 26.68948243 ], [ -108.08160345, 26.64199383 ], [ -108.03180954, 26.61592435 ], [ -107.96101675, 26.5269554 ], [ -107.95726531, 26.49374395 ], [ -107.9856226, 26.47209977 ], [ -107.96963911, 26.47016786 ], [ -108.01279702, 26.43904806 ], [ -107.85626457, 26.22603512 ], [ -107.8409092, 26.18355402 ], [ -107.78892391, 26.16861378 ], [ -107.78069046, 26.13693758 ], [ -107.75517215, 26.13451245 ], [ -107.73871603, 26.16723969 ], [ -107.71107551, 26.17441306 ], [ -107.63574957, 26.15457805 ], [ -107.58202728, 26.17064012 ], [ -107.5432774, 26.14634894 ], [ -107.52001998, 26.10422717 ], [ -107.43104269, 26.14285992 ], [ -107.3465278, 26.10952312 ], [ -107.3048898, 26.07640243 ], [ -107.30669172, 26.04878415 ], [ -107.27634626, 26.00197654 ], [ -107.29612822, 25.9247934 ], [ -107.05790477, 25.75736797 ], [ -107.06422371, 25.71907409 ], [ -107.04312662, 25.69769878 ], [ -107.01068003, 25.69145938 ], [ -106.99029875, 25.71492406 ], [ -106.96532269, 25.69787858 ], [ -106.96693982, 25.66833082 ], [ -106.99439586, 25.66179482 ], [ -106.97329046, 25.62957043 ], [ -107.12456486, 25.55041438 ], [ -107.17387949, 25.55655257 ], [ -107.17811732, 25.51517637 ], [ -107.13929497, 25.48956486 ], [ -107.15869055, 25.44199214 ], [ -107.21013223, 25.41710051 ], [ -107.1715508, 25.32635788 ], [ -107.20781657, 25.33156423 ], [ -107.15720275, 25.26176498 ], [ -107.121057119, 25.24311122 ], [ -107.148774799, 25.22454814 ], [ -107.124918549, 25.18663983 ], [ -107.12989163, 25.0531388 ], [ -107.063571289, 25.02525535 ], [ -107.01834391, 24.93361737 ], [ -107.02105288, 24.90990828 ], [ -107.00057543, 24.92824102 ], [ -106.93450765, 24.88053585 ], [ -106.927080259, 24.86662438 ], [ -106.951418109, 24.85902372 ], [ -106.93066257, 24.82091668 ], [ -106.86585288, 24.82295534 ], [ -106.70594837, 24.66526166 ], [ -106.64546066, 24.52897946 ], [ -106.622607, 24.52489668 ], [ -106.63006708, 24.50650314 ], [ -106.5600158, 24.47271062 ], [ -106.56927602, 24.43702058 ], [ -106.60158831, 24.41456585 ], [ -106.51709355, 24.28698426 ], [ -106.46965466, 24.27785695 ], [ -106.36754466, 24.3019408 ], [ -106.33632982, 24.35569532 ], [ -106.26886942, 24.37475529 ], [ -106.1699752, 24.33365018 ], [ -106.15253962, 24.33877037 ], [ -106.07453954, 24.26942209 ], [ -106.06994835, 24.22020058 ], [ -106.04388357, 24.22085035 ], [ -105.989724, 24.11439017 ], [ -106.00788345, 24.07250663 ], [ -105.99871974, 24.04338314 ], [ -105.91213585, 23.99753386 ], [ -105.90846158, 23.98342663 ], [ -105.94541506, 23.94802569 ], [ -105.8999194, 23.94392129 ], [ -105.85758795, 23.89929615 ], [ -105.86724132, 23.87524298 ], [ -105.95366198, 23.90858458 ], [ -105.96126557, 23.84074215 ], [ -105.923062908, 23.747753773 ], [ -105.906093347, 23.739398853 ], [ -105.926633749, 23.684135663 ], [ -105.892655378, 23.552645281 ], [ -105.88431791, 23.59039386 ], [ -105.85359602, 23.5972876 ], [ -105.84518582, 23.58369483 ], [ -105.84551602, 23.60325554 ], [ -105.81164389, 23.61102855 ], [ -105.76930223, 23.55646531 ], [ -105.76033858, 23.50295929 ], [ -105.72344478, 23.47484014 ], [ -105.73886463, 23.44520551 ], [ -105.70028875, 23.42017058 ], [ -105.73068966, 23.37489729 ], [ -105.69400474, 23.34056922 ], [ -105.68708411, 23.28752002 ], [ -105.6432084, 23.27647909 ], [ -105.62971252, 23.20229452 ], [ -105.64617926, 23.14889058 ], [ -105.62396957, 23.12238809 ], [ -105.55430908, 23.09888666 ], [ -105.50403375, 23.12772942 ], [ -105.42442738, 23.12029232 ], [ -105.39222, 23.08515748 ], [ -105.41299649, 23.0740992 ], [ -105.40895034, 23.02364082 ], [ -105.43259457, 23.0239688 ], [ -105.45331135, 22.9774018 ], [ -105.50126392, 22.95856005 ], [ -105.47121991, 22.88328595 ], [ -105.48420129, 22.85870297 ], [ -105.47458863, 22.85141602 ], [ -105.52477223, 22.77476989 ], [ -105.49806385, 22.65139075 ], [ -105.46396311, 22.65923831 ], [ -105.47268062, 22.627185 ], [ -105.45045862, 22.62675548 ], [ -105.4559864, 22.59873909 ], [ -105.437599823, 22.584911821 ], [ -105.43629463, 22.53832149 ], [ -105.4608368, 22.508568111 ], [ -105.474060288, 22.50290043 ], [ -105.50317935, 22.52768186 ], [ -105.53359632, 22.51503123 ], [ -105.55251692, 22.53912677 ], [ -105.59828823, 22.53667114 ], [ -105.60047658, 22.5588878 ], [ -105.64215842, 22.59388865 ], [ -105.63921298, 22.57698458 ], [ -105.66056203, 22.58636298 ], [ -105.70007211, 22.56389823 ], [ -105.67264931, 22.47409498 ], [ -105.71411626, 22.47494606 ], [ -105.80937415, 22.637049385 ], [ -105.874265111, 22.711379181 ], [ -105.95820522, 22.78610255 ], [ -106.034497301, 22.829658312 ], [ -106.181975856, 22.998558029 ], [ -106.3413588, 23.14055068 ], [ -106.398187434, 23.183932222 ], [ -106.42999042, 23.17657837 ], [ -106.421897232, 23.215911278 ], [ -106.493899132, 23.304030784 ], [ -106.48034035, 23.31454362 ], [ -106.485479189, 23.333760288 ], [ -106.695465288, 23.569658983 ], [ -106.810923258, 23.652739742 ], [ -106.795710412, 23.68320414 ], [ -106.88176457, 23.79528475 ], [ -106.8933, 23.8417 ], [ -107.218995625, 24.121427869 ], [ -107.405210819, 24.23201394 ], [ -107.649449508, 24.40699551 ], [ -107.820581848, 24.500689902 ], [ -107.840792784, 24.550312511 ], [ -107.984796556, 24.639825002 ], [ -108.018925284, 24.681640869 ], [ -108.026211584, 24.736254865 ], [ -108.090789521, 24.816136037 ], [ -108.117995797, 24.82857746 ], [ -108.227836873, 25.018253814 ], [ -108.34229224, 25.111496736 ], [ -108.334372025, 25.12478519 ], [ -108.35745288, 25.169193831 ], [ -108.45028158, 25.2566036 ], [ -108.646912403, 25.342096945 ], [ -108.801471555, 25.373640588 ], [ -108.927753599, 25.424921171 ], [ -109.021030309, 25.438291919 ], [ -109.11922312, 25.544999311 ], [ -109.161744704, 25.561768461 ], [ -109.228055523, 25.626784854 ], [ -109.297887945, 25.645392239 ], [ -109.397104874, 25.638497267 ], [ -109.3905, 25.669600002 ], [ -109.432276872, 25.805945483 ], [ -109.421561428, 25.870730357 ], [ -109.443851387, 25.959405239 ], [ -109.406642693, 26.058835614 ], [ -109.310287549, 26.20249469 ], [ -109.287918772, 26.278135782 ], [ -109.25832414, 26.319928431 ], [ -109.210111689, 26.34317002 ], [ -109.164943139, 26.306847341 ], [ -109.125238219, 26.297014341 ], [ -109.006443489, 26.402369891 ], [ -108.93652231, 26.39018026 ], [ -108.91011502, 26.42171452 ], [ -108.88139245, 26.40625248 ], [ -108.86033955, 26.43277015 ], [ -108.87610763, 26.44757643 ], [ -108.83776202, 26.47252331 ], [ -108.84747992, 26.48721745 ], [ -108.91466995, 26.47954002 ], [ -108.89131754, 26.48959531 ], [ -108.87315215, 26.55107143 ], [ -108.78772372, 26.56525575 ], [ -108.73429289, 26.59356809 ], [ -108.67883074, 26.58701509 ], [ -108.67898791, 26.64288945 ], [ -108.63036635, 26.67657345 ], [ -108.628385, 26.71838712 ], [ -108.60102395, 26.72722251 ], [ -108.59418889, 26.75917343 ], [ -108.57832948, 26.76277709 ], [ -108.58084943, 26.78957658 ], [ -108.5540338, 26.77985698 ], [ -108.53691209, 26.79842871 ], [ -108.55704314, 26.82375332 ], [ -108.46697768, 26.97070185 ], [ -108.42427083, 26.97622983 ], [ -108.50248612, 26.98735703 ], [ -108.50443854, 27.00718388 ], [ -108.47551446, 27.0399452 ] ] ] ] } },
{ "type": "Feature", "properties": { "cvegeo": "26", "cve_ent": "26", "nomgeo_inegi": "Sonora", "nom_abrev": "Son.", "pob_total": "2944840", "pob_femenina": "1472643", "pob_masculina": "1472197", "total_viviendas_habitadas": "876826", "estado_csv": "Sonora" }, "geometry": { "type": "MultiPolygon", "coordinates": [ [ [ [ -110.590799252, 27.408267576 ], [ -110.60270637, 27.361592632 ], [ -110.582642754, 27.346141353 ], [ -110.585404476, 27.321898345 ], [ -110.531923822, 27.302685321 ], [ -110.534256358, 27.288271851 ], [ -110.601723952, 27.318701366 ], [ -110.606102413, 27.346835869 ], [ -110.595254357, 27.416579267 ], [ -110.590799252, 27.408267576 ] ] ], [ [ [ -110.95087805, 27.867388399 ], [ -110.95124749, 27.867508791 ], [ -110.950888122, 27.868299252 ], [ -110.950745938, 27.86766856 ], [ -110.95087805, 27.867388399 ] ] ], [ [ [ -110.859279979, 27.87885192 ], [ -110.86393762, 27.8746924 ], [ -110.86596643, 27.87464852 ], [ -110.85960109, 27.88084211 ], [ -110.859279979, 27.87885192 ] ] ], [ [ [ -110.952872038, 27.875708862 ], [ -110.953333795, 27.87552012 ], [ -110.952382389, 27.876805756 ], [ -110.952751727, 27.875763512 ], [ -110.952872038, 27.875708862 ] ] ], [ [ [ -110.955101537, 27.884968009 ], [ -110.955283264, 27.884385896 ], [ -110.95605308, 27.884335932 ], [ -110.955309892, 27.88494958 ], [ -110.955101537, 27.884968009 ] ] ], [ [ [ -110.83307295, 27.90088006 ], [ -110.84140454, 27.88776374 ], [ -110.847049, 27.88713754 ], [ -110.84818342, 27.88852374 ], [ -110.84861497, 27.89124037 ], [ -110.83307295, 27.90088006 ] ] ], [ [ [ -110.90064817, 27.89960863 ], [ -110.90033218, 27.89894972 ], [ -110.90106665, 27.89878235 ], [ -110.90129466, 27.89943203 ], [ -110.90064817, 27.89960863 ] ] ], [ [ [ -110.89852297, 27.90029395 ], [ -110.899141399, 27.90053725 ], [ -110.89908283, 27.90106183 ], [ -110.89838163, 27.90091031 ], [ -110.89852297, 27.90029395 ] ] ], [ [ [ -110.88043389, 27.9079464 ], [ -110.88189426, 27.90984083 ], [ -110.87934886, 27.91096971 ], [ -110.87911043, 27.9089098 ], [ -110.88043389, 27.9079464 ] ] ], [ [ [ -110.87024068, 27.9123898 ], [ -110.87034614, 27.9089288 ], [ -110.87498111, 27.90662066 ], [ -110.87476731, 27.91142752 ], [ -110.87024068, 27.9123898 ] ] ], [ [ [ -110.96852915, 27.90853434 ], [ -110.97027345, 27.90858374 ], [ -110.97092438, 27.90924425 ], [ -110.96910538, 27.90968411 ], [ -110.96852915, 27.90853434 ] ] ], [ [ [ -110.99170381, 27.925817459 ], [ -110.991114522, 27.925502564 ], [ -110.992394846, 27.925738155 ], [ -110.991859684, 27.92595986 ], [ -110.99170381, 27.925817459 ] ] ], [ [ [ -111.05874348, 27.92959114 ], [ -111.05964778, 27.9296776 ], [ -111.05982874, 27.9308904 ], [ -111.05915492, 27.93079612 ], [ -111.05874348, 27.92959114 ] ] ], [ [ [ -110.99199275, 27.93519232 ], [ -110.98999317, 27.93492314 ], [ -110.99067592, 27.93296251 ], [ -110.993007061, 27.93457114 ], [ -110.99199275, 27.93519232 ] ] ], [ [ [ -111.05089795, 27.93505183 ], [ -111.05178226, 27.93560003 ], [ -111.05160322, 27.93645531 ], [ -111.05076535, 27.93582451 ], [ -111.05089795, 27.93505183 ] ] ], [ [ [ -111.05138963, 27.93895026 ], [ -111.05210788, 27.93975937 ], [ -111.05226146, 27.94160078 ], [ -111.05089065, 27.94019634 ], [ -111.05138963, 27.93895026 ] ] ], [ [ [ -111.0287472, 27.95266932 ], [ -111.02913442, 27.94852649 ], [ -111.03208892, 27.94705326 ], [ -111.02926071, 27.95298189 ], [ -111.0287472, 27.95266932 ] ] ], [ [ [ -111.12087514, 27.95335325 ], [ -111.12480482, 27.95274574 ], [ -111.11915566, 27.9595944 ], [ -111.11912685, 27.95825362 ], [ -111.12087514, 27.95335325 ] ] ], [ [ [ -111.37862814, 27.97408408 ], [ -111.36907429, 27.96159043 ], [ -111.36712682, 27.95268669 ], [ -111.39007734, 27.98510415 ], [ -111.37862814, 27.97408408 ] ] ], [ [ [ -112.292743838, 28.728529972 ], [ -112.283038772, 28.714516794 ], [ -112.286191276, 28.709341967 ], [ -112.298242945, 28.735210037 ], [ -112.292743838, 28.728529972 ] ] ], [ [ [ -112.553402338, 28.730713011 ], [ -112.54210536, 28.71147127 ], [ -112.553885172, 28.671973343 ], [ -112.605680018, 28.667674252 ], [ -112.6121546, 28.726562522 ], [ -112.553402338, 28.730713011 ] ] ], [ [ [ -111.96631546, 28.80879978 ], [ -111.97354768, 28.80907982 ], [ -111.96524032, 28.81666858 ], [ -111.9636764, 28.81596005 ], [ -111.96631546, 28.80879978 ] ] ], [ [ [ -112.287486563, 29.231863332 ], [ -112.286677545, 29.223332964 ], [ -112.295297143, 29.221857698 ], [ -112.261199904, 29.192756416 ], [ -112.274320252, 29.13720552 ], [ -112.194751077, 29.021049751 ], [ -112.216550508, 28.960573379 ], [ -112.196996048, 28.978273892 ], [ -112.188872568, 28.976679653 ], [ -112.214594542, 28.956711217 ], [ -112.23949798, 28.871378986 ], [ -112.274890083, 28.816499098 ], [ -112.273214943, 28.783434107 ], [ -112.252761096, 28.767241875 ], [ -112.281214691, 28.767774874 ], [ -112.310201285, 28.746797546 ], [ -112.328425425, 28.763451242 ], [ -112.35957257, 28.759721437 ], [ -112.407126098, 28.799446539 ], [ -112.461710933, 28.802670708 ], [ -112.47205564, 28.821504142 ], [ -112.584251866, 28.876667125 ], [ -112.489847359, 28.949164204 ], [ -112.505934384, 29.063041773 ], [ -112.477771083, 29.167433487 ], [ -112.456826854, 29.19452245 ], [ -112.40912675, 29.18597345 ], [ -112.35997951, 29.22022822 ], [ -112.287486563, 29.231863332 ] ] ], [ [ [ -114.679724583, 31.756989412 ], [ -114.624882445, 31.757557566 ], [ -114.595721372, 31.747252476 ], [ -114.619337448, 31.728462317 ], [ -114.679724583, 31.756989412 ] ] ], [ [ [ -114.88258915, 32.49214965 ], [ -114.84840515, 32.47341582 ], [ -114.8123984, 32.49369689 ], [ -114.10996882, 32.28159415 ], [ -111.07500202, 31.33256946 ], [ -108.75591614, 31.33241902 ], [ -108.81723143, 31.23900566 ], [ -108.87981248, 31.23878594 ], [ -108.90664749, 31.20805092 ], [ -108.86068718, 31.2189272 ], [ -108.848331969, 31.19510758 ], [ -108.80502466, 31.19295554 ], [ -108.83501235, 31.16933471 ], [ -108.84564006, 31.13557622 ], [ -108.769996859, 31.10247183 ], [ -108.76615652, 31.07362818 ], [ -108.72989914, 31.05215418 ], [ -108.75246602, 31.03384751 ], [ -108.68438668, 31.03373954 ], [ -108.68380745, 31.00597332 ], [ -108.80325546, 31.00482926 ], [ -108.80239257, 30.904101 ], [ -108.93924274, 30.90756517 ], [ -108.92984925, 30.86102092 ], [ -108.94830245, 30.73691128 ], [ -108.91896837, 30.73935366 ], [ -108.86692525, 30.68938663 ], [ -108.87646528, 30.62457432 ], [ -108.76201975, 30.58727197 ], [ -108.72666566, 30.59454808 ], [ -108.72743949, 30.58047691 ], [ -108.6777922, 30.55707272 ], [ -108.66197291, 30.52194189 ], [ -108.66477188, 30.46815165 ], [ -108.60384323, 30.465113 ], [ -108.61355868, 30.43571638 ], [ -108.64865225, 30.41686472 ], [ -108.61983989, 30.37479638 ], [ -108.62205649, 30.34031817 ], [ -108.58000597, 30.33748211 ], [ -108.542199021, 30.28351217 ], [ -108.55054666, 30.26664218 ], [ -108.62021763, 30.29822972 ], [ -108.60692209, 30.02861792 ], [ -108.62870897, 29.9530344 ], [ -108.60719926, 29.84714006 ], [ -108.63571774, 29.82968448 ], [ -108.6185596, 29.800466 ], [ -108.54125877, 29.79613785 ], [ -108.53496428, 29.75136451 ], [ -108.54077557, 29.73622797 ], [ -108.59275131, 29.72839149 ], [ -108.59253438, 29.71764572 ], [ -108.65909895, 29.7161274 ], [ -108.61828003, 29.66052545 ], [ -108.65498792, 29.64943289 ], [ -108.64113712, 29.58888566 ], [ -108.65950508, 29.58404068 ], [ -108.6383242, 29.55831883 ], [ -108.66230914, 29.54448166 ], [ -108.64871266, 29.50910103 ], [ -108.62515538, 29.50103129 ], [ -108.71775386, 29.46595383 ], [ -108.66973292, 29.30741692 ], [ -108.68220857, 29.26742982 ], [ -108.76188763, 29.25388358 ], [ -108.73540834, 29.21771269 ], [ -108.75386949, 29.20009806 ], [ -108.74529691, 29.16234274 ], [ -108.72885354, 29.17180114 ], [ -108.6985282, 29.12773957 ], [ -108.72958952, 29.09653269 ], [ -108.70943818, 29.08300332 ], [ -108.72435312, 29.069897 ], [ -108.69814537, 28.93626566 ], [ -108.70979772, 28.88951546 ], [ -108.67817623, 28.86327588 ], [ -108.65784955, 28.80922449 ], [ -108.62381738, 28.806123 ], [ -108.64555675, 28.79472709 ], [ -108.64329442, 28.76506755 ], [ -108.5837852, 28.74013938 ], [ -108.5801512, 28.63244634 ], [ -108.53128685, 28.55666858 ], [ -108.52328665, 28.50591035 ], [ -108.50767171, 28.50821591 ], [ -108.5155414, 28.42628432 ], [ -108.47970102, 28.36955106 ], [ -108.5013654, 28.35572926 ], [ -108.521651, 28.36506063 ], [ -108.51963772, 28.33476218 ], [ -108.550927851, 28.31805545 ], [ -108.60350743, 28.34756191 ], [ -108.63618094, 28.33522802 ], [ -108.64129314, 28.29160865 ], [ -108.68722511, 28.30346249 ], [ -108.75098388, 28.27156935 ], [ -108.79668451, 28.26716345 ], [ -108.79166318, 28.25361706 ], [ -108.83042295, 28.26504928 ], [ -108.85608857, 28.25153829 ], [ -108.88066334, 28.26472643 ], [ -108.92201445, 28.25149178 ], [ -108.96726111, 28.26499975 ], [ -108.99397438, 28.29795966 ], [ -108.99744377, 28.25505454 ], [ -109.022777, 28.27753194 ], [ -109.04068195, 28.26699002 ], [ -109.0686964, 28.28613885 ], [ -109.05843618, 28.26726886 ], [ -109.07488617, 28.27260942 ], [ -109.06199011, 28.19920194 ], [ -109.0728942, 28.14857235 ], [ -109.03189962, 28.01828803 ], [ -108.92651103, 27.94059423 ], [ -108.91486798, 27.85400523 ], [ -108.86914022, 27.83928634 ], [ -108.92029422, 27.78397306 ], [ -108.89551565, 27.74480709 ], [ -108.78449463, 27.73046525 ], [ -108.74931378, 27.66473082 ], [ -108.73985238, 27.59995458 ], [ -108.71280771, 27.56624648 ], [ -108.65240535, 27.53703291 ], [ -108.6616484, 27.46474435 ], [ -108.59104512, 27.31808048 ], [ -108.66437549, 27.23939583 ], [ -108.66257808, 27.21954292 ], [ -108.65322055, 27.1760546 ], [ -108.61142671, 27.15414475 ], [ -108.60227605, 27.03694328 ], [ -108.56253528, 27.04601894 ], [ -108.57224742, 27.01265583 ], [ -108.55176343, 26.99714529 ], [ -108.42427083, 26.97622983 ], [ -108.46697768, 26.97070185 ], [ -108.55704314, 26.82375332 ], [ -108.53691209, 26.79842871 ], [ -108.5540338, 26.77985698 ], [ -108.58084943, 26.78957658 ], [ -108.57832948, 26.76277709 ], [ -108.59418889, 26.75917343 ], [ -108.60102395, 26.72722251 ], [ -108.628385, 26.71838712 ], [ -108.63036635, 26.67657345 ], [ -108.67898791, 26.64288945 ], [ -108.67883074, 26.58701509 ], [ -108.73429289, 26.59356809 ], [ -108.78772372, 26.56525575 ], [ -108.87315215, 26.55107143 ], [ -108.89131754, 26.48959531 ], [ -108.91466995, 26.47954002 ], [ -108.84747992, 26.48721745 ], [ -108.83776202, 26.47252331 ], [ -108.87610763, 26.44757643 ], [ -108.86033955, 26.43277015 ], [ -108.88139245, 26.40625248 ], [ -108.91011502, 26.42171452 ], [ -108.93652231, 26.39018026 ], [ -109.006443489, 26.402369891 ], [ -109.125238219, 26.297014341 ], [ -109.164943139, 26.306847341 ], [ -109.202537739, 26.344452551 ], [ -109.26000797, 26.31970218 ], [ -109.25202943, 26.41223346 ], [ -109.267788433, 26.501231538 ], [ -109.309371894, 26.564591826 ], [ -109.403231488, 26.653621209 ], [ -109.484968353, 26.682769011 ], [ -109.430017369, 26.671246472 ], [ -109.441645795, 26.694467632 ], [ -109.432537218, 26.718923732 ], [ -109.471458538, 26.716895717 ], [ -109.483089343, 26.744265467 ], [ -109.508195393, 26.72189901 ], [ -109.513025104, 26.754787325 ], [ -109.528120405, 26.759132221 ], [ -109.556075978, 26.716960676 ], [ -109.508684253, 26.704618412 ], [ -109.54225012, 26.693682409 ], [ -109.496365784, 26.670169765 ], [ -109.623846597, 26.695481877 ], [ -109.656245968, 26.69137095 ], [ -109.669241657, 26.673412634 ], [ -109.767475325, 26.706239678 ], [ -109.85100428, 26.792503596 ], [ -109.890250316, 26.922511793 ], [ -109.944186426, 26.992052777 ], [ -109.94167085, 27.01796363 ], [ -109.96720712, 27.05418032 ], [ -110.056505262, 27.078223018 ], [ -110.103807361, 27.10833827 ], [ -110.30666565, 27.15537243 ], [ -110.432370242, 27.267979683 ], [ -110.523836596, 27.293068428 ], [ -110.443608309, 27.302366469 ], [ -110.474759914, 27.312042863 ], [ -110.460990272, 27.329267466 ], [ -110.481666598, 27.325866026 ], [ -110.480174676, 27.374646167 ], [ -110.503877677, 27.387227567 ], [ -110.525846051, 27.374032266 ], [ -110.536527451, 27.372680732 ], [ -110.511201063, 27.412307681 ], [ -110.556467335, 27.395428379 ], [ -110.539141884, 27.43270561 ], [ -110.558257879, 27.419270578 ], [ -110.555612885, 27.440924268 ], [ -110.573166367, 27.439324576 ], [ -110.572687501, 27.450674605 ], [ -110.537114559, 27.457292481 ], [ -110.58253371, 27.456197334 ], [ -110.590455531, 27.441711473 ], [ -110.5884964, 27.52811865 ], [ -110.623609305, 27.622344716 ], [ -110.600902964, 27.700541493 ], [ -110.613314163, 27.773000078 ], [ -110.615808488, 27.798260777 ], [ -110.614932044, 27.80931675 ], [ -110.613661646, 27.812736419 ], [ -110.61436975, 27.79565075 ], [ -110.58895084, 27.845647596 ], [ -110.558385665, 27.831821553 ], [ -110.520095461, 27.845251566 ], [ -110.578234777, 27.882365871 ], [ -110.631862454, 27.882454107 ], [ -110.648768613, 27.903751705 ], [ -110.665360328, 27.895258037 ], [ -110.648684425, 27.89223833 ], [ -110.608989067, 27.858015732 ], [ -110.65722669, 27.889876715 ], [ -110.727006443, 27.908358165 ], [ -110.85324379, 27.912266543 ], [ -110.799589686, 27.921304546 ], [ -110.82823629, 27.95433689 ], [ -110.906884544, 27.897705368 ], [ -110.855660607, 27.899750101 ], [ -110.8669822, 27.895336379 ], [ -110.863978313, 27.878078211 ], [ -110.889871142, 27.839455738 ], [ -110.903599523, 27.867005602 ], [ -110.932906622, 27.881441792 ], [ -110.950433125, 27.868264196 ], [ -110.966571579, 27.90524228 ], [ -110.946888132, 27.921854355 ], [ -110.969961859, 27.927416946 ], [ -110.984527252, 27.958643947 ], [ -111.025303705, 27.962483058 ], [ -111.057856916, 27.937535034 ], [ -111.065409188, 27.952914994 ], [ -111.060058422, 27.927316387 ], [ -111.066196502, 27.940600703 ], [ -111.105716104, 27.936063589 ], [ -111.104067202, 27.944746041 ], [ -111.093909364, 27.944449463 ], [ -111.091288945, 27.945137104 ], [ -111.090754166, 27.94670396 ], [ -111.099414621, 27.961302817 ], [ -111.173769109, 27.991514768 ], [ -111.21172068, 28.041712139 ], [ -111.255251377, 28.054439353 ], [ -111.293682729, 28.130942249 ], [ -111.33074294, 28.157971362 ], [ -111.343678427, 28.20930732 ], [ -111.3771106, 28.21880252 ], [ -111.390420522, 28.270816492 ], [ -111.457272847, 28.315956045 ], [ -111.46859129, 28.37194494 ], [ -111.710087152, 28.456941398 ], [ -111.77442405, 28.60713278 ], [ -111.908185151, 28.702432847 ], [ -111.95219898, 28.7590995 ], [ -111.900568526, 28.787117097 ], [ -111.899674851, 28.784446579 ], [ -111.904798591, 28.780810592 ], [ -111.905459975, 28.777901229 ], [ -111.876473368, 28.743820395 ], [ -111.85399756, 28.760121303 ], [ -111.864905803, 28.779455778 ], [ -111.844233479, 28.792203286 ], [ -111.844269131, 28.803928645 ], [ -111.889248179, 28.793394428 ], [ -111.87357023, 28.810849006 ], [ -111.886679456, 28.825408391 ], [ -111.90131102, 28.821572733 ], [ -111.892474603, 28.805352946 ], [ -111.905460908, 28.796371941 ], [ -111.8978813, 28.81300446 ], [ -111.919361607, 28.821076086 ], [ -111.91471477, 28.790024705 ], [ -111.96981248, 28.84205075 ], [ -112.030991535, 28.859143083 ], [ -112.047673087, 28.898849688 ], [ -112.101999542, 28.955307903 ], [ -112.17226752, 28.96896643 ], [ -112.150399057, 28.988686324 ], [ -112.166722703, 29.009568694 ], [ -112.170608767, 29.071527751 ], [ -112.187942749, 29.072718068 ], [ -112.165260973, 29.114189835 ], [ -112.200527891, 29.156996134 ], [ -112.199456732, 29.176225905 ], [ -112.229826671, 29.178513996 ], [ -112.208998796, 29.242200576 ], [ -112.231837441, 29.305039226 ], [ -112.25710755, 29.327216025 ], [ -112.291136281, 29.331041573 ], [ -112.34624775, 29.31356122 ], [ -112.3349, 29.2918 ], [ -112.35297883, 29.32101425 ], [ -112.410368315, 29.345155952 ], [ -112.42148638, 29.37605557 ], [ -112.38266848, 29.44872503 ], [ -112.380812567, 29.486717376 ], [ -112.428871731, 29.519173224 ], [ -112.436289701, 29.559713291 ], [ -112.506891616, 29.620408853 ], [ -112.544061771, 29.689692809 ], [ -112.580477598, 29.711507113 ], [ -112.606625495, 29.779361012 ], [ -112.651806774, 29.83447685 ], [ -112.665417864, 29.891135845 ], [ -112.74704243, 29.914359944 ], [ -112.73310211, 30.00055258 ], [ -112.761593306, 30.062748111 ], [ -112.761502399, 30.201693747 ], [ -112.817869722, 30.263851597 ], [ -112.864718386, 30.268279739 ], [ -112.846341634, 30.333422354 ], [ -112.866118319, 30.415750842 ], [ -112.998369991, 30.548306435 ], [ -113.084907532, 30.679831453 ], [ -113.12716697, 30.81204177 ], [ -113.10106194, 30.89088571 ], [ -113.09645502, 30.97004786 ], [ -113.12841145, 31.05890878 ], [ -113.09194231, 30.99526766 ], [ -113.06204837, 31.03343617 ], [ -113.05895568, 31.07234989 ], [ -113.10150926, 31.18944385 ], [ -113.20715352, 31.24052854 ], [ -113.545405701, 31.296273741 ], [ -113.558404579, 31.317765171 ], [ -113.62461295, 31.32799449 ], [ -113.643894774, 31.343234898 ], [ -113.612275741, 31.343359879 ], [ -113.609160216, 31.364123898 ], [ -113.641027294, 31.481154123 ], [ -113.680414086, 31.514843344 ], [ -113.85247934, 31.59539869 ], [ -113.92, 31.5983 ], [ -113.97941098, 31.63142872 ], [ -113.9737, 31.5783 ], [ -113.9562, 31.5624 ], [ -113.986835602, 31.529487955 ], [ -114.019752222, 31.529924294 ], [ -114.0259, 31.4922 ], [ -114.16990781, 31.497993608 ], [ -114.282709331, 31.546150726 ], [ -114.332356785, 31.596769992 ], [ -114.497033859, 31.676232434 ], [ -114.58278891, 31.75222134 ], [ -114.61923151, 31.76290365 ], [ -114.69280183, 31.76312122 ], [ -114.76021058, 31.81825852 ], [ -114.81885742, 31.82090589 ], [ -114.84492249, 31.864551 ], [ -114.91075948, 31.8677608 ], [ -114.965484569, 31.91842388 ], [ -114.957005, 32.03863618 ], [ -114.98973634, 32.14637765 ], [ -114.97531825, 32.17799548 ], [ -115.05302232, 32.24517402 ], [ -114.96659248, 32.33879352 ], [ -114.96845331, 32.39065303 ], [ -114.93194048, 32.43970074 ], [ -114.9354162, 32.48142391 ], [ -114.88258915, 32.49214965 ] ], [ [ -110.848408, 27.98247817 ], [ -110.86622783, 27.98136838 ], [ -110.85583155, 27.96454438 ], [ -110.8580012, 27.96712169 ], [ -110.86951989, 27.96915342 ], [ -110.845170121, 27.95304165 ], [ -110.84165186, 27.95465542 ], [ -110.82933378, 27.95603349 ], [ -110.82707662, 27.955313679 ], [ -110.848408, 27.98247817 ] ], [ [ -110.82857069, 27.95557032 ], [ -110.842395521, 27.95418786 ], [ -110.84487914, 27.95284694 ], [ -110.82773942, 27.95475666 ], [ -110.82857069, 27.95557032 ] ] ] ] } },
{ "type": "Feature", "properties": { "cvegeo": "27", "cve_ent": "27", "nomgeo_inegi": "Tabasco", "nom_abrev": "Tab.", "pob_total": "2402598", "pob_femenina": "1228927", "pob_masculina": "1173671", "total_viviendas_habitadas": "669414", "estado_csv": "Tabasco" }, "geometry": { "type": "Polygon", "coordinates": [ [ [ -92.46784752, 18.64727795 ], [ -92.46574505, 18.61656342 ], [ -92.42622965, 18.55704145 ], [ -92.41405172, 18.48729175 ], [ -92.36432451, 18.46372918 ], [ -92.35831794, 18.44435003 ], [ -92.32252894, 18.47308089 ], [ -92.31028748, 18.45557937 ], [ -92.17614774, 18.45823322 ], [ -92.17295137, 18.27533769 ], [ -92.18324385, 18.27406323 ], [ -92.14893752, 18.21040608 ], [ -92.16442397, 18.19786562 ], [ -92.160903, 18.15542417 ], [ -92.11010835, 18.0944062 ], [ -92.08155829, 18.08568969 ], [ -92.03993882, 18.09795034 ], [ -92.04209543, 18.07831882 ], [ -91.97877858, 18.04282972 ], [ -91.96674771, 18.01598845 ], [ -91.90035477, 18.012147 ], [ -91.86720786, 17.98326635 ], [ -91.80464422, 17.97255051 ], [ -91.76226654, 17.93901428 ], [ -91.76048731, 17.95762568 ], [ -91.63880594, 17.87395378 ], [ -91.63308922, 17.90501603 ], [ -91.6127136, 17.91291903 ], [ -91.62474038, 17.94907185 ], [ -91.60950468, 18.0984384 ], [ -91.57219912, 18.14201514 ], [ -91.57996602, 18.1581798 ], [ -91.53450514, 18.14617437 ], [ -91.50933734, 18.17105475 ], [ -91.50186354, 18.15556872 ], [ -91.51521285, 18.15495248 ], [ -91.51653218, 18.13048525 ], [ -91.50403591, 18.11645914 ], [ -91.38442535, 18.06406505 ], [ -91.327024316, 18.06266535 ], [ -91.217459546, 17.974986852 ], [ -91.144726737, 17.975159861 ], [ -91.151122965, 17.96267345 ], [ -91.133182257, 17.958009721 ], [ -91.130669145, 17.982250199 ], [ -91.113580647, 17.975850481 ], [ -91.120200304, 17.963375259 ], [ -90.987951717, 17.96254505 ], [ -90.9874592, 17.25102489 ], [ -91.43969686, 17.25096688 ], [ -91.42518088, 17.30230531 ], [ -91.39031872, 17.29934912 ], [ -91.38366422, 17.31118311 ], [ -91.41677535, 17.34562712 ], [ -91.41983262, 17.37407068 ], [ -91.50993554, 17.39220271 ], [ -91.53724422, 17.41973617 ], [ -91.55785669, 17.42224415 ], [ -91.55879354, 17.40052958 ], [ -91.57968832, 17.40734382 ], [ -91.67204314, 17.44405882 ], [ -91.6652056, 17.46166023 ], [ -91.70013743, 17.4675178 ], [ -91.66281677, 17.47981674 ], [ -91.63428774, 17.534624261 ], [ -91.6388274, 17.58146943 ], [ -91.6635632, 17.61216714 ], [ -91.64456749, 17.621924551 ], [ -91.65989858, 17.630447461 ], [ -91.65474351, 17.67615712 ], [ -91.67299249, 17.68347243 ], [ -91.68137726, 17.67013372 ], [ -91.73880623, 17.71080865 ], [ -91.76785262, 17.703115451 ], [ -91.83066169, 17.73767723 ], [ -91.79016174, 17.74601811 ], [ -91.78225312, 17.78248463 ], [ -91.79237158, 17.82451694 ], [ -91.77969046, 17.85129858 ], [ -91.80436874, 17.86886645 ], [ -91.80994312, 17.89824828 ], [ -91.84968629, 17.8828646 ], [ -91.91812769, 17.89951965 ], [ -91.92806134, 17.87082251 ], [ -91.94840917, 17.86330835 ], [ -91.95683277, 17.87992991 ], [ -91.93959785, 17.90629306 ], [ -91.97845257, 17.91368865 ], [ -91.99567109, 17.94258997 ], [ -92.00335506, 17.89051818 ], [ -92.07179705, 17.87767365 ], [ -92.04940708, 17.85477203 ], [ -92.10203335, 17.85088017 ], [ -92.12048163, 17.79597269 ], [ -92.14658277, 17.814676 ], [ -92.13082542, 17.76608035 ], [ -92.15170817, 17.76456888 ], [ -92.17195018, 17.78656785 ], [ -92.18848715, 17.76813463 ], [ -92.1944994, 17.77664118 ], [ -92.27462289, 17.69225805 ], [ -92.33734726, 17.71208963 ], [ -92.34989703, 17.70278472 ], [ -92.35067371, 17.61793406 ], [ -92.4020786, 17.57804011 ], [ -92.51998489, 17.57304977 ], [ -92.53007342, 17.54999842 ], [ -92.57141092, 17.54960862 ], [ -92.59698969, 17.52035965 ], [ -92.60582514, 17.47737574 ], [ -92.65940828, 17.44428474 ], [ -92.66818515, 17.45669457 ], [ -92.67876503, 17.37849357 ], [ -92.7541802, 17.34329866 ], [ -92.78579471, 17.41752729 ], [ -92.8293996, 17.40859934 ], [ -92.82921632, 17.39630049 ], [ -92.85426446, 17.41119763 ], [ -92.81963085, 17.43274595 ], [ -92.83155248, 17.48085717 ], [ -92.84987592, 17.46897814 ], [ -92.85980875, 17.50028155 ], [ -92.88735617, 17.51046354 ], [ -92.93919943, 17.50244731 ], [ -92.94811983, 17.48274302 ], [ -92.96804212, 17.51797272 ], [ -92.98487342, 17.51130786 ], [ -92.99264832, 17.53001572 ], [ -92.98048968, 17.53756283 ], [ -93.04052534, 17.60982815 ], [ -93.03711608, 17.70338191 ], [ -93.05772471, 17.72048875 ], [ -93.04263828, 17.76841151 ], [ -93.0120134, 17.79366903 ], [ -93.02543628, 17.82541845 ], [ -93.043126309, 17.84257731 ], [ -93.10164546, 17.84582834 ], [ -93.11564075, 17.82221263 ], [ -93.13180032, 17.85231642 ], [ -93.09137594, 17.89756125 ], [ -93.12912889, 17.90785238 ], [ -93.19200158, 17.95613572 ], [ -93.24092098, 17.95009469 ], [ -93.27832269, 17.985287801 ], [ -93.29800969, 17.93858178 ], [ -93.34089685, 17.93033066 ], [ -93.34058598, 17.79812055 ], [ -93.36661095, 17.80292332 ], [ -93.380948489, 17.783164951 ], [ -93.34311188, 17.78751668 ], [ -93.34913509, 17.76708528 ], [ -93.39054783, 17.77339971 ], [ -93.35430235, 17.71288218 ], [ -93.35627777, 17.64803745 ], [ -93.38478872, 17.64437794 ], [ -93.420489909, 17.590047941 ], [ -93.44594562, 17.58598569 ], [ -93.451707049, 17.54648423 ], [ -93.48414582, 17.54987655 ], [ -93.514878599, 17.49032282 ], [ -93.51380472, 17.442805261 ], [ -93.607939816, 17.314930021 ], [ -93.62743197, 17.31284315 ], [ -93.64533455, 17.32777323 ], [ -93.63495855, 17.33770186 ], [ -93.69492022, 17.38780437 ], [ -93.67299631, 17.41991831 ], [ -93.63820632, 17.43608626 ], [ -93.6365974, 17.45527688 ], [ -93.65041403, 17.45885466 ], [ -93.62410485, 17.49345723 ], [ -93.63734108, 17.50981363 ], [ -93.6152466, 17.555111781 ], [ -93.65654206, 17.55523808 ], [ -93.7131836, 17.63067003 ], [ -93.7328826, 17.62576023 ], [ -93.74658266, 17.66011471 ], [ -93.73851086, 17.67937015 ], [ -93.80515466, 17.68935551 ], [ -93.82658643, 17.71919162 ], [ -93.86999708, 17.71353603 ], [ -93.87704878, 17.75656358 ], [ -93.94010726, 17.75316991 ], [ -93.96778617, 17.84525234 ], [ -94.02594743, 17.84038062 ], [ -94.03315848, 17.87255722 ], [ -94.08343075, 17.86986849 ], [ -94.09199012, 17.96193194 ], [ -94.06140031, 17.98812434 ], [ -94.06652363, 18.0093962 ], [ -94.08366308, 18.00612518 ], [ -94.07439937, 18.05894786 ], [ -94.09720542, 18.07972968 ], [ -94.08158826, 18.09991429 ], [ -94.10044357, 18.12591594 ], [ -94.09790802, 18.16835858 ], [ -94.12785302, 18.16987718 ], [ -94.125886076, 18.216453006 ], [ -93.439869567, 18.427237319 ], [ -93.213865991, 18.446966627 ], [ -93.210527471, 18.430471805 ], [ -93.192758782, 18.443638473 ], [ -93.194320774, 18.433358919 ], [ -93.186792799, 18.431162246 ], [ -93.183697124, 18.437675855 ], [ -93.19033438, 18.43787872 ], [ -93.189500081, 18.447556588 ], [ -93.198362909, 18.453165 ], [ -93.18977198, 18.448594751 ], [ -93.185077686, 18.441256689 ], [ -93.035946189, 18.431912275 ], [ -92.897989698, 18.443151652 ], [ -92.773655792, 18.505149478 ], [ -92.691557096, 18.61804127 ], [ -92.631006322, 18.614352463 ], [ -92.46784752, 18.64727795 ] ] ] } },
{ "type": "Feature", "properties": { "cvegeo": "28", "cve_ent": "28", "nomgeo_inegi": "Tamaulipas", "nom_abrev": "Tamps.", "pob_total": "3527735", "pob_femenina": "1791595", "pob_masculina": "1736140", "total_viviendas_habitadas": "1069380", "estado_csv": "Tamaulipas" }, "geometry": { "type": "Polygon", "coordinates": [ [ [ -99.72660085, 27.677275 ], [ -99.70549991, 27.65525488 ], [ -99.69050335, 27.6691182 ], [ -99.66378291, 27.65744403 ], [ -99.65546728, 27.62925965 ], [ -99.59590432, 27.63976377 ], [ -99.57710615, 27.61831078 ], [ -99.58423502, 27.6034586 ], [ -99.55483126, 27.61440994 ], [ -99.5115492, 27.56608202 ], [ -99.52818765, 27.49815322 ], [ -99.49342723, 27.49762798 ], [ -99.47876526, 27.47950651 ], [ -99.495336349, 27.44657831 ], [ -99.487620999, 27.4110462 ], [ -99.50449874, 27.33877977 ], [ -99.53813263, 27.31645202 ], [ -99.49460392, 27.30376422 ], [ -99.49089678, 27.26272471 ], [ -99.46195191, 27.26838691 ], [ -99.4418326, 27.25080665 ], [ -99.42621774, 27.17612729 ], [ -99.44254351, 27.10682966 ], [ -99.42866105, 27.09159275 ], [ -99.45270752, 27.064065 ], [ -99.44569215, 27.02186385 ], [ -99.41541271, 27.01737568 ], [ -99.376469, 26.97685168 ], [ -99.39375708, 26.96022702 ], [ -99.38502062, 26.93960266 ], [ -99.32422098, 26.9159454 ], [ -99.31714157, 26.86546182 ], [ -99.26801995, 26.84262878 ], [ -99.23961975, 26.74526177 ], [ -99.20860343, 26.72444894 ], [ -99.17151862, 26.54315206 ], [ -99.104311, 26.49909074 ], [ -99.09164965, 26.47531765 ], [ -99.11358892, 26.43252371 ], [ -99.08398608, 26.39757312 ], [ -99.0372886, 26.41356837 ], [ -99.01077471, 26.39225863 ], [ -98.97438677, 26.40130677 ], [ -98.94324146, 26.36943728 ], [ -98.92672338, 26.39456543 ], [ -98.89613323, 26.35308109 ], [ -98.804601712, 26.367626633 ], [ -98.788518082, 26.330514683 ], [ -98.750717862, 26.331183113 ], [ -98.73607286, 26.30832349 ], [ -98.7549806, 26.30758785 ], [ -98.750919062, 26.296011622 ], [ -98.702459582, 26.287092223 ], [ -98.719657771, 26.272552511 ], [ -98.68112163, 26.26293605 ], [ -98.67056431, 26.23700263 ], [ -98.63457783, 26.24233306 ], [ -98.62441234, 26.25974043 ], [ -98.61625889, 26.24648868 ], [ -98.58572971, 26.25767069 ], [ -98.562664569, 26.22441049 ], [ -98.54574065, 26.23652809 ], [ -98.55424302, 26.24778563 ], [ -98.48140103, 26.200621851 ], [ -98.481815629, 26.21930437 ], [ -98.44410274, 26.224177741 ], [ -98.4439318, 26.20054137 ], [ -98.38732052, 26.158424937 ], [ -98.36637451, 26.157660508 ], [ -98.35982566, 26.172514647 ], [ -98.35209117, 26.151055538 ], [ -98.33569265, 26.165818578 ], [ -98.335614749, 26.138315028 ], [ -98.30533805, 26.10288634 ], [ -98.29686631, 26.120298451 ], [ -98.26629615, 26.120937121 ], [ -98.28837495, 26.104691541 ], [ -98.193635371, 26.05308898 ], [ -98.17658554, 26.07531488 ], [ -98.14686528, 26.04913898 ], [ -98.13187055, 26.07430983 ], [ -98.09358462, 26.05864882 ], [ -98.08133105, 26.07130169 ], [ -98.07294931, 26.036424 ], [ -98.03871302, 26.04136729 ], [ -98.02793023, 26.06698368 ], [ -98.01188706, 26.05608158 ], [ -97.98019712, 26.06721698 ], [ -97.96587492, 26.05166608 ], [ -97.93355029, 26.05298572 ], [ -97.93364292, 26.06555702 ], [ -97.86897626, 26.05677774 ], [ -97.86139662, 26.07002925 ], [ -97.86100165, 26.05296142 ], [ -97.83426178, 26.04560222 ], [ -97.81928571, 26.05658431 ], [ -97.81241118, 26.04406558 ], [ -97.80109271, 26.06021017 ], [ -97.77789885, 26.02920806 ], [ -97.76803549, 26.04725891 ], [ -97.76153862, 26.02556134 ], [ -97.72045546, 26.02302312 ], [ -97.70712008, 26.03773457 ], [ -97.69155988, 26.01881783 ], [ -97.69327069, 26.03235846 ], [ -97.662614, 26.03807648 ], [ -97.66813729, 26.01942531 ], [ -97.63992095, 26.02395083 ], [ -97.64929498, 26.01044368 ], [ -97.61836106, 26.00231528 ], [ -97.63444963, 25.99003677 ], [ -97.6020952, 25.95735546 ], [ -97.58212152, 25.96237825 ], [ -97.57811705, 25.94209362 ], [ -97.56790758, 25.95251386 ], [ -97.58327423, 25.93321648 ], [ -97.53731445, 25.93080955 ], [ -97.52127163, 25.88632375 ], [ -97.49819022, 25.89916268 ], [ -97.49715022, 25.87986743 ], [ -97.45551746, 25.88411925 ], [ -97.444612689, 25.86780658 ], [ -97.454056579, 25.85428085 ], [ -97.4244518, 25.84044003 ], [ -97.40945472, 25.86226995 ], [ -97.4061506, 25.83789597 ], [ -97.37263078, 25.84012515 ], [ -97.36421189, 25.85086715 ], [ -97.37618625, 25.85559294 ], [ -97.35665906, 25.86735052 ], [ -97.37417294, 25.88027738 ], [ -97.35640128, 25.88776195 ], [ -97.37503188, 25.90829249 ], [ -97.3479154, 25.93131031 ], [ -97.32609591, 25.91754408 ], [ -97.30320471, 25.93698057 ], [ -97.276822, 25.93519763 ], [ -97.28396568, 25.959328 ], [ -97.24749437, 25.94803055 ], [ -97.20863166, 25.96387032 ], [ -97.14637375, 25.95488691 ], [ -97.150096403, 25.835951536 ], [ -97.18233565, 25.678789725 ], [ -97.507710288, 25.064490194 ], [ -97.58625406, 24.843284 ], [ -97.686917381, 24.450560994 ], [ -97.727338367, 24.092030892 ], [ -97.73177706, 23.771697539 ], [ -97.768528494, 23.377687371 ], [ -97.765859572, 22.894990417 ], [ -97.788854503, 22.790604854 ], [ -97.844974912, 22.660258895 ], [ -97.859326014, 22.566409721 ], [ -97.854843374, 22.504111099 ], [ -97.833531162, 22.493042468 ], [ -97.858612892, 22.489510364 ], [ -97.83438557, 22.482213058 ], [ -97.858298737, 22.476158006 ], [ -97.845241207, 22.405372287 ], [ -97.811780021, 22.306893764 ], [ -97.772952707, 22.266863127 ], [ -97.832112509, 22.238102711 ], [ -97.84488829, 22.20696583 ], [ -97.917281829, 22.23913054 ], [ -97.956707617, 22.293892371 ], [ -98.000324049, 22.297432491 ], [ -97.998949399, 22.314326751 ], [ -97.983979909, 22.30467126 ], [ -97.970509739, 22.328050221 ], [ -97.990020249, 22.35086382 ], [ -98.072781459, 22.34716149 ], [ -98.086015309, 22.37015366 ], [ -98.106213119, 22.366712311 ], [ -98.11353597, 22.395303281 ], [ -98.187485489, 22.42386851 ], [ -98.194995219, 22.469558971 ], [ -98.247931429, 22.47165663 ], [ -98.27293689, 22.447291051 ], [ -98.287369319, 22.467028171 ], [ -98.31682298, 22.46856234 ], [ -98.3187812, 22.39073968 ], [ -98.35227252, 22.38870332 ], [ -98.35522535, 22.40744563 ], [ -98.3878092, 22.38928438 ], [ -98.38864389, 22.42429303 ], [ -98.40954342, 22.39992669 ], [ -98.43311726, 22.41357831 ], [ -98.43376609, 22.43286446 ], [ -98.46095912, 22.41219192 ], [ -98.46680758, 22.42880174 ], [ -98.50504011, 22.42947154 ], [ -98.52536172, 22.40678072 ], [ -98.57493552, 22.39394549 ], [ -98.638156, 22.41452403 ], [ -98.70081991, 22.40257269 ], [ -98.75893478, 22.36631274 ], [ -98.82146732, 22.3562558 ], [ -98.87228949, 22.36741298 ], [ -98.88999725, 22.35509351 ], [ -98.92554486, 22.37174678 ], [ -98.93197272, 22.39277514 ], [ -99.06039945, 22.41526852 ], [ -99.23683875, 22.412862 ], [ -99.32961768, 22.63488778 ], [ -99.37320048, 22.62907768 ], [ -99.38555311, 22.67026846 ], [ -99.44205288, 22.66361571 ], [ -99.47712683, 22.74063722 ], [ -99.49678851, 22.74849795 ], [ -99.54432738, 22.74414015 ], [ -99.49453637, 22.62086863 ], [ -99.53469191, 22.61276465 ], [ -99.56063829, 22.64122049 ], [ -99.68253546, 22.68112471 ], [ -99.72408517, 22.6596084 ], [ -99.81402898, 22.66076578 ], [ -99.84792357, 22.67843511 ], [ -99.842819, 22.7305572 ], [ -99.88239698, 22.74986231 ], [ -99.95695814, 22.75166652 ], [ -100.02234326, 22.72592455 ], [ -100.1019204, 22.76279275 ], [ -100.0293842, 22.82439355 ], [ -100.04423908, 22.9178924 ], [ -100.11038363, 22.91671442 ], [ -100.11084695, 22.97571897 ], [ -100.08942102, 22.96875748 ], [ -100.09745531, 23.01309097 ], [ -100.07165578, 22.9973572 ], [ -100.06209742, 23.03984366 ], [ -100.01135512, 23.06535935 ], [ -100.06902911, 23.09594178 ], [ -100.068742969, 23.12115626 ], [ -100.11559726, 23.12598989 ], [ -100.118286169, 23.200545311 ], [ -100.07804112, 23.30598391 ], [ -100.14495022, 23.33951518 ], [ -100.08026143, 23.3957482 ], [ -99.9212534, 23.37919134 ], [ -99.96118763, 23.55688977 ], [ -99.86065998, 23.77446249 ], [ -99.76901389, 23.78448812 ], [ -99.60216748, 23.76287088 ], [ -99.57668085, 23.77546206 ], [ -99.49379108, 23.87869298 ], [ -99.456870719, 23.86606305 ], [ -99.48693986, 23.96050062 ], [ -99.54091206, 23.99727163 ], [ -99.54189271, 24.03364917 ], [ -99.57090171, 24.03936691 ], [ -99.65708063, 24.11799658 ], [ -99.64781783, 24.21809505 ], [ -99.59428974, 24.33091322 ], [ -99.58993111, 24.39614237 ], [ -99.63637932, 24.50667025 ], [ -99.71980386, 24.48371043 ], [ -99.73297777, 24.55399078 ], [ -99.60944858, 24.62249008 ], [ -99.54622052, 24.61307477 ], [ -99.54506302, 24.6265166 ], [ -99.49945228, 24.64125795 ], [ -99.50072606, 24.67917126 ], [ -99.47773549, 24.71262097 ], [ -99.38941243, 24.73979257 ], [ -99.36437669, 24.77175546 ], [ -99.29492849, 24.80414371 ], [ -99.21288548, 24.77167485 ], [ -99.18197126, 24.77604106 ], [ -99.20743335, 24.86139215 ], [ -99.15894291, 24.91598817 ], [ -99.18094954, 25.01154155 ], [ -99.15651651, 25.02784783 ], [ -99.16059194, 25.05527731 ], [ -99.09761311, 25.06312112 ], [ -99.05246814, 25.12713263 ], [ -99.02880203, 25.11035491 ], [ -99.01905589, 25.06992531 ], [ -98.93416994, 25.07276318 ], [ -98.42313166, 25.44749291 ], [ -98.42157608, 25.48935554 ], [ -98.58175158, 25.48936174 ], [ -98.58512606, 26.0179176 ], [ -98.82322655, 26.04764868 ], [ -98.90075195, 25.96832274 ], [ -99.0238722, 26.10410245 ], [ -99.07654208, 26.07186402 ], [ -99.09766886, 26.08074677 ], [ -99.13090666, 26.0688164 ], [ -99.12631182, 26.05402289 ], [ -99.16007748, 26.06122955 ], [ -99.19783597, 26.25868232 ], [ -99.26000157, 26.25284998 ], [ -99.36415026, 26.32927015 ], [ -99.40123612, 26.30479914 ], [ -99.43094658, 26.35130114 ], [ -99.39682482, 26.59656554 ], [ -99.53833525, 26.66459562 ], [ -99.65916446, 26.67036514 ], [ -99.65719483, 26.69511798 ], [ -99.61858146, 26.72647054 ], [ -99.612854, 26.79163015 ], [ -99.58084282, 26.83011255 ], [ -99.59104663, 26.86254805 ], [ -99.62705257, 26.87045783 ], [ -99.63003012, 26.89029042 ], [ -99.66139052, 26.90083852 ], [ -99.68722291, 26.894547 ], [ -99.69402042, 26.90929934 ], [ -99.72110229, 26.89650374 ], [ -99.74434632, 26.91215637 ], [ -99.76666889, 26.88984191 ], [ -99.77013149, 26.92841822 ], [ -99.73416812, 26.92061286 ], [ -99.65005283, 27.06585789 ], [ -99.67891875, 27.10244829 ], [ -99.747670419, 27.277247 ], [ -99.76037882, 27.43695872 ], [ -99.91915363, 27.49151518 ], [ -99.92641828, 27.549157 ], [ -99.72660085, 27.677275 ] ] ] } },
{ "type": "Feature", "properties": { "cvegeo": "29", "cve_ent": "29", "nomgeo_inegi": "Tlaxcala", "nom_abrev": "Tlax.", "pob_total": "1342977", "pob_femenina": "693083", "pob_masculina": "649894", "total_viviendas_habitadas": "341656", "estado_csv": "Tlaxcala" }, "geometry": { "type": "Polygon", "coordinates": [ [ [ -98.05625122, 19.72602266 ], [ -98.03638186, 19.68552292 ], [ -98.04221202, 19.64022471 ], [ -97.980678259, 19.628541632 ], [ -97.946706391, 19.585630223 ], [ -97.916147573, 19.594016028 ], [ -97.87181259, 19.561767647 ], [ -97.88974826, 19.50457909 ], [ -97.84873909, 19.48278191 ], [ -97.86227149, 19.45617552 ], [ -97.79453868, 19.4983746 ], [ -97.79685926, 19.47244285 ], [ -97.75480145, 19.45754288 ], [ -97.67385882, 19.36747146 ], [ -97.63144615, 19.35539543 ], [ -97.633122289, 19.316157981 ], [ -97.69093325, 19.28588812 ], [ -97.71964295, 19.30475323 ], [ -97.73833274, 19.28709963 ], [ -97.74509182, 19.30525994 ], [ -97.77138552, 19.28375265 ], [ -97.83927043, 19.30137617 ], [ -97.83842866, 19.2872644 ], [ -97.870287049, 19.27058598 ], [ -97.854051819, 19.257328291 ], [ -97.87049471, 19.24006097 ], [ -97.85098829, 19.22293423 ], [ -97.92820265, 19.16421342 ], [ -98.03168626, 19.23093838 ], [ -98.110159317, 19.143212051 ], [ -98.166175774, 19.10507186 ], [ -98.20434782, 19.11492892 ], [ -98.190706689, 19.13998574 ], [ -98.223038889, 19.1366376 ], [ -98.23024123, 19.156728621 ], [ -98.269702799, 19.16238988 ], [ -98.307155939, 19.189203941 ], [ -98.32392929, 19.16866188 ], [ -98.34271029, 19.17793974 ], [ -98.33068097, 19.20015005 ], [ -98.36891505, 19.226122 ], [ -98.41009083, 19.291339261 ], [ -98.40772137, 19.31593171 ], [ -98.441273, 19.32525114 ], [ -98.47027771, 19.36083091 ], [ -98.52319214, 19.46086868 ], [ -98.57027614, 19.46676935 ], [ -98.59127565, 19.4492142 ], [ -98.65322655, 19.46598623 ], [ -98.708398579, 19.54759969 ], [ -98.68137995, 19.59828494 ], [ -98.60983608, 19.60201431 ], [ -98.5663578, 19.64111966 ], [ -98.55039968, 19.61857817 ], [ -98.53557578, 19.63441888 ], [ -98.5192388, 19.60239929 ], [ -98.491613849, 19.60736783 ], [ -98.49019543, 19.61995332 ], [ -98.38169685, 19.60936186 ], [ -98.32380314, 19.68529765 ], [ -98.3316672, 19.72231997 ], [ -98.25531892, 19.71882902 ], [ -98.24106728, 19.67583615 ], [ -98.16556431, 19.66747586 ], [ -98.11773588, 19.68826334 ], [ -98.10100792, 19.66804989 ], [ -98.05625122, 19.72602266 ] ] ] } },
{ "type": "Feature", "properties": { "cvegeo": "30", "cve_ent": "30", "nomgeo_inegi": "Veracruz de Ignacio de la Llave", "nom_abrev": "Ver.", "pob_total": "8062579", "pob_femenina": "4190805", "pob_masculina": "3871774", "total_viviendas_habitadas": "2391262", "estado_csv": "Veracruz" }, "geometry": { "type": "MultiPolygon", "coordinates": [ [ [ [ -96.092288297, 19.173751503 ], [ -96.092950152, 19.17618061 ], [ -96.092127759, 19.17724571 ], [ -96.090983199, 19.175454925 ], [ -96.092288297, 19.173751503 ] ] ], [ [ [ -97.221317646, 21.476608006 ], [ -97.225036792, 21.468736863 ], [ -97.230402818, 21.468645692 ], [ -97.228495005, 21.472673048 ], [ -97.221317646, 21.476608006 ] ] ], [ [ [ -98.208827769, 22.46476237 ], [ -98.192562219, 22.467055111 ], [ -98.187485489, 22.42386851 ], [ -98.11353597, 22.395303281 ], [ -98.106213119, 22.366712311 ], [ -98.086015309, 22.37015366 ], [ -98.07426331, 22.347781201 ], [ -97.990020249, 22.35086382 ], [ -97.970509739, 22.328050221 ], [ -97.983979909, 22.30467126 ], [ -97.998949399, 22.314326751 ], [ -98.000324049, 22.297432491 ], [ -97.956707617, 22.293892371 ], [ -97.894962461, 22.222378438 ], [ -97.84488829, 22.20696583 ], [ -97.824815368, 22.244145021 ], [ -97.79241483, 22.260350601 ], [ -97.77434771, 22.26391605 ], [ -97.79370937, 22.24970151 ], [ -97.78525242, 22.16632526 ], [ -97.69806588, 21.95648363 ], [ -97.56433443, 21.77079382 ], [ -97.3279044, 21.5671652 ], [ -97.35058665, 21.45660625 ], [ -97.4144378, 21.32539095 ], [ -97.42024158, 21.23089714 ], [ -97.32628122, 21.00566408 ], [ -97.20517305, 20.77613155 ], [ -97.17746752, 20.66208789 ], [ -96.71018866, 20.16522075 ], [ -96.57432986, 20.00520758 ], [ -96.55171112, 19.95450803 ], [ -96.44949565, 19.84920418 ], [ -96.40107126, 19.72533434 ], [ -96.37561928, 19.5664448 ], [ -96.312635439, 19.478656505 ], [ -96.32173623, 19.41434412 ], [ -96.303384711, 19.336397107 ], [ -96.252079988, 19.282872493 ], [ -96.164714867, 19.246617163 ], [ -96.153776231, 19.229410031 ], [ -96.171563928, 19.246941484 ], [ -96.164959538, 19.219419104 ], [ -96.12350288, 19.21387269 ], [ -96.12032969, 19.20359535 ], [ -96.135386987, 19.214118862 ], [ -96.14027597, 19.21005766 ], [ -96.09271278, 19.15152951 ], [ -96.105044651, 19.123694017 ], [ -96.082602369, 19.07767343 ], [ -96.031465077, 19.056693186 ], [ -96.007283805, 19.057271395 ], [ -95.992979725, 19.064337531 ], [ -95.991930395, 19.063025126 ], [ -95.981449789, 19.066133526 ], [ -95.978159903, 19.065329741 ], [ -95.959620798, 18.961619728 ], [ -95.92821365, 18.88670795 ], [ -95.86226857, 18.83250351 ], [ -95.750376259, 18.795411526 ], [ -95.644808918, 18.735808054 ], [ -95.494938567, 18.712862221 ], [ -95.1889804, 18.70973786 ], [ -95.13073578, 18.67429495 ], [ -95.12163598, 18.65249189 ], [ -95.079532131, 18.641907458 ], [ -95.03381278, 18.57234191 ], [ -94.98795482, 18.55444789 ], [ -94.81657372, 18.53857588 ], [ -94.73652934, 18.39388937 ], [ -94.62310174, 18.28712942 ], [ -94.60699862, 18.20403892 ], [ -94.53979458, 18.16120612 ], [ -94.47551757, 18.15057592 ], [ -94.37297591, 18.16141548 ], [ -94.13002517, 18.2128512 ], [ -94.12691878, 18.16825003 ], [ -94.10467886, 18.17395003 ], [ -94.09468018, 18.16066997 ], [ -94.10044357, 18.12591594 ], [ -94.08110825, 18.09577254 ], [ -94.09715949, 18.07862758 ], [ -94.07435812, 18.05859309 ], [ -94.08374866, 18.00646409 ], [ -94.06652363, 18.0093962 ], [ -94.06140031, 17.98812434 ], [ -94.09199012, 17.96193194 ], [ -94.08343075, 17.86986849 ], [ -94.03315848, 17.87255722 ], [ -94.02594743, 17.84038062 ], [ -93.96778617, 17.84525234 ], [ -93.94010726, 17.75316991 ], [ -93.87704878, 17.75656358 ], [ -93.86999708, 17.71353603 ], [ -93.82658643, 17.71919162 ], [ -93.80515466, 17.68935551 ], [ -93.73851086, 17.67937015 ], [ -93.74658266, 17.66011471 ], [ -93.7328826, 17.62576023 ], [ -93.7131836, 17.63067003 ], [ -93.65671229, 17.55534257 ], [ -93.61360112, 17.552511281 ], [ -93.63734108, 17.50981363 ], [ -93.62410485, 17.49345723 ], [ -93.65041403, 17.45885466 ], [ -93.6365974, 17.45527688 ], [ -93.63820632, 17.43608626 ], [ -93.67299631, 17.41991831 ], [ -93.69492022, 17.38780437 ], [ -93.63495855, 17.33770186 ], [ -93.64150289, 17.31795314 ], [ -93.607939816, 17.314930021 ], [ -93.664411458, 17.286193385 ], [ -93.662694365, 17.256276902 ], [ -93.801448683, 17.240379503 ], [ -93.82713769, 17.172503481 ], [ -93.86091577, 17.16374114 ], [ -93.867426771, 17.136964913 ], [ -94.92281478, 17.19378843 ], [ -94.89542903, 17.2563784 ], [ -94.91476582, 17.29257706 ], [ -94.89078155, 17.311056 ], [ -94.92715808, 17.3251412 ], [ -94.95097968, 17.31564943 ], [ -94.96650918, 17.33436766 ], [ -95.0765674, 17.37293371 ], [ -95.25304798, 17.60780632 ], [ -95.2788454, 17.6132428 ], [ -95.24841123, 17.62558228 ], [ -95.25900111, 17.62901075 ], [ -95.24822563, 17.64597806 ], [ -95.24193342, 17.634958 ], [ -95.1881316, 17.65070146 ], [ -95.18243535, 17.69106263 ], [ -95.238913, 17.73926412 ], [ -95.258673, 17.72854323 ], [ -95.26902605, 17.74093406 ], [ -95.26555403, 17.71753622 ], [ -95.29780852, 17.72214142 ], [ -95.33380752, 17.67518315 ], [ -95.34375875, 17.683659831 ], [ -95.40716217, 17.64333209 ], [ -95.42548995, 17.64747249 ], [ -95.45445892, 17.61110272 ], [ -95.47314134, 17.60911302 ], [ -95.46301645, 17.59639391 ], [ -95.47934414, 17.5878294 ], [ -95.48417995, 17.601899481 ], [ -95.53110566, 17.57061106 ], [ -95.53146271, 17.55616275 ], [ -95.55554714, 17.55864154 ], [ -95.58533385, 17.5350266 ], [ -95.65359188, 17.56048794 ], [ -95.6484708, 17.53988909 ], [ -95.68515422, 17.53753174 ], [ -95.70210192, 17.51849168 ], [ -95.72514937, 17.53622608 ], [ -95.72689688, 17.57802905 ], [ -95.78175125, 17.60302826 ], [ -95.79185258, 17.58636329 ], [ -95.80754957, 17.59184158 ], [ -95.80348578, 17.60710029 ], [ -95.77365846, 17.6058504 ], [ -95.78111434, 17.63887688 ], [ -95.8033056, 17.62936575 ], [ -95.87101835, 17.70216892 ], [ -95.89529329, 17.70449395 ], [ -95.872809719, 17.727409051 ], [ -95.89263411, 17.72071682 ], [ -95.902863799, 17.73410372 ], [ -95.892924309, 17.765141321 ], [ -95.8663904, 17.77435283 ], [ -95.84933642, 17.82584792 ], [ -95.85881557, 17.84478349 ], [ -95.79992472, 17.95001257 ], [ -95.83316694, 18.12902683 ], [ -95.90716146, 18.13564449 ], [ -95.9146468, 18.15220048 ], [ -95.93334172, 18.14166754 ], [ -95.95345946, 18.15986512 ], [ -96.051389, 18.126738251 ], [ -96.0991836, 18.16684331 ], [ -96.154225939, 18.13180489 ], [ -96.18828205, 18.151302941 ], [ -96.17069103, 18.186383981 ], [ -96.217478089, 18.161967401 ], [ -96.288236709, 18.259761421 ], [ -96.26916392, 18.27398418 ], [ -96.270763749, 18.29782335 ], [ -96.30994786, 18.32235334 ], [ -96.31732791, 18.36453725 ], [ -96.3453428, 18.37969546 ], [ -96.35258777, 18.41024734 ], [ -96.40298454, 18.4399194 ], [ -96.42076198, 18.5104578 ], [ -96.46107055, 18.57304362 ], [ -96.49993063, 18.58952986 ], [ -96.56094709, 18.58769862 ], [ -96.68302172, 18.66968806 ], [ -96.68869697, 18.63879283 ], [ -96.67246352, 18.60757412 ], [ -96.70214898, 18.58122671 ], [ -96.69963072, 18.55334289 ], [ -96.71560478, 18.57324149 ], [ -96.72689948, 18.529829 ], [ -96.68154402, 18.50327277 ], [ -96.70970712, 18.42995417 ], [ -96.68103725, 18.41220443 ], [ -96.67504666, 18.38422954 ], [ -96.69624991, 18.36475448 ], [ -96.69772383, 18.38207406 ], [ -96.74103766, 18.38261306 ], [ -96.72491908, 18.40817982 ], [ -96.75908505, 18.40826366 ], [ -96.76318571, 18.42705068 ], [ -96.78101195, 18.42906951 ], [ -96.79701183, 18.51193518 ], [ -96.81344615, 18.51761791 ], [ -96.84235751, 18.49338878 ], [ -96.89925098, 18.54864795 ], [ -96.92594478, 18.53492554 ], [ -96.95433414, 18.55382937 ], [ -96.99891734, 18.53191646 ], [ -97.07996752, 18.45450778 ], [ -97.08347138, 18.48394275 ], [ -97.14456308, 18.57092786 ], [ -97.14144277, 18.59641791 ], [ -97.23542915, 18.64356948 ], [ -97.27185192, 18.62777915 ], [ -97.30320266, 18.67428562 ], [ -97.32317806, 18.66430852 ], [ -97.34397458, 18.685759 ], [ -97.35002537, 18.71714311 ], [ -97.330059, 18.7659744 ], [ -97.35285031, 18.77436128 ], [ -97.35303111, 18.79128491 ], [ -97.3263456, 18.81024648 ], [ -97.29731158, 18.86731029 ], [ -97.2418156, 18.90214271 ], [ -97.25825892, 18.97771422 ], [ -97.28512577, 18.99943085 ], [ -97.26662571, 19.0303132 ], [ -97.26139946, 19.09662726 ], [ -97.19719794, 19.14655911 ], [ -97.20963297, 19.15985089 ], [ -97.19458906, 19.17181258 ], [ -97.06669271, 19.159455321 ], [ -97.05563308, 19.13400217 ], [ -97.0270518, 19.1332362 ], [ -97.05615475, 19.19766658 ], [ -97.00123451, 19.23654602 ], [ -96.98556011, 19.27939682 ], [ -97.03099058, 19.29732677 ], [ -97.04551137, 19.32128262 ], [ -97.10199869, 19.30361545 ], [ -97.17020569, 19.32902235 ], [ -97.20027346, 19.30926475 ], [ -97.21560526, 19.32331972 ], [ -97.21020605, 19.35944165 ], [ -97.2849682, 19.39163674 ], [ -97.33775011, 19.39253072 ], [ -97.36045311, 19.37602932 ], [ -97.397356539, 19.41906423 ], [ -97.35727628, 19.43237672 ], [ -97.34825852, 19.48462697 ], [ -97.40455588, 19.49586629 ], [ -97.43427852, 19.58884846 ], [ -97.41846728, 19.62721655 ], [ -97.40274729, 19.61534302 ], [ -97.34116157, 19.67575175 ], [ -97.30393002, 19.67115554 ], [ -97.3331404, 19.71677982 ], [ -97.3137838, 19.7351354 ], [ -97.30455903, 19.87069469 ], [ -97.25580865, 19.93246009 ], [ -97.26924909, 19.94702728 ], [ -97.26066906, 19.97725443 ], [ -97.20692723, 20.01466782 ], [ -97.20615191, 20.05635492 ], [ -97.12240882, 20.13672148 ], [ -97.15136389, 20.13754034 ], [ -97.1499912, 20.16061426 ], [ -97.16441343, 20.15183155 ], [ -97.24404115, 20.1822786 ], [ -97.28319126, 20.18111206 ], [ -97.365512398, 20.215751201 ], [ -97.37823883, 20.24925566 ], [ -97.40816878, 20.23209206 ], [ -97.44527609, 20.24616066 ], [ -97.46429385, 20.22422723 ], [ -97.4650594, 20.1802184 ], [ -97.50538408, 20.15393815 ], [ -97.49483846, 20.13734828 ], [ -97.58602802, 20.07932992 ], [ -97.59571151, 20.09689154 ], [ -97.57865135, 20.10251988 ], [ -97.60273531, 20.11931382 ], [ -97.60448911, 20.16687362 ], [ -97.63280295, 20.18322702 ], [ -97.65244077, 20.16356615 ], [ -97.68683092, 20.16580937 ], [ -97.69871838, 20.18237842 ], [ -97.73925651, 20.18924902 ], [ -97.73511192, 20.24239194 ], [ -97.75729751, 20.279079 ], [ -97.68139762, 20.30243242 ], [ -97.68985792, 20.32008731 ], [ -97.67312512, 20.33660729 ], [ -97.67934494, 20.34991788 ], [ -97.70068949, 20.31991903 ], [ -97.74287652, 20.35119677 ], [ -97.74444995, 20.38011015 ], [ -97.765641739, 20.38122835 ], [ -97.73459932, 20.45130634 ], [ -97.70918749, 20.45510937 ], [ -97.6720752, 20.4085294 ], [ -97.64541072, 20.40832363 ], [ -97.63536508, 20.45218555 ], [ -97.59588391, 20.46399155 ], [ -97.57604555, 20.49090017 ], [ -97.54104334, 20.48971162 ], [ -97.58795302, 20.56107026 ], [ -97.63666451, 20.55371172 ], [ -97.64819649, 20.5663122 ], [ -97.65896548, 20.54511594 ], [ -97.68477191, 20.5542612 ], [ -97.68517198, 20.57343734 ], [ -97.70190315, 20.57186632 ], [ -97.69341908, 20.60268068 ], [ -97.71539398, 20.6090848 ], [ -97.70446817, 20.62922425 ], [ -97.74951122, 20.64332046 ], [ -97.73706737, 20.67965531 ], [ -97.75753715, 20.69346818 ], [ -97.75296791, 20.73236991 ], [ -97.72281992, 20.74998854 ], [ -97.72598297, 20.79165365 ], [ -97.69517932, 20.80003885 ], [ -97.73891494, 20.80153463 ], [ -97.77300168, 20.82720138 ], [ -97.83025394, 20.80795717 ], [ -97.85011843, 20.81692383 ], [ -97.84108748, 20.83931194 ], [ -97.87911978, 20.83427588 ], [ -97.9224466, 20.71651878 ], [ -97.89742569, 20.70321383 ], [ -97.91783471, 20.67124455 ], [ -97.89514571, 20.62269845 ], [ -97.90968569, 20.58637811 ], [ -97.98081611, 20.54070886 ], [ -97.97933374, 20.51493337 ], [ -98.01727162, 20.52599238 ], [ -98.02101, 20.62678 ], [ -98.07490282, 20.67654785 ], [ -98.08718085, 20.62287677 ], [ -98.11178648, 20.615936751 ], [ -98.15804302, 20.542561281 ], [ -98.22844837, 20.521011221 ], [ -98.3121386, 20.449767651 ], [ -98.32101362, 20.418013801 ], [ -98.38614878, 20.402712911 ], [ -98.46208058, 20.33121574 ], [ -98.51740108, 20.33685168 ], [ -98.54861714, 20.35975378 ], [ -98.54968914, 20.43535917 ], [ -98.59728569, 20.49577086 ], [ -98.53466517, 20.53065818 ], [ -98.51224802, 20.59422435 ], [ -98.48018046, 20.58899889 ], [ -98.49484672, 20.64434051 ], [ -98.42928055, 20.7162746 ], [ -98.42364655, 20.74772215 ], [ -98.52505134, 20.68183911 ], [ -98.53339735, 20.66271691 ], [ -98.55017975, 20.68939254 ], [ -98.50643806, 20.73311915 ], [ -98.51665391, 20.74288968 ], [ -98.50361051, 20.73222669 ], [ -98.44972888, 20.75134571 ], [ -98.46323055, 20.78517711 ], [ -98.43063858, 20.84767243 ], [ -98.34514554, 20.86485254 ], [ -98.352870459, 20.83600714 ], [ -98.314837849, 20.80981548 ], [ -98.344665259, 20.79748534 ], [ -98.328522319, 20.78409682 ], [ -98.307830349, 20.80191611 ], [ -98.298810059, 20.77783985 ], [ -98.233652619, 20.79755557 ], [ -98.224705059, 20.81823523 ], [ -98.253765049, 20.82149172 ], [ -98.265503049, 20.86653623 ], [ -98.250966309, 20.89730469 ], [ -98.224862889, 20.90635725 ], [ -98.23738625, 20.93477625 ], [ -98.22823674, 20.95801965 ], [ -98.21438497, 20.95604754 ], [ -98.20158275, 21.01247598 ], [ -98.18827143, 21.03130815 ], [ -98.16115768, 21.01913063 ], [ -98.14735823, 21.07844968 ], [ -98.17486192, 21.10622389 ], [ -98.20169428, 21.10613651 ], [ -98.19515225, 21.1203632 ], [ -98.21682458, 21.15147235 ], [ -98.24911037, 21.12940332 ], [ -98.28217377, 21.13641738 ], [ -98.29592225, 21.15361326 ], [ -98.27913114, 21.19275255 ], [ -98.29790337, 21.17740249 ], [ -98.31585591, 21.18687962 ], [ -98.35075423, 21.15714268 ], [ -98.41643569, 21.15498189 ], [ -98.44676691, 21.17981315 ], [ -98.45694788, 21.214833 ], [ -98.47965663, 21.22388846 ], [ -98.46835974, 21.24965114 ], [ -98.51654337, 21.24426895 ], [ -98.54398172, 21.26390123 ], [ -98.49561751, 21.34042022 ], [ -98.46483546, 21.34776332 ], [ -98.46869709, 21.38703262 ], [ -98.48641728, 21.39851765 ], [ -98.50120771, 21.38545651 ], [ -98.51918791, 21.4013036 ], [ -98.53225586, 21.50113952 ], [ -98.60224742, 21.54043082 ], [ -98.62574666, 21.58545605 ], [ -98.621127, 21.62782215 ], [ -98.64363069, 21.63168171 ], [ -98.60947048, 21.66722909 ], [ -98.62199697, 21.68238257 ], [ -98.57920063, 21.67194778 ], [ -98.55825548, 21.68767186 ], [ -98.56743471, 21.71736774 ], [ -98.54384057, 21.72339388 ], [ -98.53074157, 21.69727454 ], [ -98.52053169, 21.71023146 ], [ -98.53741051, 21.72062425 ], [ -98.5166742, 21.71685051 ], [ -98.49894622, 21.72724278 ], [ -98.50421892, 21.73804809 ], [ -98.47692418, 21.74521926 ], [ -98.46759695, 21.77069814 ], [ -98.45470011, 21.76642669 ], [ -98.47503829, 21.81419205 ], [ -98.49311892, 21.81394032 ], [ -98.48632045, 21.83626851 ], [ -98.51448114, 21.82389343 ], [ -98.52885838, 21.86317512 ], [ -98.54803354, 21.86010509 ], [ -98.53820297, 21.90580822 ], [ -98.52020095, 21.89698634 ], [ -98.51079751, 21.90869705 ], [ -98.54587423, 21.91734794 ], [ -98.54384705, 21.93211746 ], [ -98.50045225, 21.92314852 ], [ -98.50314566, 21.93662642 ], [ -98.51559734, 21.95126783 ], [ -98.56601985, 21.93764442 ], [ -98.57883911, 21.96609225 ], [ -98.55066502, 21.96075006 ], [ -98.52200037, 21.97943068 ], [ -98.49320337, 21.9604116 ], [ -98.46880577, 21.96460132 ], [ -98.48147637, 21.99051403 ], [ -98.45954448, 21.99516906 ], [ -98.43464922, 22.05166902 ], [ -98.43945212, 22.07564709 ], [ -98.41882506, 22.09801922 ], [ -98.43873706, 22.11191494 ], [ -98.43201672, 22.12826538 ], [ -98.33654502, 22.18769325 ], [ -98.33041318, 22.20134445 ], [ -98.35226122, 22.22279878 ], [ -98.32596705, 22.2430528 ], [ -98.37455585, 22.2360794 ], [ -98.36813668, 22.25537311 ], [ -98.40509331, 22.25607629 ], [ -98.39637811, 22.27626191 ], [ -98.43037152, 22.27460292 ], [ -98.44665903, 22.30562128 ], [ -98.47590838, 22.2886398 ], [ -98.53521452, 22.33787831 ], [ -98.57929065, 22.34862811 ], [ -98.57931582, 22.37775694 ], [ -98.6815466, 22.37157486 ], [ -98.67088815, 22.40567348 ], [ -98.638156, 22.41452403 ], [ -98.57493552, 22.39394549 ], [ -98.52536172, 22.40678072 ], [ -98.50638851, 22.42926672 ], [ -98.46680758, 22.42880174 ], [ -98.46095912, 22.41219192 ], [ -98.43717026, 22.43358831 ], [ -98.40954342, 22.39992669 ], [ -98.38474514, 22.4223352 ], [ -98.3878092, 22.38928438 ], [ -98.35522535, 22.40744563 ], [ -98.35227252, 22.38870332 ], [ -98.31757826, 22.39097398 ], [ -98.312711, 22.41427277 ], [ -98.32736145, 22.42646958 ], [ -98.31221518, 22.4452192 ], [ -98.31682298, 22.46856234 ], [ -98.287369319, 22.467028171 ], [ -98.27293689, 22.447291051 ], [ -98.247931429, 22.47165663 ], [ -98.208827769, 22.46476237 ] ] ] ] } },
{ "type": "Feature", "properties": { "cvegeo": "31", "cve_ent": "31", "nomgeo_inegi": "Yucatán", "nom_abrev": "Yuc.", "pob_total": "2320898", "pob_femenina": "1180619", "pob_masculina": "1140279", "total_viviendas_habitadas": "658351", "estado_csv": "Yucatán" }, "geometry": { "type": "MultiPolygon", "coordinates": [ [ [ [ -92.224100001, 20.907999981 ], [ -92.238900001, 20.898499981 ], [ -92.245300001, 20.901799981 ], [ -92.224700001, 20.913699982 ], [ -92.224100001, 20.907999981 ] ] ], [ [ [ -92.200500001, 20.924099981 ], [ -92.201100001, 20.924099981 ], [ -92.201200001, 20.925199982 ], [ -92.200200001, 20.924599982 ], [ -92.200500001, 20.924099981 ] ] ], [ [ [ -92.198200002, 20.925799981 ], [ -92.199600002, 20.926199982 ], [ -92.197300001, 20.928799982 ], [ -92.197000001, 20.927499982 ], [ -92.198200002, 20.925799981 ] ] ], [ [ [ -92.204100001, 20.924999981 ], [ -92.205700001, 20.919399981 ], [ -92.215700001, 20.913899981 ], [ -92.200700001, 20.934599982 ], [ -92.204100001, 20.924999981 ] ] ], [ [ [ -92.302500001, 20.989399979 ], [ -92.307100002, 20.976399978 ], [ -92.324200001, 20.974199978 ], [ -92.312300001, 20.980899979 ], [ -92.324900002, 20.983899978 ], [ -92.302500001, 20.989399979 ] ] ], [ [ [ -92.079200001, 21.837799984 ], [ -92.081600001, 21.838399984 ], [ -92.080500002, 21.840299985 ], [ -92.079000001, 21.839299985 ], [ -92.079200001, 21.837799984 ] ] ], [ [ [ -88.283876809, 21.564494335 ], [ -88.28375128, 21.563098104 ], [ -88.285272713, 21.562800297 ], [ -88.285233377, 21.563947218 ], [ -88.283876809, 21.564494335 ] ] ], [ [ [ -88.006594698, 21.610456612 ], [ -87.953284089, 21.6076626 ], [ -87.687410486, 21.517100535 ], [ -87.53491291, 21.49022245 ], [ -87.53314528, 20.99960214 ], [ -87.74425948, 20.653787091 ], [ -87.96274205, 20.44670603 ], [ -87.995065451, 20.447316431 ], [ -87.992960031, 20.41799292 ], [ -88.1364896, 20.28137178 ], [ -88.2646342, 20.29034203 ], [ -88.26681495, 20.26912032 ], [ -88.30878843, 20.25351003 ], [ -88.409127743, 20.252097323 ], [ -88.402892004, 20.239488884 ], [ -88.443426183, 20.238149784 ], [ -88.519929952, 20.192328033 ], [ -88.50234525, 20.19007795 ], [ -88.5076212, 20.14339109 ], [ -88.57668155, 20.14807831 ], [ -88.69060891, 20.08985612 ], [ -88.70017617, 20.01035672 ], [ -88.78350258, 20.00818018 ], [ -88.81650329, 19.90447352 ], [ -88.82943672, 19.9060146 ], [ -88.82592634, 19.87992558 ], [ -88.88019154, 19.87812488 ], [ -88.87912483, 19.86239323 ], [ -88.90048802, 19.86111402 ], [ -88.91110397, 19.80093758 ], [ -88.92951246, 19.79094855 ], [ -88.94543375, 19.79194632 ], [ -88.94385214, 19.81344278 ], [ -88.97445177, 19.81810083 ], [ -88.99946797, 19.79799438 ], [ -89.00408743, 19.7720074 ], [ -89.02516298, 19.77670968 ], [ -89.04882706, 19.72149332 ], [ -88.99474128, 19.7274396 ], [ -88.99752938, 19.70488389 ], [ -89.03052363, 19.70883175 ], [ -89.03620046, 19.67803952 ], [ -89.12339852, 19.70342415 ], [ -89.1336406, 19.61463203 ], [ -89.10839168, 19.61233849 ], [ -89.10902446, 19.58234938 ], [ -89.14952065, 19.58124934 ], [ -89.14486169, 19.63739872 ], [ -89.18920314, 19.64400594 ], [ -89.19024963, 19.63331774 ], [ -89.22286874, 19.63665697 ], [ -89.21955657, 19.60802225 ], [ -89.29656182, 19.55117409 ], [ -89.41247852, 19.64937629 ], [ -89.44811299, 19.698353511 ], [ -89.46829548, 19.70016129 ], [ -89.49166182, 19.74222845 ], [ -89.47914943, 19.74064555 ], [ -89.47590946, 19.771220201 ], [ -89.52567237, 19.77555465 ], [ -89.58749975, 19.87442005 ], [ -89.58681034, 19.92046003 ], [ -89.604670079, 19.938284969 ], [ -89.59870389, 19.99819738 ], [ -89.74847417, 20.179269721 ], [ -89.79397478, 20.136171942 ], [ -89.802505279, 20.201605081 ], [ -89.846164909, 20.209686981 ], [ -89.840678169, 20.25102751 ], [ -89.87566069, 20.253101951 ], [ -89.87238231, 20.28762809 ], [ -89.83796388, 20.28717588 ], [ -90.00417368, 20.48702188 ], [ -90.04168845, 20.46645149 ], [ -90.067210652, 20.425225889 ], [ -90.13157125, 20.443077579 ], [ -90.18629757, 20.436932319 ], [ -90.1847879, 20.461046139 ], [ -90.23420799, 20.470466619 ], [ -90.22924097, 20.54356289 ], [ -90.33523611, 20.54131231 ], [ -90.33523611, 20.57634771 ], [ -90.34113811, 20.55370112 ], [ -90.38664878, 20.5555858 ], [ -90.379357, 20.84832729 ], [ -90.406985958, 20.848619982 ], [ -90.338404787, 21.005419549 ], [ -90.09461232, 21.15555277 ], [ -89.996626341, 21.176243055 ], [ -89.84512754, 21.25081168 ], [ -89.666769128, 21.287506488 ], [ -89.681108653, 21.349192218 ], [ -89.664652776, 21.288733326 ], [ -89.645702827, 21.289550138 ], [ -88.840622293, 21.39787366 ], [ -88.6947392, 21.45107325 ], [ -88.606322852, 21.524817343 ], [ -88.39755097, 21.56538957 ], [ -88.26990837, 21.55565735 ], [ -88.143318157, 21.623977479 ], [ -88.006594698, 21.610456612 ] ] ], [ [ [ -91.3869, 22.110699995 ], [ -91.387500001, 22.111599995 ], [ -91.386, 22.112299995 ], [ -91.385900001, 22.111499995 ], [ -91.3869, 22.110699995 ] ] ], [ [ [ -91.3809, 22.117299995 ], [ -91.381600001, 22.115699995 ], [ -91.383900001, 22.116099995 ], [ -91.382800001, 22.117399995 ], [ -91.3809, 22.117299995 ] ] ], [ [ [ -91.4082, 22.117499994 ], [ -91.409100001, 22.117799994 ], [ -91.4092, 22.119099995 ], [ -91.4079, 22.119099994 ], [ -91.4082, 22.117499994 ] ] ], [ [ [ -91.405500001, 22.119199994 ], [ -91.405000001, 22.118899995 ], [ -91.4045, 22.117599994 ], [ -91.405600001, 22.117799995 ], [ -91.405500001, 22.119199994 ] ] ], [ [ [ -91.388400001, 22.121999995 ], [ -91.389400001, 22.122199995 ], [ -91.3896, 22.123599995 ], [ -91.388100001, 22.122799995 ], [ -91.388400001, 22.121999995 ] ] ], [ [ [ -89.662810317, 22.368585837 ], [ -89.664034139, 22.36897329 ], [ -89.663901537, 22.371354206 ], [ -89.662630032, 22.371536709 ], [ -89.662810317, 22.368585837 ] ] ], [ [ [ -89.667961249, 22.369027812 ], [ -89.671697329, 22.367675717 ], [ -89.674004099, 22.367957014 ], [ -89.665697916, 22.372751893 ], [ -89.667961249, 22.369027812 ] ] ], [ [ [ -89.667395549, 22.3792706 ], [ -89.668581864, 22.379896086 ], [ -89.667996257, 22.380620609 ], [ -89.666928835, 22.380390386 ], [ -89.667395549, 22.3792706 ] ] ], [ [ [ -89.674639219, 22.380716279 ], [ -89.674605165, 22.376886364 ], [ -89.680152638, 22.380314133 ], [ -89.678561737, 22.381495435 ], [ -89.674639219, 22.380716279 ] ] ], [ [ [ -89.68096532, 22.380313765 ], [ -89.681919013, 22.380932568 ], [ -89.680026018, 22.383711285 ], [ -89.679120143, 22.382156081 ], [ -89.68096532, 22.380313765 ] ] ], [ [ [ -89.677794923, 22.387624449 ], [ -89.679168079, 22.387493346 ], [ -89.679637516, 22.390122577 ], [ -89.678238786, 22.389829744 ], [ -89.677794923, 22.387624449 ] ] ], [ [ [ -89.674559477, 22.38826933 ], [ -89.675902957, 22.388738584 ], [ -89.675568756, 22.390387338 ], [ -89.674163579, 22.389744381 ], [ -89.674559477, 22.38826933 ] ] ], [ [ [ -89.726117186, 22.427140278 ], [ -89.725354047, 22.424675865 ], [ -89.729286509, 22.424548313 ], [ -89.728482399, 22.428486076 ], [ -89.726117186, 22.427140278 ] ] ], [ [ [ -89.719742069, 22.427479603 ], [ -89.720919167, 22.4277905 ], [ -89.720698437, 22.428496124 ], [ -89.720025452, 22.428623232 ], [ -89.719742069, 22.427479603 ] ] ], [ [ [ -89.716346393, 22.431827933 ], [ -89.716155256, 22.430434506 ], [ -89.720231734, 22.430518761 ], [ -89.719896979, 22.431335824 ], [ -89.716346393, 22.431827933 ] ] ], [ [ [ -89.727869033, 22.432720163 ], [ -89.72854627, 22.433024887 ], [ -89.728503876, 22.433484376 ], [ -89.727478858, 22.433576215 ], [ -89.727869033, 22.432720163 ] ] ], [ [ [ -89.73042941, 22.433887968 ], [ -89.727016101, 22.428948534 ], [ -89.728648894, 22.42878945 ], [ -89.731702797, 22.424693553 ], [ -89.73042941, 22.433887968 ] ] ], [ [ [ -89.735533907, 22.437630186 ], [ -89.739590294, 22.433011324 ], [ -89.74381223, 22.43503514 ], [ -89.741366756, 22.439059199 ], [ -89.735533907, 22.437630186 ] ] ], [ [ [ -89.731528772, 22.438565507 ], [ -89.733031024, 22.439148122 ], [ -89.733454227, 22.44029563 ], [ -89.731521619, 22.440835888 ], [ -89.731528772, 22.438565507 ] ] ], [ [ [ -89.727709736, 22.44247273 ], [ -89.725433519, 22.442688991 ], [ -89.726960776, 22.439628553 ], [ -89.729370404, 22.440073821 ], [ -89.727709736, 22.44247273 ] ] ], [ [ [ -89.723595717, 22.443381363 ], [ -89.725890625, 22.444142988 ], [ -89.725562136, 22.445678981 ], [ -89.723168301, 22.445314475 ], [ -89.723595717, 22.443381363 ] ] ], [ [ [ -89.74263662, 22.471952742 ], [ -89.744766552, 22.472062051 ], [ -89.743999393, 22.475882323 ], [ -89.740113097, 22.472595562 ], [ -89.74263662, 22.471952742 ] ] ], [ [ [ -89.749144461, 22.465044667 ], [ -89.73871478, 22.448936214 ], [ -89.73866659, 22.44021824 ], [ -89.759253668, 22.470188226 ], [ -89.755546288, 22.484164104 ], [ -89.749144461, 22.465044667 ] ] ], [ [ [ -89.74811146, 22.484321889 ], [ -89.751148462, 22.484443007 ], [ -89.75162142, 22.486348982 ], [ -89.748534755, 22.486766349 ], [ -89.74811146, 22.484321889 ] ] ], [ [ [ -89.752245452, 22.490135321 ], [ -89.754094623, 22.493295874 ], [ -89.749771656, 22.494458713 ], [ -89.74953773, 22.49136636 ], [ -89.752245452, 22.490135321 ] ] ], [ [ [ -89.732027989, 22.499774698 ], [ -89.724614701, 22.500104015 ], [ -89.72852284, 22.490527175 ], [ -89.735551421, 22.495330229 ], [ -89.732027989, 22.499774698 ] ] ], [ [ [ -89.757859061, 22.505532451 ], [ -89.760927896, 22.506017484 ], [ -89.761177424, 22.508645414 ], [ -89.75780177, 22.50895566 ], [ -89.757859061, 22.505532451 ] ] ], [ [ [ -89.770988262, 22.500791009 ], [ -89.756981798, 22.491017263 ], [ -89.758610327, 22.479962326 ], [ -89.784489965, 22.505457953 ], [ -89.770988262, 22.500791009 ] ] ], [ [ [ -89.735690072, 22.508355274 ], [ -89.738478672, 22.507588929 ], [ -89.739127808, 22.510678224 ], [ -89.736341354, 22.511842541 ], [ -89.735690072, 22.508355274 ] ] ], [ [ [ -89.715807032, 22.506708068 ], [ -89.720159028, 22.506994932 ], [ -89.720226068, 22.510695153 ], [ -89.717158581, 22.511318396 ], [ -89.715807032, 22.506708068 ] ] ], [ [ [ -89.730378804, 22.516518961 ], [ -89.731170883, 22.512435474 ], [ -89.735674845, 22.517615873 ], [ -89.73130014, 22.518906751 ], [ -89.730378804, 22.516518961 ] ] ], [ [ [ -89.751218993, 22.518599122 ], [ -89.753288585, 22.518667294 ], [ -89.7538411, 22.522809563 ], [ -89.750098971, 22.520052935 ], [ -89.751218993, 22.518599122 ] ] ], [ [ [ -89.743185281, 22.518018163 ], [ -89.741762844, 22.513746314 ], [ -89.750508903, 22.506125095 ], [ -89.74350568, 22.5229858 ], [ -89.743185281, 22.518018163 ] ] ], [ [ [ -89.749086425, 22.524131803 ], [ -89.751343428, 22.524136268 ], [ -89.751985334, 22.528436618 ], [ -89.750870267, 22.528709552 ], [ -89.749086425, 22.524131803 ] ] ], [ [ [ -89.738559055, 22.52920969 ], [ -89.740494867, 22.530026772 ], [ -89.739357708, 22.531804622 ], [ -89.738323542, 22.531059316 ], [ -89.738559055, 22.52920969 ] ] ], [ [ [ -89.740661668, 22.528218385 ], [ -89.737064227, 22.52491068 ], [ -89.737008102, 22.52165162 ], [ -89.740272283, 22.522484083 ], [ -89.742580077, 22.532280861 ], [ -89.740661668, 22.528218385 ] ] ], [ [ [ -89.741107668, 22.537169351 ], [ -89.742476695, 22.534988049 ], [ -89.743019732, 22.538948825 ], [ -89.741442631, 22.538461687 ], [ -89.741107668, 22.537169351 ] ] ], [ [ [ -89.737778825, 22.538312107 ], [ -89.735706354, 22.538834171 ], [ -89.737403411, 22.536474107 ], [ -89.741112302, 22.541000335 ], [ -89.737778825, 22.538312107 ] ] ], [ [ [ -89.762320025, 22.561685037 ], [ -89.760337063, 22.561751017 ], [ -89.76007272, 22.56102382 ], [ -89.763245449, 22.561156241 ], [ -89.763311401, 22.562941145 ], [ -89.762320025, 22.561685037 ] ] ], [ [ [ -89.764178593, 22.562754566 ], [ -89.776275243, 22.560706398 ], [ -89.778059697, 22.562623725 ], [ -89.774952822, 22.563813295 ], [ -89.764178593, 22.562754566 ] ] ], [ [ [ -89.779488628, 22.559914813 ], [ -89.780744081, 22.562625373 ], [ -89.780280808, 22.566657862 ], [ -89.778232587, 22.561236807 ], [ -89.779488628, 22.559914813 ] ] ], [ [ [ -89.775705089, 22.564916072 ], [ -89.777423295, 22.566965603 ], [ -89.776629901, 22.568750404 ], [ -89.77557263, 22.566899276 ], [ -89.775705089, 22.564916072 ] ] ], [ [ [ -89.773811707, 22.566844494 ], [ -89.77526526, 22.570744993 ], [ -89.774868436, 22.572662057 ], [ -89.773811001, 22.572199184 ], [ -89.773811707, 22.566844494 ] ] ], [ [ [ -89.763521197, 22.578788414 ], [ -89.764237617, 22.576928736 ], [ -89.765718047, 22.579035209 ], [ -89.762565175, 22.581135328 ], [ -89.763521197, 22.578788414 ] ] ], [ [ [ -89.756405553, 22.582056264 ], [ -89.75846436, 22.575349082 ], [ -89.759647409, 22.5753031 ], [ -89.760493162, 22.581223867 ], [ -89.756405553, 22.582056264 ] ] ], [ [ [ -89.755163044, 22.565851136 ], [ -89.757526627, 22.570122995 ], [ -89.752948958, 22.58247939 ], [ -89.75096664, 22.578741544 ], [ -89.755163044, 22.565851136 ] ] ], [ [ [ -89.665483553, 22.552078711 ], [ -89.619136654, 22.495457283 ], [ -89.608554082, 22.453667613 ], [ -89.6307879, 22.385108887 ], [ -89.660210007, 22.365446694 ], [ -89.66127603, 22.371211129 ], [ -89.65115639, 22.376339778 ], [ -89.647138637, 22.388204129 ], [ -89.662913211, 22.372571079 ], [ -89.658687279, 22.390093588 ], [ -89.687158696, 22.39761897 ], [ -89.679789933, 22.386642031 ], [ -89.692914599, 22.381440796 ], [ -89.702152127, 22.408445061 ], [ -89.729861775, 22.420973086 ], [ -89.68967106, 22.416032118 ], [ -89.701601967, 22.432464733 ], [ -89.729116767, 22.436743513 ], [ -89.712609012, 22.454082652 ], [ -89.729579815, 22.458287246 ], [ -89.714334762, 22.464953678 ], [ -89.731633878, 22.468867125 ], [ -89.732553673, 22.486089235 ], [ -89.705260589, 22.495034001 ], [ -89.7159103, 22.531414186 ], [ -89.72763742, 22.521608914 ], [ -89.732059473, 22.537378436 ], [ -89.753293048, 22.547139508 ], [ -89.744225424, 22.523322777 ], [ -89.756432263, 22.539392242 ], [ -89.770737175, 22.513598116 ], [ -89.789689368, 22.503988602 ], [ -89.795490697, 22.515082207 ], [ -89.782883739, 22.553113394 ], [ -89.774524279, 22.560188708 ], [ -89.761639, 22.559744118 ], [ -89.74872199, 22.567675141 ], [ -89.751037265, 22.585357668 ], [ -89.665483553, 22.552078711 ] ] ] ] } },
{ "type": "Feature", "properties": { "cvegeo": "32", "cve_ent": "32", "nomgeo_inegi": "Zacatecas", "nom_abrev": "Zac.", "pob_total": "1622138", "pob_femenina": "831080", "pob_masculina": "791058", "total_viviendas_habitadas": "442835", "estado_csv": "Zacatecas" }, "geometry": { "type": "Polygon", "coordinates": [ [ [ -102.29547729, 25.12518888 ], [ -101.84881, 25.01762362 ], [ -101.77346295, 24.87553512 ], [ -101.68514949, 24.84001266 ], [ -101.65633177, 24.86079317 ], [ -101.60126063, 24.8355632 ], [ -101.60901163, 24.78966414 ], [ -101.64076723, 24.80070354 ], [ -101.62226971, 24.75898308 ], [ -101.461639349, 24.73675682 ], [ -101.40215706, 24.788222431 ], [ -101.34214157, 24.813352511 ], [ -101.215039139, 24.775167851 ], [ -101.181802819, 24.73901497 ], [ -101.1276196, 24.623361771 ], [ -101.08049514, 24.59118531 ], [ -100.958792599, 24.542684061 ], [ -100.90223378, 24.583917741 ], [ -100.847805649, 24.555618601 ], [ -100.79993412, 24.55618608 ], [ -100.74232429, 24.46043546 ], [ -100.85038308, 24.34353854 ], [ -100.94528598, 24.28119589 ], [ -101.00667463, 24.33583478 ], [ -101.00986828, 24.38511737 ], [ -100.98732705, 24.43251932 ], [ -101.01268868, 24.39081914 ], [ -101.06540152, 24.20702111 ], [ -101.21674638, 24.15973191 ], [ -101.19250495, 23.91855914 ], [ -101.77512245, 23.44762935 ], [ -102.01194383, 23.37274855 ], [ -102.12253246, 23.35386009 ], [ -102.16879912, 23.36102565 ], [ -102.16861497, 23.39890752 ], [ -102.19134226, 23.40138792 ], [ -102.19361522, 23.44759911 ], [ -102.23815031, 23.44690143 ], [ -102.25361148, 23.36495589 ], [ -102.29603842, 23.32050129 ], [ -102.26953366, 23.27991288 ], [ -102.23159685, 23.31511635 ], [ -102.24467212, 23.27676875 ], [ -102.28582548, 23.27332014 ], [ -102.28936898, 23.23169094 ], [ -102.23945771, 23.20949329 ], [ -102.24097403, 23.16938043 ], [ -102.21415463, 23.13131986 ], [ -102.26005097, 23.04591551 ], [ -102.23808165, 23.04764388 ], [ -102.19213177, 22.86490206 ], [ -102.12489688, 22.7829522 ], [ -101.93975603, 22.64572549 ], [ -101.85328423, 22.65602511 ], [ -101.87295771, 22.56307335 ], [ -101.81989152, 22.55129471 ], [ -101.83714105, 22.49969214 ], [ -101.79927571, 22.47055946 ], [ -101.78336074, 22.46503383 ], [ -101.77153529, 22.48816332 ], [ -101.73536075, 22.48021495 ], [ -101.74617508, 22.50869326 ], [ -101.69601849, 22.52042211 ], [ -101.65990646, 22.5053204 ], [ -101.59008315, 22.58903575 ], [ -101.59528732, 22.62407249 ], [ -101.57382102, 22.61281611 ], [ -101.567398, 22.65677632 ], [ -101.4970036, 22.70154102 ], [ -101.490964539, 22.74287735 ], [ -101.411077079, 22.74768069 ], [ -101.34923392, 22.71177929 ], [ -101.38001825, 22.67583492 ], [ -101.35937609, 22.65353294 ], [ -101.33693697, 22.65875605 ], [ -101.30570908, 22.60993031 ], [ -101.28572638, 22.50785565 ], [ -101.31372634, 22.45349017 ], [ -101.37478575, 22.45645837 ], [ -101.38191055, 22.35748508 ], [ -101.43297235, 22.36327674 ], [ -101.43512542, 22.34153398 ], [ -101.39143495, 22.29990188 ], [ -101.41625892, 22.26734554 ], [ -101.37680382, 22.26165583 ], [ -101.32425315, 22.20989346 ], [ -101.35130594, 22.17675966 ], [ -101.32774498, 22.14411206 ], [ -101.35423974, 22.07173529 ], [ -101.34658728, 22.04969008 ], [ -101.37707837, 22.04496214 ], [ -101.36973832, 22.02751725 ], [ -101.38275537, 22.02073791 ], [ -101.36569229, 22.01854843 ], [ -101.351675, 22.04378915 ], [ -101.32720848, 22.02149805 ], [ -101.34857245, 22.02807112 ], [ -101.35243929, 22.01308158 ], [ -101.32651029, 21.99972805 ], [ -101.37336572, 21.99024935 ], [ -101.42917286, 21.93436114 ], [ -101.41022762, 21.90869354 ], [ -101.43459592, 21.89706506 ], [ -101.44180286, 21.90933783 ], [ -101.44067483, 21.89271623 ], [ -101.48319623, 21.86768078 ], [ -101.50351528, 21.83012398 ], [ -101.49633125, 21.80993966 ], [ -101.51054175, 21.79905849 ], [ -101.52204409, 21.81802305 ], [ -101.53701198, 21.81046205 ], [ -101.56596355, 21.84203334 ], [ -101.56980628, 21.91708074 ], [ -101.59584886, 21.90996262 ], [ -101.61671189, 21.92944797 ], [ -101.65069569, 21.9076754 ], [ -101.65914109, 21.94159489 ], [ -101.74662982, 22.01206463 ], [ -101.77763308, 22.00730175 ], [ -101.80143615, 22.0309962 ], [ -101.81567305, 22.01998309 ], [ -101.86166982, 22.028883831 ], [ -101.85519154, 22.046511171 ], [ -102.02591518, 22.129771 ], [ -102.01707549, 22.15396128 ], [ -102.04522131, 22.15373323 ], [ -102.00099308, 22.16811055 ], [ -101.99971608, 22.23365603 ], [ -102.022494579, 22.241585491 ], [ -102.03726965, 22.29897568 ], [ -102.05121358, 22.29121303 ], [ -102.07562705, 22.30607278 ], [ -102.10524986, 22.28079283 ], [ -102.15323048, 22.29041022 ], [ -102.14984748, 22.34717506 ], [ -102.25320071, 22.37449451 ], [ -102.25029937, 22.38722171 ], [ -102.2900764, 22.41991795 ], [ -102.29830685, 22.45958968 ], [ -102.3118048, 22.45691582 ], [ -102.32136472, 22.38853265 ], [ -102.362877079, 22.388747281 ], [ -102.378442819, 22.360878581 ], [ -102.46864195, 22.35188148 ], [ -102.47020163, 22.3092102 ], [ -102.52703934, 22.29089903 ], [ -102.66874285, 22.29187105 ], [ -102.67001705, 22.24570243 ], [ -102.63929894, 22.22603918 ], [ -102.65159598, 22.19314023 ], [ -102.66931008, 22.19402358 ], [ -102.69086523, 22.10655503 ], [ -102.75580571, 22.07366208 ], [ -102.87417658, 21.852771 ], [ -102.84731475, 21.83340922 ], [ -102.85334506, 21.79905315 ], [ -102.83126215, 21.79724858 ], [ -102.81691626, 21.76647537 ], [ -102.74529994, 21.72005231 ], [ -102.76649214, 21.68692828 ], [ -102.80527897, 21.6712824 ], [ -102.77340511, 21.65830608 ], [ -102.78361469, 21.64669337 ], [ -102.76474134, 21.59606458 ], [ -102.69510074, 21.57291283 ], [ -102.69641017, 21.54303034 ], [ -102.63073432, 21.53398334 ], [ -102.64216685, 21.51872135 ], [ -102.62484151, 21.50141149 ], [ -102.64906725, 21.47419658 ], [ -102.63612986, 21.46290782 ], [ -102.65500686, 21.44664952 ], [ -102.65966946, 21.41087702 ], [ -102.63814062, 21.39323652 ], [ -102.64259489, 21.3672006 ], [ -102.69505532, 21.34074446 ], [ -102.72912806, 21.38735554 ], [ -102.72795977, 21.3570878 ], [ -102.75776543, 21.33918618 ], [ -102.75528088, 21.3231586 ], [ -102.77181772, 21.31600588 ], [ -102.78891602, 21.3295074 ], [ -102.79849937, 21.30691378 ], [ -102.81196378, 21.32371682 ], [ -102.81515903, 21.294669 ], [ -102.84877754, 21.29317629 ], [ -102.84482945, 21.27732685 ], [ -102.87657366, 21.23663402 ], [ -102.90302866, 21.235186 ], [ -102.91065217, 21.20523466 ], [ -102.9478112, 21.21460112 ], [ -102.94629392, 21.23444345 ], [ -102.99690402, 21.25968194 ], [ -103.01701354, 21.24104854 ], [ -103.04588371, 21.24942569 ], [ -103.04489188, 21.26236526 ], [ -103.0655, 21.25580645 ], [ -103.0569852, 21.2467876 ], [ -103.08430635, 21.19405949 ], [ -103.07137586, 21.15293375 ], [ -103.09850012, 21.12849331 ], [ -103.0757904, 21.09688889 ], [ -103.05647537, 21.09931975 ], [ -103.08842457, 21.06574182 ], [ -103.12332315, 21.06680391 ], [ -103.12930548, 21.05327785 ], [ -103.18836734, 21.07065972 ], [ -103.20960165, 21.0942206 ], [ -103.25823462, 21.08306643 ], [ -103.27573077, 21.05144665 ], [ -103.29655831, 21.06483842 ], [ -103.35310294, 21.04525995 ], [ -103.39596291, 21.08028845 ], [ -103.4285824, 21.14672382 ], [ -103.50405154, 21.127738681 ], [ -103.51096405, 21.146222151 ], [ -103.5314648, 21.141977511 ], [ -103.55444726, 21.1165798 ], [ -103.59044103, 21.127522061 ], [ -103.61863426, 21.188778621 ], [ -103.66732405, 21.21604855 ], [ -103.64019588, 21.22207242 ], [ -103.63513698, 21.28317985 ], [ -103.66668051, 21.29046511 ], [ -103.71621138, 21.26786848 ], [ -103.72083909, 21.30796108 ], [ -103.70508455, 21.32549772 ], [ -103.67740382, 21.31991095 ], [ -103.61694509, 21.35340965 ], [ -103.57845238, 21.33023429 ], [ -103.56763002, 21.35221586 ], [ -103.50996402, 21.35489288 ], [ -103.50392025, 21.37683702 ], [ -103.53870026, 21.44477092 ], [ -103.57588365, 21.43615398 ], [ -103.59531165, 21.39090623 ], [ -103.62652537, 21.43448206 ], [ -103.66078977, 21.44158357 ], [ -103.65874325, 21.46369766 ], [ -103.70146472, 21.46626591 ], [ -103.67257825, 21.50545474 ], [ -103.694487, 21.52888688 ], [ -103.68978888, 21.55235315 ], [ -103.65831645, 21.55590654 ], [ -103.64487828, 21.57645418 ], [ -103.61900469, 21.55686368 ], [ -103.59291832, 21.55922592 ], [ -103.59049657, 21.58979468 ], [ -103.55889183, 21.57640409 ], [ -103.54522218, 21.58763891 ], [ -103.55549174, 21.63408351 ], [ -103.50847355, 21.73973505 ], [ -103.57262726, 21.80348983 ], [ -103.52605765, 21.80506525 ], [ -103.53142529, 21.81783857 ], [ -103.50281745, 21.83307471 ], [ -103.47052997, 21.81354026 ], [ -103.47235654, 21.83600388 ], [ -103.45535731, 21.83279591 ], [ -103.41387009, 21.9054554 ], [ -103.39433888, 21.89669457 ], [ -103.34408, 21.91347195 ], [ -103.34135088, 21.94040314 ], [ -103.27856102, 21.98965015 ], [ -103.26471535, 21.97184498 ], [ -103.20556792, 21.96519438 ], [ -103.19181226, 21.9744498 ], [ -103.20166177, 21.99856812 ], [ -103.11148645, 22.01426131 ], [ -103.10790862, 22.06339578 ], [ -103.15428532, 22.07223682 ], [ -103.15278375, 22.08762205 ], [ -103.10170034, 22.101798 ], [ -103.07702474, 22.12550442 ], [ -103.10879838, 22.14434091 ], [ -103.10605877, 22.19135603 ], [ -103.05477017, 22.21382686 ], [ -103.05545518, 22.24725632 ], [ -103.10098772, 22.29397486 ], [ -103.19057382, 22.29852702 ], [ -103.22062195, 22.28046617 ], [ -103.2082326, 22.3330812 ], [ -103.16858992, 22.35461566 ], [ -103.16857769, 22.3850128 ], [ -103.19877088, 22.38060123 ], [ -103.21341274, 22.41007325 ], [ -103.23212057, 22.39339386 ], [ -103.28523072, 22.41424415 ], [ -103.30050158, 22.39299012 ], [ -103.31458463, 22.40490822 ], [ -103.36471668, 22.36953563 ], [ -103.36668298, 22.35103902 ], [ -103.34295528, 22.33512237 ], [ -103.36375648, 22.31448317 ], [ -103.35009274, 22.30745655 ], [ -103.35568811, 22.27979925 ], [ -103.32770582, 22.30736037 ], [ -103.30688274, 22.30628306 ], [ -103.29779034, 22.29833726 ], [ -103.31393822, 22.25871075 ], [ -103.29510443, 22.25328528 ], [ -103.31193417, 22.23325698 ], [ -103.33769678, 22.24516368 ], [ -103.38302631, 22.22701342 ], [ -103.38565692, 22.2125286 ], [ -103.40895963, 22.21536491 ], [ -103.41723122, 22.19047609 ], [ -103.43412468, 22.19076054 ], [ -103.41968574, 22.17748285 ], [ -103.43949966, 22.1176392 ], [ -103.5015642, 22.10556402 ], [ -103.51589708, 22.1099162 ], [ -103.51455097, 22.12910857 ], [ -103.54273657, 22.12061212 ], [ -103.56014086, 22.13658566 ], [ -103.57995034, 22.12682712 ], [ -103.58111989, 22.10487074 ], [ -103.59404342, 22.11164672 ], [ -103.60470457, 22.09794158 ], [ -103.68384732, 22.10920523 ], [ -103.69029298, 22.13009328 ], [ -103.65447365, 22.17193622 ], [ -103.6308964, 22.23891797 ], [ -103.59490325, 22.27307835 ], [ -103.63778809, 22.29523311 ], [ -103.64211148, 22.34087335 ], [ -103.60480235, 22.34014231 ], [ -103.59401974, 22.40721494 ], [ -103.55919371, 22.42842755 ], [ -103.60275868, 22.55679154 ], [ -103.66101051, 22.54714438 ], [ -103.72655502, 22.57414663 ], [ -103.76910209, 22.55578915 ], [ -103.81017642, 22.42728523 ], [ -103.81115172, 22.37674523 ], [ -103.84543423, 22.34275749 ], [ -103.82861982, 22.28661289 ], [ -103.862936, 22.16688243 ], [ -103.91787557, 22.26197045 ], [ -103.91014942, 22.28332785 ], [ -103.92612425, 22.33207282 ], [ -103.86692938, 22.40938063 ], [ -103.8947, 22.43816386 ], [ -103.87609835, 22.44118391 ], [ -103.88536857, 22.47352509 ], [ -103.86398532, 22.49144342 ], [ -103.87518638, 22.52157588 ], [ -103.85179798, 22.55362008 ], [ -103.86072057, 22.56761886 ], [ -103.76085869, 22.62580225 ], [ -103.75198622, 22.71164531 ], [ -103.77174005, 22.73328705 ], [ -103.89832763, 22.72827731 ], [ -103.90934246, 22.7501238 ], [ -104.01192705, 22.74792755 ], [ -104.05591151, 22.7239782 ], [ -104.05916422, 22.69206366 ], [ -104.0724774, 22.70099983 ], [ -104.07045331, 22.69061083 ], [ -104.04751317, 22.68559854 ], [ -104.05447735, 22.67814258 ], [ -104.01550888, 22.66891066 ], [ -104.03329432, 22.63410923 ], [ -104.02700563, 22.61317815 ], [ -103.98622198, 22.59090174 ], [ -104.00083898, 22.56677512 ], [ -103.97233212, 22.54511363 ], [ -104.00557083, 22.53660028 ], [ -103.93441111, 22.49992214 ], [ -103.92939268, 22.47609857 ], [ -103.96057011, 22.43317915 ], [ -104.00590629, 22.40868369 ], [ -104.0151338, 22.36481289 ], [ -104.04875282, 22.37644462 ], [ -104.09734546, 22.3578244 ], [ -104.09489489, 22.37630642 ], [ -104.07539095, 22.38313074 ], [ -104.05152246, 22.46738874 ], [ -104.06879525, 22.52199968 ], [ -104.08802243, 22.53336892 ], [ -104.12079625, 22.51704863 ], [ -104.11350892, 22.49660986 ], [ -104.15040714, 22.51627591 ], [ -104.19022998, 22.50761152 ], [ -104.214828, 22.48416149 ], [ -104.18572954, 22.47141271 ], [ -104.19510028, 22.44763148 ], [ -104.16748678, 22.44515049 ], [ -104.17885578, 22.42743249 ], [ -104.16709237, 22.38762455 ], [ -104.22074992, 22.42109974 ], [ -104.25833937, 22.38465831 ], [ -104.25474252, 22.34878942 ], [ -104.29207912, 22.34395726 ], [ -104.29312755, 22.36513115 ], [ -104.35166128, 22.38919283 ], [ -104.35177102, 22.40775834 ], [ -104.29612582, 22.47298908 ], [ -104.32582417, 22.53739666 ], [ -104.26140748, 22.58620285 ], [ -104.28801232, 22.66578991 ], [ -104.2663444, 22.73653937 ], [ -104.23207465, 22.75310394 ], [ -104.22574409, 22.77831492 ], [ -104.18218085, 22.75826811 ], [ -104.08047523, 22.76661682 ], [ -104.09522718, 22.80583885 ], [ -104.1114848, 22.81031086 ], [ -104.11264435, 22.90511803 ], [ -104.13299402, 22.90495855 ], [ -104.16659289, 22.94522072 ], [ -104.1721324, 23.12840768 ], [ -104.12902262, 23.18221422 ], [ -104.1112146, 23.35120549 ], [ -104.06597709, 23.46349328 ], [ -103.92531342, 23.55698268 ], [ -103.9214686, 23.58917534 ], [ -103.89008692, 23.57982758 ], [ -103.90686731, 23.60187095 ], [ -103.88252238, 23.59227058 ], [ -103.877429019, 23.628969942 ], [ -103.849178509, 23.640081712 ], [ -103.811301939, 23.613648802 ], [ -103.79354178, 23.630855062 ], [ -103.785103509, 23.676564891 ], [ -103.851080539, 23.679599231 ], [ -103.841014619, 23.701242892 ], [ -103.862362339, 23.752638382 ], [ -103.816066979, 23.807650322 ], [ -103.853112349, 23.874615552 ], [ -103.818359829, 23.964908602 ], [ -103.838799289, 23.964824352 ], [ -103.872386579, 24.007021722 ], [ -103.847825979, 24.003236152 ], [ -103.843128849, 24.026967122 ], [ -103.813274119, 24.021973582 ], [ -103.799770339, 24.050564462 ], [ -103.66036155, 24.14932629 ], [ -103.63596954, 24.11029338 ], [ -103.62200668, 24.11746469 ], [ -103.55953635, 24.19378886 ], [ -103.56834994, 24.28637126 ], [ -103.50675542, 24.28796405 ], [ -103.48406263, 24.31834094 ], [ -103.44834005, 24.33260046 ], [ -103.4193324, 24.43048809 ], [ -103.28264548, 24.42883703 ], [ -103.25353178, 24.4472538 ], [ -103.22283354, 24.41710277 ], [ -103.16525892, 24.43519843 ], [ -103.09852728, 24.4016266 ], [ -103.08751465, 24.43602705 ], [ -103.07508097, 24.42262458 ], [ -103.04315022, 24.46650086 ], [ -102.9835728, 24.43325715 ], [ -102.96744017, 24.45770363 ], [ -102.90010651, 24.42850048 ], [ -102.89189095, 24.46111812 ], [ -102.83173562, 24.38469191 ], [ -102.7888524, 24.40624848 ], [ -102.75665432, 24.376983 ], [ -102.6999044, 24.37397185 ], [ -102.60659277, 24.41116882 ], [ -102.53393142, 24.40772211 ], [ -102.52014631, 24.42393214 ], [ -102.48026728, 24.42801388 ], [ -102.51218231, 24.70972111 ], [ -102.56623578, 24.90222075 ], [ -102.67306157, 24.94275208 ], [ -102.67298445, 24.97881825 ], [ -102.64295555, 24.97864817 ], [ -102.62888483, 25.00832166 ], [ -102.66969398, 25.06663649 ], [ -102.44676345, 24.99951542 ], [ -102.4633252, 25.11591615 ], [ -102.29547729, 25.12518888 ] ] ] } }
]
}
