{
"type": "FeatureCollection",
"name": "baja-california-sur",
"crs": { "type": "name", "properties": { "name": "urn:ogc:def:crs:OGC:1.3:CRS84" } },
"features": [
{ "type": "Feature", "properties": { "NAME_1": "Baja California Sur", "NAME_2": "Comondú" }, "geometry": { "type": "GeometryCollection", "geometries": [ { "type": "Polygon", "coordinates": [ [ [ -112.092636108397997, 24.778194427490199 ], [ -112.114028930664006, 24.790138244628899 ], [ -112.119583129882997, 24.782363891601602 ], [ -112.12264251709, 24.7870826721193 ], [ -112.117637634277003, 24.805141448974702 ], [ -112.095138549805, 24.8065280914306 ], [ -112.101806640625, 24.812639236450099 ], [ -112.091247558594006, 24.8320827484131 ], [ -112.101806640625, 24.841806411743299 ], [ -112.098747253417997, 24.848749160766602 ], [ -112.106803894042997, 24.842361450195298 ], [ -112.116249084472997, 24.848749160766602 ], [ -112.123748779297003, 24.87180519104 ], [ -112.095413208007997, 24.917083740234499 ], [ -112.105972290039006, 24.915695190429702 ], [ -112.111808776855, 24.936527252197301 ], [ -112.10375213623, 24.938472747802798 ], [ -112.099029541015994, 24.928749084472599 ], [ -112.084861755370994, 24.928470611572301 ], [ -112.077079772949006, 24.933471679687599 ], [ -112.084030151367003, 24.930416107177699 ], [ -112.098747253417997, 24.9409694671631 ], [ -112.086807250977003, 24.938472747802798 ], [ -112.08374786377, 24.945138931274499 ], [ -112.077919006347997, 24.939582824707099 ], [ -112.079025268555, 24.9501361846925 ], [ -112.110969543457003, 24.9423637390138 ], [ -112.107360839844006, 24.959306716918899 ], [ -112.094581604004006, 24.9626388549806 ], [ -112.10375213623, 24.9823627471925 ], [ -112.09708404541, 25.001527786254901 ], [ -112.101524353027003, 25.007362365722699 ], [ -112.104858398437997, 25.007362365722699 ], [ -112.110137939452997, 25.000415802001999 ], [ -112.101806640625, 24.994304656982401 ], [ -112.109024047852003, 24.979030609130898 ], [ -112.117080688477003, 24.985416412353601 ], [ -112.114585876465, 24.975694656372202 ], [ -112.139030456542997, 24.9490261077881 ], [ -112.137084960937997, 24.934305191040199 ], [ -112.130416870117003, 24.932916641235401 ], [ -112.135139465332003, 24.926527023315501 ], [ -112.127082824707003, 24.922082901001101 ], [ -112.131248474120994, 24.920415878296001 ], [ -112.142639160155994, 24.904027938842798 ], [ -112.136528015137003, 24.882360458373999 ], [ -112.147918701172003, 24.8654174804687 ], [ -112.134582519530994, 24.866249084472699 ], [ -112.130973815917997, 24.8584728240968 ], [ -112.135414123535, 24.864305496215898 ], [ -112.136528015137003, 24.841249465942301 ], [ -112.145141601562003, 24.834863662719801 ], [ -112.144027709960994, 24.803472518921001 ], [ -112.160415649414006, 24.833194732666101 ], [ -112.145141601562003, 24.849027633666999 ], [ -112.151527404785, 24.852361679077301 ], [ -112.14624786377, 24.8584728240968 ], [ -112.169860839844006, 24.835416793823399 ], [ -112.165412902832003, 24.820972442626999 ], [ -112.173469543457003, 24.819583892822301 ], [ -112.167358398437003, 24.8112506866456 ], [ -112.17847442627, 24.8193054199219 ], [ -112.189582824707003, 24.851804733276499 ], [ -112.185974121094006, 24.860416412353501 ], [ -112.180137634277003, 24.854028701782202 ], [ -112.157638549805, 24.868749618530401 ], [ -112.173469543457003, 24.867082595825298 ], [ -112.158470153809006, 24.909860610961999 ], [ -112.15958404541, 24.932083129882901 ], [ -112.183197021484006, 24.943195343017599 ], [ -112.164306640625, 24.952083587646602 ], [ -112.183471679687003, 24.946527481078999 ], [ -112.184303283690994, 24.960695266723601 ], [ -112.170417785644005, 24.968473434448299 ], [ -112.145118713379006, 24.965349197387798 ], [ -112.15291595459, 24.982084274292099 ], [ -112.137084960937997, 24.997917175293001 ], [ -112.122360229492003, 25.038194656372099 ], [ -112.130973815917997, 25.047916412353501 ], [ -112.121803283690994, 25.0729160308838 ], [ -112.142913818359006, 25.0740280151368 ], [ -112.155693054199006, 25.066249847412202 ], [ -112.157363891602003, 25.095415115356499 ], [ -112.148475646972997, 25.112361907958999 ], [ -112.141807556152003, 25.1054172515869 ], [ -112.151527404785, 25.118473052978501 ], [ -112.148475646972997, 25.1301383972169 ], [ -112.149864196777003, 25.136249542236399 ], [ -112.130142211914006, 25.183473587036101 ], [ -112.114303588867003, 25.185972213745199 ], [ -112.125137329102003, 25.1934719085693 ], [ -112.114860534667997, 25.210138320922901 ], [ -112.115417480469006, 25.239860534668001 ], [ -112.105140686035, 25.237911224365298 ], [ -112.093475341797003, 25.238195419311602 ], [ -112.085136413574006, 25.2443046569825 ], [ -112.081253051757997, 25.234306335449201 ], [ -112.077919006347997, 25.241807937622099 ], [ -112.085418701172003, 25.260971069336101 ], [ -112.09375, 25.262363433837901 ], [ -112.100135803222997, 25.2534713745118 ], [ -112.106803894042997, 25.255416870117301 ], [ -112.10375213623, 25.274860382080099 ], [ -112.086807250977003, 25.274583816528398 ], [ -112.097358703612997, 25.2693061828613 ], [ -112.080696105957003, 25.262638092041001 ], [ -112.075691223144005, 25.2787494659425 ], [ -112.083190917969006, 25.299861907958999 ], [ -112.07430267334, 25.3004169464112 ], [ -112.076805114745994, 25.3304157257081 ], [ -112.071250915527003, 25.3329162597656 ], [ -112.07763671875, 25.342081069946399 ], [ -112.070419311522997, 25.352361679077099 ], [ -112.084861755370994, 25.351804733276399 ], [ -112.087913513184006, 25.358474731445298 ], [ -112.085136413574006, 25.365972518921001 ], [ -112.076805114745994, 25.3612499237062 ], [ -112.073196411132997, 25.3665275573732 ], [ -112.085975646972997, 25.372085571289102 ], [ -112.07430267334, 25.374027252197301 ], [ -112.093193054199006, 25.371250152587901 ], [ -112.095413208007997, 25.377082824707099 ], [ -112.09375, 25.400417327880898 ], [ -112.079025268555, 25.407083511352599 ], [ -112.090698242187003, 25.414028167724702 ], [ -112.086250305175994, 25.4331951141357 ], [ -112.074584960937997, 25.415138244628899 ], [ -112.067359924315994, 25.431249618530401 ], [ -112.069580078125, 25.4451389312744 ], [ -112.08708190918, 25.4395847320556 ], [ -112.088195800780994, 25.462360382080099 ], [ -112.07152557373, 25.463752746581999 ], [ -112.080696105957003, 25.466527938842901 ], [ -112.064025878905994, 25.472917556762798 ], [ -112.028472900390994, 25.471805572509901 ], [ -112.02458190918, 25.474306106567401 ], [ -112.091529846190994, 25.473749160766602 ], [ -112.080139160155994, 25.508195877075298 ], [ -112.07096862793, 25.506803512573399 ], [ -112.074584960937997, 25.4923610687256 ], [ -112.064025878905994, 25.4923610687256 ], [ -112.070693969727003, 25.494861602783299 ], [ -112.070419311522997, 25.509027481079102 ], [ -112.081253051757997, 25.512083053588899 ], [ -112.079307556152003, 25.5168056488038 ], [ -112.073471069335994, 25.515970230102599 ], [ -112.066802978515994, 25.5184745788575 ], [ -112.063468933105, 25.5220832824707 ], [ -112.069305419922003, 25.533472061157202 ], [ -112.064636230469006, 25.555971145629901 ], [ -112.084861755370994, 25.556249618530298 ], [ -112.065414428710994, 25.566249847412202 ], [ -112.074859619140994, 25.576250076293999 ], [ -112.062080383300994, 25.586526870727599 ], [ -112.061531066895, 25.612363815307699 ], [ -112.066528320312003, 25.619028091430799 ], [ -112.072082519530994, 25.6140251159668 ], [ -112.074028015137003, 25.622638702392599 ], [ -112.065696716309006, 25.636249542236399 ], [ -112.073471069335994, 25.647638320923001 ], [ -112.066802978515994, 25.652082443237401 ], [ -112.076530456542997, 25.662082672119102 ], [ -112.074584960937997, 25.667360305786101 ], [ -112.074028015137003, 25.675970077514801 ], [ -112.085975646972997, 25.675138473510799 ], [ -112.094306945800994, 25.692081451416101 ], [ -112.079582214355, 25.698749542236399 ], [ -112.072639465332003, 25.687915802002099 ], [ -112.074028015137003, 25.696527481079102 ], [ -112.081253051757997, 25.700416564941499 ], [ -112.075141906737997, 25.727361679077099 ], [ -112.082641601562003, 25.700138092041101 ], [ -112.095695495605, 25.702083587646399 ], [ -112.097640991210994, 25.6881942749025 ], [ -112.10652923584, 25.7793064117432 ], [ -112.129585266112997, 25.814861297607401 ], [ -112.190414428710994, 25.983472824096701 ], [ -112.231117248535, 26.034137725830199 ], [ -112.278854370117003, 26.062160491943501 ], [ -112.270919799805, 26.070035934448399 ], [ -112.269165039062003, 26.102273941040099 ], [ -112.24666595459, 26.086666107177699 ], [ -112.244720458984006, 26.087223052978501 ], [ -112.238037109375, 26.082841873168999 ], [ -112.231666564940994, 26.081943511962901 ], [ -112.264251708984006, 26.102333068847599 ], [ -112.273155212402003, 26.102535247802798 ], [ -112.27278137207, 26.068889617919901 ], [ -112.294784545897997, 26.057327270507798 ], [ -112.30827331543, 26.072135925293001 ], [ -112.310302734375, 26.098169326782301 ], [ -112.330635070800994, 26.152122497558501 ], [ -112.368728637695, 26.204360961914201 ], [ -112.348815917969006, 26.213317871093899 ], [ -112.331115722655994, 26.209472656250099 ], [ -112.298828125, 26.2241401672363 ], [ -112.3115234375, 26.2462692260743 ], [ -112.313293457030994, 26.2808837890625 ], [ -112.340576171875, 26.29327583313 ], [ -112.376586914062003, 26.261903762817401 ], [ -112.392578125, 26.2606811523438 ], [ -112.400932312012003, 26.307468414306602 ], [ -112.339477539062003, 26.3295288085938 ], [ -112.235511779785, 26.321559906006001 ], [ -112.231056213379006, 26.3337707519532 ], [ -112.195137023925994, 26.350540161132798 ], [ -112.177795410155994, 26.340515136718899 ], [ -112.162170410155994, 26.3551025390625 ], [ -112.150817871094006, 26.3474731445312 ], [ -112.156005859375, 26.3306884765625 ], [ -112.125511169434006, 26.326139450073299 ], [ -112.115112304687003, 26.315673828125099 ], [ -112.09912109375, 26.324523925781399 ], [ -112.076904296875, 26.3220825195312 ], [ -112.032707214355, 26.269689559936602 ], [ -111.986206054687997, 26.324890136718899 ], [ -111.970825195312003, 26.311706542968899 ], [ -111.977600097655994, 26.2822875976563 ], [ -111.9033203125, 26.245727539062599 ], [ -111.897338867187997, 26.248973846435501 ], [ -111.897087097167997, 26.2754001617432 ], [ -111.876686096190994, 26.290950775146499 ], [ -111.827697753905994, 26.381530761718899 ], [ -111.808288574219006, 26.390321731567401 ], [ -111.794418334960994, 26.411861419677699 ], [ -111.741287231445, 26.455961227416999 ], [ -111.730102539062003, 26.456481933593899 ], [ -111.699279785155994, 26.4370727539062 ], [ -111.630920410155994, 26.328308105468899 ], [ -111.616577148437997, 26.320495605468899 ], [ -111.511589050292997, 26.357950210571399 ], [ -111.510719299315994, 26.374019622802798 ], [ -111.531723022460994, 26.4134197235107 ], [ -111.527366638184006, 26.431110382080099 ], [ -111.468505859375, 26.425294876098601 ], [ -111.462089538574006, 26.401830673217798 ], [ -111.424201965332003, 26.379978179931602 ], [ -111.423080444335994, 26.370815277099599 ], [ -111.434684753417997, 26.368310928344702 ], [ -111.425659179687997, 26.3520812988282 ], [ -111.403190612792997, 26.350265502929801 ], [ -111.386772155762003, 26.323011398315401 ], [ -111.382133483887003, 26.284318923950298 ], [ -111.394348144530994, 26.2770175933838 ], [ -111.397468566894005, 26.256395339965898 ], [ -111.377365112305, 26.2164916992188 ], [ -111.378028869629006, 26.188867568969801 ], [ -111.360260009765994, 26.166072845458999 ], [ -111.353439331055, 26.128751754760899 ], [ -111.343856811522997, 26.111816406250099 ], [ -111.324226379394005, 26.100126266479499 ], [ -111.318153381347997, 26.0746879577637 ], [ -111.345230102539006, 26.0288200378418 ], [ -111.336112976074006, 26.004722595214801 ], [ -111.338195800780994, 25.9859714508057 ], [ -111.358474731445, 25.9618034362794 ], [ -111.354583740234006, 25.9270839691163 ], [ -111.343193054199006, 25.922082901001101 ], [ -111.336250305175994, 25.906803131103501 ], [ -111.341804504395, 25.876806259155401 ], [ -111.331253051757997, 25.852361679077202 ], [ -111.332916259765994, 25.8356952667237 ], [ -111.310417175292997, 25.8320827484131 ], [ -111.316528320312003, 25.817361831665099 ], [ -111.307357788085994, 25.811527252197401 ], [ -111.305137634277003, 25.772081375122099 ], [ -111.253753662109006, 25.739860534668001 ], [ -111.242637634277003, 25.7206935882568 ], [ -111.224029541015994, 25.725416183471701 ], [ -111.211524963379006, 25.7023601531982 ], [ -111.215972900390994, 25.690416336059599 ], [ -111.204864501952997, 25.672361373901499 ], [ -111.193473815917997, 25.6137504577638 ], [ -111.172080993652003, 25.595417022705199 ], [ -111.163749694824006, 25.572362899780298 ], [ -111.145416259765994, 25.5659713745118 ], [ -111.13680267334, 25.543193817138601 ], [ -111.113471984862997, 25.524583816528398 ], [ -111.073753356934006, 25.525693893432599 ], [ -111.069862365722997, 25.531528472900501 ], [ -111.07430267334, 25.520971298217798 ], [ -111.068748474120994, 25.5140285491944 ], [ -111.05403137207, 25.520971298217798 ], [ -111.039581298827997, 25.515693664550799 ], [ -111.039024353027003, 25.521528244018601 ], [ -111.016250610352003, 25.5140285491944 ], [ -111.02458190918, 25.444028854370199 ], [ -111.003471374512003, 25.416528701782202 ], [ -111.000694274902003, 25.388196945190401 ], [ -110.984580993652003, 25.366249084472798 ], [ -110.97875213623, 25.341527938842798 ], [ -110.952919006347997, 25.3293056488037 ], [ -110.957084655762003, 25.322639465331999 ], [ -110.943473815917997, 25.3056945800781 ], [ -110.947639465332003, 25.295139312744201 ], [ -110.932640075684006, 25.291803359985401 ], [ -110.938468933105, 25.286527633666999 ], [ -110.933746337890994, 25.2740268707275 ], [ -110.946250915527003, 25.266250610351602 ], [ -110.936805725097997, 25.2223606109619 ], [ -110.920417785644005, 25.209863662719801 ], [ -110.905975341797003, 25.1831951141357 ], [ -110.912635803222997, 25.171806335449201 ], [ -110.906524658202997, 25.144861221313601 ], [ -110.879829406737997, 25.126295089721602 ], [ -110.868751525879006, 25.105695724487202 ], [ -110.886337280272997, 25.0346393585206 ], [ -110.906562805175994, 24.9982109069825 ], [ -110.951759338379006, 24.957761764526399 ], [ -110.95686340332, 24.917070388793999 ], [ -110.991470336914006, 24.911140441894599 ], [ -111.023109436035, 24.866189956665199 ], [ -111.055068969727003, 24.848810195922901 ], [ -111.045379638672003, 24.821989059448299 ], [ -111.096542358397997, 24.783859252929702 ], [ -111.11856842041, 24.7477111816407 ], [ -111.190376281737997, 24.750129699707099 ], [ -111.234756469727003, 24.7081604003907 ], [ -111.236763000487997, 24.680150985717901 ], [ -111.260711669922003, 24.687852859497202 ], [ -111.28044128418, 24.670560836791999 ], [ -111.292701721190994, 24.679220199584901 ], [ -111.299926757812003, 24.6622104644775 ], [ -111.325096130370994, 24.640310287475501 ], [ -111.396347045897997, 24.631750106811499 ], [ -111.416427612305, 24.644750595092798 ], [ -111.429916381835994, 24.634599685668999 ], [ -111.448669433594006, 24.640260696411101 ], [ -111.456420898437997, 24.621650695800898 ], [ -111.501518249512003, 24.571239471435501 ], [ -111.507591247559006, 24.519849777221701 ], [ -111.553527832030994, 24.491239547729499 ], [ -111.548011779785, 24.477050781250099 ], [ -111.520370483397997, 24.454219818115298 ], [ -111.534561157227003, 24.4220581054688 ], [ -111.505737304687997, 24.389026641845799 ], [ -111.531806945800994, 24.413194656372202 ], [ -111.553192138672003, 24.410972595214901 ], [ -111.555137634277003, 24.4043064117432 ], [ -111.564582824707003, 24.412914276123001 ], [ -111.57096862793, 24.4054164886475 ], [ -111.575691223144005, 24.415695190429702 ], [ -111.58430480957, 24.415136337280298 ], [ -111.582084655762003, 24.432916641235401 ], [ -111.594581604004006, 24.427360534668001 ], [ -111.609306335449006, 24.4370841979982 ], [ -111.628753662109006, 24.514305114746101 ], [ -111.65291595459, 24.5523586273194 ], [ -111.646530151367003, 24.5448608398438 ], [ -111.637084960937997, 24.547916412353601 ], [ -111.655975341797003, 24.569026947021499 ], [ -111.682640075684006, 24.583194732666101 ], [ -111.695693969727003, 24.579584121704102 ], [ -111.690139770507997, 24.557638168335 ], [ -111.699584960937003, 24.538194656372099 ], [ -111.732360839844006, 24.5412502288819 ], [ -111.733779907227003, 24.550174713134901 ], [ -111.725975036620994, 24.5540275573732 ], [ -111.732360839844006, 24.559305191040199 ], [ -111.736808776855, 24.549583435058601 ], [ -111.757080078125, 24.540695190429702 ], [ -111.795417785644005, 24.545972824096701 ], [ -111.80680847168, 24.555139541625898 ], [ -111.807914733887003, 24.5659694671631 ], [ -111.793746948242003, 24.5693054199219 ], [ -111.801246643065994, 24.5712509155275 ], [ -111.800415039062003, 24.585971832275401 ], [ -111.811248779297003, 24.5918064117432 ], [ -111.808471679687003, 24.597085952758899 ], [ -111.815971374512003, 24.597917556762699 ], [ -111.805137634277003, 24.573194503784201 ], [ -111.814308166504006, 24.559305191040199 ], [ -111.80403137207, 24.542360305786101 ], [ -111.75846862793, 24.5148620605469 ], [ -111.809585571289006, 24.5179157257081 ], [ -111.810417175292997, 24.508750915527301 ], [ -111.819030761719006, 24.5095825195313 ], [ -111.816253662109006, 24.572639465331999 ], [ -111.841461181640994, 24.638229370117301 ], [ -111.937637329102003, 24.7395839691163 ], [ -111.939025878905994, 24.745138168335 ], [ -111.930969238280994, 24.744861602783299 ], [ -111.911804199219006, 24.7251415252687 ], [ -111.92569732666, 24.748193740844702 ], [ -111.968193054199006, 24.782083511352699 ], [ -111.972640991210994, 24.777637481689499 ], [ -111.963752746582003, 24.759304046630898 ], [ -111.971252441405994, 24.752082824707099 ], [ -111.954307556152003, 24.752641677856499 ], [ -111.964859008789006, 24.736249923706001 ], [ -111.987640380859006, 24.742916107177699 ], [ -112.031524658202997, 24.738748550415099 ], [ -112.019584655762003, 24.7440280914307 ], [ -112.032638549805, 24.757360458374102 ], [ -112.029304504395, 24.764583587646602 ], [ -112.039024353027003, 24.7668056488037 ], [ -112.037361145019005, 24.7831935882568 ], [ -112.045692443847997, 24.7870826721193 ], [ -112.029586791992003, 24.796249389648398 ], [ -112.029586791992003, 24.802637100219801 ], [ -112.05403137207, 24.829584121704201 ], [ -112.037361145019005, 24.834583282470799 ], [ -112.02791595459, 24.829860687255898 ], [ -112.032913208007997, 24.821805953979499 ], [ -112.02458190918, 24.815416336059599 ], [ -112.030693054199006, 24.8231945037843 ], [ -112.024864196777003, 24.8273620605469 ], [ -112.025970458984006, 24.836805343627901 ], [ -112.028472900390994, 24.839582443237401 ], [ -112.056526184082003, 24.830415725708001 ], [ -112.04069519043, 24.8081951141357 ], [ -112.04125213623, 24.799028396606499 ], [ -112.053192138672003, 24.807916641235401 ], [ -112.04402923584, 24.7995834350587 ], [ -112.052085876465, 24.7840270996094 ], [ -112.042640686035, 24.754028320312401 ], [ -112.072082519530994, 24.7415275573732 ], [ -112.077079772949006, 24.724582672119102 ], [ -112.077079772949006, 24.735416412353601 ], [ -112.064025878905994, 24.759860992431602 ], [ -112.069862365722997, 24.7648601531982 ], [ -112.077362060547003, 24.7643051147462 ], [ -112.09375, 24.795415878295898 ], [ -112.106803894042997, 24.7987499237062 ], [ -112.092636108397997, 24.778194427490199 ] ] ] }, { "type": "Polygon", "coordinates": [ [ [ -111.269165039062003, 26.1367092132569 ], [ -111.259719848632997, 26.125860214233501 ], [ -111.26220703125, 26.1067218780519 ], [ -111.296592712402003, 26.0984001159669 ], [ -111.279556274414006, 26.1113815307618 ], [ -111.286354064940994, 26.1253547668457 ], [ -111.269165039062003, 26.1367092132569 ] ] ] }, { "type": "Polygon", "coordinates": [ [ [ -111.303344726562003, 26.105049133300799 ], [ -111.30638885498, 26.1041660308838 ], [ -111.306945800780994, 26.105831146240298 ], [ -111.305000305175994, 26.106943130493299 ], [ -111.303344726562003, 26.105049133300799 ] ] ] }, { "type": "Polygon", "coordinates": [ [ [ -111.18180847168, 25.867639541626001 ], [ -111.203193664550994, 25.849027633666999 ], [ -111.204582214355, 25.806249618530401 ], [ -111.227912902832003, 25.8220825195313 ], [ -111.233474731445, 25.848749160766602 ], [ -111.214859008789006, 25.869861602783299 ], [ -111.219863891602003, 25.885139465331999 ], [ -111.197639465332003, 25.9559726715088 ], [ -111.167915344237997, 25.9890251159669 ], [ -111.172676086425994, 26.0047512054444 ], [ -111.162521362305, 26.0193901062012 ], [ -111.175521850585994, 26.0417594909669 ], [ -111.135040283202997, 26.052064895629901 ], [ -111.128608703612997, 26.067222595215 ], [ -111.103790283202997, 26.052249908447401 ], [ -111.060279846190994, 26.073055267333899 ], [ -111.084014892577997, 26.015832901001001 ], [ -111.080139160155994, 25.998193740844801 ], [ -111.068473815917997, 25.997360229492202 ], [ -111.067359924315994, 25.964025497436499 ], [ -111.10041809082, 25.997360229492202 ], [ -111.119026184082003, 25.994583129882798 ], [ -111.131805419922003, 25.961526870727599 ], [ -111.180419921875, 25.9034729003907 ], [ -111.18180847168, 25.867639541626001 ] ] ] }, { "type": "Polygon", "coordinates": [ [ [ -111.179725646972997, 26.045555114746101 ], [ -111.178611755370994, 26.045555114746101 ], [ -111.177284240722997, 26.043886184692401 ], [ -111.180397033690994, 26.044797897338899 ], [ -111.179725646972997, 26.045555114746101 ] ] ] }, { "type": "Polygon", "coordinates": [ [ [ -111.308471679687003, 25.830694198608398 ], [ -111.292358398437003, 25.813474655151499 ], [ -111.297080993652003, 25.807638168335 ], [ -111.308197021484006, 25.812915802001999 ], [ -111.308471679687003, 25.830694198608398 ] ] ] }, { "type": "Polygon", "coordinates": [ [ [ -111.260696411132997, 25.815414428711101 ], [ -111.242919921875, 25.789583206176701 ], [ -111.24430847168, 25.764583587646602 ], [ -111.259582519530994, 25.7831935882568 ], [ -111.260696411132997, 25.815414428711101 ] ] ] }, { "type": "Polygon", "coordinates": [ [ [ -111.274024963379006, 25.758192062378001 ], [ -111.274024963379006, 25.7568054199219 ], [ -111.275970458984006, 25.755416870117202 ], [ -111.275695800780994, 25.757917404174901 ], [ -111.274024963379006, 25.758192062378001 ] ] ] }, { "type": "Polygon", "coordinates": [ [ [ -111.04402923584, 25.7431945800781 ], [ -111.043472290039006, 25.742639541626101 ], [ -111.043746948242003, 25.7387504577637 ], [ -111.044860839844006, 25.741249084472798 ], [ -111.04402923584, 25.7431945800781 ] ] ] }, { "type": "Polygon", "coordinates": [ [ [ -111.05069732666, 25.707639694213999 ], [ -111.033752441405994, 25.714582443237301 ], [ -111.032638549805, 25.703470230102599 ], [ -111.017082214355, 25.693750381469801 ], [ -111.012916564940994, 25.669584274291999 ], [ -111.029861450195, 25.649583816528299 ], [ -111.047637939452997, 25.665138244628999 ], [ -111.06014251709, 25.707082748413001 ], [ -111.05069732666, 25.707639694213999 ] ] ] }, { "type": "Polygon", "coordinates": [ [ [ -110.79125213623, 25.617916107177798 ], [ -110.806251525879006, 25.659584045410298 ], [ -110.798194885254006, 25.6870841979981 ], [ -110.773750305175994, 25.713193893432599 ], [ -110.762916564940994, 25.69069480896 ], [ -110.769027709960994, 25.676527023315501 ], [ -110.757362365722997, 25.629306793212901 ], [ -110.758750915527003, 25.593471527099702 ], [ -110.781806945800994, 25.6009731292725 ], [ -110.79125213623, 25.617916107177798 ] ] ] }, { "type": "Polygon", "coordinates": [ [ [ -112.094863891602003, 25.6390285491943 ], [ -112.088470458984006, 25.6045837402344 ], [ -112.10041809082, 25.499860763549901 ], [ -112.10652923584, 25.516250610351602 ], [ -112.097915649414006, 25.575696945190401 ], [ -112.098472595215, 25.677639007568501 ], [ -112.095413208007997, 25.6798610687256 ], [ -112.094863891602003, 25.6390285491943 ] ] ] }, { "type": "Polygon", "coordinates": [ [ [ -112.077362060547003, 25.672916412353501 ], [ -112.075416564940994, 25.667638778686499 ], [ -112.077919006347997, 25.665138244628999 ], [ -112.079025268555, 25.672082901000898 ], [ -112.077362060547003, 25.672916412353501 ] ] ] }, { "type": "Polygon", "coordinates": [ [ [ -112.082641601562003, 25.6718063354493 ], [ -112.088195800780994, 25.661527633666999 ], [ -112.083190917969006, 25.6481952667237 ], [ -112.088752746582003, 25.643194198608299 ], [ -112.092918395995994, 25.669025421142699 ], [ -112.082641601562003, 25.6718063354493 ] ] ] }, { "type": "Polygon", "coordinates": [ [ [ -112.081253051757997, 25.6654167175294 ], [ -112.075973510742003, 25.656528472900401 ], [ -112.083190917969006, 25.6529140472412 ], [ -112.087364196777003, 25.661249160766602 ], [ -112.081253051757997, 25.6654167175294 ] ] ] }, { "type": "Polygon", "coordinates": [ [ [ -112.075141906737997, 25.655971527099599 ], [ -112.074859619140994, 25.648471832275501 ], [ -112.081253051757997, 25.647638320923001 ], [ -112.081802368164006, 25.6529140472412 ], [ -112.075141906737997, 25.655971527099599 ] ] ] }, { "type": "Polygon", "coordinates": [ [ [ -112.082084655762003, 25.6481952667237 ], [ -112.079582214355, 25.645694732666101 ], [ -112.07430267334, 25.6454162597657 ], [ -112.080696105957003, 25.6348590850831 ], [ -112.074028015137003, 25.625139236450298 ], [ -112.087364196777003, 25.629306793212901 ], [ -112.082084655762003, 25.6481952667237 ] ] ] }, { "type": "Polygon", "coordinates": [ [ [ -112.089584350585994, 25.640417098999102 ], [ -112.09041595459, 25.629861831665099 ], [ -112.090972900390994, 25.629306793212901 ], [ -112.091529846190994, 25.6373615264894 ], [ -112.089584350585994, 25.640417098999102 ] ] ] }, { "type": "Polygon", "coordinates": [ [ [ -112.081253051757997, 25.6270847320557 ], [ -112.073753356934006, 25.618473052978601 ], [ -112.078750610352003, 25.608472824096602 ], [ -112.069030761719006, 25.599861145019599 ], [ -112.074584960937997, 25.594305038452301 ], [ -112.08430480957, 25.601528167724702 ], [ -112.081253051757997, 25.6270847320557 ] ] ] }, { "type": "Polygon", "coordinates": [ [ [ -112.07430267334, 25.614860534668001 ], [ -112.074035644530994, 25.612852096557699 ], [ -112.067085266112997, 25.611803054809702 ], [ -112.072914123535, 25.609861373901399 ], [ -112.075416564940994, 25.6129169464112 ], [ -112.07430267334, 25.614860534668001 ] ] ] }, { "type": "Polygon", "coordinates": [ [ [ -112.082084655762003, 25.595138549804801 ], [ -112.07152557373, 25.5926399230957 ], [ -112.073753356934006, 25.583194732666101 ], [ -112.080413818359006, 25.589027404785298 ], [ -112.076805114745994, 25.5604171752931 ], [ -112.085693359375, 25.563749313354499 ], [ -112.082084655762003, 25.595138549804801 ] ] ] }, { "type": "Polygon", "coordinates": [ [ [ -111.151252746582003, 25.5884723663331 ], [ -111.145973205565994, 25.5868034362794 ], [ -111.144302368164006, 25.5854167938232 ], [ -111.15291595459, 25.582361221313501 ], [ -111.151252746582003, 25.5884723663331 ] ] ] }, { "type": "Polygon", "coordinates": [ [ [ -111.131805419922003, 25.5884723663331 ], [ -111.129302978515994, 25.587085723876999 ], [ -111.129859924315994, 25.584304809570298 ], [ -111.131530761719006, 25.586250305175799 ], [ -111.131805419922003, 25.5884723663331 ] ] ] }, { "type": "Polygon", "coordinates": [ [ [ -112.071250915527003, 25.554306030273601 ], [ -112.070137023925994, 25.5493068695069 ], [ -112.07430267334, 25.5476379394532 ], [ -112.074584960937997, 25.552360534668001 ], [ -112.071250915527003, 25.554306030273601 ] ] ] }, { "type": "Polygon", "coordinates": [ [ [ -112.079833984375, 25.553684234619102 ], [ -112.06819152832, 25.530971527099702 ], [ -112.075141906737997, 25.525693893432599 ], [ -112.066253662109006, 25.5212497711182 ], [ -112.079864501952997, 25.5179157257081 ], [ -112.084587097167997, 25.513748168945298 ], [ -112.079833984375, 25.553684234619102 ] ] ] }, { "type": "Polygon", "coordinates": [ [ [ -112.111526489257997, 25.388471603393601 ], [ -112.102081298827997, 25.457639694213899 ], [ -112.105140686035, 25.490974426269599 ], [ -112.089027404785, 25.497917175293001 ], [ -112.098472595215, 25.4843063354493 ], [ -112.096527099609006, 25.427639007568398 ], [ -112.10986328125, 25.3754177093506 ], [ -112.10319519043, 25.367359161376999 ], [ -112.102912902832003, 25.332361221313601 ], [ -112.117919921875, 25.307916641235501 ], [ -112.121803283690994, 25.279584884643601 ], [ -112.138191223144005, 25.294305801391602 ], [ -112.12735748291, 25.310138702392599 ], [ -112.111526489257997, 25.388471603393601 ] ] ] }, { "type": "Polygon", "coordinates": [ [ [ -112.078475952147997, 25.437360763549901 ], [ -112.075141906737997, 25.435417175293001 ], [ -112.076805114745994, 25.424581527710099 ], [ -112.082359313965, 25.432083129882901 ], [ -112.078475952147997, 25.437360763549901 ] ] ] }, { "type": "Polygon", "coordinates": [ [ [ -112.104583740234006, 25.3801383972168 ], [ -112.102363586425994, 25.376806259155298 ], [ -112.10319519043, 25.374860763549801 ], [ -112.107917785645, 25.376527786254901 ], [ -112.104583740234006, 25.3801383972168 ] ] ] }, { "type": "Polygon", "coordinates": [ [ [ -112.088470458984006, 25.371250152587901 ], [ -112.084030151367003, 25.368471145629901 ], [ -112.086524963379006, 25.363193511962901 ], [ -112.090972900390994, 25.368471145629901 ], [ -112.095695495605, 25.367639541626101 ], [ -112.088470458984006, 25.371250152587901 ] ] ] }, { "type": "Polygon", "coordinates": [ [ [ -112.09708404541, 25.368471145629901 ], [ -112.087364196777003, 25.3620834350587 ], [ -112.089302062987997, 25.358192443847699 ], [ -112.087913513184006, 25.351804733276399 ], [ -112.094306945800994, 25.346250534057599 ], [ -112.095413208007997, 25.3376388549806 ], [ -112.09708404541, 25.368471145629901 ] ] ] }, { "type": "Polygon", "coordinates": [ [ [ -112.081802368164006, 25.346805572509801 ], [ -112.080696105957003, 25.345695495605401 ], [ -112.085136413574006, 25.344863891601602 ], [ -112.085418701172003, 25.3465270996094 ], [ -112.081802368164006, 25.346805572509801 ] ] ] }, { "type": "Polygon", "coordinates": [ [ [ -112.087364196777003, 25.346250534057599 ], [ -112.086807250977003, 25.345138549804702 ], [ -112.093475341797003, 25.3431930541993 ], [ -112.092361450195, 25.345417022705099 ], [ -112.087364196777003, 25.346250534057599 ] ] ] }, { "type": "Polygon", "coordinates": [ [ [ -112.082916259765994, 25.342363357543899 ], [ -112.083473205565994, 25.3409729003906 ], [ -112.085975646972997, 25.342916488647599 ], [ -112.082359313965, 25.343471527099702 ], [ -112.082916259765994, 25.342363357543899 ] ] ] }, { "type": "Polygon", "coordinates": [ [ [ -112.088752746582003, 25.341527938842798 ], [ -112.07763671875, 25.335416793823299 ], [ -112.088195800780994, 25.3259716033937 ], [ -112.096801757812003, 25.334306716918899 ], [ -112.088752746582003, 25.341527938842798 ] ] ] }, { "type": "Polygon", "coordinates": [ [ [ -112.096801757812003, 25.328470230102599 ], [ -112.092918395995994, 25.326248168945298 ], [ -112.09375, 25.3176383972169 ], [ -112.098197937012003, 25.322639465331999 ], [ -112.096801757812003, 25.328470230102599 ] ] ] }, { "type": "Polygon", "coordinates": [ [ [ -112.089584350585994, 25.323472976684599 ], [ -112.088470458984006, 25.322639465331999 ], [ -112.087913513184006, 25.320417404174901 ], [ -112.09041595459, 25.3212509155275 ], [ -112.089584350585994, 25.323472976684599 ] ] ] }, { "type": "Polygon", "coordinates": [ [ [ -112.098747253417997, 25.318750381469801 ], [ -112.094306945800994, 25.299861907958999 ], [ -112.111808776855, 25.296527862548899 ], [ -112.11319732666, 25.310417175293001 ], [ -112.10319519043, 25.315416336059499 ], [ -112.107360839844006, 25.308750152588001 ], [ -112.102912902832003, 25.306249618530298 ], [ -112.098747253417997, 25.318750381469801 ] ] ] }, { "type": "Polygon", "coordinates": [ [ [ -112.086250305175994, 25.319585800171001 ], [ -112.086807250977003, 25.317081451416101 ], [ -112.090141296387003, 25.3176383972169 ], [ -112.090141296387003, 25.318195343017599 ], [ -112.086250305175994, 25.319585800171001 ] ] ] }, { "type": "Polygon", "coordinates": [ [ [ -112.089302062987997, 25.3148593902588 ], [ -112.086524963379006, 25.312639236450298 ], [ -112.086250305175994, 25.310972213745099 ], [ -112.09041595459, 25.313472747802798 ], [ -112.089302062987997, 25.3148593902588 ] ] ] }, { "type": "Polygon", "coordinates": [ [ [ -110.689582824707003, 25.312915802001999 ], [ -110.708473205565994, 25.2679176330568 ], [ -110.727912902832003, 25.2604160308838 ], [ -110.734024047852003, 25.287916183471701 ], [ -110.718193054199006, 25.3045845031738 ], [ -110.689582824707003, 25.312915802001999 ] ] ] }, { "type": "Polygon", "coordinates": [ [ [ -112.093193054199006, 25.312084197998001 ], [ -112.092086791992003, 25.309583663940501 ], [ -112.095413208007997, 25.310417175293001 ], [ -112.095138549805, 25.312084197998001 ], [ -112.093193054199006, 25.312084197998001 ] ] ] }, { "type": "Polygon", "coordinates": [ [ [ -112.09041595459, 25.306249618530298 ], [ -112.09041595459, 25.302082061767699 ], [ -112.093193054199006, 25.301805496215898 ], [ -112.095413208007997, 25.306249618530298 ], [ -112.09041595459, 25.306249618530298 ] ] ] }, { "type": "Polygon", "coordinates": [ [ [ -112.092361450195, 25.3004169464112 ], [ -112.089302062987997, 25.2984714508057 ], [ -112.089859008789006, 25.2948608398438 ], [ -112.092361450195, 25.296249389648601 ], [ -112.092361450195, 25.3004169464112 ] ] ] }, { "type": "Polygon", "coordinates": [ [ [ -112.097915649414006, 25.296249389648601 ], [ -112.098472595215, 25.287639617919901 ], [ -112.096252441405994, 25.280416488647401 ], [ -112.110969543457003, 25.2895812988282 ], [ -112.097915649414006, 25.296249389648601 ] ] ] }, { "type": "Polygon", "coordinates": [ [ [ -112.145690917969006, 25.159860610961999 ], [ -112.166809082030994, 25.096805572509801 ], [ -112.161804199219006, 25.0584716796875 ], [ -112.177085876465, 25.0387496948243 ], [ -112.161529541015994, 25.019859313965 ], [ -112.155693054199006, 24.9895839691162 ], [ -112.164581298827997, 24.988193511962901 ], [ -112.153747558594006, 24.969028472900501 ], [ -112.171806335449006, 24.970138549804599 ], [ -112.18514251709, 24.962917327880898 ], [ -112.188751220702997, 24.9562492370607 ], [ -112.184585571289006, 24.931249618530298 ], [ -112.165969848632997, 24.910972595215 ], [ -112.177360534667997, 24.8873596191406 ], [ -112.188751220702997, 24.893194198608501 ], [ -112.194580078125, 24.9090270996094 ], [ -112.182914733887003, 24.906528472900298 ], [ -112.177917480469006, 24.921249389648601 ], [ -112.197364807129006, 24.9179172515869 ], [ -112.191802978515994, 24.888473510742301 ], [ -112.177635192870994, 24.8826389312744 ], [ -112.177360534667997, 24.874027252197301 ], [ -112.192642211914006, 24.860969543457099 ], [ -112.203750610352003, 24.868749618530401 ], [ -112.21875, 24.845970153808501 ], [ -112.209030151367003, 24.8356952667237 ], [ -112.208473205565994, 24.825138092041001 ], [ -112.214859008789006, 24.8237495422363 ], [ -112.189033508300994, 24.808750152587901 ], [ -112.197639465332003, 24.8065280914306 ], [ -112.193748474120994, 24.8015251159669 ], [ -112.187919616699006, 24.806251525878999 ], [ -112.178192138672003, 24.797916412353601 ], [ -112.185974121094006, 24.796806335449201 ], [ -112.171806335449006, 24.793470382690401 ], [ -112.177917480469006, 24.7904167175293 ], [ -112.164863586425994, 24.776527404785298 ], [ -112.171806335449006, 24.7668056488037 ], [ -112.134307861327997, 24.736249923706001 ], [ -112.130416870117003, 24.708194732666001 ], [ -112.118469238280994, 24.697637557983501 ], [ -112.117080688477003, 24.685693740844801 ], [ -112.143196105957003, 24.649305343627901 ], [ -112.138748168945, 24.633752822876001 ], [ -112.104026794434006, 24.616807937622099 ], [ -112.079025268555, 24.585138320922901 ], [ -112.072082519530994, 24.585695266723601 ], [ -112.055969238280994, 24.538194656372099 ], [ -112.100692749022997, 24.5565280914307 ], [ -112.104278564452997, 24.582662582397599 ], [ -112.11653137207, 24.6020832061768 ], [ -112.147087097167997, 24.620416641235401 ], [ -112.157081604004006, 24.644029617309499 ], [ -112.175415039062003, 24.6526393890381 ], [ -112.167640686035, 24.671529769897599 ], [ -112.146530151367003, 24.667360305786101 ], [ -112.137084960937997, 24.6837482452393 ], [ -112.139030456542997, 24.7226371765138 ], [ -112.153198242187997, 24.745416641235401 ], [ -112.195419311522997, 24.777915954589801 ], [ -112.233474731445, 24.789026260376001 ], [ -112.260971069335994, 24.7793064117432 ], [ -112.257637023925994, 24.756250381469801 ], [ -112.260414123535, 24.749584197998001 ], [ -112.274864196777003, 24.774860382080199 ], [ -112.306526184082003, 24.7995834350587 ], [ -112.304306030272997, 24.812360763549801 ], [ -112.287635803222997, 24.815139770507901 ], [ -112.280693054199006, 24.827915191650501 ], [ -112.220413208007997, 24.97513961792 ], [ -112.154029846190994, 25.186527252197202 ], [ -112.141525268555, 25.262363433837901 ], [ -112.13069152832, 25.271804809570401 ], [ -112.122360229492003, 25.254583358764702 ], [ -112.122360229492003, 25.2179164886475 ], [ -112.145690917969006, 25.159860610961999 ] ] ] }, { "type": "Polygon", "coordinates": [ [ [ -112.089584350585994, 25.2598590850831 ], [ -112.094863891602003, 25.239305496215799 ], [ -112.11597442627, 25.2415275573731 ], [ -112.106803894042997, 25.252916336059599 ], [ -112.09708404541, 25.252361297607401 ], [ -112.089584350585994, 25.2598590850831 ] ] ] }, { "type": "Polygon", "coordinates": [ [ [ -112.086250305175994, 25.254583358764702 ], [ -112.082359313965, 25.249027252197401 ], [ -112.08374786377, 25.24680519104 ], [ -112.088195800780994, 25.2534713745118 ], [ -112.086250305175994, 25.254583358764702 ] ] ] }, { "type": "Polygon", "coordinates": [ [ [ -112.15013885498, 25.130695343017599 ], [ -112.151252746582003, 25.126806259155298 ], [ -112.153198242187997, 25.124860763549901 ], [ -112.152641296387003, 25.128751754760899 ], [ -112.15013885498, 25.130695343017599 ] ] ] }, { "type": "Polygon", "coordinates": [ [ [ -112.153747558594006, 25.113470077514801 ], [ -112.152084350585994, 25.111249923706101 ], [ -112.155418395995994, 25.109027862548899 ], [ -112.155975341797003, 25.111528396606399 ], [ -112.153747558594006, 25.113470077514801 ] ] ] }, { "type": "Polygon", "coordinates": [ [ [ -112.154304504394005, 25.1081943511963 ], [ -112.154586791992003, 25.104305267334102 ], [ -112.156806945800994, 25.1045856475831 ], [ -112.15625, 25.107084274291999 ], [ -112.154304504394005, 25.1081943511963 ] ] ] }, { "type": "Polygon", "coordinates": [ [ [ -112.148750305175994, 25.062362670898501 ], [ -112.14624786377, 25.057083129882901 ], [ -112.150695800780994, 25.052639007568398 ], [ -112.154586791992003, 25.0587482452393 ], [ -112.148750305175994, 25.062362670898501 ] ] ] }, { "type": "Polygon", "coordinates": [ [ [ -112.141525268555, 25.057361602783299 ], [ -112.140975952147997, 25.0556945800782 ], [ -112.145416259765994, 25.054307937622099 ], [ -112.143753051757997, 25.057361602783299 ], [ -112.141525268555, 25.057361602783299 ] ] ] }, { "type": "Polygon", "coordinates": [ [ [ -112.137359619140994, 25.055139541626001 ], [ -112.134307861327997, 25.051805496215898 ], [ -112.135139465332003, 25.0504169464112 ], [ -112.139030456542997, 25.0529174804687 ], [ -112.137359619140994, 25.055139541626001 ] ] ] }, { "type": "Polygon", "coordinates": [ [ [ -112.142913818359006, 25.050973892211999 ], [ -112.141525268555, 25.049863815307599 ], [ -112.142082214355, 25.0465278625488 ], [ -112.144302368164006, 25.049581527710099 ], [ -112.142913818359006, 25.050973892211999 ] ] ] }, { "type": "Polygon", "coordinates": [ [ [ -112.138191223144005, 25.0506916046143 ], [ -112.13680267334, 25.048194885253899 ], [ -112.139030456542997, 25.047082901001001 ], [ -112.140419006347997, 25.050138473510899 ], [ -112.138191223144005, 25.0506916046143 ] ] ] }, { "type": "Polygon", "coordinates": [ [ [ -112.147087097167997, 25.050138473510899 ], [ -112.147087097167997, 25.0337524414063 ], [ -112.15291595459, 25.022081375122099 ], [ -112.16291809082, 25.036806106567401 ], [ -112.147087097167997, 25.050138473510899 ] ] ] }, { "type": "Polygon", "coordinates": [ [ [ -112.165412902832003, 25.038194656372099 ], [ -112.165138244629006, 25.0412502288818 ], [ -112.163192749022997, 25.0420837402344 ], [ -112.164306640625, 25.039306640625099 ], [ -112.165412902832003, 25.038194656372099 ] ] ] }, { "type": "Polygon", "coordinates": [ [ [ -112.10319519043, 25.004861831665199 ], [ -112.100692749022997, 25.001527786254901 ], [ -112.105697631835994, 24.999027252197202 ], [ -112.105140686035, 25.0059719085693 ], [ -112.10319519043, 25.004861831665199 ] ] ] }, { "type": "Polygon", "coordinates": [ [ [ -112.120414733887003, 24.966249465942401 ], [ -112.119583129882997, 24.962360382080199 ], [ -112.125419616699006, 24.959028244018501 ], [ -112.125694274902003, 24.962083816528398 ], [ -112.120414733887003, 24.966249465942401 ] ] ] }, { "type": "Polygon", "coordinates": [ [ [ -115.764030456542997, 24.961805343628001 ], [ -115.763748168945, 24.958194732666101 ], [ -115.768196105957003, 24.9559726715088 ], [ -115.765419006347997, 24.9626388549806 ], [ -115.764030456542997, 24.961805343628001 ] ] ] }, { "type": "Polygon", "coordinates": [ [ [ -112.120140075684006, 24.9579162597657 ], [ -112.11653137207, 24.953752517700298 ], [ -112.122917175292997, 24.936250686645501 ], [ -112.131530761719006, 24.945695877075298 ], [ -112.120140075684006, 24.9579162597657 ] ] ] }, { "type": "Polygon", "coordinates": [ [ [ -112.167083740234006, 24.929027557373001 ], [ -112.162086486815994, 24.926248550415099 ], [ -112.164306640625, 24.915973663330099 ], [ -112.170692443847997, 24.9218063354493 ], [ -112.167083740234006, 24.929027557373001 ] ] ] }, { "type": "Polygon", "coordinates": [ [ [ -112.120697021484006, 24.928749084472599 ], [ -112.114860534667997, 24.920139312744201 ], [ -112.122917175292997, 24.922916412353601 ], [ -112.12264251709, 24.8981952667237 ], [ -112.133750915527003, 24.891527175903398 ], [ -112.141250610352003, 24.904027938842798 ], [ -112.120697021484006, 24.928749084472599 ] ] ] }, { "type": "Polygon", "coordinates": [ [ [ -112.183815002440994, 24.919010162353601 ], [ -112.182083129882997, 24.9154167175294 ], [ -112.189308166504006, 24.914304733276399 ], [ -112.187362670897997, 24.918472290039102 ], [ -112.183815002440994, 24.919010162353601 ] ] ] }, { "type": "Polygon", "coordinates": [ [ [ -112.165138244629006, 24.909584045410199 ], [ -112.164306640625, 24.907915115356499 ], [ -112.167358398437003, 24.905696868896499 ], [ -112.166809082030994, 24.908472061157301 ], [ -112.165138244629006, 24.909584045410199 ] ] ] }, { "type": "Polygon", "coordinates": [ [ [ -112.190139770507997, 24.895694732666001 ], [ -112.190414428710994, 24.894027709960898 ], [ -112.187637329102003, 24.8909721374512 ], [ -112.191528320312003, 24.892639160156399 ], [ -112.190139770507997, 24.895694732666001 ] ] ] }, { "type": "Polygon", "coordinates": [ [ [ -112.133750915527003, 24.880695343017599 ], [ -112.133193969727003, 24.8784713745118 ], [ -112.135696411132997, 24.876527786254801 ], [ -112.136253356934006, 24.880416870117202 ], [ -112.133750915527003, 24.880695343017599 ] ] ] }, { "type": "Polygon", "coordinates": [ [ [ -112.139579772949006, 24.872917175293001 ], [ -112.137084960937997, 24.8709716796875 ], [ -112.137359619140994, 24.869583129882901 ], [ -112.140739440917997, 24.8709716796875 ], [ -112.139579772949006, 24.872917175293001 ] ] ] }, { "type": "Polygon", "coordinates": [ [ [ -112.09708404541, 24.835973739624102 ], [ -112.09375, 24.8318061828613 ], [ -112.094306945800994, 24.830694198608398 ], [ -112.097358703612997, 24.833194732666101 ], [ -112.09708404541, 24.835973739624102 ] ] ] }, { "type": "Polygon", "coordinates": [ [ [ -112.03458404541, 24.8040275573731 ], [ -112.030975341797003, 24.8029174804688 ], [ -112.034027099609006, 24.797084808349599 ], [ -112.036804199219006, 24.800693511962901 ], [ -112.03458404541, 24.8040275573731 ] ] ] }, { "type": "Polygon", "coordinates": [ [ [ -112.072914123535, 24.762916564941499 ], [ -112.069580078125, 24.762083053588899 ], [ -112.067359924315994, 24.755695343017599 ], [ -112.073471069335994, 24.759860992431602 ], [ -112.072914123535, 24.762916564941499 ] ] ] }, { "type": "Polygon", "coordinates": [ [ [ -111.947364807129006, 24.7568054199219 ], [ -111.946250915527003, 24.7551383972168 ], [ -111.953475952147997, 24.753751754760899 ], [ -111.953193664550994, 24.7551383972168 ], [ -111.947364807129006, 24.7568054199219 ] ] ] }, { "type": "Polygon", "coordinates": [ [ [ -112.105972290039006, 24.720972061157301 ], [ -112.10652923584, 24.717916488647599 ], [ -112.10319519043, 24.715694427490298 ], [ -112.108192443847997, 24.717638015747202 ], [ -112.105972290039006, 24.720972061157301 ] ] ] }, { "type": "Polygon", "coordinates": [ [ [ -111.804862976074006, 24.5840282440187 ], [ -111.801803588867003, 24.580694198608501 ], [ -111.80347442627, 24.577083587646602 ], [ -111.807083129882997, 24.582639694213899 ], [ -111.804862976074006, 24.5840282440187 ] ] ] }, { "type": "Polygon", "coordinates": [ [ [ -111.727081298827997, 24.402082443237202 ], [ -111.707084655762003, 24.382360458374102 ], [ -111.700973510742003, 24.366806030273601 ], [ -111.70597076416, 24.359582901001101 ], [ -111.695137023925994, 24.349859237670898 ], [ -111.710693359375, 24.302917480468899 ], [ -111.74430847168, 24.346250534057599 ], [ -111.871505737305, 24.437942504882901 ], [ -111.927085876465, 24.4679164886475 ], [ -111.94652557373, 24.4887504577637 ], [ -112.007629394530994, 24.515430450439499 ], [ -111.992637634277003, 24.525693893432599 ], [ -111.967361450195, 24.5179157257081 ], [ -111.863166809082003, 24.519645690918001 ], [ -111.841247558594006, 24.502361297607401 ], [ -111.828750610352003, 24.4795837402344 ], [ -111.821250915527003, 24.4795837402344 ], [ -111.819580078125, 24.467361450195298 ], [ -111.780975341797003, 24.462917327880898 ], [ -111.750137329100994, 24.442083358764801 ], [ -111.742362976074006, 24.4181938171388 ], [ -111.727081298827997, 24.402082443237202 ] ] ] }, { "type": "Polygon", "coordinates": [ [ [ -111.840972900390994, 24.512916564941499 ], [ -111.84041595459, 24.508472442626999 ], [ -111.84708404541, 24.508472442626999 ], [ -111.846801757812003, 24.5095825195313 ], [ -111.840972900390994, 24.512916564941499 ] ] ] }, { "type": "Polygon", "coordinates": [ [ [ -111.547637939452997, 24.407363891601602 ], [ -111.545417785645, 24.405971527099702 ], [ -111.545692443847997, 24.404582977295 ], [ -111.549308776855, 24.404861450195298 ], [ -111.547637939452997, 24.407363891601602 ] ] ] } ] } },
{ "type": "Feature", "properties": { "NAME_1": "Baja California Sur", "NAME_2": "La Paz" }, "geometry": { "type": "GeometryCollection", "geometries": [ { "type": "Polygon", "coordinates": [ [ [ -110.696250915527003, 25.205415725708001 ], [ -110.695693969727003, 25.197914123535199 ], [ -110.704864501952997, 25.1931953430175 ], [ -110.700141906737997, 25.2023620605469 ], [ -110.696250915527003, 25.205415725708001 ] ] ] }, { "type": "Polygon", "coordinates": [ [ [ -110.510696411132997, 25.116249084472699 ], [ -110.50902557373, 25.113470077514801 ], [ -110.50846862793, 25.110694885253999 ], [ -110.512359619140994, 25.1118049621582 ], [ -110.510696411132997, 25.116249084472699 ] ] ] }, { "type": "Polygon", "coordinates": [ [ [ -110.575416564940994, 25.0168056488038 ], [ -110.565971374512003, 24.989028930664102 ], [ -110.569030761719006, 24.950416564941499 ], [ -110.547637939452997, 24.908472061157301 ], [ -110.52458190918, 24.8826389312744 ], [ -110.544586181640994, 24.872917175293001 ], [ -110.567085266112997, 24.876806259155401 ], [ -110.550971984862997, 24.872358322143601 ], [ -110.589859008789006, 24.864027023315501 ], [ -110.569862365722997, 24.8873596191406 ], [ -110.617919921875, 24.9154167175294 ], [ -110.641807556152003, 24.9134731292725 ], [ -110.635139465332003, 24.9281921386719 ], [ -110.655693054199006, 24.947360992431602 ], [ -110.677635192870994, 25.016527175903299 ], [ -110.713470458984006, 25.029861450195298 ], [ -110.708190917969006, 25.033470153808601 ], [ -110.714302062987997, 25.042638778686602 ], [ -110.715141296387003, 25.035417556762599 ], [ -110.719024658202997, 25.053195953369102 ], [ -110.710693359375, 25.101528167724702 ], [ -110.697639465332003, 25.0990276336669 ], [ -110.690139770507997, 25.0740280151368 ], [ -110.674072265625, 25.055364608764599 ], [ -110.602081298827997, 25.039861679077301 ], [ -110.575416564940994, 25.0168056488038 ] ] ] }, { "type": "Polygon", "coordinates": [ [ [ -109.874305725097997, 24.041528701782202 ], [ -109.826248168945, 24.060693740844801 ], [ -109.825416564940994, 24.039861679077301 ], [ -109.809303283690994, 24.031528472900401 ], [ -109.80403137207, 24.0195827484131 ], [ -109.817359924315994, 23.9948616027832 ], [ -109.834861755370994, 23.985971450805799 ], [ -109.839584350585994, 23.949583053588899 ], [ -109.833190917969006, 23.922916412353501 ], [ -109.800415039062003, 23.8909721374512 ], [ -109.774024963379006, 23.876804351806602 ], [ -109.698471069335994, 23.798471450805799 ], [ -109.70874786377, 23.777915954589801 ], [ -109.71263885498, 23.733749389648601 ], [ -109.699859619140994, 23.710416793823399 ], [ -109.695419311522997, 23.660417556762699 ], [ -109.674026489257997, 23.642360687255898 ], [ -109.594024658202997, 23.614860534668001 ], [ -109.577079772949006, 23.599861145019599 ], [ -109.520416259765994, 23.584861755371101 ], [ -109.512641906737997, 23.568750381469801 ], [ -109.470138549805, 23.557636260986399 ], [ -109.479309082030994, 23.518194198608501 ], [ -109.444030761719006, 23.466249465942401 ], [ -109.427360534667997, 23.4562492370606 ], [ -109.423469543457003, 23.445417404174801 ], [ -109.432083129882997, 23.412361145019599 ], [ -109.415138244629006, 23.403749465942401 ], [ -109.41291809082, 23.385972976684599 ], [ -109.432357788085994, 23.375415802001999 ], [ -109.424026489257997, 23.337917327880799 ], [ -109.428749084472997, 23.2951393127443 ], [ -109.43985748291, 23.2740268707275 ], [ -109.436805725097997, 23.2376384735107 ], [ -109.45930480957, 23.195695877075298 ], [ -109.534301757812003, 23.1101379394531 ], [ -109.567085266112997, 23.0956935882569 ], [ -109.575691223145, 23.0834693908693 ], [ -109.602363586425994, 23.0837497711182 ], [ -109.690139770507997, 23.0531940460206 ], [ -109.687637329102003, 23.047084808349599 ], [ -109.714859008789006, 23.028194427490199 ], [ -109.712913513184006, 23.005695343017599 ], [ -109.731246948242003, 22.990140914916999 ], [ -109.759307861327997, 22.984861373901499 ], [ -109.795692443847997, 22.9634704589844 ], [ -109.80680847168, 22.949581146240199 ], [ -109.807083129882997, 22.934858322143601 ], [ -109.842636108397997, 22.901527404785199 ], [ -109.89347076416, 22.895694732666101 ], [ -109.906524658202997, 22.883752822876001 ], [ -109.893753051757997, 22.874305725097798 ], [ -109.964302062987997, 22.871250152587901 ], [ -110.019302368164006, 22.9054164886475 ], [ -110.059585571289006, 22.945972442626999 ], [ -110.085418701172003, 22.988470077514702 ], [ -110.10319519043, 23.032363891601602 ], [ -110.114303588867003, 23.098749160766602 ], [ -110.153472900390994, 23.229028701782202 ], [ -110.164863586425994, 23.310417175293001 ], [ -110.215698242187997, 23.382360458374102 ], [ -110.214859008789006, 23.3945846557618 ], [ -110.230140686035, 23.402915954589801 ], [ -110.232086181640994, 23.424028396606602 ], [ -110.263748168945, 23.4776382446288 ], [ -110.319580078125, 23.552082061767699 ], [ -110.371528625487997, 23.5929164886475 ], [ -110.551803588867003, 23.669860839843899 ], [ -110.618469238280994, 23.712917327880898 ], [ -110.684303283690994, 23.769304275512798 ], [ -110.844306945800994, 23.936805725097699 ], [ -110.876251220702997, 23.955692291259901 ], [ -110.916809082030994, 24.0023612976075 ], [ -111.00846862793, 24.070417404174801 ], [ -111.012084960937003, 24.0848617553712 ], [ -111.043746948242003, 24.1090297698975 ], [ -111.178192138672003, 24.184028625488299 ], [ -111.250968933105, 24.2340278625488 ], [ -111.374305725097997, 24.2951374053956 ], [ -111.38346862793, 24.300693511963001 ], [ -111.38402557373, 24.302639007568501 ], [ -111.360420227050994, 24.290971755981399 ], [ -111.38069152832, 24.304582595825199 ], [ -111.477638244629006, 24.348194122314599 ], [ -111.475975036620994, 24.362083435058601 ], [ -111.533248901367003, 24.4179401397706 ], [ -111.535346984862997, 24.425731658935501 ], [ -111.519050598144005, 24.449640274048001 ], [ -111.551666259765994, 24.481622695922901 ], [ -111.55224609375, 24.4962902069093 ], [ -111.507591247559006, 24.519849777221701 ], [ -111.501518249512003, 24.571239471435501 ], [ -111.446342468262003, 24.642099380493299 ], [ -111.429916381835994, 24.634599685668999 ], [ -111.416427612305, 24.644750595092798 ], [ -111.396347045897997, 24.631750106811499 ], [ -111.325096130370994, 24.640310287475501 ], [ -111.299926757812003, 24.6622104644775 ], [ -111.292701721190994, 24.679220199584901 ], [ -111.28044128418, 24.670560836791999 ], [ -111.260711669922003, 24.687852859497202 ], [ -111.236763000487997, 24.680150985717901 ], [ -111.234756469727003, 24.7081604003907 ], [ -111.190376281737997, 24.750129699707099 ], [ -111.11856842041, 24.7477111816407 ], [ -111.096542358397997, 24.783859252929702 ], [ -111.045379638672003, 24.821989059448299 ], [ -111.055068969727003, 24.848810195922901 ], [ -111.023109436035, 24.866189956665199 ], [ -110.991470336914006, 24.911140441894599 ], [ -110.95686340332, 24.917070388793999 ], [ -110.951759338379006, 24.957761764526399 ], [ -110.906562805175994, 24.9982109069825 ], [ -110.891265869140994, 25.022661209106399 ], [ -110.877937316895, 25.075141906738299 ], [ -110.871879577637003, 25.0937900543213 ], [ -110.869026184082003, 25.100208282470799 ], [ -110.868751525879006, 25.1001415252687 ], [ -110.862358093262003, 25.080139160156399 ], [ -110.824859619140994, 25.059030532836999 ], [ -110.826530456542997, 25.047359466552798 ], [ -110.816528320312003, 25.035139083862301 ], [ -110.797920227050994, 25.029861450195298 ], [ -110.789581298827997, 25.035692214965898 ], [ -110.757362365722997, 25.0143051147462 ], [ -110.761528015137003, 25.005138397216701 ], [ -110.748748779297003, 24.9870834350587 ], [ -110.749305725097997, 24.965694427490199 ], [ -110.720970153809006, 24.935693740844702 ], [ -110.718475341797003, 24.923749923706101 ], [ -110.69930267334, 24.914863586425799 ], [ -110.707641601562003, 24.907361984252901 ], [ -110.684860229492003, 24.8848590850831 ], [ -110.684860229492003, 24.8576374053956 ], [ -110.664581298827997, 24.810184478759901 ], [ -110.656814575195, 24.807331085205199 ], [ -110.664581298827997, 24.7659702301025 ], [ -110.690139770507997, 24.7251415252687 ], [ -110.690971374512003, 24.704584121704201 ], [ -110.711807250977003, 24.694026947021602 ], [ -110.728469848632997, 24.6701374053956 ], [ -110.740417480469006, 24.617359161377099 ], [ -110.732917785644005, 24.563194274902401 ], [ -110.737915039062003, 24.551248550415099 ], [ -110.72819519043, 24.5131950378419 ], [ -110.686531066895, 24.4634723663331 ], [ -110.692916870117003, 24.405694961547901 ], [ -110.682357788085994, 24.3937492370606 ], [ -110.68180847168, 24.358749389648501 ], [ -110.639862060547003, 24.314861297607401 ], [ -110.63402557373, 24.289861679077202 ], [ -110.611808776855, 24.2568054199219 ], [ -110.581802368164006, 24.240137100219801 ], [ -110.562362670897997, 24.212638854980501 ], [ -110.52180480957, 24.199304580688501 ], [ -110.407363891600994, 24.175136566162202 ], [ -110.326248168945, 24.1762504577637 ], [ -110.326248168945, 24.166805267334102 ], [ -110.372085571289006, 24.1481952667237 ], [ -110.404861450195, 24.170972824096701 ], [ -110.432083129882997, 24.1718044281007 ], [ -110.42569732666, 24.162082672119102 ], [ -110.429306030272997, 24.1418056488038 ], [ -110.41625213623, 24.1290283203125 ], [ -110.423751831055, 24.12180519104 ], [ -110.417640686035, 24.1093063354493 ], [ -110.392913818359006, 24.105415344238299 ], [ -110.354309082030994, 24.112638473510799 ], [ -110.346527099609006, 24.124305725097699 ], [ -110.351806640625, 24.142082214355501 ], [ -110.311531066895, 24.167083740234499 ], [ -110.299583435059006, 24.1998615264893 ], [ -110.300415039062003, 24.2162475585938 ], [ -110.312637329102003, 24.2206935882568 ], [ -110.305969238280994, 24.233749389648398 ], [ -110.314308166504006, 24.249860763549901 ], [ -110.327079772949006, 24.244583129882798 ], [ -110.310974121094006, 24.261249542236399 ], [ -110.324584960937003, 24.257640838623001 ], [ -110.32096862793, 24.265693664550898 ], [ -110.331253051757997, 24.276527404785199 ], [ -110.330413818359006, 24.2568054199219 ], [ -110.336524963379006, 24.257917404174801 ], [ -110.337364196777003, 24.275693893432699 ], [ -110.32763671875, 24.283750534057699 ], [ -110.334861755370994, 24.283750534057699 ], [ -110.331253051757997, 24.290138244628999 ], [ -110.337913513184006, 24.295694351196399 ], [ -110.327919006347997, 24.300973892211999 ], [ -110.337913513184006, 24.302639007568501 ], [ -110.339859008789006, 24.3165283203125 ], [ -110.315139770507997, 24.314306259155401 ], [ -110.33430480957, 24.328750610351602 ], [ -110.306251525879006, 24.338750839233299 ], [ -110.297080993652003, 24.352638244628999 ], [ -110.245140075684006, 24.35013961792 ], [ -110.230415344237997, 24.3398628234863 ], [ -110.23486328125, 24.316249847412099 ], [ -110.192359924315994, 24.293472290039102 ], [ -110.175415039062003, 24.252639770507798 ], [ -110.150413513184006, 24.249027252197401 ], [ -110.123191833495994, 24.225414276123001 ], [ -110.089302062987997, 24.2162475585938 ], [ -110.007362365722997, 24.159307479858398 ], [ -109.98486328125, 24.043750762939499 ], [ -109.930694580077997, 24.028749465942401 ], [ -109.874305725097997, 24.041528701782202 ] ] ] }, { "type": "Polygon", "coordinates": [ [ [ -109.999862670897997, 24.999860763549801 ], [ -110.000137329102003, 24.999860763549801 ], [ -110.000137329102003, 25.000139236450199 ], [ -109.999862670897997, 25.000139236450199 ], [ -109.999862670897997, 24.999860763549801 ] ] ] }, { "type": "Polygon", "coordinates": [ [ [ -110.60375213623, 24.879306793212901 ], [ -110.60319519043, 24.877916336059599 ], [ -110.60319519043, 24.872917175293001 ], [ -110.604309082030994, 24.873470306396602 ], [ -110.60375213623, 24.879306793212901 ] ] ] }, { "type": "Polygon", "coordinates": [ [ [ -110.567085266112997, 24.843471527099702 ], [ -110.567916870117003, 24.8273620605469 ], [ -110.560417175292997, 24.822639465332099 ], [ -110.56485748291, 24.814027786254901 ], [ -110.56819152832, 24.8231945037843 ], [ -110.576805114745994, 24.819862365722699 ], [ -110.58708190918, 24.828193664550898 ], [ -110.567085266112997, 24.843471527099702 ] ] ] }, { "type": "Polygon", "coordinates": [ [ [ -110.400413513184006, 24.5995826721193 ], [ -110.39958190918, 24.598472595214901 ], [ -110.404861450195, 24.597917556762699 ], [ -110.404586791992003, 24.599027633666999 ], [ -110.400413513184006, 24.5995826721193 ] ] ] }, { "type": "Polygon", "coordinates": [ [ [ -110.383193969727003, 24.5854167938232 ], [ -110.38069152832, 24.571527481079201 ], [ -110.360694885254006, 24.5556945800781 ], [ -110.367637634277003, 24.530693054199201 ], [ -110.378471374512003, 24.539861679077202 ], [ -110.384582519530994, 24.530971527099599 ], [ -110.39347076416, 24.532638549804702 ], [ -110.389579772949006, 24.5384731292725 ], [ -110.399307250977003, 24.535972595215 ], [ -110.375694274902003, 24.5520839691163 ], [ -110.384307861327997, 24.5565280914307 ], [ -110.408195495605, 24.544305801391602 ], [ -110.404586791992003, 24.5520839691163 ], [ -110.411804199219006, 24.5540275573732 ], [ -110.39347076416, 24.562637329101602 ], [ -110.41569519043, 24.564582824707099 ], [ -110.397087097167997, 24.580694198608501 ], [ -110.398193359375, 24.5920810699463 ], [ -110.383193969727003, 24.5854167938232 ] ] ] }, { "type": "Polygon", "coordinates": [ [ [ -110.371803283690994, 24.475694656372099 ], [ -110.365135192870994, 24.480138778686499 ], [ -110.386253356934006, 24.474027633666999 ], [ -110.382919311522997, 24.4895820617675 ], [ -110.39347076416, 24.4976406097412 ], [ -110.382637023925994, 24.506526947021602 ], [ -110.39680480957, 24.5093078613282 ], [ -110.38680267334, 24.515693664550799 ], [ -110.399307250977003, 24.5187492370607 ], [ -110.370414733887003, 24.531528472900501 ], [ -110.367637634277003, 24.5293064117432 ], [ -110.360420227050994, 24.534025192260899 ], [ -110.348747253417997, 24.531528472900501 ], [ -110.322364807129006, 24.50319480896 ], [ -110.302635192870994, 24.500972747802798 ], [ -110.305969238280994, 24.487363815307599 ], [ -110.288475036620994, 24.470140457153299 ], [ -110.292640686035, 24.4579162597657 ], [ -110.31014251709, 24.4526386260987 ], [ -110.307083129882997, 24.425693511962901 ], [ -110.317916870117003, 24.420415878295898 ], [ -110.325691223145, 24.402637481689499 ], [ -110.348747253417997, 24.4009723663331 ], [ -110.345695495605, 24.415971755981399 ], [ -110.354858398437997, 24.414861679077099 ], [ -110.345695495605, 24.425138473510899 ], [ -110.349861145019005, 24.4331951141357 ], [ -110.362640380859006, 24.436805725097798 ], [ -110.370697021484006, 24.4265251159669 ], [ -110.376525878905994, 24.4409713745118 ], [ -110.371246337890994, 24.445972442626999 ], [ -110.378471374512003, 24.449306488037202 ], [ -110.354583740234006, 24.4576416015625 ], [ -110.371246337890994, 24.4570827484131 ], [ -110.357360839844006, 24.4690265655518 ], [ -110.375968933105, 24.4668083190919 ], [ -110.371803283690994, 24.475694656372099 ] ] ] }, { "type": "Polygon", "coordinates": [ [ [ -110.398193359375, 24.485694885253899 ], [ -110.400970458984006, 24.480972290039102 ], [ -110.408470153809006, 24.4787502288818 ], [ -110.404029846190994, 24.485139846801701 ], [ -110.398193359375, 24.485694885253899 ] ] ] }, { "type": "Polygon", "coordinates": [ [ [ -110.382362365722997, 24.4668083190919 ], [ -110.38346862793, 24.465694427490298 ], [ -110.388473510742003, 24.4654140472412 ], [ -110.387641906737997, 24.4662494659425 ], [ -110.382362365722997, 24.4668083190919 ] ] ] }, { "type": "Polygon", "coordinates": [ [ [ -111.61597442627, 24.3784694671631 ], [ -111.531524658202997, 24.366249084472798 ], [ -111.45263671875, 24.329582214355501 ], [ -111.52458190918, 24.357639312744102 ], [ -111.575973510742003, 24.3681945800781 ], [ -111.66902923584, 24.3573608398438 ], [ -111.654586791992003, 24.375972747802798 ], [ -111.644584655762003, 24.3656940460206 ], [ -111.61597442627, 24.3784694671631 ] ] ] }, { "type": "Polygon", "coordinates": [ [ [ -109.880973815917997, 24.173471450805799 ], [ -109.895141601562003, 24.1898612976075 ], [ -109.920974731445, 24.2551364898682 ], [ -109.917915344237997, 24.2887496948243 ], [ -109.938194274902003, 24.323472976684599 ], [ -109.93180847168, 24.3740253448487 ], [ -109.842086791992003, 24.227361679077099 ], [ -109.819305419922003, 24.2062492370606 ], [ -109.797920227050994, 24.156528472900501 ], [ -109.801246643065994, 24.137083053588899 ], [ -109.864028930664006, 24.146804809570401 ], [ -109.874580383300994, 24.1523628234863 ], [ -109.870971679687997, 24.158750534057599 ], [ -109.880973815917997, 24.173471450805799 ] ] ] }, { "type": "Polygon", "coordinates": [ [ [ -111.444030761719006, 24.328193664550799 ], [ -111.41902923584, 24.319026947021602 ], [ -111.41291809082, 24.315139770507901 ], [ -111.445693969727003, 24.327083587646499 ], [ -111.444030761719006, 24.328193664550799 ] ] ] }, { "type": "Polygon", "coordinates": [ [ [ -110.338470458984006, 24.2884731292725 ], [ -110.337913513184006, 24.286806106567401 ], [ -110.341804504395, 24.285139083862401 ], [ -110.339859008789006, 24.2884731292725 ], [ -110.338470458984006, 24.2884731292725 ] ] ] }, { "type": "Polygon", "coordinates": [ [ [ -110.798751831055, 19.335695266723601 ], [ -110.789306640625, 19.312360763549801 ], [ -110.796806335449006, 19.307083129882798 ], [ -110.795692443847997, 19.291528701782301 ], [ -110.807083129882997, 19.285694122314499 ], [ -110.819862365722997, 19.307638168335 ], [ -110.805694580077997, 19.319026947021499 ], [ -110.798751831055, 19.335695266723601 ] ] ] }, { "type": "Polygon", "coordinates": [ [ [ -110.808746337890994, 19.327917098999102 ], [ -110.80680847168, 19.3268051147462 ], [ -110.807357788085994, 19.324029922485501 ], [ -110.809585571289006, 19.3248615264893 ], [ -110.808746337890994, 19.327917098999102 ] ] ] }, { "type": "Polygon", "coordinates": [ [ [ -110.955696105957003, 18.837917327880799 ], [ -110.947082519530994, 18.841527938842798 ], [ -110.939308166504006, 18.8337516784668 ], [ -110.907363891602003, 18.778749465942301 ], [ -110.919303894042997, 18.7693061828613 ], [ -110.919586181640994, 18.732084274292099 ], [ -110.940139770507997, 18.7298603057862 ], [ -110.950973510742003, 18.718471527099702 ], [ -110.969863891602003, 18.744304656982401 ], [ -110.983749389647997, 18.7431945800782 ], [ -110.999580383300994, 18.7568054199219 ], [ -111.015693664550994, 18.752082824707099 ], [ -111.014862060547003, 18.763748168945401 ], [ -111.035140991210994, 18.786527633666999 ], [ -111.056251525879006, 18.7795810699463 ], [ -111.041526794434006, 18.797361373901399 ], [ -111.048469543457003, 18.8020839691163 ], [ -111.04402923584, 18.813472747802798 ], [ -111.052085876465, 18.817083358764702 ], [ -111.01180267334, 18.8265285491943 ], [ -111.009582519530994, 18.847639083862401 ], [ -110.990135192870994, 18.867082595825199 ], [ -110.955696105957003, 18.837917327880799 ] ] ] }, { "type": "Polygon", "coordinates": [ [ [ -111.057083129882997, 18.8329162597656 ], [ -111.05680847168, 18.8293056488038 ], [ -111.058197021484006, 18.8284721374512 ], [ -111.059028625487997, 18.831527709960898 ], [ -111.057083129882997, 18.8329162597656 ] ] ] }, { "type": "Polygon", "coordinates": [ [ [ -114.711524963379006, 18.349306106567401 ], [ -114.750968933105, 18.337917327880898 ], [ -114.760971069335994, 18.3476371765137 ], [ -114.756805419922003, 18.366249084472699 ], [ -114.739860534667997, 18.374305725097798 ], [ -114.72486114502, 18.366249084472699 ], [ -114.690971374512003, 18.371250152587901 ], [ -114.680419921875, 18.362361907959102 ], [ -114.69596862793, 18.344861984253001 ], [ -114.711524963379006, 18.349306106567401 ] ] ] }, { "type": "Polygon", "coordinates": [ [ [ -114.756805419922003, 18.3709716796875 ], [ -114.75569152832, 18.368473052978601 ], [ -114.757637023925994, 18.365972518921001 ], [ -114.759582519530994, 18.370138168335 ], [ -114.756805419922003, 18.3709716796875 ] ] ] } ] } },
{ "type": "Feature", "properties": { "NAME_1": "Baja California Sur", "NAME_2": "Mulegé" }, "geometry": { "type": "GeometryCollection", "geometries": [ { "type": "Polygon", "coordinates": [ [ [ -114.160011291504006, 27.9528484344482 ], [ -114.160278320312003, 27.952224731445401 ], [ -114.161018371582003, 27.9526882171631 ], [ -114.160011291504006, 27.9528484344482 ] ] ] }, { "type": "Polygon", "coordinates": [ [ [ -114.149169921875, 27.9527072906494 ], [ -114.150573730469006, 27.951110839843899 ], [ -114.154602050780994, 27.9526977539062 ], [ -114.149169921875, 27.9527072906494 ] ] ] }, { "type": "Polygon", "coordinates": [ [ [ -112.363502502440994, 26.199457168579201 ], [ -112.368690490722997, 26.2030048370362 ], [ -112.388031005859006, 26.2274074554443 ], [ -112.408996582030994, 26.245483398437599 ], [ -112.447196960449006, 26.260887145996101 ], [ -112.472106933594006, 26.259521484375 ], [ -112.477600097655994, 26.238096237182599 ], [ -112.497840881347997, 26.231199264526499 ], [ -112.634895324707003, 26.3202323913575 ], [ -112.653160095215, 26.3246288299562 ], [ -112.680648803710994, 26.314836502075298 ], [ -112.710891723632997, 26.357116699218899 ], [ -112.790107727050994, 26.407447814941499 ], [ -112.792221069335994, 26.414442062378001 ], [ -112.785652160645, 26.408250808715898 ], [ -112.771385192870994, 26.402500152587901 ], [ -112.789169311522997, 26.420276641845799 ], [ -112.778030395507997, 26.423906326294102 ], [ -112.769119262695, 26.4310512542725 ], [ -112.784492492675994, 26.4222087860107 ], [ -112.789596557617003, 26.423749923706101 ], [ -112.800773620605, 26.422399520873999 ], [ -112.800010681152003, 26.4253635406494 ], [ -112.804649353027003, 26.429094314575298 ], [ -112.811836242675994, 26.4275627136231 ], [ -112.802185058594006, 26.41748046875 ], [ -112.793548583984006, 26.413755416870099 ], [ -112.79906463623, 26.413436889648398 ], [ -112.883369445800994, 26.481367111206101 ], [ -112.963523864745994, 26.529119491577301 ], [ -112.931343078612997, 26.527177810668899 ], [ -112.920776367187003, 26.514350891113299 ], [ -112.913330078125, 26.514722824096701 ], [ -112.921020507812003, 26.515075683593899 ], [ -112.928100585937003, 26.528600692748999 ], [ -112.910217285155994, 26.521774291992202 ], [ -112.902885437012003, 26.521375656127901 ], [ -112.899360656737997, 26.508455276489201 ], [ -112.878471374512003, 26.498043060302699 ], [ -112.880004882812003, 26.493284225463999 ], [ -112.878601074219006, 26.4909057617188 ], [ -112.868728637695, 26.4938068389893 ], [ -112.813888549805, 26.456943511962901 ], [ -112.834770202637003, 26.4807739257812 ], [ -112.906188964844006, 26.529724121093899 ], [ -112.969924926757997, 26.548784255981499 ], [ -112.975028991699006, 26.5429286956787 ], [ -112.958312988280994, 26.538330078125099 ], [ -112.976501464844006, 26.533519744873001 ], [ -112.986129760742003, 26.560268402099702 ], [ -112.996391296387003, 26.556943893432699 ], [ -113.016670227050994, 26.567222595214801 ], [ -113.003051757812003, 26.556390762329102 ], [ -113.001388549805, 26.559165954589801 ], [ -112.996925354004006, 26.5555934906006 ], [ -112.987030029297003, 26.559038162231399 ], [ -112.985908508300994, 26.5416564941406 ], [ -113.067527770995994, 26.604558944702099 ], [ -113.064430236815994, 26.614097595214801 ], [ -113.057579040527003, 26.607997894287202 ], [ -113.059669494629006, 26.616611480713001 ], [ -113.06640625, 26.624511718750099 ], [ -113.06916809082, 26.619443893432699 ], [ -113.081893920897997, 26.634443283081001 ], [ -113.075805664062003, 26.629159927368299 ], [ -113.069076538085994, 26.640039443969801 ], [ -113.053588867187003, 26.6397094726563 ], [ -113.143325805664006, 26.747760772705099 ], [ -113.152481079102003, 26.749134063720799 ], [ -113.141296386719006, 26.757873535156399 ], [ -113.151390075684006, 26.772222518921001 ], [ -113.14134979248, 26.780641555786101 ], [ -113.149444580077997, 26.793333053588899 ], [ -113.13191986084, 26.791690826416101 ], [ -113.125328063965, 26.793281555175799 ], [ -113.126663208007997, 26.796390533447301 ], [ -113.146125793457003, 26.801498413086001 ], [ -113.153198242187997, 26.789672851562599 ], [ -113.167709350585994, 26.796405792236399 ], [ -113.172821044922003, 26.765876770019599 ], [ -113.185836791992003, 26.7558326721193 ], [ -113.188056945800994, 26.7619438171388 ], [ -113.210662841797003, 26.7625846862793 ], [ -113.244384765625, 26.786682128906399 ], [ -113.229194641112997, 26.7955627441407 ], [ -113.196105957030994, 26.793092727661101 ], [ -113.208824157715, 26.796680450439599 ], [ -113.138961791992003, 26.8577766418457 ], [ -113.130615234375, 26.8919067382813 ], [ -113.13712310791, 26.935844421386701 ], [ -113.163696289062003, 26.992675781250099 ], [ -113.175842285155994, 26.992265701293999 ], [ -113.169387817382997, 26.979314804077099 ], [ -113.187683105469006, 26.969297409057699 ], [ -113.200378417969006, 26.927490234375 ], [ -113.196250915527003, 26.8956813812256 ], [ -113.203605651855, 26.850744247436499 ], [ -113.230285644530994, 26.835157394409201 ], [ -113.253273010254006, 26.8447799682618 ], [ -113.271125793457003, 26.8197765350343 ], [ -113.265502929687003, 26.752075195312599 ], [ -113.286956787109006, 26.7514362335206 ], [ -113.32958984375, 26.782470703125099 ], [ -113.363883972167997, 26.796720504760899 ], [ -113.457214355469006, 26.806703567504901 ], [ -113.415557861327997, 26.812778472900401 ], [ -113.433334350585994, 26.8161106109619 ], [ -113.421112060547003, 26.826112747192401 ], [ -113.399444580077997, 26.812019348144599 ], [ -113.391357421875, 26.8150157928468 ], [ -113.396392822265994, 26.825527191162099 ], [ -113.417625427245994, 26.832517623901399 ], [ -113.457832336425994, 26.8305568695068 ], [ -113.470405578612997, 26.822790145874102 ], [ -113.469680786132997, 26.815555572509901 ], [ -113.475296020507997, 26.824928283691499 ], [ -113.485137939452997, 26.817874908447202 ], [ -113.474197387695, 26.807258605957099 ], [ -113.462646484375, 26.8123168945312 ], [ -113.466484069824006, 26.804552078247099 ], [ -113.509719848632997, 26.790832519531399 ], [ -113.520866394042997, 26.753122329711999 ], [ -113.549118041992003, 26.738302230835 ], [ -113.547912597655994, 26.719726562500099 ], [ -113.569702148437997, 26.715513229370099 ], [ -113.576469421387003, 26.705266952514599 ], [ -113.609375, 26.714477539062599 ], [ -113.64143371582, 26.733272552490298 ], [ -113.657478332519005, 26.756965637206999 ], [ -113.70027923584, 26.790000915527301 ], [ -113.66748046875, 26.775880813598601 ], [ -113.664169311522997, 26.7652778625488 ], [ -113.658332824707003, 26.7591667175293 ], [ -113.644721984862997, 26.756944656372202 ], [ -113.643157958984006, 26.7382316589356 ], [ -113.615837097167997, 26.722221374511701 ], [ -113.590553283690994, 26.716108322143601 ], [ -113.606407165527003, 26.732175827026399 ], [ -113.618591308594006, 26.7305297851563 ], [ -113.626495361327997, 26.739721298217699 ], [ -113.641387939452997, 26.7391662597657 ], [ -113.641677856445, 26.757766723632798 ], [ -113.661109924315994, 26.7644443511963 ], [ -113.667442321777003, 26.782730102539102 ], [ -113.689079284667997, 26.794441223144599 ], [ -113.715087890625, 26.790409088134702 ], [ -113.734313964844006, 26.7996826171875 ], [ -113.78157043457, 26.911870956421001 ], [ -113.849998474120994, 26.968887329101602 ], [ -113.949066162109006, 26.9990844726563 ], [ -113.972961425780994, 26.995246887207099 ], [ -113.983444213867003, 26.973354339599599 ], [ -114.002449035645, 26.970888137817401 ], [ -114.051879882812003, 27.0200805664063 ], [ -114.060791015625, 27.052488327026499 ], [ -114.087219238280994, 27.082275390625099 ], [ -114.154403686522997, 27.1269855499269 ], [ -114.195663452147997, 27.142375946044901 ], [ -114.257225036620994, 27.152221679687599 ], [ -114.288818359375, 27.1447143554688 ], [ -114.296363830565994, 27.122739791870099 ], [ -114.333526611327997, 27.1570854187012 ], [ -114.359283447265994, 27.162353515625099 ], [ -114.380920410155994, 27.178895950317301 ], [ -114.395599365234006, 27.182815551757901 ], [ -114.414672851562003, 27.1682739257813 ], [ -114.43480682373, 27.176450729370199 ], [ -114.428352355957003, 27.1917247772218 ], [ -114.436706542969006, 27.210325241088899 ], [ -114.457221984862997, 27.2199993133544 ], [ -114.478332519530994, 27.216388702392599 ], [ -114.488304138184006, 27.228614807128999 ], [ -114.488403320312003, 27.3505554199219 ], [ -114.511657714844006, 27.414676666259901 ], [ -114.576812744140994, 27.451604843139599 ], [ -114.602294921875, 27.4788818359375 ], [ -114.713752746582003, 27.521619796753001 ], [ -114.737503051757997, 27.5236110687257 ], [ -114.758483886719006, 27.548095703125099 ], [ -114.767791748047003, 27.579666137695401 ], [ -114.792778015137003, 27.6139430999756 ], [ -114.824447631835994, 27.630834579467699 ], [ -114.842102050780994, 27.6287231445313 ], [ -114.846923828125, 27.6168823242188 ], [ -114.874412536620994, 27.6438217163087 ], [ -114.871116638184006, 27.649999618530298 ], [ -114.856384277344006, 27.638122558593899 ], [ -114.847236633300994, 27.6478881835938 ], [ -114.846923828125, 27.674682617187599 ], [ -114.862426757812003, 27.6927604675294 ], [ -114.877502441405994, 27.699167251586999 ], [ -114.891326904297003, 27.691171646118299 ], [ -114.902183532715, 27.674757003784201 ], [ -114.900085449219006, 27.6641235351562 ], [ -114.929725646972997, 27.674444198608501 ], [ -114.938056945800994, 27.701389312744102 ], [ -114.954696655272997, 27.716415405273501 ], [ -114.986663818359006, 27.7291679382325 ], [ -115.006408691405994, 27.7158813476563 ], [ -115.014404296875, 27.734167098999102 ], [ -115.026947021484006, 27.740833282470799 ], [ -115.052185058594006, 27.819702148437599 ], [ -115.083610534667997, 27.8488883972169 ], [ -115.053886413574006, 27.8622226715088 ], [ -115.008056640625, 27.8288879394531 ], [ -114.969444274902003, 27.825834274291999 ], [ -114.915000915527003, 27.836952209472699 ], [ -114.854797363280994, 27.8289184570312 ], [ -114.832214355469006, 27.809146881103501 ], [ -114.785835266112997, 27.817224502563601 ], [ -114.760833740234006, 27.806667327880898 ], [ -114.72110748291, 27.806388854980501 ], [ -114.708618164062003, 27.791076660156399 ], [ -114.669998168945, 27.789722442626999 ], [ -114.636108398437997, 27.776111602783299 ], [ -114.601669311522997, 27.773609161377099 ], [ -114.568611145019005, 27.7855548858643 ], [ -114.535400390625, 27.786682128906399 ], [ -114.498886108397997, 27.7727775573731 ], [ -114.407218933105, 27.820278167724702 ], [ -114.395553588867003, 27.8199996948243 ], [ -114.393333435059006, 27.8116664886475 ], [ -114.383613586425994, 27.807777404785199 ], [ -114.360275268555, 27.816110610961999 ], [ -114.347778320312003, 27.811944961547798 ], [ -114.349975585937997, 27.8217163085938 ], [ -114.358581542969006, 27.825317382812599 ], [ -114.339721679687003, 27.8225002288819 ], [ -114.348052978515994, 27.839445114135899 ], [ -114.343887329102003, 27.84055519104 ], [ -114.340553283690994, 27.844999313354599 ], [ -114.353614807129006, 27.845834732055799 ], [ -114.358329772949006, 27.833053588867301 ], [ -114.370552062987997, 27.8377780914307 ], [ -114.37109375, 27.8283081054688 ], [ -114.379692077637003, 27.8264064788818 ], [ -114.388305664062003, 27.818908691406399 ], [ -114.389709472655994, 27.831958770752099 ], [ -114.341667175292997, 27.872499465942401 ], [ -114.318374633789006, 27.878654479980401 ], [ -114.294509887695, 27.868118286132901 ], [ -114.292221069335994, 27.859165191650401 ], [ -114.29638671875, 27.832275390625099 ], [ -114.300018310547003, 27.836389541626001 ], [ -114.304725646972997, 27.838611602783299 ], [ -114.298332214355, 27.831388473510799 ], [ -114.314720153809006, 27.7800006866456 ], [ -114.301109313965, 27.75 ], [ -114.227172851562003, 27.6939086914063 ], [ -114.200332641602003, 27.691667556762798 ], [ -114.161392211914006, 27.672775268554702 ], [ -114.116638183594006, 27.634712219238299 ], [ -114.124725341797003, 27.6324996948243 ], [ -114.12166595459, 27.621944427490298 ], [ -114.100524902344006, 27.622779846191499 ], [ -114.105834960937997, 27.6141662597656 ], [ -114.101112365722997, 27.603612899780298 ], [ -114.04914855957, 27.651081085205099 ], [ -114.045776367187997, 27.669677734375099 ], [ -114.038612365722997, 27.671388626098601 ], [ -114.058052062987997, 27.6705532073975 ], [ -114.060791015625, 27.6638793945312 ], [ -114.068611145019005, 27.684442520141701 ], [ -114.076614379882997, 27.6817150115968 ], [ -114.07421875, 27.6738891601563 ], [ -114.084999084472997, 27.680000305175799 ], [ -114.063293457030994, 27.691711425781399 ], [ -114.030830383300994, 27.683332443237301 ], [ -114.017501831055, 27.667499542236399 ], [ -113.957221984862997, 27.659164428710898 ], [ -113.91862487793, 27.710567474365199 ], [ -113.928833007812003, 27.727504730224599 ], [ -113.951667785644005, 27.7330551147462 ], [ -113.945831298827997, 27.7363891601562 ], [ -113.945556640625, 27.7402782440187 ], [ -113.952774047852003, 27.737224578857401 ], [ -113.962219238280994, 27.7432861328125 ], [ -113.950317382812003, 27.7432861328125 ], [ -113.941589355469006, 27.758300781249901 ], [ -113.929588317870994, 27.7524223327638 ], [ -113.936485290527003, 27.737369537353601 ], [ -113.9091796875, 27.712524414062401 ], [ -113.925575256347997, 27.678552627563501 ], [ -113.937774658202997, 27.671112060546999 ], [ -113.91943359375, 27.647283554077099 ], [ -113.93968963623, 27.666454315185501 ], [ -113.958831787109006, 27.649818420410199 ], [ -113.900444030762003, 27.551710128784201 ], [ -113.886596679687997, 27.5538940429688 ], [ -113.885192871094006, 27.5653076171875 ], [ -113.86531829834, 27.5461616516113 ], [ -113.857261657715, 27.558933258056602 ], [ -113.865875244140994, 27.570909500122099 ], [ -113.849998474120994, 27.564722061157301 ], [ -113.853576660155994, 27.571107864379901 ], [ -113.8408203125, 27.588075637817401 ], [ -113.851516723632997, 27.607374191284102 ], [ -113.861137390137003, 27.608629226684599 ], [ -113.855934143065994, 27.605110168457099 ], [ -113.865242004395, 27.601362228393601 ], [ -113.878608703612997, 27.611110687256001 ], [ -113.867774963379006, 27.610000610351602 ], [ -113.872406005859006, 27.617858886718899 ], [ -113.898048400879006, 27.631181716918899 ], [ -113.906311035155994, 27.663085937500099 ], [ -113.906234741210994, 27.675119400024499 ], [ -113.896034240722997, 27.683303833007901 ], [ -113.872497558594006, 27.659727096557699 ], [ -113.853614807129006, 27.657777786255 ], [ -113.890281677245994, 27.692077636718899 ], [ -113.88818359375, 27.7070922851563 ], [ -113.878639221190994, 27.711967468261701 ], [ -113.891479492187997, 27.728515625000099 ], [ -113.886611938477003, 27.739433288574201 ], [ -113.897964477539006, 27.775474548339801 ], [ -113.888061523437003, 27.806024551391499 ], [ -113.898559570312003, 27.820943832397599 ], [ -113.910278320312003, 27.8203125 ], [ -113.926445007324006, 27.8369235992431 ], [ -113.941390991210994, 27.829166412353501 ], [ -113.934204101562003, 27.841924667358501 ], [ -113.959999084472997, 27.853055953979499 ], [ -113.960830688477003, 27.8669452667237 ], [ -113.965835571289006, 27.854721069336001 ], [ -113.979721069335994, 27.860000610351602 ], [ -113.980003356934006, 27.869167327881001 ], [ -113.98388671875, 27.8561115264893 ], [ -113.97110748291, 27.850278854370199 ], [ -113.980773925780994, 27.831115722656399 ], [ -113.973022460937003, 27.829711914062599 ], [ -113.974166870117003, 27.840000152588001 ], [ -113.959999084472997, 27.831388473510799 ], [ -113.963890075684006, 27.821668624878001 ], [ -113.979225158690994, 27.822393417358398 ], [ -113.998718261719006, 27.789672851562599 ], [ -113.998733520507997, 27.7615871429444 ], [ -113.989997863769005, 27.762222290039102 ], [ -113.97509765625, 27.757507324218899 ], [ -113.965835571289006, 27.7483310699463 ], [ -113.974487304687003, 27.7424926757812 ], [ -113.979721069335994, 27.743610382080099 ], [ -113.974876403809006, 27.7543754577638 ], [ -113.9912109375, 27.759721755981399 ], [ -113.991157531737997, 27.7489528656006 ], [ -114.029441833495994, 27.740833282470799 ], [ -114.046081542969006, 27.782470703125099 ], [ -114.067497253417997, 27.804166793823399 ], [ -114.070831298827997, 27.795000076293899 ], [ -114.038269042969006, 27.7327785491944 ], [ -114.052795410155994, 27.7310791015625 ], [ -114.049377441405994, 27.716125488281399 ], [ -114.073890686035, 27.728332519531399 ], [ -114.095558166504006, 27.707220077514702 ], [ -114.118057250977003, 27.706111907959102 ], [ -114.183891296387003, 27.75 ], [ -114.184997558594006, 27.7675170898438 ], [ -114.174446105957003, 27.7694702148438 ], [ -114.157218933105, 27.747777938842798 ], [ -114.150268554687997, 27.748714447021499 ], [ -114.174446105957003, 27.7880554199218 ], [ -114.179725646972997, 27.8199996948243 ], [ -114.130867004394005, 27.884193420410199 ], [ -114.151916503905994, 27.898681640624901 ], [ -114.141670227050994, 27.897222518921001 ], [ -114.141387939452997, 27.898338317871101 ], [ -114.153053283690994, 27.899999618530298 ], [ -114.154441833495994, 27.900878906250099 ], [ -114.144721984862997, 27.906944274902301 ], [ -114.145835876465, 27.901945114135799 ], [ -114.138885498047003, 27.9011116027832 ], [ -114.149169921875, 27.919166564941499 ], [ -114.161376953125, 27.9158935546875 ], [ -114.157775878905994, 27.9273071289062 ], [ -114.166381835937997, 27.9277782440187 ], [ -114.163612365722997, 27.936111450195298 ], [ -114.1572265625, 27.934509277343899 ], [ -114.155555725097997, 27.9355564117432 ], [ -114.15389251709, 27.942777633666999 ], [ -114.146385192870994, 27.938613891601602 ], [ -114.149169921875, 27.9527072906494 ], [ -114.123054504394005, 27.9525146484375 ], [ -114.111389160155994, 27.926111221313501 ], [ -114.094795227050994, 27.952703475952202 ], [ -112.828308105469006, 27.9492797851562 ], [ -112.793395996094006, 27.9401245117188 ], [ -112.768165588379006, 27.879062652587901 ], [ -112.770278930664006, 27.860275268554702 ], [ -112.734169006347997, 27.825834274291999 ], [ -112.719177246094006, 27.824705123901399 ], [ -112.707221984862997, 27.764165878295799 ], [ -112.675552368164006, 27.721389770507901 ], [ -112.660003662109006, 27.7091674804688 ], [ -112.63720703125, 27.7058715820312 ], [ -112.623336791992003, 27.678611755371101 ], [ -112.597503662109006, 27.664443969726701 ], [ -112.593887329102003, 27.649999618530298 ], [ -112.529167175292997, 27.638055801391602 ], [ -112.481811523437997, 27.618915557861399 ], [ -112.466674804687997, 27.5996704101562 ], [ -112.419158935547003, 27.591161727905199 ], [ -112.371536254882997, 27.5630702972413 ], [ -112.353332519530994, 27.533056259155298 ], [ -112.330001831055, 27.5174999237062 ], [ -112.317779541015994, 27.459999084472699 ], [ -112.321662902832003, 27.443889617919901 ], [ -112.311706542969006, 27.4328937530519 ], [ -112.318054199219006, 27.429723739624102 ], [ -112.297248840332003, 27.402208328247202 ], [ -112.302780151367003, 27.385278701782202 ], [ -112.289169311522997, 27.366388320922798 ], [ -112.269409179687003, 27.356689453125099 ], [ -112.261108398437003, 27.332502365112401 ], [ -112.240783691405994, 27.325317382812599 ], [ -112.22777557373, 27.2900009155275 ], [ -112.194137573242003, 27.249181747436499 ], [ -112.201667785644005, 27.2472229003907 ], [ -112.213333129882997, 27.204999923706101 ], [ -112.193420410155994, 27.196714401245199 ], [ -112.164443969727003, 27.165000915527401 ], [ -112.135536193847997, 27.1594982147218 ], [ -112.096618652344006, 27.1331176757812 ], [ -112.070678710937997, 27.1340942382813 ], [ -112.062774658202997, 27.125833511352699 ], [ -112.018890380859006, 27.1203002929688 ], [ -111.99055480957, 27.096389770507901 ], [ -111.952926635742003, 27.096542358398501 ], [ -111.945556640625, 27.069999694824201 ], [ -111.976112365722997, 27.066389083862401 ], [ -112.006233215332003, 27.032672882080099 ], [ -112.014892578125, 26.975097656250099 ], [ -112.007720947265994, 26.957813262939499 ], [ -111.955535888672003, 26.9141654968263 ], [ -111.952438354492003, 26.900781631469801 ], [ -111.956108093262003, 26.903434753418001 ], [ -111.970497131347997, 26.8977775573732 ], [ -111.954277038574006, 26.899919509887798 ], [ -111.93733215332, 26.8831081390382 ], [ -111.915916442870994, 26.877334594726602 ], [ -111.910827636719006, 26.856872558593899 ], [ -111.872787475585994, 26.8309936523438 ], [ -111.860961914062003, 26.784116744995199 ], [ -111.873649597167997, 26.776599884033299 ], [ -111.876434326172003, 26.755781173706101 ], [ -111.883583068847997, 26.765556335449201 ], [ -111.894714355469006, 26.7575073242187 ], [ -111.890548706055, 26.7486858367919 ], [ -111.906578063965, 26.7323722839357 ], [ -111.908325195312003, 26.718507766723601 ], [ -111.862976074219006, 26.6939086914063 ], [ -111.849670410155994, 26.649417877197401 ], [ -111.806373596190994, 26.626041412353501 ], [ -111.779693603515994, 26.565708160400501 ], [ -111.735809326172003, 26.538396835327202 ], [ -111.694885253905994, 26.564697265625 ], [ -111.676910400390994, 26.587621688842798 ], [ -111.715614318847997, 26.630977630615199 ], [ -111.759826660155994, 26.661499023437599 ], [ -111.765716552734006, 26.676622390747099 ], [ -111.793907165527003, 26.6882247924806 ], [ -111.815551757812003, 26.717500686645501 ], [ -111.823944091797003, 26.8210220336913 ], [ -111.852333068847997, 26.875007629394499 ], [ -111.821594238280994, 26.8963012695313 ], [ -111.800720214844006, 26.888671875000099 ], [ -111.79126739502, 26.874500274658299 ], [ -111.74755859375, 26.846256256103601 ], [ -111.720718383789006, 26.8066596984863 ], [ -111.681045532227003, 26.780044555664102 ], [ -111.666275024414006, 26.7803974151612 ], [ -111.647193908690994, 26.745420455932699 ], [ -111.626007080077997, 26.740392684936602 ], [ -111.626152038574006, 26.732561111450298 ], [ -111.610763549805, 26.727758407592798 ], [ -111.607482910155994, 26.719171524048001 ], [ -111.561477661132997, 26.697507858276399 ], [ -111.567779541015994, 26.654548645019499 ], [ -111.564910888672003, 26.558420181274499 ], [ -111.500434875487997, 26.5297565460206 ], [ -111.461036682129006, 26.5377807617187 ], [ -111.46118927002, 26.5283298492432 ], [ -111.441764831542997, 26.5176887512207 ], [ -111.451873779297003, 26.515123367309702 ], [ -111.454895019530994, 26.4874877929688 ], [ -111.471015930175994, 26.4622821807862 ], [ -111.468505859375, 26.425294876098601 ], [ -111.513916015625, 26.4334716796875 ], [ -111.528968811035, 26.4292907714844 ], [ -111.531723022460994, 26.4134197235107 ], [ -111.509208679199006, 26.363611221313501 ], [ -111.531005859375, 26.348451614379901 ], [ -111.625183105469006, 26.323120117187599 ], [ -111.670288085937003, 26.385072708129901 ], [ -111.692016601562003, 26.4290771484375 ], [ -111.737892150879006, 26.457080841064499 ], [ -111.794418334960994, 26.411861419677699 ], [ -111.808288574219006, 26.390321731567401 ], [ -111.827697753905994, 26.381530761718899 ], [ -111.876686096190994, 26.290950775146499 ], [ -111.897087097167997, 26.2754001617432 ], [ -111.898620605469006, 26.246702194213899 ], [ -111.977600097655994, 26.2822875976563 ], [ -111.970825195312003, 26.311706542968899 ], [ -111.986206054687997, 26.324890136718899 ], [ -112.032707214355, 26.269689559936602 ], [ -112.076904296875, 26.3220825195312 ], [ -112.09912109375, 26.324523925781399 ], [ -112.115112304687003, 26.315673828125099 ], [ -112.125511169434006, 26.326139450073299 ], [ -112.156005859375, 26.3306884765625 ], [ -112.150817871094006, 26.3474731445312 ], [ -112.164611816405994, 26.3551025390625 ], [ -112.177795410155994, 26.340515136718899 ], [ -112.192504882812003, 26.3515014648438 ], [ -112.231056213379006, 26.3337707519532 ], [ -112.235511779785, 26.321559906006001 ], [ -112.339477539062003, 26.3295288085938 ], [ -112.398391723632997, 26.309549331665 ], [ -112.392578125, 26.2606811523438 ], [ -112.376586914062003, 26.261903762817401 ], [ -112.336608886719006, 26.294126510620199 ], [ -112.310302734375, 26.274110794067401 ], [ -112.3115234375, 26.2462692260743 ], [ -112.298828125, 26.2241401672363 ], [ -112.331115722655994, 26.209472656250099 ], [ -112.348815917969006, 26.213317871093899 ], [ -112.368728637695, 26.204360961914201 ], [ -112.363502502440994, 26.199457168579201 ] ] ] }, { "type": "Polygon", "coordinates": [ [ [ -114.154815673827997, 27.947353363037202 ], [ -114.157432556152003, 27.947433471679702 ], [ -114.156669616699006, 27.950000762939499 ], [ -114.154418945312003, 27.949167251586999 ], [ -114.154815673827997, 27.947353363037202 ] ] ] }, { "type": "Polygon", "coordinates": [ [ [ -114.161720275879006, 27.9442062377931 ], [ -114.156112670897997, 27.9366664886475 ], [ -114.16471862793, 27.937221527099702 ], [ -114.16748046875, 27.9295043945313 ], [ -114.168579101562003, 27.931091308593899 ], [ -114.161720275879006, 27.9442062377931 ] ] ] }, { "type": "Polygon", "coordinates": [ [ [ -115.217437744140994, 27.8970336914063 ], [ -115.161209106445, 27.8705863952637 ], [ -115.165328979492003, 27.852178573608501 ], [ -115.179725646972997, 27.849168777465799 ], [ -115.181694030762003, 27.866430282592798 ], [ -115.197151184082003, 27.881288528442401 ], [ -115.219718933105, 27.888057708740298 ], [ -115.217437744140994, 27.8970336914063 ] ] ] }, { "type": "Polygon", "coordinates": [ [ [ -115.224166870117003, 27.894720077514702 ], [ -115.223335266112997, 27.8950004577637 ], [ -115.221389770507997, 27.8924999237062 ], [ -115.223609924315994, 27.891944885253999 ], [ -115.224166870117003, 27.894720077514702 ] ] ] }, { "type": "Polygon", "coordinates": [ [ [ -113.955833435059006, 27.846389770507901 ], [ -113.947731018065994, 27.844154357910199 ], [ -113.950012207030994, 27.8408813476562 ], [ -113.949996948242003, 27.8361110687256 ], [ -113.944725036620994, 27.8322238922119 ], [ -113.955810546875, 27.834472656250099 ], [ -113.955833435059006, 27.846389770507901 ] ] ] }, { "type": "Polygon", "coordinates": [ [ [ -112.739723205565994, 27.843332290649499 ], [ -112.736946105957003, 27.842500686645501 ], [ -112.735832214355, 27.841388702392599 ], [ -112.741432189940994, 27.84236907959 ], [ -112.739723205565994, 27.843332290649499 ] ] ] }, { "type": "Polygon", "coordinates": [ [ [ -113.948394775390994, 27.8422966003419 ], [ -113.947807312012003, 27.842536926269599 ], [ -113.946975708007997, 27.8414211273193 ], [ -113.948638916015994, 27.8411655426025 ], [ -113.948394775390994, 27.8422966003419 ] ] ] }, { "type": "Polygon", "coordinates": [ [ [ -114.226669311522997, 27.830553054809599 ], [ -114.231666564940994, 27.8233337402343 ], [ -114.235275268555, 27.825834274291999 ], [ -114.223892211914006, 27.838333129882901 ], [ -114.226669311522997, 27.830553054809599 ] ] ] }, { "type": "Polygon", "coordinates": [ [ [ -114.347229003905994, 27.8308715820313 ], [ -114.343078613280994, 27.82696723938 ], [ -114.342529296875, 27.824705123901399 ], [ -114.347221374512003, 27.8280563354493 ], [ -114.347229003905994, 27.8308715820313 ] ] ] }, { "type": "Polygon", "coordinates": [ [ [ -113.956665039062003, 27.827777862548899 ], [ -113.954719543457003, 27.827222824096701 ], [ -113.955001831055, 27.821388244628999 ], [ -113.957778930664006, 27.826665878296001 ], [ -113.956665039062003, 27.827777862548899 ] ] ] }, { "type": "Polygon", "coordinates": [ [ [ -114.36555480957, 27.823610305786101 ], [ -114.366943359375, 27.825834274291999 ], [ -114.364990234375, 27.827270507812599 ], [ -114.364204406737997, 27.824485778808501 ], [ -114.36555480957, 27.823610305786101 ] ] ] }, { "type": "Polygon", "coordinates": [ [ [ -114.377227783202997, 27.825548171997099 ], [ -114.375, 27.825834274291999 ], [ -114.374389648437997, 27.825317382812599 ], [ -114.377502441405994, 27.8239135742187 ], [ -114.377227783202997, 27.825548171997099 ] ] ] }, { "type": "Polygon", "coordinates": [ [ [ -115.076385498047003, 27.823610305786101 ], [ -115.072219848632997, 27.8225002288819 ], [ -115.068885803222997, 27.817499160766602 ], [ -115.070274353027003, 27.816942214965799 ], [ -115.076385498047003, 27.823610305786101 ] ] ] }, { "type": "Polygon", "coordinates": [ [ [ -114.355003356932997, 27.821945190429801 ], [ -114.353614807129006, 27.8194465637207 ], [ -114.354446411132997, 27.817499160766602 ], [ -114.356391906737997, 27.8191642761231 ], [ -114.355003356932997, 27.821945190429801 ] ] ] }, { "type": "Polygon", "coordinates": [ [ [ -113.947776794434006, 27.794721603393601 ], [ -113.944396972655994, 27.756103515625099 ], [ -113.953330993652003, 27.7483310699463 ], [ -113.949722290039006, 27.7627773284913 ], [ -113.980003356934006, 27.7638893127443 ], [ -113.949447631835994, 27.764165878295799 ], [ -113.948104858397997, 27.788381576538001 ], [ -113.96028137207, 27.790554046630898 ], [ -113.948333740234006, 27.790277481079201 ], [ -113.954193115234006, 27.8186340332031 ], [ -113.947776794434006, 27.794721603393601 ] ] ] }, { "type": "Polygon", "coordinates": [ [ [ -113.961387634277003, 27.815832138061602 ], [ -113.963333129882997, 27.813888549804702 ], [ -113.964416503905994, 27.814697265625099 ], [ -113.962501525879006, 27.816942214965799 ], [ -113.961387634277003, 27.815832138061602 ] ] ] }, { "type": "Polygon", "coordinates": [ [ [ -114.380554199219006, 27.816110610961999 ], [ -114.379699707030994, 27.814697265625099 ], [ -114.381942749022997, 27.8133335113525 ], [ -114.382774353027003, 27.8147201538087 ], [ -114.380554199219006, 27.816110610961999 ] ] ] }, { "type": "Polygon", "coordinates": [ [ [ -114.38370513916, 27.813978195190401 ], [ -114.38500213623, 27.811389923095799 ], [ -114.388610839844006, 27.812778472900401 ], [ -114.388381958007997, 27.813856124878001 ], [ -114.38370513916, 27.813978195190401 ] ] ] }, { "type": "Polygon", "coordinates": [ [ [ -113.985275268555, 27.785589218139599 ], [ -113.984169006347997, 27.7841987609863 ], [ -113.985778808594006, 27.782287597656399 ], [ -113.986389160155994, 27.784477233886701 ], [ -113.985275268555, 27.785589218139599 ] ] ] }, { "type": "Polygon", "coordinates": [ [ [ -113.985557556152003, 27.779445648193398 ], [ -113.984672546387003, 27.779170989990298 ], [ -113.98469543457, 27.776992797851499 ], [ -113.986083984375, 27.7772827148438 ], [ -113.985557556152003, 27.779445648193398 ] ] ] }, { "type": "Polygon", "coordinates": [ [ [ -114.225448608397997, 27.7665615081788 ], [ -114.206069946289006, 27.740879058837901 ], [ -114.184997558594006, 27.721666336059702 ], [ -114.222290039062003, 27.7402954101563 ], [ -114.248886108397997, 27.744167327880898 ], [ -114.249694824219006, 27.7567157745362 ], [ -114.238052368164006, 27.754732131958001 ], [ -114.225448608397997, 27.7665615081788 ] ] ] }, { "type": "Polygon", "coordinates": [ [ [ -114.138885498047003, 27.714721679687599 ], [ -114.141944885254006, 27.715555191040099 ], [ -114.141387939452997, 27.718055725097599 ], [ -114.139724731445, 27.718334197998001 ], [ -114.138885498047003, 27.714721679687599 ] ] ] }, { "type": "Polygon", "coordinates": [ [ [ -114.231391906737997, 27.714721679687599 ], [ -114.226387023925994, 27.7127780914307 ], [ -114.22777557373, 27.7075004577637 ], [ -114.231391906737997, 27.7102775573732 ], [ -114.231391906737997, 27.714721679687599 ] ] ] }, { "type": "Polygon", "coordinates": [ [ [ -114.172760009765994, 27.712520599365298 ], [ -114.15380859375, 27.7058715820312 ], [ -114.149444580077997, 27.7008342742919 ], [ -114.159423828125, 27.702514648437599 ], [ -114.172760009765994, 27.712520599365298 ] ] ] }, { "type": "Polygon", "coordinates": [ [ [ -114.076385498047003, 27.658889770507901 ], [ -114.078330993652003, 27.655832290649499 ], [ -114.081108093262003, 27.6594467163087 ], [ -114.074165344237997, 27.660556793212901 ], [ -114.076385498047003, 27.658889770507901 ] ] ] }, { "type": "Polygon", "coordinates": [ [ [ -113.892143249512003, 27.609725952148398 ], [ -113.889533996582003, 27.608448028564599 ], [ -113.887672424315994, 27.6054172515869 ], [ -113.894104003905994, 27.609689712524499 ], [ -113.892143249512003, 27.609725952148398 ] ] ] }, { "type": "Polygon", "coordinates": [ [ [ -113.884719848632997, 27.602502822876101 ], [ -113.885833740234006, 27.601942062378001 ], [ -113.887496948242003, 27.603612899780298 ], [ -113.885833740234006, 27.603889465332099 ], [ -113.884719848632997, 27.602502822876101 ] ] ] }, { "type": "Polygon", "coordinates": [ [ [ -113.890808105469006, 27.560424804687599 ], [ -113.888648986815994, 27.557254791259801 ], [ -113.888603210449006, 27.555091857910199 ], [ -113.892852783202997, 27.558610916137798 ], [ -113.890808105469006, 27.560424804687599 ] ] ] }, { "type": "Polygon", "coordinates": [ [ [ -111.887496948242003, 27.456388473510799 ], [ -111.869201660155994, 27.4545288085938 ], [ -111.856109619140994, 27.440832138061602 ], [ -111.857788085937003, 27.432678222656399 ], [ -111.895538330077997, 27.430591583251999 ], [ -111.902801513672003, 27.4473056793213 ], [ -111.887496948242003, 27.456388473510799 ] ] ] }, { "type": "Polygon", "coordinates": [ [ [ -112.099975585937997, 27.249696731567401 ], [ -112.087501525879006, 27.259445190429702 ], [ -112.046875, 27.2238788604737 ], [ -112.043273925780994, 27.208314895629901 ], [ -112.058609008789006, 27.180833816528299 ], [ -112.074447631835994, 27.177499771118299 ], [ -112.084968566894005, 27.186145782470799 ], [ -112.088722229004006, 27.2159233093263 ], [ -112.108612060547003, 27.238609313964801 ], [ -112.099975585937997, 27.249696731567401 ] ] ] }, { "type": "Polygon", "coordinates": [ [ [ -112.201667785644005, 27.212499618530401 ], [ -112.202499389647997, 27.2091674804687 ], [ -112.203918457030994, 27.207521438598601 ], [ -112.204170227050994, 27.2119445800782 ], [ -112.198974609375, 27.2222881317138 ], [ -112.201667785644005, 27.212499618530401 ] ] ] }, { "type": "Polygon", "coordinates": [ [ [ -114.374725341797003, 27.150554656982401 ], [ -114.37166595459, 27.144443511962901 ], [ -114.385559082030994, 27.145555496215799 ], [ -114.37574005127, 27.151746749877901 ], [ -114.374725341797003, 27.150554656982401 ] ] ] }, { "type": "Polygon", "coordinates": [ [ [ -114.289443969727003, 27.098333358764599 ], [ -114.294441223144005, 27.0997219085694 ], [ -114.293891906737997, 27.110834121704102 ], [ -114.288330078125, 27.101110458374102 ], [ -114.289443969727003, 27.098333358764599 ] ] ] }, { "type": "Polygon", "coordinates": [ [ [ -111.914443969727003, 27.033611297607401 ], [ -111.91527557373, 27.0372219085694 ], [ -111.908058166504006, 27.0422248840332 ], [ -111.910003662109006, 27.0363883972169 ], [ -111.914443969727003, 27.033611297607401 ] ] ] }, { "type": "Polygon", "coordinates": [ [ [ -113.161560058594006, 26.926040649414102 ], [ -113.160079956055, 26.920036315918001 ], [ -113.168212890625, 26.928651809692301 ], [ -113.162467956542997, 26.9321594238282 ], [ -113.161560058594006, 26.926040649414102 ] ] ] }, { "type": "Polygon", "coordinates": [ [ [ -113.155250549315994, 26.909217834472699 ], [ -113.149169921875, 26.9040641784669 ], [ -113.154228210449006, 26.890634536743299 ], [ -113.152755737305, 26.8995151519775 ], [ -113.162719726562003, 26.906784057617202 ], [ -113.156944274902003, 26.916858673095799 ], [ -113.155250549315994, 26.909217834472699 ] ] ] }, { "type": "Polygon", "coordinates": [ [ [ -111.914825439452997, 26.877527236938398 ], [ -111.915405273437003, 26.878200531005898 ], [ -111.913124084472997, 26.879503250122099 ], [ -111.913627624512003, 26.877790451049901 ], [ -111.914825439452997, 26.877527236938398 ] ] ] }, { "type": "Polygon", "coordinates": [ [ [ -113.441162109375, 26.826227188110298 ], [ -113.437828063965, 26.815473556518601 ], [ -113.454460144042997, 26.816389083862401 ], [ -113.45361328125, 26.825071334838899 ], [ -113.441162109375, 26.826227188110298 ] ] ] }, { "type": "Polygon", "coordinates": [ [ [ -113.462654113769005, 26.825746536254901 ], [ -113.455810546875, 26.8197021484375 ], [ -113.467224121094006, 26.815277099609499 ], [ -113.4697265625, 26.820314407348601 ], [ -113.462654113769005, 26.825746536254901 ] ] ] }, { "type": "Polygon", "coordinates": [ [ [ -113.436218261719006, 26.820924758911101 ], [ -113.437591552734006, 26.822919845581101 ], [ -113.436584472655994, 26.8245639801025 ], [ -113.435333251952997, 26.822921752929801 ], [ -113.436218261719006, 26.820924758911101 ] ] ] }, { "type": "Polygon", "coordinates": [ [ [ -113.47444152832, 26.818611145019499 ], [ -113.471664428710994, 26.815277099609499 ], [ -113.467781066894005, 26.813888549804702 ], [ -113.481506347655994, 26.8170776367188 ], [ -113.47444152832, 26.818611145019499 ] ] ] }, { "type": "Polygon", "coordinates": [ [ [ -113.39778137207, 26.815000534057699 ], [ -113.401000976562003, 26.8162841796875 ], [ -113.401420593262003, 26.819189071655298 ], [ -113.399085998535, 26.818294525146499 ], [ -113.39778137207, 26.815000534057699 ] ] ] }, { "type": "Polygon", "coordinates": [ [ [ -113.434066772460994, 26.813705444336001 ], [ -113.432220458984006, 26.8140983581543 ], [ -113.430908203125, 26.8129272460938 ], [ -113.432456970215, 26.8122577667237 ], [ -113.434066772460994, 26.813705444336001 ] ] ] }, { "type": "Polygon", "coordinates": [ [ [ -113.144805908202997, 26.799636840820401 ], [ -113.143890380859006, 26.796943664550898 ], [ -113.149719238280994, 26.794721603393601 ], [ -113.145278930664006, 26.799444198608398 ], [ -113.144805908202997, 26.799636840820401 ] ] ] }, { "type": "Polygon", "coordinates": [ [ [ -113.228889465332003, 26.773056030273501 ], [ -113.226379394530994, 26.772521972656399 ], [ -113.231941223144005, 26.7719440460206 ], [ -113.231384277344006, 26.772521972656399 ], [ -113.228889465332003, 26.773056030273501 ] ] ] }, { "type": "Polygon", "coordinates": [ [ [ -113.235214233397997, 26.772035598755 ], [ -113.20703125, 26.760423660278299 ], [ -113.192497253417997, 26.738611221313501 ], [ -113.214996337890994, 26.7383327484132 ], [ -113.235214233397997, 26.772035598755 ] ] ] }, { "type": "Polygon", "coordinates": [ [ [ -111.886405944824006, 26.755029678344801 ], [ -111.887512207030994, 26.7559204101563 ], [ -111.886070251465, 26.756980895996101 ], [ -111.885803222655994, 26.7553100585938 ], [ -111.886405944824006, 26.755029678344801 ] ] ] }, { "type": "Polygon", "coordinates": [ [ [ -113.643058776855, 26.747777938842798 ], [ -113.643890380859006, 26.75 ], [ -113.642784118652003, 26.751468658447401 ], [ -113.642219543457003, 26.748611450195298 ], [ -113.643058776855, 26.747777938842798 ] ] ] }, { "type": "Polygon", "coordinates": [ [ [ -111.888916015625, 26.7461242675781 ], [ -111.889862060547003, 26.746866226196399 ], [ -111.887397766112997, 26.747625350952202 ], [ -111.887130737305, 26.7472248077394 ], [ -111.888916015625, 26.7461242675781 ] ] ] }, { "type": "Polygon", "coordinates": [ [ [ -111.874526977539006, 26.743141174316499 ], [ -111.87336730957, 26.742294311523398 ], [ -111.874771118164006, 26.741449356079201 ], [ -111.875045776367003, 26.742015838623001 ], [ -111.874526977539006, 26.743141174316499 ] ] ] }, { "type": "Polygon", "coordinates": [ [ [ -113.625328063965, 26.736162185669102 ], [ -113.626388549805, 26.735000610351499 ], [ -113.627807617187003, 26.736877441406399 ], [ -113.626754760742003, 26.737367630004901 ], [ -113.625328063965, 26.736162185669102 ] ] ] }, { "type": "Polygon", "coordinates": [ [ [ -113.238639831542997, 26.732553482055799 ], [ -113.197776794434006, 26.7247219085693 ], [ -113.197219848632997, 26.712776184082099 ], [ -113.193336486815994, 26.721944808960099 ], [ -113.175758361815994, 26.718814849853601 ], [ -113.135871887207003, 26.662256240844702 ], [ -113.194160461425994, 26.688930511474702 ], [ -113.263610839844006, 26.703125 ], [ -113.268333435059006, 26.713333129882901 ], [ -113.253608703612997, 26.716108322143601 ], [ -113.238639831542997, 26.732553482055799 ] ] ] }, { "type": "Polygon", "coordinates": [ [ [ -113.622314453125, 26.731073379516602 ], [ -113.620277404785, 26.729722976684599 ], [ -113.620483398437003, 26.728881835937599 ], [ -113.623054504394005, 26.729722976684599 ], [ -113.622314453125, 26.731073379516602 ] ] ] }, { "type": "Polygon", "coordinates": [ [ [ -113.623001098632997, 26.728635787963999 ], [ -113.622009277344006, 26.728881835937599 ], [ -113.620887756347997, 26.728174209594801 ], [ -113.622344970702997, 26.727119445800799 ], [ -113.623001098632997, 26.728635787963999 ] ] ] }, { "type": "Polygon", "coordinates": [ [ [ -111.885833740234006, 26.722778320312599 ], [ -111.888336181640994, 26.719999313354499 ], [ -111.889404296875, 26.7252807617187 ], [ -111.886596679687003, 26.7252807617187 ], [ -111.885833740234006, 26.722778320312599 ] ] ] }, { "type": "Polygon", "coordinates": [ [ [ -111.864784240722997, 26.720256805419901 ], [ -111.866943359375, 26.718889236450199 ], [ -111.86833190918, 26.719999313354499 ], [ -111.864440917969006, 26.722499847412202 ], [ -111.864784240722997, 26.720256805419901 ] ] ] }, { "type": "Polygon", "coordinates": [ [ [ -113.08959197998, 26.664934158325298 ], [ -113.08625793457, 26.660766601562599 ], [ -113.090698242187003, 26.6579895019531 ], [ -113.091537475585994, 26.659656524658299 ], [ -113.08959197998, 26.664934158325298 ] ] ] }, { "type": "Polygon", "coordinates": [ [ [ -113.092239379882997, 26.6622219085694 ], [ -113.093902587890994, 26.65944480896 ], [ -113.100845336914006, 26.658332824706999 ], [ -113.096961975097997, 26.6638908386231 ], [ -113.092239379882997, 26.6622219085694 ] ] ] }, { "type": "Polygon", "coordinates": [ [ [ -113.114967346190994, 26.6586723327637 ], [ -113.101684570312003, 26.656494140625099 ], [ -113.098609924315994, 26.649723052978601 ], [ -113.086975097655994, 26.640504837036101 ], [ -113.086608886719006, 26.6275024414063 ], [ -113.068801879882997, 26.6123142242432 ], [ -113.123886108397997, 26.6358337402344 ], [ -113.127487182617003, 26.644180297851701 ], [ -113.114967346190994, 26.6586723327637 ] ] ] }, { "type": "Polygon", "coordinates": [ [ [ -113.092994689940994, 26.655065536498999 ], [ -113.093826293945, 26.6564540863038 ], [ -113.092163085937997, 26.657011032104499 ], [ -113.091888427734006, 26.6564540863038 ], [ -113.092994689940994, 26.655065536498999 ] ] ] }, { "type": "Polygon", "coordinates": [ [ [ -113.086326599120994, 26.654167175293001 ], [ -113.087440490722997, 26.656110763549901 ], [ -113.086051940917997, 26.656665802002099 ], [ -113.085777282715, 26.656110763549901 ], [ -113.086326599120994, 26.654167175293001 ] ] ] }, { "type": "Polygon", "coordinates": [ [ [ -113.095275878905994, 26.652454376220799 ], [ -113.096672058105, 26.653369903564499 ], [ -113.097137451172003, 26.655899047851602 ], [ -113.094779968262003, 26.655027389526499 ], [ -113.095275878905994, 26.652454376220799 ] ] ] }, { "type": "Polygon", "coordinates": [ [ [ -113.095420837402003, 26.650993347168001 ], [ -113.092910766600994, 26.650161743164102 ], [ -113.092842102050994, 26.648572921752901 ], [ -113.096374511719006, 26.648925781250099 ], [ -113.095420837402003, 26.650993347168001 ] ] ] }, { "type": "Polygon", "coordinates": [ [ [ -113.071678161620994, 26.650833129882901 ], [ -113.065567016602003, 26.648887634277401 ], [ -113.073348999022997, 26.640834808349702 ], [ -113.074737548827997, 26.6502780914307 ], [ -113.071678161620994, 26.650833129882901 ] ] ] }, { "type": "Polygon", "coordinates": [ [ [ -113.081535339355, 26.648057937622202 ], [ -113.080703735350994, 26.644721984863299 ], [ -113.084587097167997, 26.642499923706101 ], [ -113.084587097167997, 26.646669387817401 ], [ -113.081535339355, 26.648057937622202 ] ] ] }, { "type": "Polygon", "coordinates": [ [ [ -111.832824707030994, 26.643447875976499 ], [ -111.831420898437997, 26.6434936523438 ], [ -111.827209472655994, 26.638671875000099 ], [ -111.833396911620994, 26.641483306884801 ], [ -111.832824707030994, 26.643447875976499 ] ] ] }, { "type": "Polygon", "coordinates": [ [ [ -111.427490234375, 26.634521484375 ], [ -111.423889160155994, 26.625833511352599 ], [ -111.4296875, 26.623901367187599 ], [ -111.435791015625, 26.636718750000099 ], [ -111.434448242187003, 26.641944885253899 ], [ -111.427490234375, 26.634521484375 ] ] ] }, { "type": "Polygon", "coordinates": [ [ [ -113.081604003905994, 26.638187408447401 ], [ -113.082160949707003, 26.639575958251999 ], [ -113.079940795897997, 26.639575958251999 ], [ -113.080215454102003, 26.639020919799702 ], [ -113.081604003905994, 26.638187408447401 ] ] ] }, { "type": "Polygon", "coordinates": [ [ [ -113.076385498047003, 26.6307163238525 ], [ -113.077865600585994, 26.632156372070401 ], [ -113.076110839844006, 26.635280609130898 ], [ -113.074798583984006, 26.6333332061769 ], [ -113.076385498047003, 26.6307163238525 ] ] ] }, { "type": "Polygon", "coordinates": [ [ [ -113.078071594237997, 26.625965118408299 ], [ -113.074737548827997, 26.622909545898398 ], [ -113.074180603027003, 26.621242523193398 ], [ -113.081954956055, 26.627632141113299 ], [ -113.078071594237997, 26.625965118408299 ] ] ] }, { "type": "Polygon", "coordinates": [ [ [ -112.955368041992003, 26.541744232177699 ], [ -112.951614379882997, 26.539676666259801 ], [ -112.953002929687003, 26.5369262695313 ], [ -112.956985473632997, 26.537574768066499 ], [ -112.955368041992003, 26.541744232177699 ] ] ] }, { "type": "Polygon", "coordinates": [ [ [ -112.949691772460994, 26.539371490478601 ], [ -112.947273254394005, 26.539489746093899 ], [ -112.946342468262003, 26.5369586944581 ], [ -112.949356079102003, 26.537490844726602 ], [ -112.949691772460994, 26.539371490478601 ] ] ] }, { "type": "Polygon", "coordinates": [ [ [ -112.939231872559006, 26.528457641601602 ], [ -112.940551757812003, 26.528322219848601 ], [ -112.942085266112997, 26.5295219421387 ], [ -112.939247131347997, 26.53080368042 ], [ -112.939231872559006, 26.528457641601602 ] ] ] }, { "type": "Polygon", "coordinates": [ [ [ -112.929016113280994, 26.528659820556701 ], [ -112.92992401123, 26.528434753417901 ], [ -112.930595397949006, 26.530515670776399 ], [ -112.927726745605, 26.530158996581999 ], [ -112.929016113280994, 26.528659820556701 ] ] ] }, { "type": "Polygon", "coordinates": [ [ [ -112.916709899902003, 26.525093078613299 ], [ -112.918045043945, 26.5253620147706 ], [ -112.917022705077997, 26.526489257812599 ], [ -112.915657043457003, 26.525510787963999 ], [ -112.916709899902003, 26.525093078613299 ] ] ] }, { "type": "Polygon", "coordinates": [ [ [ -112.903610229492003, 26.523332595825099 ], [ -112.903388977050994, 26.5220527648925 ], [ -112.905479431152003, 26.5224208831788 ], [ -112.904167175292997, 26.523332595825099 ], [ -112.903610229492003, 26.523332595825099 ] ] ] }, { "type": "Polygon", "coordinates": [ [ [ -112.806480407715, 26.4282455444337 ], [ -112.805000305175994, 26.4283351898194 ], [ -112.803283691405994, 26.427490234375099 ], [ -112.806663513184006, 26.426111221313501 ], [ -112.806480407715, 26.4282455444337 ] ] ] }, { "type": "Polygon", "coordinates": [ [ [ -112.802986145019005, 26.424076080322301 ], [ -112.803588867187997, 26.423244476318299 ], [ -112.806587219237997, 26.424280166626001 ], [ -112.804626464844006, 26.426698684692401 ], [ -112.802986145019005, 26.424076080322301 ] ] ] }, { "type": "Polygon", "coordinates": [ [ [ -112.789100646972997, 26.4223957061769 ], [ -112.79027557373, 26.4205551147462 ], [ -112.786323547362997, 26.411985397338999 ], [ -112.801109313965, 26.419168472290199 ], [ -112.789100646972997, 26.4223957061769 ] ] ] }, { "type": "Polygon", "coordinates": [ [ [ -112.801940917969006, 26.419168472290199 ], [ -112.80305480957, 26.419998168945401 ], [ -112.802490234375, 26.422119140625099 ], [ -112.801124572754006, 26.4218864440919 ], [ -112.801940917969006, 26.419168472290199 ] ] ] }, { "type": "Polygon", "coordinates": [ [ [ -113.0, 26.0 ], [ -113.000137329102003, 26.0 ], [ -113.000137329102003, 26.000139236450298 ], [ -113.0, 26.000139236450298 ], [ -113.0, 26.0 ] ] ] } ] } }
]
}
