{
"type": "FeatureCollection",
"name": "chiapas",
"crs": { "type": "name", "properties": { "name": "urn:ogc:def:crs:OGC:1.3:CRS84" } },
"features": [
{ "type": "Feature", "properties": { "NAME_1": "Chiapas", "NAME_2": "Acacoyagua" }, "geometry": { "type": "Polygon", "coordinates": [ [ [ -92.700668334960895, 15.333531379699799 ], [ -92.744651794433494, 15.3434495925904 ], [ -92.750717163085895, 15.402329444885201 ], [ -92.767562866210895, 15.424941062927401 ], [ -92.775871276855497, 15.425170898437599 ], [ -92.742042541503807, 15.444750785827599 ], [ -92.726676940917997, 15.4749202728271 ], [ -92.692901611328097, 15.495249748230099 ], [ -92.698020935058494, 15.5460195541382 ], [ -92.689903259277301, 15.552080154418899 ], [ -92.596611022949205, 15.508709907531699 ], [ -92.596397399902301, 15.4987707138063 ], [ -92.617813110351406, 15.4366102218628 ], [ -92.638977050781193, 15.4286193847656 ], [ -92.645606994628906, 15.3756227493287 ], [ -92.700668334960895, 15.333531379699799 ] ] ] } },
{ "type": "Feature", "properties": { "NAME_1": "Chiapas", "NAME_2": "Acala" }, "geometry": { "type": "Polygon", "coordinates": [ [ [ -92.715682983398395, 16.483720779418999 ], [ -92.743713378906193, 16.467170715331999 ], [ -92.842956542968693, 16.5128498077393 ], [ -92.878097534179702, 16.500431060791101 ], [ -92.939376831054602, 16.507379531860401 ], [ -92.947700500488295, 16.527099609375 ], [ -92.936340332031094, 16.5519409179688 ], [ -92.945960998535099, 16.572511672973601 ], [ -92.895240783691307, 16.644121170043999 ], [ -92.875251770019503, 16.619699478149499 ], [ -92.862525939941307, 16.6183681488038 ], [ -92.829643249511705, 16.6532802581787 ], [ -92.817810058593807, 16.6933708190919 ], [ -92.721572875976406, 16.628009796142699 ], [ -92.727333068847699, 16.6055507659913 ], [ -92.760200500488196, 16.584180831909201 ], [ -92.773826599120994, 16.5423698425294 ], [ -92.744918823242102, 16.5033397674562 ], [ -92.715682983398395, 16.483720779418999 ] ] ] } },
{ "type": "Feature", "properties": { "NAME_1": "Chiapas", "NAME_2": "Acapetahua" }, "geometry": { "type": "GeometryCollection", "geometries": [ { "type": "Polygon", "coordinates": [ [ [ -92.864303588867102, 15.167083740234499 ], [ -92.954025268554702, 15.252637863159199 ], [ -92.952079772949105, 15.2595834732056 ], [ -92.957359313964801, 15.2631950378418 ], [ -92.955413818359304, 15.2595834732056 ], [ -92.957359313964801, 15.256251335144199 ], [ -92.968452453613196, 15.2664594650269 ], [ -92.951217651367102, 15.270169258117701 ], [ -92.919670104980497, 15.253649711608899 ], [ -92.906761169433494, 15.271860122680801 ], [ -92.851036071777301, 15.301160812377899 ], [ -92.801666259765597, 15.3466205596925 ], [ -92.809867858886705, 15.370409965515201 ], [ -92.799629211425795, 15.400220870971699 ], [ -92.777763366699205, 15.4239807128907 ], [ -92.767562866210895, 15.424941062927401 ], [ -92.749740600585895, 15.399609565734901 ], [ -92.749397277832003, 15.3520698547363 ], [ -92.741729736328097, 15.3400793075563 ], [ -92.703300476074205, 15.3352909088135 ], [ -92.682098388671903, 15.3110303878784 ], [ -92.641517639160199, 15.31432056427 ], [ -92.635658264160199, 15.2916727066041 ], [ -92.6126708984375, 15.273171424865801 ], [ -92.614326477050795, 15.2673501968384 ], [ -92.657012939452997, 15.236021041870201 ], [ -92.673866271972599, 15.250181198120201 ], [ -92.681655883789105, 15.2483806610107 ], [ -92.695556640625, 15.2145395278931 ], [ -92.753547668457003, 15.184820175170801 ], [ -92.780418395995994, 15.158505439758301 ], [ -92.803474426269503, 15.1790266036987 ], [ -92.804862976074205, 15.1662502288819 ], [ -92.816528320312401, 15.1681938171387 ], [ -92.819580078124901, 15.1643056869507 ], [ -92.823471069335895, 15.1701402664185 ], [ -92.831253051757798, 15.169028282165501 ], [ -92.844306945800696, 15.194583892822299 ], [ -92.854309082031193, 15.2026376724243 ], [ -92.843475341796903, 15.1965284347535 ], [ -92.8406982421875, 15.2018041610719 ], [ -92.86319732666, 15.2104167938232 ], [ -92.841529846191307, 15.1862487792969 ], [ -92.847358703613196, 15.1754159927368 ], [ -92.8709716796875, 15.1793069839479 ], [ -92.875137329101605, 15.188470840454199 ], [ -92.889305114745994, 15.194862365722701 ], [ -92.871246337890597, 15.177082061767599 ], [ -92.86319732666, 15.1740283966066 ], [ -92.864303588867102, 15.167083740234499 ] ] ] }, { "type": "Polygon", "coordinates": [ [ [ -92.849029541015597, 15.1526393890381 ], [ -92.841247558593693, 15.1454162597656 ], [ -92.851249694824205, 15.1648616790771 ], [ -92.841247558593693, 15.178194999694901 ], [ -92.832359313964801, 15.168749809265099 ], [ -92.821807861327997, 15.163749694824199 ], [ -92.781837463378807, 15.1568050384521 ], [ -92.812263488769503, 15.1277256011963 ], [ -92.820137023925795, 15.1313009262085 ], [ -92.820968627929702, 15.1210126876832 ], [ -92.853752136230398, 15.153195381164601 ], [ -92.852912902832003, 15.158748626709 ], [ -92.849029541015597, 15.1526393890381 ] ] ] }, { "type": "Polygon", "coordinates": [ [ [ -92.855415344238295, 15.174585342407299 ], [ -92.853752136230398, 15.173472404480099 ], [ -92.853469848632699, 15.1720819473268 ], [ -92.857635498046804, 15.1723623275757 ], [ -92.855415344238295, 15.174585342407299 ] ] ] }, { "type": "Polygon", "coordinates": [ [ [ -92.858474731445298, 15.1740283966066 ], [ -92.857635498046804, 15.1718063354493 ], [ -92.852638244628906, 15.1706943511963 ], [ -92.853195190429702, 15.162639617919901 ], [ -92.860420227050696, 15.1693058013916 ], [ -92.858474731445298, 15.1740283966066 ] ] ] }, { "type": "Polygon", "coordinates": [ [ [ -92.862358093261705, 15.1681938171387 ], [ -92.860420227050696, 15.164584159851101 ], [ -92.857360839843693, 15.1643056869507 ], [ -92.856529235839801, 15.1634712219238 ], [ -92.860969543457003, 15.1634712219238 ], [ -92.862358093261705, 15.1681938171387 ] ] ] } ] } },
{ "type": "Feature", "properties": { "NAME_1": "Chiapas", "NAME_2": "Altamirano" }, "geometry": { "type": "Polygon", "coordinates": [ [ [ -91.754936218261705, 16.583520889282301 ], [ -91.773666381835895, 16.604959487915 ], [ -91.803939819335895, 16.624210357666101 ], [ -91.820480346679702, 16.625820159912099 ], [ -91.839767456054702, 16.651891708374102 ], [ -91.854156494140597, 16.654239654541001 ], [ -91.859878540039105, 16.642040252685501 ], [ -91.881561279296804, 16.648200988769499 ], [ -91.894836425781094, 16.635242462158299 ], [ -91.901435852050795, 16.637680053711101 ], [ -91.942115783691307, 16.682510375976499 ], [ -91.930282592773395, 16.7023010253907 ], [ -91.935951232910199, 16.7170810699462 ], [ -91.997985839843693, 16.6980800628663 ], [ -92.084846496582003, 16.698490142822301 ], [ -92.105720520019503, 16.7529907226563 ], [ -92.104393005371094, 16.7713603973388 ], [ -92.048545837402301, 16.822820663452301 ], [ -92.005386352539105, 16.826051712036101 ], [ -91.955009460449105, 16.7937927246094 ], [ -91.934188842773395, 16.803890228271602 ], [ -91.919120788574205, 16.796619415283299 ], [ -91.900886535644503, 16.800300598144599 ], [ -91.887718200683594, 16.782720565796001 ], [ -91.844436645507798, 16.7700500488282 ], [ -91.813026428222699, 16.743499755859499 ], [ -91.779098510742202, 16.7357101440431 ], [ -91.756881713867202, 16.701940536498999 ], [ -91.734481811523395, 16.714389801025401 ], [ -91.710838317870994, 16.7046909332275 ], [ -91.702522277832003, 16.6897201538087 ], [ -91.681999206542997, 16.704231262207099 ], [ -91.668540954589801, 16.663539886474599 ], [ -91.630279541015597, 16.618749618530401 ], [ -91.624443054199205, 16.5658683776857 ], [ -91.661811828613295, 16.554002761840799 ], [ -91.691932678222699, 16.5742511749268 ], [ -91.729057312011705, 16.586429595947401 ], [ -91.754936218261705, 16.583520889282301 ] ] ] } },
{ "type": "Feature", "properties": { "NAME_1": "Chiapas", "NAME_2": "Amatán" }, "geometry": { "type": "Polygon", "coordinates": [ [ [ -92.948730468749901, 17.356590270996101 ], [ -92.954032897949205, 17.382289886474599 ], [ -92.947082519531193, 17.405559539794901 ], [ -92.943618774414105, 17.410802841186602 ], [ -92.928672790527301, 17.401239395141701 ], [ -92.900100708007699, 17.433740615844702 ], [ -92.904266357421804, 17.4606018066407 ], [ -92.918891906738196, 17.467239379882798 ], [ -92.919898986816406, 17.495292663574201 ], [ -92.883148193359403, 17.511520385742202 ], [ -92.848503112792898, 17.485120773315401 ], [ -92.830696105957003, 17.441921234130799 ], [ -92.817070007324205, 17.429029464721701 ], [ -92.815422058105497, 17.403879165649499 ], [ -92.801200866699205, 17.380210876465 ], [ -92.756477355956903, 17.358432769775401 ], [ -92.723686218261705, 17.364219665527301 ], [ -92.718322753906193, 17.342609405517599 ], [ -92.725128173828097, 17.327632904052798 ], [ -92.751731872558594, 17.327930450439499 ], [ -92.792617797851506, 17.30299949646 ], [ -92.834129333496094, 17.324970245361399 ], [ -92.853446960449205, 17.3146705627443 ], [ -92.879013061523395, 17.313209533691499 ], [ -92.948730468749901, 17.356590270996101 ] ] ] } },
{ "type": "Feature", "properties": { "NAME_1": "Chiapas", "NAME_2": "Amatenango de la Frontera" }, "geometry": { "type": "Polygon", "coordinates": [ [ [ -92.093338012695298, 15.462557792663601 ], [ -92.115272521972699, 15.4280128479004 ], [ -92.134033203125, 15.4645500183107 ], [ -92.117156982421903, 15.494621276855399 ], [ -92.119400024414006, 15.536450386047401 ], [ -92.146026611328097, 15.5806512832643 ], [ -92.153717041015597, 15.614800453186 ], [ -92.141761779785199, 15.653129577636699 ], [ -92.106369018554702, 15.688310623168899 ], [ -92.084861755371094, 15.6842813491821 ], [ -92.065231323242102, 15.6918907165528 ], [ -92.035697937011705, 15.67689037323 ], [ -92.003929138183494, 15.646320343017701 ], [ -91.983489990234304, 15.643511772155801 ], [ -92.093338012695298, 15.462557792663601 ] ] ] } },
{ "type": "Feature", "properties": { "NAME_1": "Chiapas", "NAME_2": "Amatenango del Valle" }, "geometry": { "type": "Polygon", "coordinates": [ [ [ -92.421485900878906, 16.511619567871001 ], [ -92.404289245605398, 16.577762603759801 ], [ -92.442916870117202, 16.663030624389599 ], [ -92.404808044433594, 16.672540664672901 ], [ -92.359436035156193, 16.6214694976807 ], [ -92.364608764648395, 16.6103000640869 ], [ -92.350967407226506, 16.583580017089801 ], [ -92.325317382812401, 16.578090667724599 ], [ -92.310432434082003, 16.556800842285298 ], [ -92.279457092285199, 16.5418605804444 ], [ -92.293266296386705, 16.513969421386701 ], [ -92.349639892577997, 16.510231018066499 ], [ -92.377182006835895, 16.531549453735401 ], [ -92.396537780761705, 16.506109237670898 ], [ -92.421485900878906, 16.511619567871001 ] ] ] } },
{ "type": "Feature", "properties": { "NAME_1": "Chiapas", "NAME_2": "Angel Albino Corzo" }, "geometry": { "type": "Polygon", "coordinates": [ [ [ -92.5460205078125, 15.6722316741944 ], [ -92.576057434082003, 15.623941421508899 ], [ -92.623870849609403, 15.617621421813899 ], [ -92.672767639160199, 15.618631362915201 ], [ -92.675231933593807, 15.6378803253175 ], [ -92.68212890625, 15.6408796310425 ], [ -92.703628540039006, 15.637739181518601 ], [ -92.715240478515597, 15.617270469665501 ], [ -92.751892089843693, 15.632221221923899 ], [ -92.795593261718807, 15.6368913650513 ], [ -92.855812072753906, 15.662141799926699 ], [ -92.905982971191307, 15.6470613479615 ], [ -92.942497253417997, 15.666579246521099 ], [ -92.873657226562401, 15.7904500961304 ], [ -92.854576110839801, 15.8042116165162 ], [ -92.822959899902301, 15.804941177368301 ], [ -92.809921264648395, 15.8190507888794 ], [ -92.787696838378906, 15.8170995712281 ], [ -92.732505798339801, 15.8975009918212 ], [ -92.671379089355398, 15.920661926269601 ], [ -92.603401184082003, 15.912149429321399 ], [ -92.565322875976605, 15.923101425171 ], [ -92.510978698730398, 15.8782396316529 ], [ -92.557762145996094, 15.817640304565501 ], [ -92.518913269042898, 15.764181137085 ], [ -92.533790588378807, 15.75475025177 ], [ -92.525878906249901, 15.704351425171 ], [ -92.5460205078125, 15.6722316741944 ] ] ] } },
{ "type": "Feature", "properties": { "NAME_1": "Chiapas", "NAME_2": "Arriaga" }, "geometry": { "type": "Polygon", "coordinates": [ [ [ -94.122566223144503, 16.208740234374901 ], [ -94.117637634277301, 16.220138549804801 ], [ -94.128166198730497, 16.320430755615199 ], [ -94.108963012695298, 16.368881225586001 ], [ -94.050559997558594, 16.359439849853601 ], [ -94.045272827148295, 16.374301910400401 ], [ -94.002746582031193, 16.3784408569337 ], [ -93.945343017578097, 16.405378341674801 ], [ -93.914276123046903, 16.4039707183838 ], [ -93.861518859863295, 16.3902492523194 ], [ -93.849952697753807, 16.360679626464901 ], [ -93.825950622558594, 16.354520797729499 ], [ -93.794212341308594, 16.323419570922798 ], [ -93.792098999023395, 16.297397613525401 ], [ -93.800315856933594, 16.270650863647599 ], [ -93.860137939453097, 16.188720703125 ], [ -93.866470336914105, 16.185829162597798 ], [ -93.907081604003807, 16.2199306488037 ], [ -93.926643371582003, 16.203060150146602 ], [ -93.923042297363295, 16.174770355224702 ], [ -93.944648742675696, 16.117170333862301 ], [ -94.051933288574205, 16.136739730835099 ], [ -94.085128784179602, 16.156482696533299 ], [ -94.113761901855497, 16.16312789917 ], [ -94.122566223144503, 16.208740234374901 ] ] ] } },
{ "type": "Feature", "properties": { "NAME_1": "Chiapas", "NAME_2": "Bejucal de Ocampo" }, "geometry": { "type": "Polygon", "coordinates": [ [ [ -92.187980651855398, 15.4615297317506 ], [ -92.177177429199205, 15.491330146789601 ], [ -92.186676025390597, 15.539630889892599 ], [ -92.181587219238196, 15.5602207183838 ], [ -92.205238342285099, 15.581369400024499 ], [ -92.194816589355497, 15.597471237182701 ], [ -92.151077270507798, 15.6020002365113 ], [ -92.146026611328097, 15.5806512832643 ], [ -92.120620727539105, 15.542311668396 ], [ -92.117156982421903, 15.494621276855399 ], [ -92.134040832519503, 15.468631744384799 ], [ -92.168128967285099, 15.4585599899293 ], [ -92.187980651855398, 15.4615297317506 ] ] ] } },
{ "type": "Feature", "properties": { "NAME_1": "Chiapas", "NAME_2": "Bella Vista" }, "geometry": { "type": "Polygon", "coordinates": [ [ [ -92.205238342285099, 15.581369400024499 ], [ -92.231788635253906, 15.5761003494263 ], [ -92.243766784667898, 15.6020517349243 ], [ -92.239837646484304, 15.6198406219484 ], [ -92.257347106933594, 15.633081436157299 ], [ -92.260559082031193, 15.659260749816999 ], [ -92.284393310546804, 15.686229705810501 ], [ -92.230178833007798, 15.7064619064331 ], [ -92.201431274414006, 15.7261009216309 ], [ -92.188270568847599, 15.714201927185099 ], [ -92.106369018554702, 15.688310623168899 ], [ -92.144203186035099, 15.649060249328601 ], [ -92.151077270507798, 15.6020002365113 ], [ -92.194816589355497, 15.597471237182701 ], [ -92.205238342285099, 15.581369400024499 ] ] ] } },
{ "type": "Feature", "properties": { "NAME_1": "Chiapas", "NAME_2": "Berriozábal" }, "geometry": { "type": "Polygon", "coordinates": [ [ [ -93.202056884765597, 16.8065929412843 ], [ -93.209686279296903, 16.7859611511232 ], [ -93.238586425781193, 16.7594699859619 ], [ -93.263580322265597, 16.764102935791001 ], [ -93.280387878417997, 16.755638122558601 ], [ -93.287857055664006, 16.7606506347657 ], [ -93.299667358398395, 16.8042602539062 ], [ -93.327987670898395, 16.7966709136963 ], [ -93.342086791992202, 16.826271057128999 ], [ -93.354309082031193, 16.834537506103601 ], [ -93.338043212890597, 16.86794090271 ], [ -93.396476745605398, 16.908201217651399 ], [ -93.398056030273395, 16.926570892333899 ], [ -93.372871398925795, 16.918380737304702 ], [ -93.3656005859375, 16.9430217742919 ], [ -93.337799072265597, 16.958898544311499 ], [ -93.350135803222599, 16.977710723876999 ], [ -93.372337341308494, 16.992031097412099 ], [ -93.361228942871094, 17.002599716186602 ], [ -93.368843078613295, 17.0331726074219 ], [ -93.295921325683594, 17.013019561767599 ], [ -93.247222900390597, 16.909908294677798 ], [ -93.226890563964801, 16.898889541626001 ], [ -93.217689514160199, 16.8703308105469 ], [ -93.219261169433494, 16.8350009918213 ], [ -93.202056884765597, 16.8065929412843 ] ] ] } },
{ "type": "Feature", "properties": { "NAME_1": "Chiapas", "NAME_2": "Bochil" }, "geometry": { "type": "Polygon", "coordinates": [ [ [ -92.893646240234403, 16.913549423217798 ], [ -92.960678100585895, 16.924512863159102 ], [ -93.001617431640597, 16.966110229492301 ], [ -93.035736083984403, 17.030500411987401 ], [ -93.061790466308594, 17.059110641479499 ], [ -93.045501708984304, 17.066209793090898 ], [ -93.027519226074205, 17.0948696136475 ], [ -92.986495971679602, 17.0948295593262 ], [ -92.981201171875, 17.057460784912099 ], [ -92.963333129882699, 17.052900314331101 ], [ -92.947937011718807, 17.036390304565501 ], [ -92.903076171875, 17.026559829711999 ], [ -92.867942810058494, 16.972490310668899 ], [ -92.801246643066406, 16.923311233520501 ], [ -92.833282470703097, 16.908491134643501 ], [ -92.858467102050795, 16.934719085693501 ], [ -92.893646240234403, 16.913549423217798 ] ] ] } },
{ "type": "Feature", "properties": { "NAME_1": "Chiapas", "NAME_2": "Cacahoatán" }, "geometry": { "type": "Polygon", "coordinates": [ [ [ -92.143547058105398, 14.991382598876999 ], [ -92.216819763183594, 14.967679977416999 ], [ -92.223686218261705, 14.988609313964799 ], [ -92.250816345214801, 15.015320777893001 ], [ -92.255493164062401, 15.029610633850201 ], [ -92.250816345214801, 15.0763902664185 ], [ -92.223747253417898, 15.0975914001466 ], [ -92.169906616210895, 15.2093210220337 ], [ -92.059967041015597, 15.0716609954835 ], [ -92.094993591308494, 15.013438224792599 ], [ -92.130287170410099, 15.014936447143601 ], [ -92.143547058105398, 14.991382598876999 ] ] ] } },
{ "type": "Feature", "properties": { "NAME_1": "Chiapas", "NAME_2": "Catazajá" }, "geometry": { "type": "Polygon", "coordinates": [ [ [ -92.182197570800795, 17.7642612457275 ], [ -92.197380065917997, 17.815580368042099 ], [ -92.192909240722699, 17.829420089721701 ], [ -92.17236328125, 17.829811096191399 ], [ -92.174911499023395, 17.839229583740199 ], [ -92.185188293457003, 17.8377494812012 ], [ -92.180610656738295, 17.841400146484499 ], [ -92.161819458007798, 17.8448696136475 ], [ -92.106391906738295, 17.8249626159668 ], [ -92.042266845703097, 17.821470260620199 ], [ -92.023536682128906, 17.8319606781006 ], [ -92.000152587890597, 17.896619796753001 ], [ -91.992652893066307, 17.8974094390869 ], [ -91.964408874511705, 17.883369445800898 ], [ -91.941856384277301, 17.882560729980501 ], [ -91.946952819824205, 17.859889984130898 ], [ -91.933906555175696, 17.848779678344702 ], [ -91.916358947753807, 17.851280212402401 ], [ -91.900810241699205, 17.8650302886963 ], [ -91.867500305175795, 17.8566207885743 ], [ -91.805480957031193, 17.869182586669901 ], [ -91.767707824706903, 17.826980590820298 ], [ -91.760528564453097, 17.795780181884801 ], [ -91.813049316406193, 17.804729461669901 ], [ -91.870933532714801, 17.833021163940401 ], [ -91.887886047363295, 17.833360671997099 ], [ -91.899368286132798, 17.814090728759801 ], [ -91.888458251953097, 17.776849746704102 ], [ -91.896713256835895, 17.7141304016113 ], [ -91.979270935058594, 17.6951007843018 ], [ -91.991966247558594, 17.6762008666993 ], [ -91.994606018066406, 17.650560379028299 ], [ -92.003791809082003, 17.643980026245099 ], [ -92.047737121582003, 17.6497898101806 ], [ -92.047950744628906, 17.668781280517599 ], [ -92.094810485839801, 17.691221237182699 ], [ -92.101806640625, 17.713399887084901 ], [ -92.127960205078097, 17.735950469970799 ], [ -92.135803222656193, 17.755170822143501 ], [ -92.182197570800795, 17.7642612457275 ] ] ] } },
{ "type": "Feature", "properties": { "NAME_1": "Chiapas", "NAME_2": "Chalchihuitán" }, "geometry": { "type": "Polygon", "coordinates": [ [ [ -92.485282897949205, 17.1039218902588 ], [ -92.481956481933594, 17.095840454101499 ], [ -92.496849060058594, 17.0707702636719 ], [ -92.52140045166, 17.0801601409912 ], [ -92.529212951660099, 17.076400756835898 ], [ -92.514137268066307, 17.007150650024499 ], [ -92.499465942382699, 16.9946193695069 ], [ -92.527801513671903, 16.97536277771 ], [ -92.579231262207003, 16.984920501708899 ], [ -92.632186889648395, 16.968330383300799 ], [ -92.717079162597599, 16.981451034546001 ], [ -92.726547241210895, 16.993171691894599 ], [ -92.742652893066307, 16.984300613403299 ], [ -92.763099670410199, 16.9905109405518 ], [ -92.750427246093807, 17.021209716796999 ], [ -92.718971252441307, 17.026590347290099 ], [ -92.681831359863295, 17.074550628662202 ], [ -92.632392883300696, 17.120100021362401 ], [ -92.582862854003906, 17.111932754516602 ], [ -92.572036743163906, 17.081132888793999 ], [ -92.521553039550696, 17.113000869751101 ], [ -92.485282897949205, 17.1039218902588 ] ] ] } },
{ "type": "Feature", "properties": { "NAME_1": "Chiapas", "NAME_2": "Chamula" }, "geometry": { "type": "Polygon", "coordinates": [ [ [ -92.696769714355398, 16.769701004028398 ], [ -92.706123352050696, 16.792892456054702 ], [ -92.738250732421804, 16.805561065673899 ], [ -92.732940673828097, 16.823219299316499 ], [ -92.776916503906193, 16.825511932373001 ], [ -92.799781799316406, 16.810651779174702 ], [ -92.844390869140597, 16.811119079589801 ], [ -92.842582702636705, 16.828701019287202 ], [ -92.817077636718807, 16.838888168335 ], [ -92.844406127929602, 16.869369506836001 ], [ -92.833282470703097, 16.908491134643501 ], [ -92.801246643066406, 16.923311233520501 ], [ -92.719612121582003, 16.884250640869102 ], [ -92.696250915527301, 16.8867301940918 ], [ -92.685195922851605, 16.903600692748999 ], [ -92.667587280273395, 16.899669647216701 ], [ -92.603851318359403, 16.8626403808594 ], [ -92.587615966796903, 16.827350616455199 ], [ -92.528793334960895, 16.828439712524499 ], [ -92.501152038574205, 16.7793197631837 ], [ -92.499755859375, 16.742549896240199 ], [ -92.535285949707003, 16.739669799804702 ], [ -92.618896484375, 16.776729583740298 ], [ -92.643989562988295, 16.768819808960099 ], [ -92.665206909179602, 16.749719619751001 ], [ -92.683807373046804, 16.7547798156738 ], [ -92.696769714355398, 16.769701004028398 ] ] ] } },
{ "type": "Feature", "properties": { "NAME_1": "Chiapas", "NAME_2": "Chanal" }, "geometry": { "type": "Polygon", "coordinates": [ [ [ -92.404808044433594, 16.672540664672901 ], [ -92.394821166992102, 16.705488204956101 ], [ -92.368888854980398, 16.737340927124102 ], [ -92.349533081054602, 16.706689834594801 ], [ -92.292778015136705, 16.690191268921001 ], [ -92.036308288574205, 16.7005500793456 ], [ -92.027847290039006, 16.663511276245199 ], [ -92.046859741210895, 16.646650314331101 ], [ -92.073982238769503, 16.646110534668001 ], [ -92.102066040038906, 16.628919601440401 ], [ -92.071418762207003, 16.606899261474599 ], [ -92.089942932128807, 16.538150787353601 ], [ -92.124420166015597, 16.526180267334102 ], [ -92.159797668457003, 16.5813312530518 ], [ -92.178047180175696, 16.629961013793899 ], [ -92.229690551757798, 16.6071891784669 ], [ -92.230262756347699, 16.595180511474702 ], [ -92.215591430664105, 16.575639724731499 ], [ -92.239097595214801, 16.562160491943398 ], [ -92.252037048339801, 16.5771808624268 ], [ -92.259773254394503, 16.576150894165 ], [ -92.279457092285199, 16.5418605804444 ], [ -92.310432434082003, 16.556800842285298 ], [ -92.325317382812401, 16.578090667724599 ], [ -92.350967407226506, 16.583580017089801 ], [ -92.364608764648395, 16.6103000640869 ], [ -92.359436035156193, 16.6214694976807 ], [ -92.404808044433594, 16.672540664672901 ] ] ] } },
{ "type": "Feature", "properties": { "NAME_1": "Chiapas", "NAME_2": "Chapultenango" }, "geometry": { "type": "Polygon", "coordinates": [ [ [ -93.098541259765597, 17.233779907226602 ], [ -93.129417419433594, 17.262952804565501 ], [ -93.114852905273395, 17.284570693969702 ], [ -93.146942138671903, 17.319980621337901 ], [ -93.161582946777301, 17.307100296020501 ], [ -93.171241760253906, 17.319219589233501 ], [ -93.187347412109304, 17.313928604126001 ], [ -93.176033020019503, 17.337949752807699 ], [ -93.193351745605398, 17.381301879882901 ], [ -93.184677124023295, 17.3980827331543 ], [ -93.163307189941307, 17.384889602661101 ], [ -93.153877258300696, 17.358850479126001 ], [ -93.126861572265597, 17.3715705871582 ], [ -93.115547180175795, 17.3608207702638 ], [ -93.099250793457003, 17.3598308563232 ], [ -93.083625793457003, 17.378351211548001 ], [ -93.066421508788906, 17.378950119018601 ], [ -93.054016113281193, 17.392009735107401 ], [ -93.073959350585795, 17.330551147461001 ], [ -93.059936523437401, 17.296970367431602 ], [ -93.070365905761705, 17.268711090088001 ], [ -93.049156188964801, 17.233949661255 ], [ -93.077735900878807, 17.221889495849599 ], [ -93.098541259765597, 17.233779907226602 ] ] ] } },
{ "type": "Feature", "properties": { "NAME_1": "Chiapas", "NAME_2": "Chenalhó" }, "geometry": { "type": "Polygon", "coordinates": [ [ [ -92.445442199707003, 16.903720855712901 ], [ -92.443733215332003, 16.890220642089801 ], [ -92.459938049316406, 16.872329711914102 ], [ -92.492378234863196, 16.8996810913087 ], [ -92.516532897949105, 16.874429702758899 ], [ -92.560516357421903, 16.875181198120099 ], [ -92.576988220214801, 16.863151550292901 ], [ -92.603851318359403, 16.8626403808594 ], [ -92.685195922851605, 16.903600692748999 ], [ -92.697692871093807, 16.922700881958001 ], [ -92.717887878417997, 16.928369522094801 ], [ -92.717079162597599, 16.981451034546001 ], [ -92.632186889648395, 16.968330383300799 ], [ -92.579231262207003, 16.984920501708899 ], [ -92.533462524414105, 16.973669052124102 ], [ -92.527137756347699, 16.964790344238398 ], [ -92.540199279785199, 16.929630279541001 ], [ -92.529533386230497, 16.910459518432599 ], [ -92.471397399902301, 16.922840118408299 ], [ -92.445442199707003, 16.903720855712901 ] ] ] } },
{ "type": "Feature", "properties": { "NAME_1": "Chiapas", "NAME_2": "Chiapa de Corzo" }, "geometry": { "type": "Polygon", "coordinates": [ [ [ -93.090026855468807, 16.440599441528398 ], [ -93.103523254394403, 16.4547805786132 ], [ -93.108200073242202, 16.4876804351807 ], [ -93.098136901855497, 16.521320343017599 ], [ -93.070556640625, 16.5683994293213 ], [ -93.072052001952997, 16.599718093872099 ], [ -93.063232421875, 16.6238098144531 ], [ -93.055107116699205, 16.6244297027588 ], [ -93.035820007324205, 16.652320861816499 ], [ -93.063362121582003, 16.657840728759801 ], [ -93.057716369628807, 16.6809310913087 ], [ -93.048431396484403, 16.682479858398601 ], [ -93.0471572875975, 16.739250183105501 ], [ -93.0081787109375, 16.7454509735107 ], [ -93.038391113281193, 16.819740295410199 ], [ -93.015167236328097, 16.824052810669102 ], [ -93.003211975097699, 16.861160278320401 ], [ -92.982307434081903, 16.869461059570298 ], [ -92.958602905273395, 16.9020900726319 ], [ -92.942131042480398, 16.9048995971681 ], [ -92.924980163574205, 16.877391815185501 ], [ -92.959770202636705, 16.854639053344702 ], [ -92.940361022949205, 16.832109451293899 ], [ -92.954170227050696, 16.790891647338899 ], [ -92.930931091308594, 16.7659397125244 ], [ -92.878616333007798, 16.74222946167 ], [ -92.817810058593807, 16.6933708190919 ], [ -92.829643249511705, 16.6532802581787 ], [ -92.862525939941307, 16.6183681488038 ], [ -92.875251770019503, 16.619699478149499 ], [ -92.895240783691307, 16.644121170043999 ], [ -92.943389892578097, 16.5773010253906 ], [ -92.947036743164105, 16.567752838134901 ], [ -92.936210632324205, 16.547649383545 ], [ -92.947700500488295, 16.527099609375 ], [ -92.939376831054602, 16.507379531860401 ], [ -92.878097534179702, 16.500431060791101 ], [ -92.848442077636705, 16.5134181976319 ], [ -92.826179504394503, 16.507740020751999 ], [ -92.743713378906193, 16.467170715331999 ], [ -92.749206542968693, 16.459600448608501 ], [ -92.740158081054602, 16.433740615844801 ], [ -92.785476684570298, 16.395580291748001 ], [ -92.824607849121094, 16.343748092651399 ], [ -92.817855834960895, 16.3418884277344 ], [ -92.827896118164006, 16.323238372802798 ], [ -92.806365966796903, 16.292371749878001 ], [ -92.817939758300795, 16.297622680663999 ], [ -92.827583312988295, 16.290330886840898 ], [ -92.814010620117202, 16.27366065979 ], [ -92.873786926269503, 16.2452907562257 ], [ -92.886856079101605, 16.258848190307599 ], [ -92.888519287109403, 16.2787895202638 ], [ -92.914741516113295, 16.330898284912099 ], [ -93.040969848632798, 16.4020195007325 ], [ -93.090026855468807, 16.440599441528398 ] ] ] } },
{ "type": "Feature", "properties": { "NAME_1": "Chiapas", "NAME_2": "Chiapilla" }, "geometry": { "type": "Polygon", "coordinates": [ [ [ -92.712997436523395, 16.485580444336001 ], [ -92.744918823242102, 16.5033397674562 ], [ -92.773826599120994, 16.5423698425294 ], [ -92.760200500488196, 16.584180831909201 ], [ -92.725433349609403, 16.608520507812401 ], [ -92.686653137207003, 16.5983810424806 ], [ -92.694320678710895, 16.5281906127931 ], [ -92.718360900878906, 16.501092910766701 ], [ -92.712997436523395, 16.485580444336001 ] ] ] } },
{ "type": "Feature", "properties": { "NAME_1": "Chiapas", "NAME_2": "Chicoasén" }, "geometry": { "type": "Polygon", "coordinates": [ [ [ -93.156631469726506, 16.9639282226563 ], [ -93.169090270996094, 16.977380752563501 ], [ -93.161071777343807, 16.9923706054688 ], [ -93.186470031738196, 17.017641067505 ], [ -93.132957458495994, 17.046171188354599 ], [ -93.064910888671903, 17.058851242065401 ], [ -93.035736083984403, 17.030500411987401 ], [ -93.009376525878807, 16.976949691772599 ], [ -93.084480285644503, 16.953382492065401 ], [ -93.156631469726506, 16.9639282226563 ] ] ] } },
{ "type": "Feature", "properties": { "NAME_1": "Chiapas", "NAME_2": "Chicomuselo" }, "geometry": { "type": "Polygon", "coordinates": [ [ [ -92.284393310546804, 15.686229705810501 ], [ -92.378982543945298, 15.642481803894199 ], [ -92.399749755859403, 15.622431755066 ], [ -92.455741882324205, 15.649700164795 ], [ -92.5460205078125, 15.6722316741944 ], [ -92.525878906249901, 15.704351425171 ], [ -92.533790588378807, 15.75475025177 ], [ -92.518913269042898, 15.764181137085 ], [ -92.556343078613295, 15.821270942687899 ], [ -92.501716613769503, 15.885180473327599 ], [ -92.482078552245994, 15.871810913086 ], [ -92.446342468261605, 15.8729705810547 ], [ -92.440956115722699, 15.8585920333863 ], [ -92.421997070312401, 15.8444499969482 ], [ -92.390136718749901, 15.8449306488038 ], [ -92.368637084960895, 15.875631332397599 ], [ -92.329170227050795, 15.8960485458375 ], [ -92.328163146972599, 15.9168901443481 ], [ -92.338768005370994, 15.9378919601441 ], [ -92.283920288085895, 15.989179611206101 ], [ -92.265159606933594, 15.9716711044312 ], [ -92.162437438964702, 15.919599533081101 ], [ -92.190238952636705, 15.835850715637299 ], [ -92.232269287109403, 15.786231994629 ], [ -92.230010986328097, 15.764579772949199 ], [ -92.201431274414006, 15.7261009216309 ], [ -92.230178833007798, 15.7064619064331 ], [ -92.284393310546804, 15.686229705810501 ] ] ] } },
{ "type": "Feature", "properties": { "NAME_1": "Chiapas", "NAME_2": "Chilón" }, "geometry": { "type": "Polygon", "coordinates": [ [ [ -92.428428649902301, 17.099210739135899 ], [ -92.443778991699205, 17.104061126708999 ], [ -92.4549560546875, 17.121610641479499 ], [ -92.455696105957003, 17.1562595367432 ], [ -92.432342529296903, 17.1738796234131 ], [ -92.357856750488295, 17.173009872436602 ], [ -92.339881896972599, 17.157392501831001 ], [ -92.315856933593693, 17.1680603027344 ], [ -92.249580383300696, 17.156610488891602 ], [ -92.245956420898395, 17.176998138427699 ], [ -92.222633361816406, 17.183589935302798 ], [ -92.218788146972599, 17.1674308776857 ], [ -92.202247619628906, 17.170940399169901 ], [ -92.177116394042898, 17.1608600616456 ], [ -92.175750732421804, 17.1764812469482 ], [ -92.153656005859304, 17.1934413909912 ], [ -92.186668395996094, 17.2110195159912 ], [ -92.185783386230398, 17.225490570068398 ], [ -92.149192810058594, 17.235330581665 ], [ -92.115173339843807, 17.2765407562256 ], [ -92.085021972656193, 17.273149490356399 ], [ -92.011985778808594, 17.237239837646602 ], [ -91.957771301269503, 17.234809875488299 ], [ -91.915657043457003, 17.221460342407202 ], [ -91.899108886718693, 17.250158309936499 ], [ -91.834808349609403, 17.2547607421875 ], [ -91.818580627441406, 17.2914218902588 ], [ -91.770095825195199, 17.275028228759702 ], [ -91.767570495605497, 17.2244606018068 ], [ -91.743446350097699, 17.220430374145501 ], [ -91.733985900878906, 17.1804294586182 ], [ -91.765373229980497, 17.140029907226602 ], [ -91.791427612304602, 17.07546043396 ], [ -91.817626953125, 17.0495109558106 ], [ -91.873809814453097, 17.0470485687256 ], [ -91.904556274414006, 17.0532512664794 ], [ -91.911880493164006, 17.0669384002687 ], [ -91.949226379394503, 17.048059463501001 ], [ -91.926132202148395, 17.036281585693398 ], [ -91.906166076660099, 17.004688262939499 ], [ -91.908927917480398, 16.990800857543899 ], [ -91.927696228027301, 16.975479125976499 ], [ -91.955490112304602, 16.98583984375 ], [ -92.010726928710895, 17.029199600219702 ], [ -92.017852783203097, 17.0252075195313 ], [ -92.0211181640625, 16.995252609253001 ], [ -92.042762756347699, 17.001630783081101 ], [ -92.128242492675795, 16.98530960083 ], [ -92.176208496093807, 17.009719848632901 ], [ -92.205291748046903, 17.010971069335898 ], [ -92.235488891601406, 16.969720840454201 ], [ -92.310096740722699, 16.9640216827393 ], [ -92.338806152343807, 16.954231262207099 ], [ -92.340377807617102, 17.0123996734619 ], [ -92.328666687011705, 17.022560119628999 ], [ -92.302932739257798, 17.0260028839112 ], [ -92.312705993652301, 17.044309616088899 ], [ -92.315567016601506, 17.080789566040199 ], [ -92.355117797851605, 17.1309318542481 ], [ -92.407333374023395, 17.117210388183501 ], [ -92.428428649902301, 17.099210739135899 ] ] ] } },
{ "type": "Feature", "properties": { "NAME_1": "Chiapas", "NAME_2": "Cintalapa" }, "geometry": { "type": "Polygon", "coordinates": [ [ [ -94.108963012695298, 16.368881225586001 ], [ -94.107780456542997, 16.396190643310501 ], [ -94.157341003417997, 16.500778198242202 ], [ -94.0736083984375, 16.750062942505 ], [ -94.0596923828125, 16.773950576782202 ], [ -93.966262817382798, 16.842750549316399 ], [ -93.948905944824205, 16.865278244018601 ], [ -93.924392700195298, 16.9552898406982 ], [ -93.922126770019503, 16.993270874023398 ], [ -93.892440795898395, 17.0248928070068 ], [ -93.883590698242102, 17.070470809936499 ], [ -93.816757202148395, 17.0648307800294 ], [ -93.803947448730497, 17.076339721679801 ], [ -93.810012817382798, 17.044580459594702 ], [ -93.786827087402202, 17.0276794433594 ], [ -93.749191284179702, 16.974809646606399 ], [ -93.730499267578097, 16.974159240722599 ], [ -93.712806701660099, 16.9593410491944 ], [ -93.677940368652301, 16.951900482177798 ], [ -93.661102294921804, 16.932558059692401 ], [ -93.618392944335895, 16.917209625244102 ], [ -93.579559326171804, 16.868730545043899 ], [ -93.563636779785099, 16.8614711761475 ], [ -93.586875915527301, 16.837099075317401 ], [ -93.587837219238295, 16.820680618286101 ], [ -93.628761291503906, 16.779912948608501 ], [ -93.648010253906193, 16.775619506835898 ], [ -93.692306518554602, 16.738998413085898 ], [ -93.702217102050696, 16.692609786987301 ], [ -93.729728698730497, 16.684270858764702 ], [ -93.740997314453097, 16.666419982910199 ], [ -93.729637145996094, 16.647550582885899 ], [ -93.746490478515497, 16.635639190673899 ], [ -93.757347106933494, 16.612140655517599 ], [ -93.802520751953097, 16.583690643310501 ], [ -93.797256469726605, 16.554271697998001 ], [ -93.840232849120994, 16.5158805847169 ], [ -93.871215820312401, 16.469852447509801 ], [ -93.893218994140597, 16.464719772338899 ], [ -93.899330139160099, 16.4351482391357 ], [ -93.927818298339801, 16.404281616210898 ], [ -93.948753356933494, 16.40438079834 ], [ -94.002746582031193, 16.3784408569337 ], [ -94.045272827148295, 16.374301910400401 ], [ -94.050559997558594, 16.359439849853601 ], [ -94.108963012695298, 16.368881225586001 ] ] ] } },
{ "type": "Feature", "properties": { "NAME_1": "Chiapas", "NAME_2": "Coapilla" }, "geometry": { "type": "Polygon", "coordinates": [ [ [ -93.061790466308594, 17.059110641479499 ], [ -93.108833312988196, 17.0507202148438 ], [ -93.116790771484403, 17.063791275024499 ], [ -93.114517211914105, 17.0831394195557 ], [ -93.146125793457003, 17.0835781097412 ], [ -93.145576477050696, 17.103561401367202 ], [ -93.168266296386705, 17.098819732666001 ], [ -93.197563171386705, 17.144609451293999 ], [ -93.190216064453097, 17.157560348510899 ], [ -93.201026916503906, 17.181770324707099 ], [ -93.201126098632798, 17.205762863159201 ], [ -93.155937194824205, 17.214820861816499 ], [ -93.117126464843693, 17.209831237793001 ], [ -93.133087158202997, 17.171808242797798 ], [ -93.109680175781193, 17.162210464477699 ], [ -93.108932495117102, 17.1402492523193 ], [ -93.080612182617102, 17.142641067504901 ], [ -93.077186584472599, 17.120279312133899 ], [ -93.047492980957003, 17.1321506500244 ], [ -93.027877807617102, 17.098220825195401 ], [ -93.045501708984304, 17.066209793090898 ], [ -93.061790466308594, 17.059110641479499 ] ] ] } },
{ "type": "Feature", "properties": { "NAME_1": "Chiapas", "NAME_2": "Comitán de Domínguez" }, "geometry": { "type": "Polygon", "coordinates": [ [ [ -91.961807250976605, 16.2923908233643 ], [ -92.014137268066307, 16.249809265136701 ], [ -91.959053039550795, 16.169361114501999 ], [ -92.036216735839801, 16.1514701843262 ], [ -92.037857055664006, 16.137130737304702 ], [ -92.059471130371094, 16.126621246337798 ], [ -92.061813354492102, 16.1109008789062 ], [ -92.092216491699205, 16.077560424804702 ], [ -92.123649597167997, 16.0612411499025 ], [ -92.151306152343807, 16.0602111816406 ], [ -92.150657653808594, 16.077030181884702 ], [ -92.166526794433494, 16.0791110992432 ], [ -92.200416564941406, 16.100988388061499 ], [ -92.201599121093693, 16.115310668945298 ], [ -92.179260253906193, 16.1415100097657 ], [ -92.152908325195298, 16.1404495239257 ], [ -92.131767272949205, 16.163459777832099 ], [ -92.112586975097699, 16.161638259887798 ], [ -92.109436035156193, 16.180799484253001 ], [ -92.117233276367102, 16.207809448242202 ], [ -92.133712768554602, 16.211269378662202 ], [ -92.143775939941406, 16.239669799804702 ], [ -92.173362731933594, 16.238920211791999 ], [ -92.210556030273395, 16.255468368530298 ], [ -92.232238769531193, 16.271060943603501 ], [ -92.242767333984403, 16.296831130981499 ], [ -92.255950927734403, 16.304742813110401 ], [ -92.252250671386705, 16.313459396362301 ], [ -92.266937255859304, 16.3442611694337 ], [ -92.295166015624901, 16.4998512268068 ], [ -92.289718627929602, 16.524700164794901 ], [ -92.262168884277301, 16.574750900268601 ], [ -92.252037048339801, 16.5771808624268 ], [ -92.239097595214801, 16.562160491943398 ], [ -92.214172363281193, 16.5777111053468 ], [ -92.230262756347699, 16.595180511474702 ], [ -92.229690551757798, 16.6071891784669 ], [ -92.178047180175696, 16.629961013793899 ], [ -92.159797668457003, 16.5813312530518 ], [ -92.127731323242202, 16.5282096862794 ], [ -92.089942932128807, 16.538150787353601 ], [ -92.090698242187401, 16.492139816284201 ], [ -92.064613342285199, 16.4774799346925 ], [ -92.045120239257798, 16.4822311401368 ], [ -92.017471313476506, 16.414760589599702 ], [ -91.996513366699205, 16.396009445190401 ], [ -92.015342712402301, 16.365419387817401 ], [ -91.993316650390597, 16.3492317199707 ], [ -92.006172180175795, 16.3185005187988 ], [ -91.961807250976605, 16.2923908233643 ] ] ] } },
{ "type": "Feature", "properties": { "NAME_1": "Chiapas", "NAME_2": "Copainalá" }, "geometry": { "type": "Polygon", "coordinates": [ [ [ -93.186470031738196, 17.017641067505 ], [ -93.214653015136705, 17.016139984130898 ], [ -93.232276916503906, 16.960090637206999 ], [ -93.282707214355398, 16.989522933960099 ], [ -93.295921325683594, 17.013019561767599 ], [ -93.334663391113196, 17.026081085205199 ], [ -93.333770751953097, 17.072080612182699 ], [ -93.303787231445298, 17.130390167236399 ], [ -93.298622131347599, 17.178928375244102 ], [ -93.282997131347599, 17.1922912597657 ], [ -93.257850646972699, 17.191280364990298 ], [ -93.252227783203097, 17.209560394287202 ], [ -93.201126098632798, 17.205762863159201 ], [ -93.201026916503906, 17.181770324707099 ], [ -93.190216064453097, 17.157560348510899 ], [ -93.197563171386705, 17.144609451293999 ], [ -93.168266296386705, 17.098819732666001 ], [ -93.145576477050696, 17.103561401367202 ], [ -93.146125793457003, 17.0835781097412 ], [ -93.112251281738295, 17.0802707672119 ], [ -93.116790771484403, 17.063791275024499 ], [ -93.108833312988196, 17.0507202148438 ], [ -93.139442443847599, 17.0437908172607 ], [ -93.186470031738196, 17.017641067505 ] ] ] } },
{ "type": "Feature", "properties": { "NAME_1": "Chiapas", "NAME_2": "El Bosque" }, "geometry": { "type": "Polygon", "coordinates": [ [ [ -92.763099670410199, 16.9905109405518 ], [ -92.768836975097699, 16.9725227355956 ], [ -92.805801391601605, 16.9859218597412 ], [ -92.858245849609403, 16.9664001464844 ], [ -92.887176513671903, 17.006679534912099 ], [ -92.850135803222699, 17.017339706421001 ], [ -92.836189270019503, 17.040758132934499 ], [ -92.811012268066307, 17.0394897460938 ], [ -92.745269775390597, 17.116340637207099 ], [ -92.692337036132798, 17.121290206909201 ], [ -92.675453186035199, 17.105697631836001 ], [ -92.647315979003906, 17.104600906372099 ], [ -92.681831359863295, 17.074550628662202 ], [ -92.718971252441307, 17.026590347290099 ], [ -92.750427246093807, 17.021209716796999 ], [ -92.763099670410199, 16.9905109405518 ] ] ] } },
{ "type": "Feature", "properties": { "NAME_1": "Chiapas", "NAME_2": "El Porvenir" }, "geometry": { "type": "Polygon", "coordinates": [ [ [ -92.187980651855398, 15.4615297317506 ], [ -92.206367492675696, 15.4127292633057 ], [ -92.233001708984304, 15.423350334167401 ], [ -92.251289367675696, 15.4115419387819 ], [ -92.292602539062401, 15.423071861266999 ], [ -92.313476562499901, 15.4061899185181 ], [ -92.322692871093807, 15.414249420166 ], [ -92.344093322753807, 15.4112195968628 ], [ -92.353073120117102, 15.425410270691 ], [ -92.378288269042997, 15.420030593872101 ], [ -92.376281738281193, 15.4747514724731 ], [ -92.328941345214801, 15.494921684265099 ], [ -92.253501892089801, 15.481201171875099 ], [ -92.234886169433494, 15.4694108963013 ], [ -92.211227416992102, 15.473759651184 ], [ -92.187980651855398, 15.4615297317506 ] ] ] } },
{ "type": "Feature", "properties": { "NAME_1": "Chiapas", "NAME_2": "Escuintla" }, "geometry": { "type": "Polygon", "coordinates": [ [ [ -92.495666503906193, 15.315060615539499 ], [ -92.525550842285199, 15.3167295455932 ], [ -92.513076782226506, 15.339810371399 ], [ -92.516517639160099, 15.355461120605501 ], [ -92.543266296386705, 15.3540086746216 ], [ -92.591148376464801, 15.3275918960571 ], [ -92.6126708984375, 15.273171424865801 ], [ -92.633911132812401, 15.2887210845947 ], [ -92.641517639160199, 15.31432056427 ], [ -92.679031372070298, 15.3106603622437 ], [ -92.693656921386705, 15.319899559021 ], [ -92.700668334960895, 15.333531379699799 ], [ -92.644432067871094, 15.377710342407299 ], [ -92.638977050781193, 15.4286193847656 ], [ -92.617813110351406, 15.4366102218628 ], [ -92.596611022949205, 15.508709907531699 ], [ -92.559432983398395, 15.498181343078601 ], [ -92.553222656249901, 15.450941085815399 ], [ -92.546043395996094, 15.4431419372559 ], [ -92.524803161620994, 15.4530992507935 ], [ -92.511619567871094, 15.433150291443001 ], [ -92.489837646484403, 15.4283504486085 ], [ -92.489257812499901, 15.401762008666999 ], [ -92.463226318359304, 15.370141029357899 ], [ -92.469276428222699, 15.342919349670501 ], [ -92.485763549804702, 15.3344106674194 ], [ -92.495666503906193, 15.315060615539499 ] ] ] } },
{ "type": "Feature", "properties": { "NAME_1": "Chiapas", "NAME_2": "Francisco León" }, "geometry": { "type": "Polygon", "coordinates": [ [ [ -93.288520812988196, 17.252321243286101 ], [ -93.269126892089801, 17.277570724487202 ], [ -93.304885864257798, 17.274957656860501 ], [ -93.300910949707003, 17.3218994140625 ], [ -93.257438659667898, 17.389480590820401 ], [ -93.227638244628906, 17.394201278686602 ], [ -93.218276977539105, 17.419080734252901 ], [ -93.184677124023295, 17.3980827331543 ], [ -93.193351745605398, 17.381301879882901 ], [ -93.176033020019503, 17.337949752807699 ], [ -93.187347412109304, 17.313928604126001 ], [ -93.168296813964801, 17.3183898925782 ], [ -93.162101745605497, 17.301031112670799 ], [ -93.172080993652301, 17.287349700927798 ], [ -93.206336975097699, 17.272251129150401 ], [ -93.224678039550795, 17.274299621582099 ], [ -93.252136230468807, 17.2517204284669 ], [ -93.288520812988196, 17.252321243286101 ] ] ] } },
{ "type": "Feature", "properties": { "NAME_1": "Chiapas", "NAME_2": "Frontera Comalapa" }, "geometry": { "type": "Polygon", "coordinates": [ [ [ -91.973159790039105, 15.660872459411699 ], [ -91.983489990234304, 15.643511772155801 ], [ -92.000289916992102, 15.644769668579 ], [ -92.035697937011705, 15.67689037323 ], [ -92.065231323242102, 15.6918907165528 ], [ -92.084861755371094, 15.6842813491821 ], [ -92.122802734375, 15.690819740295501 ], [ -92.188270568847599, 15.714201927185099 ], [ -92.201431274414006, 15.7261009216309 ], [ -92.230010986328097, 15.764579772949199 ], [ -92.232269287109403, 15.786231994629 ], [ -92.190238952636705, 15.835850715637299 ], [ -92.164039611816307, 15.916880607605 ], [ -92.131538391113196, 15.903751373291099 ], [ -92.104347229003807, 15.905530929565501 ], [ -92.090606689453097, 15.882220268249601 ], [ -92.025581359863196, 15.8437318801881 ], [ -92.015686035156193, 15.8434991836547 ], [ -92.011222839355497, 15.8564195632935 ], [ -92.004302978515597, 15.8558092117309 ], [ -91.950126647949205, 15.843710899353001 ], [ -91.923912048339801, 15.813850402832101 ], [ -91.879768371581903, 15.8202390670778 ], [ -91.973159790039105, 15.660872459411699 ] ] ] } },
{ "type": "Feature", "properties": { "NAME_1": "Chiapas", "NAME_2": "Frontera Hidalgo" }, "geometry": { "type": "Polygon", "coordinates": [ [ [ -92.252113342285199, 14.7399396896363 ], [ -92.262100219726605, 14.7706508636475 ], [ -92.248947143554702, 14.8115797042847 ], [ -92.180328369140597, 14.8189764022828 ], [ -92.162788391113196, 14.765504837036101 ], [ -92.170982360839801, 14.747073173522899 ], [ -92.150550842285199, 14.710762023925801 ], [ -92.179489135742102, 14.720509529113899 ], [ -92.190208435058594, 14.710150718689 ], [ -92.225135803222699, 14.7408809661866 ], [ -92.252113342285199, 14.7399396896363 ] ] ] } },
{ "type": "Feature", "properties": { "NAME_1": "Chiapas", "NAME_2": "Huehuetán" }, "geometry": { "type": "Polygon", "coordinates": [ [ [ -92.351303100585895, 15.072290420532299 ], [ -92.352287292480398, 15.055620193481399 ], [ -92.330757141113196, 15.033070564270099 ], [ -92.344459533691307, 15.021142005920501 ], [ -92.345489501953097, 14.9840602874756 ], [ -92.364501953124901, 14.967181205749499 ], [ -92.369003295898295, 14.944100379943899 ], [ -92.398712158203097, 14.932331085205099 ], [ -92.471199035644503, 14.958600044250501 ], [ -92.485450744628906, 14.9504318237306 ], [ -92.510437011718807, 14.9624900817872 ], [ -92.556159973144503, 14.9592695236207 ], [ -92.550529479980497, 14.9893503189088 ], [ -92.563728332519503, 15.009940147399799 ], [ -92.548469543457003, 15.0279197692872 ], [ -92.510566711425795, 15.0309314727784 ], [ -92.351303100585895, 15.072290420532299 ] ] ] } },
{ "type": "Feature", "properties": { "NAME_1": "Chiapas", "NAME_2": "Huitiupán" }, "geometry": { "type": "Polygon", "coordinates": [ [ [ -92.764427185058594, 17.242561340331999 ], [ -92.788352966308594, 17.261110305786101 ], [ -92.781532287597599, 17.27001953125 ], [ -92.795745849609304, 17.283399581909201 ], [ -92.817588806152301, 17.284259796142599 ], [ -92.819770812988196, 17.2712001800538 ], [ -92.831329345703097, 17.2635402679444 ], [ -92.878883361816406, 17.260480880737401 ], [ -92.909446716308494, 17.2683506011963 ], [ -92.907958984375, 17.280269622802798 ], [ -92.9427490234375, 17.326419830322301 ], [ -92.938880920410099, 17.353879928588899 ], [ -92.879013061523395, 17.313209533691499 ], [ -92.853446960449205, 17.3146705627443 ], [ -92.834129333496094, 17.324970245361399 ], [ -92.787902832031193, 17.303100585937599 ], [ -92.751731872558594, 17.327930450439499 ], [ -92.722473144531193, 17.329259872436499 ], [ -92.723686218261705, 17.364219665527301 ], [ -92.695968627929702, 17.379970550537099 ], [ -92.669311523437401, 17.321039199829201 ], [ -92.615432739257699, 17.315080642700199 ], [ -92.603790283203097, 17.2787094116212 ], [ -92.611198425292898, 17.260560989379901 ], [ -92.603141784667997, 17.225908279418999 ], [ -92.616218566894503, 17.211469650268601 ], [ -92.678726196289006, 17.202899932861399 ], [ -92.724021911620994, 17.2347011566162 ], [ -92.764427185058594, 17.242561340331999 ] ] ] } },
{ "type": "Feature", "properties": { "NAME_1": "Chiapas", "NAME_2": "Huixtán" }, "geometry": { "type": "Polygon", "coordinates": [ [ [ -92.404808044433594, 16.672540664672901 ], [ -92.451553344726506, 16.665439605712798 ], [ -92.457427978515597, 16.702630996704102 ], [ -92.499755859375, 16.742549896240199 ], [ -92.501152038574205, 16.7793197631837 ], [ -92.4532470703125, 16.7806129455568 ], [ -92.433532714843693, 16.789310455322301 ], [ -92.423187255859403, 16.7730102539063 ], [ -92.411247253417898, 16.777057647705099 ], [ -92.399856567382798, 16.766189575195401 ], [ -92.385101318359304, 16.765760421753001 ], [ -92.368888854980398, 16.737340927124102 ], [ -92.394821166992102, 16.705488204956101 ], [ -92.404808044433594, 16.672540664672901 ] ] ] } },
{ "type": "Feature", "properties": { "NAME_1": "Chiapas", "NAME_2": "Huixtla" }, "geometry": { "type": "Polygon", "coordinates": [ [ [ -92.548469543457003, 15.0279197692872 ], [ -92.601226806640597, 15.0354413986206 ], [ -92.62890625, 15.057291030883899 ], [ -92.661567687988196, 15.0597620010375 ], [ -92.731636047363295, 15.0944108963013 ], [ -92.712593078613196, 15.1173210144043 ], [ -92.700218200683594, 15.1055202484131 ], [ -92.670883178710895, 15.1228504180909 ], [ -92.647468566894503, 15.124570846557599 ], [ -92.668151855468693, 15.157541275024499 ], [ -92.564315795898295, 15.1353492736818 ], [ -92.513465881347599, 15.1477699279785 ], [ -92.510192871093807, 15.157249450683601 ], [ -92.529823303222699, 15.161750793457101 ], [ -92.526908874511705, 15.177519798278899 ], [ -92.5347900390625, 15.1880111694337 ], [ -92.522956848144503, 15.234560012817401 ], [ -92.491516113281193, 15.261130332946699 ], [ -92.473686218261705, 15.294019699096699 ], [ -92.436462402343807, 15.285801887512299 ], [ -92.445770263671804, 15.216110229492299 ], [ -92.436073303222699, 15.175869941711399 ], [ -92.454643249511605, 15.164719581604 ], [ -92.458183288574205, 15.1347608566285 ], [ -92.479499816894503, 15.125900268554799 ], [ -92.484680175781094, 15.070350646972701 ], [ -92.526329040527301, 15.030520439148001 ], [ -92.548469543457003, 15.0279197692872 ] ] ] } },
{ "type": "Feature", "properties": { "NAME_1": "Chiapas", "NAME_2": "Ixhuatán" }, "geometry": { "type": "Polygon", "coordinates": [ [ [ -92.909446716308494, 17.2683506011963 ], [ -92.929367065429602, 17.237400054931701 ], [ -93.049156188964801, 17.233949661255 ], [ -93.070365905761705, 17.268711090088001 ], [ -93.059936523437401, 17.296970367431602 ], [ -93.073776245117202, 17.332569122314499 ], [ -93.065727233886705, 17.345310211181701 ], [ -93.045639038085895, 17.34596824646 ], [ -93.008827209472699, 17.3326206207275 ], [ -92.989089965820298, 17.337329864501999 ], [ -92.970161437988196, 17.330102920532202 ], [ -92.948730468749901, 17.356590270996101 ], [ -92.942100524902301, 17.355159759521499 ], [ -92.9427490234375, 17.326419830322301 ], [ -92.907958984375, 17.280269622802798 ], [ -92.909446716308494, 17.2683506011963 ] ] ] } },
{ "type": "Feature", "properties": { "NAME_1": "Chiapas", "NAME_2": "Ixtacomitán" }, "geometry": { "type": "Polygon", "coordinates": [ [ [ -93.171173095703097, 17.393899917602599 ], [ -93.109077453613295, 17.467990875244201 ], [ -93.041549682617202, 17.487678527831999 ], [ -93.043716430664006, 17.473260879516701 ], [ -93.0737686157225, 17.4580097198487 ], [ -93.069686889648395, 17.417249679565401 ], [ -93.054016113281193, 17.392009735107401 ], [ -93.066421508788906, 17.378950119018601 ], [ -93.083625793457003, 17.378351211548001 ], [ -93.099250793457003, 17.3598308563232 ], [ -93.115547180175795, 17.3608207702638 ], [ -93.126861572265597, 17.3715705871582 ], [ -93.153877258300696, 17.358850479126001 ], [ -93.171173095703097, 17.393899917602599 ] ] ] } },
{ "type": "Feature", "properties": { "NAME_1": "Chiapas", "NAME_2": "Ixtapa" }, "geometry": { "type": "Polygon", "coordinates": [ [ [ -92.844390869140597, 16.811119079589801 ], [ -92.862686157226506, 16.808050155639702 ], [ -92.846466064453097, 16.787218093872099 ], [ -92.858512878417898, 16.769870758056701 ], [ -92.838867187499901, 16.757200241088999 ], [ -92.832977294921903, 16.739749908447301 ], [ -92.857086181640597, 16.725090026855501 ], [ -92.930931091308594, 16.7659397125244 ], [ -92.954170227050696, 16.790891647338899 ], [ -92.940361022949205, 16.832109451293899 ], [ -92.959510803222599, 16.847682952880898 ], [ -92.955329895019503, 16.8614807128906 ], [ -92.919677734375, 16.8813209533693 ], [ -92.893646240234403, 16.913549423217798 ], [ -92.858467102050795, 16.934719085693501 ], [ -92.833282470703097, 16.908491134643501 ], [ -92.842475891113196, 16.864240646362202 ], [ -92.817077636718807, 16.838888168335 ], [ -92.842582702636705, 16.828701019287202 ], [ -92.844390869140597, 16.811119079589801 ] ] ] } },
{ "type": "Feature", "properties": { "NAME_1": "Chiapas", "NAME_2": "Ixtapangajoya" }, "geometry": { "type": "Polygon", "coordinates": [ [ [ -92.943618774414105, 17.410802841186602 ], [ -92.960166931152301, 17.4257106781007 ], [ -92.994361877441406, 17.433490753173899 ], [ -93.002693176269503, 17.457330703735298 ], [ -93.018806457519503, 17.4610195159913 ], [ -93.023002624511705, 17.484270095825199 ], [ -93.008941650390597, 17.5052394866944 ], [ -92.970642089843693, 17.504510879516602 ], [ -92.954032897949205, 17.495121002197401 ], [ -92.938682556152301, 17.502681732177798 ], [ -92.918678283691307, 17.497688293457099 ], [ -92.918891906738196, 17.467239379882798 ], [ -92.904266357421804, 17.4606018066407 ], [ -92.900100708007699, 17.433740615844702 ], [ -92.928672790527301, 17.401239395141701 ], [ -92.943618774414105, 17.410802841186602 ] ] ] } },
{ "type": "Feature", "properties": { "NAME_1": "Chiapas", "NAME_2": "Jiquipilas" }, "geometry": { "type": "Polygon", "coordinates": [ [ [ -93.927818298339801, 16.404281616210898 ], [ -93.899330139160099, 16.4351482391357 ], [ -93.893218994140597, 16.464719772338899 ], [ -93.871215820312401, 16.469852447509801 ], [ -93.840232849120994, 16.5158805847169 ], [ -93.797256469726605, 16.554271697998001 ], [ -93.802520751953097, 16.583690643310501 ], [ -93.757347106933494, 16.612140655517599 ], [ -93.746490478515497, 16.635639190673899 ], [ -93.729637145996094, 16.647550582885899 ], [ -93.740997314453097, 16.666419982910199 ], [ -93.729728698730497, 16.684270858764702 ], [ -93.702217102050696, 16.692609786987301 ], [ -93.692306518554602, 16.738998413085898 ], [ -93.648010253906193, 16.775619506835898 ], [ -93.628761291503906, 16.779912948608501 ], [ -93.587837219238295, 16.820680618286101 ], [ -93.586875915527301, 16.837099075317401 ], [ -93.563636779785099, 16.8614711761475 ], [ -93.546386718749901, 16.851089477539201 ], [ -93.538002014160099, 16.833980560302798 ], [ -93.548370361328097, 16.7971000671387 ], [ -93.539176940917997, 16.761329650878899 ], [ -93.566589355468693, 16.703079223632901 ], [ -93.572792053222599, 16.6556301116943 ], [ -93.572486877441406, 16.619800567626999 ], [ -93.549240112304602, 16.5865192413331 ], [ -93.561225891113295, 16.550132751465 ], [ -93.572677612304702, 16.538810729980501 ], [ -93.554939270019503, 16.499240875244201 ], [ -93.672142028808594, 16.4032897949218 ], [ -93.679916381835895, 16.3806896209718 ], [ -93.703208923339801, 16.3590507507325 ], [ -93.773101806640597, 16.324649810791001 ], [ -93.794212341308594, 16.323419570922798 ], [ -93.825950622558594, 16.354520797729499 ], [ -93.849952697753807, 16.360679626464901 ], [ -93.861518859863295, 16.3902492523194 ], [ -93.927818298339801, 16.404281616210898 ] ] ] } },
{ "type": "Feature", "properties": { "NAME_1": "Chiapas", "NAME_2": "Jitotol" }, "geometry": { "type": "Polygon", "coordinates": [ [ [ -92.942359924316406, 17.153661727905298 ], [ -92.909042358398395, 17.089290618896499 ], [ -92.870613098144503, 17.056648254394599 ], [ -92.844497680664006, 17.067529678344702 ], [ -92.824012756347699, 17.100519180297901 ], [ -92.802612304687401, 17.117580413818398 ], [ -92.771987915039006, 17.169879913330099 ], [ -92.745269775390597, 17.116340637207099 ], [ -92.811012268066307, 17.0394897460938 ], [ -92.836189270019503, 17.040758132934499 ], [ -92.850135803222699, 17.017339706421001 ], [ -92.887176513671903, 17.006679534912099 ], [ -92.906143188476605, 17.0285110473632 ], [ -92.947937011718807, 17.036390304565501 ], [ -92.985137939453097, 17.064559936523398 ], [ -92.986495971679602, 17.0948295593262 ], [ -92.965103149414105, 17.112779617309599 ], [ -92.969177246093807, 17.142770767211999 ], [ -92.942359924316406, 17.153661727905298 ] ] ] } },
{ "type": "Feature", "properties": { "NAME_1": "Chiapas", "NAME_2": "Juárez" }, "geometry": { "type": "Polygon", "coordinates": [ [ [ -92.9983291625975, 17.790920257568501 ], [ -93.048370361328097, 17.7204494476318 ], [ -93.054031372070298, 17.698551177978601 ], [ -93.039260864257798, 17.6627006530762 ], [ -93.017639160156193, 17.636150360107401 ], [ -93.061950683593807, 17.644250869750898 ], [ -93.104415893554702, 17.5866394042969 ], [ -93.186836242675696, 17.600231170654201 ], [ -93.209129333496094, 17.6255397796631 ], [ -93.239112854003807, 17.618761062622099 ], [ -93.266265869140597, 17.6295680999756 ], [ -93.291709899902301, 17.624700546264599 ], [ -93.299148559570298, 17.6355209350587 ], [ -93.359512329101605, 17.6313800811768 ], [ -93.386856079101406, 17.654731750488299 ], [ -93.366310119628906, 17.718690872192401 ], [ -93.341468811035199, 17.696790695190401 ], [ -93.320129394531193, 17.690227508545 ], [ -93.311241149902301, 17.746080398559702 ], [ -93.293472290039006, 17.748041152954102 ], [ -93.292747497558594, 17.764919281005898 ], [ -93.232978820800795, 17.776929855346701 ], [ -93.195297241210895, 17.796617507934702 ], [ -93.177421569824205, 17.772680282592901 ], [ -93.161369323730497, 17.773719787597599 ], [ -93.119110107421903, 17.809890747070401 ], [ -93.125610351562401, 17.8384494781494 ], [ -93.094223022460895, 17.834880828857401 ], [ -93.087356567382798, 17.8630599975587 ], [ -93.036186218261705, 17.862552642822301 ], [ -92.994606018066307, 17.871820449829102 ], [ -92.977539062499901, 17.866630554199201 ], [ -92.981216430664105, 17.827760696411101 ], [ -92.9983291625975, 17.790920257568501 ] ] ] } },
{ "type": "Feature", "properties": { "NAME_1": "Chiapas", "NAME_2": "La Concordia" }, "geometry": { "type": "Polygon", "coordinates": [ [ [ -92.942497253417997, 15.666579246521099 ], [ -92.951393127441307, 15.658248901367299 ], [ -92.977241516113196, 15.6884412765504 ], [ -92.98681640625, 15.671490669250501 ], [ -93.027496337890597, 15.693718910217401 ], [ -93.062767028808494, 15.7583417892456 ], [ -93.097946166992202, 15.789441108703601 ], [ -93.099578857421804, 15.827839851379499 ], [ -93.110252380371094, 15.8486795425415 ], [ -93.080276489257798, 15.869611740112299 ], [ -93.036926269531193, 15.9463109970093 ], [ -93.001068115234304, 15.970741271972701 ], [ -92.992919921875, 16.035852432251001 ], [ -92.969673156738295, 16.069780349731399 ], [ -92.941825866699205, 16.078050613403398 ], [ -92.926345825195298, 16.108381271362301 ], [ -92.899688720703097, 16.129350662231499 ], [ -92.871856689453097, 16.170560836791999 ], [ -92.863937377929602, 16.157270431518601 ], [ -92.855583190917997, 16.157039642333999 ], [ -92.864318847656193, 16.190019607543999 ], [ -92.841606140136705, 16.205410003662099 ], [ -92.871116638183594, 16.2294006347656 ], [ -92.874938964843807, 16.2418003082275 ], [ -92.868087768554702, 16.251300811767599 ], [ -92.816162109374901, 16.271329879760799 ], [ -92.825988769531193, 16.294679641723601 ], [ -92.806236267089801, 16.292278289795 ], [ -92.795906066894503, 16.2711696624756 ], [ -92.760238647460895, 16.240470886230501 ], [ -92.739036560058594, 16.233110427856499 ], [ -92.693733215332003, 16.1899604797363 ], [ -92.594009399414105, 16.142440795898501 ], [ -92.569892883300795, 16.153110504150501 ], [ -92.529281616210895, 16.124210357666001 ], [ -92.460556030273295, 16.106910705566399 ], [ -92.402816772460895, 16.067419052123999 ], [ -92.327728271484403, 16.040370941162202 ], [ -92.3306884765625, 16.0018806457519 ], [ -92.298988342285099, 15.9702005386353 ], [ -92.338768005370994, 15.9378919601441 ], [ -92.328163146972599, 15.9168901443481 ], [ -92.329170227050795, 15.8960485458375 ], [ -92.368637084960895, 15.875631332397599 ], [ -92.390136718749901, 15.8449306488038 ], [ -92.421997070312401, 15.8444499969482 ], [ -92.450431823730398, 15.8747301101685 ], [ -92.482078552245994, 15.871810913086 ], [ -92.501716613769503, 15.885180473327599 ], [ -92.511497497558594, 15.880962371826101 ], [ -92.565322875976605, 15.923101425171 ], [ -92.603401184082003, 15.912149429321399 ], [ -92.661781311035, 15.9212293624878 ], [ -92.683853149414105, 15.917080879211399 ], [ -92.737525939941406, 15.8935518264772 ], [ -92.787696838378906, 15.8170995712281 ], [ -92.809921264648395, 15.8190507888794 ], [ -92.822959899902301, 15.804941177368301 ], [ -92.850730895996094, 15.8051919937134 ], [ -92.870338439941307, 15.793921470642101 ], [ -92.942497253417997, 15.666579246521099 ] ] ] } },
{ "type": "Feature", "properties": { "NAME_1": "Chiapas", "NAME_2": "La Grandeza" }, "geometry": { "type": "Polygon", "coordinates": [ [ [ -92.187980651855398, 15.4615297317506 ], [ -92.211227416992102, 15.473759651184 ], [ -92.234886169433494, 15.4694108963013 ], [ -92.246009826660199, 15.477891921996999 ], [ -92.228446960449205, 15.5079813003541 ], [ -92.231788635253906, 15.5761003494263 ], [ -92.205238342285099, 15.581369400024499 ], [ -92.182556152343594, 15.5647201538087 ], [ -92.186676025390597, 15.539630889892599 ], [ -92.177177429199205, 15.491330146789601 ], [ -92.187980651855398, 15.4615297317506 ] ] ] } },
{ "type": "Feature", "properties": { "NAME_1": "Chiapas", "NAME_2": "La Independencia" }, "geometry": { "type": "Polygon", "coordinates": [ [ [ -91.448959350585895, 16.078081130981602 ], [ -91.497306823730398, 16.078041076660298 ], [ -91.499755859375, 16.107509613037202 ], [ -91.526176452636705, 16.1256103515625 ], [ -91.619819641113295, 16.1303482055663 ], [ -91.734260559082003, 16.147630691528398 ], [ -91.812240600585895, 16.1738681793212 ], [ -91.839675903320298, 16.197290420532301 ], [ -91.854843139648395, 16.1929626464844 ], [ -91.856941223144503, 16.152040481567401 ], [ -91.879013061523395, 16.166690826416001 ], [ -91.915100097656193, 16.1543292999268 ], [ -91.938102722167898, 16.169660568237401 ], [ -91.967018127441307, 16.1758327484132 ], [ -92.014137268066307, 16.249809265136701 ], [ -91.961807250976605, 16.2923908233643 ], [ -91.925392150878906, 16.297430038452099 ], [ -91.911727905273395, 16.285100936889702 ], [ -91.876449584960895, 16.289262771606399 ], [ -91.833412170410099, 16.282180786132798 ], [ -91.770858764648295, 16.2463493347169 ], [ -91.719680786132798, 16.262880325317401 ], [ -91.682739257812401, 16.227340698242202 ], [ -91.665596008300795, 16.2251205444337 ], [ -91.652557373046903, 16.243299484253001 ], [ -91.618766784667997, 16.2422103881837 ], [ -91.580711364746094, 16.197498321533299 ], [ -91.496932983398395, 16.189319610595799 ], [ -91.467010498046804, 16.151870727539201 ], [ -91.426467895507798, 16.121690750122099 ], [ -91.422325134277301, 16.078346252441499 ], [ -91.448959350585895, 16.078081130981602 ] ] ] } },
{ "type": "Feature", "properties": { "NAME_1": "Chiapas", "NAME_2": "La Libertad" }, "geometry": { "type": "Polygon", "coordinates": [ [ [ -91.638381958007798, 17.479129791259702 ], [ -91.686447143554602, 17.491329193115199 ], [ -91.696327209472699, 17.579380035400401 ], [ -91.722602844238196, 17.585069656372202 ], [ -91.745590209960895, 17.613740921020501 ], [ -91.764602661132798, 17.609840393066499 ], [ -91.750846862792997, 17.661190032958999 ], [ -91.7647705078125, 17.686649322509702 ], [ -91.740921020507798, 17.723598480224702 ], [ -91.710296630859304, 17.711830139160199 ], [ -91.688796997070298, 17.7140598297119 ], [ -91.652893066406193, 17.6805019378663 ], [ -91.634826660156193, 17.6126003265381 ], [ -91.607589721679602, 17.565269470214801 ], [ -91.616127014160199, 17.522541046142599 ], [ -91.638381958007798, 17.479129791259702 ] ] ] } },
{ "type": "Feature", "properties": { "NAME_1": "Chiapas", "NAME_2": "La Trinitaria" }, "geometry": { "type": "Polygon", "coordinates": [ [ [ -91.858703613281193, 15.854510307312101 ], [ -91.879768371581903, 15.8202390670778 ], [ -91.923912048339801, 15.813850402832101 ], [ -91.954490661621094, 15.845232009887599 ], [ -92.011222839355497, 15.8564195632935 ], [ -92.015686035156193, 15.8434991836547 ], [ -92.030921936035, 15.8456296920778 ], [ -92.090606689453097, 15.882220268249601 ], [ -92.104347229003807, 15.905530929565501 ], [ -92.155670166015597, 15.909041404724199 ], [ -92.167686462402301, 15.9256896972656 ], [ -92.244087219238295, 15.9620895385743 ], [ -92.218353271484403, 16.015279769897401 ], [ -92.198249816894503, 15.9993991851807 ], [ -92.137458801269503, 16.0122184753418 ], [ -92.135910034179602, 16.026550292968899 ], [ -92.155311584472699, 16.046520233154201 ], [ -92.153221130371094, 16.058591842651399 ], [ -92.123649597167997, 16.0612411499025 ], [ -92.092216491699205, 16.077560424804702 ], [ -92.061813354492102, 16.1109008789062 ], [ -92.059471130371094, 16.126621246337798 ], [ -92.037857055664006, 16.137130737304702 ], [ -92.036216735839801, 16.1514701843262 ], [ -91.950622558593594, 16.1715183258057 ], [ -91.910507202148395, 16.153488159179702 ], [ -91.879013061523395, 16.166690826416001 ], [ -91.856941223144503, 16.152040481567401 ], [ -91.856498718261605, 16.188619613647599 ], [ -91.847381591796903, 16.19580078125 ], [ -91.836059570312401, 16.196660995483299 ], [ -91.812240600585895, 16.1738681793212 ], [ -91.734260559082003, 16.147630691528398 ], [ -91.619819641113295, 16.1303482055663 ], [ -91.526176452636705, 16.1256103515625 ], [ -91.499755859375, 16.107509613037202 ], [ -91.497291564941406, 16.078142166137699 ], [ -91.7252197265625, 16.080949783325298 ], [ -91.858703613281193, 15.854510307312101 ] ] ] } },
{ "type": "Feature", "properties": { "NAME_1": "Chiapas", "NAME_2": "Larráinzar" }, "geometry": { "type": "Polygon", "coordinates": [ [ [ -92.685195922851605, 16.903600692748999 ], [ -92.696250915527301, 16.8867301940918 ], [ -92.736488342285199, 16.888410568237401 ], [ -92.801246643066406, 16.923311233520501 ], [ -92.858245849609403, 16.9664001464844 ], [ -92.805801391601605, 16.9859218597412 ], [ -92.768836975097699, 16.9725227355956 ], [ -92.763099670410199, 16.9905109405518 ], [ -92.747383117675696, 16.983970642089901 ], [ -92.724281311035199, 16.992771148681602 ], [ -92.716178894042997, 16.977870941162099 ], [ -92.719970703125, 16.930570602417099 ], [ -92.692817687988295, 16.9192008972169 ], [ -92.685195922851605, 16.903600692748999 ] ] ] } },
{ "type": "Feature", "properties": { "NAME_1": "Chiapas", "NAME_2": "Las Margaritas" }, "geometry": { "type": "Polygon", "coordinates": [ [ [ -91.422325134277301, 16.078346252441499 ], [ -91.426467895507798, 16.121690750122099 ], [ -91.467010498046804, 16.151870727539201 ], [ -91.496932983398395, 16.189319610595799 ], [ -91.580711364746094, 16.197498321533299 ], [ -91.614677429199205, 16.24068069458 ], [ -91.652557373046903, 16.243299484253001 ], [ -91.665596008300795, 16.2251205444337 ], [ -91.682739257812401, 16.227340698242202 ], [ -91.719680786132798, 16.262880325317401 ], [ -91.770858764648295, 16.2463493347169 ], [ -91.839202880859304, 16.283910751342798 ], [ -91.911727905273395, 16.285100936889702 ], [ -91.925392150878906, 16.297430038452099 ], [ -91.955596923828097, 16.290420532226602 ], [ -92.002853393554602, 16.314891815185501 ], [ -91.993316650390597, 16.3492317199707 ], [ -92.015342712402301, 16.365419387817401 ], [ -91.996513366699205, 16.396009445190401 ], [ -92.017471313476506, 16.414760589599702 ], [ -92.045120239257798, 16.4822311401368 ], [ -92.064613342285199, 16.4774799346925 ], [ -92.090698242187401, 16.492139816284201 ], [ -92.089942932128807, 16.538150787353601 ], [ -92.071418762207003, 16.606899261474599 ], [ -92.102066040038906, 16.628919601440401 ], [ -92.073982238769503, 16.646110534668001 ], [ -92.046859741210895, 16.646650314331101 ], [ -92.028572082519503, 16.660539627075298 ], [ -92.036308288574205, 16.7005500793456 ], [ -91.972160339355398, 16.7015800476075 ], [ -91.935951232910199, 16.7170810699462 ], [ -91.930282592773395, 16.7023010253907 ], [ -91.942115783691307, 16.682510375976499 ], [ -91.904731750488196, 16.6401596069337 ], [ -91.894836425781094, 16.635242462158299 ], [ -91.881561279296804, 16.648200988769499 ], [ -91.859878540039105, 16.642040252685501 ], [ -91.851570129394503, 16.654720306396602 ], [ -91.836227416992202, 16.649650573730501 ], [ -91.820480346679702, 16.625820159912099 ], [ -91.803939819335895, 16.624210357666101 ], [ -91.768211364746094, 16.601150512695401 ], [ -91.754936218261705, 16.583520889282301 ], [ -91.753509521484403, 16.565710067749102 ], [ -91.731376647949105, 16.555320739746101 ], [ -91.722290039062401, 16.536291122436602 ], [ -91.691741943359403, 16.526069641113398 ], [ -91.668708801269503, 16.504341125488398 ], [ -91.663246154785099, 16.4704399108887 ], [ -91.629661560058594, 16.460340499878001 ], [ -91.625442504882798, 16.4722805023193 ], [ -91.6348876953125, 16.487840652465799 ], [ -91.615188598632798, 16.5082912445069 ], [ -91.602989196777301, 16.537509918212901 ], [ -91.566001892089801, 16.5283603668213 ], [ -91.537902832031193, 16.530830383300898 ], [ -91.55029296875, 16.515111923217798 ], [ -91.582893371582003, 16.4981498718263 ], [ -91.590522766113295, 16.467201232910199 ], [ -91.584732055664105, 16.456560134887699 ], [ -91.553909301757798, 16.454032897949201 ], [ -91.546066284179602, 16.446590423583999 ], [ -91.529151916503906, 16.451370239257798 ], [ -91.516586303710895, 16.434141159057599 ], [ -91.504371643066307, 16.431760787963899 ], [ -91.493736267089801, 16.4517517089844 ], [ -91.443046569824205, 16.466850280761701 ], [ -91.420745849609304, 16.489219665527401 ], [ -91.409851074218807, 16.487249374389702 ], [ -91.389297485351605, 16.468000411987401 ], [ -91.372695922851406, 16.420499801635799 ], [ -91.329536437988295, 16.375829696655298 ], [ -91.284729003906193, 16.386930465698299 ], [ -91.251876831054702, 16.353349685668899 ], [ -91.236366271972699, 16.3737907409669 ], [ -91.213920593261705, 16.3562412261963 ], [ -91.216110229492202, 16.326982498169102 ], [ -91.207832336425795, 16.3002529144287 ], [ -91.171180725097599, 16.272029876708999 ], [ -91.159576416015597, 16.276130676269499 ], [ -91.152557373046804, 16.265569686889599 ], [ -91.149665832519503, 16.2416896820068 ], [ -91.160263061523395, 16.204870223998999 ], [ -91.136871337890597, 16.149030685424801 ], [ -91.123016357421804, 16.131099700927798 ], [ -91.104736328125, 16.130479812622099 ], [ -91.090278625488196, 16.1165981292725 ], [ -91.080245971679702, 16.116878509521602 ], [ -91.058937072753807, 16.072280883789102 ], [ -91.422325134277301, 16.078346252441499 ] ] ] } },
{ "type": "Feature", "properties": { "NAME_1": "Chiapas", "NAME_2": "Las Rosas" }, "geometry": { "type": "Polygon", "coordinates": [ [ [ -92.255950927734403, 16.304742813110401 ], [ -92.274665832519503, 16.293380737304801 ], [ -92.342689514160199, 16.290582656860501 ], [ -92.349929809570199, 16.241081237793001 ], [ -92.37491607666, 16.255540847778299 ], [ -92.384948730468807, 16.3131504058838 ], [ -92.3685302734375, 16.344169616699201 ], [ -92.376190185546903, 16.363090515136701 ], [ -92.393547058105497, 16.349451065063501 ], [ -92.42578125, 16.3630695343019 ], [ -92.414108276367102, 16.390560150146602 ], [ -92.421806335449205, 16.410501480102599 ], [ -92.396492004394503, 16.420589447021499 ], [ -92.388076782226406, 16.407028198242202 ], [ -92.382537841796804, 16.410278320312599 ], [ -92.366142272949105, 16.427999496460099 ], [ -92.372146606445199, 16.449100494384901 ], [ -92.358963012695298, 16.471090316772599 ], [ -92.380508422851506, 16.49049949646 ], [ -92.426277160644503, 16.472360610961999 ], [ -92.456588745117202, 16.475971221923899 ], [ -92.468215942382798, 16.485080718994102 ], [ -92.479232788085895, 16.514560699463001 ], [ -92.396537780761705, 16.506109237670898 ], [ -92.377182006835895, 16.531549453735401 ], [ -92.349639892577997, 16.510231018066499 ], [ -92.293266296386705, 16.513969421386701 ], [ -92.288627624511705, 16.448860168456999 ], [ -92.266937255859304, 16.3442611694337 ], [ -92.252250671386705, 16.313459396362301 ], [ -92.255950927734403, 16.304742813110401 ] ] ] } },
{ "type": "Feature", "properties": { "NAME_1": "Chiapas", "NAME_2": "Mapastepec" }, "geometry": { "type": "Polygon", "coordinates": [ [ [ -93.026252746582003, 15.3206930160522 ], [ -93.044303894042997, 15.3451385498047 ], [ -93.050971984863196, 15.3434734344484 ], [ -93.149581909179602, 15.430418014526399 ], [ -93.125267028808494, 15.4664916992188 ], [ -93.059196472167997, 15.497750282287599 ], [ -93.006278991699205, 15.5451612472535 ], [ -92.990760803222599, 15.6102714538575 ], [ -92.942497253417997, 15.666579246521099 ], [ -92.905982971191307, 15.6470613479615 ], [ -92.855812072753906, 15.662141799926699 ], [ -92.795593261718807, 15.6368913650513 ], [ -92.751892089843693, 15.632221221923899 ], [ -92.715240478515597, 15.617270469665501 ], [ -92.703628540039006, 15.637739181518601 ], [ -92.684509277343807, 15.640831947326699 ], [ -92.675231933593807, 15.6378803253175 ], [ -92.670150756835895, 15.6177806854247 ], [ -92.576057434082003, 15.623941421508899 ], [ -92.588768005371094, 15.594750404358001 ], [ -92.596611022949205, 15.508709907531699 ], [ -92.687522888183494, 15.551450729370099 ], [ -92.697532653808494, 15.5487413406372 ], [ -92.690757751464801, 15.4984703063965 ], [ -92.726676940917997, 15.4749202728271 ], [ -92.742042541503807, 15.444750785827599 ], [ -92.795059204101605, 15.407921791076699 ], [ -92.809700012207003, 15.372730255126999 ], [ -92.801666259765597, 15.3466205596925 ], [ -92.853919982910099, 15.2989501953125 ], [ -92.906761169433494, 15.271860122680801 ], [ -92.916023254394503, 15.2556314468385 ], [ -92.951217651367102, 15.270169258117701 ], [ -92.96875, 15.2665271759034 ], [ -93.026252746582003, 15.3206930160522 ] ] ] } },
{ "type": "Feature", "properties": { "NAME_1": "Chiapas", "NAME_2": "Mazapa de Madero" }, "geometry": { "type": "Polygon", "coordinates": [ [ [ -92.187980651855398, 15.4615297317506 ], [ -92.168128967285099, 15.4585599899293 ], [ -92.134040832519503, 15.468631744384799 ], [ -92.114639282226506, 15.4269008636475 ], [ -92.146240234375, 15.378264427185099 ], [ -92.206275939941307, 15.3981809616088 ], [ -92.187980651855398, 15.4615297317506 ] ] ] } },
{ "type": "Feature", "properties": { "NAME_1": "Chiapas", "NAME_2": "Mazatán" }, "geometry": { "type": "Polygon", "coordinates": [ [ [ -92.536804199218807, 14.829029083252101 ], [ -92.627914428710895, 14.922362327575801 ], [ -92.617637634277301, 14.9176387786865 ], [ -92.621246337890497, 14.924028396606399 ], [ -92.765693664550696, 15.065895080566399 ], [ -92.742607116699205, 15.0825300216675 ], [ -92.730087280273395, 15.076511383056699 ], [ -92.729309082031193, 15.092321395874 ], [ -92.661567687988196, 15.0597620010375 ], [ -92.62890625, 15.057291030883899 ], [ -92.601226806640597, 15.0354413986206 ], [ -92.548469543457003, 15.0279197692872 ], [ -92.563728332519503, 15.009940147399799 ], [ -92.550529479980497, 14.9893503189088 ], [ -92.556159973144503, 14.9592695236207 ], [ -92.510437011718807, 14.9624900817872 ], [ -92.485450744628906, 14.9504318237306 ], [ -92.471199035644503, 14.958600044250501 ], [ -92.398712158203097, 14.932331085205099 ], [ -92.382240295410099, 14.9070501327515 ], [ -92.358711242675795, 14.913450241088899 ], [ -92.337013244628906, 14.88609790802 ], [ -92.3734130859375, 14.8467807769775 ], [ -92.362617492675795, 14.80966091156 ], [ -92.385116577148295, 14.7993612289428 ], [ -92.377471923828097, 14.7811603546143 ], [ -92.396507263183594, 14.7584009170532 ], [ -92.424285888671804, 14.7639207839966 ], [ -92.445968627929702, 14.7457494735719 ], [ -92.456802368164006, 14.7495832443238 ], [ -92.455139160156193, 14.755139350891101 ], [ -92.463752746582003, 14.763194084167599 ], [ -92.467086791992202, 14.7587490081787 ], [ -92.466804504394503, 14.7659721374512 ], [ -92.472915649414006, 14.76402759552 ], [ -92.478752136230398, 14.777360916137701 ], [ -92.487640380859304, 14.7804174423218 ], [ -92.479309082031193, 14.772915840149 ], [ -92.477081298828097, 14.769027709961099 ], [ -92.536804199218807, 14.829029083252101 ] ] ] } },
{ "type": "Feature", "properties": { "NAME_1": "Chiapas", "NAME_2": "Metapa" }, "geometry": { "type": "Polygon", "coordinates": [ [ [ -92.238983154296804, 14.8144989013672 ], [ -92.230003356933594, 14.841490745544499 ], [ -92.211509704589801, 14.857892036438001 ], [ -92.161682128906193, 14.8587808609009 ], [ -92.182929992675696, 14.8406343460084 ], [ -92.180328369140597, 14.8189764022828 ], [ -92.238983154296804, 14.8144989013672 ] ] ] } },
{ "type": "Feature", "properties": { "NAME_1": "Chiapas", "NAME_2": "Mitontic" }, "geometry": { "type": "Polygon", "coordinates": [ [ [ -92.603851318359403, 16.8626403808594 ], [ -92.576988220214801, 16.863151550292901 ], [ -92.560516357421903, 16.875181198120099 ], [ -92.516532897949105, 16.874429702758899 ], [ -92.492378234863196, 16.8996810913087 ], [ -92.467033386230398, 16.8836898803712 ], [ -92.462432861328097, 16.872510910034201 ], [ -92.518890380859304, 16.828840255737401 ], [ -92.587615966796903, 16.827350616455199 ], [ -92.603851318359403, 16.8626403808594 ] ] ] } },
{ "type": "Feature", "properties": { "NAME_1": "Chiapas", "NAME_2": "Motozintla" }, "geometry": { "type": "Polygon", "coordinates": [ [ [ -92.195243835449105, 15.2399911880494 ], [ -92.201728820800696, 15.225911140441999 ], [ -92.240142822265597, 15.2154607772828 ], [ -92.234077453613295, 15.186307907104601 ], [ -92.243141174316406, 15.1791906356812 ], [ -92.280471801757798, 15.175279617309601 ], [ -92.290611267089702, 15.191378593444901 ], [ -92.300025939941307, 15.1925191879272 ], [ -92.322547912597599, 15.1733627319337 ], [ -92.361412048339801, 15.1743612289428 ], [ -92.358856201171804, 15.1947708129884 ], [ -92.425247192382798, 15.254900932312101 ], [ -92.434486389160099, 15.267409324646099 ], [ -92.433563232421804, 15.284030914306699 ], [ -92.476325988769503, 15.2951211929322 ], [ -92.495666503906193, 15.315060615539499 ], [ -92.485763549804702, 15.3344106674194 ], [ -92.469276428222699, 15.342919349670501 ], [ -92.463249206542997, 15.3733320236207 ], [ -92.489257812499901, 15.401762008666999 ], [ -92.491996765136705, 15.4319400787354 ], [ -92.511619567871094, 15.433150291443001 ], [ -92.524803161620994, 15.4530992507935 ], [ -92.541267395019503, 15.4425611495972 ], [ -92.552261352539006, 15.448689460754499 ], [ -92.559432983398395, 15.498181343078601 ], [ -92.524330139160099, 15.488011360168599 ], [ -92.528129577636705, 15.506941795349199 ], [ -92.474555969238196, 15.511789321899499 ], [ -92.429077148437401, 15.4951810836793 ], [ -92.407707214355398, 15.5147495269775 ], [ -92.383728027343807, 15.4769001007081 ], [ -92.378288269042997, 15.420030593872101 ], [ -92.353073120117102, 15.425410270691 ], [ -92.344093322753807, 15.4112195968628 ], [ -92.322692871093807, 15.414249420166 ], [ -92.313476562499901, 15.4061899185181 ], [ -92.296936035156193, 15.422792434692401 ], [ -92.251289367675696, 15.4115419387819 ], [ -92.233001708984304, 15.423350334167401 ], [ -92.206367492675696, 15.4127292633057 ], [ -92.199470520019503, 15.390740394592299 ], [ -92.146240234375, 15.378264427185099 ], [ -92.214645385742202, 15.265567779541099 ], [ -92.195243835449105, 15.2399911880494 ] ] ] } },
{ "type": "Feature", "properties": { "NAME_1": "Chiapas", "NAME_2": "Nicolás Ruíz" }, "geometry": { "type": "Polygon", "coordinates": [ [ [ -92.517791748046903, 16.464820861816499 ], [ -92.488426208496094, 16.412269592285199 ], [ -92.471366882324205, 16.413440704345799 ], [ -92.468360900878807, 16.406450271606399 ], [ -92.494583129882798, 16.371118545532202 ], [ -92.518096923828097, 16.3850612640382 ], [ -92.539405822753807, 16.370670318603601 ], [ -92.552856445312401, 16.370689392089801 ], [ -92.557083129882798, 16.376510620117202 ], [ -92.547996520995994, 16.3911628723144 ], [ -92.590103149414105, 16.4063625335694 ], [ -92.517791748046903, 16.464820861816499 ] ] ] } },
{ "type": "Feature", "properties": { "NAME_1": "Chiapas", "NAME_2": "Ocosingo" }, "geometry": { "type": "Polygon", "coordinates": [ [ [ -90.439300537109304, 16.0738830566406 ], [ -91.058937072753807, 16.072280883789102 ], [ -91.080245971679702, 16.116878509521602 ], [ -91.090278625488196, 16.1165981292725 ], [ -91.104736328125, 16.130479812622099 ], [ -91.123016357421804, 16.131099700927798 ], [ -91.136871337890597, 16.149030685424801 ], [ -91.160263061523395, 16.204870223998999 ], [ -91.149665832519503, 16.2416896820068 ], [ -91.152557373046804, 16.265569686889599 ], [ -91.159576416015597, 16.276130676269499 ], [ -91.171180725097599, 16.272029876708999 ], [ -91.207832336425795, 16.3002529144287 ], [ -91.216110229492202, 16.326982498169102 ], [ -91.211296081542997, 16.351800918579201 ], [ -91.231491088867202, 16.371629714965898 ], [ -91.240486145019503, 16.371910095214901 ], [ -91.251876831054702, 16.353349685668899 ], [ -91.284729003906193, 16.386930465698299 ], [ -91.327156066894503, 16.374280929565401 ], [ -91.372695922851406, 16.420499801635799 ], [ -91.389297485351605, 16.468000411987401 ], [ -91.415191650390597, 16.4899501800538 ], [ -91.443046569824205, 16.466850280761701 ], [ -91.498168945312401, 16.448961257934599 ], [ -91.504371643066307, 16.431760787963899 ], [ -91.518463134765597, 16.434810638427798 ], [ -91.529151916503906, 16.451370239257798 ], [ -91.546066284179602, 16.446590423583999 ], [ -91.553909301757798, 16.454032897949201 ], [ -91.584732055664105, 16.456560134887699 ], [ -91.591056823730398, 16.476551055908299 ], [ -91.582893371582003, 16.4981498718263 ], [ -91.55029296875, 16.515111923217798 ], [ -91.537902832031193, 16.530830383300898 ], [ -91.605369567870994, 16.536777496337901 ], [ -91.615188598632798, 16.5082912445069 ], [ -91.6348876953125, 16.487840652465799 ], [ -91.626190185546903, 16.4761428833007 ], [ -91.628242492675795, 16.461959838867202 ], [ -91.663246154785099, 16.4704399108887 ], [ -91.666061401367202, 16.50142288208 ], [ -91.691741943359403, 16.526069641113398 ], [ -91.722290039062401, 16.536291122436602 ], [ -91.731376647949105, 16.555320739746101 ], [ -91.753509521484403, 16.565710067749102 ], [ -91.756599426269503, 16.577550888061602 ], [ -91.754936218261705, 16.583520889282301 ], [ -91.729057312011705, 16.586429595947401 ], [ -91.659660339355398, 16.553810119628899 ], [ -91.624443054199205, 16.5658683776857 ], [ -91.630279541015597, 16.618749618530401 ], [ -91.668540954589801, 16.663539886474599 ], [ -91.681999206542997, 16.704231262207099 ], [ -91.702522277832003, 16.6897201538087 ], [ -91.710838317870994, 16.7046909332275 ], [ -91.734481811523395, 16.714389801025401 ], [ -91.756881713867202, 16.701940536498999 ], [ -91.779098510742202, 16.7357101440431 ], [ -91.813026428222699, 16.743499755859499 ], [ -91.844436645507798, 16.7700500488282 ], [ -91.887718200683594, 16.782720565796001 ], [ -91.900886535644503, 16.800300598144599 ], [ -91.919120788574205, 16.796619415283299 ], [ -91.934188842773395, 16.803890228271602 ], [ -91.955009460449105, 16.7937927246094 ], [ -92.005386352539105, 16.826051712036101 ], [ -92.048545837402301, 16.822820663452301 ], [ -92.105293273925696, 16.767320632934599 ], [ -92.121269226074205, 16.7715282440187 ], [ -92.139053344726506, 16.7907104492188 ], [ -92.192756652832003, 16.798408508300799 ], [ -92.214416503906193, 16.789449691772599 ], [ -92.256996154785199, 16.872390747070401 ], [ -92.297180175781193, 16.906459808349702 ], [ -92.325202941894503, 16.875909805297901 ], [ -92.358787536620994, 16.8814010620118 ], [ -92.407272338867202, 16.871721267700298 ], [ -92.402740478515597, 16.8837604522706 ], [ -92.371826171874901, 16.9253883361818 ], [ -92.338806152343807, 16.954231262207099 ], [ -92.310096740722699, 16.9640216827393 ], [ -92.235488891601406, 16.969720840454201 ], [ -92.205291748046903, 17.010971069335898 ], [ -92.176208496093807, 17.009719848632901 ], [ -92.122650146484304, 16.9851894378662 ], [ -92.042762756347699, 17.001630783081101 ], [ -92.0211181640625, 16.995252609253001 ], [ -92.017852783203097, 17.0252075195313 ], [ -92.010726928710895, 17.029199600219702 ], [ -91.955490112304602, 16.98583984375 ], [ -91.927696228027301, 16.975479125976499 ], [ -91.908927917480398, 16.990800857543899 ], [ -91.906166076660099, 17.004688262939499 ], [ -91.926132202148395, 17.036281585693398 ], [ -91.949096679687401, 17.043308258056602 ], [ -91.946189880371094, 17.050840377807599 ], [ -91.911880493164006, 17.0669384002687 ], [ -91.904556274414006, 17.0532512664794 ], [ -91.873809814453097, 17.0470485687256 ], [ -91.817626953125, 17.0495109558106 ], [ -91.7886962890625, 17.080049514770501 ], [ -91.760139465332003, 17.1485385894775 ], [ -91.733802795410199, 17.174079895019499 ], [ -91.743446350097699, 17.220430374145501 ], [ -91.767570495605497, 17.2244606018068 ], [ -91.770927429199205, 17.2711505889894 ], [ -91.755722045898395, 17.2942008972169 ], [ -91.717971801757798, 17.325019836425799 ], [ -91.712226867675795, 17.366720199585 ], [ -91.704566955566307, 17.3721199035644 ], [ -91.680648803710895, 17.322689056396602 ], [ -91.720809936523395, 17.279760360717798 ], [ -91.692321777343807, 17.255399703979599 ], [ -91.694992065429702, 17.2332992553712 ], [ -91.683586120605398, 17.215818405151399 ], [ -91.640060424804702, 17.205390930175799 ], [ -91.619293212890597, 17.1874103546144 ], [ -91.622985839843807, 17.167100906372099 ], [ -91.650115966796804, 17.166980743408299 ], [ -91.677223205566406, 17.1468601226807 ], [ -91.674461364746094, 17.123052597046001 ], [ -91.651222229003906, 17.1096706390382 ], [ -91.629188537597699, 17.123991012573399 ], [ -91.619667053222599, 17.120548248291001 ], [ -91.606925964355497, 17.137870788574201 ], [ -91.563079833984403, 17.153120040893601 ], [ -91.518371582031193, 17.149971008300898 ], [ -91.462448120117202, 17.210330963134901 ], [ -91.425857543945298, 17.224039077758899 ], [ -91.415496826171804, 17.2122497558594 ], [ -91.375137329101605, 17.2104797363281 ], [ -91.342323303222699, 17.168069839477599 ], [ -91.321571350097599, 17.184169769287202 ], [ -91.283340454101406, 17.1771011352538 ], [ -91.272087097167898, 17.165399551391701 ], [ -91.276435852050696, 17.1404342651368 ], [ -91.269721984863295, 17.126918792724702 ], [ -91.229743957519403, 17.102043151855501 ], [ -91.217010498046903, 17.065162658691399 ], [ -91.172103881835895, 17.020645141601701 ], [ -91.152526855468807, 17.010797500610501 ], [ -91.124610900878807, 17.010339736938501 ], [ -91.117897033691406, 16.9722404479981 ], [ -91.103820800781193, 16.966051101684599 ], [ -91.062530517578097, 16.919918060302699 ], [ -91.069877624511705, 16.910039901733398 ], [ -91.058403015136705, 16.8949298858643 ], [ -91.0046768188475, 16.8796615600587 ], [ -90.979118347167898, 16.8551731109619 ], [ -90.972892761230398, 16.867099761962901 ], [ -90.977645874023395, 16.889360427856399 ], [ -90.955245971679602, 16.891658782958899 ], [ -90.952850341796903, 16.878356933593899 ], [ -90.967422485351605, 16.856096267700298 ], [ -90.932807922363295, 16.854076385498001 ], [ -90.915847778320298, 16.814439773559599 ], [ -90.867156982421804, 16.814477920532301 ], [ -90.843070983886705, 16.789737701416101 ], [ -90.798202514648295, 16.792516708373999 ], [ -90.796546936035099, 16.7711906433106 ], [ -90.756477355957003, 16.756763458252099 ], [ -90.747673034667997, 16.743463516235401 ], [ -90.711196899414006, 16.7232856750488 ], [ -90.703125, 16.699445724487202 ], [ -90.679298400878906, 16.685224533081101 ], [ -90.671958923339801, 16.6554260253906 ], [ -90.656021118164105, 16.639142990112401 ], [ -90.651573181152301, 16.593294143676701 ], [ -90.675895690917997, 16.5905570983887 ], [ -90.663261413574105, 16.591001510620199 ], [ -90.6661376953125, 16.5834445953369 ], [ -90.657569885253906, 16.572900772094702 ], [ -90.638969421386705, 16.5767841339112 ], [ -90.6348876953125, 16.585748672485401 ], [ -90.626228332519503, 16.575120925903398 ], [ -90.644256591796804, 16.554552078247202 ], [ -90.641967773437401, 16.514663696288999 ], [ -90.630538940429602, 16.5100822448731 ], [ -90.609306335449205, 16.518547058105501 ], [ -90.604339599609403, 16.507078170776399 ], [ -90.608177185058594, 16.493331909179702 ], [ -90.631286621093693, 16.488758087158299 ], [ -90.629882812499901, 16.478902816772599 ], [ -90.614418029785099, 16.4733982086182 ], [ -90.591758728027301, 16.4864406585693 ], [ -90.587265014648395, 16.468338012695298 ], [ -90.5772705078125, 16.466487884521602 ], [ -90.541854858398295, 16.478839874267599 ], [ -90.541770935058594, 16.465541839599702 ], [ -90.519416809082003, 16.454286575317401 ], [ -90.500808715820298, 16.466863632202202 ], [ -90.488708496093693, 16.451032638549901 ], [ -90.473922729492102, 16.458576202392599 ], [ -90.481178283691307, 16.4207744598388 ], [ -90.412841796875, 16.420892715454102 ], [ -90.402664184570298, 16.401851654052699 ], [ -90.393173217773395, 16.411249160766701 ], [ -90.385566711425795, 16.408920288086001 ], [ -90.397224426269503, 16.3922138214112 ], [ -90.366363525390597, 16.366256713867301 ], [ -90.372581481933494, 16.361000061035199 ], [ -90.378486633300696, 16.372007369995099 ], [ -90.393234252929702, 16.375703811645501 ], [ -90.407562255859304, 16.362045288086101 ], [ -90.404914855957003, 16.3440971374512 ], [ -90.398567199707003, 16.354059219360401 ], [ -90.393478393554702, 16.342279434204201 ], [ -90.408874511718807, 16.3276062011719 ], [ -90.404411315917898, 16.3129386901857 ], [ -90.435142517089702, 16.299697875976701 ], [ -90.430656433105398, 16.290754318237301 ], [ -90.4364013671875, 16.282281875610401 ], [ -90.421920776367202, 16.2687301635743 ], [ -90.421493530273395, 16.255903244018601 ], [ -90.436912536621094, 16.262550354003899 ], [ -90.449356079101605, 16.248382568359499 ], [ -90.446044921875, 16.238531112671001 ], [ -90.434860229492202, 16.242631912231499 ], [ -90.424911499023395, 16.231849670410199 ], [ -90.448486328124901, 16.223178863525401 ], [ -90.450256347656193, 16.188806533813501 ], [ -90.420852661132798, 16.1649265289307 ], [ -90.447296142578097, 16.148019790649499 ], [ -90.442092895507798, 16.139766693115298 ], [ -90.424980163574205, 16.13698387146 ], [ -90.427856445312401, 16.119733810424901 ], [ -90.443687438964801, 16.1270961761475 ], [ -90.451576232910199, 16.123180389404201 ], [ -90.449623107910099, 16.0933933258056 ], [ -90.442489624023395, 16.089860916137798 ], [ -90.420799255370994, 16.102922439575099 ], [ -90.443702697753807, 16.082485198974702 ], [ -90.439300537109304, 16.0738830566406 ] ] ] } },
{ "type": "Feature", "properties": { "NAME_1": "Chiapas", "NAME_2": "Ocotepec" }, "geometry": { "type": "Polygon", "coordinates": [ [ [ -93.252227783203097, 17.209560394287202 ], [ -93.258018493652202, 17.217279434204201 ], [ -93.285713195800795, 17.221370697021499 ], [ -93.288520812988196, 17.252321243286101 ], [ -93.257446289062401, 17.2500324249268 ], [ -93.224678039550795, 17.274299621582099 ], [ -93.206336975097699, 17.272251129150401 ], [ -93.172080993652301, 17.287349700927798 ], [ -93.146942138671903, 17.319980621337901 ], [ -93.114852905273395, 17.284570693969702 ], [ -93.129417419433594, 17.262952804565501 ], [ -93.098541259765597, 17.233779907226602 ], [ -93.117126464843693, 17.209831237793001 ], [ -93.155937194824205, 17.214820861816499 ], [ -93.191589355468807, 17.204401016235501 ], [ -93.252227783203097, 17.209560394287202 ] ] ] } },
{ "type": "Feature", "properties": { "NAME_1": "Chiapas", "NAME_2": "Ocozocoautla de Espinosa" }, "geometry": { "type": "Polygon", "coordinates": [ [ [ -93.250495910644503, 16.685819625854499 ], [ -93.318977355957003, 16.616720199585 ], [ -93.410537719726605, 16.5630416870118 ], [ -93.520370483398295, 16.525569915771499 ], [ -93.554939270019503, 16.499240875244201 ], [ -93.572677612304702, 16.538810729980501 ], [ -93.561225891113295, 16.550132751465 ], [ -93.549240112304602, 16.5865192413331 ], [ -93.572486877441406, 16.619800567626999 ], [ -93.572662353515597, 16.659460067748999 ], [ -93.566589355468693, 16.703079223632901 ], [ -93.539176940917997, 16.761329650878899 ], [ -93.548370361328097, 16.7971000671387 ], [ -93.538002014160099, 16.833980560302798 ], [ -93.546386718749901, 16.851089477539201 ], [ -93.579559326171804, 16.868730545043899 ], [ -93.618392944335895, 16.917209625244102 ], [ -93.661102294921804, 16.932558059692401 ], [ -93.677940368652301, 16.951900482177798 ], [ -93.751480102539105, 16.977220535278398 ], [ -93.786827087402202, 17.0276794433594 ], [ -93.810012817382798, 17.044580459594702 ], [ -93.803947448730497, 17.076339721679801 ], [ -93.788398742675795, 17.103401184082099 ], [ -93.753005981445298, 17.117519378662099 ], [ -93.745216369628807, 17.141241073608398 ], [ -93.733261108398395, 17.150690078735401 ], [ -93.687286376953097, 17.161420822143601 ], [ -93.651878356933494, 17.116390228271499 ], [ -93.641036987304702, 17.1156196594238 ], [ -93.647811889648395, 17.142990112304702 ], [ -93.641212463378906, 17.144039154052699 ], [ -93.594551086425696, 17.0971794128419 ], [ -93.554519653320298, 17.118230819702202 ], [ -93.494476318359403, 17.069208145141602 ], [ -93.447456359863295, 17.052240371704102 ], [ -93.419822692870994, 17.030941009521499 ], [ -93.400253295898395, 17.030878067016602 ], [ -93.397361755371094, 17.037479400634801 ], [ -93.368843078613295, 17.0331726074219 ], [ -93.361228942871094, 17.002599716186602 ], [ -93.372337341308494, 16.992031097412099 ], [ -93.350135803222599, 16.977710723876999 ], [ -93.337799072265597, 16.958898544311499 ], [ -93.3656005859375, 16.9430217742919 ], [ -93.372871398925795, 16.918380737304702 ], [ -93.398056030273395, 16.926570892333899 ], [ -93.395668029785199, 16.905740737915 ], [ -93.340087890625, 16.871040344238299 ], [ -93.354309082031193, 16.834537506103601 ], [ -93.324485778808494, 16.793819427490199 ], [ -93.299667358398395, 16.8042602539062 ], [ -93.286277770996094, 16.756860733032301 ], [ -93.258209228515497, 16.7637710571288 ], [ -93.222450256347699, 16.749242782592798 ], [ -93.240577697753906, 16.7283725738525 ], [ -93.250495910644503, 16.685819625854499 ] ] ] } },
{ "type": "Feature", "properties": { "NAME_1": "Chiapas", "NAME_2": "Ostuacán" }, "geometry": { "type": "Polygon", "coordinates": [ [ [ -93.304885864257798, 17.274957656860501 ], [ -93.357749938964801, 17.271961212158299 ], [ -93.394248962402301, 17.2959899902344 ], [ -93.421592712402301, 17.2949104309082 ], [ -93.427597045898395, 17.305971145629901 ], [ -93.454986572265597, 17.299278259277401 ], [ -93.475875854492202, 17.308639526367202 ], [ -93.480133056640597, 17.332059860229599 ], [ -93.507698059082003, 17.350450515747099 ], [ -93.539428710937401, 17.347217559814499 ], [ -93.576393127441406, 17.374549865722699 ], [ -93.508712768554602, 17.460689544677699 ], [ -93.506027221679702, 17.522630691528299 ], [ -93.491622924804702, 17.541410446166999 ], [ -93.466262817382798, 17.537702560424901 ], [ -93.444000244140597, 17.5234298706056 ], [ -93.379913330078097, 17.5287895202637 ], [ -93.349403381347699, 17.514930725097699 ], [ -93.334510803222699, 17.536149978637699 ], [ -93.300605773925795, 17.557601928710898 ], [ -93.268569946289006, 17.5617198944093 ], [ -93.268630981445298, 17.549381256103501 ], [ -93.298927307128807, 17.509172439575298 ], [ -93.260391235351506, 17.466779708862202 ], [ -93.257736206054702, 17.446428298950298 ], [ -93.218276977539105, 17.419080734252901 ], [ -93.227638244628906, 17.394201278686602 ], [ -93.257438659667898, 17.389480590820401 ], [ -93.297058105468807, 17.330060958862301 ], [ -93.304885864257798, 17.274957656860501 ] ] ] } },
{ "type": "Feature", "properties": { "NAME_1": "Chiapas", "NAME_2": "Osumacinta" }, "geometry": { "type": "Polygon", "coordinates": [ [ [ -93.038391113281193, 16.819740295410199 ], [ -93.064262390136705, 16.8448295593262 ], [ -93.103546142578097, 16.852100372314499 ], [ -93.105392456054602, 16.902168273925799 ], [ -93.147666931152301, 16.909570693969702 ], [ -93.154296875, 16.926490783691399 ], [ -93.136146545410199, 16.936321258544901 ], [ -93.156631469726506, 16.9639282226563 ], [ -93.084480285644503, 16.953382492065401 ], [ -93.064247131347699, 16.959640502929801 ], [ -93.0509033203125, 16.9185905456543 ], [ -93.029846191406193, 16.904882431030298 ], [ -93.035621643066307, 16.894872665405298 ], [ -93.029022216796804, 16.881519317627099 ], [ -93.002243041992102, 16.8748893737793 ], [ -92.996238708496094, 16.865800857543999 ], [ -93.015167236328097, 16.824052810669102 ], [ -93.038391113281193, 16.819740295410199 ] ] ] } },
{ "type": "Feature", "properties": { "NAME_1": "Chiapas", "NAME_2": "Oxchuc" }, "geometry": { "type": "Polygon", "coordinates": [ [ [ -92.079780578613295, 16.6963005065919 ], [ -92.207031249999901, 16.6893005371094 ], [ -92.320686340332003, 16.694940567016701 ], [ -92.355552673339702, 16.713140487671001 ], [ -92.385101318359304, 16.765760421753001 ], [ -92.399856567382798, 16.766189575195401 ], [ -92.411247253417898, 16.777057647705099 ], [ -92.423187255859403, 16.7730102539063 ], [ -92.433532714843693, 16.789310455322301 ], [ -92.453872680664006, 16.784891128540099 ], [ -92.440612792968693, 16.810630798339901 ], [ -92.413322448730398, 16.821729660034201 ], [ -92.407272338867202, 16.871721267700298 ], [ -92.358787536620994, 16.8814010620118 ], [ -92.320327758789006, 16.8773593902588 ], [ -92.297180175781193, 16.906459808349702 ], [ -92.256996154785199, 16.872390747070401 ], [ -92.216140747070298, 16.7905502319337 ], [ -92.192756652832003, 16.798408508300799 ], [ -92.139053344726506, 16.7907104492188 ], [ -92.121269226074205, 16.7715282440187 ], [ -92.105293273925696, 16.767320632934599 ], [ -92.097007751464801, 16.722772598266701 ], [ -92.079780578613295, 16.6963005065919 ] ] ] } },
{ "type": "Feature", "properties": { "NAME_1": "Chiapas", "NAME_2": "Palenque" }, "geometry": { "type": "Polygon", "coordinates": [ [ [ -91.899108886718693, 17.250158309936499 ], [ -91.896339416503807, 17.307792663574201 ], [ -91.933372497558594, 17.3196201324462 ], [ -91.979141235351406, 17.3532009124756 ], [ -91.974716186523395, 17.363479614257798 ], [ -91.917739868164105, 17.351932525634801 ], [ -91.912483215332003, 17.383768081665 ], [ -91.918052673339801, 17.396770477294901 ], [ -91.907867431640597, 17.419441223144599 ], [ -91.950698852539006, 17.432661056518601 ], [ -91.993537902831903, 17.431150436401399 ], [ -92.021446228027301, 17.419370651245199 ], [ -92.046707153320298, 17.428930282592798 ], [ -92.104850769042997, 17.4780998229981 ], [ -92.121665954589801, 17.502519607544102 ], [ -92.149421691894503, 17.508590698242099 ], [ -92.153717041015597, 17.516149520874102 ], [ -92.139717102050696, 17.5472316741944 ], [ -92.163223266601605, 17.550220489502099 ], [ -92.174232482910099, 17.559419631958001 ], [ -92.189376831054702, 17.582500457763601 ], [ -92.189987182617102, 17.610029220581101 ], [ -92.248336791992102, 17.653379440307599 ], [ -92.287239074707003, 17.693548202514599 ], [ -92.196342468261705, 17.7181911468506 ], [ -92.182098388671903, 17.739870071411101 ], [ -92.182197570800795, 17.7642612457275 ], [ -92.150001525878807, 17.759290695190501 ], [ -92.135803222656193, 17.755170822143501 ], [ -92.127960205078097, 17.735950469970799 ], [ -92.103919982910199, 17.716510772705099 ], [ -92.094810485839801, 17.691221237182699 ], [ -92.050796508789105, 17.672090530395501 ], [ -92.047737121582003, 17.6497898101806 ], [ -92.000877380370994, 17.644279479980501 ], [ -91.979270935058594, 17.6951007843018 ], [ -91.896713256835895, 17.7141304016113 ], [ -91.888458251953097, 17.776849746704102 ], [ -91.899368286132798, 17.814090728759801 ], [ -91.887886047363295, 17.833360671997099 ], [ -91.870933532714801, 17.833021163940401 ], [ -91.813049316406193, 17.804729461669901 ], [ -91.760528564453097, 17.795780181884801 ], [ -91.753967285156193, 17.7664909362794 ], [ -91.760955810546903, 17.740230560302699 ], [ -91.740921020507798, 17.723598480224702 ], [ -91.7647705078125, 17.686649322509702 ], [ -91.750846862792997, 17.661190032958999 ], [ -91.764602661132798, 17.609840393066499 ], [ -91.745590209960895, 17.613740921020501 ], [ -91.722602844238196, 17.585069656372202 ], [ -91.696327209472699, 17.579380035400401 ], [ -91.686447143554602, 17.491329193115199 ], [ -91.643379211425795, 17.483741760253999 ], [ -91.637786865234304, 17.462989807128999 ], [ -91.619972229003807, 17.449769973754901 ], [ -91.570602416992202, 17.441179275512699 ], [ -91.533653259277301, 17.443580627441399 ], [ -91.470993041992102, 17.421361923217901 ], [ -91.456726074218807, 17.385320663452099 ], [ -91.404090881347699, 17.371610641479499 ], [ -91.359436035156193, 17.311889648437599 ], [ -91.365341186523395, 17.298419952392599 ], [ -91.399253845214801, 17.285169601440501 ], [ -91.412246704101506, 17.252531051635899 ], [ -91.437576293945298, 17.250841140747099 ], [ -91.426483154296804, 17.223850250244201 ], [ -91.462448120117202, 17.210330963134901 ], [ -91.513496398925795, 17.152349472046001 ], [ -91.528152465820298, 17.147031784057699 ], [ -91.563079833984403, 17.153120040893601 ], [ -91.606925964355497, 17.137870788574201 ], [ -91.619667053222599, 17.120548248291001 ], [ -91.629188537597699, 17.123991012573399 ], [ -91.651222229003906, 17.1096706390382 ], [ -91.674461364746094, 17.123052597046001 ], [ -91.678337097167898, 17.144559860229499 ], [ -91.650115966796804, 17.166980743408299 ], [ -91.622985839843807, 17.167100906372099 ], [ -91.619293212890597, 17.1874103546144 ], [ -91.640060424804702, 17.205390930175799 ], [ -91.683586120605398, 17.215818405151399 ], [ -91.694992065429702, 17.2332992553712 ], [ -91.692321777343807, 17.255399703979599 ], [ -91.720809936523395, 17.279760360717798 ], [ -91.680648803710895, 17.322689056396602 ], [ -91.704566955566307, 17.3721199035644 ], [ -91.712226867675795, 17.366720199585 ], [ -91.717971801757798, 17.325019836425799 ], [ -91.770095825195199, 17.275028228759702 ], [ -91.818580627441406, 17.2914218902588 ], [ -91.838088989257699, 17.252870559692301 ], [ -91.899108886718693, 17.250158309936499 ] ] ] } },
{ "type": "Feature", "properties": { "NAME_1": "Chiapas", "NAME_2": "Pantelhó" }, "geometry": { "type": "Polygon", "coordinates": [ [ [ -92.428428649902301, 17.099210739135899 ], [ -92.436172485351605, 17.0702095031738 ], [ -92.418029785156193, 17.050989151001001 ], [ -92.413612365722599, 17.007799148559599 ], [ -92.429206848144503, 16.987890243530298 ], [ -92.423927307128807, 16.925319671630898 ], [ -92.433082580566307, 16.924922943115298 ], [ -92.445442199707003, 16.903720855712901 ], [ -92.471397399902301, 16.922840118408299 ], [ -92.529533386230497, 16.910459518432599 ], [ -92.540199279785199, 16.929630279541001 ], [ -92.527137756347699, 16.964790344238398 ], [ -92.533462524414105, 16.973669052124102 ], [ -92.499465942382699, 16.9946193695069 ], [ -92.514137268066307, 17.007150650024499 ], [ -92.528099060058594, 17.0795707702637 ], [ -92.496849060058594, 17.0707702636719 ], [ -92.481956481933594, 17.095840454101499 ], [ -92.485282897949205, 17.1039218902588 ], [ -92.460159301757798, 17.121051788330099 ], [ -92.428428649902301, 17.099210739135899 ] ] ] } },
{ "type": "Feature", "properties": { "NAME_1": "Chiapas", "NAME_2": "Pantepec" }, "geometry": { "type": "Polygon", "coordinates": [ [ [ -93.080612182617102, 17.142641067504901 ], [ -93.065490722656193, 17.175720214843899 ], [ -93.075599670410199, 17.187620162963899 ], [ -93.077735900878807, 17.221889495849599 ], [ -93.049156188964801, 17.233949661255 ], [ -93.032699584960895, 17.1533203125 ], [ -93.012596130371094, 17.141399383544901 ], [ -92.969177246093807, 17.142770767211999 ], [ -92.965103149414105, 17.112779617309599 ], [ -92.986495971679602, 17.0948295593262 ], [ -93.027519226074205, 17.0948696136475 ], [ -93.047492980957003, 17.1321506500244 ], [ -93.080169677734403, 17.1220092773438 ], [ -93.080612182617102, 17.142641067504901 ] ] ] } },
{ "type": "Feature", "properties": { "NAME_1": "Chiapas", "NAME_2": "Pichucalco" }, "geometry": { "type": "Polygon", "coordinates": [ [ [ -93.218276977539105, 17.419080734252901 ], [ -93.177780151367102, 17.5001010894775 ], [ -93.179992675781193, 17.514631271362401 ], [ -93.210746765136705, 17.517290115356399 ], [ -93.261001586914105, 17.561449050903398 ], [ -93.295112609863196, 17.5606403350831 ], [ -93.334510803222699, 17.536149978637699 ], [ -93.349403381347699, 17.514930725097699 ], [ -93.379913330078097, 17.5287895202637 ], [ -93.444000244140597, 17.5234298706056 ], [ -93.466262817382798, 17.537702560424901 ], [ -93.491622924804702, 17.541410446166999 ], [ -93.468589782714702, 17.559209823608501 ], [ -93.450439453124901, 17.594221115112301 ], [ -93.402626037597699, 17.6244411468506 ], [ -93.386856079101406, 17.654731750488299 ], [ -93.359512329101605, 17.6313800811768 ], [ -93.299148559570298, 17.6355209350587 ], [ -93.291709899902301, 17.624700546264599 ], [ -93.266265869140597, 17.6295680999756 ], [ -93.239112854003807, 17.618761062622099 ], [ -93.209129333496094, 17.6255397796631 ], [ -93.186836242675696, 17.600231170654201 ], [ -93.112167358398395, 17.585569381713999 ], [ -93.104415893554702, 17.5866394042969 ], [ -93.061950683593807, 17.644250869750898 ], [ -93.017639160156193, 17.636150360107401 ], [ -92.978889465332003, 17.613370895385799 ], [ -92.956672668457003, 17.5791702270507 ], [ -92.966583251953097, 17.5035305023194 ], [ -93.003448486328097, 17.507610321044901 ], [ -93.023002624511705, 17.484270095825199 ], [ -93.044700622558594, 17.48761177063 ], [ -93.104560852050696, 17.470790863037099 ], [ -93.173057556152301, 17.392299652099702 ], [ -93.218276977539105, 17.419080734252901 ] ] ] } },
{ "type": "Feature", "properties": { "NAME_1": "Chiapas", "NAME_2": "Pijijiapan" }, "geometry": { "type": "GeometryCollection", "geometries": [ { "type": "Polygon", "coordinates": [ [ [ -93.279029846191406, 15.5504159927369 ], [ -93.308746337890597, 15.579306602478001 ], [ -93.352912902832003, 15.6143045425415 ], [ -93.5343017578125, 15.7495832443237 ], [ -93.535301208496094, 15.758193969726699 ], [ -93.517913818359403, 15.744029045105 ], [ -93.522361755370994, 15.751805305481099 ], [ -93.567916870117202, 15.781867027282701 ], [ -93.551086425781193, 15.774861335754499 ], [ -93.544166564941406, 15.7940006256104 ], [ -93.514297485351605, 15.7814407348634 ], [ -93.488906860351605, 15.785449981689499 ], [ -93.461776733398395, 15.7753305435181 ], [ -93.424896240234304, 15.793080329895 ], [ -93.373435974121094, 15.7901515960694 ], [ -93.372077941894403, 15.795890808105501 ], [ -93.420387268066406, 15.827449798584 ], [ -93.344482421874901, 15.8764505386354 ], [ -93.322738647460895, 15.866670608520501 ], [ -93.230972290039105, 15.861429214477701 ], [ -93.202339172363295, 15.877581596374601 ], [ -93.141716003417997, 15.8706712722778 ], [ -93.110252380371094, 15.8486795425415 ], [ -93.099578857421804, 15.827839851379499 ], [ -93.097946166992202, 15.789441108703601 ], [ -93.062767028808494, 15.7583417892456 ], [ -93.027496337890597, 15.693718910217401 ], [ -92.98681640625, 15.671490669250501 ], [ -92.977241516113196, 15.6884412765504 ], [ -92.951393127441307, 15.658248901367299 ], [ -92.992668151855398, 15.6063709259034 ], [ -93.006278991699205, 15.5451612472535 ], [ -93.059196472167997, 15.497750282287599 ], [ -93.125267028808494, 15.4664916992188 ], [ -93.149581909179602, 15.430418014526399 ], [ -93.229026794433494, 15.5026388168335 ], [ -93.172637939453097, 15.457915306091399 ], [ -93.162635803222599, 15.4545831680297 ], [ -93.163475036620994, 15.457915306091399 ], [ -93.223197937011705, 15.5012512207032 ], [ -93.221527099609403, 15.509026527404799 ], [ -93.234580993652301, 15.5073614120485 ], [ -93.317916870117202, 15.5806951522828 ], [ -93.279029846191406, 15.5504159927369 ] ] ] }, { "type": "Polygon", "coordinates": [ [ [ -93.344863891601506, 15.5995836257935 ], [ -93.371246337890597, 15.622639656066999 ], [ -93.394027709960895, 15.6401386260987 ], [ -93.346252441406193, 15.605137825012299 ], [ -93.321807861328097, 15.584029197693001 ], [ -93.344863891601506, 15.5995836257935 ] ] ] } ] } },
{ "type": "Feature", "properties": { "NAME_1": "Chiapas", "NAME_2": "Pueblo Nuevo Solistahuacán" }, "geometry": { "type": "Polygon", "coordinates": [ [ [ -92.764427185058594, 17.242561340331999 ], [ -92.75927734375, 17.2098903656006 ], [ -92.742233276367102, 17.2015094757081 ], [ -92.743911743164105, 17.194290161132798 ], [ -92.765350341796804, 17.1832695007325 ], [ -92.802612304687401, 17.117580413818398 ], [ -92.824012756347699, 17.100519180297901 ], [ -92.844497680664006, 17.067529678344702 ], [ -92.874656677246094, 17.058811187744102 ], [ -92.909042358398395, 17.089290618896499 ], [ -92.945480346679602, 17.158300399780401 ], [ -92.946266174316406, 17.185428619384801 ], [ -92.961029052734304, 17.213171005249102 ], [ -92.962409973144503, 17.235490798950298 ], [ -92.927200317382798, 17.238340377807599 ], [ -92.909446716308494, 17.2683506011963 ], [ -92.878883361816406, 17.260480880737401 ], [ -92.827667236328097, 17.264741897583001 ], [ -92.815147399902301, 17.2852096557618 ], [ -92.786361694335895, 17.278671264648501 ], [ -92.781532287597599, 17.27001953125 ], [ -92.788352966308594, 17.261110305786101 ], [ -92.764427185058594, 17.242561340331999 ] ] ] } },
{ "type": "Feature", "properties": { "NAME_1": "Chiapas", "NAME_2": "Rayón" }, "geometry": { "type": "Polygon", "coordinates": [ [ [ -92.969177246093807, 17.142770767211999 ], [ -93.012596130371094, 17.141399383544901 ], [ -93.0296630859375, 17.149351119995199 ], [ -93.038421630859403, 17.164871215820401 ], [ -93.038101196288906, 17.2043380737306 ], [ -92.954948425292997, 17.1994018554687 ], [ -92.942359924316406, 17.153661727905298 ], [ -92.969177246093807, 17.142770767211999 ] ] ] } },
{ "type": "Feature", "properties": { "NAME_1": "Chiapas", "NAME_2": "Reforma" }, "geometry": { "type": "Polygon", "coordinates": [ [ [ -93.366310119628906, 17.718690872192401 ], [ -93.367340087890597, 17.827730178833001 ], [ -93.3521728515625, 17.866670608520501 ], [ -93.356262207031193, 17.921859741211101 ], [ -93.346588134765597, 17.9416103363038 ], [ -93.319839477539105, 17.946010589599702 ], [ -93.307876586914006, 17.9597282409669 ], [ -93.283119201660199, 17.950750350952202 ], [ -93.268356323242202, 17.971920013427798 ], [ -93.249336242675696, 17.970350265502901 ], [ -93.205581665039105, 17.944471359253001 ], [ -93.175605773925696, 17.941511154174702 ], [ -93.153877258300696, 17.924110412597699 ], [ -93.120483398437401, 17.8766803741456 ], [ -93.087356567382798, 17.8630599975587 ], [ -93.094223022460895, 17.834880828857401 ], [ -93.125610351562401, 17.8384494781494 ], [ -93.119110107421903, 17.809890747070401 ], [ -93.161369323730497, 17.773719787597599 ], [ -93.177421569824205, 17.772680282592901 ], [ -93.195297241210895, 17.796617507934702 ], [ -93.232978820800795, 17.776929855346701 ], [ -93.292747497558594, 17.764919281005898 ], [ -93.293472290039006, 17.748041152954102 ], [ -93.311241149902301, 17.746080398559702 ], [ -93.320129394531193, 17.690227508545 ], [ -93.341468811035199, 17.696790695190401 ], [ -93.366310119628906, 17.718690872192401 ] ] ] } },
{ "type": "Feature", "properties": { "NAME_1": "Chiapas", "NAME_2": "Sabanilla" }, "geometry": { "type": "Polygon", "coordinates": [ [ [ -92.586326599120994, 17.474920272827301 ], [ -92.585807800292997, 17.4569206237794 ], [ -92.568511962890497, 17.422491073608501 ], [ -92.531440734863295, 17.397052764892699 ], [ -92.586639404296903, 17.383171081543001 ], [ -92.599388122558494, 17.346010208129901 ], [ -92.541961669921804, 17.312259674072301 ], [ -92.504791259765597, 17.268579483032301 ], [ -92.501792907714801, 17.2627983093263 ], [ -92.524620056152301, 17.238451004028398 ], [ -92.525962829589801, 17.2186298370362 ], [ -92.560333251953097, 17.228429794311602 ], [ -92.605583190917898, 17.219110488891499 ], [ -92.611198425292898, 17.260560989379901 ], [ -92.603790283203097, 17.2787094116212 ], [ -92.615432739257699, 17.315080642700199 ], [ -92.669311523437401, 17.321039199829201 ], [ -92.695968627929702, 17.379970550537099 ], [ -92.586326599120994, 17.474920272827301 ] ] ] } },
{ "type": "Feature", "properties": { "NAME_1": "Chiapas", "NAME_2": "Salto de Agua" }, "geometry": { "type": "Polygon", "coordinates": [ [ [ -92.066856384277301, 17.263389587402401 ], [ -92.067817687988196, 17.2936706542969 ], [ -92.095993041992202, 17.3031902313232 ], [ -92.147857666015597, 17.344448089599702 ], [ -92.169563293457003, 17.352741241455099 ], [ -92.175437927246094, 17.374500274658299 ], [ -92.225410461425795, 17.380750656127901 ], [ -92.272811889648395, 17.402379989624102 ], [ -92.326446533203097, 17.401081085205199 ], [ -92.345748901367202, 17.395200729370199 ], [ -92.358428955078097, 17.36381149292 ], [ -92.378456115722699, 17.383600234985401 ], [ -92.401016235351506, 17.387559890747099 ], [ -92.417137145995994, 17.4027118682862 ], [ -92.390457153320199, 17.422052383422798 ], [ -92.393348693847699, 17.446302413940501 ], [ -92.429779052734403, 17.438198089599702 ], [ -92.462760925292997, 17.4515800476075 ], [ -92.492431640625, 17.447259902954102 ], [ -92.522422790527301, 17.512050628662202 ], [ -92.350547790527301, 17.641178131103601 ], [ -92.327842712402301, 17.6726398468019 ], [ -92.287239074707003, 17.693548202514599 ], [ -92.248336791992102, 17.653379440307599 ], [ -92.189987182617102, 17.610029220581101 ], [ -92.189376831054702, 17.582500457763601 ], [ -92.174232482910099, 17.559419631958001 ], [ -92.163223266601605, 17.550220489502099 ], [ -92.139717102050696, 17.5472316741944 ], [ -92.153717041015597, 17.516149520874102 ], [ -92.149421691894503, 17.508590698242099 ], [ -92.121665954589801, 17.502519607544102 ], [ -92.104850769042997, 17.4780998229981 ], [ -92.046707153320298, 17.428930282592798 ], [ -92.021446228027301, 17.419370651245199 ], [ -91.993537902831903, 17.431150436401399 ], [ -91.950698852539006, 17.432661056518601 ], [ -91.907867431640597, 17.419441223144599 ], [ -91.918052673339801, 17.396770477294901 ], [ -91.912483215332003, 17.383768081665 ], [ -91.917739868164105, 17.351932525634801 ], [ -91.974716186523395, 17.363479614257798 ], [ -91.979141235351406, 17.3532009124756 ], [ -91.933372497558594, 17.3196201324462 ], [ -91.896339416503807, 17.307792663574201 ], [ -91.899108886718693, 17.250158309936499 ], [ -91.915657043457003, 17.221460342407202 ], [ -91.957771301269503, 17.234809875488299 ], [ -92.011985778808594, 17.237239837646602 ], [ -92.066856384277301, 17.263389587402401 ] ] ] } },
{ "type": "Feature", "properties": { "NAME_1": "Chiapas", "NAME_2": "San Cristóbal de las Casas" }, "geometry": { "type": "Polygon", "coordinates": [ [ [ -92.649848937988196, 16.628839492797901 ], [ -92.677146911621094, 16.6987705230712 ], [ -92.708930969238295, 16.739889144897401 ], [ -92.696769714355398, 16.769701004028398 ], [ -92.683807373046804, 16.7547798156738 ], [ -92.665206909179602, 16.749719619751001 ], [ -92.643989562988295, 16.768819808960099 ], [ -92.618896484375, 16.776729583740298 ], [ -92.535285949707003, 16.739669799804702 ], [ -92.499755859375, 16.742549896240199 ], [ -92.454788208007798, 16.695888519287202 ], [ -92.547332763671804, 16.695888519287202 ], [ -92.548606872558594, 16.6893196105957 ], [ -92.525550842285199, 16.669162750244201 ], [ -92.584053039550696, 16.612819671630898 ], [ -92.589866638183494, 16.600059509277401 ], [ -92.579902648925795, 16.5871200561525 ], [ -92.610977172851605, 16.585020065307599 ], [ -92.632591247558494, 16.623268127441399 ], [ -92.649848937988196, 16.628839492797901 ] ] ] } },
{ "type": "Feature", "properties": { "NAME_1": "Chiapas", "NAME_2": "San Fernando" }, "geometry": { "type": "Polygon", "coordinates": [ [ [ -93.0823974609375, 16.846250534057699 ], [ -93.109336853027202, 16.812629699706999 ], [ -93.142326354980398, 16.809658050537099 ], [ -93.156066894531094, 16.821741104126001 ], [ -93.202056884765597, 16.8065929412843 ], [ -93.219261169433494, 16.8350009918213 ], [ -93.217689514160199, 16.8703308105469 ], [ -93.226890563964801, 16.898889541626001 ], [ -93.247222900390597, 16.909908294677798 ], [ -93.277732849120994, 16.964260101318398 ], [ -93.280609130859304, 16.987880706787202 ], [ -93.232276916503906, 16.960090637206999 ], [ -93.214653015136705, 17.016139984130898 ], [ -93.186470031738196, 17.017641067505 ], [ -93.161071777343807, 16.9923706054688 ], [ -93.169090270996094, 16.977380752563501 ], [ -93.136146545410199, 16.936321258544901 ], [ -93.154296875, 16.926490783691399 ], [ -93.152236938476506, 16.915540695190401 ], [ -93.105392456054602, 16.902168273925799 ], [ -93.106361389160099, 16.8567600250244 ], [ -93.0823974609375, 16.846250534057699 ] ] ] } },
{ "type": "Feature", "properties": { "NAME_1": "Chiapas", "NAME_2": "San Lucas" }, "geometry": { "type": "Polygon", "coordinates": [ [ [ -92.649848937988196, 16.628839492797901 ], [ -92.671501159667898, 16.622810363769499 ], [ -92.686653137207003, 16.5983810424806 ], [ -92.719581604003906, 16.603889465332099 ], [ -92.727569580078097, 16.636470794677699 ], [ -92.798629760742102, 16.67799949646 ], [ -92.817481994628807, 16.697031021118299 ], [ -92.803337097167997, 16.712398529052699 ], [ -92.751373291015597, 16.735700607299801 ], [ -92.724220275878807, 16.721570968627901 ], [ -92.701103210449205, 16.722681045532202 ], [ -92.677146911621094, 16.6987705230712 ], [ -92.649848937988196, 16.628839492797901 ] ] ] } },
{ "type": "Feature", "properties": { "NAME_1": "Chiapas", "NAME_2": "Siltepec" }, "geometry": { "type": "Polygon", "coordinates": [ [ [ -92.246009826660199, 15.477891921996999 ], [ -92.323883056640597, 15.495899200439499 ], [ -92.376281738281193, 15.4747514724731 ], [ -92.379615783691406, 15.4604196548462 ], [ -92.410346984863295, 15.515380859375099 ], [ -92.429077148437401, 15.4951810836793 ], [ -92.4659423828125, 15.511039733886699 ], [ -92.528129577636705, 15.506941795349199 ], [ -92.524330139160099, 15.488011360168599 ], [ -92.591850280761705, 15.506331443786699 ], [ -92.598190307617202, 15.535791397094799 ], [ -92.588768005371094, 15.594750404358001 ], [ -92.5460205078125, 15.6722316741944 ], [ -92.455741882324205, 15.649700164795 ], [ -92.399749755859403, 15.622431755066 ], [ -92.378982543945298, 15.642481803894199 ], [ -92.284393310546804, 15.686229705810501 ], [ -92.260559082031193, 15.659260749816999 ], [ -92.257347106933594, 15.633081436157299 ], [ -92.239837646484304, 15.6198406219484 ], [ -92.243766784667898, 15.6020517349243 ], [ -92.231773376464801, 15.583980560302701 ], [ -92.228446960449205, 15.5079813003541 ], [ -92.246009826660199, 15.477891921996999 ] ] ] } },
{ "type": "Feature", "properties": { "NAME_1": "Chiapas", "NAME_2": "Simojovel" }, "geometry": { "type": "Polygon", "coordinates": [ [ [ -92.485282897949205, 17.1039218902588 ], [ -92.521553039550696, 17.113000869751101 ], [ -92.569290161132798, 17.080961227416999 ], [ -92.586166381835895, 17.113662719726602 ], [ -92.629913330078097, 17.120599746704201 ], [ -92.658348083495994, 17.1031398773194 ], [ -92.675453186035199, 17.105697631836001 ], [ -92.692337036132798, 17.121290206909201 ], [ -92.745269775390597, 17.116340637207099 ], [ -92.771987915039006, 17.169879913330099 ], [ -92.765350341796804, 17.1832695007325 ], [ -92.741142272949205, 17.1992912292482 ], [ -92.75927734375, 17.2098903656006 ], [ -92.764427185058594, 17.242561340331999 ], [ -92.724021911620994, 17.2347011566162 ], [ -92.678726196289006, 17.202899932861399 ], [ -92.627983093261705, 17.206710815429702 ], [ -92.596069335937401, 17.224039077758899 ], [ -92.5648193359375, 17.228330612182699 ], [ -92.531082153320298, 17.2216606140137 ], [ -92.454322814941307, 17.158769607543999 ], [ -92.451866149902301, 17.125062942504801 ], [ -92.485282897949205, 17.1039218902588 ] ] ] } },
{ "type": "Feature", "properties": { "NAME_1": "Chiapas", "NAME_2": "Sitalá" }, "geometry": { "type": "Polygon", "coordinates": [ [ [ -92.389556884765597, 16.9031696319581 ], [ -92.426277160644503, 16.9286594390869 ], [ -92.429206848144503, 16.987890243530298 ], [ -92.413612365722599, 17.007799148559599 ], [ -92.418029785156193, 17.050989151001001 ], [ -92.437072753906193, 17.0801010131837 ], [ -92.416046142578097, 17.112300872802798 ], [ -92.355117797851605, 17.1309318542481 ], [ -92.315567016601506, 17.080789566040199 ], [ -92.312705993652301, 17.044309616088899 ], [ -92.302932739257798, 17.0260028839112 ], [ -92.338287353515597, 17.016281127929801 ], [ -92.343505859374901, 16.996780395507901 ], [ -92.338806152343807, 16.954231262207099 ], [ -92.389556884765597, 16.9031696319581 ] ] ] } },
{ "type": "Feature", "properties": { "NAME_1": "Chiapas", "NAME_2": "Socoltenango" }, "geometry": { "type": "Polygon", "coordinates": [ [ [ -92.298988342285099, 15.9702005386353 ], [ -92.3306884765625, 16.0018806457519 ], [ -92.327728271484403, 16.040370941162202 ], [ -92.402816772460895, 16.067419052123999 ], [ -92.460556030273295, 16.106910705566399 ], [ -92.529281616210895, 16.124210357666001 ], [ -92.570053100585895, 16.1532497406006 ], [ -92.530036926269503, 16.184440612793001 ], [ -92.505203247070298, 16.185348510742202 ], [ -92.462219238281193, 16.2033405303956 ], [ -92.419158935546804, 16.198881149291999 ], [ -92.436607360839801, 16.240411758423001 ], [ -92.4005126953125, 16.247560501098601 ], [ -92.377738952636705, 16.242700576782301 ], [ -92.37491607666, 16.255540847778299 ], [ -92.349929809570199, 16.241081237793001 ], [ -92.342689514160199, 16.290582656860501 ], [ -92.274665832519503, 16.293380737304801 ], [ -92.262641906738196, 16.256862640381001 ], [ -92.215911865234304, 16.227100372314599 ], [ -92.228332519531094, 16.203010559081999 ], [ -92.266265869140597, 16.218879699706999 ], [ -92.288642883300795, 16.202011108398601 ], [ -92.268058776855497, 16.188720703125 ], [ -92.293556213378807, 16.142820358276399 ], [ -92.288482666015597, 16.1166496276857 ], [ -92.254829406738196, 16.060768127441399 ], [ -92.281440734863196, 16.060920715331999 ], [ -92.256111145019503, 16.0198192596437 ], [ -92.298988342285099, 15.9702005386353 ] ] ] } },
{ "type": "Feature", "properties": { "NAME_1": "Chiapas", "NAME_2": "Solosuchiapa" }, "geometry": { "type": "Polygon", "coordinates": [ [ [ -92.948730468749901, 17.356590270996101 ], [ -92.970161437988196, 17.330102920532202 ], [ -93.065727233886705, 17.345310211181701 ], [ -93.053138732910099, 17.3877696990968 ], [ -93.071067810058494, 17.422161102294901 ], [ -93.071456909179602, 17.461652755737301 ], [ -93.043716430664006, 17.473260879516701 ], [ -93.041549682617202, 17.487678527831999 ], [ -93.023002624511705, 17.484270095825199 ], [ -93.018806457519503, 17.4610195159913 ], [ -93.002693176269503, 17.457330703735298 ], [ -92.997581481933594, 17.4356594085694 ], [ -92.960166931152301, 17.4257106781007 ], [ -92.944938659667997, 17.413688659668001 ], [ -92.953742980957003, 17.387680053710898 ], [ -92.948730468749901, 17.356590270996101 ] ] ] } },
{ "type": "Feature", "properties": { "NAME_1": "Chiapas", "NAME_2": "Soyaló" }, "geometry": { "type": "Polygon", "coordinates": [ [ [ -92.996238708496094, 16.865800857543999 ], [ -93.002243041992102, 16.8748893737793 ], [ -93.029022216796804, 16.881519317627099 ], [ -93.035621643066307, 16.894872665405298 ], [ -93.029846191406193, 16.904882431030298 ], [ -93.0509033203125, 16.9185905456543 ], [ -93.064247131347699, 16.959640502929801 ], [ -93.009376525878807, 16.976949691772599 ], [ -92.960678100585895, 16.924512863159102 ], [ -92.893646240234403, 16.913549423217798 ], [ -92.924980163574205, 16.877391815185501 ], [ -92.935043334960895, 16.900560379028398 ], [ -92.949317932128906, 16.905210494995199 ], [ -92.962440490722599, 16.899320602417099 ], [ -92.982307434081903, 16.869461059570298 ], [ -92.996238708496094, 16.865800857543999 ] ] ] } },
{ "type": "Feature", "properties": { "NAME_1": "Chiapas", "NAME_2": "Suchiapa" }, "geometry": { "type": "Polygon", "coordinates": [ [ [ -93.099983215332003, 16.516990661621101 ], [ -93.111976623535099, 16.531419754028398 ], [ -93.136962890624901, 16.529079437255799 ], [ -93.187660217285199, 16.540410995483398 ], [ -93.208778381347599, 16.572429656982401 ], [ -93.262657165527301, 16.573738098144599 ], [ -93.271286010742202, 16.603559494018601 ], [ -93.318977355957003, 16.616720199585 ], [ -93.250495910644503, 16.685819625854499 ], [ -93.205680847167997, 16.651861190796001 ], [ -93.177200317382798, 16.668470382690501 ], [ -93.169677734374901, 16.685079574585 ], [ -93.147186279296804, 16.682430267333899 ], [ -93.117416381835895, 16.706029891967798 ], [ -93.103172302246094, 16.688768386840898 ], [ -93.057716369628807, 16.6809310913087 ], [ -93.063362121582003, 16.657840728759801 ], [ -93.035820007324205, 16.652320861816499 ], [ -93.055107116699205, 16.6244297027588 ], [ -93.063232421875, 16.6238098144531 ], [ -93.072052001952997, 16.599718093872099 ], [ -93.070556640625, 16.5683994293213 ], [ -93.099983215332003, 16.516990661621101 ] ] ] } },
{ "type": "Feature", "properties": { "NAME_1": "Chiapas", "NAME_2": "Suchiate" }, "geometry": { "type": "Polygon", "coordinates": [ [ [ -92.264862060546804, 14.5673608779907 ], [ -92.319587707519503, 14.621249198913601 ], [ -92.283180236816406, 14.6626996994018 ], [ -92.275596618652301, 14.7050008773804 ], [ -92.252113342285199, 14.7399396896363 ], [ -92.225135803222699, 14.7408809661866 ], [ -92.190208435058594, 14.710150718689 ], [ -92.179489135742102, 14.720509529113899 ], [ -92.159072875976506, 14.7089996337891 ], [ -92.148811340332003, 14.7111196517944 ], [ -92.147605895996094, 14.6674613952638 ], [ -92.175270080566406, 14.626691818237401 ], [ -92.176162719726506, 14.599611282348601 ], [ -92.189971923828097, 14.5637397766113 ], [ -92.207557678222699, 14.556530952453601 ], [ -92.226249694824205, 14.532917022705099 ], [ -92.264862060546804, 14.5673608779907 ] ] ] } },
{ "type": "Feature", "properties": { "NAME_1": "Chiapas", "NAME_2": "Sunuapa" }, "geometry": { "type": "Polygon", "coordinates": [ [ [ -93.268569946289006, 17.5617198944093 ], [ -93.210746765136705, 17.517290115356399 ], [ -93.179992675781193, 17.514631271362401 ], [ -93.177780151367102, 17.5001010894775 ], [ -93.218276977539105, 17.419080734252901 ], [ -93.257736206054702, 17.446428298950298 ], [ -93.260391235351506, 17.466779708862202 ], [ -93.298927307128807, 17.509172439575298 ], [ -93.268630981445298, 17.549381256103501 ], [ -93.268569946289006, 17.5617198944093 ] ] ] } },
{ "type": "Feature", "properties": { "NAME_1": "Chiapas", "NAME_2": "Tapachula" }, "geometry": { "type": "Polygon", "coordinates": [ [ [ -92.404304504394503, 14.7006931304932 ], [ -92.402084350585895, 14.7040271759034 ], [ -92.398475646972699, 14.701526641845801 ], [ -92.394584655761705, 14.7029170989991 ], [ -92.394584655761705, 14.7040271759034 ], [ -92.403472900390597, 14.7048616409303 ], [ -92.403747558593807, 14.7129163742065 ], [ -92.404304504394503, 14.7073621749878 ], [ -92.407913208007699, 14.7051401138307 ], [ -92.407081604003906, 14.7029170989991 ], [ -92.411247253417898, 14.6993045806884 ], [ -92.445968627929702, 14.7457494735719 ], [ -92.424285888671804, 14.7639207839966 ], [ -92.396507263183594, 14.7584009170532 ], [ -92.377471923828097, 14.7811603546143 ], [ -92.385116577148295, 14.7993612289428 ], [ -92.362617492675795, 14.80966091156 ], [ -92.3734130859375, 14.8467807769775 ], [ -92.337013244628906, 14.88609790802 ], [ -92.358711242675795, 14.913450241088899 ], [ -92.376991271972599, 14.9057312011719 ], [ -92.397697448730398, 14.9223804473878 ], [ -92.398712158203097, 14.932331085205099 ], [ -92.363548278808494, 14.9477596282959 ], [ -92.364501953124901, 14.967181205749499 ], [ -92.345489501953097, 14.9840602874756 ], [ -92.344459533691307, 15.021142005920501 ], [ -92.330757141113196, 15.033070564270099 ], [ -92.354789733886605, 15.061001777648899 ], [ -92.342247009277301, 15.0829105377197 ], [ -92.358360290527301, 15.107760429382299 ], [ -92.352783203124901, 15.1306200027465 ], [ -92.37491607666, 15.14857006073 ], [ -92.374008178710895, 15.163420677185099 ], [ -92.354507446288906, 15.1762409210206 ], [ -92.322547912597599, 15.1733627319337 ], [ -92.300025939941307, 15.1925191879272 ], [ -92.290611267089702, 15.191378593444901 ], [ -92.280471801757798, 15.175279617309601 ], [ -92.243141174316406, 15.1791906356812 ], [ -92.234077453613295, 15.186307907104601 ], [ -92.240142822265597, 15.2154607772828 ], [ -92.201728820800696, 15.225911140441999 ], [ -92.195243835449105, 15.2399911880494 ], [ -92.170127868652301, 15.2068529129029 ], [ -92.172897338867102, 15.1928911209107 ], [ -92.223747253417898, 15.0975914001466 ], [ -92.248207092285199, 15.0812902450562 ], [ -92.255851745605497, 15.052331924438599 ], [ -92.253677368164006, 15.021410942077701 ], [ -92.223686218261705, 14.988609313964799 ], [ -92.216819763183594, 14.967679977416999 ], [ -92.237678527831903, 14.941431045532299 ], [ -92.230445861816406, 14.902010917663601 ], [ -92.249328613281193, 14.852700233459499 ], [ -92.248947143554702, 14.8115797042847 ], [ -92.262100219726605, 14.7706508636475 ], [ -92.252113342285199, 14.7399396896363 ], [ -92.275596618652301, 14.7050008773804 ], [ -92.283180236816406, 14.6626996994018 ], [ -92.319587707519503, 14.621249198913601 ], [ -92.404861450195199, 14.697639465332101 ], [ -92.410415649414105, 14.695417404174799 ], [ -92.404304504394503, 14.7006931304932 ] ] ] } },
{ "type": "Feature", "properties": { "NAME_1": "Chiapas", "NAME_2": "Tapalapa" }, "geometry": { "type": "Polygon", "coordinates": [ [ [ -93.080612182617102, 17.142641067504901 ], [ -93.108932495117102, 17.1402492523193 ], [ -93.109680175781193, 17.162210464477699 ], [ -93.133087158202997, 17.171808242797798 ], [ -93.098541259765597, 17.233779907226602 ], [ -93.077735900878807, 17.221889495849599 ], [ -93.075599670410199, 17.187620162963899 ], [ -93.065490722656193, 17.175720214843899 ], [ -93.080612182617102, 17.142641067504901 ] ] ] } },
{ "type": "Feature", "properties": { "NAME_1": "Chiapas", "NAME_2": "Tapilula" }, "geometry": { "type": "Polygon", "coordinates": [ [ [ -92.954948425292997, 17.1994018554687 ], [ -93.034149169921903, 17.2021808624268 ], [ -93.049156188964801, 17.233949661255 ], [ -92.962409973144503, 17.235490798950298 ], [ -92.954948425292997, 17.1994018554687 ] ] ] } },
{ "type": "Feature", "properties": { "NAME_1": "Chiapas", "NAME_2": "Tecpatán" }, "geometry": { "type": "Polygon", "coordinates": [ [ [ -93.883590698242102, 17.070470809936499 ], [ -93.887252807617102, 17.115140914916999 ], [ -93.855766296386705, 17.1799201965332 ], [ -93.758636474609403, 17.228061676025501 ], [ -93.6956787109375, 17.285341262817401 ], [ -93.627952575683594, 17.321601867675799 ], [ -93.576393127441406, 17.374549865722699 ], [ -93.539428710937401, 17.347217559814499 ], [ -93.507698059082003, 17.350450515747099 ], [ -93.480133056640597, 17.332059860229599 ], [ -93.475875854492202, 17.308639526367202 ], [ -93.454986572265597, 17.299278259277401 ], [ -93.427597045898395, 17.305971145629901 ], [ -93.421592712402301, 17.2949104309082 ], [ -93.394248962402301, 17.2959899902344 ], [ -93.357749938964801, 17.271961212158299 ], [ -93.269126892089801, 17.277570724487202 ], [ -93.2899169921875, 17.258489608764599 ], [ -93.289031982421903, 17.226011276245199 ], [ -93.255050659179602, 17.215999603271499 ], [ -93.252532958984403, 17.2061996459962 ], [ -93.257850646972699, 17.191280364990298 ], [ -93.277679443359403, 17.193750381469702 ], [ -93.296577453613295, 17.183460235595799 ], [ -93.303787231445298, 17.130390167236399 ], [ -93.333770751953097, 17.072080612182699 ], [ -93.334663391113196, 17.026081085205199 ], [ -93.397361755371094, 17.037479400634801 ], [ -93.400253295898395, 17.030878067016602 ], [ -93.419822692870994, 17.030941009521499 ], [ -93.447456359863295, 17.052240371704102 ], [ -93.494476318359403, 17.069208145141602 ], [ -93.554519653320298, 17.118230819702202 ], [ -93.594551086425696, 17.0971794128419 ], [ -93.641212463378906, 17.144039154052699 ], [ -93.647811889648395, 17.142990112304702 ], [ -93.641036987304702, 17.1156196594238 ], [ -93.651878356933494, 17.116390228271499 ], [ -93.667976379394503, 17.144729614257798 ], [ -93.695442199707003, 17.162269592285199 ], [ -93.740928649902301, 17.145162582397599 ], [ -93.749198913574205, 17.121200561523398 ], [ -93.781997680664105, 17.110071182251001 ], [ -93.814590454101605, 17.065799713134702 ], [ -93.883590698242102, 17.070470809936499 ] ] ] } },
{ "type": "Feature", "properties": { "NAME_1": "Chiapas", "NAME_2": "Tenejapa" }, "geometry": { "type": "Polygon", "coordinates": [ [ [ -92.4532470703125, 16.7806129455568 ], [ -92.501152038574205, 16.7793197631837 ], [ -92.528793334960895, 16.828439712524499 ], [ -92.508888244628807, 16.833539962768501 ], [ -92.453880310058494, 16.8760509490968 ], [ -92.435691833496094, 16.921710968017599 ], [ -92.423927307128807, 16.925319671630898 ], [ -92.389556884765597, 16.9031696319581 ], [ -92.407272338867202, 16.871721267700298 ], [ -92.413322448730398, 16.821729660034201 ], [ -92.440612792968693, 16.810630798339901 ], [ -92.4532470703125, 16.7806129455568 ] ] ] } },
{ "type": "Feature", "properties": { "NAME_1": "Chiapas", "NAME_2": "Teopisca" }, "geometry": { "type": "Polygon", "coordinates": [ [ [ -92.421485900878906, 16.511619567871001 ], [ -92.470939636230398, 16.516500473022599 ], [ -92.482101440429602, 16.5111198425294 ], [ -92.497817993164006, 16.5258102416993 ], [ -92.532417297363295, 16.513259887695401 ], [ -92.607536315917997, 16.557270050048899 ], [ -92.610977172851605, 16.585020065307599 ], [ -92.579902648925795, 16.5871200561525 ], [ -92.589866638183494, 16.600059509277401 ], [ -92.584053039550696, 16.612819671630898 ], [ -92.525550842285199, 16.669162750244201 ], [ -92.548606872558594, 16.6893196105957 ], [ -92.547332763671804, 16.695888519287202 ], [ -92.453971862792898, 16.693199157714801 ], [ -92.454872131347699, 16.670579910278299 ], [ -92.432685852050696, 16.6474304199218 ], [ -92.404289245605398, 16.577762603759801 ], [ -92.421485900878906, 16.511619567871001 ] ] ] } },
{ "type": "Feature", "properties": { "NAME_1": "Chiapas", "NAME_2": "Tila" }, "geometry": { "type": "Polygon", "coordinates": [ [ [ -92.345596313476605, 17.1991901397706 ], [ -92.346519470214801, 17.185651779174801 ], [ -92.360816955566406, 17.184440612793001 ], [ -92.362815856933594, 17.173128128051701 ], [ -92.432342529296903, 17.1738796234131 ], [ -92.454322814941307, 17.158769607543999 ], [ -92.525962829589801, 17.2186298370362 ], [ -92.524620056152301, 17.238451004028398 ], [ -92.501792907714801, 17.2627983093263 ], [ -92.504791259765597, 17.268579483032301 ], [ -92.541961669921804, 17.312259674072301 ], [ -92.599388122558494, 17.346010208129901 ], [ -92.586639404296903, 17.383171081543001 ], [ -92.531440734863295, 17.397052764892699 ], [ -92.568511962890497, 17.422491073608501 ], [ -92.585807800292997, 17.4569206237794 ], [ -92.586326599120994, 17.474920272827301 ], [ -92.522422790527301, 17.512050628662202 ], [ -92.492431640625, 17.447259902954102 ], [ -92.462760925292997, 17.4515800476075 ], [ -92.429779052734403, 17.438198089599702 ], [ -92.393348693847699, 17.446302413940501 ], [ -92.390457153320199, 17.422052383422798 ], [ -92.417137145995994, 17.4027118682862 ], [ -92.401016235351506, 17.387559890747099 ], [ -92.378456115722699, 17.383600234985401 ], [ -92.358428955078097, 17.36381149292 ], [ -92.385902404785199, 17.3460407257081 ], [ -92.403450012207003, 17.322441101074201 ], [ -92.394248962402301, 17.2841491699219 ], [ -92.3677978515625, 17.2534503936768 ], [ -92.372291564941406, 17.214599609375099 ], [ -92.345596313476605, 17.1991901397706 ] ] ] } },
{ "type": "Feature", "properties": { "NAME_1": "Chiapas", "NAME_2": "Tonalá" }, "geometry": { "type": "GeometryCollection", "geometries": [ { "type": "Polygon", "coordinates": [ [ [ -93.809585571289006, 15.9318046569825 ], [ -93.890693664550795, 15.974306106567401 ], [ -93.938194274902301, 15.988751411437899 ], [ -93.924308776855497, 16.007360458374102 ], [ -93.912361145019503, 16.008472442626999 ], [ -93.908752441406193, 16.000694274902301 ], [ -93.897087097167997, 16.008750915527401 ], [ -93.893753051757798, 15.9893045425416 ], [ -93.872642517089801, 15.9859733581544 ], [ -93.854583740234403, 16.0068054199219 ], [ -93.869583129882798, 16.030138015747099 ], [ -93.873474121093807, 16.056528091430799 ], [ -93.899581909179702, 16.0848617553712 ], [ -93.937080383300795, 16.094305038452099 ], [ -93.984580993652301, 16.094305038452099 ], [ -94.008193969726605, 16.108749389648601 ], [ -94.036804199218807, 16.107084274291999 ], [ -94.059585571289105, 16.119861602783299 ], [ -94.073471069335895, 16.117916107177699 ], [ -94.102912902832003, 16.142084121704102 ], [ -94.114303588867102, 16.162916183471602 ], [ -94.087120056152301, 16.157329559326101 ], [ -94.051933288574205, 16.136739730835099 ], [ -93.944648742675696, 16.117170333862301 ], [ -93.923042297363295, 16.174770355224702 ], [ -93.926643371582003, 16.203060150146602 ], [ -93.907081604003807, 16.2199306488037 ], [ -93.863990783691406, 16.185440063476701 ], [ -93.819831848144503, 16.2433605194093 ], [ -93.634231567382798, 16.234439849853501 ], [ -93.623718261718693, 16.214260101318398 ], [ -93.634613037109304, 16.196729660034201 ], [ -93.631530761718807, 16.134080886840799 ], [ -93.663787841796804, 16.093940734863299 ], [ -93.661041259765497, 16.068069458007901 ], [ -93.604911804199205, 16.021600723266701 ], [ -93.554817199707003, 16.041469573974702 ], [ -93.540260314941406, 16.024271011352599 ], [ -93.541107177734403, 15.993030548095801 ], [ -93.502899169921804, 15.980470657348601 ], [ -93.463981628417898, 15.994132041931101 ], [ -93.432571411132798, 15.977300643921 ], [ -93.423332214355497, 15.9681701660157 ], [ -93.420410156249901, 15.943380355834901 ], [ -93.383491516113196, 15.919590950012299 ], [ -93.344482421874901, 15.8764505386354 ], [ -93.420387268066406, 15.827449798584 ], [ -93.372077941894403, 15.795890808105501 ], [ -93.373435974121094, 15.7901515960694 ], [ -93.424896240234304, 15.793080329895 ], [ -93.461776733398395, 15.7753305435181 ], [ -93.488906860351605, 15.785449981689499 ], [ -93.514297485351605, 15.7814407348634 ], [ -93.544166564941406, 15.7940006256104 ], [ -93.551086425781193, 15.774861335754499 ], [ -93.57763671875, 15.7912502288819 ], [ -93.593475341796903, 15.796805381775 ], [ -93.602081298828097, 15.8056945800782 ], [ -93.632080078125, 15.826526641845801 ], [ -93.673751831054702, 15.8523607254028 ], [ -93.679580688476605, 15.859582901001 ], [ -93.714584350585895, 15.8790273666382 ], [ -93.687637329101506, 15.860138893127401 ], [ -93.692359924316406, 15.8606958389282 ], [ -93.809585571289006, 15.9318046569825 ] ] ] }, { "type": "Polygon", "coordinates": [ [ [ -94.102973937988196, 16.091806411743299 ], [ -94.094863891601406, 16.0981941223144 ], [ -94.069862365722599, 16.081527709960898 ], [ -94.056808471679602, 16.049026489257901 ], [ -94.033195495605497, 16.019304275512798 ], [ -93.979026794433594, 16.0034713745118 ], [ -93.969306945800795, 15.9926385879518 ], [ -94.000137329101506, 16.000139236450199 ], [ -94.107360839843594, 16.0529174804688 ], [ -94.096527099609403, 16.060861587524499 ], [ -94.100952148437401, 16.0781955718994 ], [ -94.071250915527301, 16.05930519104 ], [ -94.067085266113196, 16.061805725097699 ], [ -94.102973937988196, 16.091806411743299 ] ] ] }, { "type": "Polygon", "coordinates": [ [ [ -93.535675048828097, 15.751247406005801 ], [ -93.600135803222699, 15.7984733581544 ], [ -93.682357788085895, 15.854026794433601 ], [ -93.595695495605398, 15.7965288162231 ], [ -93.575973510742102, 15.788193702697701 ], [ -93.535346984863196, 15.758482933044499 ], [ -93.535675048828097, 15.751247406005801 ] ] ] } ] } },
{ "type": "Feature", "properties": { "NAME_1": "Chiapas", "NAME_2": "Totolapa" }, "geometry": { "type": "Polygon", "coordinates": [ [ [ -92.567008972167997, 16.532840728759901 ], [ -92.579032897949205, 16.5082111358644 ], [ -92.517639160156193, 16.470481872558601 ], [ -92.547416687011705, 16.434450149536101 ], [ -92.564918518066406, 16.425790786743299 ], [ -92.620857238769503, 16.4615707397462 ], [ -92.631172180175795, 16.4822311401368 ], [ -92.658638000488295, 16.4860610961913 ], [ -92.686981201171903, 16.502769470214901 ], [ -92.712997436523395, 16.485580444336001 ], [ -92.718780517578097, 16.498369216918899 ], [ -92.694320678710895, 16.5281906127931 ], [ -92.686653137207003, 16.5983810424806 ], [ -92.671501159667898, 16.622810363769499 ], [ -92.649848937988196, 16.628839492797901 ], [ -92.634376525878807, 16.625278472900401 ], [ -92.612075805664006, 16.589290618896602 ], [ -92.607536315917997, 16.557270050048899 ], [ -92.567008972167997, 16.532840728759901 ] ] ] } },
{ "type": "Feature", "properties": { "NAME_1": "Chiapas", "NAME_2": "Tumbalá" }, "geometry": { "type": "Polygon", "coordinates": [ [ [ -92.185783386230398, 17.225490570068398 ], [ -92.277389526367202, 17.239700317382798 ], [ -92.285110473632798, 17.223960876465 ], [ -92.345596313476605, 17.1991901397706 ], [ -92.372291564941406, 17.214599609375099 ], [ -92.3677978515625, 17.2534503936768 ], [ -92.394248962402301, 17.2841491699219 ], [ -92.403572082519503, 17.325139999389702 ], [ -92.385902404785199, 17.3460407257081 ], [ -92.362091064453097, 17.357191085815501 ], [ -92.351997375488196, 17.3855895996094 ], [ -92.336807250976605, 17.400150299072202 ], [ -92.272811889648395, 17.402379989624102 ], [ -92.225410461425795, 17.380750656127901 ], [ -92.172943115234403, 17.373430252075199 ], [ -92.169563293457003, 17.352741241455099 ], [ -92.147857666015597, 17.344448089599702 ], [ -92.095993041992202, 17.3031902313232 ], [ -92.067817687988196, 17.2936706542969 ], [ -92.063392639160199, 17.280431747436499 ], [ -92.066856384277301, 17.263389587402401 ], [ -92.115173339843807, 17.2765407562256 ], [ -92.149192810058594, 17.235330581665 ], [ -92.185783386230398, 17.225490570068398 ] ] ] } },
{ "type": "Feature", "properties": { "NAME_1": "Chiapas", "NAME_2": "Tuxtla Chico" }, "geometry": { "type": "Polygon", "coordinates": [ [ [ -92.248947143554702, 14.8115797042847 ], [ -92.249328613281193, 14.852700233459499 ], [ -92.230445861816406, 14.902010917663601 ], [ -92.235466003417898, 14.9485216140747 ], [ -92.216819763183594, 14.967679977416999 ], [ -92.143547058105398, 14.991382598876999 ], [ -92.147621154785099, 14.873416900634799 ], [ -92.161682128906193, 14.8587808609009 ], [ -92.197898864745994, 14.8614311218263 ], [ -92.216728210449205, 14.8548011779785 ], [ -92.233467102050696, 14.835560798645 ], [ -92.238983154296804, 14.8144989013672 ], [ -92.248947143554702, 14.8115797042847 ] ] ] } },
{ "type": "Feature", "properties": { "NAME_1": "Chiapas", "NAME_2": "Tuxtla Gutiérrez" }, "geometry": { "type": "Polygon", "coordinates": [ [ [ -93.238586425781193, 16.7594699859619 ], [ -93.209686279296903, 16.7859611511232 ], [ -93.198341369628906, 16.8122882843018 ], [ -93.156066894531094, 16.821741104126001 ], [ -93.142326354980398, 16.809658050537099 ], [ -93.109336853027202, 16.812629699706999 ], [ -93.076057434081903, 16.846830368042099 ], [ -93.064262390136705, 16.8448295593262 ], [ -93.038391113281193, 16.819740295410199 ], [ -93.0081787109375, 16.7454509735107 ], [ -93.045570373535199, 16.743330001831101 ], [ -93.049346923828097, 16.680429458618299 ], [ -93.103172302246094, 16.688768386840898 ], [ -93.117416381835895, 16.706029891967798 ], [ -93.147186279296804, 16.682430267333899 ], [ -93.169677734374901, 16.685079574585 ], [ -93.177200317382798, 16.668470382690501 ], [ -93.205680847167997, 16.651861190796001 ], [ -93.250495910644503, 16.685819625854499 ], [ -93.240577697753906, 16.7283725738525 ], [ -93.222068786621094, 16.744739532470799 ], [ -93.238586425781193, 16.7594699859619 ] ] ] } },
{ "type": "Feature", "properties": { "NAME_1": "Chiapas", "NAME_2": "Tuzantán" }, "geometry": { "type": "Polygon", "coordinates": [ [ [ -92.434486389160099, 15.267409324646099 ], [ -92.380355834960895, 15.2082004547119 ], [ -92.358856201171804, 15.1947708129884 ], [ -92.361412048339801, 15.1743612289428 ], [ -92.377052307128906, 15.1545896530153 ], [ -92.352783203124901, 15.1306200027465 ], [ -92.358360290527301, 15.107760429382299 ], [ -92.342247009277301, 15.0829105377197 ], [ -92.351303100585895, 15.072290420532299 ], [ -92.524017333984403, 15.032509803771999 ], [ -92.484680175781094, 15.070350646972701 ], [ -92.479499816894503, 15.125900268554799 ], [ -92.458183288574205, 15.1347608566285 ], [ -92.454643249511605, 15.164719581604 ], [ -92.436073303222699, 15.175869941711399 ], [ -92.445770263671804, 15.216110229492299 ], [ -92.434486389160099, 15.267409324646099 ] ] ] } },
{ "type": "Feature", "properties": { "NAME_1": "Chiapas", "NAME_2": "Tzimol" }, "geometry": { "type": "Polygon", "coordinates": [ [ [ -92.244087219238295, 15.9620895385743 ], [ -92.284027099609304, 15.989299774169901 ], [ -92.256111145019503, 16.0198192596437 ], [ -92.281440734863196, 16.060920715331999 ], [ -92.254829406738196, 16.060768127441399 ], [ -92.288482666015597, 16.1166496276857 ], [ -92.293556213378807, 16.142820358276399 ], [ -92.268058776855497, 16.188720703125 ], [ -92.287727355957003, 16.198360443115199 ], [ -92.286453247070298, 16.205680847167901 ], [ -92.266265869140597, 16.218879699706999 ], [ -92.228332519531094, 16.203010559081999 ], [ -92.215911865234304, 16.227100372314599 ], [ -92.265426635742102, 16.2611904144287 ], [ -92.274665832519503, 16.293380737304801 ], [ -92.255950927734403, 16.304742813110401 ], [ -92.242767333984403, 16.296831130981499 ], [ -92.232238769531193, 16.271060943603501 ], [ -92.210556030273395, 16.255468368530298 ], [ -92.173362731933594, 16.238920211791999 ], [ -92.143775939941406, 16.239669799804702 ], [ -92.133712768554602, 16.211269378662202 ], [ -92.117233276367102, 16.207809448242202 ], [ -92.109207153320298, 16.174430847168001 ], [ -92.112586975097699, 16.161638259887798 ], [ -92.131767272949205, 16.163459777832099 ], [ -92.148345947265597, 16.141870498657202 ], [ -92.176139831542898, 16.1438293457032 ], [ -92.204490661620994, 16.1073112487794 ], [ -92.166526794433494, 16.0791110992432 ], [ -92.150657653808594, 16.077030181884702 ], [ -92.155311584472699, 16.046520233154201 ], [ -92.138359069824205, 16.0312900543213 ], [ -92.135086059570298, 16.015439987182699 ], [ -92.198249816894503, 15.9993991851807 ], [ -92.218353271484403, 16.015279769897401 ], [ -92.244087219238295, 15.9620895385743 ] ] ] } },
{ "type": "Feature", "properties": { "NAME_1": "Chiapas", "NAME_2": "Venustiano Carranza" }, "geometry": { "type": "Polygon", "coordinates": [ [ [ -92.743713378906193, 16.467170715331999 ], [ -92.686981201171903, 16.502769470214901 ], [ -92.658638000488295, 16.4860610961913 ], [ -92.635147094726506, 16.483970642089801 ], [ -92.620857238769503, 16.4615707397462 ], [ -92.564918518066406, 16.425790786743299 ], [ -92.590103149414105, 16.4063625335694 ], [ -92.547996520995994, 16.3911628723144 ], [ -92.557533264160099, 16.373559951782301 ], [ -92.542816162109403, 16.369489669799801 ], [ -92.518096923828097, 16.3850612640382 ], [ -92.498710632324205, 16.370838165283299 ], [ -92.468147277832003, 16.4087219238282 ], [ -92.488426208496094, 16.412269592285199 ], [ -92.521430969238295, 16.477220535278398 ], [ -92.579032897949205, 16.5082111358644 ], [ -92.567008972167997, 16.532840728759901 ], [ -92.532417297363295, 16.513259887695401 ], [ -92.497817993164006, 16.5258102416993 ], [ -92.468215942382798, 16.485080718994102 ], [ -92.450218200683494, 16.474258422851602 ], [ -92.426277160644503, 16.472360610961999 ], [ -92.375129699707003, 16.488319396972798 ], [ -92.358963012695298, 16.471090316772599 ], [ -92.372146606445199, 16.449100494384901 ], [ -92.366142272949105, 16.427999496460099 ], [ -92.388076782226406, 16.407028198242202 ], [ -92.396492004394503, 16.420589447021499 ], [ -92.420127868652301, 16.412570953369102 ], [ -92.414108276367102, 16.390560150146602 ], [ -92.42578125, 16.3630695343019 ], [ -92.393547058105497, 16.349451065063501 ], [ -92.376190185546903, 16.363090515136701 ], [ -92.3685302734375, 16.344169616699201 ], [ -92.384948730468807, 16.3131504058838 ], [ -92.377738952636705, 16.242700576782301 ], [ -92.433708190917997, 16.2429504394532 ], [ -92.419158935546804, 16.198881149291999 ], [ -92.462219238281193, 16.2033405303956 ], [ -92.505203247070298, 16.185348510742202 ], [ -92.530036926269503, 16.184440612793001 ], [ -92.594009399414105, 16.142440795898501 ], [ -92.693733215332003, 16.1899604797363 ], [ -92.739036560058594, 16.233110427856499 ], [ -92.760238647460895, 16.240470886230501 ], [ -92.795906066894503, 16.2711696624756 ], [ -92.811256408691406, 16.307361602783299 ], [ -92.827896118164006, 16.323238372802798 ], [ -92.817855834960895, 16.3418884277344 ], [ -92.821952819824205, 16.349170684814599 ], [ -92.788841247558594, 16.391670227050799 ], [ -92.740158081054602, 16.433740615844801 ], [ -92.749206542968693, 16.459600448608501 ], [ -92.743713378906193, 16.467170715331999 ] ] ] } },
{ "type": "Feature", "properties": { "NAME_1": "Chiapas", "NAME_2": "Villa Comaltitlán" }, "geometry": { "type": "Polygon", "coordinates": [ [ [ -92.729309082031193, 15.092321395874 ], [ -92.730087280273395, 15.076511383056699 ], [ -92.742607116699205, 15.0825300216675 ], [ -92.765975952148395, 15.065972328186101 ], [ -92.820968627929702, 15.1210126876832 ], [ -92.820137023925795, 15.1313009262085 ], [ -92.812263488769503, 15.1277256011963 ], [ -92.781837463378807, 15.1568050384521 ], [ -92.772918701171903, 15.151806831359799 ], [ -92.780418395995994, 15.158505439758301 ], [ -92.759696960449205, 15.180661201477101 ], [ -92.695556640625, 15.2145395278931 ], [ -92.681655883789105, 15.2483806610107 ], [ -92.673866271972599, 15.250181198120201 ], [ -92.657012939452997, 15.236021041870201 ], [ -92.620452880859304, 15.2608909606934 ], [ -92.591148376464801, 15.3275918960571 ], [ -92.543266296386705, 15.3540086746216 ], [ -92.516517639160099, 15.355461120605501 ], [ -92.513076782226506, 15.339810371399 ], [ -92.525550842285199, 15.3167295455932 ], [ -92.495666503906193, 15.315060615539499 ], [ -92.473686218261705, 15.294019699096699 ], [ -92.491516113281193, 15.261130332946699 ], [ -92.528121948242202, 15.2221593856812 ], [ -92.525672912597599, 15.205280303955099 ], [ -92.5347900390625, 15.1880111694337 ], [ -92.526908874511705, 15.177519798278899 ], [ -92.530426025390597, 15.1638412475587 ], [ -92.510192871093807, 15.157249450683601 ], [ -92.509719848632798, 15.1504802703857 ], [ -92.564315795898295, 15.1353492736818 ], [ -92.668151855468693, 15.157541275024499 ], [ -92.647468566894503, 15.124570846557599 ], [ -92.670883178710895, 15.1228504180909 ], [ -92.700218200683594, 15.1055202484131 ], [ -92.712593078613196, 15.1173210144043 ], [ -92.729309082031193, 15.092321395874 ] ] ] } },
{ "type": "Feature", "properties": { "NAME_1": "Chiapas", "NAME_2": "Villa Corzo" }, "geometry": { "type": "Polygon", "coordinates": [ [ [ -93.110252380371094, 15.8486795425415 ], [ -93.137062072753807, 15.8694019317628 ], [ -93.196701049804702, 15.877470016479499 ], [ -93.230972290039105, 15.861429214477701 ], [ -93.336021423339801, 15.8700218200684 ], [ -93.383491516113196, 15.919590950012299 ], [ -93.420410156249901, 15.943380355834901 ], [ -93.423332214355497, 15.9681701660157 ], [ -93.432571411132798, 15.977300643921 ], [ -93.463981628417898, 15.994132041931101 ], [ -93.502899169921804, 15.980470657348601 ], [ -93.541107177734403, 15.993030548095801 ], [ -93.540260314941406, 16.024271011352599 ], [ -93.559013366699205, 16.0429592132568 ], [ -93.608116149902301, 16.022670745849599 ], [ -93.661041259765497, 16.068069458007901 ], [ -93.667251586914105, 16.0831604003907 ], [ -93.6507568359375, 16.115880966186602 ], [ -93.631530761718807, 16.134080886840799 ], [ -93.635299682617202, 16.183771133423001 ], [ -93.623718261718693, 16.214260101318398 ], [ -93.628448486328097, 16.228000640869201 ], [ -93.616966247558494, 16.2305412292482 ], [ -93.597457885742202, 16.256200790405298 ], [ -93.574638366699105, 16.244939804077099 ], [ -93.515449523925795, 16.239059448242099 ], [ -93.427017211914105, 16.2683010101319 ], [ -93.391830444335895, 16.290649414062599 ], [ -93.339340209960895, 16.250310897827099 ], [ -93.301910400390597, 16.257959365844801 ], [ -93.275619506835895, 16.2510700225831 ], [ -93.241645812988295, 16.270891189575298 ], [ -93.212051391601406, 16.252479553222699 ], [ -93.189765930175795, 16.312150955200099 ], [ -93.158767700195298, 16.310329437255898 ], [ -93.162101745605497, 16.3247585296631 ], [ -93.175079345703097, 16.331729888916001 ], [ -93.221626281738295, 16.340459823608501 ], [ -93.090026855468807, 16.440599441528398 ], [ -93.040969848632798, 16.4020195007325 ], [ -92.918006896972599, 16.333339691162202 ], [ -92.890609741210895, 16.2837429046631 ], [ -92.882278442382798, 16.249580383300799 ], [ -92.873786926269503, 16.2452907562257 ], [ -92.875, 16.2341003417968 ], [ -92.842712402343807, 16.209480285644599 ], [ -92.841468811035199, 16.199960708618299 ], [ -92.864318847656193, 16.190019607543999 ], [ -92.855583190917997, 16.157039642333999 ], [ -92.863937377929602, 16.157270431518601 ], [ -92.871856689453097, 16.170560836791999 ], [ -92.899688720703097, 16.129350662231499 ], [ -92.926345825195298, 16.108381271362301 ], [ -92.941825866699205, 16.078050613403398 ], [ -92.969673156738295, 16.069780349731399 ], [ -92.992919921875, 16.035852432251001 ], [ -93.001068115234304, 15.970741271972701 ], [ -93.036926269531193, 15.9463109970093 ], [ -93.080276489257798, 15.869611740112299 ], [ -93.110252380371094, 15.8486795425415 ] ] ] } },
{ "type": "Feature", "properties": { "NAME_1": "Chiapas", "NAME_2": "Villaflores" }, "geometry": { "type": "Polygon", "coordinates": [ [ [ -93.794212341308594, 16.323419570922798 ], [ -93.773101806640597, 16.324649810791001 ], [ -93.708511352539006, 16.355060577392599 ], [ -93.679916381835895, 16.3806896209718 ], [ -93.672142028808594, 16.4032897949218 ], [ -93.520370483398295, 16.525569915771499 ], [ -93.410537719726605, 16.5630416870118 ], [ -93.318977355957003, 16.616720199585 ], [ -93.271286010742202, 16.603559494018601 ], [ -93.262657165527301, 16.573738098144599 ], [ -93.208778381347599, 16.572429656982401 ], [ -93.187660217285199, 16.540410995483398 ], [ -93.136962890624901, 16.529079437255799 ], [ -93.111976623535099, 16.531419754028398 ], [ -93.099983215332003, 16.516990661621101 ], [ -93.107246398925795, 16.4727897644044 ], [ -93.100608825683594, 16.448060989379901 ], [ -93.090026855468807, 16.440599441528398 ], [ -93.221626281738295, 16.340459823608501 ], [ -93.175079345703097, 16.331729888916001 ], [ -93.162101745605497, 16.3247585296631 ], [ -93.158767700195298, 16.310329437255898 ], [ -93.189765930175795, 16.312150955200099 ], [ -93.212051391601406, 16.252479553222699 ], [ -93.241645812988295, 16.270891189575298 ], [ -93.275619506835895, 16.2510700225831 ], [ -93.301910400390597, 16.257959365844801 ], [ -93.339340209960895, 16.250310897827099 ], [ -93.391830444335895, 16.290649414062599 ], [ -93.427017211914105, 16.2683010101319 ], [ -93.515449523925795, 16.239059448242099 ], [ -93.574638366699105, 16.244939804077099 ], [ -93.597457885742202, 16.256200790405298 ], [ -93.621826171874901, 16.227930068969801 ], [ -93.718330383300696, 16.241449356079102 ], [ -93.803497314453097, 16.238790512085099 ], [ -93.819831848144503, 16.2433605194093 ], [ -93.796157836914006, 16.281871795654201 ], [ -93.794212341308594, 16.323419570922798 ] ] ] } },
{ "type": "Feature", "properties": { "NAME_1": "Chiapas", "NAME_2": "Yajalón" }, "geometry": { "type": "Polygon", "coordinates": [ [ [ -92.362815856933594, 17.173128128051701 ], [ -92.360816955566406, 17.184440612793001 ], [ -92.346519470214801, 17.185651779174801 ], [ -92.341796874999901, 17.202650070190401 ], [ -92.285110473632798, 17.223960876465 ], [ -92.272468566894503, 17.240261077880898 ], [ -92.185783386230398, 17.225490570068398 ], [ -92.186668395996094, 17.2110195159912 ], [ -92.153656005859304, 17.1934413909912 ], [ -92.175750732421804, 17.1764812469482 ], [ -92.179756164550696, 17.1596794128418 ], [ -92.202247619628906, 17.170940399169901 ], [ -92.218788146972599, 17.1674308776857 ], [ -92.222633361816406, 17.183589935302798 ], [ -92.245956420898395, 17.176998138427699 ], [ -92.249580383300696, 17.156610488891602 ], [ -92.315856933593693, 17.1680603027344 ], [ -92.339881896972599, 17.157392501831001 ], [ -92.362815856933594, 17.173128128051701 ] ] ] } },
{ "type": "Feature", "properties": { "NAME_1": "Chiapas", "NAME_2": "Zinacantán" }, "geometry": { "type": "Polygon", "coordinates": [ [ [ -92.817810058593807, 16.6933708190919 ], [ -92.857086181640597, 16.725090026855501 ], [ -92.835769653320298, 16.7340698242188 ], [ -92.832901000976605, 16.7440414428712 ], [ -92.838867187499901, 16.757200241088999 ], [ -92.858512878417898, 16.769870758056701 ], [ -92.846046447753906, 16.782728195190501 ], [ -92.861289978027202, 16.810319900512798 ], [ -92.799781799316406, 16.810651779174702 ], [ -92.776916503906193, 16.825511932373001 ], [ -92.732940673828097, 16.823219299316499 ], [ -92.738250732421804, 16.805561065673899 ], [ -92.701431274414006, 16.787349700927699 ], [ -92.696769714355398, 16.769701004028398 ], [ -92.7091064453125, 16.745069503784201 ], [ -92.701103210449205, 16.722681045532202 ], [ -92.724220275878807, 16.721570968627901 ], [ -92.754325866699205, 16.734970092773398 ], [ -92.803337097167997, 16.712398529052699 ], [ -92.817810058593807, 16.6933708190919 ] ] ] } }
]
}
