{
"type": "FeatureCollection",
"name": "chihuahua",
"crs": { "type": "name", "properties": { "name": "urn:ogc:def:crs:OGC:1.3:CRS84" } },
"features": [
{ "type": "Feature", "properties": { "NAME_1": "Chihuahua", "NAME_2": "Ahumada" }, "geometry": { "type": "Polygon", "coordinates": [ [ [ -105.933380126952997, 29.677860260009801 ], [ -105.937950134277003, 29.6981296539307 ], [ -105.967628479004006, 29.711990356445298 ], [ -106.017219543457003, 29.727830886840898 ], [ -106.035346984862997, 29.719490051269499 ], [ -106.120826721190994, 29.737329483032301 ], [ -106.150177001952997, 29.7586898803712 ], [ -106.217216491699006, 29.788040161132901 ], [ -106.388175964355, 29.747869491577099 ], [ -106.50309753418, 29.7516098022462 ], [ -106.570343017577997, 29.7299709320069 ], [ -106.585151672362997, 29.748720169067401 ], [ -106.63655090332, 29.746400833129901 ], [ -106.644950866699006, 29.7606105804443 ], [ -106.673652648925994, 29.768980026245099 ], [ -106.671112060547003, 29.780807495117301 ], [ -106.648536682129006, 29.788520812988299 ], [ -106.637382507324006, 29.781049728393601 ], [ -106.626892089844006, 29.784660339355401 ], [ -106.620903015137003, 29.839258193969702 ], [ -106.651641845702997, 29.9173812866212 ], [ -106.720741271972997, 29.952051162719702 ], [ -106.737609863280994, 29.976770401001101 ], [ -106.7392578125, 30.031709671020501 ], [ -106.729469299315994, 30.053068161010799 ], [ -106.731796264647997, 30.124101638793999 ], [ -106.714416503905994, 30.158889770507798 ], [ -106.685729980469006, 30.190780639648398 ], [ -106.697937011719006, 30.257909774780298 ], [ -106.728317260742003, 30.254360198974599 ], [ -106.743621826172003, 30.286211013793899 ], [ -106.815330505370994, 30.324550628662099 ], [ -106.843521118164006, 30.357152938842901 ], [ -106.889228820800994, 30.382621765136701 ], [ -106.922058105469006, 30.361930847168001 ], [ -106.975601196289006, 30.394189834594801 ], [ -107.040885925292997, 30.387601852416999 ], [ -107.023506164550994, 30.441110610961999 ], [ -107.023826599120994, 30.486520767211999 ], [ -107.010269165039006, 30.496360778808601 ], [ -107.012542724609006, 30.520530700683601 ], [ -107.004241943359006, 30.532831192016602 ], [ -107.021057128905994, 30.560529708862202 ], [ -107.017318725585994, 30.589822769165 ], [ -106.999313354492003, 30.601049423217798 ], [ -107.0048828125, 30.626310348510899 ], [ -106.998580932617003, 30.639490127563501 ], [ -107.001457214355, 30.699510574340799 ], [ -106.98282623291, 30.730230331421001 ], [ -106.955101013184006, 30.73756980896 ], [ -106.945571899414006, 30.753730773925898 ], [ -106.957359313965, 30.8018608093262 ], [ -106.988761901855, 30.832189559936499 ], [ -106.971382141112997, 30.934181213378999 ], [ -106.937652587890994, 31.003320693969702 ], [ -106.960006713867003, 31.085239410400401 ], [ -106.958122253417997, 31.1244106292725 ], [ -106.943756103515994, 31.121549606323299 ], [ -106.834129333495994, 31.032529830932699 ], [ -106.809432983397997, 31.026901245117301 ], [ -106.77758026123, 31.057001113891701 ], [ -106.719192504882997, 31.074382781982401 ], [ -106.697692871094006, 31.088319778442401 ], [ -106.683929443359006, 31.103939056396499 ], [ -106.683280944824006, 31.1227912902832 ], [ -106.661628723145, 31.140632629394499 ], [ -106.628318786620994, 31.129680633544901 ], [ -106.587677001952997, 31.147630691528398 ], [ -106.567657470702997, 31.1486110687256 ], [ -106.537033081055, 31.135900497436602 ], [ -106.528106689452997, 31.116500854492202 ], [ -106.515312194824006, 31.1131610870362 ], [ -106.481369018555, 31.123420715332099 ], [ -106.450996398925994, 31.152368545532301 ], [ -106.412139892577997, 31.150140762329201 ], [ -106.285827636719006, 31.178407669067301 ], [ -106.265686035155994, 31.131950378418001 ], [ -106.267166137695, 31.1156215667725 ], [ -106.249336242675994, 31.108921051025401 ], [ -106.239723205565994, 31.0930500030518 ], [ -106.24072265625, 31.086729049682699 ], [ -106.267112731934006, 31.0783786773682 ], [ -106.218528747559006, 31.0531616210938 ], [ -106.125053405762003, 30.920661926269599 ], [ -106.105369567870994, 30.9103717803956 ], [ -106.073631286620994, 30.927801132202202 ], [ -106.039176940917997, 30.918119430542099 ], [ -106.040542602539006, 30.8966693878175 ], [ -106.052337646484006, 30.886230468750099 ], [ -106.056037902832003, 30.8690795898438 ], [ -106.049880981445, 30.846969604492202 ], [ -106.037322998047003, 30.8343906402588 ], [ -106.011489868164006, 30.827909469604599 ], [ -105.98681640625, 30.8343811035157 ], [ -105.971237182617003, 30.8267707824707 ], [ -105.911590576172003, 30.847501754760799 ], [ -105.83812713623, 30.844659805297901 ], [ -105.795211791992003, 30.827400207519599 ], [ -105.762916564940994, 30.775260925293001 ], [ -105.687088012695, 30.758710861206101 ], [ -105.672492980957003, 30.742870330810501 ], [ -105.636543273925994, 30.616390228271499 ], [ -105.627349853515994, 30.5529594421387 ], [ -105.520812988280994, 30.460180282592901 ], [ -105.53742980957, 30.440820693969801 ], [ -105.549446105957003, 30.380350112915199 ], [ -105.517700195312003, 30.312091827392699 ], [ -105.533142089844006, 30.302770614624102 ], [ -105.529235839844006, 30.2783908843994 ], [ -105.535346984862997, 30.270959854126001 ], [ -105.586708068847997, 30.2782306671143 ], [ -105.60489654541, 30.262371063232401 ], [ -105.65210723877, 30.280660629272599 ], [ -105.654342651367003, 30.232099533081101 ], [ -105.718276977539006, 30.2045783996582 ], [ -105.741119384765994, 30.203599929809599 ], [ -105.753112792969006, 30.187240600586001 ], [ -105.860038757324006, 30.152769088745099 ], [ -105.951690673827997, 30.084619522094801 ], [ -105.922546386719006, 30.048620223998999 ], [ -105.85173034668, 30.0082397460938 ], [ -105.862686157227003, 29.9868183135987 ], [ -105.849502563477003, 29.979698181152401 ], [ -105.842826843262003, 29.964721679687401 ], [ -105.845657348632997, 29.90505027771 ], [ -105.837799072265994, 29.866340637206999 ], [ -105.850959777832003, 29.814250946045 ], [ -105.837036132812003, 29.799879074096602 ], [ -105.804428100585994, 29.795230865478601 ], [ -105.79808807373, 29.766361236572301 ], [ -105.741142272949006, 29.751041412353501 ], [ -105.734657287597997, 29.6939296722413 ], [ -105.71923828125, 29.663681030273601 ], [ -105.695449829100994, 29.647510528564499 ], [ -105.710098266602003, 29.619390487671001 ], [ -105.771286010742003, 29.616308212280298 ], [ -105.843116760254006, 29.663669586181602 ], [ -105.933380126952997, 29.677860260009801 ] ] ] } },
{ "type": "Feature", "properties": { "NAME_1": "Chihuahua", "NAME_2": "Aldama" }, "geometry": { "type": "Polygon", "coordinates": [ [ [ -105.972785949707003, 28.739610671997099 ], [ -105.98900604248, 28.741569519043001 ], [ -106.014091491699006, 28.7311000823975 ], [ -106.018577575684006, 28.7530307769775 ], [ -106.036109924315994, 28.751541137695401 ], [ -106.048828125, 28.772409439086999 ], [ -106.072158813477003, 28.7541198730468 ], [ -106.080116271972997, 28.756069183349702 ], [ -106.088676452637003, 28.780950546264801 ], [ -106.104843139647997, 28.791080474853501 ], [ -106.142402648925994, 28.839479446411101 ], [ -106.153182983397997, 28.9016609191894 ], [ -106.181350708007997, 28.950210571289102 ], [ -106.179466247559006, 28.9681396484375 ], [ -106.224533081055, 28.993270874023601 ], [ -106.233772277832003, 29.009059906005898 ], [ -106.23558807373, 29.0736408233644 ], [ -106.229621887207003, 29.079990386962798 ], [ -106.213417053222997, 29.064149856567401 ], [ -106.202522277832003, 29.0765895843507 ], [ -106.223747253417997, 29.126670837402301 ], [ -106.206901550292997, 29.142930984497099 ], [ -106.198402404785, 29.137649536132901 ], [ -106.184158325195, 29.145120620727699 ], [ -106.15518951416, 29.217121124267699 ], [ -106.108650207519005, 29.227228164672901 ], [ -106.073547363280994, 29.277330398559702 ], [ -106.092491149902003, 29.3189926147462 ], [ -106.090522766112997, 29.3584308624268 ], [ -106.080093383789006, 29.378370285034201 ], [ -106.105003356934006, 29.408718109130898 ], [ -106.114616394042997, 29.4474697113038 ], [ -106.083671569824006, 29.438060760498001 ], [ -106.069190979004006, 29.442279815673899 ], [ -106.071395874022997, 29.4681205749513 ], [ -106.041229248047003, 29.507930755615298 ], [ -106.024078369140994, 29.6376686096193 ], [ -105.995956420897997, 29.625850677490298 ], [ -105.96021270752, 29.638231277465799 ], [ -105.948165893555, 29.669122695922798 ], [ -105.933380126952997, 29.677860260009801 ], [ -105.843116760254006, 29.663669586181602 ], [ -105.771286010742003, 29.616308212280298 ], [ -105.71607208252, 29.618120193481499 ], [ -105.705421447754006, 29.621759414672901 ], [ -105.698806762695, 29.649721145629901 ], [ -105.658805847167997, 29.6651000976562 ], [ -105.637580871582003, 29.651609420776399 ], [ -105.562843322754006, 29.706590652465898 ], [ -105.549179077147997, 29.684289932251001 ], [ -105.506958007812003, 29.6627712249756 ], [ -105.472457885742003, 29.6549797058106 ], [ -105.486106872559006, 29.62739944458 ], [ -105.476837158202997, 29.6125507354737 ], [ -105.423629760742003, 29.6035385131837 ], [ -105.420570373535, 29.593812942504901 ], [ -105.459426879882997, 29.517038345336999 ], [ -105.467498779297003, 29.5143718719482 ], [ -105.498306274414006, 29.5301609039307 ], [ -105.500785827637003, 29.502780914306701 ], [ -105.539169311522997, 29.510889053344801 ], [ -105.552299499512003, 29.481002807617301 ], [ -105.551200866699006, 29.444339752197301 ], [ -105.511177062987997, 29.4551906585694 ], [ -105.490242004395, 29.441930770873999 ], [ -105.484161376952997, 29.418739318847699 ], [ -105.428558349609006, 29.361398696899499 ], [ -105.415336608887003, 29.358690261840898 ], [ -105.404098510742003, 29.3714694976807 ], [ -105.393463134765994, 29.371681213378999 ], [ -105.354026794434006, 29.331281661987301 ], [ -105.355506896972997, 29.282060623168999 ], [ -105.346717834472997, 29.26535987854 ], [ -105.303771972655994, 29.270282745361399 ], [ -105.268836975097997, 29.286211013793999 ], [ -105.216827392577997, 29.276912689208999 ], [ -105.10595703125, 29.2129306793213 ], [ -105.072547912597997, 29.1703205108644 ], [ -105.078475952147997, 29.1196804046632 ], [ -105.109550476074006, 29.096509933471701 ], [ -105.128562927245994, 29.091791152954102 ], [ -105.137481689452997, 29.074970245361399 ], [ -105.161430358887003, 29.0690097808838 ], [ -105.163536071777003, 29.059631347656399 ], [ -105.15217590332, 29.037540435791101 ], [ -105.154609680175994, 29.0117492675782 ], [ -105.10179901123, 29.0151805877687 ], [ -105.079772949219006, 29.000890731811499 ], [ -105.083236694335994, 28.974647521972699 ], [ -105.109596252440994, 28.9521999359132 ], [ -105.117958068847997, 28.8808097839357 ], [ -105.099479675292997, 28.8885402679443 ], [ -105.088066101074006, 28.8849601745606 ], [ -105.066596984862997, 28.821231842041001 ], [ -105.08422088623, 28.782171249389599 ], [ -105.091217041015994, 28.7812995910644 ], [ -105.164161682129006, 28.823699951171999 ], [ -105.251052856445, 28.775501251220799 ], [ -105.267906188965, 28.777811050415199 ], [ -105.307823181152003, 28.8044319152832 ], [ -105.335372924805, 28.803319931030298 ], [ -105.376220703125, 28.768550872802699 ], [ -105.494186401367003, 28.707201004028398 ], [ -105.500686645507997, 28.699720382690401 ], [ -105.493988037109006, 28.668760299682699 ], [ -105.527229309082003, 28.651929855346701 ], [ -105.561256408690994, 28.6201705932618 ], [ -105.570106506347997, 28.5803318023682 ], [ -105.612663269042997, 28.569868087768601 ], [ -105.753005981445, 28.637601852416999 ], [ -105.782081604004006, 28.663078308105501 ], [ -105.804946899414006, 28.710041046142599 ], [ -105.832511901855, 28.715560913086101 ], [ -105.862861633300994, 28.702459335327202 ], [ -105.896026611327997, 28.7035827636718 ], [ -105.933082580565994, 28.690290451049901 ], [ -105.952156066894005, 28.6980705261231 ], [ -105.972785949707003, 28.739610671997099 ] ] ] } },
{ "type": "Feature", "properties": { "NAME_1": "Chihuahua", "NAME_2": "Allende" }, "geometry": { "type": "Polygon", "coordinates": [ [ [ -105.181228637695, 27.247011184692401 ], [ -105.217979431152003, 27.2311210632325 ], [ -105.3388671875, 27.202039718628001 ], [ -105.39485168457, 27.175239562988299 ], [ -105.394676208495994, 27.110450744628999 ], [ -105.369842529297003, 27.053028106689599 ], [ -105.356506347655994, 26.964220046997099 ], [ -105.326820373535, 26.908718109130898 ], [ -105.334739685059006, 26.8943405151368 ], [ -105.394737243652003, 26.875911712646499 ], [ -105.511459350585994, 26.8196201324463 ], [ -105.515319824219006, 26.896530151367301 ], [ -105.647308349609006, 26.911430358886701 ], [ -105.661437988280994, 26.922819137573399 ], [ -105.672897338867003, 26.972770690918001 ], [ -105.710983276367003, 26.9669494628906 ], [ -105.713287353515994, 27.019149780273601 ], [ -105.68115234375, 27.044919967651399 ], [ -105.669036865234006, 27.135351181030298 ], [ -105.671379089355, 27.1443195343019 ], [ -105.689346313475994, 27.1408805847169 ], [ -105.700225830077997, 27.1510410308837 ], [ -105.712387084960994, 27.2259826660156 ], [ -105.699058532715, 27.245508193969702 ], [ -105.655097961425994, 27.245470046997099 ], [ -105.635467529297003, 27.288820266723601 ], [ -105.593650817870994, 27.292240142822202 ], [ -105.556526184082003, 27.305860519409201 ], [ -105.545776367187997, 27.359109878540199 ], [ -105.518142700195, 27.433589935302699 ], [ -105.5068359375, 27.4380397796631 ], [ -105.488136291504006, 27.4274005889894 ], [ -105.429168701172003, 27.424739837646602 ], [ -105.399780273437003, 27.468788146972699 ], [ -105.391616821289006, 27.4369411468506 ], [ -105.374488830565994, 27.431819915771602 ], [ -105.358406066894005, 27.4103908538818 ], [ -105.335845947265994, 27.438770294189499 ], [ -105.315505981445, 27.449010848999102 ], [ -105.255706787109006, 27.423469543457099 ], [ -105.22233581543, 27.377710342407301 ], [ -105.172546386719006, 27.340089797973601 ], [ -105.173027038574006, 27.316970825195298 ], [ -105.193656921387003, 27.2764911651612 ], [ -105.181228637695, 27.247011184692401 ] ] ] } },
{ "type": "Feature", "properties": { "NAME_1": "Chihuahua", "NAME_2": "Aquiles Serdán" }, "geometry": { "type": "Polygon", "coordinates": [ [ [ -105.813652038574006, 28.446172714233501 ], [ -105.871231079102003, 28.4537029266357 ], [ -105.928886413574006, 28.488357543945401 ], [ -105.963966369629006, 28.498060226440501 ], [ -105.981407165527003, 28.539260864257901 ], [ -106.032051086425994, 28.592599868774499 ], [ -106.027320861815994, 28.605409622192401 ], [ -106.04564666748, 28.605171203613299 ], [ -106.029747009277003, 28.632841110229499 ], [ -106.033706665039006, 28.656112670898398 ], [ -105.972785949707003, 28.739610671997099 ], [ -105.952156066894005, 28.6980705261231 ], [ -105.933082580565994, 28.690290451049901 ], [ -105.896026611327997, 28.7035827636718 ], [ -105.862861633300994, 28.702459335327202 ], [ -105.832511901855, 28.715560913086101 ], [ -105.811706542969006, 28.713090896606499 ], [ -105.778182983397997, 28.657901763916001 ], [ -105.753005981445, 28.637601852416999 ], [ -105.643775939940994, 28.589960098266602 ], [ -105.619140625, 28.570848464965898 ], [ -105.570106506347997, 28.5803318023682 ], [ -105.558715820312003, 28.551540374755898 ], [ -105.60230255127, 28.5375900268556 ], [ -105.652351379395, 28.538841247558601 ], [ -105.689453125, 28.5005207061768 ], [ -105.733543395995994, 28.513410568237301 ], [ -105.75609588623, 28.530530929565401 ], [ -105.770629882812003, 28.528102874755898 ], [ -105.814460754394005, 28.4840602874756 ], [ -105.810806274414006, 28.4717502593994 ], [ -105.779426574707003, 28.4580612182618 ], [ -105.770347595215, 28.444509506225501 ], [ -105.813652038574006, 28.446172714233501 ] ] ] } },
{ "type": "Feature", "properties": { "NAME_1": "Chihuahua", "NAME_2": "Ascensión" }, "geometry": { "type": "Polygon", "coordinates": [ [ [ -106.988761901855, 30.832189559936499 ], [ -107.025131225585994, 30.807380676269499 ], [ -107.082595825195, 30.821479797363398 ], [ -107.110038757324006, 30.773920059204102 ], [ -107.13102722168, 30.785520553588899 ], [ -107.175758361815994, 30.834051132202099 ], [ -107.191802978515994, 30.828210830688601 ], [ -107.218017578125, 30.801580429077301 ], [ -107.275421142577997, 30.813978195190501 ], [ -107.311546325682997, 30.7846794128419 ], [ -107.406272888184006, 30.783990859985401 ], [ -107.43920135498, 30.794490814209102 ], [ -107.462692260742003, 30.817211151123001 ], [ -107.512939453125, 30.877660751342901 ], [ -107.516159057617003, 30.9055995941162 ], [ -107.579658508300994, 30.882392883300799 ], [ -107.578056335449006, 30.862981796264801 ], [ -107.592147827147997, 30.857000350952202 ], [ -107.720108032227003, 30.8478107452394 ], [ -107.715789794922003, 30.891040802001999 ], [ -107.723281860352003, 30.939630508422901 ], [ -107.708602905272997, 30.9993801116944 ], [ -107.72322845459, 31.026720046997202 ], [ -107.709930419922003, 31.060340881347699 ], [ -107.709732055664006, 31.1094894409181 ], [ -107.739143371582003, 31.1048603057862 ], [ -107.739601135254006, 31.0983390808107 ], [ -107.971069335937997, 31.0789318084718 ], [ -108.027969360352003, 31.0806102752687 ], [ -108.055892944335994, 31.156190872192401 ], [ -108.105339050292997, 31.201860427856602 ], [ -108.143508911132997, 31.290901184081999 ], [ -108.171836853027003, 31.319089889526399 ], [ -108.209037780762003, 31.341100692749102 ], [ -108.209022521972997, 31.784521102905298 ], [ -106.783317565917997, 31.784137725830099 ], [ -106.773956298827997, 31.742490768432699 ], [ -106.736480712890994, 31.704860687256001 ], [ -106.719970703125, 31.667240142822301 ], [ -106.72248840332, 31.633699417114201 ], [ -106.735122680664006, 31.60311126709 ], [ -106.730651855469006, 31.579210281372099 ], [ -106.750411987305, 31.564439773559702 ], [ -106.751510620117003, 31.553659439086999 ], [ -106.631973266602003, 31.5603923797607 ], [ -106.641899108887003, 31.534309387206999 ], [ -106.639991760254006, 31.513191223144599 ], [ -106.664352416992003, 31.489490509033299 ], [ -106.651756286620994, 31.467830657958999 ], [ -106.635223388672003, 31.458219528198299 ], [ -106.650756835937997, 31.4358005523682 ], [ -106.626190185547003, 31.416011810302798 ], [ -106.732261657715, 31.378820419311499 ], [ -106.788436889647997, 31.368101119995099 ], [ -106.836761474609006, 31.3421611785888 ], [ -106.787979125975994, 31.3066806793213 ], [ -106.780670166015994, 31.261970520019499 ], [ -106.764122009277003, 31.227291107177699 ], [ -106.742492675780994, 31.188390731811602 ], [ -106.683280944824006, 31.1227912902832 ], [ -106.682136535645, 31.110059738159201 ], [ -106.714706420897997, 31.076770782470799 ], [ -106.77758026123, 31.057001113891701 ], [ -106.814842224120994, 31.026809692382901 ], [ -106.85489654541, 31.046840667724702 ], [ -106.943756103515994, 31.121549606323299 ], [ -106.959579467772997, 31.123092651367202 ], [ -106.960006713867003, 31.085239410400401 ], [ -106.937652587890994, 31.003320693969702 ], [ -106.971382141112997, 30.934181213378999 ], [ -106.988761901855, 30.832189559936499 ] ] ] } },
{ "type": "Feature", "properties": { "NAME_1": "Chihuahua", "NAME_2": "Bachíniva" }, "geometry": { "type": "Polygon", "coordinates": [ [ [ -107.215766906737997, 28.679601669311602 ], [ -107.318099975585994, 28.757909774780298 ], [ -107.347122192382997, 28.802970886230501 ], [ -107.351905822754006, 28.843971252441399 ], [ -107.379257202147997, 28.858800888061499 ], [ -107.384902954102003, 28.8855800628663 ], [ -107.37776184082, 28.932550430297901 ], [ -107.381706237792997, 28.958190917968899 ], [ -107.354682922362997, 28.968339920044102 ], [ -107.338821411132997, 28.999080657959102 ], [ -107.362815856934006, 29.0175590515137 ], [ -107.381523132324006, 29.048440933227699 ], [ -107.381858825684006, 29.086450576782202 ], [ -107.341621398925994, 29.1112995147706 ], [ -107.315391540527003, 29.1031303405762 ], [ -107.309867858887003, 29.133609771728501 ], [ -107.267311096190994, 29.1490802764893 ], [ -107.253082275390994, 29.138370513916001 ], [ -107.244430541992003, 29.144580841064499 ], [ -107.200317382812003, 29.075330734252901 ], [ -107.174819946289006, 29.000049591064599 ], [ -107.175262451172003, 28.925359725952099 ], [ -107.14338684082, 28.880130767822301 ], [ -107.154739379882997, 28.823699951171999 ], [ -107.18448638916, 28.789461135864201 ], [ -107.187431335449006, 28.745679855346602 ], [ -107.215766906737997, 28.679601669311602 ] ] ] } },
{ "type": "Feature", "properties": { "NAME_1": "Chihuahua", "NAME_2": "Balleza" }, "geometry": { "type": "Polygon", "coordinates": [ [ [ -106.141799926757997, 26.8395404815675 ], [ -106.172286987305, 26.8201408386232 ], [ -106.17684173584, 26.784009933471701 ], [ -106.187286376952997, 26.768060684204102 ], [ -106.253387451172003, 26.7512607574462 ], [ -106.248970031737997, 26.687210083007901 ], [ -106.27906036377, 26.659940719604599 ], [ -106.310317993164006, 26.548570632934599 ], [ -106.311309814452997, 26.478660583496001 ], [ -106.345176696777003, 26.436019897461001 ], [ -106.339088439940994, 26.419450759887699 ], [ -106.294631958007997, 26.401649475097699 ], [ -106.296241760254006, 26.3613204956056 ], [ -106.317810058594006, 26.335269927978601 ], [ -106.37947845459, 26.315120697021499 ], [ -106.417747497559006, 26.284980773925799 ], [ -106.422576904297003, 26.271289825439499 ], [ -106.414878845215, 26.248081207275401 ], [ -106.422080993652003, 26.2305698394775 ], [ -106.462097167969006, 26.2364902496338 ], [ -106.475646972655994, 26.2316398620606 ], [ -106.477401733397997, 26.215110778808601 ], [ -106.460746765137003, 26.173610687255898 ], [ -106.464111328125, 26.146030426025401 ], [ -106.494537353515994, 26.143909454345799 ], [ -106.524269104004006, 26.158161163330099 ], [ -106.539421081542997, 26.232271194458001 ], [ -106.586418151855, 26.305730819702202 ], [ -106.600196838379006, 26.343910217285199 ], [ -106.617813110352003, 26.356229782104499 ], [ -106.683387756347997, 26.375471115112301 ], [ -106.707862854004006, 26.396640777587901 ], [ -106.743286132812003, 26.3913803100587 ], [ -106.789237976074006, 26.4245510101319 ], [ -106.829559326172003, 26.4680500030518 ], [ -106.855407714844006, 26.4683609008788 ], [ -106.877647399902003, 26.478981018066499 ], [ -106.897499084472997, 26.5028800964356 ], [ -106.892822265625, 26.532859802246101 ], [ -106.917488098144005, 26.569229125976701 ], [ -106.964210510254006, 26.581039428711101 ], [ -106.99796295166, 26.626489639282301 ], [ -107.032836914062003, 26.645410537719702 ], [ -107.045387268065994, 26.663272857666101 ], [ -106.961532592772997, 26.7556896209718 ], [ -106.988548278809006, 26.77693939209 ], [ -107.007339477539006, 26.814060211181602 ], [ -106.984878540039006, 26.919641494751101 ], [ -107.011627197265994, 26.941789627075298 ], [ -107.023216247559006, 26.970119476318398 ], [ -107.013938903809006, 27.014551162719801 ], [ -106.978721618652003, 27.078371047973601 ], [ -106.950736999512003, 27.107152938842798 ], [ -106.901786804199006, 27.131019592285199 ], [ -106.886627197265994, 27.106391906738299 ], [ -106.843955993652003, 27.135612487793001 ], [ -106.813789367675994, 27.131280899047901 ], [ -106.791778564452997, 27.159009933471701 ], [ -106.776229858397997, 27.198972702026499 ], [ -106.650115966797003, 27.195922851562599 ], [ -106.629035949707003, 27.176090240478501 ], [ -106.620635986327997, 27.156110763549801 ], [ -106.636680603027003, 27.113431930541999 ], [ -106.591949462890994, 27.1014404296875 ], [ -106.517166137695, 27.1090202331544 ], [ -106.474487304687003, 27.068059921264702 ], [ -106.445907592772997, 27.054121017456101 ], [ -106.429046630859006, 27.024950027465898 ], [ -106.391799926757997, 27.014839172363299 ], [ -106.380043029785, 26.970529556274499 ], [ -106.369316101074006, 26.960670471191399 ], [ -106.357322692870994, 26.952209472656399 ], [ -106.317756652832003, 26.947191238403299 ], [ -106.307022094727003, 26.897171020507798 ], [ -106.289405822754006, 26.8901805877687 ], [ -106.262100219727003, 26.8934211730957 ], [ -106.21459197998, 26.861209869384801 ], [ -106.174499511719006, 26.8585395812988 ], [ -106.141799926757997, 26.8395404815675 ] ] ] } },
{ "type": "Feature", "properties": { "NAME_1": "Chihuahua", "NAME_2": "Batopilas" }, "geometry": { "type": "Polygon", "coordinates": [ [ [ -107.990013122559006, 26.742591857910298 ], [ -108.00456237793, 26.764640808105501 ], [ -107.987213134765994, 26.839160919189499 ], [ -108.012016296387003, 26.8771705627443 ], [ -108.029716491699006, 26.924259185791101 ], [ -107.994506835937997, 26.990230560302798 ], [ -107.943336486815994, 27.0270404815675 ], [ -107.896240234375, 27.0793895721437 ], [ -107.87850189209, 27.087369918823299 ], [ -107.838989257812003, 27.086950302124102 ], [ -107.792510986327997, 27.105411529541101 ], [ -107.774803161620994, 27.1581325531006 ], [ -107.783508300780994, 27.2003402709962 ], [ -107.746658325195, 27.237840652465799 ], [ -107.739181518555, 27.2552795410157 ], [ -107.755966186522997, 27.302820205688601 ], [ -107.752807617187003, 27.3166599273682 ], [ -107.718147277832003, 27.346340179443398 ], [ -107.643600463867003, 27.359951019287099 ], [ -107.625671386719006, 27.330270767211999 ], [ -107.585609436035, 27.3101596832275 ], [ -107.572326660155994, 27.289648056030298 ], [ -107.587577819824006, 27.205379486083999 ], [ -107.576438903809006, 27.182600021362401 ], [ -107.575836181640994, 27.145019531250099 ], [ -107.49698638916, 27.095729827881001 ], [ -107.488731384277003, 27.078899383545 ], [ -107.46703338623, 27.062160491943501 ], [ -107.466766357422003, 27.052362442016701 ], [ -107.51309967041, 27.019590377807599 ], [ -107.548736572265994, 27.0307006835938 ], [ -107.619079589844006, 26.936359405517599 ], [ -107.67700958252, 26.9103507995607 ], [ -107.686950683594006, 26.871530532836999 ], [ -107.67253112793, 26.8613891601563 ], [ -107.672073364257997, 26.837722778320401 ], [ -107.693733215332003, 26.7925205230713 ], [ -107.718193054199006, 26.802829742431602 ], [ -107.749900817870994, 26.7971210479737 ], [ -107.762802124022997, 26.8082294464112 ], [ -107.800170898437997, 26.812059402465898 ], [ -107.829940795897997, 26.831739425659201 ], [ -107.838600158690994, 26.815122604370099 ], [ -107.831741333007997, 26.781131744384801 ], [ -107.783386230469006, 26.785621643066499 ], [ -107.751922607422003, 26.761470794677699 ], [ -107.783020019530994, 26.743810653686602 ], [ -107.77702331543, 26.7209796905518 ], [ -107.785987854004006, 26.710462570190501 ], [ -107.815979003905994, 26.710149765014801 ], [ -107.831108093262003, 26.702299118042099 ], [ -107.866027832030994, 26.7174301147462 ], [ -107.897186279297003, 26.7134704589844 ], [ -107.908332824707003, 26.7228507995607 ], [ -107.909027099609006, 26.7399005889893 ], [ -107.931312561035, 26.779800415039201 ], [ -107.950782775879006, 26.774700164795 ], [ -107.958312988280994, 26.760868072509801 ], [ -107.990013122559006, 26.742591857910298 ] ] ] } },
{ "type": "Feature", "properties": { "NAME_1": "Chihuahua", "NAME_2": "Bocoyna" }, "geometry": { "type": "Polygon", "coordinates": [ [ [ -107.488342285155994, 28.085081100463899 ], [ -107.478309631347997, 28.061019897460898 ], [ -107.38720703125, 27.993669509887798 ], [ -107.370079040527003, 27.9657211303712 ], [ -107.365753173827997, 27.9345607757569 ], [ -107.335426330565994, 27.936519622802798 ], [ -107.320709228515994, 27.910020828247099 ], [ -107.349403381347997, 27.898420333862401 ], [ -107.311531066894005, 27.879350662231499 ], [ -107.313766479492003, 27.8471298217775 ], [ -107.296531677245994, 27.828460693359499 ], [ -107.318832397460994, 27.804611206054801 ], [ -107.287857055664006, 27.768571853637798 ], [ -107.31859588623, 27.7527980804444 ], [ -107.301986694335994, 27.674560546874901 ], [ -107.318885803222997, 27.662441253662202 ], [ -107.298469543457003, 27.611869812011701 ], [ -107.350166320800994, 27.5807914733888 ], [ -107.410461425780994, 27.585081100463899 ], [ -107.446990966797003, 27.615961074829201 ], [ -107.513229370117003, 27.7015895843507 ], [ -107.549201965332003, 27.714241027831999 ], [ -107.589576721190994, 27.704450607299901 ], [ -107.665145874022997, 27.6526107788087 ], [ -107.692001342772997, 27.6581726074219 ], [ -107.726196289062003, 27.681379318237202 ], [ -107.755111694335994, 27.7423706054688 ], [ -107.764556884765994, 27.784532546997099 ], [ -107.763771057129006, 27.838560104370099 ], [ -107.750831604004006, 27.8763103485107 ], [ -107.772712707519005, 27.901100158691499 ], [ -107.769096374512003, 27.941850662231399 ], [ -107.827880859375, 28.0022201538087 ], [ -107.859252929687997, 28.089990615844801 ], [ -107.902809143065994, 28.125360488891602 ], [ -107.905731201172003, 28.1439094543457 ], [ -107.892723083495994, 28.160280227661101 ], [ -107.904136657715, 28.180461883545 ], [ -107.880416870117003, 28.187339782714901 ], [ -107.841262817382997, 28.172590255737301 ], [ -107.823455810547003, 28.1560592651368 ], [ -107.78003692627, 28.150220870971701 ], [ -107.74592590332, 28.134578704833999 ], [ -107.714965820312003, 28.1455097198487 ], [ -107.646553039550994, 28.132360458374102 ], [ -107.625381469727003, 28.152030944824201 ], [ -107.613876342772997, 28.151330947876001 ], [ -107.571685791015994, 28.127479553222699 ], [ -107.542900085449006, 28.1325092315675 ], [ -107.488342285155994, 28.085081100463899 ] ] ] } },
{ "type": "Feature", "properties": { "NAME_1": "Chihuahua", "NAME_2": "Buenaventura" }, "geometry": { "type": "Polygon", "coordinates": [ [ [ -106.639282226562003, 29.747739791870199 ], [ -106.64338684082, 29.725490570068398 ], [ -106.664772033690994, 29.7173175811768 ], [ -106.670921325684006, 29.679761886596701 ], [ -106.653633117675994, 29.667539596557599 ], [ -106.652732849120994, 29.651130676269599 ], [ -106.593688964844006, 29.597471237182699 ], [ -106.554328918457003, 29.575180053711101 ], [ -106.548049926757997, 29.5595607757568 ], [ -106.707870483397997, 29.5488796234131 ], [ -106.727272033690994, 29.537431716918999 ], [ -106.760528564452997, 29.5370712280275 ], [ -106.780860900879006, 29.522100448608501 ], [ -106.833221435547003, 29.530391693115298 ], [ -106.868843078612997, 29.512771606445401 ], [ -106.912528991699006, 29.509109497070298 ], [ -106.937202453612997, 29.497470855713001 ], [ -106.944061279297003, 29.498020172119201 ], [ -106.950286865234006, 29.5171604156494 ], [ -107.024513244629006, 29.510269165039102 ], [ -107.062377929687997, 29.543399810791101 ], [ -107.174018859862997, 29.537349700927798 ], [ -107.218597412109006, 29.528270721435501 ], [ -107.265701293945, 29.504989624023601 ], [ -107.269142150879006, 29.482339859008899 ], [ -107.281929016112997, 29.470209121704102 ], [ -107.271072387695, 29.501461029052798 ], [ -107.299819946289006, 29.505779266357401 ], [ -107.304237365722997, 29.551540374755898 ], [ -107.287559509277003, 29.617040634155298 ], [ -107.315292358397997, 29.698280334472699 ], [ -107.32691192627, 29.813119888305799 ], [ -107.358543395995994, 29.823749542236399 ], [ -107.35595703125, 29.8467712402344 ], [ -107.340606689452997, 29.868030548095799 ], [ -107.344352722167997, 29.898878097534201 ], [ -107.355895996094006, 29.914340972900401 ], [ -107.387420654297003, 29.91921043396 ], [ -107.418792724609006, 29.9870281219482 ], [ -107.377220153809006, 29.997760772705199 ], [ -107.363739013672003, 30.0669898986818 ], [ -107.329956054687003, 30.106399536132901 ], [ -107.297180175780994, 30.111259460449201 ], [ -107.300399780272997, 30.1520080566407 ], [ -107.285408020019005, 30.187322616577099 ], [ -107.306411743164006, 30.211259841918899 ], [ -107.304206848144005, 30.241371154785199 ], [ -107.322120666504006, 30.2570095062257 ], [ -107.322540283202997, 30.279691696166999 ], [ -107.335792541504006, 30.2925701141357 ], [ -107.316459655762003, 30.316270828247202 ], [ -107.260353088379006, 30.342929840087901 ], [ -107.258522033690994, 30.357040405273601 ], [ -107.276458740234006, 30.3927612304688 ], [ -107.239875793457003, 30.4645195007325 ], [ -107.248840332030994, 30.4836311340332 ], [ -107.279396057129006, 30.509571075439499 ], [ -107.268692016602003, 30.631320953369201 ], [ -107.285247802734006, 30.652000427246101 ], [ -107.282287597655994, 30.673419952392599 ], [ -107.300712585449006, 30.6986808776856 ], [ -107.300247192382997, 30.725379943847699 ], [ -107.311996459960994, 30.760770797729599 ], [ -107.311546325682997, 30.7846794128419 ], [ -107.277549743652003, 30.813051223754901 ], [ -107.218017578125, 30.801580429077301 ], [ -107.191802978515994, 30.828210830688601 ], [ -107.175758361815994, 30.834051132202099 ], [ -107.13102722168, 30.785520553588899 ], [ -107.110038757324006, 30.773920059204102 ], [ -107.091117858887003, 30.812919616699201 ], [ -107.078689575195, 30.8224296569825 ], [ -107.025131225585994, 30.807380676269499 ], [ -106.988761901855, 30.832189559936499 ], [ -106.957359313965, 30.8018608093262 ], [ -106.94548034668, 30.767280578613398 ], [ -106.947647094727003, 30.7452106475831 ], [ -106.98282623291, 30.730230331421001 ], [ -107.001457214355, 30.699510574340799 ], [ -106.998580932617003, 30.639490127563501 ], [ -107.0048828125, 30.626310348510899 ], [ -106.999313354492003, 30.601049423217798 ], [ -107.017318725585994, 30.589822769165 ], [ -107.021057128905994, 30.560529708862202 ], [ -107.004241943359006, 30.532831192016602 ], [ -107.012542724609006, 30.520530700683601 ], [ -107.010269165039006, 30.496360778808601 ], [ -107.023826599120994, 30.486520767211999 ], [ -107.022132873535, 30.449661254882901 ], [ -107.038528442382997, 30.409549713134901 ], [ -107.0400390625, 30.3843803405763 ], [ -106.975601196289006, 30.394189834594801 ], [ -106.922058105469006, 30.361930847168001 ], [ -106.889228820800994, 30.382621765136701 ], [ -106.843521118164006, 30.357152938842901 ], [ -106.815330505370994, 30.324550628662099 ], [ -106.743621826172003, 30.286211013793899 ], [ -106.728317260742003, 30.254360198974599 ], [ -106.697937011719006, 30.257909774780298 ], [ -106.685729980469006, 30.190780639648398 ], [ -106.714416503905994, 30.158889770507798 ], [ -106.731796264647997, 30.124101638793999 ], [ -106.729469299315994, 30.053068161010799 ], [ -106.7392578125, 30.031709671020501 ], [ -106.737609863280994, 29.976770401001101 ], [ -106.720741271972997, 29.952051162719702 ], [ -106.651641845702997, 29.9173812866212 ], [ -106.623802185059006, 29.8590812683106 ], [ -106.626892089844006, 29.784660339355401 ], [ -106.637382507324006, 29.781049728393601 ], [ -106.648536682129006, 29.788520812988299 ], [ -106.675849914550994, 29.773572921752901 ], [ -106.644950866699006, 29.7606105804443 ], [ -106.639282226562003, 29.747739791870199 ] ] ] } },
{ "type": "Feature", "properties": { "NAME_1": "Chihuahua", "NAME_2": "Camargo" }, "geometry": { "type": "Polygon", "coordinates": [ [ [ -105.403076171875, 27.4676609039306 ], [ -105.385032653807997, 27.5313396453857 ], [ -105.353721618652003, 27.557638168335 ], [ -105.346153259277003, 27.576400756835898 ], [ -105.376930236815994, 27.6190204620362 ], [ -105.382301330565994, 27.652549743652401 ], [ -105.404899597167997, 27.677680969238299 ], [ -105.403587341309006, 27.6974411010743 ], [ -105.39045715332, 27.717390060424901 ], [ -105.391471862792997, 27.730030059814499 ], [ -105.410491943359006, 27.7391891479493 ], [ -105.401191711425994, 27.7717800140382 ], [ -105.266212463379006, 27.857450485229499 ], [ -105.251083374022997, 27.814479827880898 ], [ -105.217628479004006, 27.790002822875898 ], [ -105.206809997559006, 27.7925205230713 ], [ -105.192596435547003, 27.811769485473601 ], [ -105.157081604004006, 27.803150177001999 ], [ -105.127693176269005, 27.825941085815501 ], [ -105.115516662597997, 27.817979812622099 ], [ -105.110366821289006, 27.7901611328125 ], [ -105.086433410644005, 27.7806911468506 ], [ -105.032623291015994, 27.807001113891602 ], [ -104.984657287597997, 27.8178215026856 ], [ -104.981475830077997, 27.8261108398438 ], [ -104.994445800780994, 27.834980010986399 ], [ -104.987586975097997, 27.845848083496001 ], [ -104.955848693847997, 27.838039398193398 ], [ -104.943046569824006, 27.8437805175781 ], [ -104.934051513672003, 27.861549377441399 ], [ -104.880638122559006, 27.8585395812988 ], [ -104.850448608397997, 27.874629974365298 ], [ -104.852752685547003, 27.8892307281494 ], [ -104.886741638184006, 27.913639068603601 ], [ -104.890579223632997, 27.95804977417 ], [ -104.923530578612997, 27.975521087646499 ], [ -104.908805847167997, 28.0018405914307 ], [ -104.911827087402003, 28.014970779418999 ], [ -104.942100524902003, 28.045740127563601 ], [ -104.902946472167997, 28.093379974365199 ], [ -104.947021484375, 28.096269607544102 ], [ -105.006126403809006, 28.125200271606499 ], [ -105.066886901855, 28.1944503784181 ], [ -105.074836730957003, 28.218240737915 ], [ -104.978622436522997, 28.252531051635799 ], [ -104.899429321289006, 28.269729614257901 ], [ -104.88697052002, 28.281490325927798 ], [ -104.851280212402003, 28.282590866088899 ], [ -104.819038391112997, 28.253751754760899 ], [ -104.744300842285, 28.2470397949219 ], [ -104.71549987793, 28.2771911621094 ], [ -104.720008850097997, 28.302431106567401 ], [ -104.702857971190994, 28.339149475097699 ], [ -104.681526184082003, 28.329980850219702 ], [ -104.661743164062003, 28.3353805541993 ], [ -104.664703369140994, 28.3901176452637 ], [ -104.646347045897997, 28.4176216125488 ], [ -104.659103393555, 28.4735412597657 ], [ -104.650856018065994, 28.5111999511719 ], [ -104.666175842285, 28.520900726318501 ], [ -104.669319152832003, 28.535230636596701 ], [ -104.67488861084, 28.612119674682699 ], [ -104.665283203125, 28.626480102539201 ], [ -104.68815612793, 28.630800247192401 ], [ -104.693870544434006, 28.640729904174901 ], [ -104.678016662597997, 28.648820877075298 ], [ -104.678268432617003, 28.660680770873999 ], [ -104.665283203125, 28.668260574340898 ], [ -104.668846130370994, 28.724950790405298 ], [ -104.661247253417997, 28.745611190796001 ], [ -104.664337158202997, 28.7553405761719 ], [ -104.682983398437997, 28.7658596038819 ], [ -104.677642822265994, 28.800310134887798 ], [ -104.645210266112997, 28.800558090210099 ], [ -104.580322265625, 28.7807712554932 ], [ -104.561042785644005, 28.785039901733398 ], [ -104.53385925293, 28.726190567016602 ], [ -104.479362487792997, 28.717220306396399 ], [ -104.451179504394005, 28.687110900878999 ], [ -104.411743164062003, 28.676069259643501 ], [ -104.402626037597997, 28.6563510894775 ], [ -104.386390686035, 28.647701263427798 ], [ -104.316307067870994, 28.64621925354 ], [ -104.27294921875, 28.61967086792 ], [ -104.206672668457003, 28.628202438354499 ], [ -104.182678222655994, 28.6617126464844 ], [ -104.174263000487997, 28.746910095214801 ], [ -104.156341552734006, 28.740760803222798 ], [ -104.14998626709, 28.746881484985501 ], [ -104.164039611815994, 28.7712097167969 ], [ -104.116996765137003, 28.774040222168001 ], [ -104.096961975097997, 28.782751083373999 ], [ -104.052673339844006, 28.714771270751999 ], [ -103.987297058105, 28.667039871215799 ], [ -103.945121765137003, 28.6525783538819 ], [ -103.876892089844006, 28.643770217895501 ], [ -103.864372253417997, 28.648780822753999 ], [ -103.8447265625, 28.684810638427699 ], [ -103.811157226562003, 28.671800613403299 ], [ -103.803680419922003, 28.651990890503001 ], [ -103.806365966797003, 28.628780364990199 ], [ -103.781631469727003, 28.6277675628663 ], [ -103.769226074219006, 28.603809356689499 ], [ -103.703666687012003, 28.596469879150501 ], [ -103.665061950684006, 28.583150863647599 ], [ -103.685157775879006, 28.570619583129901 ], [ -103.703269958495994, 28.530460357666101 ], [ -103.796867370605, 28.406179428100501 ], [ -103.763397216797003, 28.341579437255898 ], [ -103.796829223632997, 28.308349609375099 ], [ -103.81453704834, 28.250761032104499 ], [ -103.875129699707003, 28.146640777587901 ], [ -103.886856079102003, 28.097530364990199 ], [ -103.907112121582003, 28.058771133422901 ], [ -103.931076049805, 28.045259475708001 ], [ -104.002006530762003, 28.0706100463868 ], [ -104.002372741699006, 28.0152702331544 ], [ -103.95726776123, 28.009019851684599 ], [ -103.936851501465, 27.9658603668212 ], [ -103.958351135254006, 27.936510086059599 ], [ -104.027389526367003, 27.926929473876999 ], [ -104.024719238280994, 27.905351638794102 ], [ -103.995216369629006, 27.866321563720799 ], [ -103.999557495117003, 27.8461303710938 ], [ -104.02465057373, 27.822280883789102 ], [ -103.993606567382997, 27.7890090942382 ], [ -103.987899780272997, 27.763788223266701 ], [ -104.031303405762003, 27.722610473632901 ], [ -104.07315826416, 27.757061004638601 ], [ -104.107887268065994, 27.7570991516113 ], [ -104.1416015625, 27.729120254516701 ], [ -104.169090270995994, 27.7280082702638 ], [ -104.185668945312003, 27.702079772949201 ], [ -104.244247436522997, 27.70285987854 ], [ -104.265007019042997, 27.674640655517699 ], [ -104.290542602539006, 27.661817550659201 ], [ -104.326820373535, 27.6648902893068 ], [ -104.3720703125, 27.599018096923899 ], [ -104.459579467772997, 27.562931060791001 ], [ -104.513847351074006, 27.557359695434599 ], [ -104.559303283690994, 27.529447555541999 ], [ -104.662651062012003, 27.49395942688 ], [ -104.729637145995994, 27.487249374389599 ], [ -104.776268005370994, 27.509580612182599 ], [ -104.853813171387003, 27.5324306488037 ], [ -104.929077148437003, 27.506122589111399 ], [ -104.954437255859006, 27.547782897949201 ], [ -104.965980529785, 27.549129486084102 ], [ -104.973167419434006, 27.532760620117202 ], [ -105.015899658202997, 27.503931045532202 ], [ -105.031433105469006, 27.4839401245118 ], [ -105.058876037597997, 27.4948005676269 ], [ -105.076866149902003, 27.489389419555799 ], [ -105.081756591797003, 27.465959548950199 ], [ -105.068656921387003, 27.420049667358501 ], [ -105.072891235350994, 27.413560867309599 ], [ -105.127349853515994, 27.455398559570401 ], [ -105.134307861327997, 27.431930541992301 ], [ -105.142402648925994, 27.428100585937599 ], [ -105.232780456542997, 27.43217086792 ], [ -105.26114654541, 27.425422668457099 ], [ -105.315505981445, 27.449010848999102 ], [ -105.335845947265994, 27.438770294189499 ], [ -105.358406066894005, 27.4103908538818 ], [ -105.374488830565994, 27.431819915771602 ], [ -105.391616821289006, 27.4369411468506 ], [ -105.395347595215, 27.4656505584718 ], [ -105.403076171875, 27.4676609039306 ] ] ] } },
{ "type": "Feature", "properties": { "NAME_1": "Chihuahua", "NAME_2": "Carichic" }, "geometry": { "type": "Polygon", "coordinates": [ [ [ -107.488342285155994, 28.085081100463899 ], [ -107.478042602539006, 28.095840454101701 ], [ -107.443786621094006, 28.071792602539102 ], [ -107.401191711425994, 28.060340881347699 ], [ -107.364967346190994, 28.062892913818398 ], [ -107.352516174315994, 28.048919677734499 ], [ -107.35124206543, 28.033330917358398 ], [ -107.335395812987997, 28.0260105133057 ], [ -107.307777404785, 28.047660827636701 ], [ -107.266731262207003, 28.049240112304702 ], [ -107.187156677245994, 28.152481079101602 ], [ -107.158515930175994, 28.137702941894499 ], [ -107.134056091309006, 28.150489807128899 ], [ -107.12255859375, 28.106620788574201 ], [ -107.099319458007997, 28.1143608093262 ], [ -107.07763671875, 28.090560913085898 ], [ -107.029388427734006, 28.106542587280298 ], [ -106.99600982666, 28.091171264648398 ], [ -106.974426269530994, 28.065301895141602 ], [ -106.991676330565994, 28.044889450073399 ], [ -106.992317199707003, 28.029361724853601 ], [ -106.970352172852003, 27.9781608581543 ], [ -106.979606628417997, 27.936670303344801 ], [ -106.966262817382997, 27.875049591064499 ], [ -106.941970825195, 27.8654403686525 ], [ -106.906929016112997, 27.782730102539102 ], [ -106.882308959960994, 27.776760101318398 ], [ -106.87931060791, 27.738460540771499 ], [ -106.85668182373, 27.688390731811602 ], [ -106.793556213379006, 27.641849517822202 ], [ -106.807876586914006, 27.639181137085099 ], [ -106.882789611815994, 27.5587482452393 ], [ -106.917327880859006, 27.5673007965088 ], [ -106.948226928710994, 27.538681030273501 ], [ -106.997451782227003, 27.564960479736399 ], [ -107.028846740722997, 27.5089206695557 ], [ -107.03205871582, 27.484912872314499 ], [ -107.052146911620994, 27.467189788818398 ], [ -107.082588195800994, 27.494470596313501 ], [ -107.123146057129006, 27.514490127563501 ], [ -107.146339416504006, 27.553319931030298 ], [ -107.171043395995994, 27.568841934204201 ], [ -107.16748046875, 27.631660461425799 ], [ -107.208992004394005, 27.6347980499268 ], [ -107.226821899414006, 27.608930587768601 ], [ -107.256607055664006, 27.630109786987301 ], [ -107.298469543457003, 27.611869812011701 ], [ -107.318885803222997, 27.662441253662202 ], [ -107.301986694335994, 27.674560546874901 ], [ -107.31859588623, 27.7527980804444 ], [ -107.287857055664006, 27.768571853637798 ], [ -107.318832397460994, 27.804611206054801 ], [ -107.295722961425994, 27.824590682983501 ], [ -107.313766479492003, 27.8471298217775 ], [ -107.311531066894005, 27.879350662231499 ], [ -107.349403381347997, 27.898420333862401 ], [ -107.320457458495994, 27.912542343139801 ], [ -107.338890075684006, 27.939889907836999 ], [ -107.356796264647997, 27.930669784545799 ], [ -107.365753173827997, 27.9345607757569 ], [ -107.370079040527003, 27.9657211303712 ], [ -107.38720703125, 27.993669509887798 ], [ -107.478309631347997, 28.061019897460898 ], [ -107.488342285155994, 28.085081100463899 ] ] ] } },
{ "type": "Feature", "properties": { "NAME_1": "Chihuahua", "NAME_2": "Casas Grandes" }, "geometry": { "type": "Polygon", "coordinates": [ [ [ -108.543518066405994, 29.906101226806602 ], [ -108.538459777832003, 30.010280609130898 ], [ -108.485107421875, 30.109371185302798 ], [ -108.48095703125, 30.130672454833999 ], [ -108.484992980957003, 30.147970199584901 ], [ -108.542846679687997, 30.194240570068501 ], [ -108.552932739257997, 30.212619781494102 ], [ -108.549102783202997, 30.228548049926701 ], [ -108.515296936035, 30.246770858764599 ], [ -108.502426147460994, 30.277601242065501 ], [ -108.523902893065994, 30.385370254516602 ], [ -108.543846130370994, 30.41921043396 ], [ -108.485206604004006, 30.422910690307699 ], [ -108.442855834960994, 30.412990570068501 ], [ -108.414810180664006, 30.423120498657202 ], [ -108.360862731934006, 30.408430099487401 ], [ -108.345916748047003, 30.417011260986399 ], [ -108.340850830077997, 30.433660507202301 ], [ -108.321006774902003, 30.438219070434599 ], [ -108.279777526855, 30.409469604492301 ], [ -108.248802185059006, 30.411590576171999 ], [ -108.214561462402003, 30.399980545044102 ], [ -108.141082763672003, 30.3938007354737 ], [ -108.144065856934006, 30.412910461425898 ], [ -108.136978149414006, 30.424711227417099 ], [ -108.151626586914006, 30.4469604492188 ], [ -108.135627746582003, 30.473079681396602 ], [ -108.172805786132997, 30.507881164550898 ], [ -108.149940490722997, 30.559020996093899 ], [ -108.121879577637003, 30.5624809265137 ], [ -108.07829284668, 30.616489410400401 ], [ -108.03092956543, 30.627069473266701 ], [ -108.024757385254006, 30.6344699859619 ], [ -108.035957336425994, 30.658702850341701 ], [ -108.030288696289006, 30.670049667358398 ], [ -107.983871459960994, 30.6767597198487 ], [ -107.829147338867003, 30.7868881225587 ], [ -107.721992492675994, 30.840150833129901 ], [ -107.731536865234006, 30.766401290893601 ], [ -107.744880676269005, 30.7363605499268 ], [ -107.738418579102003, 30.675849914550799 ], [ -107.725082397460994, 30.656311035156399 ], [ -107.724609375, 30.607559204101602 ], [ -107.710121154785, 30.5447807312013 ], [ -107.720138549805, 30.4250392913819 ], [ -107.700721740722997, 30.377399444580099 ], [ -107.723426818847997, 30.355381011963001 ], [ -107.718353271484006, 30.268051147460898 ], [ -107.744087219237997, 30.223260879516602 ], [ -107.73713684082, 30.197071075439599 ], [ -107.744155883789006, 30.178728103637798 ], [ -107.736457824707003, 30.1578598022462 ], [ -107.746948242187997, 30.126039505004901 ], [ -107.713493347167997, 30.073379516601701 ], [ -107.716957092285, 30.056880950927798 ], [ -107.749221801757997, 30.043119430541999 ], [ -107.777610778807997, 30.045642852783299 ], [ -107.78978729248, 30.0578002929687 ], [ -107.799858093262003, 30.057479858398398 ], [ -107.765518188477003, 29.993360519409201 ], [ -107.77197265625, 29.927080154418999 ], [ -107.785148620605, 29.8938007354737 ], [ -107.79670715332, 29.818830490112401 ], [ -107.936126708984006, 29.793870925903299 ], [ -107.946586608887003, 29.775390625000099 ], [ -107.950820922852003, 29.728942871093899 ], [ -107.999656677245994, 29.735242843627901 ], [ -108.025115966797003, 29.748899459838999 ], [ -108.037841796875, 29.748140335083001 ], [ -108.048431396484006, 29.733161926269499 ], [ -108.067543029785, 29.755720138549901 ], [ -108.118186950684006, 29.882820129394599 ], [ -108.160179138184006, 29.9086093902588 ], [ -108.203651428222997, 29.985570907592798 ], [ -108.2216796875, 30.0017108917237 ], [ -108.236236572265994, 29.9793300628663 ], [ -108.269691467285, 29.989240646362401 ], [ -108.295768737792997, 29.986679077148398 ], [ -108.329109191894005, 29.967300415039102 ], [ -108.359901428222997, 29.967479705810501 ], [ -108.484230041504006, 29.91974067688 ], [ -108.543518066405994, 29.906101226806602 ] ] ] } },
{ "type": "Feature", "properties": { "NAME_1": "Chihuahua", "NAME_2": "Chihuahua" }, "geometry": { "type": "Polygon", "coordinates": [ [ [ -105.813652038574006, 28.446172714233501 ], [ -105.813888549805, 28.422269821166999 ], [ -105.849922180175994, 28.408941268921001 ], [ -105.855850219727003, 28.369260787963899 ], [ -105.867492675780994, 28.354240417480501 ], [ -105.879669189452997, 28.3479499816894 ], [ -105.929710388184006, 28.351488113403398 ], [ -105.95662689209, 28.322959899902401 ], [ -106.049186706542997, 28.3005695343019 ], [ -106.103736877440994, 28.228700637817301 ], [ -106.135887145995994, 28.219352722168001 ], [ -106.140480041504006, 28.1934299468994 ], [ -106.172515869140994, 28.1527519226075 ], [ -106.226638793945, 28.120010375976602 ], [ -106.258293151855, 28.1095199584962 ], [ -106.284851074219006, 28.119199752807699 ], [ -106.313400268555, 28.114072799682699 ], [ -106.34203338623, 28.126220703124901 ], [ -106.364166259765994, 28.1462211608887 ], [ -106.397926330565994, 28.148948669433601 ], [ -106.389358520507997, 28.164119720458999 ], [ -106.364570617675994, 28.175170898437599 ], [ -106.365097045897997, 28.2273902893068 ], [ -106.338272094727003, 28.2339096069337 ], [ -106.315643310547003, 28.275260925293001 ], [ -106.321105957030994, 28.309391021728601 ], [ -106.291572570800994, 28.342170715331999 ], [ -106.321571350097997, 28.3590908050537 ], [ -106.332481384277003, 28.417089462280298 ], [ -106.394966125487997, 28.444129943847798 ], [ -106.388778686522997, 28.5176906585694 ], [ -106.396476745605, 28.5588703155518 ], [ -106.37419128418, 28.5848197937013 ], [ -106.370483398437997, 28.602491378784201 ], [ -106.433860778809006, 28.647630691528398 ], [ -106.488906860350994, 28.740230560302798 ], [ -106.486183166504006, 28.782079696655401 ], [ -106.560096740722997, 28.869630813598601 ], [ -106.571571350097997, 28.872779846191399 ], [ -106.595275878905994, 28.8631610870362 ], [ -106.601081848145, 28.868761062622202 ], [ -106.59969329834, 28.889530181884801 ], [ -106.580986022949006, 28.918819427490199 ], [ -106.614990234375, 28.954610824585 ], [ -106.610801696777003, 28.979160308837901 ], [ -106.631858825684006, 29.0393600463868 ], [ -106.617492675780994, 29.042011260986399 ], [ -106.617576599120994, 29.068798065185501 ], [ -106.606346130370994, 29.092140197753899 ], [ -106.573539733887003, 29.114580154418999 ], [ -106.583518981934006, 29.144840240478501 ], [ -106.576736450195, 29.175239562988398 ], [ -106.580612182617003, 29.2102794647218 ], [ -106.565757751465, 29.232982635498001 ], [ -106.601867675780994, 29.252599716186602 ], [ -106.611106872559006, 29.2676696777344 ], [ -106.634048461914006, 29.3377609252931 ], [ -106.636993408202997, 29.433019638061602 ], [ -106.610069274902003, 29.4959411621094 ], [ -106.547515869140994, 29.5641899108887 ], [ -106.652732849120994, 29.651130676269599 ], [ -106.653633117675994, 29.667539596557599 ], [ -106.670921325684006, 29.679761886596701 ], [ -106.664772033690994, 29.7173175811768 ], [ -106.64338684082, 29.725490570068398 ], [ -106.639282226562003, 29.747739791870199 ], [ -106.585151672362997, 29.748720169067401 ], [ -106.574630737305, 29.731769561767599 ], [ -106.559951782227003, 29.7305812835694 ], [ -106.50309753418, 29.7516098022462 ], [ -106.388175964355, 29.747869491577099 ], [ -106.217216491699006, 29.788040161132901 ], [ -106.150177001952997, 29.7586898803712 ], [ -106.120826721190994, 29.737329483032301 ], [ -106.035346984862997, 29.719490051269499 ], [ -106.017219543457003, 29.727830886840898 ], [ -105.937950134277003, 29.6981296539307 ], [ -105.933380126952997, 29.677860260009801 ], [ -105.951286315917997, 29.6644802093506 ], [ -105.95630645752, 29.64035987854 ], [ -105.995956420897997, 29.625850677490298 ], [ -106.01838684082, 29.638469696044901 ], [ -106.028762817382997, 29.630250930786101 ], [ -106.031448364257997, 29.553699493408299 ], [ -106.041229248047003, 29.507930755615298 ], [ -106.071395874022997, 29.4681205749513 ], [ -106.069190979004006, 29.442279815673899 ], [ -106.083671569824006, 29.438060760498001 ], [ -106.114616394042997, 29.4474697113038 ], [ -106.105003356934006, 29.408718109130898 ], [ -106.080093383789006, 29.378370285034201 ], [ -106.090522766112997, 29.3584308624268 ], [ -106.092491149902003, 29.3189926147462 ], [ -106.073547363280994, 29.277330398559702 ], [ -106.108650207519005, 29.227228164672901 ], [ -106.15518951416, 29.217121124267699 ], [ -106.184158325195, 29.145120620727699 ], [ -106.198402404785, 29.137649536132901 ], [ -106.206901550292997, 29.142930984497099 ], [ -106.223747253417997, 29.126670837402301 ], [ -106.202522277832003, 29.0765895843507 ], [ -106.213417053222997, 29.064149856567401 ], [ -106.229621887207003, 29.079990386962798 ], [ -106.23558807373, 29.0736408233644 ], [ -106.233772277832003, 29.009059906005898 ], [ -106.224533081055, 28.993270874023601 ], [ -106.179466247559006, 28.9681396484375 ], [ -106.181350708007997, 28.950210571289102 ], [ -106.153182983397997, 28.9016609191894 ], [ -106.142402648925994, 28.839479446411101 ], [ -106.104843139647997, 28.791080474853501 ], [ -106.088676452637003, 28.780950546264801 ], [ -106.080116271972997, 28.756069183349702 ], [ -106.072158813477003, 28.7541198730468 ], [ -106.048828125, 28.772409439086999 ], [ -106.036109924315994, 28.751541137695401 ], [ -106.018577575684006, 28.7530307769775 ], [ -106.014091491699006, 28.7311000823975 ], [ -105.98900604248, 28.741569519043001 ], [ -105.972785949707003, 28.739610671997099 ], [ -106.033706665039006, 28.656112670898398 ], [ -106.029747009277003, 28.632841110229499 ], [ -106.04564666748, 28.605171203613299 ], [ -106.027320861815994, 28.605409622192401 ], [ -106.032051086425994, 28.592599868774499 ], [ -105.981407165527003, 28.539260864257901 ], [ -105.963966369629006, 28.498060226440501 ], [ -105.928886413574006, 28.488357543945401 ], [ -105.871231079102003, 28.4537029266357 ], [ -105.813652038574006, 28.446172714233501 ] ] ] } },
{ "type": "Feature", "properties": { "NAME_1": "Chihuahua", "NAME_2": "Chínipas" }, "geometry": { "type": "Polygon", "coordinates": [ [ [ -108.46533203125, 27.024560928344801 ], [ -108.502555847167997, 27.0301303863525 ], [ -108.60383605957, 27.07550239563 ], [ -108.62629699707, 27.095760345459102 ], [ -108.625022888184006, 27.1043510437013 ], [ -108.603149414062003, 27.109582901001001 ], [ -108.590270996094006, 27.129962921142599 ], [ -108.611122131347997, 27.198118209838899 ], [ -108.612396240234006, 27.2363605499268 ], [ -108.58309173584, 27.289882659912202 ], [ -108.561813354492003, 27.356002807617301 ], [ -108.557647705077997, 27.4003391265869 ], [ -108.62377166748, 27.5536193847657 ], [ -108.66690826416, 27.613002777099702 ], [ -108.680206298827997, 27.6645011901857 ], [ -108.58519744873, 27.705989837646499 ], [ -108.562126159667997, 27.7422103881837 ], [ -108.554946899414006, 27.780950546264599 ], [ -108.525978088379006, 27.7865009307862 ], [ -108.516662597655994, 27.827207565307699 ], [ -108.417289733887003, 27.806909561157301 ], [ -108.414947509765994, 27.788640975952099 ], [ -108.397636413574006, 27.763410568237301 ], [ -108.345596313477003, 27.745010375976602 ], [ -108.326438903809006, 27.695188522338899 ], [ -108.329330444335994, 27.676902770996101 ], [ -108.317543029785, 27.660999298095799 ], [ -108.320121765137003, 27.617469787597699 ], [ -108.402572631835994, 27.524879455566399 ], [ -108.400459289550994, 27.4993629455568 ], [ -108.4111328125, 27.4568805694581 ], [ -108.371620178222997, 27.441410064697301 ], [ -108.363891601562003, 27.3938598632812 ], [ -108.332992553710994, 27.387861251831101 ], [ -108.332160949707003, 27.363521575927798 ], [ -108.316680908202997, 27.349058151245199 ], [ -108.314567565917997, 27.3237705230713 ], [ -108.338623046875, 27.261350631713999 ], [ -108.381866455077997, 27.237670898437599 ], [ -108.441772460937997, 27.226089477539201 ], [ -108.474647521972997, 27.183650970459102 ], [ -108.483871459960994, 27.136350631713899 ], [ -108.46533203125, 27.024560928344801 ] ] ] } },
{ "type": "Feature", "properties": { "NAME_1": "Chihuahua", "NAME_2": "Coronado" }, "geometry": { "type": "Polygon", "coordinates": [ [ [ -104.903800964355, 26.7104301452637 ], [ -104.928749084472997, 26.655170440673899 ], [ -104.907707214355, 26.614601135253999 ], [ -104.968086242675994, 26.575790405273398 ], [ -104.99919128418, 26.5265102386475 ], [ -105.040481567382997, 26.518970489502099 ], [ -105.061126708984006, 26.5248107910156 ], [ -105.13355255127, 26.520809173583999 ], [ -105.161270141602003, 26.531490325927798 ], [ -105.190567016602003, 26.5554294586182 ], [ -105.208442687987997, 26.558300018310501 ], [ -105.214241027832003, 26.552192687988299 ], [ -105.212852478027003, 26.518011093139702 ], [ -105.276496887207003, 26.49294090271 ], [ -105.306701660155994, 26.467109680175799 ], [ -105.320251464844006, 26.468770980835 ], [ -105.336563110352003, 26.488439559936602 ], [ -105.398620605469006, 26.452959060668899 ], [ -105.414916992187997, 26.4764308929444 ], [ -105.436096191405994, 26.4769096374512 ], [ -105.466377258300994, 26.492099761962798 ], [ -105.525848388672003, 26.4835300445557 ], [ -105.541175842285, 26.497180938720799 ], [ -105.565643310547003, 26.548009872436602 ], [ -105.596786499022997, 26.553380966186499 ], [ -105.606597900390994, 26.575639724731399 ], [ -105.581932067870994, 26.5878429412843 ], [ -105.580223083495994, 26.602090835571399 ], [ -105.592826843262003, 26.629100799560501 ], [ -105.56273651123, 26.665250778198299 ], [ -105.563735961914006, 26.6911296844482 ], [ -105.505867004395, 26.693250656127901 ], [ -105.497222900390994, 26.7032794952393 ], [ -105.512847900390994, 26.738710403442401 ], [ -105.511459350585994, 26.8196201324463 ], [ -105.394737243652003, 26.875911712646499 ], [ -105.328475952147997, 26.898830413818398 ], [ -105.351608276367003, 26.962490081787099 ], [ -105.312446594237997, 26.943380355835099 ], [ -105.293769836425994, 26.922929763793899 ], [ -105.274223327637003, 26.9334201812744 ], [ -105.235176086425994, 26.927141189575199 ], [ -105.24299621582, 26.822771072387798 ], [ -105.227561950684006, 26.7989311218262 ], [ -105.188339233397997, 26.774061203002901 ], [ -105.172996520995994, 26.735450744628899 ], [ -105.160507202147997, 26.7344703674318 ], [ -105.13159942627, 26.757261276245199 ], [ -105.09398651123, 26.7540702819825 ], [ -105.072982788085994, 26.768070220947401 ], [ -105.014610290527003, 26.7239303588868 ], [ -104.903800964355, 26.7104301452637 ] ] ] } },
{ "type": "Feature", "properties": { "NAME_1": "Chihuahua", "NAME_2": "Coyame del Sotol" }, "geometry": { "type": "Polygon", "coordinates": [ [ [ -105.698806762695, 29.649721145629901 ], [ -105.71923828125, 29.663681030273601 ], [ -105.734657287597997, 29.6939296722413 ], [ -105.741142272949006, 29.751041412353501 ], [ -105.79808807373, 29.766361236572301 ], [ -105.804428100585994, 29.795230865478601 ], [ -105.837036132812003, 29.799879074096602 ], [ -105.850959777832003, 29.814250946045 ], [ -105.837799072265994, 29.866340637206999 ], [ -105.845657348632997, 29.90505027771 ], [ -105.842826843262003, 29.964721679687401 ], [ -105.849502563477003, 29.979698181152401 ], [ -105.862686157227003, 29.9868183135987 ], [ -105.85173034668, 30.0082397460938 ], [ -105.922546386719006, 30.048620223998999 ], [ -105.951690673827997, 30.084619522094801 ], [ -105.860038757324006, 30.152769088745099 ], [ -105.753112792969006, 30.187240600586001 ], [ -105.741119384765994, 30.203599929809599 ], [ -105.718276977539006, 30.2045783996582 ], [ -105.654342651367003, 30.232099533081101 ], [ -105.65210723877, 30.280660629272599 ], [ -105.60489654541, 30.262371063232401 ], [ -105.586708068847997, 30.2782306671143 ], [ -105.535346984862997, 30.270959854126001 ], [ -105.529235839844006, 30.2783908843994 ], [ -105.533142089844006, 30.302770614624102 ], [ -105.517700195312003, 30.312091827392699 ], [ -105.476921081542997, 30.287719726562599 ], [ -105.450927734375, 30.291589736938501 ], [ -105.44229888916, 30.2818698883057 ], [ -105.397720336914006, 30.310960769653299 ], [ -105.344093322754006, 30.311620712280199 ], [ -105.325416564940994, 30.329860687256001 ], [ -105.299377441405994, 30.322019577026399 ], [ -105.296463012695, 30.296230316162202 ], [ -105.270729064940994, 30.295169830322202 ], [ -105.260887145995994, 30.299770355224599 ], [ -105.246757507324006, 30.3343811035156 ], [ -105.219535827637003, 30.3601398468019 ], [ -105.205322265625, 30.409490585327099 ], [ -105.161849975585994, 30.426170349121101 ], [ -105.114112854004006, 30.4945697784425 ], [ -105.070556640625, 30.489450454711999 ], [ -105.043708801269005, 30.502029418945298 ], [ -105.018287658690994, 30.486610412597699 ], [ -105.014877319335994, 30.458259582519599 ], [ -104.974983215332003, 30.393980026245199 ], [ -104.98104095459, 30.373741149902401 ], [ -104.977981567382997, 30.288740158081101 ], [ -104.959587097167997, 30.248029708862401 ], [ -104.955223083495994, 30.1910305023194 ], [ -104.946441650390994, 30.1868705749512 ], [ -104.919639587402003, 30.2012119293213 ], [ -104.893775939940994, 30.184400558471602 ], [ -104.906326293945, 30.1591300964357 ], [ -104.8984375, 30.123409271240298 ], [ -104.908912658690994, 30.110500335693501 ], [ -104.905487060547003, 30.089189529418899 ], [ -104.932571411132997, 30.0659904479981 ], [ -104.924507141112997, 30.0459899902344 ], [ -104.947280883789006, 30.0042629241944 ], [ -104.908157348632997, 30.010820388793999 ], [ -104.902732849120994, 30.0016708374025 ], [ -104.928337097167997, 29.966690063476602 ], [ -104.933906555175994, 29.945011138916001 ], [ -104.965660095215, 29.9374504089356 ], [ -104.944671630859006, 29.915149688720799 ], [ -104.955009460449006, 29.897109985351602 ], [ -104.933403015137003, 29.884830474853601 ], [ -104.957771301269005, 29.879188537597699 ], [ -104.960266113280994, 29.8524703979493 ], [ -104.981498718262003, 29.835340499878001 ], [ -104.957466125487997, 29.793350219726602 ], [ -104.957283020019005, 29.7817783355713 ], [ -104.969902038574006, 29.767520904541101 ], [ -104.965553283690994, 29.709299087524499 ], [ -104.934127807617003, 29.683040618896602 ], [ -104.900833129882997, 29.667699813842699 ], [ -104.833122253417997, 29.603469848632798 ], [ -104.809936523437003, 29.555089950561602 ], [ -104.7734375, 29.420780181884901 ], [ -104.710243225097997, 29.343381881713899 ], [ -104.666679382324006, 29.306940078735401 ], [ -104.668617248535, 29.290149688720799 ], [ -104.700447082519005, 29.246000289916999 ], [ -104.699676513672003, 29.208459854126101 ], [ -104.692726135254006, 29.197980880737301 ], [ -104.661201477050994, 29.201868057251001 ], [ -104.659950256347997, 29.195569992065501 ], [ -104.825225830077997, 29.04594039917 ], [ -104.851470947265994, 29.0101928710938 ], [ -104.889991760254006, 29.000181198120099 ], [ -104.918182373047003, 28.980440139770501 ], [ -104.999893188477003, 29.009550094604499 ], [ -105.058647155762003, 29.008638381958001 ], [ -105.079772949219006, 29.000890731811499 ], [ -105.10179901123, 29.0151805877687 ], [ -105.154609680175994, 29.0117492675782 ], [ -105.15217590332, 29.037540435791101 ], [ -105.162528991699006, 29.054859161376999 ], [ -105.161430358887003, 29.0690097808838 ], [ -105.137481689452997, 29.074970245361399 ], [ -105.128562927245994, 29.091791152954102 ], [ -105.101196289062003, 29.101459503173899 ], [ -105.07689666748, 29.1249504089357 ], [ -105.072547912597997, 29.1703205108644 ], [ -105.101547241210994, 29.208459854126101 ], [ -105.149307250977003, 29.241029739379901 ], [ -105.23087310791, 29.280992507934599 ], [ -105.268836975097997, 29.286211013793999 ], [ -105.303771972655994, 29.270282745361399 ], [ -105.346717834472997, 29.26535987854 ], [ -105.355506896972997, 29.282060623168999 ], [ -105.354026794434006, 29.331281661987301 ], [ -105.393463134765994, 29.371681213378999 ], [ -105.421836853027003, 29.357650756835898 ], [ -105.484161376952997, 29.418739318847699 ], [ -105.494888305664006, 29.4457206726075 ], [ -105.511177062987997, 29.4551906585694 ], [ -105.543952941895, 29.442441940307599 ], [ -105.554527282715, 29.451562881469702 ], [ -105.552299499512003, 29.481002807617301 ], [ -105.539169311522997, 29.510889053344801 ], [ -105.500785827637003, 29.502780914306701 ], [ -105.498306274414006, 29.5301609039307 ], [ -105.467498779297003, 29.5143718719482 ], [ -105.454208374022997, 29.522830963134901 ], [ -105.425346374512003, 29.576658248901499 ], [ -105.423629760742003, 29.6035385131837 ], [ -105.476837158202997, 29.6125507354737 ], [ -105.486106872559006, 29.62739944458 ], [ -105.472457885742003, 29.6549797058106 ], [ -105.506958007812003, 29.6627712249756 ], [ -105.549179077147997, 29.684289932251001 ], [ -105.562843322754006, 29.706590652465898 ], [ -105.637580871582003, 29.651609420776399 ], [ -105.658805847167997, 29.6651000976562 ], [ -105.698806762695, 29.649721145629901 ] ] ] } },
{ "type": "Feature", "properties": { "NAME_1": "Chihuahua", "NAME_2": "Cuauhtémoc" }, "geometry": { "type": "Polygon", "coordinates": [ [ [ -106.666328430175994, 28.456180572509801 ], [ -106.707572937012003, 28.460670471191499 ], [ -106.73860168457, 28.452039718628001 ], [ -106.794502258300994, 28.402820587158299 ], [ -106.905410766602003, 28.367710113525401 ], [ -106.930549621582003, 28.3556308746338 ], [ -106.950942993164006, 28.3338108062744 ], [ -107.009483337402003, 28.314491271972699 ], [ -107.045906066895, 28.343290328979499 ], [ -107.05980682373, 28.3873405456544 ], [ -107.078376770019005, 28.386091232299901 ], [ -107.086532592772997, 28.394161224365199 ], [ -107.098136901855, 28.447179794311499 ], [ -107.124015808105, 28.4640598297119 ], [ -107.111267089844006, 28.4786891937256 ], [ -107.109748840332003, 28.495170593261701 ], [ -107.147041320800994, 28.5230503082275 ], [ -107.158111572265994, 28.547758102416999 ], [ -107.225112915039006, 28.5624809265138 ], [ -107.211456298827997, 28.595750808715898 ], [ -107.215217590332003, 28.6060504913331 ], [ -107.241958618164006, 28.611930847168001 ], [ -107.240348815917997, 28.651351928710898 ], [ -107.20694732666, 28.692228317260899 ], [ -107.185821533202997, 28.752109527588001 ], [ -107.18448638916, 28.789461135864201 ], [ -107.159889221190994, 28.812229156494102 ], [ -107.143249511719006, 28.873731613159201 ], [ -107.176719665527003, 28.930629730224702 ], [ -107.174819946289006, 29.000049591064599 ], [ -107.195892333984006, 29.065719604492202 ], [ -107.244430541992003, 29.144580841064499 ], [ -107.230667114257997, 29.166160583496101 ], [ -107.213401794434006, 29.172399520873999 ], [ -107.18904876709, 29.154390335083001 ], [ -107.160140991210994, 29.147399902343899 ], [ -107.135971069335994, 29.151840209960898 ], [ -107.115562438965, 29.140010833740298 ], [ -107.06746673584, 29.152570724487301 ], [ -107.018341064452997, 29.121139526367202 ], [ -106.966041564940994, 29.129520416259801 ], [ -106.935516357422003, 29.112859725952099 ], [ -106.890342712402003, 29.140150070190401 ], [ -106.864967346190994, 29.1228981018068 ], [ -106.845497131347997, 29.081640243530298 ], [ -106.895736694335994, 29.031669616699201 ], [ -106.861099243164006, 28.998151779174901 ], [ -106.856819152832003, 28.974449157714801 ], [ -106.879371643065994, 28.952640533447301 ], [ -106.919166564940994, 28.935340881347699 ], [ -106.927459716797003, 28.9155597686768 ], [ -106.904571533202997, 28.881202697753899 ], [ -106.846641540527003, 28.8377780914307 ], [ -106.863327026367003, 28.825870513916101 ], [ -106.922790527344006, 28.845720291137599 ], [ -106.949020385742003, 28.783838272094801 ], [ -106.869720458984006, 28.769809722900501 ], [ -106.825340270995994, 28.621580123901399 ], [ -106.739936828612997, 28.5997505187988 ], [ -106.698753356934006, 28.570840835571399 ], [ -106.695106506347997, 28.551708221435501 ], [ -106.708396911620994, 28.533271789550799 ], [ -106.680381774902003, 28.503721237182699 ], [ -106.666328430175994, 28.456180572509801 ] ] ] } },
{ "type": "Feature", "properties": { "NAME_1": "Chihuahua", "NAME_2": "Cusihuiriachic" }, "geometry": { "type": "Polygon", "coordinates": [ [ [ -106.640350341797003, 28.182569503784201 ], [ -106.688148498535, 28.153650283813501 ], [ -106.734832763672003, 28.137710571289102 ], [ -106.818992614745994, 28.080970764160298 ], [ -106.882202148437003, 28.0767307281494 ], [ -106.929016113280994, 28.057439804077202 ], [ -106.97590637207, 28.0566005706787 ], [ -106.983009338379006, 28.0820407867432 ], [ -107.016906738280994, 28.103572845459102 ], [ -107.040512084960994, 28.1063327789307 ], [ -107.07763671875, 28.090560913085898 ], [ -107.099319458007997, 28.1143608093262 ], [ -107.112480163574006, 28.113428115844801 ], [ -107.119026184082003, 28.1041793823243 ], [ -107.128883361815994, 28.117919921875099 ], [ -107.134056091309006, 28.150489807128899 ], [ -107.155426025390994, 28.137760162353501 ], [ -107.172348022460994, 28.1408710479737 ], [ -107.219985961914006, 28.185922622680799 ], [ -107.229537963867003, 28.204940795898601 ], [ -107.173889160155994, 28.285192489624102 ], [ -107.171966552734006, 28.351020812988299 ], [ -107.14037322998, 28.368270874023398 ], [ -107.132369995117003, 28.392629623413001 ], [ -107.094139099120994, 28.370950698852699 ], [ -107.072540283202997, 28.3896198272706 ], [ -107.05980682373, 28.3873405456544 ], [ -107.045906066895, 28.343290328979499 ], [ -107.016738891602003, 28.3164081573487 ], [ -107.004463195800994, 28.314130783081101 ], [ -106.950942993164006, 28.3338108062744 ], [ -106.925140380859006, 28.359380722046001 ], [ -106.794502258300994, 28.402820587158299 ], [ -106.78685760498, 28.381240844726499 ], [ -106.822082519530994, 28.368829727173001 ], [ -106.841529846190994, 28.3383903503419 ], [ -106.841377258300994, 28.3260612487793 ], [ -106.808776855469006, 28.337301254272599 ], [ -106.790557861327997, 28.3031005859375 ], [ -106.789886474609006, 28.264299392700298 ], [ -106.757179260254006, 28.25518989563 ], [ -106.732490539550994, 28.2318000793456 ], [ -106.661582946777003, 28.208560943603501 ], [ -106.640350341797003, 28.182569503784201 ] ] ] } },
{ "type": "Feature", "properties": { "NAME_1": "Chihuahua", "NAME_2": "Delicias" }, "geometry": { "type": "Polygon", "coordinates": [ [ [ -105.755722045897997, 28.0705890655518 ], [ -105.735237121582003, 28.1113796234131 ], [ -105.719551086425994, 28.1179599761963 ], [ -105.70777130127, 28.141180038452202 ], [ -105.666427612305, 28.148412704467798 ], [ -105.632308959960994, 28.173759460449201 ], [ -105.60302734375, 28.152429580688501 ], [ -105.573356628417997, 28.167142868042099 ], [ -105.575820922852003, 28.188238143921001 ], [ -105.606620788574006, 28.2216300964357 ], [ -105.576118469237997, 28.236780166626001 ], [ -105.598487854004006, 28.269599914550898 ], [ -105.593803405762003, 28.285728454589801 ], [ -105.546188354492003, 28.242351531982401 ], [ -105.522239685059006, 28.240432739257901 ], [ -105.511138916015994, 28.245588302612301 ], [ -105.50170135498, 28.2734699249269 ], [ -105.469535827637003, 28.311660766601602 ], [ -105.431968688965, 28.307931900024499 ], [ -105.454116821289006, 28.270549774169901 ], [ -105.478401184082003, 28.255380630493299 ], [ -105.485466003417997, 28.235340118408299 ], [ -105.479591369629006, 28.170459747314499 ], [ -105.488952636719006, 28.139610290527301 ], [ -105.549430847167997, 28.130010604858398 ], [ -105.572166442870994, 28.1114597320557 ], [ -105.640571594237997, 28.108030319213999 ], [ -105.755722045897997, 28.0705890655518 ] ] ] } },
{ "type": "Feature", "properties": { "NAME_1": "Chihuahua", "NAME_2": "Dr. Belisario Domínguez" }, "geometry": { "type": "Polygon", "coordinates": [ [ [ -106.441520690917997, 28.1367511749269 ], [ -106.46312713623, 28.1366996765137 ], [ -106.461708068847997, 28.1143608093262 ], [ -106.483627319335994, 28.049289703369102 ], [ -106.501480102539006, 28.028762817382798 ], [ -106.481246948242003, 27.985431671142599 ], [ -106.397987365722997, 27.946121215820401 ], [ -106.380241394042997, 27.9344997406006 ], [ -106.37703704834, 27.922000885009901 ], [ -106.350730895995994, 27.9529514312744 ], [ -106.341636657715, 27.951259613037099 ], [ -106.335052490234006, 27.938350677490298 ], [ -106.336166381835994, 27.902532577514702 ], [ -106.357246398925994, 27.866411209106499 ], [ -106.356307983397997, 27.834489822387699 ], [ -106.427116394042997, 27.829811096191499 ], [ -106.491218566895, 27.779188156128001 ], [ -106.502532958984006, 27.7612419128419 ], [ -106.533760070800994, 27.7647094726563 ], [ -106.551536560059006, 27.774990081787099 ], [ -106.57585144043, 27.753921508789102 ], [ -106.591682434082003, 27.767919540405401 ], [ -106.633842468262003, 27.845039367675898 ], [ -106.687019348145, 27.916709899902401 ], [ -106.71671295166, 27.937311172485401 ], [ -106.728546142577997, 27.9823398590088 ], [ -106.80623626709, 28.002410888671999 ], [ -106.809471130370994, 28.018560409546001 ], [ -106.799598693847997, 28.057529449462901 ], [ -106.80394744873, 28.084169387817401 ], [ -106.734832763672003, 28.137710571289102 ], [ -106.688148498535, 28.153650283813501 ], [ -106.640350341797003, 28.182569503784201 ], [ -106.529197692870994, 28.217390060424801 ], [ -106.522438049315994, 28.2293300628663 ], [ -106.527900695800994, 28.254600524902301 ], [ -106.483039855957003, 28.2430210113525 ], [ -106.480476379395, 28.2026596069337 ], [ -106.454818725585994, 28.195899963378899 ], [ -106.444877624512003, 28.182098388671999 ], [ -106.441520690917997, 28.1367511749269 ] ] ] } },
{ "type": "Feature", "properties": { "NAME_1": "Chihuahua", "NAME_2": "El Tule" }, "geometry": { "type": "Polygon", "coordinates": [ [ [ -106.251663208007997, 26.952041625976701 ], [ -106.313423156737997, 26.942710876464801 ], [ -106.357322692870994, 26.952209472656399 ], [ -106.380043029785, 26.970529556274499 ], [ -106.391799926757997, 27.014839172363299 ], [ -106.429046630859006, 27.024950027465898 ], [ -106.445907592772997, 27.054121017456101 ], [ -106.474487304687003, 27.068059921264702 ], [ -106.517166137695, 27.1090202331544 ], [ -106.591949462890994, 27.1014404296875 ], [ -106.636680603027003, 27.113431930541999 ], [ -106.633186340332003, 27.1349411010743 ], [ -106.62085723877, 27.149480819702099 ], [ -106.630867004395, 27.1781311035156 ], [ -106.598602294922003, 27.188819885253899 ], [ -106.538139343262003, 27.168859481811602 ], [ -106.481048583984006, 27.171930313110401 ], [ -106.402069091797003, 27.1360893249512 ], [ -106.340812683105, 27.126398086548001 ], [ -106.356620788574006, 27.098739624023398 ], [ -106.352516174315994, 27.0490608215332 ], [ -106.340522766112997, 27.040590286255 ], [ -106.305313110352003, 27.0437202453613 ], [ -106.283599853515994, 27.0276794433594 ], [ -106.251663208007997, 26.952041625976701 ] ] ] } },
{ "type": "Feature", "properties": { "NAME_1": "Chihuahua", "NAME_2": "Galeana" }, "geometry": { "type": "Polygon", "coordinates": [ [ [ -107.418792724609006, 29.9870281219482 ], [ -107.439361572265994, 29.9906196594238 ], [ -107.461006164550994, 30.020450592041101 ], [ -107.483978271484006, 30.036809921264599 ], [ -107.538467407227003, 30.018201828003001 ], [ -107.566230773925994, 30.018770217895501 ], [ -107.596786499022997, 30.028642654419102 ], [ -107.617706298827997, 30.059932708740298 ], [ -107.679161071777003, 30.048601150512798 ], [ -107.716957092285, 30.056880950927798 ], [ -107.71524810791, 30.081510543823299 ], [ -107.746063232422003, 30.121629714965898 ], [ -107.736457824707003, 30.1578598022462 ], [ -107.744567871094006, 30.184759140014801 ], [ -107.73713684082, 30.197071075439599 ], [ -107.705360412597997, 30.169050216674901 ], [ -107.677627563477003, 30.196710586547901 ], [ -107.621696472167997, 30.204969406128001 ], [ -107.554573059082003, 30.240190505981399 ], [ -107.520545959472997, 30.241939544677798 ], [ -107.52513885498, 30.2863998413087 ], [ -107.56566619873, 30.298538208007798 ], [ -107.597610473632997, 30.3472995758057 ], [ -107.575675964355, 30.4274196624756 ], [ -107.565643310547003, 30.435539245605501 ], [ -107.504531860352003, 30.4297103881837 ], [ -107.464736938477003, 30.400260925293001 ], [ -107.438781738280994, 30.411680221557699 ], [ -107.389442443847997, 30.402870178222699 ], [ -107.350326538085994, 30.372760772705199 ], [ -107.322021484375, 30.333360671997099 ], [ -107.316459655762003, 30.316270828247202 ], [ -107.335792541504006, 30.2925701141357 ], [ -107.322540283202997, 30.279691696166999 ], [ -107.322120666504006, 30.2570095062257 ], [ -107.304206848144005, 30.241371154785199 ], [ -107.306411743164006, 30.211259841918899 ], [ -107.285408020019005, 30.187322616577099 ], [ -107.300399780272997, 30.1520080566407 ], [ -107.297180175780994, 30.111259460449201 ], [ -107.329956054687003, 30.106399536132901 ], [ -107.363739013672003, 30.0669898986818 ], [ -107.377220153809006, 29.997760772705199 ], [ -107.418792724609006, 29.9870281219482 ] ] ] } },
{ "type": "Feature", "properties": { "NAME_1": "Chihuahua", "NAME_2": "General Trias" }, "geometry": { "type": "Polygon", "coordinates": [ [ [ -106.397926330565994, 28.148948669433601 ], [ -106.441520690917997, 28.1367511749269 ], [ -106.444877624512003, 28.182098388671999 ], [ -106.454818725585994, 28.195899963378899 ], [ -106.480476379395, 28.2026596069337 ], [ -106.483039855957003, 28.2430210113525 ], [ -106.533538818359006, 28.256361007690501 ], [ -106.543876647949006, 28.2811298370362 ], [ -106.53369140625, 28.3042907714844 ], [ -106.619697570800994, 28.3962497711182 ], [ -106.655799865722997, 28.450611114501999 ], [ -106.599632263182997, 28.480249404907301 ], [ -106.535636901855, 28.4724826812744 ], [ -106.506973266602003, 28.491481781005898 ], [ -106.457359313965, 28.451391220092798 ], [ -106.394966125487997, 28.444129943847798 ], [ -106.332481384277003, 28.417089462280298 ], [ -106.321571350097997, 28.3590908050537 ], [ -106.291572570800994, 28.342170715331999 ], [ -106.321105957030994, 28.309391021728601 ], [ -106.315643310547003, 28.275260925293001 ], [ -106.338272094727003, 28.2339096069337 ], [ -106.365097045897997, 28.2273902893068 ], [ -106.364570617675994, 28.175170898437599 ], [ -106.389358520507997, 28.164119720458999 ], [ -106.397926330565994, 28.148948669433601 ] ] ] } },
{ "type": "Feature", "properties": { "NAME_1": "Chihuahua", "NAME_2": "Gran Morelos" }, "geometry": { "type": "Polygon", "coordinates": [ [ [ -106.640350341797003, 28.182569503784201 ], [ -106.661582946777003, 28.208560943603501 ], [ -106.732490539550994, 28.2318000793456 ], [ -106.757179260254006, 28.25518989563 ], [ -106.789886474609006, 28.264299392700298 ], [ -106.790557861327997, 28.3031005859375 ], [ -106.808776855469006, 28.337301254272599 ], [ -106.839233398437997, 28.324720382690501 ], [ -106.843978881835994, 28.331039428711101 ], [ -106.817962646484006, 28.372550964355501 ], [ -106.78685760498, 28.381240844726499 ], [ -106.794502258300994, 28.402820587158299 ], [ -106.727203369140994, 28.456069946289102 ], [ -106.70085144043, 28.460760116577099 ], [ -106.655799865722997, 28.450611114501999 ], [ -106.619697570800994, 28.3962497711182 ], [ -106.53369140625, 28.3042907714844 ], [ -106.543876647949006, 28.2811298370362 ], [ -106.527900695800994, 28.254600524902301 ], [ -106.524291992187003, 28.2215480804443 ], [ -106.640350341797003, 28.182569503784201 ] ] ] } },
{ "type": "Feature", "properties": { "NAME_1": "Chihuahua", "NAME_2": "Guachochic" }, "geometry": { "type": "Polygon", "coordinates": [ [ [ -107.643600463867003, 27.359951019287099 ], [ -107.648376464844006, 27.4444694519043 ], [ -107.68807220459, 27.434900283813501 ], [ -107.700378417969006, 27.4438705444337 ], [ -107.693946838379006, 27.475019454956101 ], [ -107.704856872559006, 27.524440765380898 ], [ -107.697418212890994, 27.556720733642599 ], [ -107.742179870605, 27.643400192260899 ], [ -107.711723327637003, 27.668970108032301 ], [ -107.685356140137003, 27.655170440673899 ], [ -107.658706665039006, 27.654190063476602 ], [ -107.625717163085994, 27.68390083313 ], [ -107.56436920166, 27.714490890503001 ], [ -107.513229370117003, 27.7015895843507 ], [ -107.446990966797003, 27.615961074829201 ], [ -107.40251159668, 27.581291198730401 ], [ -107.350166320800994, 27.5807914733888 ], [ -107.259246826172003, 27.62984085083 ], [ -107.226821899414006, 27.608930587768601 ], [ -107.208992004394005, 27.6347980499268 ], [ -107.16748046875, 27.631660461425799 ], [ -107.171043395995994, 27.568841934204201 ], [ -107.146339416504006, 27.553319931030298 ], [ -107.123146057129006, 27.514490127563501 ], [ -107.082588195800994, 27.494470596313501 ], [ -107.052146911620994, 27.467189788818398 ], [ -107.03205871582, 27.484912872314499 ], [ -107.016227722167997, 27.4222011566162 ], [ -107.024749755859006, 27.395120620727599 ], [ -107.01375579834, 27.3795700073243 ], [ -107.02522277832, 27.3284702301025 ], [ -107.013496398925994, 27.308830261230501 ], [ -107.009078979492003, 27.268060684204201 ], [ -106.942367553710994, 27.213661193847699 ], [ -106.985466003417997, 27.165220260620199 ], [ -106.981536865234006, 27.1344699859619 ], [ -106.948143005370994, 27.113359451293999 ], [ -106.998237609862997, 27.043350219726602 ], [ -107.024406433105, 26.974210739135799 ], [ -107.011627197265994, 26.941789627075298 ], [ -106.985122680664006, 26.921920776367099 ], [ -107.006156921387003, 26.809061050415 ], [ -106.988548278809006, 26.77693939209 ], [ -106.961532592772997, 26.7556896209718 ], [ -107.045387268065994, 26.663272857666101 ], [ -107.095359802245994, 26.659290313720799 ], [ -107.140251159667997, 26.6704406738282 ], [ -107.140022277832003, 26.6517429351807 ], [ -107.178062438965, 26.632238388061602 ], [ -107.201522827147997, 26.623010635376001 ], [ -107.250900268555, 26.623468399047798 ], [ -107.262428283690994, 26.6096496582032 ], [ -107.276237487792997, 26.608339309692401 ], [ -107.289993286132997, 26.622991561889599 ], [ -107.304733276367003, 26.6244201660156 ], [ -107.310417175292997, 26.6380310058594 ], [ -107.345436096190994, 26.6650199890137 ], [ -107.368461608887003, 26.665719985961999 ], [ -107.383346557617003, 26.674720764160298 ], [ -107.401222229004006, 26.667520523071399 ], [ -107.441276550292997, 26.712400436401499 ], [ -107.468200683594006, 26.7175197601319 ], [ -107.478820800780994, 26.710710525512798 ], [ -107.497093200684006, 26.7495727539063 ], [ -107.523536682129006, 26.744970321655298 ], [ -107.693733215332003, 26.7925205230713 ], [ -107.672073364257997, 26.837722778320401 ], [ -107.67253112793, 26.8613891601563 ], [ -107.686950683594006, 26.871530532836999 ], [ -107.67700958252, 26.9103507995607 ], [ -107.619079589844006, 26.936359405517599 ], [ -107.548736572265994, 27.0307006835938 ], [ -107.51309967041, 27.019590377807599 ], [ -107.465728759765994, 27.0578308105469 ], [ -107.49698638916, 27.095729827881001 ], [ -107.575836181640994, 27.145019531250099 ], [ -107.576438903809006, 27.182600021362401 ], [ -107.587577819824006, 27.205379486083999 ], [ -107.572326660155994, 27.289648056030298 ], [ -107.585609436035, 27.3101596832275 ], [ -107.625671386719006, 27.330270767211999 ], [ -107.643600463867003, 27.359951019287099 ] ] ] } },
{ "type": "Feature", "properties": { "NAME_1": "Chihuahua", "NAME_2": "Guadalupe" }, "geometry": { "type": "Polygon", "coordinates": [ [ [ -104.874336242675994, 30.509098052978601 ], [ -104.92414855957, 30.487558364868299 ], [ -105.008781433105, 30.485229492187401 ], [ -105.045806884765994, 30.502250671386701 ], [ -105.081970214844006, 30.4886398315431 ], [ -105.10782623291, 30.4988498687744 ], [ -105.161849975585994, 30.426170349121101 ], [ -105.205322265625, 30.409490585327099 ], [ -105.219535827637003, 30.3601398468019 ], [ -105.246757507324006, 30.3343811035156 ], [ -105.260887145995994, 30.299770355224599 ], [ -105.270729064940994, 30.295169830322202 ], [ -105.296463012695, 30.296230316162202 ], [ -105.299377441405994, 30.322019577026399 ], [ -105.325416564940994, 30.329860687256001 ], [ -105.344093322754006, 30.311620712280199 ], [ -105.397720336914006, 30.310960769653299 ], [ -105.44229888916, 30.2818698883057 ], [ -105.450927734375, 30.291589736938501 ], [ -105.472160339355, 30.2866306304932 ], [ -105.510650634765994, 30.304702758789102 ], [ -105.549446105957003, 30.380350112915199 ], [ -105.53742980957, 30.440820693969801 ], [ -105.520812988280994, 30.460180282592901 ], [ -105.627349853515994, 30.5529594421387 ], [ -105.645492553710994, 30.651079177856399 ], [ -105.667678833007997, 30.731428146362202 ], [ -105.680816650390994, 30.753118515014801 ], [ -105.762916564940994, 30.775260925293001 ], [ -105.795211791992003, 30.827400207519599 ], [ -105.83812713623, 30.844659805297901 ], [ -105.911590576172003, 30.847501754760799 ], [ -105.971237182617003, 30.8267707824707 ], [ -105.98681640625, 30.8343811035157 ], [ -106.011489868164006, 30.827909469604599 ], [ -106.037322998047003, 30.8343906402588 ], [ -106.049880981445, 30.846969604492202 ], [ -106.056037902832003, 30.8690795898438 ], [ -106.039207458495994, 30.901060104370199 ], [ -106.041496276855, 30.920789718628001 ], [ -106.073631286620994, 30.927801132202202 ], [ -106.105369567870994, 30.9103717803956 ], [ -106.118606567382997, 30.914670944213999 ], [ -106.218528747559006, 31.0531616210938 ], [ -106.267112731934006, 31.0783786773682 ], [ -106.239532470702997, 31.088701248168999 ], [ -106.246688842772997, 31.106519699096701 ], [ -106.267166137695, 31.1156215667725 ], [ -106.265686035155994, 31.131950378418001 ], [ -106.285827636719006, 31.178407669067301 ], [ -106.270462036132997, 31.195329666137798 ], [ -106.273391723632997, 31.230018615722798 ], [ -106.252731323242003, 31.259361267089901 ], [ -106.261878967285, 31.2865600585938 ], [ -106.252555847167997, 31.315799713134801 ], [ -106.269607543945, 31.340320587158299 ], [ -106.185737609862997, 31.4180507659913 ], [ -106.165779113769005, 31.446630477905401 ], [ -106.142906188965, 31.4298305511475 ], [ -106.110168457030994, 31.423402786254901 ], [ -106.077072143555, 31.397758483886701 ], [ -106.041976928710994, 31.395902633667099 ], [ -106.087852478027003, 31.338079452514702 ], [ -106.107803344727003, 31.283029556274499 ], [ -106.088676452637003, 31.240970611572401 ], [ -106.11254119873, 31.218469619750898 ], [ -106.095306396484006, 31.157981872558601 ], [ -106.074638366699006, 31.134700775146499 ], [ -106.051666259765994, 31.1280212402344 ], [ -106.040046691895, 31.097791671753001 ], [ -106.011222839355, 31.091009140014599 ], [ -105.97274017334, 31.063890457153398 ], [ -105.924575805664006, 31.0695705413819 ], [ -105.869636535645, 31.108520507812599 ], [ -105.874229431152003, 31.153379440307599 ], [ -105.848526000977003, 31.163129806518601 ], [ -105.834976196289006, 31.197320938110401 ], [ -105.807662963867003, 31.2170314788818 ], [ -105.783332824707003, 31.196590423583999 ], [ -105.77214050293, 31.167430877685501 ], [ -105.735900878905994, 31.162450790405401 ], [ -105.713920593262003, 31.139329910278299 ], [ -105.654151916504006, 31.1190605163575 ], [ -105.641616821289006, 31.100479125976602 ], [ -105.601776123047003, 31.081449508666999 ], [ -105.560333251952997, 30.992021560669102 ], [ -105.53360748291, 30.983690261840799 ], [ -105.519569396972997, 30.966150283813501 ], [ -105.501396179199006, 30.966131210327202 ], [ -105.491226196289006, 30.941930770874102 ], [ -105.468299865722997, 30.926588058471701 ], [ -105.454956054687997, 30.9267902374269 ], [ -105.455917358397997, 30.917131423950199 ], [ -105.447456359862997, 30.918462753296001 ], [ -105.401710510254006, 30.888671875 ], [ -105.403762817382997, 30.879409790039102 ], [ -105.394798278809006, 30.872991561889599 ], [ -105.399291992187997, 30.852170944213899 ], [ -105.366050720215, 30.849670410156399 ], [ -105.353012084960994, 30.837940216064599 ], [ -105.342086791992003, 30.842130661010799 ], [ -105.308135986327997, 30.812189102173001 ], [ -105.300987243652003, 30.8253498077394 ], [ -105.292518615722997, 30.826208114624102 ], [ -105.260772705077997, 30.797058105468899 ], [ -105.217613220215, 30.805509567260799 ], [ -105.212326049805, 30.797981262207099 ], [ -105.219566345215, 30.786199569702099 ], [ -105.196479797362997, 30.7918605804444 ], [ -105.178031921387003, 30.76983833313 ], [ -105.166831970215, 30.778150558471602 ], [ -105.15837097168, 30.770759582519499 ], [ -105.161552429199006, 30.753679275512699 ], [ -105.113708496094006, 30.746749877929702 ], [ -105.113906860352003, 30.733011245727699 ], [ -105.099632263184006, 30.717649459838999 ], [ -105.088417053222997, 30.717250823974702 ], [ -105.084808349609006, 30.701850891113398 ], [ -105.064376831055, 30.6986694335937 ], [ -105.064819335937997, 30.6885795593262 ], [ -105.047912597655994, 30.6820297241212 ], [ -105.045722961425994, 30.689460754394599 ], [ -105.031433105469006, 30.682331085205199 ], [ -105.007217407227003, 30.686630249023601 ], [ -104.988670349120994, 30.661830902099702 ], [ -104.975090026855, 30.613470077514702 ], [ -104.935020446777003, 30.6015300750732 ], [ -104.921951293945, 30.605319976806602 ], [ -104.920928955077997, 30.5884304046631 ], [ -104.90128326416, 30.570989608764801 ], [ -104.881729125977003, 30.528360366821399 ], [ -104.884368896484006, 30.519090652465799 ], [ -104.874336242675994, 30.509098052978601 ] ] ] } },
{ "type": "Feature", "properties": { "NAME_1": "Chihuahua", "NAME_2": "Guadalupe y Calvo" }, "geometry": { "type": "Polygon", "coordinates": [ [ [ -107.159332275390994, 25.6963195800781 ], [ -107.244880676269005, 25.7975807189943 ], [ -107.26863861084, 25.9144897460938 ], [ -107.389343261719006, 26.0956726074219 ], [ -107.463890075684006, 26.114200592041101 ], [ -107.58602142334, 26.123451232910298 ], [ -107.75, 26.156681060791101 ], [ -107.765907287597997, 26.1850109100343 ], [ -107.790596008300994, 26.299900054931602 ], [ -107.806488037109006, 26.336139678955099 ], [ -107.735786437987997, 26.342210769653398 ], [ -107.691360473632997, 26.383350372314599 ], [ -107.621513366699006, 26.4074802398682 ], [ -107.610816955565994, 26.456739425659201 ], [ -107.600151062012003, 26.469640731811499 ], [ -107.56201171875, 26.493360519409201 ], [ -107.506370544434006, 26.552459716796999 ], [ -107.480155944824006, 26.562751770019599 ], [ -107.463539123535, 26.553920745849599 ], [ -107.455207824707003, 26.632261276245199 ], [ -107.478820800780994, 26.710710525512798 ], [ -107.470336914062003, 26.717277526855501 ], [ -107.441276550292997, 26.712400436401499 ], [ -107.401222229004006, 26.667520523071399 ], [ -107.383346557617003, 26.674720764160298 ], [ -107.341735839844006, 26.663009643554702 ], [ -107.310417175292997, 26.6380310058594 ], [ -107.304733276367003, 26.6244201660156 ], [ -107.289993286132997, 26.622991561889599 ], [ -107.276237487792997, 26.608339309692401 ], [ -107.262428283690994, 26.6096496582032 ], [ -107.250900268555, 26.623468399047798 ], [ -107.201522827147997, 26.623010635376001 ], [ -107.178062438965, 26.632238388061602 ], [ -107.140022277832003, 26.6517429351807 ], [ -107.140251159667997, 26.6704406738282 ], [ -107.095359802245994, 26.659290313720799 ], [ -107.045387268065994, 26.663272857666101 ], [ -107.032836914062003, 26.645410537719702 ], [ -106.99796295166, 26.626489639282301 ], [ -106.964210510254006, 26.581039428711101 ], [ -106.917488098144005, 26.569229125976701 ], [ -106.892822265625, 26.532859802246101 ], [ -106.897499084472997, 26.5028800964356 ], [ -106.877647399902003, 26.478981018066499 ], [ -106.855407714844006, 26.4683609008788 ], [ -106.829559326172003, 26.4680500030518 ], [ -106.789237976074006, 26.4245510101319 ], [ -106.743286132812003, 26.3913803100587 ], [ -106.707862854004006, 26.396640777587901 ], [ -106.683387756347997, 26.375471115112301 ], [ -106.617813110352003, 26.356229782104499 ], [ -106.600196838379006, 26.343910217285199 ], [ -106.586418151855, 26.305730819702202 ], [ -106.539421081542997, 26.232271194458001 ], [ -106.526969909667997, 26.162830352783299 ], [ -106.494537353515994, 26.143909454345799 ], [ -106.569450378417997, 25.992919921875 ], [ -106.515411376952997, 25.9050407409668 ], [ -106.506469726562003, 25.867870330810501 ], [ -106.513313293457003, 25.845550537109499 ], [ -106.591186523437997, 25.744480133056602 ], [ -106.674140930175994, 25.677310943603501 ], [ -106.732231140137003, 25.645839691162099 ], [ -106.774085998535, 25.589710235595799 ], [ -106.791778564452997, 25.588119506835898 ], [ -106.807327270507997, 25.597551345825199 ], [ -106.833831787109006, 25.6416110992432 ], [ -106.913856506347997, 25.653699874877901 ], [ -106.940986633300994, 25.6897201538087 ], [ -106.989608764647997, 25.674280166626001 ], [ -107.038726806640994, 25.697650909423899 ], [ -107.054580688477003, 25.748319625854499 ], [ -107.076042175292997, 25.748939514160199 ], [ -107.136962890625, 25.726209640502901 ], [ -107.159332275390994, 25.6963195800781 ] ] ] } },
{ "type": "Feature", "properties": { "NAME_1": "Chihuahua", "NAME_2": "Guazapares" }, "geometry": { "type": "Polygon", "coordinates": [ [ [ -108.197410583495994, 27.040700912475501 ], [ -108.339401245117003, 27.0318393707275 ], [ -108.400405883789006, 27.0458908081056 ], [ -108.46533203125, 27.024560928344801 ], [ -108.483871459960994, 27.136350631713899 ], [ -108.474647521972997, 27.183650970459102 ], [ -108.441772460937997, 27.226089477539201 ], [ -108.381866455077997, 27.237670898437599 ], [ -108.338623046875, 27.261350631713999 ], [ -108.314567565917997, 27.3237705230713 ], [ -108.316680908202997, 27.349058151245199 ], [ -108.332160949707003, 27.363521575927798 ], [ -108.332992553710994, 27.387861251831101 ], [ -108.363891601562003, 27.3938598632812 ], [ -108.371620178222997, 27.441410064697301 ], [ -108.4111328125, 27.4568805694581 ], [ -108.400459289550994, 27.4993629455568 ], [ -108.402572631835994, 27.524879455566399 ], [ -108.316986083984006, 27.6262111663819 ], [ -108.317543029785, 27.660999298095799 ], [ -108.33145904541, 27.6844806671144 ], [ -108.326438903809006, 27.695188522338899 ], [ -108.336647033690994, 27.729671478271499 ], [ -108.304756164550994, 27.748249053955199 ], [ -108.260139465332003, 27.747558593750099 ], [ -108.242622375487997, 27.758100509643601 ], [ -108.207595825195, 27.761028289795 ], [ -108.200172424315994, 27.7653503417968 ], [ -108.186515808105, 27.812690734863299 ], [ -108.158508300780994, 27.8000202178956 ], [ -108.120658874512003, 27.829679489135799 ], [ -108.078422546387003, 27.8242702484131 ], [ -108.039993286132997, 27.8320407867432 ], [ -107.933288574219006, 27.812070846557599 ], [ -107.837966918945, 27.753820419311602 ], [ -107.72989654541, 27.656879425048899 ], [ -107.756629943847997, 27.629930496215898 ], [ -107.786956787109006, 27.632080078125 ], [ -107.805976867675994, 27.6174125671388 ], [ -107.831207275390994, 27.636470794677798 ], [ -107.87922668457, 27.625270843505898 ], [ -107.945930480957003, 27.6344928741456 ], [ -107.934883117675994, 27.6090602874757 ], [ -107.951072692870994, 27.597032546997099 ], [ -107.942962646484006, 27.5465602874756 ], [ -107.955108642577997, 27.504882812500099 ], [ -107.945777893065994, 27.495140075683601 ], [ -107.947242736815994, 27.481050491333001 ], [ -107.987449645995994, 27.448160171508899 ], [ -108.043601989745994, 27.438989639282301 ], [ -108.074531555175994, 27.378839492797901 ], [ -108.133750915527003, 27.3648796081544 ], [ -108.1416015625, 27.354892730712901 ], [ -108.151626586914006, 27.3065700531007 ], [ -108.106346130370994, 27.288570404052798 ], [ -108.091636657715, 27.275180816650401 ], [ -108.076736450195, 27.250431060791101 ], [ -108.087989807129006, 27.230752944946399 ], [ -108.065277099609006, 27.213500976562599 ], [ -108.070053100585994, 27.202039718628001 ], [ -108.093811035155994, 27.190910339355501 ], [ -108.080406188965, 27.167560577392599 ], [ -108.08422088623, 27.161760330200199 ], [ -108.126091003417997, 27.137132644653299 ], [ -108.197410583495994, 27.040700912475501 ] ] ] } },
{ "type": "Feature", "properties": { "NAME_1": "Chihuahua", "NAME_2": "Guerrero" }, "geometry": { "type": "Polygon", "coordinates": [ [ [ -107.187156677245994, 28.152481079101602 ], [ -107.266731262207003, 28.049240112304702 ], [ -107.307777404785, 28.047660827636701 ], [ -107.34107208252, 28.026239395141701 ], [ -107.364967346190994, 28.062892913818398 ], [ -107.401191711425994, 28.060340881347699 ], [ -107.443786621094006, 28.071792602539102 ], [ -107.478042602539006, 28.095840454101701 ], [ -107.488342285155994, 28.085081100463899 ], [ -107.542900085449006, 28.1325092315675 ], [ -107.571685791015994, 28.127479553222699 ], [ -107.621589660644005, 28.152940750122202 ], [ -107.646553039550994, 28.132360458374102 ], [ -107.714965820312003, 28.1455097198487 ], [ -107.74592590332, 28.134578704833999 ], [ -107.78003692627, 28.150220870971701 ], [ -107.823455810547003, 28.1560592651368 ], [ -107.841262817382997, 28.172590255737301 ], [ -107.880416870117003, 28.187339782714901 ], [ -107.904136657715, 28.180461883545 ], [ -107.906509399414006, 28.2138900756837 ], [ -107.918319702147997, 28.226938247680799 ], [ -107.976776123047003, 28.215419769287099 ], [ -107.990310668945, 28.252479553222798 ], [ -107.96475982666, 28.294330596923899 ], [ -107.934112548827997, 28.304571151733398 ], [ -107.915298461914006, 28.299619674682599 ], [ -107.90209197998, 28.329980850219702 ], [ -107.870056152344006, 28.330390930175799 ], [ -107.804382324219006, 28.383550643921001 ], [ -107.761596679687997, 28.4004096984863 ], [ -107.771606445312003, 28.431329727172901 ], [ -107.743148803710994, 28.442501068115298 ], [ -107.760032653809006, 28.481449127197401 ], [ -107.756881713867003, 28.526992797851602 ], [ -107.818626403809006, 28.586389541626001 ], [ -107.823509216309006, 28.6008205413819 ], [ -107.811508178710994, 28.632379531860401 ], [ -107.80322265625, 28.638090133667099 ], [ -107.775405883789006, 28.629341125488398 ], [ -107.765312194824006, 28.6343708038331 ], [ -107.732406616210994, 28.704839706421001 ], [ -107.702842712402003, 28.719699859619102 ], [ -107.681419372559006, 28.7087001800537 ], [ -107.667846679687997, 28.712818145752099 ], [ -107.638740539550994, 28.757459640503001 ], [ -107.60302734375, 28.7451095581056 ], [ -107.553565979004006, 28.756820678710898 ], [ -107.535026550292997, 28.801500320434599 ], [ -107.541809082030994, 28.821641921997202 ], [ -107.534530639647997, 28.841342926025501 ], [ -107.542770385742003, 28.8672103881837 ], [ -107.526390075684006, 28.8731803894044 ], [ -107.483512878417997, 28.8620204925538 ], [ -107.485771179199006, 28.897981643676701 ], [ -107.47435760498, 28.898450851440501 ], [ -107.416946411132997, 28.880010604858398 ], [ -107.409393310547003, 28.822771072387798 ], [ -107.397827148437003, 28.828971862793001 ], [ -107.382423400879006, 28.863599777221701 ], [ -107.354019165039006, 28.8471698760987 ], [ -107.347122192382997, 28.802970886230501 ], [ -107.318099975585994, 28.757909774780298 ], [ -107.215766906737997, 28.679601669311602 ], [ -107.241256713867003, 28.646991729736399 ], [ -107.239639282225994, 28.6078090667725 ], [ -107.215217590332003, 28.6060504913331 ], [ -107.211456298827997, 28.595750808715898 ], [ -107.225112915039006, 28.5624809265138 ], [ -107.158111572265994, 28.547758102416999 ], [ -107.147041320800994, 28.5230503082275 ], [ -107.109748840332003, 28.495170593261701 ], [ -107.111267089844006, 28.4786891937256 ], [ -107.124015808105, 28.4640598297119 ], [ -107.098136901855, 28.447179794311499 ], [ -107.094360351562003, 28.4097805023194 ], [ -107.078376770019005, 28.386091232299901 ], [ -107.094139099120994, 28.370950698852699 ], [ -107.132369995117003, 28.392629623413001 ], [ -107.14037322998, 28.368270874023398 ], [ -107.171966552734006, 28.351020812988299 ], [ -107.173889160155994, 28.285192489624102 ], [ -107.229537963867003, 28.204940795898601 ], [ -107.187156677245994, 28.152481079101602 ] ] ] } },
{ "type": "Feature", "properties": { "NAME_1": "Chihuahua", "NAME_2": "Hidalgo del Parral" }, "geometry": { "type": "Polygon", "coordinates": [ [ [ -105.710983276367003, 26.9669494628906 ], [ -105.75609588623, 26.9192810058594 ], [ -105.793952941894005, 26.940000534057599 ], [ -105.837196350097997, 26.9103507995607 ], [ -105.940437316894005, 26.9623107910157 ], [ -105.979316711425994, 26.9728298187256 ], [ -106.039672851562003, 27.032321929931602 ], [ -106.049896240234006, 27.036899566650401 ], [ -106.063186645507997, 27.0304908752443 ], [ -106.069580078125, 27.036752700805799 ], [ -106.06526184082, 27.1036682128907 ], [ -106.075736999512003, 27.115789413452202 ], [ -106.105133056640994, 27.125251770019499 ], [ -106.113311767577997, 27.172309875488398 ], [ -106.108726501465, 27.2294216156006 ], [ -106.069641113280994, 27.240901947021602 ], [ -106.045356750487997, 27.261888504028299 ], [ -106.066841125487997, 27.3152885437013 ], [ -106.055603027344006, 27.3490295410156 ], [ -106.066848754882997, 27.387800216674901 ], [ -106.063278198242003, 27.411119461059599 ], [ -106.016487121582003, 27.3921909332275 ], [ -106.003700256347997, 27.371931076049901 ], [ -105.964569091797003, 27.368589401245099 ], [ -105.917503356934006, 27.348329544067401 ], [ -105.856590270995994, 27.3012409210206 ], [ -105.836112976074006, 27.3048496246338 ], [ -105.823051452637003, 27.339300155639702 ], [ -105.800506591797003, 27.346378326416101 ], [ -105.769271850585994, 27.298700332641602 ], [ -105.755439758300994, 27.2919101715088 ], [ -105.735702514647997, 27.312839508056602 ], [ -105.698791503905994, 27.323560714721602 ], [ -105.6923828125, 27.345888137817401 ], [ -105.659301757812003, 27.3439025878907 ], [ -105.639297485352003, 27.362310409545898 ], [ -105.614929199219006, 27.366060256958001 ], [ -105.605690002440994, 27.3814086914062 ], [ -105.530738830565994, 27.401359558105501 ], [ -105.556526184082003, 27.305860519409201 ], [ -105.593650817870994, 27.292240142822202 ], [ -105.635467529297003, 27.288820266723601 ], [ -105.655097961425994, 27.245470046997099 ], [ -105.699058532715, 27.245508193969702 ], [ -105.712387084960994, 27.2259826660156 ], [ -105.700225830077997, 27.1510410308837 ], [ -105.689346313475994, 27.1408805847169 ], [ -105.671379089355, 27.1443195343019 ], [ -105.669036865234006, 27.135351181030298 ], [ -105.68115234375, 27.044919967651399 ], [ -105.713287353515994, 27.019149780273601 ], [ -105.710983276367003, 26.9669494628906 ] ] ] } },
{ "type": "Feature", "properties": { "NAME_1": "Chihuahua", "NAME_2": "Huejotitán" }, "geometry": { "type": "Polygon", "coordinates": [ [ [ -106.336982727050994, 27.123950958252099 ], [ -106.335456848144005, 27.145200729370199 ], [ -106.315826416015994, 27.1898097991944 ], [ -106.276008605957003, 27.195301055908299 ], [ -106.236701965332003, 27.240259170532301 ], [ -106.236206054687997, 27.270612716674901 ], [ -106.245147705077997, 27.288700103759801 ], [ -106.21656036377, 27.3273105621338 ], [ -106.214256286620994, 27.357460021972699 ], [ -106.232933044434006, 27.372869491577202 ], [ -106.218086242675994, 27.400079727172901 ], [ -106.186180114745994, 27.388299942016701 ], [ -106.15705871582, 27.396820068359499 ], [ -106.150917053222997, 27.367969512939499 ], [ -106.111320495605, 27.373500823974599 ], [ -106.089836120605, 27.347232818603501 ], [ -106.084213256835994, 27.327041625976499 ], [ -106.067596435547003, 27.325769424438501 ], [ -106.045356750487997, 27.261888504028299 ], [ -106.069641113280994, 27.240901947021602 ], [ -106.108726501465, 27.2294216156006 ], [ -106.113311767577997, 27.168888092041001 ], [ -106.105133056640994, 27.125251770019499 ], [ -106.075736999512003, 27.115789413452202 ], [ -106.06526184082, 27.1036682128907 ], [ -106.072402954102003, 27.052209854126101 ], [ -106.063186645507997, 27.0304908752443 ], [ -106.078506469727003, 27.0021190643312 ], [ -106.128318786620994, 26.9724006652832 ], [ -106.129592895507997, 26.9470405578613 ], [ -106.157417297362997, 26.938060760498001 ], [ -106.251663208007997, 26.952041625976701 ], [ -106.283599853515994, 27.0276794433594 ], [ -106.305313110352003, 27.0437202453613 ], [ -106.340522766112997, 27.040590286255 ], [ -106.352516174315994, 27.0490608215332 ], [ -106.355857849120994, 27.1026306152344 ], [ -106.336982727050994, 27.123950958252099 ] ] ] } },
{ "type": "Feature", "properties": { "NAME_1": "Chihuahua", "NAME_2": "Ignacio Zaragoza" }, "geometry": { "type": "Polygon", "coordinates": [ [ [ -107.299819946289006, 29.505779266357401 ], [ -107.318290710449006, 29.494180679321399 ], [ -107.379325866699006, 29.498388290405298 ], [ -107.416870117187997, 29.462390899658299 ], [ -107.444267272949006, 29.4611492156982 ], [ -107.457626342772997, 29.482639312744102 ], [ -107.508857727050994, 29.4605007171632 ], [ -107.577102661132997, 29.496500015258899 ], [ -107.612266540527003, 29.472040176391701 ], [ -107.625923156737997, 29.482908248901399 ], [ -107.653633117675994, 29.5342617034913 ], [ -107.687828063965, 29.516162872314599 ], [ -107.705772399902003, 29.516090393066499 ], [ -107.760276794434006, 29.573520660400401 ], [ -107.760643005370994, 29.593330383300898 ], [ -107.734992980957003, 29.606452941894599 ], [ -107.743125915527003, 29.628099441528398 ], [ -107.726531982422003, 29.646560668945401 ], [ -107.727729797362997, 29.659370422363299 ], [ -107.745178222655994, 29.674720764160199 ], [ -107.786666870117003, 29.677671432495099 ], [ -107.802223205565994, 29.686742782592901 ], [ -107.935386657715, 29.658300399780401 ], [ -107.933547973632997, 29.6986999511719 ], [ -107.94660949707, 29.699792861938601 ], [ -107.943016052245994, 29.7170810699463 ], [ -107.951477050780994, 29.737800598144499 ], [ -107.946586608887003, 29.775390625000099 ], [ -107.936126708984006, 29.793870925903299 ], [ -107.79670715332, 29.818830490112401 ], [ -107.791999816894005, 29.827451705932699 ], [ -107.765518188477003, 29.993360519409201 ], [ -107.799858093262003, 30.057479858398398 ], [ -107.757736206055, 30.0417194366456 ], [ -107.720207214355, 30.056640625000099 ], [ -107.679161071777003, 30.048601150512798 ], [ -107.617706298827997, 30.059932708740298 ], [ -107.596786499022997, 30.028642654419102 ], [ -107.566230773925994, 30.018770217895501 ], [ -107.538467407227003, 30.018201828003001 ], [ -107.483978271484006, 30.036809921264599 ], [ -107.461006164550994, 30.020450592041101 ], [ -107.439361572265994, 29.9906196594238 ], [ -107.418792724609006, 29.9870281219482 ], [ -107.387420654297003, 29.91921043396 ], [ -107.355895996094006, 29.914340972900401 ], [ -107.344352722167997, 29.898878097534201 ], [ -107.340606689452997, 29.868030548095799 ], [ -107.35595703125, 29.8467712402344 ], [ -107.358543395995994, 29.823749542236399 ], [ -107.32691192627, 29.813119888305799 ], [ -107.315292358397997, 29.698280334472699 ], [ -107.287559509277003, 29.617040634155298 ], [ -107.304237365722997, 29.551540374755898 ], [ -107.299819946289006, 29.505779266357401 ] ] ] } },
{ "type": "Feature", "properties": { "NAME_1": "Chihuahua", "NAME_2": "Janos" }, "geometry": { "type": "Polygon", "coordinates": [ [ [ -108.553321838379006, 30.435552597046001 ], [ -108.556617736815994, 30.4794006347657 ], [ -108.586517333984006, 30.534349441528299 ], [ -108.579986572265994, 30.573829650878999 ], [ -108.628150939940994, 30.6231594085694 ], [ -108.627532958984006, 30.6421298980713 ], [ -108.601440429687997, 30.704019546508899 ], [ -108.642150878905994, 30.729740142822301 ], [ -108.648086547852003, 30.7583408355713 ], [ -108.643432617187003, 30.809789657592901 ], [ -108.677871704102003, 30.833972930908299 ], [ -108.700996398925994, 30.864580154418999 ], [ -108.740547180175994, 30.884069442748999 ], [ -108.754776000977003, 30.904529571533299 ], [ -108.756050109862997, 30.920030593872099 ], [ -108.747688293457003, 30.929620742797901 ], [ -108.688690185547003, 30.930580139160298 ], [ -108.684432983397997, 30.947330474853501 ], [ -108.693061828612997, 30.981939315796001 ], [ -108.671882629395, 31.0428581237793 ], [ -108.68628692627, 31.101112365722599 ], [ -108.703926086425994, 31.134950637817401 ], [ -108.747200012207003, 31.187370300293001 ], [ -108.768058776855, 31.2530708312988 ], [ -108.728973388672003, 31.2865009307862 ], [ -108.728439331055, 31.294559478759901 ], [ -108.77214050293, 31.332765579223601 ], [ -108.209053039550994, 31.334020614623999 ], [ -108.209037780762003, 31.341100692749102 ], [ -108.171836853027003, 31.319089889526399 ], [ -108.143508911132997, 31.290901184081999 ], [ -108.105339050292997, 31.201860427856602 ], [ -108.055892944335994, 31.156190872192401 ], [ -108.027969360352003, 31.0806102752687 ], [ -107.971069335937997, 31.0789318084718 ], [ -107.739601135254006, 31.0983390808107 ], [ -107.739143371582003, 31.1048603057862 ], [ -107.709732055664006, 31.1094894409181 ], [ -107.709930419922003, 31.060340881347699 ], [ -107.72322845459, 31.026720046997202 ], [ -107.708602905272997, 30.9993801116944 ], [ -107.723281860352003, 30.939630508422901 ], [ -107.715789794922003, 30.891040802001999 ], [ -107.721992492675994, 30.840150833129901 ], [ -107.829147338867003, 30.7868881225587 ], [ -107.983871459960994, 30.6767597198487 ], [ -108.030288696289006, 30.670049667358398 ], [ -108.035957336425994, 30.658702850341701 ], [ -108.024757385254006, 30.6344699859619 ], [ -108.03092956543, 30.627069473266701 ], [ -108.07829284668, 30.616489410400401 ], [ -108.121879577637003, 30.5624809265137 ], [ -108.149940490722997, 30.559020996093899 ], [ -108.172805786132997, 30.507881164550898 ], [ -108.135627746582003, 30.473079681396602 ], [ -108.151626586914006, 30.4469604492188 ], [ -108.136978149414006, 30.424711227417099 ], [ -108.144065856934006, 30.412910461425898 ], [ -108.141082763672003, 30.3938007354737 ], [ -108.214561462402003, 30.399980545044102 ], [ -108.248802185059006, 30.411590576171999 ], [ -108.279777526855, 30.409469604492301 ], [ -108.321006774902003, 30.438219070434599 ], [ -108.340850830077997, 30.433660507202301 ], [ -108.345916748047003, 30.417011260986399 ], [ -108.360862731934006, 30.408430099487401 ], [ -108.414810180664006, 30.423120498657202 ], [ -108.442855834960994, 30.412990570068501 ], [ -108.485206604004006, 30.422910690307699 ], [ -108.543846130370994, 30.41921043396 ], [ -108.553321838379006, 30.435552597046001 ] ] ] } },
{ "type": "Feature", "properties": { "NAME_1": "Chihuahua", "NAME_2": "Jiménez" }, "geometry": { "type": "Polygon", "coordinates": [ [ [ -104.903800964355, 26.7104301452637 ], [ -104.921562194824006, 26.87034034729 ], [ -104.918197631835994, 26.927320480346701 ], [ -104.97966003418, 26.942449569702301 ], [ -105.034980773925994, 26.938829421997099 ], [ -105.05500793457, 26.983100891113398 ], [ -105.083068847655994, 26.996360778808601 ], [ -105.10977935791, 27.037401199340799 ], [ -105.15576171875, 27.060260772705199 ], [ -105.221496582030994, 27.112930297851602 ], [ -105.215209960937997, 27.143520355224599 ], [ -105.163368225097997, 27.1649894714357 ], [ -105.183776855469006, 27.1993503570557 ], [ -105.173622131347997, 27.228401184082099 ], [ -105.193656921387003, 27.2764911651612 ], [ -105.171310424805, 27.334161758422901 ], [ -105.181526184082003, 27.352249145507798 ], [ -105.22233581543, 27.377710342407301 ], [ -105.235366821289006, 27.402839660644599 ], [ -105.26114654541, 27.425422668457099 ], [ -105.232780456542997, 27.43217086792 ], [ -105.142402648925994, 27.428100585937599 ], [ -105.134307861327997, 27.431930541992301 ], [ -105.127349853515994, 27.455398559570401 ], [ -105.069236755370994, 27.414319992065501 ], [ -105.081756591797003, 27.465959548950199 ], [ -105.076866149902003, 27.489389419555799 ], [ -105.058876037597997, 27.4948005676269 ], [ -105.031433105469006, 27.4839401245118 ], [ -105.015899658202997, 27.503931045532202 ], [ -104.973167419434006, 27.532760620117202 ], [ -104.965980529785, 27.549129486084102 ], [ -104.954437255859006, 27.547782897949201 ], [ -104.929077148437003, 27.506122589111399 ], [ -104.853813171387003, 27.5324306488037 ], [ -104.776268005370994, 27.509580612182599 ], [ -104.729637145995994, 27.487249374389599 ], [ -104.648323059082003, 27.496700286865199 ], [ -104.559303283690994, 27.529447555541999 ], [ -104.513847351074006, 27.557359695434599 ], [ -104.459579467772997, 27.562931060791001 ], [ -104.3720703125, 27.599018096923899 ], [ -104.326820373535, 27.6648902893068 ], [ -104.290542602539006, 27.661817550659201 ], [ -104.265007019042997, 27.674640655517699 ], [ -104.244247436522997, 27.70285987854 ], [ -104.185668945312003, 27.702079772949201 ], [ -104.169090270995994, 27.7280082702638 ], [ -104.1416015625, 27.729120254516701 ], [ -104.119087219237997, 27.7504482269287 ], [ -104.095932006835994, 27.7598381042481 ], [ -104.07315826416, 27.757061004638601 ], [ -104.056709289550994, 27.744880676269599 ], [ -104.031303405762003, 27.722610473632901 ], [ -104.002510070800994, 27.5689201354981 ], [ -103.953948974609006, 27.543581008911101 ], [ -103.944519042969006, 27.514289855957099 ], [ -103.940902709960994, 27.476520538330099 ], [ -103.956703186035, 27.455869674682699 ], [ -103.959815979004006, 27.435939788818398 ], [ -103.932876586914006, 27.304901123046999 ], [ -103.924186706542997, 27.132501602173001 ], [ -103.902191162109006, 27.108167648315501 ], [ -103.82950592041, 27.0800380706787 ], [ -103.845756530762003, 27.0248908996582 ], [ -103.891906738280994, 27.023450851440501 ], [ -103.940567016602003, 26.984069824218899 ], [ -104.010856628417997, 26.960100173950298 ], [ -103.993461608887003, 26.926610946655401 ], [ -103.997695922852003, 26.879730224609499 ], [ -103.983917236327997, 26.860170364379801 ], [ -103.911506652832003, 26.811580657958899 ], [ -103.86856842041, 26.745719909668001 ], [ -103.906883239745994, 26.7346706390381 ], [ -103.958290100097997, 26.768060684204102 ], [ -103.983306884765994, 26.7382106781006 ], [ -103.989692687987997, 26.755460739135799 ], [ -103.972297668457003, 26.775640487670898 ], [ -103.994232177734006, 26.781040191650501 ], [ -104.077690124512003, 26.766731262206999 ], [ -104.132247924805, 26.7423496246338 ], [ -104.159767150879006, 26.7435398101807 ], [ -104.192649841307997, 26.762540817260799 ], [ -104.211647033690994, 26.7386283874512 ], [ -104.227210998535, 26.733499526977699 ], [ -104.284973144530994, 26.743921279907301 ], [ -104.307266235352003, 26.778141021728601 ], [ -104.36897277832, 26.788150787353501 ], [ -104.410713195800994, 26.818452835083001 ], [ -104.430572509765994, 26.818380355835 ], [ -104.457901000977003, 26.804519653320401 ], [ -104.463882446289006, 26.7735500335693 ], [ -104.446868896484006, 26.758489608764702 ], [ -104.385047912597997, 26.7541694641113 ], [ -104.380172729492003, 26.7395305633544 ], [ -104.388031005859006, 26.718420028686499 ], [ -104.484962463379006, 26.705850601196399 ], [ -104.528198242187997, 26.653409957885799 ], [ -104.598297119140994, 26.627702713012699 ], [ -104.668510437012003, 26.524919509887699 ], [ -104.659942626952997, 26.4715099334718 ], [ -104.669731140137003, 26.443721771240199 ], [ -104.695953369140994, 26.434209823608398 ], [ -104.756149291992003, 26.4422702789306 ], [ -104.835968017577997, 26.408140182495199 ], [ -104.864448547362997, 26.417270660400401 ], [ -104.933166503905994, 26.459831237793001 ], [ -104.99919128418, 26.5265102386475 ], [ -104.968086242675994, 26.575790405273398 ], [ -104.907707214355, 26.614601135253999 ], [ -104.928749084472997, 26.655170440673899 ], [ -104.903800964355, 26.7104301452637 ] ] ] } },
{ "type": "Feature", "properties": { "NAME_1": "Chihuahua", "NAME_2": "Juárez" }, "geometry": { "type": "Polygon", "coordinates": [ [ [ -106.783317565917997, 31.784137725830099 ], [ -106.529029846190994, 31.784490585327099 ], [ -106.527709960937003, 31.7743110656738 ], [ -106.488845825195, 31.7477626800538 ], [ -106.425491333007997, 31.751880645751999 ], [ -106.395278930664006, 31.738519668579201 ], [ -106.370269775390994, 31.708850860595799 ], [ -106.349998474120994, 31.698120117187401 ], [ -106.336708068847997, 31.6664104461669 ], [ -106.306198120117003, 31.6278896331787 ], [ -106.280448913574006, 31.560291290283299 ], [ -106.250267028809006, 31.5459804534913 ], [ -106.214073181152003, 31.474369049072301 ], [ -106.165779113769005, 31.446630477905401 ], [ -106.185737609862997, 31.4180507659913 ], [ -106.270576477050994, 31.338092803955199 ], [ -106.252555847167997, 31.315799713134801 ], [ -106.261878967285, 31.2865600585938 ], [ -106.252731323242003, 31.259361267089901 ], [ -106.274513244629006, 31.226671218871999 ], [ -106.270462036132997, 31.195329666137798 ], [ -106.277656555175994, 31.18217086792 ], [ -106.412139892577997, 31.150140762329201 ], [ -106.450996398925994, 31.152368545532301 ], [ -106.476417541504006, 31.1266994476319 ], [ -106.507209777832003, 31.114017486572301 ], [ -106.526351928710994, 31.1147193908693 ], [ -106.537033081055, 31.135900497436602 ], [ -106.57389831543, 31.149530410766701 ], [ -106.628318786620994, 31.129680633544901 ], [ -106.658447265625, 31.141471862793001 ], [ -106.683280944824006, 31.1227912902832 ], [ -106.69140625, 31.124340057373001 ], [ -106.764122009277003, 31.227291107177699 ], [ -106.780670166015994, 31.261970520019499 ], [ -106.787979125975994, 31.3066806793213 ], [ -106.836608886719006, 31.344070434570401 ], [ -106.782577514647997, 31.370069503784201 ], [ -106.729049682617003, 31.379810333251999 ], [ -106.65690612793, 31.4098796844482 ], [ -106.629646301269005, 31.410989761352599 ], [ -106.628570556640994, 31.423549652099599 ], [ -106.650756835937997, 31.4358005523682 ], [ -106.635986328125, 31.460699081421001 ], [ -106.651756286620994, 31.467830657958999 ], [ -106.664352416992003, 31.489490509033299 ], [ -106.639991760254006, 31.513191223144599 ], [ -106.641899108887003, 31.534309387206999 ], [ -106.630737304687997, 31.557859420776499 ], [ -106.751510620117003, 31.553659439086999 ], [ -106.750411987305, 31.564439773559702 ], [ -106.730651855469006, 31.579210281372099 ], [ -106.735122680664006, 31.60311126709 ], [ -106.72248840332, 31.633699417114201 ], [ -106.719970703125, 31.667240142822301 ], [ -106.736480712890994, 31.704860687256001 ], [ -106.773956298827997, 31.742490768432699 ], [ -106.783317565917997, 31.784137725830099 ] ] ] } },
{ "type": "Feature", "properties": { "NAME_1": "Chihuahua", "NAME_2": "Julimes" }, "geometry": { "type": "Polygon", "coordinates": [ [ [ -105.469535827637003, 28.311660766601602 ], [ -105.471862792969006, 28.365570068359499 ], [ -105.496788024902003, 28.405389785766701 ], [ -105.526229858397997, 28.4325981140138 ], [ -105.537773132324006, 28.503362655639702 ], [ -105.571395874022997, 28.595640182495099 ], [ -105.55216217041, 28.630250930786101 ], [ -105.493988037109006, 28.668760299682699 ], [ -105.500686645507997, 28.699720382690401 ], [ -105.487701416015994, 28.7121601104737 ], [ -105.456008911132997, 28.722299575805799 ], [ -105.376220703125, 28.768550872802699 ], [ -105.335372924805, 28.803319931030298 ], [ -105.307823181152003, 28.8044319152832 ], [ -105.267906188965, 28.777811050415199 ], [ -105.251052856445, 28.775501251220799 ], [ -105.164161682129006, 28.823699951171999 ], [ -105.136436462402003, 28.812129974365298 ], [ -105.107772827147997, 28.787660598754901 ], [ -105.08422088623, 28.782171249389599 ], [ -105.064292907715, 28.745740890502901 ], [ -105.012832641602003, 28.773500442504901 ], [ -104.971946716309006, 28.752710342407202 ], [ -104.938591003417997, 28.776760101318398 ], [ -104.891021728515994, 28.8276596069337 ], [ -104.815818786620994, 28.801700592041101 ], [ -104.719017028809006, 28.812322616577202 ], [ -104.726142883300994, 28.790580749511701 ], [ -104.715026855469006, 28.78470993042 ], [ -104.677642822265994, 28.800310134887798 ], [ -104.682983398437997, 28.7658596038819 ], [ -104.664337158202997, 28.7553405761719 ], [ -104.661247253417997, 28.745611190796001 ], [ -104.668846130370994, 28.724950790405298 ], [ -104.665283203125, 28.668260574340898 ], [ -104.678268432617003, 28.660680770873999 ], [ -104.678016662597997, 28.648820877075298 ], [ -104.693870544434006, 28.640729904174901 ], [ -104.68815612793, 28.630800247192401 ], [ -104.665283203125, 28.626480102539201 ], [ -104.67488861084, 28.612119674682699 ], [ -104.669319152832003, 28.535230636596701 ], [ -104.666175842285, 28.520900726318501 ], [ -104.650856018065994, 28.5111999511719 ], [ -104.659103393555, 28.4735412597657 ], [ -104.646347045897997, 28.4176216125488 ], [ -104.664703369140994, 28.3901176452637 ], [ -104.661743164062003, 28.3353805541993 ], [ -104.681526184082003, 28.329980850219702 ], [ -104.702857971190994, 28.339149475097699 ], [ -104.720008850097997, 28.302431106567401 ], [ -104.71549987793, 28.2771911621094 ], [ -104.731452941894005, 28.2670097351075 ], [ -104.73934173584, 28.2486495971681 ], [ -104.75927734375, 28.244419097900401 ], [ -104.787940979004006, 28.254640579223601 ], [ -104.819038391112997, 28.253751754760899 ], [ -104.851280212402003, 28.282590866088899 ], [ -104.88697052002, 28.281490325927798 ], [ -104.894966125487997, 28.286809921264599 ], [ -104.910026550292997, 28.332880020141602 ], [ -104.948127746582003, 28.341030120849702 ], [ -105.024642944335994, 28.3042507171631 ], [ -105.080101013184006, 28.300991058349702 ], [ -105.135238647460994, 28.3086681365968 ], [ -105.312187194824006, 28.355819702148601 ], [ -105.317672729492003, 28.3426208496094 ], [ -105.338081359862997, 28.343240737915099 ], [ -105.350936889647997, 28.323890686035199 ], [ -105.375526428222997, 28.3136100769044 ], [ -105.422203063965, 28.3059902191163 ], [ -105.469535827637003, 28.311660766601602 ] ] ] } },
{ "type": "Feature", "properties": { "NAME_1": "Chihuahua", "NAME_2": "La Cruz" }, "geometry": { "type": "Polygon", "coordinates": [ [ [ -105.321357727050994, 27.827161788940401 ], [ -105.350936889647997, 27.828039169311602 ], [ -105.385917663574006, 27.848068237304702 ], [ -105.387145996094006, 27.884189605712901 ], [ -105.368057250975994, 27.9133205413818 ], [ -105.406127929687997, 27.921079635620199 ], [ -105.42024230957, 27.936042785644599 ], [ -105.354591369629006, 27.9663906097412 ], [ -105.327056884765994, 27.961420059204201 ], [ -105.319816589355, 27.975692749023601 ], [ -105.325202941894005, 27.994552612304702 ], [ -105.275405883789006, 28.039079666137798 ], [ -105.244987487792997, 28.048040390014599 ], [ -105.226997375487997, 28.024610519409201 ], [ -105.169410705565994, 28.0683612823487 ], [ -105.140266418457003, 28.06715965271 ], [ -105.088958740234006, 28.047449111938601 ], [ -104.979217529297003, 28.032909393310501 ], [ -104.939392089844006, 28.0406608581544 ], [ -104.909896850585994, 28.007551193237301 ], [ -104.923530578612997, 27.975521087646499 ], [ -104.890579223632997, 27.95804977417 ], [ -104.886741638184006, 27.913639068603601 ], [ -104.84937286377, 27.8819694519044 ], [ -104.850448608397997, 27.874629974365298 ], [ -104.880638122559006, 27.8585395812988 ], [ -104.934051513672003, 27.861549377441399 ], [ -104.943046569824006, 27.8437805175781 ], [ -104.955848693847997, 27.838039398193398 ], [ -104.987586975097997, 27.845848083496001 ], [ -104.994445800780994, 27.834980010986399 ], [ -104.981475830077997, 27.8261108398438 ], [ -104.984657287597997, 27.8178215026856 ], [ -105.032623291015994, 27.807001113891602 ], [ -105.086433410644005, 27.7806911468506 ], [ -105.110366821289006, 27.7901611328125 ], [ -105.115516662597997, 27.817979812622099 ], [ -105.127693176269005, 27.825941085815501 ], [ -105.157081604004006, 27.803150177001999 ], [ -105.192596435547003, 27.811769485473601 ], [ -105.206809997559006, 27.7925205230713 ], [ -105.217628479004006, 27.790002822875898 ], [ -105.251083374022997, 27.814479827880898 ], [ -105.266212463379006, 27.857450485229499 ], [ -105.321357727050994, 27.827161788940401 ] ] ] } },
{ "type": "Feature", "properties": { "NAME_1": "Chihuahua", "NAME_2": "López" }, "geometry": { "type": "Polygon", "coordinates": [ [ [ -105.351608276367003, 26.962490081787099 ], [ -105.371841430664006, 27.060319900512699 ], [ -105.394676208495994, 27.110450744628999 ], [ -105.39485168457, 27.175239562988299 ], [ -105.3388671875, 27.202039718628001 ], [ -105.217979431152003, 27.2311210632325 ], [ -105.181228637695, 27.247011184692401 ], [ -105.173622131347997, 27.228401184082099 ], [ -105.183776855469006, 27.1993503570557 ], [ -105.164436340332003, 27.161079406738398 ], [ -105.207366943359006, 27.1503200531007 ], [ -105.220222473144005, 27.135860443115199 ], [ -105.221496582030994, 27.112930297851602 ], [ -105.15576171875, 27.060260772705199 ], [ -105.10977935791, 27.037401199340799 ], [ -105.083068847655994, 26.996360778808601 ], [ -105.05500793457, 26.983100891113398 ], [ -105.034980773925994, 26.938829421997099 ], [ -104.97966003418, 26.942449569702301 ], [ -104.918197631835994, 26.927320480346701 ], [ -104.921562194824006, 26.87034034729 ], [ -104.903800964355, 26.7104301452637 ], [ -105.014610290527003, 26.7239303588868 ], [ -105.072982788085994, 26.768070220947401 ], [ -105.09398651123, 26.7540702819825 ], [ -105.13159942627, 26.757261276245199 ], [ -105.160507202147997, 26.7344703674318 ], [ -105.172996520995994, 26.735450744628899 ], [ -105.188339233397997, 26.774061203002901 ], [ -105.227561950684006, 26.7989311218262 ], [ -105.24299621582, 26.822771072387798 ], [ -105.235176086425994, 26.927141189575199 ], [ -105.274223327637003, 26.9334201812744 ], [ -105.293769836425994, 26.922929763793899 ], [ -105.312446594237997, 26.943380355835099 ], [ -105.351608276367003, 26.962490081787099 ] ] ] } },
{ "type": "Feature", "properties": { "NAME_1": "Chihuahua", "NAME_2": "Madera" }, "geometry": { "type": "Polygon", "coordinates": [ [ [ -108.610832214355, 28.796150207519499 ], [ -108.639808654785, 28.884750366211101 ], [ -108.632843017577997, 28.912479400634901 ], [ -108.603622436522997, 28.946170806884801 ], [ -108.624389648437997, 28.993680953979499 ], [ -108.62491607666, 29.028551101684599 ], [ -108.616203308105, 29.042341232299801 ], [ -108.565795898437003, 29.0725708007813 ], [ -108.56965637207, 29.137008666992202 ], [ -108.561912536620994, 29.1670608520507 ], [ -108.551170349120994, 29.177852630615199 ], [ -108.506790161132997, 29.1904602050782 ], [ -108.495498657227003, 29.203550338745199 ], [ -108.504508972167997, 29.412788391113299 ], [ -108.498802185059006, 29.438341140746999 ], [ -108.464202880859006, 29.480791091918999 ], [ -108.467185974120994, 29.567100524902301 ], [ -108.496360778809006, 29.751510620117202 ], [ -108.493339538574006, 29.779600143432699 ], [ -108.505867004395, 29.8036994934082 ], [ -108.545936584472997, 29.813940048217901 ], [ -108.560913085937997, 29.834400177001999 ], [ -108.543518066405994, 29.906101226806602 ], [ -108.484230041504006, 29.91974067688 ], [ -108.359901428222997, 29.967479705810501 ], [ -108.329109191894005, 29.967300415039102 ], [ -108.295768737792997, 29.986679077148398 ], [ -108.269691467285, 29.989240646362401 ], [ -108.236236572265994, 29.9793300628663 ], [ -108.216491699219006, 30.000698089599599 ], [ -108.160179138184006, 29.9086093902588 ], [ -108.118186950684006, 29.882820129394599 ], [ -108.098976135254006, 29.8255710601807 ], [ -108.054092407227003, 29.735710144043001 ], [ -108.043746948242003, 29.734119415283299 ], [ -108.037841796875, 29.748140335083001 ], [ -108.025115966797003, 29.748899459838999 ], [ -107.999656677245994, 29.735242843627901 ], [ -107.950820922852003, 29.728942871093899 ], [ -107.943016052245994, 29.7170810699463 ], [ -107.94660949707, 29.699792861938601 ], [ -107.933547973632997, 29.6986999511719 ], [ -107.932106018065994, 29.6550598144532 ], [ -107.802223205565994, 29.686742782592901 ], [ -107.786666870117003, 29.677671432495099 ], [ -107.749877929687997, 29.676799774169901 ], [ -107.727729797362997, 29.659370422363299 ], [ -107.727317810059006, 29.641660690307699 ], [ -107.743125915527003, 29.628099441528398 ], [ -107.734992980957003, 29.606452941894599 ], [ -107.762916564940994, 29.585872650146499 ], [ -107.755172729492003, 29.566297531128001 ], [ -107.733428955077997, 29.5477008819581 ], [ -107.739807128905994, 29.535800933838001 ], [ -107.739677429199006, 29.4912509918213 ], [ -107.709381103515994, 29.458248138427699 ], [ -107.713088989257997, 29.410049438476701 ], [ -107.741172790527003, 29.389669418335 ], [ -107.734786987305, 29.328569412231499 ], [ -107.76212310791, 29.3043098449707 ], [ -107.778099060059006, 29.2612915039062 ], [ -107.797660827637003, 29.239549636840898 ], [ -107.818862915039006, 29.230190277099702 ], [ -107.825256347655994, 29.200969696044901 ], [ -107.923767089844006, 29.172260284423899 ], [ -107.938446044922003, 29.1401081085206 ], [ -107.964965820312003, 29.148679733276499 ], [ -107.980628967285, 29.1190490722656 ], [ -108.012016296387003, 29.0943698883057 ], [ -107.982032775879006, 29.0789394378662 ], [ -108.006408691405994, 29.0664501190187 ], [ -108.024139404297003, 29.039091110229499 ], [ -108.042472839355, 29.0305194854737 ], [ -108.078163146972997, 29.047061920166001 ], [ -108.090156555175994, 29.0211105346681 ], [ -108.129623413085994, 28.998170852661101 ], [ -108.128982543945, 28.980770111084102 ], [ -108.111930847167997, 28.9770412445068 ], [ -108.115570068359006, 28.965440750122099 ], [ -108.054382324219006, 28.940629959106499 ], [ -108.052391052245994, 28.915210723876999 ], [ -108.070686340332003, 28.909381866455099 ], [ -108.108512878417997, 28.868820190429702 ], [ -108.130439758300994, 28.875169754028398 ], [ -108.144111633300994, 28.900810241699201 ], [ -108.15901184082, 28.886020660400298 ], [ -108.198448181152003, 28.899900436401399 ], [ -108.196083068847997, 28.847761154174801 ], [ -108.226020812987997, 28.856910705566499 ], [ -108.243301391602003, 28.853010177612401 ], [ -108.22908782959, 28.838260650634801 ], [ -108.219512939452997, 28.804241180419901 ], [ -108.221549987792997, 28.774829864501999 ], [ -108.22966003418, 28.762712478637798 ], [ -108.242218017577997, 28.7600612640381 ], [ -108.254096984862997, 28.774299621582099 ], [ -108.281036376952997, 28.7494812011719 ], [ -108.308067321777003, 28.742040634155401 ], [ -108.355369567870994, 28.748962402343899 ], [ -108.362556457519005, 28.763330459594702 ], [ -108.371139526367003, 28.7647399902344 ], [ -108.408111572265994, 28.749322891235401 ], [ -108.416946411132997, 28.720230102539102 ], [ -108.466850280762003, 28.7129001617432 ], [ -108.486122131347997, 28.717018127441499 ], [ -108.52197265625, 28.7493495941162 ], [ -108.557472229004006, 28.797399520873999 ], [ -108.610832214355, 28.796150207519499 ] ] ] } },
{ "type": "Feature", "properties": { "NAME_1": "Chihuahua", "NAME_2": "Maguarichic" }, "geometry": { "type": "Polygon", "coordinates": [ [ [ -107.72989654541, 27.656879425048899 ], [ -107.837966918945, 27.753820419311602 ], [ -107.896209716797003, 27.793260574340799 ], [ -107.933288574219006, 27.812070846557599 ], [ -108.054908752440994, 27.836931228637599 ], [ -108.051055908202997, 27.861890792846701 ], [ -108.068992614745994, 27.888719558715898 ], [ -108.062828063965, 27.9131793975831 ], [ -108.074882507324006, 27.936470031738299 ], [ -108.068717956542997, 27.978700637817401 ], [ -108.074897766112997, 27.998889923095799 ], [ -108.051811218262003, 28.005899429321399 ], [ -107.995178222655994, 28.005479812622202 ], [ -107.957359313965, 28.020360946655298 ], [ -107.914611816405994, 28.090560913085898 ], [ -107.920951843262003, 28.132490158081101 ], [ -107.914100646972997, 28.1455898284913 ], [ -107.905731201172003, 28.1439094543457 ], [ -107.901321411132997, 28.1237602233887 ], [ -107.859252929687997, 28.089990615844801 ], [ -107.827880859375, 28.0022201538087 ], [ -107.769096374512003, 27.941850662231399 ], [ -107.772712707519005, 27.901100158691499 ], [ -107.750831604004006, 27.8763103485107 ], [ -107.763771057129006, 27.838560104370099 ], [ -107.760948181152003, 27.764600753784201 ], [ -107.736778259277003, 27.698350906372099 ], [ -107.711723327637003, 27.668970108032301 ], [ -107.72989654541, 27.656879425048899 ] ] ] } },
{ "type": "Feature", "properties": { "NAME_1": "Chihuahua", "NAME_2": "Manuel Benavides" }, "geometry": { "type": "Polygon", "coordinates": [ [ [ -104.851470947265994, 29.0101928710938 ], [ -104.828689575195, 28.973649978637798 ], [ -104.732063293457003, 28.915929794311602 ], [ -104.66300201416, 28.927200317382901 ], [ -104.619216918945, 28.8955898284913 ], [ -104.578132629395, 28.905109405517599 ], [ -104.518035888672003, 28.905929565429801 ], [ -104.506370544434006, 28.7804908752443 ], [ -104.471168518065994, 28.776290893554702 ], [ -104.46866607666, 28.7536907196044 ], [ -104.433242797852003, 28.740409851074201 ], [ -104.389686584472997, 28.7063808441163 ], [ -104.356330871582003, 28.701259613037099 ], [ -104.322357177734006, 28.7153606414794 ], [ -104.318702697754006, 28.752500534057699 ], [ -104.338066101074006, 28.790380477905298 ], [ -104.326286315917997, 28.8018894195557 ], [ -104.280265808105, 28.812812805175898 ], [ -104.27237701416, 28.845212936401499 ], [ -104.253677368164006, 28.864179611206101 ], [ -104.265083312987997, 28.881750106811602 ], [ -104.235908508300994, 28.9279594421388 ], [ -104.216102600097997, 28.9446125030518 ], [ -104.217506408690994, 28.9697704315187 ], [ -104.197723388672003, 28.988050460815501 ], [ -104.195472717285, 29.001598358154201 ], [ -104.221138000487997, 29.025781631469702 ], [ -104.214157104492003, 29.058521270751999 ], [ -104.233673095702997, 29.069391250610401 ], [ -104.235626220702997, 29.078821182251001 ], [ -104.226608276367003, 29.098171234130898 ], [ -104.254386901855, 29.130559921264801 ], [ -104.273628234862997, 29.136238098144599 ], [ -104.303169250487997, 29.123720169067401 ], [ -104.339233398437003, 29.146289825439499 ], [ -104.380500793457003, 29.1981105804443 ], [ -104.401626586914006, 29.1974296569825 ], [ -104.424209594727003, 29.229681015014702 ], [ -104.456657409667997, 29.2404594421387 ], [ -104.486312866210994, 29.3007526397706 ], [ -104.473396301269005, 29.315261840820298 ], [ -104.439186096190994, 29.320539474487401 ], [ -104.423072814940994, 29.315252304077099 ], [ -104.413917541504006, 29.2924308776857 ], [ -104.385780334472997, 29.287860870361399 ], [ -104.358489990234006, 29.326810836792099 ], [ -104.333763122559006, 29.343820571899499 ], [ -104.288642883300994, 29.313840866088999 ], [ -104.179939270019005, 29.312011718750099 ], [ -104.134559631347997, 29.2854404449463 ], [ -104.077987670897997, 29.2787609100343 ], [ -104.03515625, 29.242330551147599 ], [ -103.955116271972997, 29.2140007019044 ], [ -103.91813659668, 29.1520481109619 ], [ -103.904235839844006, 29.152879714965898 ], [ -103.860221862792997, 29.189479827880799 ], [ -103.807472229004006, 29.172910690307699 ], [ -103.788848876952997, 29.106571197509801 ], [ -103.761161804199006, 29.108289718627901 ], [ -103.735786437987997, 29.119930267333999 ], [ -103.703048706055, 29.072160720825199 ], [ -103.633110046387003, 29.064527511596701 ], [ -103.554733276367003, 28.9570198059082 ], [ -103.520347595215, 28.946781158447301 ], [ -103.432350158690994, 28.941730499267599 ], [ -103.475646972655994, 28.878488540649499 ], [ -103.474647521972997, 28.866081237792901 ], [ -103.410888671875, 28.847761154174801 ], [ -103.39769744873, 28.829339981079102 ], [ -103.426338195800994, 28.777479171753001 ], [ -103.472923278809006, 28.7847003936768 ], [ -103.49405670166, 28.772809982299801 ], [ -103.563407897949006, 28.631669998169102 ], [ -103.619781494140994, 28.5925197601318 ], [ -103.665061950684006, 28.583150863647599 ], [ -103.703666687012003, 28.596469879150501 ], [ -103.769226074219006, 28.603809356689499 ], [ -103.781631469727003, 28.6277675628663 ], [ -103.806365966797003, 28.628780364990199 ], [ -103.803680419922003, 28.651990890503001 ], [ -103.811157226562003, 28.671800613403299 ], [ -103.8447265625, 28.684810638427699 ], [ -103.864372253417997, 28.648780822753999 ], [ -103.876892089844006, 28.643770217895501 ], [ -103.945121765137003, 28.6525783538819 ], [ -103.987297058105, 28.667039871215799 ], [ -104.052673339844006, 28.714771270751999 ], [ -104.096961975097997, 28.782751083373999 ], [ -104.116996765137003, 28.774040222168001 ], [ -104.161399841309006, 28.774620056152401 ], [ -104.14998626709, 28.746881484985501 ], [ -104.156341552734006, 28.740760803222798 ], [ -104.174263000487997, 28.746910095214801 ], [ -104.178527832030994, 28.677829742431701 ], [ -104.191352844237997, 28.644069671630898 ], [ -104.210388183594006, 28.625501632690501 ], [ -104.266181945800994, 28.6197204589844 ], [ -104.283279418945, 28.621589660644499 ], [ -104.316307067870994, 28.64621925354 ], [ -104.386390686035, 28.647701263427798 ], [ -104.402626037597997, 28.6563510894775 ], [ -104.411743164062003, 28.676069259643501 ], [ -104.451179504394005, 28.687110900878999 ], [ -104.479362487792997, 28.717220306396399 ], [ -104.53385925293, 28.726190567016602 ], [ -104.561042785644005, 28.785039901733398 ], [ -104.589157104492003, 28.782180786132798 ], [ -104.66414642334, 28.801742553711001 ], [ -104.715026855469006, 28.78470993042 ], [ -104.726142883300994, 28.790580749511701 ], [ -104.719017028809006, 28.812322616577202 ], [ -104.815818786620994, 28.801700592041101 ], [ -104.891021728515994, 28.8276596069337 ], [ -104.938591003417997, 28.776760101318398 ], [ -104.971946716309006, 28.752710342407202 ], [ -105.012832641602003, 28.773500442504901 ], [ -105.064292907715, 28.745740890502901 ], [ -105.08422088623, 28.782171249389599 ], [ -105.064765930175994, 28.825590133667099 ], [ -105.081123352050994, 28.871732711792099 ], [ -105.092727661132997, 28.888708114624102 ], [ -105.117958068847997, 28.8808097839357 ], [ -105.109596252440994, 28.9521999359132 ], [ -105.083236694335994, 28.974647521972699 ], [ -105.079772949219006, 29.000890731811499 ], [ -105.058647155762003, 29.008638381958001 ], [ -104.999893188477003, 29.009550094604499 ], [ -104.944068908690994, 28.994310379028299 ], [ -104.922088623047003, 28.9794311523438 ], [ -104.889991760254006, 29.000181198120099 ], [ -104.851470947265994, 29.0101928710938 ] ] ] } },
{ "type": "Feature", "properties": { "NAME_1": "Chihuahua", "NAME_2": "Matachic" }, "geometry": { "type": "Polygon", "coordinates": [ [ [ -107.702842712402003, 28.719699859619102 ], [ -107.714881896972997, 28.736640930175799 ], [ -107.751091003417997, 28.744449615478601 ], [ -107.757202148437003, 28.754070281982401 ], [ -107.704467773437997, 28.918859481811602 ], [ -107.687400817870994, 28.928699493408299 ], [ -107.676643371582003, 28.947242736816499 ], [ -107.66136932373, 28.949541091918899 ], [ -107.665321350097997, 28.9950904846193 ], [ -107.625846862792997, 29.025110244751001 ], [ -107.592330932617003, 28.999950408935501 ], [ -107.501106262207003, 28.996421813964801 ], [ -107.485458374022997, 28.971940994262798 ], [ -107.494728088379006, 28.941471099853601 ], [ -107.479637145995994, 28.869819641113299 ], [ -107.492317199707003, 28.860868453979599 ], [ -107.526390075684006, 28.8731803894044 ], [ -107.542770385742003, 28.8672103881837 ], [ -107.534530639647997, 28.841342926025501 ], [ -107.541809082030994, 28.821641921997202 ], [ -107.535026550292997, 28.801500320434599 ], [ -107.550361633300994, 28.76003074646 ], [ -107.60302734375, 28.7451095581056 ], [ -107.638740539550994, 28.757459640503001 ], [ -107.667846679687997, 28.712818145752099 ], [ -107.681419372559006, 28.7087001800537 ], [ -107.702842712402003, 28.719699859619102 ] ] ] } },
{ "type": "Feature", "properties": { "NAME_1": "Chihuahua", "NAME_2": "Matamoros" }, "geometry": { "type": "Polygon", "coordinates": [ [ [ -105.596786499022997, 26.553380966186499 ], [ -105.635612487792997, 26.541030883788999 ], [ -105.66227722168, 26.579420089721701 ], [ -105.711242675780994, 26.582960128784201 ], [ -105.773422241210994, 26.632041931152301 ], [ -105.811897277832003, 26.6254997253419 ], [ -105.849472045897997, 26.6433200836182 ], [ -105.852462768555, 26.700750350952202 ], [ -105.810417175292997, 26.7570705413819 ], [ -105.810485839844006, 26.777469635009801 ], [ -105.792236328125, 26.799610137939499 ], [ -105.801948547362997, 26.8101806640625 ], [ -105.828239440917997, 26.817440032959102 ], [ -105.846832275390994, 26.856330871581999 ], [ -105.840866088867003, 26.888320922851701 ], [ -105.818176269530994, 26.904140472412099 ], [ -105.807006835937003, 26.924390792846701 ], [ -105.748573303222997, 26.922870635986399 ], [ -105.710983276367003, 26.9669494628906 ], [ -105.672897338867003, 26.972770690918001 ], [ -105.661437988280994, 26.922819137573399 ], [ -105.647308349609006, 26.911430358886701 ], [ -105.515319824219006, 26.896530151367301 ], [ -105.513786315917997, 26.7476310729982 ], [ -105.497222900390994, 26.7032794952393 ], [ -105.505867004395, 26.693250656127901 ], [ -105.563735961914006, 26.6911296844482 ], [ -105.56273651123, 26.665250778198299 ], [ -105.592826843262003, 26.629100799560501 ], [ -105.580223083495994, 26.602090835571399 ], [ -105.581932067870994, 26.5878429412843 ], [ -105.606597900390994, 26.575639724731399 ], [ -105.596786499022997, 26.553380966186499 ] ] ] } },
{ "type": "Feature", "properties": { "NAME_1": "Chihuahua", "NAME_2": "Meoqui" }, "geometry": { "type": "Polygon", "coordinates": [ [ [ -105.597946166992003, 28.276920318603601 ], [ -105.643417358397997, 28.294700622558601 ], [ -105.689979553222997, 28.355592727661101 ], [ -105.745697021484006, 28.373540878296001 ], [ -105.746482849120994, 28.3937091827393 ], [ -105.73713684082, 28.403829574585099 ], [ -105.697227478027003, 28.4028415679931 ], [ -105.626976013182997, 28.468900680542099 ], [ -105.577713012695, 28.4947319030762 ], [ -105.537773132324006, 28.503362655639702 ], [ -105.526229858397997, 28.4325981140138 ], [ -105.496788024902003, 28.405389785766701 ], [ -105.471862792969006, 28.365570068359499 ], [ -105.469535827637003, 28.311660766601602 ], [ -105.50170135498, 28.2734699249269 ], [ -105.511138916015994, 28.245588302612301 ], [ -105.522239685059006, 28.240432739257901 ], [ -105.546188354492003, 28.242351531982401 ], [ -105.593803405762003, 28.285728454589801 ], [ -105.597946166992003, 28.276920318603601 ] ] ] } },
{ "type": "Feature", "properties": { "NAME_1": "Chihuahua", "NAME_2": "Morelos" }, "geometry": { "type": "Polygon", "coordinates": [ [ [ -107.806488037109006, 26.336139678955099 ], [ -107.865997314452997, 26.432970046997099 ], [ -107.927536010742003, 26.509849548339901 ], [ -107.92610168457, 26.561767578125099 ], [ -107.933708190917997, 26.5844707489013 ], [ -107.94677734375, 26.598939895629901 ], [ -107.990249633789006, 26.6173610687256 ], [ -107.998596191405994, 26.6326198577881 ], [ -108.003227233887003, 26.656600952148601 ], [ -107.981323242187997, 26.7082710266113 ], [ -107.990013122559006, 26.742591857910298 ], [ -107.958312988280994, 26.760868072509801 ], [ -107.950782775879006, 26.774700164795 ], [ -107.931312561035, 26.779800415039201 ], [ -107.909027099609006, 26.7399005889893 ], [ -107.908332824707003, 26.7228507995607 ], [ -107.897186279297003, 26.7134704589844 ], [ -107.866027832030994, 26.7174301147462 ], [ -107.831108093262003, 26.702299118042099 ], [ -107.815979003905994, 26.710149765014801 ], [ -107.788650512695, 26.708919525146602 ], [ -107.77702331543, 26.7209796905518 ], [ -107.783020019530994, 26.743810653686602 ], [ -107.751922607422003, 26.761470794677699 ], [ -107.783386230469006, 26.785621643066499 ], [ -107.831741333007997, 26.781131744384801 ], [ -107.838600158690994, 26.815122604370099 ], [ -107.829940795897997, 26.831739425659201 ], [ -107.800170898437997, 26.812059402465898 ], [ -107.762802124022997, 26.8082294464112 ], [ -107.749900817870994, 26.7971210479737 ], [ -107.718193054199006, 26.802829742431602 ], [ -107.670692443847997, 26.782119750976499 ], [ -107.600807189940994, 26.7712306976318 ], [ -107.557319641112997, 26.753152847290199 ], [ -107.523536682129006, 26.744970321655298 ], [ -107.493316650390994, 26.7477626800537 ], [ -107.455207824707003, 26.632261276245199 ], [ -107.461349487305, 26.556659698486399 ], [ -107.466941833495994, 26.551631927490199 ], [ -107.480155944824006, 26.562751770019599 ], [ -107.506370544434006, 26.552459716796999 ], [ -107.56201171875, 26.493360519409201 ], [ -107.600151062012003, 26.469640731811499 ], [ -107.610816955565994, 26.456739425659201 ], [ -107.621513366699006, 26.4074802398682 ], [ -107.691360473632997, 26.383350372314599 ], [ -107.735786437987997, 26.342210769653398 ], [ -107.806488037109006, 26.336139678955099 ] ] ] } },
{ "type": "Feature", "properties": { "NAME_1": "Chihuahua", "NAME_2": "Moris" }, "geometry": { "type": "Polygon", "coordinates": [ [ [ -108.852149963379006, 27.953720092773501 ], [ -108.895767211914006, 28.022609710693398 ], [ -108.962440490722997, 28.043462753295898 ], [ -108.984336853027003, 28.073490142822202 ], [ -108.983406066894005, 28.108249664306602 ], [ -108.957153320312003, 28.163499832153299 ], [ -108.967376708984006, 28.176670074462798 ], [ -109.02303314209, 28.2088527679444 ], [ -109.031387329102003, 28.223068237304801 ], [ -108.99437713623, 28.275369644165199 ], [ -108.888153076172003, 28.2970294952393 ], [ -108.835136413574006, 28.325080871582099 ], [ -108.813949584960994, 28.328210830688601 ], [ -108.734657287597997, 28.2782802581788 ], [ -108.713180541992003, 28.2745895385743 ], [ -108.660057067870994, 28.312219619751101 ], [ -108.615379333495994, 28.3118629455568 ], [ -108.57341003418, 28.357812881469801 ], [ -108.530715942382997, 28.364681243896602 ], [ -108.505546569824006, 28.4013404846193 ], [ -108.466636657715, 28.398559570312599 ], [ -108.430137634277003, 28.441299438476701 ], [ -108.389030456542997, 28.435020446777301 ], [ -108.34839630127, 28.4404411315919 ], [ -108.32536315918, 28.3772697448732 ], [ -108.275382995605, 28.345590591430799 ], [ -108.326850891112997, 28.314481735229499 ], [ -108.438606262207003, 28.287830352783299 ], [ -108.441772460937997, 28.277942657470799 ], [ -108.429656982422003, 28.253601074218899 ], [ -108.395729064940994, 28.242750167846701 ], [ -108.391639709472997, 28.2303180694581 ], [ -108.373260498047003, 28.224178314208999 ], [ -108.400352478027003, 28.1815109252931 ], [ -108.422729492187997, 28.166681289673001 ], [ -108.409927368164006, 28.112300872802798 ], [ -108.439056396484006, 28.107990264892699 ], [ -108.456382751465, 28.079360961914102 ], [ -108.513786315917997, 28.040611267089801 ], [ -108.564552307129006, 28.033250808715799 ], [ -108.635398864745994, 28.003900527954201 ], [ -108.735397338867003, 27.940280914306701 ], [ -108.768928527832003, 27.942941665649499 ], [ -108.815818786620994, 27.9210529327393 ], [ -108.852149963379006, 27.953720092773501 ] ] ] } },
{ "type": "Feature", "properties": { "NAME_1": "Chihuahua", "NAME_2": "Namiquipa" }, "geometry": { "type": "Polygon", "coordinates": [ [ [ -107.501106262207003, 28.996421813964801 ], [ -107.480239868164006, 29.0248508453369 ], [ -107.49072265625, 29.0559825897218 ], [ -107.484046936035, 29.1049900054932 ], [ -107.507926940917997, 29.1367702484131 ], [ -107.5107421875, 29.154851913452099 ], [ -107.482116699219006, 29.1915512084962 ], [ -107.472587585449006, 29.2188205718994 ], [ -107.508529663085994, 29.275518417358501 ], [ -107.495597839355, 29.290889739990298 ], [ -107.469535827637003, 29.281330108642599 ], [ -107.447563171387003, 29.3177890777587 ], [ -107.424438476562003, 29.318771362304702 ], [ -107.427467346190994, 29.334329605102699 ], [ -107.41487121582, 29.342340469360501 ], [ -107.463851928710994, 29.417200088501001 ], [ -107.465637207030994, 29.429981231689599 ], [ -107.444267272949006, 29.4611492156982 ], [ -107.416870117187997, 29.462390899658299 ], [ -107.379325866699006, 29.498388290405298 ], [ -107.318290710449006, 29.494180679321399 ], [ -107.299819946289006, 29.505779266357401 ], [ -107.271537780762003, 29.503480911254901 ], [ -107.278945922852003, 29.4699306488037 ], [ -107.266830444335994, 29.487430572509801 ], [ -107.265701293945, 29.504989624023601 ], [ -107.218597412109006, 29.528270721435501 ], [ -107.174018859862997, 29.537349700927798 ], [ -107.062377929687997, 29.543399810791101 ], [ -107.024513244629006, 29.510269165039102 ], [ -106.950286865234006, 29.5171604156494 ], [ -106.944061279297003, 29.498020172119201 ], [ -106.937202453612997, 29.497470855713001 ], [ -106.912528991699006, 29.509109497070298 ], [ -106.868843078612997, 29.512771606445401 ], [ -106.833221435547003, 29.530391693115298 ], [ -106.780860900879006, 29.522100448608501 ], [ -106.760528564452997, 29.5370712280275 ], [ -106.727272033690994, 29.537431716918999 ], [ -106.707870483397997, 29.5488796234131 ], [ -106.558227539062003, 29.557319641113299 ], [ -106.576881408690994, 29.526069641113299 ], [ -106.610069274902003, 29.4959411621094 ], [ -106.636993408202997, 29.433019638061602 ], [ -106.630867004395, 29.325571060180799 ], [ -106.606857299805, 29.259431838989201 ], [ -106.565757751465, 29.232982635498001 ], [ -106.577781677245994, 29.217029571533299 ], [ -106.617073059082003, 29.1977424621582 ], [ -106.666397094727003, 29.230930328369102 ], [ -106.710693359375, 29.228370666503999 ], [ -106.714073181152003, 29.2375602722168 ], [ -106.704597473144005, 29.256280899047901 ], [ -106.730949401855, 29.276800155639702 ], [ -106.736267089844006, 29.319080352783299 ], [ -106.820686340332003, 29.336330413818501 ], [ -106.848747253417997, 29.2928199768068 ], [ -106.833778381347997, 29.270889282226602 ], [ -106.838645935059006, 29.2552394866944 ], [ -106.869178771972997, 29.266160964965799 ], [ -106.880149841309006, 29.2410907745362 ], [ -106.905769348145, 29.239110946655199 ], [ -106.894378662109006, 29.2138404846193 ], [ -106.90983581543, 29.196771621704201 ], [ -106.905082702637003, 29.1845798492432 ], [ -106.879722595215, 29.180540084838999 ], [ -106.874420166015994, 29.171619415283299 ], [ -106.885177612305, 29.143520355224599 ], [ -106.931587219237997, 29.113620758056602 ], [ -106.966041564940994, 29.129520416259801 ], [ -107.018341064452997, 29.121139526367202 ], [ -107.06746673584, 29.152570724487301 ], [ -107.115562438965, 29.140010833740298 ], [ -107.135971069335994, 29.151840209960898 ], [ -107.168151855469006, 29.147830963134801 ], [ -107.217269897460994, 29.172620773315501 ], [ -107.230667114257997, 29.166160583496101 ], [ -107.247932434082003, 29.1397590637207 ], [ -107.267311096190994, 29.1490802764893 ], [ -107.309867858887003, 29.133609771728501 ], [ -107.315391540527003, 29.1031303405762 ], [ -107.341621398925994, 29.1112995147706 ], [ -107.34969329834, 29.1009712219238 ], [ -107.377487182617003, 29.092189788818501 ], [ -107.384552001952997, 29.0779705047607 ], [ -107.371871948242003, 29.030370712280298 ], [ -107.338821411132997, 28.999080657959102 ], [ -107.354682922362997, 28.968339920044102 ], [ -107.381706237792997, 28.958190917968899 ], [ -107.382423400879006, 28.863599777221701 ], [ -107.406158447265994, 28.821861267089801 ], [ -107.410682678222997, 28.865829467773501 ], [ -107.421852111815994, 28.8854999542237 ], [ -107.485771179199006, 28.897981643676701 ], [ -107.494728088379006, 28.941471099853601 ], [ -107.485458374022997, 28.971940994262798 ], [ -107.501106262207003, 28.996421813964801 ] ] ] } },
{ "type": "Feature", "properties": { "NAME_1": "Chihuahua", "NAME_2": "Nonoava" }, "geometry": { "type": "Polygon", "coordinates": [ [ [ -106.500991821289006, 27.4380702972412 ], [ -106.525192260742003, 27.416498184204201 ], [ -106.523490905762003, 27.390510559082099 ], [ -106.588226318359006, 27.389869689941499 ], [ -106.615058898925994, 27.3708000183107 ], [ -106.644653320312003, 27.304910659790199 ], [ -106.60865020752, 27.264940261840799 ], [ -106.664619445800994, 27.2799892425538 ], [ -106.735206604004006, 27.252540588378999 ], [ -106.740142822265994, 27.230321884155298 ], [ -106.756011962890994, 27.223920822143601 ], [ -106.77995300293, 27.194351196289102 ], [ -106.791778564452997, 27.159009933471701 ], [ -106.813789367675994, 27.131280899047901 ], [ -106.843955993652003, 27.135612487793001 ], [ -106.886627197265994, 27.106391906738299 ], [ -106.901786804199006, 27.131019592285199 ], [ -106.950736999512003, 27.107152938842798 ], [ -106.951751708984006, 27.121059417724702 ], [ -106.981536865234006, 27.1344699859619 ], [ -106.983116149902003, 27.171882629394599 ], [ -106.942367553710994, 27.213661193847699 ], [ -107.006309509277003, 27.262859344482401 ], [ -107.015098571777003, 27.3147296905518 ], [ -107.02522277832, 27.3284702301025 ], [ -107.01375579834, 27.3795700073243 ], [ -107.024749755859006, 27.395120620727599 ], [ -107.016227722167997, 27.4222011566162 ], [ -107.031257629394005, 27.497470855712798 ], [ -106.997451782227003, 27.564960479736399 ], [ -106.959236145019005, 27.540990829467901 ], [ -106.941398620605, 27.539939880371101 ], [ -106.917327880859006, 27.5673007965088 ], [ -106.882789611815994, 27.5587482452393 ], [ -106.80150604248, 27.641340255737301 ], [ -106.793556213379006, 27.641849517822202 ], [ -106.785133361815994, 27.609859466552699 ], [ -106.766822814940994, 27.597581863403299 ], [ -106.755577087402003, 27.609388351440501 ], [ -106.748497009277003, 27.641679763793899 ], [ -106.738990783690994, 27.643640518188501 ], [ -106.649406433105, 27.6091918945312 ], [ -106.625923156737997, 27.582090377807699 ], [ -106.642967224120994, 27.543519973755 ], [ -106.63688659668, 27.524650573730401 ], [ -106.589851379395, 27.512439727783299 ], [ -106.572067260742003, 27.493721008300898 ], [ -106.571212768555, 27.480030059814499 ], [ -106.500991821289006, 27.4380702972412 ] ] ] } },
{ "type": "Feature", "properties": { "NAME_1": "Chihuahua", "NAME_2": "Nuevo Casas Grandes" }, "geometry": { "type": "Polygon", "coordinates": [ [ [ -107.721992492675994, 30.840150833129901 ], [ -107.713829040527003, 30.8500900268556 ], [ -107.58097076416, 30.860441207885799 ], [ -107.579658508300994, 30.882392883300799 ], [ -107.516159057617003, 30.9055995941162 ], [ -107.510559082030994, 30.874191284179702 ], [ -107.43920135498, 30.794490814209102 ], [ -107.400512695312003, 30.783309936523601 ], [ -107.311546325682997, 30.7846794128419 ], [ -107.300712585449006, 30.6986808776856 ], [ -107.282287597655994, 30.673419952392599 ], [ -107.285247802734006, 30.652000427246101 ], [ -107.268692016602003, 30.631320953369201 ], [ -107.279396057129006, 30.509571075439499 ], [ -107.240028381347997, 30.4712104797363 ], [ -107.276458740234006, 30.3927612304688 ], [ -107.258522033690994, 30.357040405273601 ], [ -107.260353088379006, 30.342929840087901 ], [ -107.316459655762003, 30.316270828247202 ], [ -107.350326538085994, 30.372760772705199 ], [ -107.389442443847997, 30.402870178222699 ], [ -107.438781738280994, 30.411680221557699 ], [ -107.464736938477003, 30.400260925293001 ], [ -107.504531860352003, 30.4297103881837 ], [ -107.565643310547003, 30.435539245605501 ], [ -107.575675964355, 30.4274196624756 ], [ -107.597610473632997, 30.3472995758057 ], [ -107.56566619873, 30.298538208007798 ], [ -107.52513885498, 30.2863998413087 ], [ -107.520545959472997, 30.241939544677798 ], [ -107.554573059082003, 30.240190505981399 ], [ -107.621696472167997, 30.204969406128001 ], [ -107.677627563477003, 30.196710586547901 ], [ -107.705360412597997, 30.169050216674901 ], [ -107.719657897949006, 30.175979614257901 ], [ -107.73713684082, 30.197071075439599 ], [ -107.744087219237997, 30.223260879516602 ], [ -107.718353271484006, 30.268051147460898 ], [ -107.723426818847997, 30.355381011963001 ], [ -107.700721740722997, 30.377399444580099 ], [ -107.720138549805, 30.4250392913819 ], [ -107.710121154785, 30.5447807312013 ], [ -107.724609375, 30.607559204101602 ], [ -107.725082397460994, 30.656311035156399 ], [ -107.738418579102003, 30.675849914550799 ], [ -107.744880676269005, 30.7363605499268 ], [ -107.731536865234006, 30.766401290893601 ], [ -107.721992492675994, 30.840150833129901 ] ] ] } },
{ "type": "Feature", "properties": { "NAME_1": "Chihuahua", "NAME_2": "Ocampo" }, "geometry": { "type": "Polygon", "coordinates": [ [ [ -108.275382995605, 28.345590591430799 ], [ -108.263717651367003, 28.3338508605957 ], [ -108.136940002440994, 28.3408718109131 ], [ -108.106857299805, 28.308019638061602 ], [ -108.086067199707003, 28.2973098754882 ], [ -108.052810668945, 28.2959499359131 ], [ -108.007270812987997, 28.307010650634801 ], [ -107.96475982666, 28.294330596923899 ], [ -107.990310668945, 28.252479553222798 ], [ -107.976776123047003, 28.215419769287099 ], [ -107.918319702147997, 28.226938247680799 ], [ -107.906509399414006, 28.2138900756837 ], [ -107.904136657715, 28.180461883545 ], [ -107.892723083495994, 28.160280227661101 ], [ -107.919296264647997, 28.136390686035199 ], [ -107.914611816405994, 28.090560913085898 ], [ -107.957359313965, 28.020360946655298 ], [ -107.995178222655994, 28.005479812622202 ], [ -108.051811218262003, 28.005899429321399 ], [ -108.099159240722997, 27.9965000152588 ], [ -108.175811767577997, 28.0477104187013 ], [ -108.193298339844006, 28.047080993652301 ], [ -108.222236633300994, 28.010160446167099 ], [ -108.236106872559006, 28.017879486083999 ], [ -108.237457275390994, 28.034990310668999 ], [ -108.246406555175994, 28.040971755981602 ], [ -108.274230957030994, 28.0264110565187 ], [ -108.3076171875, 28.0366611480713 ], [ -108.344299316405994, 28.032739639282301 ], [ -108.363426208495994, 28.039592742919901 ], [ -108.378158569335994, 28.099260330200298 ], [ -108.409927368164006, 28.112300872802798 ], [ -108.422729492187997, 28.166681289673001 ], [ -108.400352478027003, 28.1815109252931 ], [ -108.373260498047003, 28.224178314208999 ], [ -108.391639709472997, 28.2303180694581 ], [ -108.395729064940994, 28.242750167846701 ], [ -108.429656982422003, 28.253601074218899 ], [ -108.441101074219006, 28.283149719238398 ], [ -108.418212890625, 28.297510147094801 ], [ -108.326850891112997, 28.314481735229499 ], [ -108.275382995605, 28.345590591430799 ] ] ] } },
{ "type": "Feature", "properties": { "NAME_1": "Chihuahua", "NAME_2": "Ojinaga" }, "geometry": { "type": "Polygon", "coordinates": [ [ [ -105.018287658690994, 30.486610412597699 ], [ -104.92414855957, 30.487558364868299 ], [ -104.874336242675994, 30.509098052978601 ], [ -104.867622375487997, 30.442899703979499 ], [ -104.848648071289006, 30.418100357055799 ], [ -104.856781005859006, 30.4122409820557 ], [ -104.856910705565994, 30.387510299682699 ], [ -104.836563110352003, 30.375120162963999 ], [ -104.819061279297003, 30.3749809265137 ], [ -104.812461853027003, 30.361980438232401 ], [ -104.821998596190994, 30.352859497070298 ], [ -104.811965942382997, 30.335441589355501 ], [ -104.795066833495994, 30.327470779418999 ], [ -104.779556274414006, 30.306619644165 ], [ -104.765579223632997, 30.303110122680799 ], [ -104.763542175292997, 30.2770900726318 ], [ -104.749542236327997, 30.273107528686499 ], [ -104.751083374022997, 30.2629718780518 ], [ -104.732490539550994, 30.26194190979 ], [ -104.709457397460994, 30.239110946655401 ], [ -104.705596923827997, 30.2085781097413 ], [ -104.687370300292997, 30.167211532592901 ], [ -104.687522888184006, 30.142009735107401 ], [ -104.697517395019005, 30.1319599151612 ], [ -104.687927246094006, 30.084249496460099 ], [ -104.70775604248, 30.052240371704201 ], [ -104.697113037109006, 30.0412406921388 ], [ -104.705673217772997, 30.0248317718506 ], [ -104.690795898437997, 30.014020919799901 ], [ -104.68766784668, 29.986650466919102 ], [ -104.693412780762003, 29.976318359375099 ], [ -104.683776855469006, 29.973981857299901 ], [ -104.683952331542997, 29.958391189575298 ], [ -104.675849914550994, 29.955070495605501 ], [ -104.68962097168, 29.9375228881837 ], [ -104.686080932617003, 29.9216327667237 ], [ -104.677658081055, 29.903190612793001 ], [ -104.660308837890994, 29.903932571411101 ], [ -104.658531188965, 29.891180038452301 ], [ -104.634185791015994, 29.870660781860401 ], [ -104.624900817870994, 29.845840454101701 ], [ -104.611526489257997, 29.842279434204201 ], [ -104.619781494140994, 29.829561233520501 ], [ -104.608695983887003, 29.829109191894499 ], [ -104.609786987305, 29.820350646972699 ], [ -104.571136474609006, 29.778419494628899 ], [ -104.569702148437003, 29.752340316772599 ], [ -104.552772521972997, 29.741130828857401 ], [ -104.560920715332003, 29.736200332641701 ], [ -104.551116943359006, 29.730190277099702 ], [ -104.546287536620994, 29.699670791626001 ], [ -104.531646728515994, 29.6915607452393 ], [ -104.544288635254006, 29.682319641113299 ], [ -104.536666870117003, 29.6679706573487 ], [ -104.526733398437997, 29.668840408325298 ], [ -104.51335144043, 29.6354503631593 ], [ -104.497276306152003, 29.639331817626999 ], [ -104.469482421875, 29.6207504272462 ], [ -104.465217590332003, 29.609920501708999 ], [ -104.398429870605, 29.572240829467798 ], [ -104.382392883300994, 29.5431098937988 ], [ -104.354972839355, 29.540542602539102 ], [ -104.35230255127, 29.529640197753999 ], [ -104.336120605469006, 29.521110534668001 ], [ -104.313133239745994, 29.5330410003662 ], [ -104.308486938477003, 29.524499893188601 ], [ -104.250427246094006, 29.5070705413819 ], [ -104.237396240234006, 29.498401641845799 ], [ -104.231323242187997, 29.482120513916001 ], [ -104.212532043457003, 29.483770370483501 ], [ -104.214706420897997, 29.454320907592798 ], [ -104.182426452637003, 29.427581787109499 ], [ -104.166107177734006, 29.394720077514801 ], [ -104.125099182129006, 29.380680084228601 ], [ -104.119941711425994, 29.371700286865298 ], [ -104.10856628418, 29.374891281128001 ], [ -104.088500976562003, 29.349950790405298 ], [ -104.04810333252, 29.326229095458899 ], [ -103.974502563477003, 29.297290802001999 ], [ -103.928382873535, 29.2952995300294 ], [ -103.891616821289006, 29.281030654907202 ], [ -103.847717285155994, 29.281681060791101 ], [ -103.832679748535, 29.2730407714844 ], [ -103.811798095702997, 29.273771286010899 ], [ -103.79914855957, 29.259992599487401 ], [ -103.783210754394005, 29.266061782836999 ], [ -103.775260925292997, 29.252109527587901 ], [ -103.782386779785, 29.236249923706001 ], [ -103.777069091797003, 29.222667694091701 ], [ -103.759757995605, 29.23291015625 ], [ -103.757698059082003, 29.221969604492301 ], [ -103.745086669922003, 29.2205696105956 ], [ -103.722068786620994, 29.184640884399499 ], [ -103.65934753418, 29.171640396118299 ], [ -103.649337768555, 29.157751083374102 ], [ -103.61311340332, 29.164930343627901 ], [ -103.589019775390994, 29.151508331298899 ], [ -103.552177429199006, 29.156852722168001 ], [ -103.548606872559006, 29.146419525146499 ], [ -103.526901245117003, 29.139320373535199 ], [ -103.523582458495994, 29.122449874877901 ], [ -103.503509521484006, 29.1166706085206 ], [ -103.490081787109006, 29.095069885253999 ], [ -103.471397399902003, 29.085119247436602 ], [ -103.474746704102003, 29.065269470214801 ], [ -103.454193115234006, 29.072362899780401 ], [ -103.432189941405994, 29.044599533081101 ], [ -103.38948059082, 29.0330905914307 ], [ -103.385459899902003, 29.024240493774499 ], [ -103.432350158690994, 28.941730499267599 ], [ -103.520347595215, 28.946781158447301 ], [ -103.554733276367003, 28.9570198059082 ], [ -103.633110046387003, 29.064527511596701 ], [ -103.703048706055, 29.072160720825199 ], [ -103.735786437987997, 29.119930267333999 ], [ -103.761161804199006, 29.108289718627901 ], [ -103.788848876952997, 29.106571197509801 ], [ -103.807472229004006, 29.172910690307699 ], [ -103.860221862792997, 29.189479827880799 ], [ -103.904235839844006, 29.152879714965898 ], [ -103.91813659668, 29.1520481109619 ], [ -103.955116271972997, 29.2140007019044 ], [ -104.03515625, 29.242330551147599 ], [ -104.077987670897997, 29.2787609100343 ], [ -104.134559631347997, 29.2854404449463 ], [ -104.179939270019005, 29.312011718750099 ], [ -104.288642883300994, 29.313840866088999 ], [ -104.333763122559006, 29.343820571899499 ], [ -104.358489990234006, 29.326810836792099 ], [ -104.385780334472997, 29.287860870361399 ], [ -104.413917541504006, 29.2924308776857 ], [ -104.423072814940994, 29.315252304077099 ], [ -104.439186096190994, 29.320539474487401 ], [ -104.473396301269005, 29.315261840820298 ], [ -104.486312866210994, 29.3007526397706 ], [ -104.456657409667997, 29.2404594421387 ], [ -104.424209594727003, 29.229681015014702 ], [ -104.401626586914006, 29.1974296569825 ], [ -104.380500793457003, 29.1981105804443 ], [ -104.339233398437003, 29.146289825439499 ], [ -104.303169250487997, 29.123720169067401 ], [ -104.273628234862997, 29.136238098144599 ], [ -104.254386901855, 29.130559921264801 ], [ -104.226608276367003, 29.098171234130898 ], [ -104.235626220702997, 29.078821182251001 ], [ -104.233673095702997, 29.069391250610401 ], [ -104.214157104492003, 29.058521270751999 ], [ -104.221138000487997, 29.025781631469702 ], [ -104.195472717285, 29.001598358154201 ], [ -104.197723388672003, 28.988050460815501 ], [ -104.217506408690994, 28.9697704315187 ], [ -104.216102600097997, 28.9446125030518 ], [ -104.235908508300994, 28.9279594421388 ], [ -104.265083312987997, 28.881750106811602 ], [ -104.253677368164006, 28.864179611206101 ], [ -104.27237701416, 28.845212936401499 ], [ -104.280265808105, 28.812812805175898 ], [ -104.326286315917997, 28.8018894195557 ], [ -104.338066101074006, 28.790380477905298 ], [ -104.318702697754006, 28.752500534057699 ], [ -104.322357177734006, 28.7153606414794 ], [ -104.356330871582003, 28.701259613037099 ], [ -104.389686584472997, 28.7063808441163 ], [ -104.433242797852003, 28.740409851074201 ], [ -104.46866607666, 28.7536907196044 ], [ -104.471168518065994, 28.776290893554702 ], [ -104.506370544434006, 28.7804908752443 ], [ -104.518035888672003, 28.905929565429801 ], [ -104.578132629395, 28.905109405517599 ], [ -104.619216918945, 28.8955898284913 ], [ -104.66300201416, 28.927200317382901 ], [ -104.732063293457003, 28.915929794311602 ], [ -104.828689575195, 28.973649978637798 ], [ -104.851776123047003, 29.005430221557699 ], [ -104.847236633300994, 29.022300720214801 ], [ -104.659950256347997, 29.195569992065501 ], [ -104.661201477050994, 29.201868057251001 ], [ -104.692726135254006, 29.197980880737301 ], [ -104.699676513672003, 29.208459854126101 ], [ -104.700447082519005, 29.246000289916999 ], [ -104.668617248535, 29.290149688720799 ], [ -104.666679382324006, 29.306940078735401 ], [ -104.710243225097997, 29.343381881713899 ], [ -104.7734375, 29.420780181884901 ], [ -104.809936523437003, 29.555089950561602 ], [ -104.837516784667997, 29.6102104187013 ], [ -104.900833129882997, 29.667699813842699 ], [ -104.934127807617003, 29.683040618896602 ], [ -104.965553283690994, 29.709299087524499 ], [ -104.969902038574006, 29.767520904541101 ], [ -104.957283020019005, 29.7817783355713 ], [ -104.957466125487997, 29.793350219726602 ], [ -104.981498718262003, 29.835340499878001 ], [ -104.960266113280994, 29.8524703979493 ], [ -104.957771301269005, 29.879188537597699 ], [ -104.933403015137003, 29.884830474853601 ], [ -104.955009460449006, 29.897109985351602 ], [ -104.944671630859006, 29.915149688720799 ], [ -104.965660095215, 29.9374504089356 ], [ -104.933906555175994, 29.945011138916001 ], [ -104.928337097167997, 29.966690063476602 ], [ -104.902732849120994, 30.0016708374025 ], [ -104.908157348632997, 30.010820388793999 ], [ -104.947280883789006, 30.0042629241944 ], [ -104.924507141112997, 30.0459899902344 ], [ -104.932571411132997, 30.0659904479981 ], [ -104.905487060547003, 30.089189529418899 ], [ -104.908912658690994, 30.110500335693501 ], [ -104.8984375, 30.123409271240298 ], [ -104.906326293945, 30.1591300964357 ], [ -104.893775939940994, 30.184400558471602 ], [ -104.919639587402003, 30.2012119293213 ], [ -104.946441650390994, 30.1868705749512 ], [ -104.955223083495994, 30.1910305023194 ], [ -104.959587097167997, 30.248029708862401 ], [ -104.977981567382997, 30.288740158081101 ], [ -104.98104095459, 30.373741149902401 ], [ -104.974983215332003, 30.393980026245199 ], [ -105.014877319335994, 30.458259582519599 ], [ -105.018287658690994, 30.486610412597699 ] ] ] } },
{ "type": "Feature", "properties": { "NAME_1": "Chihuahua", "NAME_2": "Praxedis G. Guerrero" }, "geometry": { "type": "Polygon", "coordinates": [ [ [ -106.041976928710994, 31.395902633667099 ], [ -106.004623413085994, 31.391630172729499 ], [ -105.976692199707003, 31.369800567626999 ], [ -105.954788208007997, 31.364110946655298 ], [ -105.939613342285, 31.3182697296143 ], [ -105.908706665039006, 31.313970565795898 ], [ -105.893623352050994, 31.290981292724702 ], [ -105.872695922852003, 31.2911701202393 ], [ -105.807662963867003, 31.2170314788818 ], [ -105.834976196289006, 31.197320938110401 ], [ -105.848526000977003, 31.163129806518601 ], [ -105.874229431152003, 31.153379440307599 ], [ -105.869636535645, 31.108520507812599 ], [ -105.933082580565994, 31.0658683776857 ], [ -105.97274017334, 31.063890457153398 ], [ -106.011222839355, 31.091009140014599 ], [ -106.040046691895, 31.097791671753001 ], [ -106.051666259765994, 31.1280212402344 ], [ -106.074638366699006, 31.134700775146499 ], [ -106.095306396484006, 31.157981872558601 ], [ -106.108291625977003, 31.193660736084102 ], [ -106.111442565917997, 31.223890304565501 ], [ -106.088676452637003, 31.240970611572401 ], [ -106.106346130370994, 31.287519454956101 ], [ -106.087852478027003, 31.338079452514702 ], [ -106.041976928710994, 31.395902633667099 ] ] ] } },
{ "type": "Feature", "properties": { "NAME_1": "Chihuahua", "NAME_2": "Riva Palacio" }, "geometry": { "type": "Polygon", "coordinates": [ [ [ -106.394966125487997, 28.444129943847798 ], [ -106.457359313965, 28.451391220092798 ], [ -106.506973266602003, 28.491481781005898 ], [ -106.535636901855, 28.4724826812744 ], [ -106.591209411620994, 28.481710433959901 ], [ -106.650993347167997, 28.4522609710694 ], [ -106.6630859375, 28.453260421753001 ], [ -106.684593200684006, 28.5111999511719 ], [ -106.708396911620994, 28.533271789550799 ], [ -106.695106506347997, 28.551708221435501 ], [ -106.698753356934006, 28.570840835571399 ], [ -106.739936828612997, 28.5997505187988 ], [ -106.825340270995994, 28.621580123901399 ], [ -106.869720458984006, 28.769809722900501 ], [ -106.949020385742003, 28.783838272094801 ], [ -106.922790527344006, 28.845720291137599 ], [ -106.863327026367003, 28.825870513916101 ], [ -106.846641540527003, 28.8377780914307 ], [ -106.904571533202997, 28.881202697753899 ], [ -106.927459716797003, 28.9155597686768 ], [ -106.919166564940994, 28.935340881347699 ], [ -106.879371643065994, 28.952640533447301 ], [ -106.856819152832003, 28.974449157714801 ], [ -106.861099243164006, 28.998151779174901 ], [ -106.895736694335994, 29.031669616699201 ], [ -106.847183227539006, 29.0790500640869 ], [ -106.845649719237997, 29.093460083007798 ], [ -106.864967346190994, 29.1228981018068 ], [ -106.890342712402003, 29.140150070190401 ], [ -106.882110595702997, 29.147310256958001 ], [ -106.877632141112997, 29.178962707519599 ], [ -106.902786254882997, 29.181619644165 ], [ -106.90983581543, 29.196771621704201 ], [ -106.894378662109006, 29.2138404846193 ], [ -106.905769348145, 29.239110946655199 ], [ -106.880149841309006, 29.2410907745362 ], [ -106.869178771972997, 29.266160964965799 ], [ -106.838645935059006, 29.2552394866944 ], [ -106.833778381347997, 29.270889282226602 ], [ -106.848747253417997, 29.2928199768068 ], [ -106.827117919922003, 29.335041046142599 ], [ -106.736267089844006, 29.319080352783299 ], [ -106.730949401855, 29.276800155639702 ], [ -106.704597473144005, 29.256280899047901 ], [ -106.714073181152003, 29.2375602722168 ], [ -106.710693359375, 29.228370666503999 ], [ -106.666397094727003, 29.230930328369102 ], [ -106.617073059082003, 29.1977424621582 ], [ -106.577781677245994, 29.217029571533299 ], [ -106.583518981934006, 29.144840240478501 ], [ -106.573539733887003, 29.114580154418999 ], [ -106.606346130370994, 29.092140197753899 ], [ -106.617576599120994, 29.068798065185501 ], [ -106.617492675780994, 29.042011260986399 ], [ -106.631858825684006, 29.0393600463868 ], [ -106.610801696777003, 28.979160308837901 ], [ -106.614990234375, 28.954610824585 ], [ -106.580986022949006, 28.918819427490199 ], [ -106.602806091309006, 28.875850677490298 ], [ -106.595275878905994, 28.8631610870362 ], [ -106.571571350097997, 28.872779846191399 ], [ -106.560096740722997, 28.869630813598601 ], [ -106.522888183594006, 28.818019866943398 ], [ -106.4892578125, 28.7865810394288 ], [ -106.483367919922003, 28.7748107910157 ], [ -106.492210388184006, 28.7545909881593 ], [ -106.488906860350994, 28.740230560302798 ], [ -106.433860778809006, 28.647630691528398 ], [ -106.370483398437997, 28.602491378784201 ], [ -106.37419128418, 28.5848197937013 ], [ -106.396476745605, 28.5588703155518 ], [ -106.388778686522997, 28.5176906585694 ], [ -106.394966125487997, 28.444129943847798 ] ] ] } },
{ "type": "Feature", "properties": { "NAME_1": "Chihuahua", "NAME_2": "Rosales" }, "geometry": { "type": "Polygon", "coordinates": [ [ [ -106.062622070312003, 27.9934101104737 ], [ -106.126739501952997, 28.0399284362793 ], [ -106.131187438965, 28.055458068847599 ], [ -106.115966796875, 28.075452804565401 ], [ -106.140907287597997, 28.092750549316499 ], [ -106.143623352050994, 28.1295394897462 ], [ -106.170677185059006, 28.147270202636701 ], [ -106.140480041504006, 28.1934299468994 ], [ -106.135887145995994, 28.219352722168001 ], [ -106.103736877440994, 28.228700637817301 ], [ -106.049186706542997, 28.3005695343019 ], [ -105.95662689209, 28.322959899902401 ], [ -105.929710388184006, 28.351488113403398 ], [ -105.879669189452997, 28.3479499816894 ], [ -105.867492675780994, 28.354240417480501 ], [ -105.855850219727003, 28.369260787963899 ], [ -105.849922180175994, 28.408941268921001 ], [ -105.813888549805, 28.422269821166999 ], [ -105.813652038574006, 28.446172714233501 ], [ -105.770347595215, 28.444509506225501 ], [ -105.779426574707003, 28.4580612182618 ], [ -105.810806274414006, 28.4717502593994 ], [ -105.814460754394005, 28.4840602874756 ], [ -105.770629882812003, 28.528102874755898 ], [ -105.75609588623, 28.530530929565401 ], [ -105.733543395995994, 28.513410568237301 ], [ -105.689453125, 28.5005207061768 ], [ -105.652351379395, 28.538841247558601 ], [ -105.60230255127, 28.5375900268556 ], [ -105.558715820312003, 28.551540374755898 ], [ -105.537773132324006, 28.503362655639702 ], [ -105.61116027832, 28.478258132934599 ], [ -105.690238952637003, 28.4066905975343 ], [ -105.708381652832003, 28.3993225097657 ], [ -105.739738464355, 28.403070449829102 ], [ -105.747245788574006, 28.385200500488398 ], [ -105.737663269042997, 28.3684806823731 ], [ -105.689979553222997, 28.355592727661101 ], [ -105.643417358397997, 28.294700622558601 ], [ -105.597946166992003, 28.276920318603601 ], [ -105.576118469237997, 28.236780166626001 ], [ -105.606620788574006, 28.2216300964357 ], [ -105.575820922852003, 28.188238143921001 ], [ -105.573356628417997, 28.167142868042099 ], [ -105.60302734375, 28.152429580688501 ], [ -105.632308959960994, 28.173759460449201 ], [ -105.666427612305, 28.148412704467798 ], [ -105.70777130127, 28.141180038452202 ], [ -105.719551086425994, 28.1179599761963 ], [ -105.735237121582003, 28.1113796234131 ], [ -105.755722045897997, 28.0705890655518 ], [ -105.804916381835994, 28.024919509887798 ], [ -105.80500793457, 27.9762496948243 ], [ -105.861999511719006, 27.950719833373999 ], [ -105.89347076416, 27.9473476409913 ], [ -105.922370910645, 27.913419723510799 ], [ -105.938629150390994, 27.912179946899499 ], [ -105.964210510254006, 27.932859420776399 ], [ -105.973022460937997, 27.949302673339901 ], [ -105.972816467285, 27.978429794311602 ], [ -106.045516967772997, 27.984479904174801 ], [ -106.062622070312003, 27.9934101104737 ] ] ] } },
{ "type": "Feature", "properties": { "NAME_1": "Chihuahua", "NAME_2": "Rosario" }, "geometry": { "type": "Polygon", "coordinates": [ [ [ -106.336982727050994, 27.123950958252099 ], [ -106.402069091797003, 27.1360893249512 ], [ -106.481048583984006, 27.171930313110401 ], [ -106.538139343262003, 27.168859481811602 ], [ -106.598602294922003, 27.188819885253899 ], [ -106.630867004395, 27.1781311035156 ], [ -106.657379150390994, 27.19926071167 ], [ -106.776229858397997, 27.198972702026499 ], [ -106.756011962890994, 27.223920822143601 ], [ -106.740142822265994, 27.230321884155298 ], [ -106.738731384277003, 27.249969482421999 ], [ -106.694602966309006, 27.2734184265137 ], [ -106.664619445800994, 27.2799892425538 ], [ -106.610710144042997, 27.263090133667099 ], [ -106.609466552734006, 27.271781921386701 ], [ -106.644653320312003, 27.304910659790199 ], [ -106.615058898925994, 27.3708000183107 ], [ -106.588226318359006, 27.389869689941499 ], [ -106.523490905762003, 27.390510559082099 ], [ -106.525192260742003, 27.416498184204201 ], [ -106.500991821289006, 27.4380702972412 ], [ -106.488822937012003, 27.437112808227699 ], [ -106.470092773437003, 27.420719146728601 ], [ -106.424263000487997, 27.408861160278398 ], [ -106.383087158202997, 27.3796195983887 ], [ -106.335731506347997, 27.358930587768601 ], [ -106.324462890625, 27.3629894256593 ], [ -106.3388671875, 27.3792018890382 ], [ -106.336708068847997, 27.3904209136962 ], [ -106.306106567382997, 27.406898498535199 ], [ -106.28539276123, 27.401069641113299 ], [ -106.276466369629006, 27.4185695648193 ], [ -106.259628295897997, 27.422042846679702 ], [ -106.245986938477003, 27.405122756958001 ], [ -106.218086242675994, 27.400079727172901 ], [ -106.232933044434006, 27.372869491577202 ], [ -106.214256286620994, 27.357460021972699 ], [ -106.21656036377, 27.3273105621338 ], [ -106.245147705077997, 27.288700103759801 ], [ -106.234146118164006, 27.248519897460898 ], [ -106.276008605957003, 27.195301055908299 ], [ -106.315826416015994, 27.1898097991944 ], [ -106.335456848144005, 27.145200729370199 ], [ -106.336982727050994, 27.123950958252099 ] ] ] } },
{ "type": "Feature", "properties": { "NAME_1": "Chihuahua", "NAME_2": "San Francisco de Borja" }, "geometry": { "type": "Polygon", "coordinates": [ [ [ -106.57585144043, 27.753921508789102 ], [ -106.583450317382997, 27.7298603057862 ], [ -106.545211791992003, 27.698368072509801 ], [ -106.543579101562003, 27.688579559326101 ], [ -106.556526184082003, 27.682929992675898 ], [ -106.604187011719006, 27.688980102539102 ], [ -106.620727539062003, 27.6787300109863 ], [ -106.583656311035, 27.591060638427798 ], [ -106.625923156737997, 27.582090377807699 ], [ -106.655632019042997, 27.6127605438232 ], [ -106.738990783690994, 27.643640518188501 ], [ -106.751266479492003, 27.636619567871101 ], [ -106.760841369629006, 27.601089477539201 ], [ -106.77995300293, 27.60378074646 ], [ -106.791023254394005, 27.619359970092901 ], [ -106.794357299805, 27.644189834594801 ], [ -106.85668182373, 27.688390731811602 ], [ -106.87931060791, 27.738460540771499 ], [ -106.882308959960994, 27.776760101318398 ], [ -106.906929016112997, 27.782730102539102 ], [ -106.941970825195, 27.8654403686525 ], [ -106.966262817382997, 27.875049591064499 ], [ -106.979606628417997, 27.936670303344801 ], [ -106.970352172852003, 27.9781608581543 ], [ -106.991676330565994, 28.025491714477599 ], [ -106.991676330565994, 28.044889450073399 ], [ -106.971977233887003, 28.058490753173899 ], [ -106.929016113280994, 28.057439804077202 ], [ -106.882202148437003, 28.0767307281494 ], [ -106.842391967772997, 28.075340270996101 ], [ -106.800003051757997, 28.090400695800799 ], [ -106.80623626709, 28.002410888671999 ], [ -106.728546142577997, 27.9823398590088 ], [ -106.71671295166, 27.937311172485401 ], [ -106.687019348145, 27.916709899902401 ], [ -106.633842468262003, 27.845039367675898 ], [ -106.591682434082003, 27.767919540405401 ], [ -106.57585144043, 27.753921508789102 ] ] ] } },
{ "type": "Feature", "properties": { "NAME_1": "Chihuahua", "NAME_2": "San Francisco de Conchos" }, "geometry": { "type": "Polygon", "coordinates": [ [ [ -105.509407043457003, 27.437601089477599 ], [ -105.519927978515994, 27.464029312133899 ], [ -105.515548706055, 27.488439559936602 ], [ -105.504951477050994, 27.489519119262798 ], [ -105.502159118652003, 27.480100631713999 ], [ -105.494598388672003, 27.484479904174901 ], [ -105.495651245117003, 27.509519577026499 ], [ -105.486206054687003, 27.516399383544901 ], [ -105.478889465332003, 27.503721237182699 ], [ -105.485847473145, 27.485460281372099 ], [ -105.454376220702997, 27.461080551147401 ], [ -105.449989318847997, 27.483301162719702 ], [ -105.46501159668, 27.521778106689499 ], [ -105.443397521972997, 27.5157203674318 ], [ -105.454978942870994, 27.531320571899499 ], [ -105.450080871582003, 27.549512863159201 ], [ -105.460418701172003, 27.564359664916999 ], [ -105.424301147460994, 27.562139511108501 ], [ -105.447937011719006, 27.578428268432599 ], [ -105.463356018065994, 27.5777492523194 ], [ -105.474266052245994, 27.5648498535157 ], [ -105.45629119873, 27.548070907592798 ], [ -105.459777832030994, 27.534091949462798 ], [ -105.49471282959, 27.524070739746001 ], [ -105.518531799315994, 27.533910751342901 ], [ -105.526466369629006, 27.529951095581101 ], [ -105.554786682129006, 27.5672111511231 ], [ -105.571685791015994, 27.610929489135799 ], [ -105.605537414550994, 27.6621818542481 ], [ -105.688400268555, 27.667341232299901 ], [ -105.699882507324006, 27.7399616241456 ], [ -105.696258544922003, 27.781579971313601 ], [ -105.545539855957003, 27.842010498046999 ], [ -105.484718322754006, 27.791469573974702 ], [ -105.461585998535, 27.7954502105713 ], [ -105.451797485352003, 27.8114204406738 ], [ -105.45613861084, 27.832668304443398 ], [ -105.418556213379006, 27.856880187988398 ], [ -105.350936889647997, 27.828039169311602 ], [ -105.321357727050994, 27.827161788940401 ], [ -105.401191711425994, 27.7717800140382 ], [ -105.411003112792997, 27.7470302581787 ], [ -105.410491943359006, 27.7391891479493 ], [ -105.391471862792997, 27.730030059814499 ], [ -105.404899597167997, 27.677680969238299 ], [ -105.382301330565994, 27.652549743652401 ], [ -105.380516052245994, 27.627519607543899 ], [ -105.353858947754006, 27.593521118164102 ], [ -105.347923278809006, 27.565050125122099 ], [ -105.383308410644005, 27.5344982147218 ], [ -105.423149108887003, 27.4275798797607 ], [ -105.488136291504006, 27.4274005889894 ], [ -105.509407043457003, 27.437601089477599 ] ] ] } },
{ "type": "Feature", "properties": { "NAME_1": "Chihuahua", "NAME_2": "San Francisco del Oro" }, "geometry": { "type": "Polygon", "coordinates": [ [ [ -106.313423156737997, 26.942710876464801 ], [ -106.251663208007997, 26.952041625976701 ], [ -106.140823364257997, 26.939979553222699 ], [ -106.125762939452997, 26.950769424438398 ], [ -106.128318786620994, 26.9724006652832 ], [ -106.078506469727003, 27.0021190643312 ], [ -106.063186645507997, 27.0304908752443 ], [ -106.049896240234006, 27.036899566650401 ], [ -105.980339050292997, 26.978519439697301 ], [ -105.986206054687003, 26.9510898590088 ], [ -105.938270568847997, 26.920721054077301 ], [ -105.914543151855, 26.875940322876001 ], [ -105.931640625, 26.861080169677798 ], [ -105.980949401855, 26.8537502288819 ], [ -106.055191040039006, 26.856502532958999 ], [ -106.140686035155994, 26.8388996124268 ], [ -106.174499511719006, 26.8585395812988 ], [ -106.21459197998, 26.861209869384801 ], [ -106.262100219727003, 26.8934211730957 ], [ -106.301399230957003, 26.8931598663331 ], [ -106.312896728515994, 26.912130355835099 ], [ -106.313423156737997, 26.942710876464801 ] ] ] } },
{ "type": "Feature", "properties": { "NAME_1": "Chihuahua", "NAME_2": "Santa Bárbara" }, "geometry": { "type": "Polygon", "coordinates": [ [ [ -105.849472045897997, 26.6433200836182 ], [ -105.862121582030994, 26.6627006530762 ], [ -105.89274597168, 26.669609069824201 ], [ -105.907096862792997, 26.683290481567401 ], [ -105.934677124022997, 26.7193717956544 ], [ -105.945960998535, 26.753152847290199 ], [ -105.987617492675994, 26.761289596557599 ], [ -106.056526184082003, 26.802881240844801 ], [ -106.114807128905994, 26.807369232177798 ], [ -106.140686035155994, 26.8388996124268 ], [ -106.055191040039006, 26.856502532958999 ], [ -105.980949401855, 26.8537502288819 ], [ -105.924331665039006, 26.863439559936602 ], [ -105.915046691894005, 26.880212783813501 ], [ -105.938270568847997, 26.920721054077301 ], [ -105.986206054687003, 26.9510898590088 ], [ -105.979316711425994, 26.9728298187256 ], [ -105.940437316894005, 26.9623107910157 ], [ -105.837196350097997, 26.9103507995607 ], [ -105.798545837402003, 26.9393405914307 ], [ -105.778839111327997, 26.9279174804688 ], [ -105.807006835937003, 26.924390792846701 ], [ -105.844856262207003, 26.8789501190187 ], [ -105.844856262207003, 26.848670959472798 ], [ -105.828239440917997, 26.817440032959102 ], [ -105.801948547362997, 26.8101806640625 ], [ -105.792236328125, 26.799610137939499 ], [ -105.810485839844006, 26.777469635009801 ], [ -105.810417175292997, 26.7570705413819 ], [ -105.852462768555, 26.700750350952202 ], [ -105.849472045897997, 26.6433200836182 ] ] ] } },
{ "type": "Feature", "properties": { "NAME_1": "Chihuahua", "NAME_2": "Satevó" }, "geometry": { "type": "Polygon", "coordinates": [ [ [ -106.625923156737997, 27.582090377807699 ], [ -106.58186340332, 27.593589782714901 ], [ -106.616966247559006, 27.664850234985501 ], [ -106.619216918945, 27.684230804443398 ], [ -106.543579101562003, 27.688579559326101 ], [ -106.545211791992003, 27.698368072509801 ], [ -106.583450317382997, 27.7298603057862 ], [ -106.564002990722997, 27.769130706787099 ], [ -106.551536560059006, 27.774990081787099 ], [ -106.533760070800994, 27.7647094726563 ], [ -106.502532958984006, 27.7612419128419 ], [ -106.491218566895, 27.779188156128001 ], [ -106.427116394042997, 27.829811096191499 ], [ -106.35758972168, 27.8326396942138 ], [ -106.357246398925994, 27.866411209106499 ], [ -106.338706970215, 27.892229080200298 ], [ -106.335052490234006, 27.938350677490298 ], [ -106.341636657715, 27.951259613037099 ], [ -106.350730895995994, 27.9529514312744 ], [ -106.37703704834, 27.922000885009901 ], [ -106.380241394042997, 27.9344997406006 ], [ -106.397987365722997, 27.946121215820401 ], [ -106.474296569824006, 27.980960845947401 ], [ -106.489479064940994, 27.995590209960898 ], [ -106.501480102539006, 28.028762817382798 ], [ -106.483627319335994, 28.049289703369102 ], [ -106.461708068847997, 28.1143608093262 ], [ -106.46312713623, 28.1366996765137 ], [ -106.432502746582003, 28.138231277465898 ], [ -106.404373168945, 28.149780273437599 ], [ -106.369827270507997, 28.147499084472699 ], [ -106.323318481445, 28.116460800170898 ], [ -106.284851074219006, 28.119199752807699 ], [ -106.258293151855, 28.1095199584962 ], [ -106.226638793945, 28.120010375976602 ], [ -106.169937133789006, 28.1562690734863 ], [ -106.169357299805, 28.145460128784201 ], [ -106.143623352050994, 28.1295394897462 ], [ -106.140907287597997, 28.092750549316499 ], [ -106.115966796875, 28.075452804565401 ], [ -106.131187438965, 28.055458068847599 ], [ -106.126739501952997, 28.0399284362793 ], [ -106.062622070312003, 27.9934101104737 ], [ -106.080451965332003, 27.980709075927798 ], [ -106.094100952147997, 27.954790115356602 ], [ -106.120185852050994, 27.939540863037202 ], [ -106.141296386719006, 27.903749465942401 ], [ -106.148712158202997, 27.8720397949219 ], [ -106.193199157715, 27.863380432128999 ], [ -106.162086486815994, 27.8484191894532 ], [ -106.201622009277003, 27.8295593261719 ], [ -106.215705871582003, 27.792930603027401 ], [ -106.217559814452997, 27.7345294952393 ], [ -106.191452026367003, 27.6585998535156 ], [ -106.204795837402003, 27.627130508422901 ], [ -106.24259185791, 27.5772304534913 ], [ -106.237777709960994, 27.501600265503001 ], [ -106.250106811522997, 27.456220626831101 ], [ -106.213088989257997, 27.406101226806602 ], [ -106.218086242675994, 27.400079727172901 ], [ -106.245986938477003, 27.405122756958001 ], [ -106.254417419434006, 27.420070648193398 ], [ -106.268730163574006, 27.421670913696399 ], [ -106.28539276123, 27.401069641113299 ], [ -106.306106567382997, 27.406898498535199 ], [ -106.336708068847997, 27.3904209136962 ], [ -106.3388671875, 27.3792018890382 ], [ -106.325096130370994, 27.3680095672607 ], [ -106.326705932617003, 27.359989166259801 ], [ -106.363471984862997, 27.370359420776399 ], [ -106.424263000487997, 27.408861160278398 ], [ -106.470092773437003, 27.420719146728601 ], [ -106.488822937012003, 27.437112808227699 ], [ -106.540222167969006, 27.458530426025501 ], [ -106.571212768555, 27.480030059814499 ], [ -106.572067260742003, 27.493721008300898 ], [ -106.589851379395, 27.512439727783299 ], [ -106.63688659668, 27.524650573730401 ], [ -106.642967224120994, 27.543519973755 ], [ -106.625923156737997, 27.582090377807699 ] ] ] } },
{ "type": "Feature", "properties": { "NAME_1": "Chihuahua", "NAME_2": "Saucillo" }, "geometry": { "type": "Polygon", "coordinates": [ [ [ -105.385917663574006, 27.848068237304702 ], [ -105.426551818847997, 27.8537006378175 ], [ -105.45613861084, 27.832668304443398 ], [ -105.454902648925994, 27.802080154418899 ], [ -105.472640991210994, 27.790798187256001 ], [ -105.496276855469006, 27.7958698272706 ], [ -105.514747619629006, 27.820520401000898 ], [ -105.545539855957003, 27.842010498046999 ], [ -105.682662963867003, 27.790769577026399 ], [ -105.698318481445, 27.773950576782301 ], [ -105.694007873535, 27.70166015625 ], [ -105.728881835937997, 27.7098503112794 ], [ -105.782691955565994, 27.738428115844801 ], [ -105.818069458007997, 27.7033004760743 ], [ -105.847236633300994, 27.752010345458999 ], [ -105.905807495117003, 27.7618312835694 ], [ -105.923950195312003, 27.775749206543001 ], [ -105.909080505370994, 27.822690963745199 ], [ -105.879386901855, 27.8678512573243 ], [ -105.850158691405994, 27.938789367675799 ], [ -105.854263305664006, 27.956701278686602 ], [ -105.801658630370994, 27.980249404907301 ], [ -105.808296203612997, 28.012689590454201 ], [ -105.791496276855, 28.040920257568398 ], [ -105.7607421875, 28.068019866943398 ], [ -105.711196899414006, 28.085700988769599 ], [ -105.625633239745994, 28.111749649048001 ], [ -105.572166442870994, 28.1114597320557 ], [ -105.549430847167997, 28.130010604858398 ], [ -105.488952636719006, 28.139610290527301 ], [ -105.479591369629006, 28.170459747314499 ], [ -105.485466003417997, 28.235340118408299 ], [ -105.478401184082003, 28.255380630493299 ], [ -105.454116821289006, 28.270549774169901 ], [ -105.431968688965, 28.307931900024499 ], [ -105.359146118164006, 28.318861007690401 ], [ -105.338081359862997, 28.343240737915099 ], [ -105.317672729492003, 28.3426208496094 ], [ -105.312187194824006, 28.355819702148601 ], [ -105.135238647460994, 28.3086681365968 ], [ -105.080101013184006, 28.300991058349702 ], [ -105.024642944335994, 28.3042507171631 ], [ -104.954078674315994, 28.340909957885899 ], [ -104.910026550292997, 28.332880020141602 ], [ -104.888801574707003, 28.274341583251999 ], [ -104.978622436522997, 28.252531051635799 ], [ -105.074836730957003, 28.218240737915 ], [ -105.066886901855, 28.1944503784181 ], [ -105.006126403809006, 28.125200271606499 ], [ -104.947021484375, 28.096269607544102 ], [ -104.902946472167997, 28.093379974365199 ], [ -104.941680908202997, 28.051481246948299 ], [ -104.939392089844006, 28.0406608581544 ], [ -104.979217529297003, 28.032909393310501 ], [ -105.088958740234006, 28.047449111938601 ], [ -105.161926269530994, 28.069221496581999 ], [ -105.188262939452997, 28.0582599639893 ], [ -105.226997375487997, 28.024610519409201 ], [ -105.238555908202997, 28.0449409484863 ], [ -105.264839172362997, 28.043920516967901 ], [ -105.325202941894005, 27.994552612304702 ], [ -105.319816589355, 27.975692749023601 ], [ -105.327056884765994, 27.961420059204201 ], [ -105.354591369629006, 27.9663906097412 ], [ -105.42024230957, 27.936042785644599 ], [ -105.406127929687997, 27.921079635620199 ], [ -105.368057250975994, 27.9133205413818 ], [ -105.387145996094006, 27.884189605712901 ], [ -105.385917663574006, 27.848068237304702 ] ] ] } },
{ "type": "Feature", "properties": { "NAME_1": "Chihuahua", "NAME_2": "Temósachic" }, "geometry": { "type": "Polygon", "coordinates": [ [ [ -108.505546569824006, 28.4013404846193 ], [ -108.615859985352003, 28.4487400054932 ], [ -108.658920288085994, 28.500850677490298 ], [ -108.660316467285, 28.527509689331101 ], [ -108.637130737305, 28.5890502929688 ], [ -108.669738769530994, 28.641839981079102 ], [ -108.674446105957003, 28.6845817565919 ], [ -108.624839782715, 28.7846698760987 ], [ -108.610832214355, 28.796150207519499 ], [ -108.565002441405994, 28.800880432128899 ], [ -108.486122131347997, 28.717018127441499 ], [ -108.466850280762003, 28.7129001617432 ], [ -108.416946411132997, 28.720230102539102 ], [ -108.408111572265994, 28.749322891235401 ], [ -108.371139526367003, 28.7647399902344 ], [ -108.362556457519005, 28.763330459594702 ], [ -108.355369567870994, 28.748962402343899 ], [ -108.308067321777003, 28.742040634155401 ], [ -108.281036376952997, 28.7494812011719 ], [ -108.254096984862997, 28.774299621582099 ], [ -108.242218017577997, 28.7600612640381 ], [ -108.22966003418, 28.762712478637798 ], [ -108.221549987792997, 28.774829864501999 ], [ -108.219512939452997, 28.804241180419901 ], [ -108.22908782959, 28.838260650634801 ], [ -108.243301391602003, 28.853010177612401 ], [ -108.226020812987997, 28.856910705566499 ], [ -108.196083068847997, 28.847761154174801 ], [ -108.198448181152003, 28.899900436401399 ], [ -108.15901184082, 28.886020660400298 ], [ -108.144111633300994, 28.900810241699201 ], [ -108.130439758300994, 28.875169754028398 ], [ -108.108512878417997, 28.868820190429702 ], [ -108.070686340332003, 28.909381866455099 ], [ -108.052391052245994, 28.915210723876999 ], [ -108.054382324219006, 28.940629959106499 ], [ -108.115570068359006, 28.965440750122099 ], [ -108.111930847167997, 28.9770412445068 ], [ -108.128982543945, 28.980770111084102 ], [ -108.129623413085994, 28.998170852661101 ], [ -108.090156555175994, 29.0211105346681 ], [ -108.078163146972997, 29.047061920166001 ], [ -108.042472839355, 29.0305194854737 ], [ -108.024139404297003, 29.039091110229499 ], [ -108.006408691405994, 29.0664501190187 ], [ -107.982032775879006, 29.0789394378662 ], [ -108.012016296387003, 29.0943698883057 ], [ -107.980628967285, 29.1190490722656 ], [ -107.964965820312003, 29.148679733276499 ], [ -107.938446044922003, 29.1401081085206 ], [ -107.923767089844006, 29.172260284423899 ], [ -107.825256347655994, 29.200969696044901 ], [ -107.818862915039006, 29.230190277099702 ], [ -107.797660827637003, 29.239549636840898 ], [ -107.778099060059006, 29.2612915039062 ], [ -107.76212310791, 29.3043098449707 ], [ -107.738510131835994, 29.321470260620199 ], [ -107.733673095702997, 29.337030410766701 ], [ -107.741172790527003, 29.389669418335 ], [ -107.713088989257997, 29.410049438476701 ], [ -107.709381103515994, 29.458248138427699 ], [ -107.739677429199006, 29.4912509918213 ], [ -107.737037658690994, 29.544429779052699 ], [ -107.705772399902003, 29.516090393066499 ], [ -107.687828063965, 29.516162872314599 ], [ -107.653633117675994, 29.5342617034913 ], [ -107.625923156737997, 29.482908248901399 ], [ -107.612266540527003, 29.472040176391701 ], [ -107.577102661132997, 29.496500015258899 ], [ -107.504257202147997, 29.4598503112794 ], [ -107.45548248291, 29.480800628662202 ], [ -107.444267272949006, 29.4611492156982 ], [ -107.465637207030994, 29.429981231689599 ], [ -107.463851928710994, 29.417200088501001 ], [ -107.41487121582, 29.342340469360501 ], [ -107.427467346190994, 29.334329605102699 ], [ -107.424438476562003, 29.318771362304702 ], [ -107.447563171387003, 29.3177890777587 ], [ -107.469535827637003, 29.281330108642599 ], [ -107.495597839355, 29.290889739990298 ], [ -107.508529663085994, 29.275518417358501 ], [ -107.472587585449006, 29.2188205718994 ], [ -107.482116699219006, 29.1915512084962 ], [ -107.5107421875, 29.154851913452099 ], [ -107.507926940917997, 29.1367702484131 ], [ -107.484046936035, 29.1049900054932 ], [ -107.49072265625, 29.0559825897218 ], [ -107.48095703125, 29.020729064941499 ], [ -107.508827209472997, 28.994800567626999 ], [ -107.592330932617003, 28.999950408935501 ], [ -107.630447387695, 29.024869918823399 ], [ -107.665321350097997, 28.9950904846193 ], [ -107.66136932373, 28.949541091918899 ], [ -107.676643371582003, 28.947242736816499 ], [ -107.687400817870994, 28.928699493408299 ], [ -107.704467773437997, 28.918859481811602 ], [ -107.757202148437003, 28.754070281982401 ], [ -107.751091003417997, 28.744449615478601 ], [ -107.714881896972997, 28.736640930175799 ], [ -107.702842712402003, 28.719699859619102 ], [ -107.738441467285, 28.697982788086001 ], [ -107.765312194824006, 28.6343708038331 ], [ -107.775405883789006, 28.629341125488398 ], [ -107.80322265625, 28.638090133667099 ], [ -107.821380615234006, 28.610879898071399 ], [ -107.818626403809006, 28.586389541626001 ], [ -107.756881713867003, 28.526992797851602 ], [ -107.760032653809006, 28.481449127197401 ], [ -107.743148803710994, 28.442501068115298 ], [ -107.771606445312003, 28.431329727172901 ], [ -107.761596679687997, 28.4004096984863 ], [ -107.804382324219006, 28.383550643921001 ], [ -107.870056152344006, 28.330390930175799 ], [ -107.90209197998, 28.329980850219702 ], [ -107.915298461914006, 28.299619674682599 ], [ -107.934112548827997, 28.304571151733398 ], [ -107.96475982666, 28.294330596923899 ], [ -108.007270812987997, 28.307010650634801 ], [ -108.052810668945, 28.2959499359131 ], [ -108.086067199707003, 28.2973098754882 ], [ -108.106857299805, 28.308019638061602 ], [ -108.136940002440994, 28.3408718109131 ], [ -108.263717651367003, 28.3338508605957 ], [ -108.276298522949006, 28.349950790405298 ], [ -108.32536315918, 28.3772697448732 ], [ -108.34188079834, 28.43111038208 ], [ -108.353851318359006, 28.441761016845799 ], [ -108.389030456542997, 28.435020446777301 ], [ -108.426971435547003, 28.442550659179702 ], [ -108.466636657715, 28.398559570312599 ], [ -108.505546569824006, 28.4013404846193 ] ] ] } },
{ "type": "Feature", "properties": { "NAME_1": "Chihuahua", "NAME_2": "Urique" }, "geometry": { "type": "Polygon", "coordinates": [ [ [ -108.029716491699006, 26.924259185791101 ], [ -108.078163146972997, 26.913501739501999 ], [ -108.102920532227003, 26.922212600708001 ], [ -108.112892150879006, 26.947080612182599 ], [ -108.100128173827997, 27.001228332519599 ], [ -108.107490539550994, 27.026000976562599 ], [ -108.134712219237997, 27.039600372314499 ], [ -108.197410583495994, 27.040700912475501 ], [ -108.126091003417997, 27.137132644653299 ], [ -108.08422088623, 27.161760330200199 ], [ -108.080406188965, 27.167560577392599 ], [ -108.093811035155994, 27.190910339355501 ], [ -108.070053100585994, 27.202039718628001 ], [ -108.065277099609006, 27.213500976562599 ], [ -108.087989807129006, 27.230752944946399 ], [ -108.076736450195, 27.250431060791101 ], [ -108.091636657715, 27.275180816650401 ], [ -108.106346130370994, 27.288570404052798 ], [ -108.151626586914006, 27.3065700531007 ], [ -108.1416015625, 27.354892730712901 ], [ -108.133750915527003, 27.3648796081544 ], [ -108.074531555175994, 27.378839492797901 ], [ -108.043601989745994, 27.438989639282301 ], [ -107.987449645995994, 27.448160171508899 ], [ -107.947242736815994, 27.481050491333001 ], [ -107.945777893065994, 27.495140075683601 ], [ -107.955108642577997, 27.504882812500099 ], [ -107.942962646484006, 27.5465602874756 ], [ -107.951072692870994, 27.597032546997099 ], [ -107.934883117675994, 27.6090602874757 ], [ -107.945930480957003, 27.6344928741456 ], [ -107.87922668457, 27.625270843505898 ], [ -107.831207275390994, 27.636470794677798 ], [ -107.805976867675994, 27.6174125671388 ], [ -107.786956787109006, 27.632080078125 ], [ -107.756629943847997, 27.629930496215898 ], [ -107.742179870605, 27.643400192260899 ], [ -107.697418212890994, 27.556720733642599 ], [ -107.704856872559006, 27.524440765380898 ], [ -107.693946838379006, 27.475019454956101 ], [ -107.700378417969006, 27.4438705444337 ], [ -107.68807220459, 27.434900283813501 ], [ -107.648376464844006, 27.4444694519043 ], [ -107.643600463867003, 27.359951019287099 ], [ -107.718147277832003, 27.346340179443398 ], [ -107.752807617187003, 27.3166599273682 ], [ -107.755966186522997, 27.302820205688601 ], [ -107.739181518555, 27.2552795410157 ], [ -107.746658325195, 27.237840652465799 ], [ -107.783508300780994, 27.2003402709962 ], [ -107.774803161620994, 27.1581325531006 ], [ -107.792510986327997, 27.105411529541101 ], [ -107.838989257812003, 27.086950302124102 ], [ -107.87850189209, 27.087369918823299 ], [ -107.896240234375, 27.0793895721437 ], [ -107.943336486815994, 27.0270404815675 ], [ -107.994506835937997, 26.990230560302798 ], [ -108.029716491699006, 26.924259185791101 ] ] ] } },
{ "type": "Feature", "properties": { "NAME_1": "Chihuahua", "NAME_2": "Uruachic" }, "geometry": { "type": "Polygon", "coordinates": [ [ [ -108.336647033690994, 27.729671478271499 ], [ -108.350952148437003, 27.750209808349599 ], [ -108.397636413574006, 27.763410568237301 ], [ -108.424697875977003, 27.812891006469702 ], [ -108.516662597655994, 27.827207565307699 ], [ -108.525978088379006, 27.7865009307862 ], [ -108.554946899414006, 27.780950546264599 ], [ -108.562126159667997, 27.7422103881837 ], [ -108.58519744873, 27.705989837646499 ], [ -108.680206298827997, 27.6645011901857 ], [ -108.692306518555, 27.687280654907301 ], [ -108.750205993652003, 27.727340698242301 ], [ -108.804779052734006, 27.747688293457099 ], [ -108.825675964355, 27.7706527709962 ], [ -108.796752929687997, 27.863929748535298 ], [ -108.815818786620994, 27.9210529327393 ], [ -108.768928527832003, 27.942941665649499 ], [ -108.735397338867003, 27.940280914306701 ], [ -108.635398864745994, 28.003900527954201 ], [ -108.564552307129006, 28.033250808715799 ], [ -108.513786315917997, 28.040611267089801 ], [ -108.456382751465, 28.079360961914102 ], [ -108.44554901123, 28.1011981964112 ], [ -108.426345825195, 28.114080429077202 ], [ -108.38117980957, 28.1032409667969 ], [ -108.369110107422003, 28.0507106781006 ], [ -108.356246948242003, 28.034538269043001 ], [ -108.3076171875, 28.0366611480713 ], [ -108.274230957030994, 28.0264110565187 ], [ -108.246406555175994, 28.040971755981602 ], [ -108.237457275390994, 28.034990310668999 ], [ -108.236106872559006, 28.017879486083999 ], [ -108.222236633300994, 28.010160446167099 ], [ -108.193298339844006, 28.047080993652301 ], [ -108.184387207030994, 28.04887008667 ], [ -108.142181396484006, 28.0306205749512 ], [ -108.1171875, 28.002870559692301 ], [ -108.074897766112997, 27.998889923095799 ], [ -108.068717956542997, 27.978700637817401 ], [ -108.074882507324006, 27.936470031738299 ], [ -108.062828063965, 27.9131793975831 ], [ -108.068992614745994, 27.888719558715898 ], [ -108.051055908202997, 27.861890792846701 ], [ -108.054908752440994, 27.836931228637599 ], [ -108.048049926757997, 27.831760406494201 ], [ -108.078422546387003, 27.8242702484131 ], [ -108.120658874512003, 27.829679489135799 ], [ -108.158508300780994, 27.8000202178956 ], [ -108.186515808105, 27.812690734863299 ], [ -108.200172424315994, 27.7653503417968 ], [ -108.207595825195, 27.761028289795 ], [ -108.242622375487997, 27.758100509643601 ], [ -108.260139465332003, 27.747558593750099 ], [ -108.304756164550994, 27.748249053955199 ], [ -108.336647033690994, 27.729671478271499 ] ] ] } },
{ "type": "Feature", "properties": { "NAME_1": "Chihuahua", "NAME_2": "Valle de Zaragoza" }, "geometry": { "type": "Polygon", "coordinates": [ [ [ -106.062622070312003, 27.9934101104737 ], [ -106.045516967772997, 27.984479904174801 ], [ -105.972816467285, 27.978429794311602 ], [ -105.968360900879006, 27.940050125122099 ], [ -105.938629150390994, 27.912179946899499 ], [ -105.912055969237997, 27.918350219726602 ], [ -105.89347076416, 27.9473476409913 ], [ -105.854263305664006, 27.956701278686602 ], [ -105.850158691405994, 27.938789367675799 ], [ -105.879386901855, 27.8678512573243 ], [ -105.909080505370994, 27.822690963745199 ], [ -105.921852111815994, 27.772140502929702 ], [ -105.905807495117003, 27.7618312835694 ], [ -105.847236633300994, 27.752010345458999 ], [ -105.818069458007997, 27.7033004760743 ], [ -105.782691955565994, 27.738428115844801 ], [ -105.728881835937997, 27.7098503112794 ], [ -105.694007873535, 27.70166015625 ], [ -105.688400268555, 27.667341232299901 ], [ -105.605537414550994, 27.6621818542481 ], [ -105.571685791015994, 27.610929489135799 ], [ -105.554786682129006, 27.5672111511231 ], [ -105.526466369629006, 27.529951095581101 ], [ -105.518531799315994, 27.533910751342901 ], [ -105.49471282959, 27.524070739746001 ], [ -105.459777832030994, 27.534091949462798 ], [ -105.45629119873, 27.548070907592798 ], [ -105.474266052245994, 27.5648498535157 ], [ -105.463356018065994, 27.5777492523194 ], [ -105.447937011719006, 27.578428268432599 ], [ -105.430046081542997, 27.5672702789307 ], [ -105.424301147460994, 27.562139511108501 ], [ -105.460418701172003, 27.564359664916999 ], [ -105.450080871582003, 27.549512863159201 ], [ -105.454978942870994, 27.531320571899499 ], [ -105.443397521972997, 27.5157203674318 ], [ -105.46501159668, 27.521778106689499 ], [ -105.449989318847997, 27.483301162719702 ], [ -105.454376220702997, 27.461080551147401 ], [ -105.485847473145, 27.485460281372099 ], [ -105.479057312012003, 27.506549835205099 ], [ -105.492141723632997, 27.515409469604599 ], [ -105.494598388672003, 27.484479904174901 ], [ -105.502159118652003, 27.480100631713999 ], [ -105.504951477050994, 27.489519119262798 ], [ -105.515548706055, 27.488439559936602 ], [ -105.519927978515994, 27.464029312133899 ], [ -105.509407043457003, 27.437601089477599 ], [ -105.525337219237997, 27.427120208740199 ], [ -105.530738830565994, 27.401359558105501 ], [ -105.605690002440994, 27.3814086914062 ], [ -105.614929199219006, 27.366060256958001 ], [ -105.639297485352003, 27.362310409545898 ], [ -105.659301757812003, 27.3439025878907 ], [ -105.6923828125, 27.345888137817401 ], [ -105.698791503905994, 27.323560714721602 ], [ -105.735702514647997, 27.312839508056602 ], [ -105.755439758300994, 27.2919101715088 ], [ -105.769271850585994, 27.298700332641602 ], [ -105.800506591797003, 27.346378326416101 ], [ -105.823051452637003, 27.339300155639702 ], [ -105.836112976074006, 27.3048496246338 ], [ -105.856590270995994, 27.3012409210206 ], [ -105.917503356934006, 27.348329544067401 ], [ -105.964569091797003, 27.368589401245099 ], [ -106.003700256347997, 27.371931076049901 ], [ -106.016487121582003, 27.3921909332275 ], [ -106.061225891112997, 27.410711288452301 ], [ -106.068382263184006, 27.4003105163575 ], [ -106.056106567382997, 27.343551635742202 ], [ -106.072982788085994, 27.3243007659913 ], [ -106.084213256835994, 27.327041625976499 ], [ -106.089836120605, 27.347232818603501 ], [ -106.111320495605, 27.373500823974599 ], [ -106.150917053222997, 27.367969512939499 ], [ -106.15705871582, 27.396820068359499 ], [ -106.186180114745994, 27.388299942016701 ], [ -106.213897705077997, 27.395349502563601 ], [ -106.214996337890994, 27.409500122070298 ], [ -106.250106811522997, 27.456220626831101 ], [ -106.237777709960994, 27.501600265503001 ], [ -106.24259185791, 27.5772304534913 ], [ -106.204795837402003, 27.627130508422901 ], [ -106.191452026367003, 27.6585998535156 ], [ -106.217559814452997, 27.7345294952393 ], [ -106.215705871582003, 27.792930603027401 ], [ -106.201622009277003, 27.8295593261719 ], [ -106.162086486815994, 27.8484191894532 ], [ -106.193199157715, 27.863380432128999 ], [ -106.148712158202997, 27.8720397949219 ], [ -106.141296386719006, 27.903749465942401 ], [ -106.120185852050994, 27.939540863037202 ], [ -106.094100952147997, 27.954790115356602 ], [ -106.080451965332003, 27.980709075927798 ], [ -106.062622070312003, 27.9934101104737 ] ] ] } }
]
}
