{
"type": "FeatureCollection",
"name": "coahuila",
"crs": { "type": "name", "properties": { "name": "urn:ogc:def:crs:OGC:1.3:CRS84" } },
"features": [
{ "type": "Feature", "properties": { "NAME_1": "Coahuila", "NAME_2": "Abasolo" }, "geometry": { "type": "Polygon", "coordinates": [ [ [ -101.11400604248, 27.1313400268556 ], [ -101.122436523437997, 27.105039596557599 ], [ -101.097457885742003, 27.107191085815501 ], [ -101.096153259277003, 27.085840225219702 ], [ -101.057662963867003, 27.052040100097699 ], [ -101.085899353027003, 27.034000396728501 ], [ -101.097076416015994, 27.009960174560501 ], [ -101.118186950684006, 27.0086898803712 ], [ -101.157730102539006, 27.0306911468506 ], [ -101.189743041992003, 27.0280990600587 ], [ -101.246131896972997, 27.108779907226602 ], [ -101.312049865722997, 27.143569946289102 ], [ -101.343322753905994, 27.135971069335898 ], [ -101.364021301269005, 27.1067504882812 ], [ -101.40535736084, 27.099630355835099 ], [ -101.440559387207003, 27.079530715942401 ], [ -101.443702697754006, 27.097490310668899 ], [ -101.463661193847997, 27.113439559936499 ], [ -101.460647583007997, 27.147029876709102 ], [ -101.51619720459, 27.190500259399499 ], [ -101.518211364745994, 27.227460861206101 ], [ -101.464286804199006, 27.217599868774499 ], [ -101.434669494629006, 27.240879058838001 ], [ -101.421981811522997, 27.215671539306701 ], [ -101.405548095702997, 27.203140258789102 ], [ -101.382690429687997, 27.2250709533693 ], [ -101.301612854004006, 27.256309509277301 ], [ -101.238159179687003, 27.2580890655518 ], [ -101.218246459960994, 27.2475700378419 ], [ -101.199066162109006, 27.220710754394599 ], [ -101.179817199707003, 27.232868194580199 ], [ -101.160507202147997, 27.227790832519599 ], [ -101.159255981445, 27.207139968872099 ], [ -101.135688781737997, 27.186599731445401 ], [ -101.11400604248, 27.1313400268556 ] ] ] } },
{ "type": "Feature", "properties": { "NAME_1": "Coahuila", "NAME_2": "Acuña" }, "geometry": { "type": "Polygon", "coordinates": [ [ [ -102.791076660155994, 28.939609527587798 ], [ -102.815979003905994, 28.975460052490298 ], [ -102.781257629395, 28.979450225830199 ], [ -102.75537109375, 29.027759552001999 ], [ -102.721122741699006, 29.0531101226807 ], [ -102.720558166504006, 29.122989654541101 ], [ -102.693283081055, 29.189090728759702 ], [ -102.748229980469006, 29.289739608764702 ], [ -102.838333129882997, 29.3041706085206 ], [ -102.868858337402003, 29.352176666259702 ], [ -102.842788696289006, 29.358140945434599 ], [ -102.845916748047003, 29.3731994628907 ], [ -102.818176269530994, 29.398490905761701 ], [ -102.832916259765994, 29.410539627075199 ], [ -102.827346801757997, 29.4214992523193 ], [ -102.831939697265994, 29.4391403198243 ], [ -102.821823120117003, 29.4495029449463 ], [ -102.826156616210994, 29.453968048095799 ], [ -102.816070556640994, 29.480819702148398 ], [ -102.802612304687997, 29.485761642456101 ], [ -102.808052062987997, 29.522760391235401 ], [ -102.791915893555, 29.541971206665 ], [ -102.774772644042997, 29.5465412139893 ], [ -102.774490356445, 29.5694694519043 ], [ -102.762092590332003, 29.575279235839801 ], [ -102.767486572265994, 29.595769882202301 ], [ -102.741790771484006, 29.595960617065501 ], [ -102.74153137207, 29.635850906372099 ], [ -102.694946289062003, 29.672758102416999 ], [ -102.697319030762003, 29.6969909667969 ], [ -102.671516418457003, 29.7439193725587 ], [ -102.65438079834, 29.734249114990199 ], [ -102.627090454102003, 29.7353706359863 ], [ -102.613243103027003, 29.746240615844702 ], [ -102.574058532715, 29.7540512084962 ], [ -102.566696166992003, 29.7707195281982 ], [ -102.546966552734006, 29.745059967041101 ], [ -102.512382507324006, 29.765569686889599 ], [ -102.513450622559006, 29.783411026001001 ], [ -102.482933044434006, 29.783201217651399 ], [ -102.476890563965, 29.774629592895501 ], [ -102.466583251952997, 29.7812805175781 ], [ -102.387641906737997, 29.761039733886701 ], [ -102.388252258300994, 29.782100677490199 ], [ -102.377487182617003, 29.791959762573299 ], [ -102.363250732422003, 29.845870971679801 ], [ -102.340171813965, 29.866979598999102 ], [ -102.32682800293, 29.860399246215898 ], [ -102.320999145507997, 29.8779201507568 ], [ -102.30094909668, 29.876060485839801 ], [ -102.281616210937997, 29.862720489502099 ], [ -102.26490020752, 29.8671894073487 ], [ -102.258659362792997, 29.850830078125099 ], [ -102.244766235352003, 29.862569808960099 ], [ -102.244873046875, 29.846540451049901 ], [ -102.224182128905994, 29.840549468994201 ], [ -102.196182250977003, 29.836530685424801 ], [ -102.189102172852003, 29.847211837768601 ], [ -102.18221282959, 29.8455200195312 ], [ -102.18009185791, 29.824951171875 ], [ -102.167472839355, 29.8247394561769 ], [ -102.140548706055, 29.800989151001001 ], [ -102.069702148437997, 29.786331176757901 ], [ -102.041366577147997, 29.789150238037099 ], [ -102.032272338867003, 29.803979873657202 ], [ -102.014251708984006, 29.798360824585 ], [ -101.997619628905994, 29.806451797485298 ], [ -101.986396789550994, 29.798870086669901 ], [ -101.976303100585994, 29.8164596557618 ], [ -101.96565246582, 29.811162948608398 ], [ -101.961647033690994, 29.797491073608501 ], [ -101.934326171875, 29.798891067504901 ], [ -101.930313110352003, 29.784299850463899 ], [ -101.909072875977003, 29.797960281372099 ], [ -101.874839782715, 29.795810699463001 ], [ -101.853523254395, 29.80717086792 ], [ -101.823143005370994, 29.7888908386231 ], [ -101.819961547852003, 29.811389923095799 ], [ -101.805603027344006, 29.803840637207099 ], [ -101.816360473632997, 29.7912998199463 ], [ -101.807189941405994, 29.780460357666101 ], [ -101.791381835937003, 29.77889251709 ], [ -101.781639099120994, 29.790500640869102 ], [ -101.738166809082003, 29.773330688476602 ], [ -101.721397399902003, 29.7758903503419 ], [ -101.709053039550994, 29.763259887695401 ], [ -101.687103271484006, 29.7700099945069 ], [ -101.677406311035, 29.758710861206101 ], [ -101.663436889647997, 29.7699203491212 ], [ -101.64525604248, 29.7541618347169 ], [ -101.625587463379006, 29.769580841064499 ], [ -101.576179504395, 29.769840240478601 ], [ -101.569808959960994, 29.79421043396 ], [ -101.545936584472997, 29.811500549316499 ], [ -101.537307739257997, 29.799711227416999 ], [ -101.538139343262003, 29.7593898773194 ], [ -101.503562927245994, 29.7653694152832 ], [ -101.458763122559006, 29.7888793945312 ], [ -101.447036743164006, 29.749649047851602 ], [ -101.403778076172003, 29.770820617675799 ], [ -101.399436950682997, 29.763090133666999 ], [ -101.417556762695, 29.746831893921001 ], [ -101.398406982422003, 29.7333297729493 ], [ -101.398048400879006, 29.711349487304702 ], [ -101.374732971190994, 29.6992702484131 ], [ -101.376525878905994, 29.681381225586001 ], [ -101.363960266112997, 29.650840759277401 ], [ -101.338409423827997, 29.661239624023601 ], [ -101.30623626709, 29.652931213378899 ], [ -101.302368164062003, 29.640140533447401 ], [ -101.313598632812003, 29.586860656738398 ], [ -101.307685852050994, 29.577760696411101 ], [ -101.286628723145, 29.572509765625099 ], [ -101.277519226074006, 29.594160079956101 ], [ -101.277946472167997, 29.6216526031494 ], [ -101.26286315918, 29.630529403686499 ], [ -101.249130249022997, 29.624731063842901 ], [ -101.251930236815994, 29.601331710815401 ], [ -101.24356842041, 29.5684299468994 ], [ -101.262435913085994, 29.533840179443398 ], [ -101.259132385254006, 29.5228805541993 ], [ -101.178840637207003, 29.515079498291001 ], [ -101.15209197998, 29.475950241088999 ], [ -101.127487182617003, 29.477119445800799 ], [ -101.114273071289006, 29.467630386352599 ], [ -101.093902587890994, 29.471969604492202 ], [ -101.06388092041, 29.459430694580099 ], [ -101.008316040039006, 29.3678207397462 ], [ -100.94896697998, 29.346807479858501 ], [ -100.938858032227003, 29.3313007354737 ], [ -100.887351989745994, 29.3065204620362 ], [ -100.877136230469006, 29.2804698944093 ], [ -100.842491149902003, 29.2642307281494 ], [ -100.819496154785, 29.263490676879901 ], [ -100.819923400879006, 29.253400802612401 ], [ -100.803649902344006, 29.248821258544901 ], [ -100.863037109375, 29.197910308837901 ], [ -100.892852783202997, 29.201311111450199 ], [ -100.907577514647997, 29.152429580688398 ], [ -100.930908203125, 29.159070968627901 ], [ -100.946212768555, 29.1792812347412 ], [ -100.997749328612997, 29.201311111450199 ], [ -101.07982635498, 29.170732498168899 ], [ -101.13777923584, 29.165100097656399 ], [ -101.218215942382997, 29.194810867309599 ], [ -101.259346008300994, 29.2441005706787 ], [ -101.376922607422003, 29.287839889526399 ], [ -101.367073059082003, 29.326229095458899 ], [ -101.374359130859006, 29.332269668579201 ], [ -101.425056457519005, 29.3194503784181 ], [ -101.45751953125, 29.289609909057699 ], [ -101.519256591797003, 29.268430709838999 ], [ -101.631896972655994, 29.275680541992202 ], [ -101.628143310547003, 29.255420684814599 ], [ -101.654083251952997, 29.255529403686499 ], [ -101.655792236327997, 29.239658355712901 ], [ -101.71012878418, 29.228290557861399 ], [ -101.756172180175994, 29.175939559936602 ], [ -101.797622680664006, 29.163721084594702 ], [ -101.86287689209, 29.1108703613282 ], [ -101.910316467285, 29.0937194824219 ], [ -101.908340454102003, 29.047241210937599 ], [ -101.930099487305, 29.006242752075298 ], [ -102.051292419434006, 28.888849258422901 ], [ -102.111549377440994, 28.929040908813601 ], [ -102.264228820800994, 28.965030670166001 ], [ -102.41911315918, 28.977138519287202 ], [ -102.509696960449006, 29.022611618042099 ], [ -102.562408447265994, 29.004270553588999 ], [ -102.652282714844006, 28.951360702514599 ], [ -102.680130004882997, 28.951021194458001 ], [ -102.714157104492003, 28.9174404144288 ], [ -102.791076660155994, 28.939609527587798 ] ] ] } },
{ "type": "Feature", "properties": { "NAME_1": "Coahuila", "NAME_2": "Allende" }, "geometry": { "type": "Polygon", "coordinates": [ [ [ -100.920082092285, 28.192552566528398 ], [ -100.972923278809006, 28.207588195800799 ], [ -101.000442504882997, 28.263820648193501 ], [ -100.995780944824006, 28.278600692748999 ], [ -100.919509887695, 28.357601165771499 ], [ -100.854316711425994, 28.368232727050898 ], [ -100.82299041748, 28.398841857910199 ], [ -100.787292480469006, 28.4179592132569 ], [ -100.779067993164006, 28.382230758666999 ], [ -100.749153137207003, 28.379440307617202 ], [ -100.774665832519005, 28.350650787353501 ], [ -100.804710388184006, 28.339929580688501 ], [ -100.8359375, 28.289300918579201 ], [ -100.840377807617003, 28.267169952392599 ], [ -100.881996154785, 28.204290390014702 ], [ -100.89933013916, 28.193540573120099 ], [ -100.920082092285, 28.192552566528398 ] ] ] } },
{ "type": "Feature", "properties": { "NAME_1": "Coahuila", "NAME_2": "Arteaga" }, "geometry": { "type": "Polygon", "coordinates": [ [ [ -100.254318237305, 25.280290603637798 ], [ -100.284370422362997, 25.2477207183838 ], [ -100.294456481934006, 25.2009181976318 ], [ -100.381660461425994, 25.199790954589801 ], [ -100.414627075195, 25.213260650634801 ], [ -100.450508117675994, 25.214910507202202 ], [ -100.527160644530994, 25.234960556030401 ], [ -100.575981140137003, 25.289390563965 ], [ -100.662559509277003, 25.290300369262699 ], [ -100.677192687987997, 25.282680511474599 ], [ -100.661766052245994, 25.255172729492202 ], [ -100.736968994140994, 25.232219696045 ], [ -100.761016845702997, 25.1804504394532 ], [ -100.791679382324006, 25.1396808624268 ], [ -100.827102661132997, 25.166589736938601 ], [ -100.85270690918, 25.204429626464901 ], [ -100.881927490234006, 25.227319717407202 ], [ -100.902061462402003, 25.233470916748001 ], [ -100.950096130370994, 25.226209640503001 ], [ -100.980895996094006, 25.2316493988037 ], [ -100.976081848144005, 25.279991149902401 ], [ -100.948432922362997, 25.295009613037202 ], [ -100.951232910155994, 25.342889785766602 ], [ -100.933692932129006, 25.363410949707099 ], [ -100.956451416015994, 25.3912582397462 ], [ -100.949249267577997, 25.4350490570069 ], [ -100.907691955565994, 25.462049484252901 ], [ -100.942161560059006, 25.543630599975501 ], [ -100.91731262207, 25.561611175537202 ], [ -100.87629699707, 25.5648403167725 ], [ -100.865776062012003, 25.589500427246101 ], [ -100.870407104492003, 25.6173801422119 ], [ -100.851020812987997, 25.630050659179801 ], [ -100.83325958252, 25.629129409790199 ], [ -100.794715881347997, 25.587659835815501 ], [ -100.714408874512003, 25.615079879760799 ], [ -100.677696228027003, 25.593910217285199 ], [ -100.630561828612997, 25.5985507965088 ], [ -100.616226196289006, 25.5252075195312 ], [ -100.600296020507997, 25.4987907409668 ], [ -100.49755859375, 25.4509601593018 ], [ -100.448471069335994, 25.416179656982401 ], [ -100.447891235352003, 25.403560638427798 ], [ -100.469039916992003, 25.3780403137207 ], [ -100.386306762695, 25.359130859375099 ], [ -100.330017089844006, 25.358739852905298 ], [ -100.305000305175994, 25.326280593871999 ], [ -100.270027160645, 25.314960479736399 ], [ -100.254318237305, 25.280290603637798 ] ] ] } },
{ "type": "Feature", "properties": { "NAME_1": "Coahuila", "NAME_2": "Candela" }, "geometry": { "type": "Polygon", "coordinates": [ [ [ -100.675628662109006, 26.748449325561602 ], [ -100.692558288574006, 26.736881256103501 ], [ -100.701881408690994, 26.702550888061499 ], [ -100.846542358397997, 26.7003993988038 ], [ -100.940406799315994, 26.641420364379901 ], [ -101.04313659668, 26.641700744628999 ], [ -101.086898803710994, 26.627180099487401 ], [ -101.191909790039006, 26.758472442626999 ], [ -101.120056152344006, 26.801921844482401 ], [ -101.070861816405994, 26.858629226684702 ], [ -101.012886047362997, 26.831092834472798 ], [ -100.928291320800994, 26.863061904907202 ], [ -100.928062438965, 26.8767108917237 ], [ -100.906455993652003, 26.903001785278398 ], [ -100.925476074219006, 26.9221706390381 ], [ -100.972267150879006, 26.946229934692401 ], [ -101.054168701172003, 26.9711303710937 ], [ -101.077072143555, 26.997148513793899 ], [ -101.094596862792997, 27.0051803588868 ], [ -101.087768554687003, 27.031959533691499 ], [ -101.057662963867003, 27.052040100097699 ], [ -101.096153259277003, 27.085840225219702 ], [ -101.097457885742003, 27.107191085815501 ], [ -101.122436523437997, 27.105039596557599 ], [ -101.117218017577997, 27.127719879150401 ], [ -101.04524230957, 27.127599716186602 ], [ -101.001663208007997, 27.143510818481499 ], [ -100.946319580077997, 27.105791091919102 ], [ -100.925712585449006, 27.0714206695557 ], [ -100.903839111327997, 27.069950103759801 ], [ -100.875137329102003, 27.0872516632081 ], [ -100.750419616699006, 27.0107727050782 ], [ -100.738845825195, 27.015037536621101 ], [ -100.724800109862997, 27.097080230713001 ], [ -100.711128234862997, 27.126501083374102 ], [ -100.693328857422003, 27.128919601440501 ], [ -100.655197143555, 27.097730636596602 ], [ -100.61116027832, 27.0801181793213 ], [ -100.601013183594006, 27.061510086059599 ], [ -100.604766845702997, 26.998729705810501 ], [ -100.585876464844006, 26.893400192260899 ], [ -100.613822937012003, 26.845111846923899 ], [ -100.620613098145, 26.8071899414063 ], [ -100.662933349609006, 26.779342651367202 ], [ -100.675628662109006, 26.748449325561602 ] ] ] } },
{ "type": "Feature", "properties": { "NAME_1": "Coahuila", "NAME_2": "Castaños" }, "geometry": { "type": "Polygon", "coordinates": [ [ [ -101.499359130859006, 26.30472946167 ], [ -101.536949157715, 26.338079452514599 ], [ -101.602912902832003, 26.418909072876001 ], [ -101.626502990722997, 26.472761154174801 ], [ -101.610786437987997, 26.514789581298899 ], [ -101.645820617675994, 26.5299797058106 ], [ -101.67366027832, 26.5837516784669 ], [ -101.708877563477003, 26.584070205688501 ], [ -101.732406616210994, 26.599880218505898 ], [ -101.772689819335994, 26.683008193969702 ], [ -101.780960083007997, 26.7195014953613 ], [ -101.752990722655994, 26.802141189575298 ], [ -101.67212677002, 26.878482818603601 ], [ -101.656089782715, 26.879129409790099 ], [ -101.587249755859006, 26.851200103759901 ], [ -101.544937133789006, 26.845848083496101 ], [ -101.528198242187997, 26.853540420532202 ], [ -101.522430419922003, 26.879470825195401 ], [ -101.479919433594006, 26.892990112304702 ], [ -101.452987670897997, 26.8926811218262 ], [ -101.43049621582, 26.854810714721701 ], [ -101.423057556152003, 26.813791275024499 ], [ -101.411720275879006, 26.810110092163001 ], [ -101.389793395995994, 26.829160690307699 ], [ -101.367462158202997, 26.830440521240298 ], [ -101.340286254882997, 26.825330734253001 ], [ -101.312446594237997, 26.799488067626999 ], [ -101.294822692870994, 26.8112602233887 ], [ -101.279502868652003, 26.809610366821399 ], [ -101.250968933105, 26.7764701843263 ], [ -101.191909790039006, 26.758472442626999 ], [ -101.086898803710994, 26.627180099487401 ], [ -101.115242004394005, 26.5990295410156 ], [ -101.157150268555, 26.500991821289102 ], [ -101.239646911620994, 26.4317302703857 ], [ -101.25366973877, 26.4139308929444 ], [ -101.260536193847997, 26.381692886352599 ], [ -101.121269226074006, 26.247270584106499 ], [ -101.143035888672003, 26.2404499053956 ], [ -101.192962646484006, 26.242179870605501 ], [ -101.264526367187997, 26.2717094421387 ], [ -101.345512390137003, 26.2900505065919 ], [ -101.426193237305, 26.3035907745362 ], [ -101.499359130859006, 26.30472946167 ] ] ] } },
{ "type": "Feature", "properties": { "NAME_1": "Coahuila", "NAME_2": "Cuatrociénegas" }, "geometry": { "type": "Polygon", "coordinates": [ [ [ -101.499359130859006, 26.30472946167 ], [ -101.655868530272997, 26.309328079223601 ], [ -101.718086242675994, 26.2975883483887 ], [ -101.780128479004006, 26.314718246460099 ], [ -101.804527282715, 26.329910278320298 ], [ -101.888946533202997, 26.348211288452099 ], [ -102.013389587402003, 26.346361160278299 ], [ -102.08812713623, 26.368860244751001 ], [ -102.131973266602003, 26.370702743530298 ], [ -102.20157623291, 26.301822662353601 ], [ -102.255149841309006, 26.276849746704201 ], [ -102.269927978515994, 26.2434196472168 ], [ -102.317016601562003, 26.2186508178712 ], [ -102.338729858397997, 26.215192794799901 ], [ -102.358757019042997, 26.232112884521602 ], [ -102.397789001465, 26.237751007080099 ], [ -102.405586242675994, 26.261062622070298 ], [ -102.362350463867003, 26.274192810058501 ], [ -102.338447570800994, 26.3119583129882 ], [ -102.364730834960994, 26.4004592895507 ], [ -102.361907958984006, 26.4376316070557 ], [ -102.328376770019005, 26.527530670166101 ], [ -102.331489562987997, 26.537990570068398 ], [ -102.351356506347997, 26.5472507476807 ], [ -102.336402893065994, 26.5837306976318 ], [ -102.35555267334, 26.6121006011963 ], [ -102.355827331542997, 26.666017532348601 ], [ -102.45369720459, 26.683071136474599 ], [ -102.621307373047003, 26.7412204742432 ], [ -102.715660095215, 26.764240264892699 ], [ -102.805381774902003, 26.819541931152301 ], [ -102.874610900879006, 26.817670822143601 ], [ -102.908218383789006, 26.8324298858643 ], [ -102.899879455565994, 26.922969818115199 ], [ -102.879913330077997, 26.929700851440401 ], [ -102.89875793457, 27.045719146728601 ], [ -102.896766662597997, 27.119840621948399 ], [ -102.855651855469006, 27.193510055541999 ], [ -102.764129638672003, 27.132022857666001 ], [ -102.748970031737997, 27.130519866943398 ], [ -102.696327209472997, 27.156721115112301 ], [ -102.631385803222997, 27.232469558715898 ], [ -102.571586608887003, 27.244340896606399 ], [ -102.523086547852003, 27.214839935302699 ], [ -102.443176269530994, 27.288959503173899 ], [ -102.408752441405994, 27.305200576782202 ], [ -102.324867248535, 27.3089199066162 ], [ -102.250389099120994, 27.2982807159425 ], [ -102.219329833984006, 27.312671661376999 ], [ -102.168159484862997, 27.3168926239013 ], [ -102.11319732666, 27.308189392089801 ], [ -102.097480773925994, 27.230690002441499 ], [ -102.037666320800994, 27.183429718017599 ], [ -101.964233398437997, 27.1066799163819 ], [ -101.895660400390994, 27.060489654541001 ], [ -101.837310791015994, 26.893630981445401 ], [ -101.782066345215, 26.857240676879901 ], [ -101.740768432617003, 26.8160114288331 ], [ -101.766822814940994, 26.773929595947301 ], [ -101.780960083007997, 26.7195014953613 ], [ -101.747741699219006, 26.623878479003999 ], [ -101.716583251952997, 26.5877399444581 ], [ -101.67366027832, 26.5837516784669 ], [ -101.645820617675994, 26.5299797058106 ], [ -101.610786437987997, 26.514789581298899 ], [ -101.626502990722997, 26.472761154174801 ], [ -101.602912902832003, 26.418909072876001 ], [ -101.536949157715, 26.338079452514599 ], [ -101.499359130859006, 26.30472946167 ] ] ] } },
{ "type": "Feature", "properties": { "NAME_1": "Coahuila", "NAME_2": "Escobedo" }, "geometry": { "type": "Polygon", "coordinates": [ [ [ -101.518211364745994, 27.227460861206101 ], [ -101.504066467285, 27.260540008545 ], [ -101.49666595459, 27.335760116577301 ], [ -101.511512756347997, 27.3661518096925 ], [ -101.540161132812003, 27.393381118774499 ], [ -101.543037414550994, 27.4269104003907 ], [ -101.511917114257997, 27.517652511596701 ], [ -101.488166809082003, 27.516471862793001 ], [ -101.480018615722997, 27.503330230713001 ], [ -101.461212158202997, 27.5012512207031 ], [ -101.454772949219006, 27.508928298950199 ], [ -101.460746765137003, 27.5512790679932 ], [ -101.436027526855, 27.564580917358501 ], [ -101.392196655272997, 27.5683097839356 ], [ -101.383926391602003, 27.559459686279201 ], [ -101.385772705077997, 27.5160026550293 ], [ -101.363159179687997, 27.510721206665199 ], [ -101.363502502440994, 27.457290649414201 ], [ -101.345642089844006, 27.433000564575199 ], [ -101.324806213379006, 27.429090499877901 ], [ -101.298393249512003, 27.4473400115968 ], [ -101.277992248535, 27.446590423583999 ], [ -101.199462890625, 27.4175109863281 ], [ -101.153633117675994, 27.384220123291001 ], [ -101.101722717285, 27.387138366699201 ], [ -101.07389831543, 27.3636493682862 ], [ -101.035446166992003, 27.348041534423899 ], [ -101.030426025390994, 27.3330516815187 ], [ -101.036056518555, 27.308151245117301 ], [ -101.016380310059006, 27.288089752197301 ], [ -101.039306640625, 27.197700500488398 ], [ -101.001663208007997, 27.143510818481499 ], [ -101.04524230957, 27.127599716186602 ], [ -101.11400604248, 27.1313400268556 ], [ -101.135688781737997, 27.186599731445401 ], [ -101.159255981445, 27.207139968872099 ], [ -101.160507202147997, 27.227790832519599 ], [ -101.179817199707003, 27.232868194580199 ], [ -101.199066162109006, 27.220710754394599 ], [ -101.218246459960994, 27.2475700378419 ], [ -101.238159179687003, 27.2580890655518 ], [ -101.301612854004006, 27.256309509277301 ], [ -101.382690429687997, 27.2250709533693 ], [ -101.405548095702997, 27.203140258789102 ], [ -101.421981811522997, 27.215671539306701 ], [ -101.434669494629006, 27.240879058838001 ], [ -101.464286804199006, 27.217599868774499 ], [ -101.518211364745994, 27.227460861206101 ] ] ] } },
{ "type": "Feature", "properties": { "NAME_1": "Coahuila", "NAME_2": "Francisco I. Madero" }, "geometry": { "type": "Polygon", "coordinates": [ [ [ -103.395606994629006, 25.791561126708999 ], [ -103.410057067870994, 25.854000091552798 ], [ -103.444763183594006, 25.937650680542099 ], [ -103.451736450195, 26.021530151367202 ], [ -103.435546875, 26.091709136963001 ], [ -103.509407043457003, 26.257961273193398 ], [ -103.490051269530994, 26.370040893554702 ], [ -103.513397216797003, 26.462049484252901 ], [ -103.547409057617003, 26.532550811767599 ], [ -103.638877868652003, 26.609119415283299 ], [ -103.705307006835994, 26.685880661010899 ], [ -103.682586669922003, 26.712141036987401 ], [ -103.646423339844006, 26.730688095092798 ], [ -103.570236206055, 26.743881225586001 ], [ -103.521446228027003, 26.7399597167968 ], [ -103.477752685547003, 26.761991500854599 ], [ -103.407432556152003, 26.777402877807699 ], [ -103.399017333984006, 26.808221817016701 ], [ -103.399787902832003, 26.8660697937012 ], [ -103.301773071289006, 26.8773403167725 ], [ -103.180625915527003, 26.831199645996101 ], [ -103.060859680175994, 26.860372543335 ], [ -103.034729003905994, 26.8119010925294 ], [ -103.027572631835994, 26.777612686157202 ], [ -103.051986694335994, 26.722589492797901 ], [ -103.057136535645, 26.6661300659181 ], [ -103.013359069824006, 26.613260269165099 ], [ -102.938049316405994, 26.554491043090799 ], [ -102.968780517577997, 26.5369396209718 ], [ -102.995986938477003, 26.538761138916101 ], [ -102.992630004882997, 26.5041904449463 ], [ -102.998306274414006, 26.4911708831788 ], [ -103.063049316405994, 26.420721054077202 ], [ -103.088249206542997, 26.369480133056602 ], [ -103.15648651123, 26.270900726318398 ], [ -103.159103393555, 26.254461288452301 ], [ -103.12410736084, 26.227430343627901 ], [ -103.127098083495994, 26.217830657958899 ], [ -103.178268432617003, 26.1879482269287 ], [ -103.196533203125, 26.156999588012699 ], [ -103.176452636719006, 26.0182495117188 ], [ -103.190490722655994, 26.008300781249901 ], [ -103.230895996094006, 26.020259857177699 ], [ -103.229652404785, 25.987171173095799 ], [ -103.212989807129006, 25.969970703124901 ], [ -103.246337890625, 25.9422512054444 ], [ -103.241706848145, 25.882200241088899 ], [ -103.26587677002, 25.865751266479599 ], [ -103.276390075684006, 25.822221755981399 ], [ -103.297271728515994, 25.8165397644043 ], [ -103.320701599120994, 25.783170700073399 ], [ -103.33960723877, 25.773160934448299 ], [ -103.347557067870994, 25.7735404968262 ], [ -103.357780456542997, 25.791971206665099 ], [ -103.340393066405994, 25.819339752197401 ], [ -103.345108032227003, 25.828670501709102 ], [ -103.366806030272997, 25.820230484008899 ], [ -103.395606994629006, 25.791561126708999 ] ] ] } },
{ "type": "Feature", "properties": { "NAME_1": "Coahuila", "NAME_2": "Frontera" }, "geometry": { "type": "Polygon", "coordinates": [ [ [ -101.665100097655994, 26.880510330200298 ], [ -101.679206848145, 26.904199600219801 ], [ -101.677551269530994, 26.919429779052798 ], [ -101.630950927734006, 26.9830017089844 ], [ -101.619850158690994, 27.030918121338001 ], [ -101.609176635742003, 27.034080505371001 ], [ -101.600433349609006, 27.0613098144532 ], [ -101.485130310059006, 27.094200134277301 ], [ -101.463661193847997, 27.113439559936499 ], [ -101.449211120605, 27.103410720825199 ], [ -101.435043334960994, 27.034530639648501 ], [ -101.454872131347997, 27.017780303955099 ], [ -101.490692138672003, 26.941038131713899 ], [ -101.522163391112997, 26.9020004272462 ], [ -101.528198242187997, 26.853540420532202 ], [ -101.544937133789006, 26.845848083496101 ], [ -101.575408935547003, 26.848670959472798 ], [ -101.665100097655994, 26.880510330200298 ] ] ] } },
{ "type": "Feature", "properties": { "NAME_1": "Coahuila", "NAME_2": "General Cepeda" }, "geometry": { "type": "Polygon", "coordinates": [ [ [ -101.555282592772997, 25.182220458984499 ], [ -101.591049194335994, 25.208560943603601 ], [ -101.612380981445, 25.204612731933601 ], [ -101.632209777832003, 25.211778640747099 ], [ -101.699333190917997, 25.282140731811499 ], [ -101.709365844727003, 25.301820755005 ], [ -101.704795837402003, 25.319421768188398 ], [ -101.733856201172003, 25.336111068725501 ], [ -101.743087768555, 25.351869583129901 ], [ -101.760726928710994, 25.4215908050537 ], [ -101.768463134765994, 25.5097980499268 ], [ -101.814826965332003, 25.616519927978601 ], [ -101.835136413574006, 25.6373710632325 ], [ -101.887756347655994, 25.641180038452202 ], [ -101.887161254882997, 25.672140121460099 ], [ -101.905067443847997, 25.688341140747099 ], [ -101.900581359862997, 25.701490402221701 ], [ -101.859642028809006, 25.718950271606602 ], [ -101.848007202147997, 25.751470565796001 ], [ -101.80558013916, 25.7995910644532 ], [ -101.799392700195, 25.868522644043001 ], [ -101.811965942382997, 25.889520645141499 ], [ -101.76683807373, 25.905309677123999 ], [ -101.753936767577997, 25.9225597381593 ], [ -101.730422973632997, 25.934022903442401 ], [ -101.718215942382997, 25.9302997589112 ], [ -101.668609619140994, 25.8744201660156 ], [ -101.642066955565994, 25.869289398193398 ], [ -101.624282836914006, 25.838830947876001 ], [ -101.519477844237997, 25.7706203460693 ], [ -101.425079345702997, 25.728040695190501 ], [ -101.349830627440994, 25.730230331420898 ], [ -101.312217712402003, 25.712890625 ], [ -101.256828308105, 25.661159515380898 ], [ -101.245323181152003, 25.6325302124025 ], [ -101.241386413574006, 25.6089897155763 ], [ -101.248947143555, 25.591220855713001 ], [ -101.283447265625, 25.589170455932699 ], [ -101.314010620117003, 25.5760402679444 ], [ -101.311599731445, 25.5414028167725 ], [ -101.335258483887003, 25.496139526367301 ], [ -101.373741149902003, 25.527580261230501 ], [ -101.393569946289006, 25.5183506011962 ], [ -101.373092651367003, 25.482532501220799 ], [ -101.367233276367003, 25.442550659179801 ], [ -101.360168457030994, 25.435840606689499 ], [ -101.333541870117003, 25.436759948730501 ], [ -101.292877197265994, 25.464710235595799 ], [ -101.275360107422003, 25.453149795532202 ], [ -101.269577026367003, 25.430749893188601 ], [ -101.275550842285, 25.4180507659913 ], [ -101.32453918457, 25.389869689941499 ], [ -101.340103149414006, 25.356359481811499 ], [ -101.386962890625, 25.328388214111399 ], [ -101.376159667969006, 25.272031784057599 ], [ -101.389923095702997, 25.2440700531006 ], [ -101.415138244629006, 25.227420806884801 ], [ -101.539489746094006, 25.207201004028398 ], [ -101.555282592772997, 25.182220458984499 ] ] ] } },
{ "type": "Feature", "properties": { "NAME_1": "Coahuila", "NAME_2": "Guerrero" }, "geometry": { "type": "Polygon", "coordinates": [ [ [ -100.768882751465, 27.810810089111399 ], [ -100.771606445312003, 27.857692718505898 ], [ -100.735191345215, 27.8701400756837 ], [ -100.710990905762003, 27.9062194824219 ], [ -100.668067932129006, 27.943981170654201 ], [ -100.651626586914006, 27.977590560913001 ], [ -100.687721252440994, 28.047920227050799 ], [ -100.664131164550994, 28.158140182495199 ], [ -100.685256958007997, 28.190990447998001 ], [ -100.691200256347997, 28.220140457153299 ], [ -100.684768676757997, 28.250909805297901 ], [ -100.664833068847997, 28.278139114379901 ], [ -100.634841918945, 28.3566703796388 ], [ -100.616012573242003, 28.3596801757812 ], [ -100.60179901123, 28.375980377197401 ], [ -100.608299255370994, 28.4161796569825 ], [ -100.603096008300994, 28.430139541626001 ], [ -100.583099365234006, 28.427619934081999 ], [ -100.550636291504006, 28.442491531372202 ], [ -100.497222900390994, 28.4480705261232 ], [ -100.48811340332, 28.4822311401368 ], [ -100.469482421875, 28.497470855713001 ], [ -100.472633361815994, 28.523391723632798 ], [ -100.453857421875, 28.5324382781982 ], [ -100.40892791748, 28.538448333740298 ], [ -100.383476257324006, 28.512710571289102 ], [ -100.337882995605, 28.5018424987794 ], [ -100.342987060547003, 28.4871215820312 ], [ -100.370376586914006, 28.476011276245099 ], [ -100.341293334960994, 28.4480705261232 ], [ -100.338119506835994, 28.432920455932599 ], [ -100.348297119140994, 28.392450332641701 ], [ -100.290626525879006, 28.314939498901399 ], [ -100.292053222655994, 28.276790618896602 ], [ -100.253723144530994, 28.236890792846701 ], [ -100.223266601562003, 28.234201431274499 ], [ -100.20768737793, 28.192390441894599 ], [ -100.163803100585994, 28.169471740722798 ], [ -100.092658996582003, 28.150510787963899 ], [ -100.115608215332003, 28.1242599487306 ], [ -100.143325805664006, 28.109310150146602 ], [ -100.232955932617003, 28.113330841064599 ], [ -100.25244140625, 28.104650497436499 ], [ -100.241592407227003, 28.065509796142599 ], [ -100.246192932129006, 28.040920257568398 ], [ -100.317092895507997, 27.978111267089901 ], [ -100.356132507324006, 27.994058609008899 ], [ -100.378356933594006, 27.989660263061499 ], [ -100.386978149414006, 27.970010757446399 ], [ -100.383583068847997, 27.925798416137798 ], [ -100.429527282715, 27.837591171264599 ], [ -100.441909790039006, 27.8288497924806 ], [ -100.486946105957003, 27.8266506195069 ], [ -100.484016418457003, 27.807399749756001 ], [ -100.459037780762003, 27.767641067505 ], [ -100.493202209472997, 27.7359504699707 ], [ -100.494270324707003, 27.742969512939499 ], [ -100.520126342772997, 27.743129730224599 ], [ -100.562927246094006, 27.772819519043001 ], [ -100.618347167969006, 27.793319702148501 ], [ -100.653312683105, 27.789922714233398 ], [ -100.717323303222997, 27.760679244995199 ], [ -100.747116088867003, 27.7776203155518 ], [ -100.768882751465, 27.810810089111399 ] ] ] } },
{ "type": "Feature", "properties": { "NAME_1": "Coahuila", "NAME_2": "Hidalgo" }, "geometry": { "type": "Polygon", "coordinates": [ [ [ -100.423866271972997, 27.667890548706101 ], [ -100.440818786620994, 27.6962699890137 ], [ -100.479072570800994, 27.710750579833999 ], [ -100.492256164550994, 27.723720550537099 ], [ -100.493202209472997, 27.7359504699707 ], [ -100.459037780762003, 27.767641067505 ], [ -100.487998962402003, 27.820999145507901 ], [ -100.48314666748, 27.830249786377099 ], [ -100.441909790039006, 27.8288497924806 ], [ -100.429527282715, 27.837591171264599 ], [ -100.383583068847997, 27.925798416137798 ], [ -100.383079528809006, 27.984178543090799 ], [ -100.36457824707, 27.995019912719801 ], [ -100.317092895507997, 27.978111267089901 ], [ -100.300521850585994, 27.998100280761701 ], [ -100.272186279297003, 28.014041900634801 ], [ -100.242767333984006, 28.0513801574707 ], [ -100.254211425780994, 28.097139358520501 ], [ -100.243431091309006, 28.111169815063601 ], [ -100.143325805664006, 28.109310150146602 ], [ -100.115608215332003, 28.1242599487306 ], [ -100.092658996582003, 28.150510787963899 ], [ -100.05753326416, 28.107500076293999 ], [ -100.050819396972997, 28.0831298828125 ], [ -100.018356323242003, 28.0665798187256 ], [ -100.010643005370994, 28.0302410125732 ], [ -99.984382629394503, 27.994359970092901 ], [ -99.938079833984403, 27.981920242309599 ], [ -99.942222595214702, 27.9451198577882 ], [ -99.923728942871094, 27.920721054077301 ], [ -99.899566650390597, 27.9050598144532 ], [ -99.909378051757798, 27.873310089111399 ], [ -99.882698059082003, 27.840610504150401 ], [ -99.881217956542997, 27.797800064086999 ], [ -99.854530334472699, 27.7940902709962 ], [ -99.843360900878906, 27.7648410797119 ], [ -99.853767395019503, 27.743291854858501 ], [ -99.878982543945298, 27.722110748291101 ], [ -99.935173034667997, 27.7133903503418 ], [ -100.01180267334, 27.6669101715088 ], [ -100.039001464844006, 27.666641235351602 ], [ -100.089813232422003, 27.6821594238282 ], [ -100.180763244629006, 27.684320449829201 ], [ -100.232086181640994, 27.699670791626001 ], [ -100.379257202147997, 27.690670013427798 ], [ -100.423866271972997, 27.667890548706101 ] ] ] } },
{ "type": "Feature", "properties": { "NAME_1": "Coahuila", "NAME_2": "Jiménez" }, "geometry": { "type": "Polygon", "coordinates": [ [ [ -100.668640136719006, 29.083351135253899 ], [ -100.648971557617003, 28.966989517211999 ], [ -100.670906066894005, 28.963701248168999 ], [ -100.687728881835994, 28.949470520019499 ], [ -100.713790893555, 28.879579544067401 ], [ -100.741729736327997, 28.861200332641602 ], [ -100.795211791992003, 28.849140167236399 ], [ -100.804885864257997, 28.770229339599702 ], [ -100.815811157227003, 28.770330429077099 ], [ -100.847846984862997, 28.795089721679801 ], [ -100.883827209472997, 28.7763690948487 ], [ -100.892921447754006, 28.703968048095799 ], [ -100.945320129395, 28.688079833984499 ], [ -100.967391967772997, 28.689559936523501 ], [ -101.054908752440994, 28.741159439086999 ], [ -101.128898620605, 28.747800827026399 ], [ -101.182586669922003, 28.7769794464112 ], [ -101.192176818847997, 28.794019699096701 ], [ -101.178466796875, 28.914800643921001 ], [ -101.198112487792997, 28.977199554443398 ], [ -101.249557495117003, 29.0731506347657 ], [ -101.340606689452997, 29.0734596252443 ], [ -101.396865844727003, 29.151750564575298 ], [ -101.415336608887003, 29.155950546264599 ], [ -101.440071105957003, 29.1832904815675 ], [ -101.479362487792997, 29.180099487304702 ], [ -101.495018005370994, 29.1868610382081 ], [ -101.532150268555, 29.266241073608398 ], [ -101.45751953125, 29.289609909057699 ], [ -101.421409606934006, 29.321050643921001 ], [ -101.370407104492003, 29.332670211791999 ], [ -101.368461608887003, 29.308048248291101 ], [ -101.376922607422003, 29.287839889526399 ], [ -101.259346008300994, 29.2441005706787 ], [ -101.22566986084, 29.200548171997099 ], [ -101.188591003417997, 29.180099487304702 ], [ -101.13777923584, 29.165100097656399 ], [ -101.094757080077997, 29.167699813842798 ], [ -100.997749328612997, 29.201311111450199 ], [ -100.946212768555, 29.1792812347412 ], [ -100.930908203125, 29.159070968627901 ], [ -100.913856506347997, 29.151840209960898 ], [ -100.902877807617003, 29.156299591064499 ], [ -100.892852783202997, 29.201311111450199 ], [ -100.863037109375, 29.197910308837901 ], [ -100.803649902344006, 29.248821258544901 ], [ -100.796852111815994, 29.243499755859499 ], [ -100.799308776855, 29.2287902832032 ], [ -100.78360748291, 29.224781036376999 ], [ -100.779228210449006, 29.2027912139893 ], [ -100.768707275390994, 29.195531845092798 ], [ -100.777893066405994, 29.171609878540099 ], [ -100.741188049315994, 29.151689529418899 ], [ -100.737411499022997, 29.1379508972169 ], [ -100.714317321777003, 29.1220607757568 ], [ -100.682395935059006, 29.1089591979982 ], [ -100.668640136719006, 29.083351135253899 ] ] ] } },
{ "type": "Feature", "properties": { "NAME_1": "Coahuila", "NAME_2": "Juárez" }, "geometry": { "type": "Polygon", "coordinates": [ [ [ -101.164436340332003, 27.621110916137798 ], [ -101.156181335449006, 27.6255912780763 ], [ -101.15315246582, 27.654529571533299 ], [ -101.142883300780994, 27.661180496215898 ], [ -101.104766845702997, 27.641580581665199 ], [ -101.065612792969006, 27.632551193237202 ], [ -101.03507232666, 27.635999679565401 ], [ -101.021423339844006, 27.645420074463001 ], [ -100.999206542969006, 27.70929145813 ], [ -101.028579711914006, 27.759201049804801 ], [ -101.041931152344006, 27.8212299346925 ], [ -101.028419494629006, 27.8229694366456 ], [ -100.963279724120994, 27.800888061523398 ], [ -100.85262298584, 27.731451034546001 ], [ -100.83275604248, 27.7399196624757 ], [ -100.82657623291, 27.78830909729 ], [ -100.801879882812003, 27.807840347290099 ], [ -100.768882751465, 27.810810089111399 ], [ -100.747116088867003, 27.7776203155518 ], [ -100.717323303222997, 27.760679244995199 ], [ -100.653312683105, 27.789922714233398 ], [ -100.609802246094006, 27.791908264160199 ], [ -100.562927246094006, 27.772819519043001 ], [ -100.520126342772997, 27.743129730224599 ], [ -100.494270324707003, 27.742969512939499 ], [ -100.489219665527003, 27.717830657958999 ], [ -100.440818786620994, 27.6962699890137 ], [ -100.423866271972997, 27.667890548706101 ], [ -100.446449279785, 27.584989547729499 ], [ -100.520431518555, 27.479171752929702 ], [ -100.524963378905994, 27.450260162353601 ], [ -100.515197753905994, 27.397090911865298 ], [ -100.562240600585994, 27.4314708709718 ], [ -100.580101013184006, 27.475219726562599 ], [ -100.63565826416, 27.4941005706787 ], [ -100.67204284668, 27.522600173950099 ], [ -100.688186645507997, 27.522251129150501 ], [ -100.689750671387003, 27.5104999542237 ], [ -100.66446685791, 27.461259841918999 ], [ -100.661293029785, 27.430700302124102 ], [ -100.667266845702997, 27.384311676025501 ], [ -100.688301086425994, 27.356960296630898 ], [ -100.738426208495994, 27.395040512085099 ], [ -100.750312805175994, 27.381179809570401 ], [ -100.766059875487997, 27.387531280517599 ], [ -100.772636413574006, 27.3760795593262 ], [ -100.795486450195, 27.3936500549318 ], [ -100.78978729248, 27.3938903808594 ], [ -100.795593261719006, 27.404901504516701 ], [ -100.782356262207003, 27.4250507354737 ], [ -100.785026550292997, 27.4368705749512 ], [ -100.813232421875, 27.423282623291001 ], [ -100.97038269043, 27.511671066284201 ], [ -101.014541625977003, 27.522119522094801 ], [ -101.050849914550994, 27.561700820922798 ], [ -101.073928833007997, 27.569520950317301 ], [ -101.106979370117003, 27.599559783935501 ], [ -101.161628723145, 27.612951278686499 ], [ -101.164436340332003, 27.621110916137798 ] ] ] } },
{ "type": "Feature", "properties": { "NAME_1": "Coahuila", "NAME_2": "Lamadrid" }, "geometry": { "type": "Polygon", "coordinates": [ [ [ -102.11319732666, 27.308189392089801 ], [ -102.101867675780994, 27.317512512206999 ], [ -102.084892272949006, 27.364240646362301 ], [ -102.039833068847997, 27.380651473998999 ], [ -101.978523254395, 27.338590621948399 ], [ -101.954299926757997, 27.299869537353501 ], [ -101.915802001952997, 27.311470031738299 ], [ -101.895408630370994, 27.256191253662099 ], [ -101.851753234862997, 27.184141159057599 ], [ -101.822799682617003, 27.149919509887699 ], [ -101.758750915527003, 27.107969284057699 ], [ -101.73934173584, 27.082780838012699 ], [ -101.746643066405994, 27.080289840698299 ], [ -101.762657165527003, 27.041709899902301 ], [ -101.828826904297003, 27.035120010376001 ], [ -101.883682250977003, 27.046209335327301 ], [ -101.908729553222997, 27.072269439697401 ], [ -101.955657958984006, 27.100112915039102 ], [ -102.037666320800994, 27.183429718017599 ], [ -102.097480773925994, 27.230690002441499 ], [ -102.11319732666, 27.308189392089801 ] ] ] } },
{ "type": "Feature", "properties": { "NAME_1": "Coahuila", "NAME_2": "Matamoros" }, "geometry": { "type": "Polygon", "coordinates": [ [ [ -103.461692810059006, 25.481269836425898 ], [ -103.429550170897997, 25.4746398925781 ], [ -103.409545898437997, 25.4539318084718 ], [ -103.382331848145, 25.455530166626001 ], [ -103.379821777344006, 25.505542755126999 ], [ -103.35807800293, 25.552719116211001 ], [ -103.372756958007997, 25.598430633545 ], [ -103.323989868164006, 25.647180557251001 ], [ -103.329032897949006, 25.684230804443398 ], [ -103.384407043457003, 25.673210144043001 ], [ -103.406532287597997, 25.685819625854499 ], [ -103.392456054687997, 25.7141017913819 ], [ -103.419982910155994, 25.726419448852699 ], [ -103.395606994629006, 25.791561126708999 ], [ -103.366806030272997, 25.820230484008899 ], [ -103.345108032227003, 25.828670501709102 ], [ -103.340393066405994, 25.819339752197401 ], [ -103.357780456542997, 25.791971206665099 ], [ -103.347557067870994, 25.7735404968262 ], [ -103.33960723877, 25.773160934448299 ], [ -103.320701599120994, 25.783170700073399 ], [ -103.297271728515994, 25.8165397644043 ], [ -103.280227661132997, 25.822639465332099 ], [ -103.262588500977003, 25.8184509277344 ], [ -103.256317138672003, 25.809589385986399 ], [ -103.27897644043, 25.7753086090088 ], [ -103.265213012695, 25.740190505981399 ], [ -103.246063232422003, 25.718830108642699 ], [ -103.160278320312003, 25.662912368774499 ], [ -103.158348083495994, 25.608110427856499 ], [ -103.137252807617003, 25.519519805908299 ], [ -103.143676757812003, 25.497631072998001 ], [ -103.154357910155994, 25.4865417480469 ], [ -103.184776306152003, 25.479730606079201 ], [ -103.316802978515994, 25.481040954589901 ], [ -103.367546081542997, 25.447380065918001 ], [ -103.391983032227003, 25.4033508300781 ], [ -103.413856506347997, 25.398370742798001 ], [ -103.434638977050994, 25.3998107910157 ], [ -103.450386047362997, 25.412309646606399 ], [ -103.454643249512003, 25.430921554565401 ], [ -103.434745788574006, 25.4414081573487 ], [ -103.461692810059006, 25.481269836425898 ] ] ] } },
{ "type": "Feature", "properties": { "NAME_1": "Coahuila", "NAME_2": "Monclova" }, "geometry": { "type": "Polygon", "coordinates": [ [ [ -101.191909790039006, 26.758472442626999 ], [ -101.250968933105, 26.7764701843263 ], [ -101.279502868652003, 26.809610366821399 ], [ -101.317886352539006, 26.801101684570401 ], [ -101.347763061522997, 26.828090667724702 ], [ -101.389793395995994, 26.829160690307699 ], [ -101.405426025390994, 26.813041687011701 ], [ -101.418952941894005, 26.8112697601318 ], [ -101.435661315917997, 26.868030548095799 ], [ -101.452987670897997, 26.8926811218262 ], [ -101.491630554199006, 26.890529632568501 ], [ -101.513931274414006, 26.8778495788575 ], [ -101.524147033690994, 26.883579254150401 ], [ -101.522163391112997, 26.9020004272462 ], [ -101.486091613769005, 26.948980331420898 ], [ -101.460777282715, 27.008712768554599 ], [ -101.435043334960994, 27.034530639648501 ], [ -101.440559387207003, 27.079530715942401 ], [ -101.40535736084, 27.099630355835099 ], [ -101.364021301269005, 27.1067504882812 ], [ -101.343322753905994, 27.135971069335898 ], [ -101.325996398925994, 27.144300460815401 ], [ -101.295356750487997, 27.138050079345799 ], [ -101.246131896972997, 27.108779907226602 ], [ -101.189743041992003, 27.0280990600587 ], [ -101.157730102539006, 27.0306911468506 ], [ -101.118186950684006, 27.0086898803712 ], [ -101.097076416015994, 27.009960174560501 ], [ -101.054168701172003, 26.9711303710937 ], [ -100.972267150879006, 26.946229934692401 ], [ -100.907699584960994, 26.907091140746999 ], [ -100.928062438965, 26.8767108917237 ], [ -100.928291320800994, 26.863061904907202 ], [ -101.012886047362997, 26.831092834472798 ], [ -101.070861816405994, 26.858629226684702 ], [ -101.120056152344006, 26.801921844482401 ], [ -101.191909790039006, 26.758472442626999 ] ] ] } },
{ "type": "Feature", "properties": { "NAME_1": "Coahuila", "NAME_2": "Morelos" }, "geometry": { "type": "Polygon", "coordinates": [ [ [ -101.00065612793, 28.266080856323299 ], [ -101.031303405762003, 28.269680023193398 ], [ -101.087341308594006, 28.261461257934702 ], [ -101.148681640625, 28.2735996246338 ], [ -101.185310363769005, 28.298019409179801 ], [ -101.161079406737997, 28.347629547119102 ], [ -101.076446533202997, 28.370569229126101 ], [ -101.05436706543, 28.386381149291999 ], [ -101.041915893555, 28.4133605957032 ], [ -101.009651184082003, 28.410551071167099 ], [ -100.98494720459, 28.417921066284201 ], [ -100.960159301757997, 28.410039901733398 ], [ -100.941520690917997, 28.463399887084901 ], [ -100.906547546387003, 28.450532913208001 ], [ -100.853813171387003, 28.481580734252901 ], [ -100.799079895019005, 28.4374904632568 ], [ -100.787292480469006, 28.4179592132569 ], [ -100.82299041748, 28.398841857910199 ], [ -100.854316711425994, 28.368232727050898 ], [ -100.919509887695, 28.357601165771499 ], [ -100.981826782227003, 28.297481536865298 ], [ -101.00065612793, 28.266080856323299 ] ] ] } },
{ "type": "Feature", "properties": { "NAME_1": "Coahuila", "NAME_2": "Múzquiz" }, "geometry": { "type": "Polygon", "coordinates": [ [ [ -101.600448608397997, 27.665870666503999 ], [ -101.638832092285, 27.681087493896602 ], [ -101.765991210937997, 27.762531280517699 ], [ -101.826011657715, 27.852769851684599 ], [ -101.928939819335994, 27.889789581298899 ], [ -101.948677062987997, 27.9188327789307 ], [ -101.986892700195, 28.023241043090898 ], [ -102.007949829102003, 28.054590225219702 ], [ -102.056793212890994, 28.0401000976563 ], [ -102.097579956055, 28.012638092041001 ], [ -102.13011932373, 28.041730880737301 ], [ -102.139389038085994, 28.056730270385899 ], [ -102.122116088867003, 28.0755805969238 ], [ -102.112632751465, 28.106250762939599 ], [ -102.130043029785, 28.215869903564499 ], [ -102.12922668457, 28.268430709838999 ], [ -102.118927001952997, 28.295499801635899 ], [ -102.135726928710994, 28.327859878540199 ], [ -102.177978515625, 28.3632411956788 ], [ -102.216186523437997, 28.501491546630799 ], [ -102.264122009277003, 28.548580169677798 ], [ -102.430206298827997, 28.671131134033299 ], [ -102.468566894530994, 28.675390243530298 ], [ -102.483245849609006, 28.6502494812013 ], [ -102.528648376465, 28.6560993194581 ], [ -102.562202453612997, 28.685480117798001 ], [ -102.585845947265994, 28.734790802001999 ], [ -102.613418579102003, 28.739681243896602 ], [ -102.651123046875, 28.7977695465088 ], [ -102.70036315918, 28.815799713134901 ], [ -102.745185852050994, 28.856969833374102 ], [ -102.769577026367003, 28.8666801452637 ], [ -102.780258178710994, 28.921251296996999 ], [ -102.791076660155994, 28.939609527587798 ], [ -102.714157104492003, 28.9174404144288 ], [ -102.680130004882997, 28.951021194458001 ], [ -102.652282714844006, 28.951360702514599 ], [ -102.562408447265994, 29.004270553588999 ], [ -102.509696960449006, 29.022611618042099 ], [ -102.41911315918, 28.977138519287202 ], [ -102.264228820800994, 28.965030670166001 ], [ -102.111549377440994, 28.929040908813601 ], [ -102.051292419434006, 28.888849258422901 ], [ -102.030113220215, 28.857749938964801 ], [ -101.962432861327997, 28.848699569702099 ], [ -101.978202819824006, 28.789819717407301 ], [ -101.957336425780994, 28.729801177978501 ], [ -101.971656799315994, 28.6744785308838 ], [ -101.967498779297003, 28.6521511077881 ], [ -101.939613342285, 28.622650146484499 ], [ -101.897796630859006, 28.5476512908937 ], [ -101.878791809082003, 28.556409835815501 ], [ -101.861526489257997, 28.546329498291001 ], [ -101.856727600097997, 28.510860443115199 ], [ -101.84098815918, 28.492610931396499 ], [ -101.822563171387003, 28.4900207519531 ], [ -101.789192199707003, 28.446020126342901 ], [ -101.789039611815994, 28.438520431518601 ], [ -101.825218200684006, 28.431381225586101 ], [ -101.802726745605, 28.377832412719801 ], [ -101.807502746582003, 28.324871063232401 ], [ -101.800003051757997, 28.303712844848601 ], [ -101.790466308594006, 28.297319412231602 ], [ -101.771057128905994, 28.299751281738398 ], [ -101.741607666015994, 28.3648796081544 ], [ -101.709922790527003, 28.408641815185501 ], [ -101.683906555175994, 28.413761138916001 ], [ -101.663803100585994, 28.397321701049901 ], [ -101.626182556152003, 28.3437690734863 ], [ -101.66837310791, 28.329610824585 ], [ -101.687232971190994, 28.304458618164102 ], [ -101.64875793457, 28.238019943237401 ], [ -101.655731201172003, 28.225111007690501 ], [ -101.648330688477003, 28.192180633544901 ], [ -101.62328338623, 28.1578483581543 ], [ -101.584037780762003, 28.065698623657301 ], [ -101.569717407227003, 28.057489395141701 ], [ -101.553932189940994, 28.030939102172901 ], [ -101.550148010254006, 27.995820999145501 ], [ -101.562431335449006, 27.992130279541101 ], [ -101.496726989745994, 27.9544410705568 ], [ -101.456726074219006, 27.953620910644499 ], [ -101.438179016112997, 27.918481826782301 ], [ -101.410102844237997, 27.91090965271 ], [ -101.370880126952997, 27.832389831543001 ], [ -101.335998535155994, 27.8076496124268 ], [ -101.342613220215, 27.800090789795 ], [ -101.276512145995994, 27.7389812469482 ], [ -101.257316589355, 27.7081508636475 ], [ -101.219932556152003, 27.686500549316499 ], [ -101.209953308105, 27.672439575195401 ], [ -101.247467041015994, 27.669879913330199 ], [ -101.258110046387003, 27.657249450683601 ], [ -101.290138244629006, 27.681577682495099 ], [ -101.354125976562003, 27.692890167236399 ], [ -101.387107849120994, 27.6850700378419 ], [ -101.414093017577997, 27.648490905761701 ], [ -101.43578338623, 27.641981124878001 ], [ -101.494445800780994, 27.653440475463899 ], [ -101.547149658202997, 27.6834297180175 ], [ -101.563011169434006, 27.680971145629901 ], [ -101.575561523437003, 27.667629241943398 ], [ -101.600448608397997, 27.665870666503999 ] ] ] } },
{ "type": "Feature", "properties": { "NAME_1": "Coahuila", "NAME_2": "Nadadores" }, "geometry": { "type": "Polygon", "coordinates": [ [ [ -101.619850158690994, 27.030918121338001 ], [ -101.644203186035, 27.018241882324201 ], [ -101.667686462402003, 27.045509338378999 ], [ -101.705146789550994, 27.0512199401856 ], [ -101.758750915527003, 27.107969284057699 ], [ -101.822799682617003, 27.149919509887699 ], [ -101.895408630370994, 27.256191253662099 ], [ -101.915802001952997, 27.311470031738299 ], [ -101.954299926757997, 27.299869537353501 ], [ -101.978523254395, 27.338590621948399 ], [ -102.006858825684006, 27.3591003417969 ], [ -101.948509216309006, 27.3984603881837 ], [ -101.938682556152003, 27.4181804656982 ], [ -101.91332244873, 27.420251846313501 ], [ -101.787696838379006, 27.297510147094801 ], [ -101.714546203612997, 27.265550613403299 ], [ -101.707336425780994, 27.2469596862794 ], [ -101.719398498535, 27.2315483093263 ], [ -101.742042541504006, 27.2245311737062 ], [ -101.791130065917997, 27.230649948120199 ], [ -101.798233032227003, 27.216810226440401 ], [ -101.787460327147997, 27.205480575561602 ], [ -101.678672790527003, 27.167140960693398 ], [ -101.644203186035, 27.091791152954102 ], [ -101.600433349609006, 27.0613098144532 ], [ -101.609176635742003, 27.034080505371001 ], [ -101.619850158690994, 27.030918121338001 ] ] ] } },
{ "type": "Feature", "properties": { "NAME_1": "Coahuila", "NAME_2": "Nava" }, "geometry": { "type": "Polygon", "coordinates": [ [ [ -100.787292480469006, 28.4179592132569 ], [ -100.810020446777003, 28.4492511749268 ], [ -100.853813171387003, 28.481580734252901 ], [ -100.64274597168, 28.594720840453999 ], [ -100.629806518555, 28.6361598968507 ], [ -100.615142822265994, 28.643751144409201 ], [ -100.534126281737997, 28.667819976806602 ], [ -100.551879882812003, 28.635530471801701 ], [ -100.546638488769005, 28.623582839965799 ], [ -100.516021728515994, 28.614429473876999 ], [ -100.44841003418, 28.611408233642599 ], [ -100.398323059082003, 28.5843181610107 ], [ -100.412162780762003, 28.5544109344482 ], [ -100.40892791748, 28.538448333740298 ], [ -100.472633361815994, 28.523391723632798 ], [ -100.469482421875, 28.497470855713001 ], [ -100.48811340332, 28.4822311401368 ], [ -100.497222900390994, 28.4480705261232 ], [ -100.550636291504006, 28.442491531372202 ], [ -100.583099365234006, 28.427619934081999 ], [ -100.601470947265994, 28.431919097900401 ], [ -100.608299255370994, 28.4161796569825 ], [ -100.60179901123, 28.375980377197401 ], [ -100.616012573242003, 28.3596801757812 ], [ -100.634841918945, 28.3566703796388 ], [ -100.642387390137003, 28.3980827331544 ], [ -100.660758972167997, 28.4133415222169 ], [ -100.684516906737997, 28.411060333252099 ], [ -100.724342346190994, 28.3808212280275 ], [ -100.767677307129006, 28.3784694671632 ], [ -100.779067993164006, 28.382230758666999 ], [ -100.787292480469006, 28.4179592132569 ] ] ] } },
{ "type": "Feature", "properties": { "NAME_1": "Coahuila", "NAME_2": "Nueva Rosita" }, "geometry": { "type": "Polygon", "coordinates": [ [ [ -101.422889709472997, 28.2380695343018 ], [ -101.34977722168, 28.137750625610401 ], [ -101.308036804199006, 28.121259689331101 ], [ -101.280647277832003, 28.090330123901399 ], [ -101.246101379395, 28.030839920043999 ], [ -101.24462890625, 27.998010635376001 ], [ -101.253799438477003, 27.964330673217798 ], [ -101.283866882324006, 27.885740280151399 ], [ -101.300109863280994, 27.869081497192401 ], [ -101.33081817627, 27.8721427917481 ], [ -101.358016967772997, 27.856420516967901 ], [ -101.379859924315994, 27.8574123382569 ], [ -101.410102844237997, 27.91090965271 ], [ -101.438179016112997, 27.918481826782301 ], [ -101.456726074219006, 27.953620910644499 ], [ -101.496726989745994, 27.9544410705568 ], [ -101.562431335449006, 27.992130279541101 ], [ -101.550148010254006, 27.995820999145501 ], [ -101.553932189940994, 28.030939102172901 ], [ -101.587516784667997, 28.0718307495118 ], [ -101.655563354492003, 28.215570449829102 ], [ -101.64875793457, 28.238019943237401 ], [ -101.623123168945, 28.208429336548001 ], [ -101.611999511719006, 28.205659866333001 ], [ -101.503616333007997, 28.2270412445069 ], [ -101.481956481934006, 28.2246818542482 ], [ -101.430862426757997, 28.245822906494201 ], [ -101.422889709472997, 28.2380695343018 ] ] ] } },
{ "type": "Feature", "properties": { "NAME_1": "Coahuila", "NAME_2": "Ocampo" }, "geometry": { "type": "Polygon", "coordinates": [ [ [ -102.006858825684006, 27.3591003417969 ], [ -102.032623291015994, 27.379762649536101 ], [ -102.074645996094006, 27.371070861816499 ], [ -102.089416503905994, 27.358570098877099 ], [ -102.101867675780994, 27.317512512206999 ], [ -102.11319732666, 27.308189392089801 ], [ -102.168159484862997, 27.3168926239013 ], [ -102.219329833984006, 27.312671661376999 ], [ -102.250389099120994, 27.2982807159425 ], [ -102.324867248535, 27.3089199066162 ], [ -102.417327880859006, 27.302680969238299 ], [ -102.443176269530994, 27.288959503173899 ], [ -102.523086547852003, 27.214839935302699 ], [ -102.571586608887003, 27.244340896606399 ], [ -102.631385803222997, 27.232469558715898 ], [ -102.696327209472997, 27.156721115112301 ], [ -102.748970031737997, 27.130519866943398 ], [ -102.764129638672003, 27.132022857666001 ], [ -102.803802490234006, 27.163820266723601 ], [ -102.82405090332, 27.16778755188 ], [ -102.847717285155994, 27.190830230712901 ], [ -102.875129699707003, 27.1974811553956 ], [ -102.962242126465, 27.194900512695298 ], [ -103.006401062012003, 27.201450347900298 ], [ -103.160575866699006, 27.170660018920898 ], [ -103.233352661132997, 27.176111221313501 ], [ -103.350273132324006, 27.201778411865298 ], [ -103.459091186522997, 27.1222229003906 ], [ -103.437881469727003, 27.089990615844801 ], [ -103.447341918945, 27.0685005187988 ], [ -103.49503326416, 27.066810607910199 ], [ -103.512596130370994, 27.1132106781006 ], [ -103.528396606445, 27.210729598999102 ], [ -103.493576049805, 27.225080490112401 ], [ -103.490310668945, 27.2736911773681 ], [ -103.473602294922003, 27.3378925323487 ], [ -103.554306030272997, 27.409402847290099 ], [ -103.564071655272997, 27.441339492797798 ], [ -103.465156555175994, 27.534908294677699 ], [ -103.443122863769005, 27.5872917175294 ], [ -103.427322387695, 27.6056098937988 ], [ -103.394912719727003, 27.613260269165 ], [ -103.34789276123, 27.599269866943501 ], [ -103.336433410644005, 27.620311737060501 ], [ -103.343879699707003, 27.669370651245099 ], [ -103.352951049805, 27.684181213378999 ], [ -103.372276306152003, 27.687089920043999 ], [ -103.387321472167997, 27.7169609069825 ], [ -103.416397094727003, 27.742010116577301 ], [ -103.492637634277003, 27.7800102233887 ], [ -103.561538696289006, 27.8938312530518 ], [ -103.578720092772997, 27.907091140747202 ], [ -103.621353149414006, 27.9150695800782 ], [ -103.629013061522997, 27.9233093261719 ], [ -103.637641906737997, 27.9629306793213 ], [ -103.635437011719006, 28.053449630737401 ], [ -103.622581481934006, 28.0687980651856 ], [ -103.56559753418, 28.0907897949219 ], [ -103.535797119140994, 28.144178390503001 ], [ -103.566337585449006, 28.179040908813501 ], [ -103.546936035155994, 28.2010307312013 ], [ -103.546546936035, 28.216630935669102 ], [ -103.578880310059006, 28.292810440063501 ], [ -103.577713012695, 28.346500396728601 ], [ -103.592277526855, 28.381870269775501 ], [ -103.582527160645, 28.401588439941499 ], [ -103.541557312012003, 28.4285984039307 ], [ -103.536209106445, 28.4928703308107 ], [ -103.550399780272997, 28.508979797363398 ], [ -103.65885925293, 28.503730773925799 ], [ -103.699638366699006, 28.513490676879901 ], [ -103.707450866699006, 28.525640487670898 ], [ -103.677307128905994, 28.577949523925799 ], [ -103.619781494140994, 28.5925197601318 ], [ -103.558181762695, 28.637630462646602 ], [ -103.514793395995994, 28.739540100097699 ], [ -103.489356994629006, 28.778079986572301 ], [ -103.465896606445, 28.784919738769599 ], [ -103.432609558105, 28.773809432983501 ], [ -103.417419433594006, 28.790550231933501 ], [ -103.400596618652003, 28.8194694519043 ], [ -103.401809692382997, 28.840610504150501 ], [ -103.467903137207003, 28.860771179199201 ], [ -103.475646972655994, 28.878488540649499 ], [ -103.385559082030994, 29.024625778198299 ], [ -103.360305786132997, 29.0206909179688 ], [ -103.347198486327997, 29.044511795043899 ], [ -103.330383300780994, 29.041360855102699 ], [ -103.329521179199006, 29.032659530639702 ], [ -103.343276977539006, 29.0248928070069 ], [ -103.332061767577997, 29.017890930175898 ], [ -103.311508178710994, 29.025409698486399 ], [ -103.316009521484006, 29.007369995117301 ], [ -103.290252685547003, 29.001728057861399 ], [ -103.285713195800994, 28.978910446167099 ], [ -103.268119812012003, 28.995521545410199 ], [ -103.250862121582003, 28.980430603027401 ], [ -103.227752685547003, 28.988929748535199 ], [ -103.191131591797003, 28.984970092773398 ], [ -103.165061950684006, 28.9705924987794 ], [ -103.117088317870994, 28.9834594726563 ], [ -103.114280700684006, 29.006040573120099 ], [ -103.098686218262003, 29.0211811065675 ], [ -103.105583190917997, 29.0384311676025 ], [ -103.100608825684006, 29.058771133422798 ], [ -103.086410522460994, 29.0555019378662 ], [ -103.074737548827997, 29.0925598144532 ], [ -103.036872863769005, 29.098220825195298 ], [ -103.035331726074006, 29.113410949707099 ], [ -103.018020629882997, 29.125370025634901 ], [ -102.99828338623, 29.1566696166993 ], [ -102.997467041015994, 29.177801132202202 ], [ -102.972709655762003, 29.1862812042237 ], [ -102.954582214355, 29.1757717132569 ], [ -102.940460205077997, 29.189920425415099 ], [ -102.918098449707003, 29.192819595336999 ], [ -102.914756774902003, 29.216770172119102 ], [ -102.896713256835994, 29.208530426025501 ], [ -102.867942810059006, 29.222150802612301 ], [ -102.873336791992003, 29.242652893066399 ], [ -102.907836914062003, 29.258249282836999 ], [ -102.890632629395, 29.2894401550293 ], [ -102.880302429199006, 29.353479385376001 ], [ -102.868858337402003, 29.352176666259702 ], [ -102.838333129882997, 29.3041706085206 ], [ -102.748229980469006, 29.289739608764702 ], [ -102.726898193359006, 29.24049949646 ], [ -102.694389343262003, 29.194379806518601 ], [ -102.720558166504006, 29.122989654541101 ], [ -102.721122741699006, 29.0531101226807 ], [ -102.75537109375, 29.027759552001999 ], [ -102.781257629395, 28.979450225830199 ], [ -102.815979003905994, 28.975460052490298 ], [ -102.780258178710994, 28.921251296996999 ], [ -102.769577026367003, 28.8666801452637 ], [ -102.745185852050994, 28.856969833374102 ], [ -102.70036315918, 28.815799713134901 ], [ -102.651123046875, 28.7977695465088 ], [ -102.613418579102003, 28.739681243896602 ], [ -102.57829284668, 28.7272129058838 ], [ -102.562202453612997, 28.685480117798001 ], [ -102.535896301269005, 28.6634426116944 ], [ -102.636558532715, 28.625890731811602 ], [ -102.601936340332003, 28.566312789916999 ], [ -102.566566467285, 28.5278224945069 ], [ -102.556457519530994, 28.489170074462901 ], [ -102.565773010254006, 28.370611190796001 ], [ -102.615882873535, 28.287332534790099 ], [ -102.590866088867003, 28.227331161498999 ], [ -102.522567749022997, 28.140251159668001 ], [ -102.42359161377, 28.052171707153398 ], [ -102.372886657715, 27.970092773437599 ], [ -102.321998596190994, 27.951032638549901 ], [ -102.321258544922003, 27.9369411468507 ], [ -102.350875854492003, 27.920101165771602 ], [ -102.20539855957, 27.704349517822301 ], [ -102.148010253905994, 27.547960281371999 ], [ -102.043586730957003, 27.471979141235401 ], [ -102.003326416015994, 27.471359252929702 ], [ -101.938682556152003, 27.4181804656982 ], [ -101.948509216309006, 27.3984603881837 ], [ -102.006858825684006, 27.3591003417969 ] ] ] } },
{ "type": "Feature", "properties": { "NAME_1": "Coahuila", "NAME_2": "Parras" }, "geometry": { "type": "Polygon", "coordinates": [ [ [ -102.636405944824006, 25.115491867065401 ], [ -102.637718200684006, 25.146408081054702 ], [ -102.607353210449006, 25.206069946288999 ], [ -102.62467956543, 25.2293395996093 ], [ -102.680473327637003, 25.2670803070068 ], [ -102.618698120117003, 25.3136196136475 ], [ -102.62264251709, 25.324760437011701 ], [ -102.649406433105, 25.341518402099702 ], [ -102.632125854492003, 25.436540603637699 ], [ -102.650398254395, 25.483800888061499 ], [ -102.7236328125, 25.476699829101701 ], [ -102.838218688965, 25.452470779418999 ], [ -102.912239074707003, 25.4168701171875 ], [ -102.946136474609006, 25.5083103179932 ], [ -102.983627319335994, 25.5661010742188 ], [ -102.958282470702997, 25.653419494628999 ], [ -102.962127685547003, 25.6715698242188 ], [ -102.85880279541, 25.665889739990199 ], [ -102.737152099609006, 25.6904811859132 ], [ -102.642822265625, 25.727638244628999 ], [ -102.622245788574006, 25.743780136108501 ], [ -102.621566772460994, 25.756000518798899 ], [ -102.635726928710994, 25.7776393890382 ], [ -102.627388000487997, 25.802749633789102 ], [ -102.547180175780994, 25.783420562744201 ], [ -102.510665893555, 25.792861938476602 ], [ -102.494239807129006, 25.8059902191163 ], [ -102.476722717285, 25.842380523681701 ], [ -102.472923278809006, 25.9286918640137 ], [ -102.459426879882997, 25.967090606689499 ], [ -102.420433044434006, 26.0041007995606 ], [ -102.378295898437997, 26.026159286499102 ], [ -102.354797363280994, 26.059700012207099 ], [ -102.337417602539006, 26.066360473632901 ], [ -102.327133178710994, 26.080820083618299 ], [ -102.344352722167997, 26.1604309082032 ], [ -102.331016540527003, 26.214290618896499 ], [ -102.269927978515994, 26.2434196472168 ], [ -102.255149841309006, 26.276849746704201 ], [ -102.20157623291, 26.301822662353601 ], [ -102.137657165527003, 26.369779586791999 ], [ -102.08812713623, 26.368860244751001 ], [ -102.013389587402003, 26.346361160278299 ], [ -101.897476196289006, 26.349140167236399 ], [ -101.829597473145, 26.334791183471602 ], [ -101.863220214844006, 26.304380416870199 ], [ -101.877090454102003, 26.260618209838899 ], [ -101.876411437987997, 26.217479705810501 ], [ -101.855842590332003, 26.080730438232401 ], [ -101.863319396972997, 26.039800643921001 ], [ -101.809707641600994, 25.942050933837901 ], [ -101.811965942382997, 25.889520645141499 ], [ -101.799392700195, 25.868522644043001 ], [ -101.800796508789006, 25.816642761230501 ], [ -101.80558013916, 25.7995910644532 ], [ -101.851699829102003, 25.7457008361818 ], [ -101.859642028809006, 25.718950271606602 ], [ -101.900581359862997, 25.701490402221701 ], [ -101.905067443847997, 25.688341140747099 ], [ -101.887161254882997, 25.672140121460099 ], [ -101.887756347655994, 25.641180038452202 ], [ -101.835136413574006, 25.6373710632325 ], [ -101.814826965332003, 25.616519927978601 ], [ -101.768463134765994, 25.5097980499268 ], [ -101.760726928710994, 25.4215908050537 ], [ -101.743087768555, 25.351869583129901 ], [ -101.733856201172003, 25.336111068725501 ], [ -101.704795837402003, 25.319421768188398 ], [ -101.709365844727003, 25.301820755005 ], [ -101.699333190917997, 25.282140731811499 ], [ -101.632209777832003, 25.211778640747099 ], [ -101.612380981445, 25.204612731933601 ], [ -101.591049194335994, 25.208560943603601 ], [ -101.555282592772997, 25.182220458984499 ], [ -101.573593139647997, 25.1313591003419 ], [ -101.548866271972997, 25.115921020507798 ], [ -101.48030090332, 25.127799987793001 ], [ -101.443412780762003, 25.121631622314599 ], [ -101.39900970459, 25.130029678344702 ], [ -101.403450012207003, 25.1108703613282 ], [ -101.439582824707003, 25.0782794952394 ], [ -101.436340332030994, 25.039100646972699 ], [ -101.4482421875, 25.0436706542969 ], [ -101.456565856934006, 25.030969619751101 ], [ -101.440048217772997, 24.975290298461999 ], [ -101.445907592772997, 24.9522609710694 ], [ -101.506629943847997, 24.917739868164102 ], [ -101.530326843262003, 24.892110824585 ], [ -101.589462280272997, 24.891410827636701 ], [ -101.605041503905994, 24.844419479370099 ], [ -101.650672912597997, 24.827579498291001 ], [ -101.659950256347997, 24.855899810791101 ], [ -101.680046081542997, 24.866399765014702 ], [ -101.706130981445, 24.8674411773682 ], [ -101.744155883789006, 24.8507003784181 ], [ -101.765090942382997, 24.852460861206101 ], [ -101.851013183594006, 24.964588165283299 ], [ -101.929306030272997, 25.024829864501999 ], [ -102.039138793945, 25.064590454101602 ], [ -102.130836486815994, 25.122800827026399 ], [ -102.251373291015994, 25.124729156494102 ], [ -102.48445892334, 25.147550582885799 ], [ -102.636405944824006, 25.115491867065401 ] ] ] } },
{ "type": "Feature", "properties": { "NAME_1": "Coahuila", "NAME_2": "Piedras Negras" }, "geometry": { "type": "Polygon", "coordinates": [ [ [ -100.648971557617003, 28.966989517211999 ], [ -100.652450561522997, 28.946710586547901 ], [ -100.630401611327997, 28.921140670776499 ], [ -100.643356323242003, 28.914180755615298 ], [ -100.634429931640994, 28.903680801391701 ], [ -100.621978759765994, 28.908340454101602 ], [ -100.604766845702997, 28.901100158691499 ], [ -100.607810974120994, 28.8909797668456 ], [ -100.592178344727003, 28.886480331420898 ], [ -100.599906921387003, 28.877260208129901 ], [ -100.594100952147997, 28.863979339599702 ], [ -100.575790405272997, 28.8484706878663 ], [ -100.578269958495994, 28.830560684204201 ], [ -100.551216125487997, 28.827020645141701 ], [ -100.534942626952997, 28.8000202178956 ], [ -100.533638000487997, 28.758712768554702 ], [ -100.520118713379006, 28.7550983428956 ], [ -100.509101867675994, 28.7377128601075 ], [ -100.512466430664006, 28.694530487060501 ], [ -100.501899719237997, 28.662429809570298 ], [ -100.466506958007997, 28.641920089721602 ], [ -100.44938659668, 28.6401596069337 ], [ -100.44841003418, 28.611408233642599 ], [ -100.516021728515994, 28.614429473876999 ], [ -100.546638488769005, 28.623582839965799 ], [ -100.551879882812003, 28.635530471801701 ], [ -100.534126281737997, 28.667819976806602 ], [ -100.628860473632997, 28.635690689086999 ], [ -100.82430267334, 28.6916408538819 ], [ -100.838760375977003, 28.701669692993299 ], [ -100.797706604004006, 28.754222869873001 ], [ -100.804885864257997, 28.770229339599702 ], [ -100.795211791992003, 28.849140167236399 ], [ -100.75218963623, 28.857650756836101 ], [ -100.719367980957003, 28.874179840088001 ], [ -100.687728881835994, 28.949470520019499 ], [ -100.670906066894005, 28.963701248168999 ], [ -100.648971557617003, 28.966989517211999 ] ] ] } },
{ "type": "Feature", "properties": { "NAME_1": "Coahuila", "NAME_2": "Progreso" }, "geometry": { "type": "Polygon", "coordinates": [ [ [ -101.511917114257997, 27.517652511596701 ], [ -101.549842834472997, 27.5648097991944 ], [ -101.605247497559006, 27.615840911865298 ], [ -101.620620727539006, 27.639181137085099 ], [ -101.616340637207003, 27.652980804443398 ], [ -101.600448608397997, 27.665870666503999 ], [ -101.575561523437003, 27.667629241943398 ], [ -101.563011169434006, 27.680971145629901 ], [ -101.547149658202997, 27.6834297180175 ], [ -101.494445800780994, 27.653440475463899 ], [ -101.43578338623, 27.641981124878001 ], [ -101.414093017577997, 27.648490905761701 ], [ -101.387107849120994, 27.6850700378419 ], [ -101.334075927734006, 27.692369461059599 ], [ -101.275856018065994, 27.674289703369102 ], [ -101.239479064940994, 27.634780883789102 ], [ -101.166969299315994, 27.623151779174901 ], [ -101.161628723145, 27.612951278686499 ], [ -101.106979370117003, 27.599559783935501 ], [ -101.073928833007997, 27.569520950317301 ], [ -101.050849914550994, 27.561700820922798 ], [ -101.014541625977003, 27.522119522094801 ], [ -100.97038269043, 27.511671066284201 ], [ -100.813232421875, 27.423282623291001 ], [ -100.785026550292997, 27.4368705749512 ], [ -100.782356262207003, 27.4250507354737 ], [ -100.795593261719006, 27.404901504516701 ], [ -100.78978729248, 27.3938903808594 ], [ -100.795486450195, 27.3936500549318 ], [ -100.772636413574006, 27.3760795593262 ], [ -100.766059875487997, 27.387531280517599 ], [ -100.750312805175994, 27.381179809570401 ], [ -100.738426208495994, 27.395040512085099 ], [ -100.688301086425994, 27.356960296630898 ], [ -100.668846130370994, 27.381200790405298 ], [ -100.662086486815994, 27.450162887573399 ], [ -100.689750671387003, 27.5104999542237 ], [ -100.684539794922003, 27.524030685424702 ], [ -100.663719177245994, 27.518020629882798 ], [ -100.63565826416, 27.4941005706787 ], [ -100.580101013184006, 27.475219726562599 ], [ -100.562240600585994, 27.4314708709718 ], [ -100.51538848877, 27.390979766845799 ], [ -100.53589630127, 27.365760803222599 ], [ -100.633331298827997, 27.369190216064499 ], [ -100.716926574707003, 27.336381912231602 ], [ -100.764488220215, 27.350009918213001 ], [ -100.802375793457003, 27.322389602661101 ], [ -100.844131469727003, 27.275499343872099 ], [ -100.885513305664006, 27.206569671631001 ], [ -100.885070800780994, 27.1344699859619 ], [ -100.875137329102003, 27.0872516632081 ], [ -100.903839111327997, 27.069950103759801 ], [ -100.921058654785, 27.069580078125 ], [ -100.946319580077997, 27.105791091919102 ], [ -101.001663208007997, 27.143510818481499 ], [ -101.038597106934006, 27.1952095031738 ], [ -101.016380310059006, 27.288089752197301 ], [ -101.036056518555, 27.308151245117301 ], [ -101.030426025390994, 27.3330516815187 ], [ -101.035446166992003, 27.348041534423899 ], [ -101.07389831543, 27.3636493682862 ], [ -101.101722717285, 27.387138366699201 ], [ -101.153633117675994, 27.384220123291001 ], [ -101.199462890625, 27.4175109863281 ], [ -101.277992248535, 27.446590423583999 ], [ -101.298393249512003, 27.4473400115968 ], [ -101.324806213379006, 27.429090499877901 ], [ -101.345642089844006, 27.433000564575199 ], [ -101.363502502440994, 27.457290649414201 ], [ -101.363159179687997, 27.510721206665199 ], [ -101.385772705077997, 27.5160026550293 ], [ -101.383926391602003, 27.559459686279201 ], [ -101.392196655272997, 27.5683097839356 ], [ -101.436027526855, 27.564580917358501 ], [ -101.460746765137003, 27.5512790679932 ], [ -101.454772949219006, 27.508928298950199 ], [ -101.461212158202997, 27.5012512207031 ], [ -101.480018615722997, 27.503330230713001 ], [ -101.488166809082003, 27.516471862793001 ], [ -101.511917114257997, 27.517652511596701 ] ] ] } },
{ "type": "Feature", "properties": { "NAME_1": "Coahuila", "NAME_2": "Ramos Arizpe" }, "geometry": { "type": "Polygon", "coordinates": [ [ [ -100.942161560059006, 25.543630599975501 ], [ -101.073303222655994, 25.546850204467901 ], [ -101.105712890625, 25.514320373535199 ], [ -101.128158569335994, 25.503940582275401 ], [ -101.326629638672003, 25.491050720214801 ], [ -101.335258483887003, 25.496139526367301 ], [ -101.311599731445, 25.5414028167725 ], [ -101.31192779541, 25.578800201416101 ], [ -101.283447265625, 25.589170455932699 ], [ -101.251831054687997, 25.589380264282301 ], [ -101.242156982422003, 25.6018390655519 ], [ -101.256828308105, 25.661159515380898 ], [ -101.303337097167997, 25.706649780273501 ], [ -101.342765808105, 25.729070663452099 ], [ -101.433967590332003, 25.730590820312401 ], [ -101.519477844237997, 25.7706203460693 ], [ -101.624282836914006, 25.838830947876001 ], [ -101.642066955565994, 25.869289398193398 ], [ -101.662651062012003, 25.8714103698732 ], [ -101.684158325195, 25.886209487915099 ], [ -101.723129272460994, 25.934680938720799 ], [ -101.753936767577997, 25.9225597381593 ], [ -101.76683807373, 25.905309677123999 ], [ -101.811965942382997, 25.889520645141499 ], [ -101.809707641600994, 25.942050933837901 ], [ -101.863319396972997, 26.039800643921001 ], [ -101.855842590332003, 26.080730438232401 ], [ -101.877090454102003, 26.260618209838899 ], [ -101.863220214844006, 26.304380416870199 ], [ -101.827522277832003, 26.335470199585 ], [ -101.718086242675994, 26.2975883483887 ], [ -101.655868530272997, 26.309328079223601 ], [ -101.426193237305, 26.3035907745362 ], [ -101.264526367187997, 26.2717094421387 ], [ -101.192962646484006, 26.242179870605501 ], [ -101.143035888672003, 26.2404499053956 ], [ -101.121269226074006, 26.247270584106499 ], [ -101.071487426757997, 26.195110321045 ], [ -100.963661193847997, 26.122049331665 ], [ -100.915283203125, 26.002010345458999 ], [ -100.894119262695, 25.995121002197301 ], [ -100.864707946777003, 25.968471527099702 ], [ -100.824645996094006, 25.964319229126001 ], [ -100.814765930175994, 25.955818176269599 ], [ -100.839233398437003, 25.9016399383544 ], [ -100.855010986327997, 25.8377609252931 ], [ -100.845413208007997, 25.7482795715332 ], [ -100.818336486815994, 25.693969726562401 ], [ -100.798782348632997, 25.676019668579201 ], [ -100.757987976074006, 25.67626953125 ], [ -100.733749389647997, 25.654870986938601 ], [ -100.642578125, 25.649410247802798 ], [ -100.634788513184006, 25.638830184936499 ], [ -100.630561828612997, 25.5985507965088 ], [ -100.677696228027003, 25.593910217285199 ], [ -100.714408874512003, 25.615079879760799 ], [ -100.794715881347997, 25.587659835815501 ], [ -100.83325958252, 25.629129409790199 ], [ -100.851020812987997, 25.630050659179801 ], [ -100.870407104492003, 25.6173801422119 ], [ -100.865776062012003, 25.589500427246101 ], [ -100.87629699707, 25.5648403167725 ], [ -100.91731262207, 25.561611175537202 ], [ -100.942161560059006, 25.543630599975501 ] ] ] } },
{ "type": "Feature", "properties": { "NAME_1": "Coahuila", "NAME_2": "Sabinas" }, "geometry": { "type": "Polygon", "coordinates": [ [ [ -101.379859924315994, 27.8574123382569 ], [ -101.358016967772997, 27.856420516967901 ], [ -101.33081817627, 27.8721427917481 ], [ -101.300109863280994, 27.869081497192401 ], [ -101.288948059082003, 27.879890441894599 ], [ -101.24462890625, 27.998010635376001 ], [ -101.246101379395, 28.030839920043999 ], [ -101.271186828612997, 28.078729629516701 ], [ -101.308036804199006, 28.121259689331101 ], [ -101.34977722168, 28.137750625610401 ], [ -101.370956420897997, 28.173210144043001 ], [ -101.420455932617003, 28.227851867675898 ], [ -101.422889709472997, 28.2380695343018 ], [ -101.385108947754006, 28.264020919799901 ], [ -101.354103088379006, 28.3125896453857 ], [ -101.241096496582003, 28.2836608886719 ], [ -101.185310363769005, 28.298019409179801 ], [ -101.148681640625, 28.2735996246338 ], [ -101.087341308594006, 28.261461257934702 ], [ -101.031303405762003, 28.269680023193398 ], [ -101.00065612793, 28.266080856323299 ], [ -100.968246459960994, 28.203052520751999 ], [ -100.920082092285, 28.192552566528398 ], [ -100.970222473145, 28.1599006652832 ], [ -101.02131652832, 28.107711791992301 ], [ -101.044952392577997, 28.069320678711001 ], [ -101.121597290039006, 28.004680633544901 ], [ -101.102020263672003, 27.9864807128906 ], [ -101.064903259277003, 27.983350753784201 ], [ -101.051933288574006, 27.973331451416101 ], [ -101.044502258300994, 27.891370773315501 ], [ -101.085548400879006, 27.859691619873001 ], [ -101.088935852050994, 27.8427410125732 ], [ -101.082015991210994, 27.828689575195298 ], [ -101.041931152344006, 27.8212299346925 ], [ -101.024398803710994, 27.744480133056602 ], [ -101.000328063965, 27.7133598327638 ], [ -101.021423339844006, 27.645420074463001 ], [ -101.030418395995994, 27.637550354003999 ], [ -101.065612792969006, 27.632551193237202 ], [ -101.104766845702997, 27.641580581665199 ], [ -101.142883300780994, 27.661180496215898 ], [ -101.15315246582, 27.654529571533299 ], [ -101.156181335449006, 27.6255912780763 ], [ -101.164436340332003, 27.621110916137798 ], [ -101.239479064940994, 27.634780883789102 ], [ -101.258110046387003, 27.657249450683601 ], [ -101.243370056152003, 27.6709899902344 ], [ -101.210411071777003, 27.667459487915099 ], [ -101.214569091797003, 27.6814994812013 ], [ -101.257316589355, 27.7081508636475 ], [ -101.276512145995994, 27.7389812469482 ], [ -101.342613220215, 27.800090789795 ], [ -101.337997436522997, 27.810390472412202 ], [ -101.370880126952997, 27.832389831543001 ], [ -101.379859924315994, 27.8574123382569 ] ] ] } },
{ "type": "Feature", "properties": { "NAME_1": "Coahuila", "NAME_2": "Sacramento" }, "geometry": { "type": "Polygon", "coordinates": [ [ [ -101.740768432617003, 26.8160114288331 ], [ -101.782066345215, 26.857240676879901 ], [ -101.837310791015994, 26.893630981445401 ], [ -101.888465881347997, 27.049829483032202 ], [ -101.836296081542997, 27.035570144653398 ], [ -101.772583007812003, 27.0371704101562 ], [ -101.759178161620994, 27.046470642089801 ], [ -101.746643066405994, 27.080289840698299 ], [ -101.73934173584, 27.082780838012699 ], [ -101.722267150879006, 27.0755119323732 ], [ -101.705146789550994, 27.0512199401856 ], [ -101.66234588623, 27.042329788208001 ], [ -101.644203186035, 27.018241882324201 ], [ -101.619850158690994, 27.030918121338001 ], [ -101.630950927734006, 26.9830017089844 ], [ -101.677551269530994, 26.919429779052798 ], [ -101.679206848145, 26.904199600219801 ], [ -101.665100097655994, 26.880510330200298 ], [ -101.740768432617003, 26.8160114288331 ] ] ] } },
{ "type": "Feature", "properties": { "NAME_1": "Coahuila", "NAME_2": "Saltillo" }, "geometry": { "type": "Polygon", "coordinates": [ [ [ -100.791679382324006, 25.1396808624268 ], [ -100.803253173827997, 25.125829696655298 ], [ -100.804122924805, 25.104642868041999 ], [ -100.770500183105, 25.017829895019499 ], [ -100.776016235352003, 24.982370376586999 ], [ -100.767196655272997, 24.921398162841701 ], [ -100.78434753418, 24.914241790771499 ], [ -100.854827880859006, 24.917240142822301 ], [ -100.876441955565994, 24.905429840087901 ], [ -100.864128112792997, 24.862060546875099 ], [ -100.875778198242003, 24.8195705413819 ], [ -100.826637268065994, 24.7758483886719 ], [ -100.818206787109006, 24.7187099456787 ], [ -100.79239654541, 24.6805305480957 ], [ -100.823051452637003, 24.604841232299801 ], [ -100.832496643065994, 24.555099487304599 ], [ -100.872650146484006, 24.567632675170799 ], [ -100.934448242187997, 24.569419860839801 ], [ -100.949913024902003, 24.554620742797901 ], [ -100.954216003417997, 24.531560897827301 ], [ -101.021881103515994, 24.517700195312599 ], [ -101.094917297362997, 24.547809600830099 ], [ -101.118347167969006, 24.561082839965799 ], [ -101.149826049805, 24.595380783081101 ], [ -101.2265625, 24.732780456543001 ], [ -101.276077270507997, 24.762781143188501 ], [ -101.382606506347997, 24.777229309082099 ], [ -101.477966308594006, 24.7619724273682 ], [ -101.521911621094006, 24.725610733032301 ], [ -101.605247497559006, 24.7220993041993 ], [ -101.641647338867003, 24.731838226318398 ], [ -101.650672912597997, 24.827579498291001 ], [ -101.605041503905994, 24.844419479370099 ], [ -101.589462280272997, 24.891410827636701 ], [ -101.530326843262003, 24.892110824585 ], [ -101.506629943847997, 24.917739868164102 ], [ -101.450866699219006, 24.945569992065501 ], [ -101.440048217772997, 24.975290298461999 ], [ -101.456565856934006, 25.030969619751101 ], [ -101.4482421875, 25.0436706542969 ], [ -101.436340332030994, 25.039100646972699 ], [ -101.439582824707003, 25.0782794952394 ], [ -101.406837463379006, 25.1067199707031 ], [ -101.397453308105, 25.1256504058838 ], [ -101.401596069335994, 25.1309509277344 ], [ -101.453536987305, 25.121852874756001 ], [ -101.48030090332, 25.127799987793001 ], [ -101.548866271972997, 25.115921020507798 ], [ -101.563438415527003, 25.121210098266701 ], [ -101.573593139647997, 25.1313591003419 ], [ -101.569763183594006, 25.1528625488281 ], [ -101.546760559082003, 25.201879501342798 ], [ -101.398490905762003, 25.234359741210898 ], [ -101.376159667969006, 25.272031784057599 ], [ -101.386962890625, 25.328388214111399 ], [ -101.340103149414006, 25.356359481811499 ], [ -101.32453918457, 25.389869689941499 ], [ -101.271125793457003, 25.4252109527588 ], [ -101.275360107422003, 25.453149795532202 ], [ -101.292877197265994, 25.464710235595799 ], [ -101.333541870117003, 25.436759948730501 ], [ -101.363555908202997, 25.4386196136475 ], [ -101.373092651367003, 25.482532501220799 ], [ -101.393806457519005, 25.512809753418001 ], [ -101.387840270995994, 25.525512695312599 ], [ -101.373741149902003, 25.527580261230501 ], [ -101.345207214355, 25.501220703125099 ], [ -101.311737060547003, 25.488040924072401 ], [ -101.128158569335994, 25.503940582275401 ], [ -101.105712890625, 25.514320373535199 ], [ -101.073303222655994, 25.546850204467901 ], [ -100.942161560059006, 25.543630599975501 ], [ -100.907691955565994, 25.462049484252901 ], [ -100.949249267577997, 25.4350490570069 ], [ -100.956451416015994, 25.3912582397462 ], [ -100.933692932129006, 25.363410949707099 ], [ -100.951232910155994, 25.342889785766602 ], [ -100.948432922362997, 25.295009613037202 ], [ -100.976081848144005, 25.279991149902401 ], [ -100.980895996094006, 25.2316493988037 ], [ -100.950096130370994, 25.226209640503001 ], [ -100.902061462402003, 25.233470916748001 ], [ -100.881927490234006, 25.227319717407202 ], [ -100.85270690918, 25.204429626464901 ], [ -100.827102661132997, 25.166589736938601 ], [ -100.791679382324006, 25.1396808624268 ] ] ] } },
{ "type": "Feature", "properties": { "NAME_1": "Coahuila", "NAME_2": "San Buenaventura" }, "geometry": { "type": "Polygon", "coordinates": [ [ [ -101.463661193847997, 27.113439559936499 ], [ -101.485130310059006, 27.094200134277301 ], [ -101.591377258300994, 27.061300277709901 ], [ -101.633682250977003, 27.080430984497202 ], [ -101.678672790527003, 27.167140960693398 ], [ -101.787460327147997, 27.205480575561602 ], [ -101.798233032227003, 27.216810226440401 ], [ -101.791130065917997, 27.230649948120199 ], [ -101.742042541504006, 27.2245311737062 ], [ -101.719398498535, 27.2315483093263 ], [ -101.707336425780994, 27.2469596862794 ], [ -101.714546203612997, 27.265550613403299 ], [ -101.787696838379006, 27.297510147094801 ], [ -101.908248901367003, 27.417079925537202 ], [ -101.94352722168, 27.419990539550799 ], [ -102.003326416015994, 27.471359252929702 ], [ -102.043586730957003, 27.471979141235401 ], [ -102.148010253905994, 27.547960281371999 ], [ -102.20539855957, 27.704349517822301 ], [ -102.350875854492003, 27.920101165771602 ], [ -102.321258544922003, 27.9369411468507 ], [ -102.321998596190994, 27.951032638549901 ], [ -102.372886657715, 27.970092773437599 ], [ -102.42359161377, 28.052171707153398 ], [ -102.522567749022997, 28.140251159668001 ], [ -102.590866088867003, 28.227331161498999 ], [ -102.615882873535, 28.287332534790099 ], [ -102.565773010254006, 28.370611190796001 ], [ -102.556457519530994, 28.489170074462901 ], [ -102.566566467285, 28.5278224945069 ], [ -102.636627197265994, 28.619930267334102 ], [ -102.63207244873, 28.6295394897462 ], [ -102.535896301269005, 28.6634426116944 ], [ -102.516967773437997, 28.6521797180175 ], [ -102.483245849609006, 28.6502494812013 ], [ -102.473236083984006, 28.672651290893601 ], [ -102.441047668457003, 28.6755695343019 ], [ -102.280487060547003, 28.5614910125732 ], [ -102.216186523437997, 28.501491546630799 ], [ -102.177978515625, 28.3632411956788 ], [ -102.135726928710994, 28.327859878540199 ], [ -102.118927001952997, 28.295499801635899 ], [ -102.12922668457, 28.268430709838999 ], [ -102.130043029785, 28.215869903564499 ], [ -102.113006591797003, 28.100788116455099 ], [ -102.138702392577997, 28.0524101257325 ], [ -102.097579956055, 28.012638092041001 ], [ -102.056793212890994, 28.0401000976563 ], [ -102.002853393555, 28.050951004028299 ], [ -101.948677062987997, 27.9188327789307 ], [ -101.928939819335994, 27.889789581298899 ], [ -101.826011657715, 27.852769851684599 ], [ -101.765991210937997, 27.762531280517699 ], [ -101.638832092285, 27.681087493896602 ], [ -101.600448608397997, 27.665870666503999 ], [ -101.619552612305, 27.649370193481499 ], [ -101.620620727539006, 27.639181137085099 ], [ -101.511917114257997, 27.517652511596701 ], [ -101.543037414550994, 27.4269104003907 ], [ -101.540161132812003, 27.393381118774499 ], [ -101.511512756347997, 27.3661518096925 ], [ -101.49666595459, 27.335760116577301 ], [ -101.500999450684006, 27.2770805358887 ], [ -101.520057678222997, 27.200031280517599 ], [ -101.500152587890994, 27.174129486084102 ], [ -101.460647583007997, 27.147029876709102 ], [ -101.463661193847997, 27.113439559936499 ] ] ] } },
{ "type": "Feature", "properties": { "NAME_1": "Coahuila", "NAME_2": "San Pedro" }, "geometry": { "type": "Polygon", "coordinates": [ [ [ -102.962127685547003, 25.6715698242188 ], [ -103.042198181152003, 25.6615810394288 ], [ -103.109809875487997, 25.624469757080099 ], [ -103.159271240234006, 25.614772796630898 ], [ -103.162506103515994, 25.6672592163087 ], [ -103.246063232422003, 25.718830108642699 ], [ -103.265213012695, 25.740190505981399 ], [ -103.27897644043, 25.7753086090088 ], [ -103.256317138672003, 25.809589385986399 ], [ -103.276390075684006, 25.822221755981399 ], [ -103.264266967772997, 25.854801177978601 ], [ -103.268257141112997, 25.861610412597798 ], [ -103.244606018065994, 25.8778305053712 ], [ -103.23950958252, 25.891130447387798 ], [ -103.248497009277003, 25.936750411987301 ], [ -103.212989807129006, 25.969970703124901 ], [ -103.229652404785, 25.987171173095799 ], [ -103.230895996094006, 26.020259857177699 ], [ -103.190490722655994, 26.008300781249901 ], [ -103.176452636719006, 26.0182495117188 ], [ -103.196533203125, 26.156999588012699 ], [ -103.178268432617003, 26.1879482269287 ], [ -103.127098083495994, 26.217830657958899 ], [ -103.12410736084, 26.227430343627901 ], [ -103.159103393555, 26.254461288452301 ], [ -103.15648651123, 26.270900726318398 ], [ -103.088249206542997, 26.369480133056602 ], [ -103.063049316405994, 26.420721054077202 ], [ -102.998306274414006, 26.4911708831788 ], [ -102.992630004882997, 26.5041904449463 ], [ -102.995986938477003, 26.538761138916101 ], [ -102.968780517577997, 26.5369396209718 ], [ -102.938049316405994, 26.554491043090799 ], [ -103.013359069824006, 26.613260269165099 ], [ -103.057136535645, 26.6661300659181 ], [ -103.051986694335994, 26.722589492797901 ], [ -103.027572631835994, 26.777612686157202 ], [ -103.034729003905994, 26.8119010925294 ], [ -103.060859680175994, 26.860372543335 ], [ -102.991920471190994, 26.8495311737062 ], [ -102.957588195800994, 26.832969665527401 ], [ -102.903587341309006, 26.832239151001001 ], [ -102.874610900879006, 26.817670822143601 ], [ -102.805381774902003, 26.819541931152301 ], [ -102.715660095215, 26.764240264892699 ], [ -102.621307373047003, 26.7412204742432 ], [ -102.45369720459, 26.683071136474599 ], [ -102.361396789550994, 26.670080184936602 ], [ -102.352470397949006, 26.655799865722798 ], [ -102.35555267334, 26.6121006011963 ], [ -102.336402893065994, 26.5837306976318 ], [ -102.351356506347997, 26.5472507476807 ], [ -102.331489562987997, 26.537990570068398 ], [ -102.328376770019005, 26.527530670166101 ], [ -102.364875793457003, 26.4187126159668 ], [ -102.339019775390994, 26.3089904785157 ], [ -102.362350463867003, 26.274192810058501 ], [ -102.406936645507997, 26.257400512695298 ], [ -102.397789001465, 26.237751007080099 ], [ -102.358757019042997, 26.232112884521602 ], [ -102.331016540527003, 26.214290618896499 ], [ -102.344352722167997, 26.1604309082032 ], [ -102.327133178710994, 26.080820083618299 ], [ -102.337417602539006, 26.066360473632901 ], [ -102.354797363280994, 26.059700012207099 ], [ -102.378295898437997, 26.026159286499102 ], [ -102.420433044434006, 26.0041007995606 ], [ -102.459426879882997, 25.967090606689499 ], [ -102.472923278809006, 25.9286918640137 ], [ -102.476722717285, 25.842380523681701 ], [ -102.487449645995994, 25.8124408721925 ], [ -102.510665893555, 25.792861938476602 ], [ -102.547180175780994, 25.783420562744201 ], [ -102.627388000487997, 25.802749633789102 ], [ -102.635726928710994, 25.7776393890382 ], [ -102.621566772460994, 25.756000518798899 ], [ -102.622245788574006, 25.743780136108501 ], [ -102.642822265625, 25.727638244628999 ], [ -102.737152099609006, 25.6904811859132 ], [ -102.85880279541, 25.665889739990199 ], [ -102.962127685547003, 25.6715698242188 ] ] ] } },
{ "type": "Feature", "properties": { "NAME_1": "Coahuila", "NAME_2": "Sierra Mojada" }, "geometry": { "type": "Polygon", "coordinates": [ [ [ -104.031303405762003, 27.722610473632901 ], [ -103.987899780272997, 27.763788223266701 ], [ -103.993606567382997, 27.7890090942382 ], [ -104.02465057373, 27.822280883789102 ], [ -103.999557495117003, 27.8461303710938 ], [ -103.995216369629006, 27.866321563720799 ], [ -104.024719238280994, 27.905351638794102 ], [ -104.027389526367003, 27.926929473876999 ], [ -103.958351135254006, 27.936510086059599 ], [ -103.936851501465, 27.9658603668212 ], [ -103.95726776123, 28.009019851684599 ], [ -104.002372741699006, 28.0152702331544 ], [ -104.002006530762003, 28.0706100463868 ], [ -103.925628662109006, 28.045021057128899 ], [ -103.901863098144005, 28.067260742187599 ], [ -103.886856079102003, 28.097530364990199 ], [ -103.879867553710994, 28.136539459228601 ], [ -103.81453704834, 28.250761032104499 ], [ -103.796829223632997, 28.308349609375099 ], [ -103.763397216797003, 28.341579437255898 ], [ -103.770042419434006, 28.3636398315431 ], [ -103.797943115234006, 28.399061203003001 ], [ -103.791893005370994, 28.414211273193398 ], [ -103.707450866699006, 28.525640487670898 ], [ -103.699638366699006, 28.513490676879901 ], [ -103.65885925293, 28.503730773925799 ], [ -103.54313659668, 28.5064296722413 ], [ -103.535789489745994, 28.476570129394599 ], [ -103.541557312012003, 28.4285984039307 ], [ -103.582527160645, 28.401588439941499 ], [ -103.592277526855, 28.381870269775501 ], [ -103.577713012695, 28.346500396728601 ], [ -103.578880310059006, 28.292810440063501 ], [ -103.546546936035, 28.216630935669102 ], [ -103.546936035155994, 28.2010307312013 ], [ -103.566337585449006, 28.179040908813501 ], [ -103.535797119140994, 28.144178390503001 ], [ -103.56559753418, 28.0907897949219 ], [ -103.622581481934006, 28.0687980651856 ], [ -103.635437011719006, 28.053449630737401 ], [ -103.633018493652003, 27.9361305236818 ], [ -103.623916625977003, 27.9162101745606 ], [ -103.578720092772997, 27.907091140747202 ], [ -103.554885864257997, 27.8871994018556 ], [ -103.492637634277003, 27.7800102233887 ], [ -103.416397094727003, 27.742010116577301 ], [ -103.387321472167997, 27.7169609069825 ], [ -103.372276306152003, 27.687089920043999 ], [ -103.352951049805, 27.684181213378999 ], [ -103.343879699707003, 27.669370651245099 ], [ -103.335792541504006, 27.611640930175799 ], [ -103.34789276123, 27.599269866943501 ], [ -103.394912719727003, 27.613260269165 ], [ -103.427322387695, 27.6056098937988 ], [ -103.443122863769005, 27.5872917175294 ], [ -103.465156555175994, 27.534908294677699 ], [ -103.564071655272997, 27.441339492797798 ], [ -103.554306030272997, 27.409402847290099 ], [ -103.473602294922003, 27.3378925323487 ], [ -103.490310668945, 27.2736911773681 ], [ -103.493576049805, 27.225080490112401 ], [ -103.528396606445, 27.210729598999102 ], [ -103.505577087402003, 27.0918197631837 ], [ -103.49503326416, 27.066810607910199 ], [ -103.447341918945, 27.0685005187988 ], [ -103.437881469727003, 27.089990615844801 ], [ -103.459091186522997, 27.1222229003906 ], [ -103.350273132324006, 27.201778411865298 ], [ -103.233352661132997, 27.176111221313501 ], [ -103.160575866699006, 27.170660018920898 ], [ -103.006401062012003, 27.201450347900298 ], [ -102.855651855469006, 27.193510055541999 ], [ -102.896766662597997, 27.119840621948399 ], [ -102.89875793457, 27.045719146728601 ], [ -102.879913330077997, 26.929700851440401 ], [ -102.899879455565994, 26.922969818115199 ], [ -102.908218383789006, 26.8324298858643 ], [ -102.957588195800994, 26.832969665527401 ], [ -102.991920471190994, 26.8495311737062 ], [ -103.055191040039006, 26.860641479492301 ], [ -103.180625915527003, 26.831199645996101 ], [ -103.292549133300994, 26.8755912780762 ], [ -103.329040527344006, 26.8773403167725 ], [ -103.363006591797003, 26.8654594421387 ], [ -103.401878356934006, 26.864459991455099 ], [ -103.399017333984006, 26.808221817016701 ], [ -103.407432556152003, 26.777402877807699 ], [ -103.477752685547003, 26.761991500854599 ], [ -103.521446228027003, 26.7399597167968 ], [ -103.570236206055, 26.743881225586001 ], [ -103.646423339844006, 26.730688095092798 ], [ -103.682586669922003, 26.712141036987401 ], [ -103.705307006835994, 26.685880661010899 ], [ -103.849906921387003, 26.727148056030298 ], [ -103.911506652832003, 26.811580657958899 ], [ -103.983917236327997, 26.860170364379801 ], [ -103.997695922852003, 26.879730224609499 ], [ -103.993461608887003, 26.926610946655401 ], [ -104.010856628417997, 26.960100173950298 ], [ -103.940567016602003, 26.984069824218899 ], [ -103.891906738280994, 27.023450851440501 ], [ -103.845756530762003, 27.0248908996582 ], [ -103.82950592041, 27.0800380706787 ], [ -103.902191162109006, 27.108167648315501 ], [ -103.924186706542997, 27.132501602173001 ], [ -103.932876586914006, 27.304901123046999 ], [ -103.959815979004006, 27.435939788818398 ], [ -103.956703186035, 27.455869674682699 ], [ -103.940902709960994, 27.476520538330099 ], [ -103.944519042969006, 27.514289855957099 ], [ -103.953948974609006, 27.543581008911101 ], [ -104.002510070800994, 27.5689201354981 ], [ -104.031303405762003, 27.722610473632901 ] ] ] } },
{ "type": "Feature", "properties": { "NAME_1": "Coahuila", "NAME_2": "Torreón" }, "geometry": { "type": "GeometryCollection", "geometries": [ { "type": "Polygon", "coordinates": [ [ [ -103.461692810059006, 25.481269836425898 ], [ -103.526626586914006, 25.499658584594702 ], [ -103.546806335449006, 25.524879455566499 ], [ -103.548072814940994, 25.544561386108501 ], [ -103.487190246582003, 25.634201049804702 ], [ -103.444648742675994, 25.663461685180799 ], [ -103.434997558594006, 25.705419540405298 ], [ -103.419982910155994, 25.726419448852699 ], [ -103.392456054687997, 25.7141017913819 ], [ -103.406532287597997, 25.685819625854499 ], [ -103.3974609375, 25.6751518249513 ], [ -103.337738037109006, 25.685760498046999 ], [ -103.325225830077997, 25.6815204620362 ], [ -103.323989868164006, 25.647180557251001 ], [ -103.372756958007997, 25.598430633545 ], [ -103.35807800293, 25.552719116211001 ], [ -103.379821777344006, 25.505542755126999 ], [ -103.382331848145, 25.455530166626001 ], [ -103.409545898437997, 25.4539318084718 ], [ -103.429550170897997, 25.4746398925781 ], [ -103.461692810059006, 25.481269836425898 ] ] ] }, { "type": "Polygon", "coordinates": [ [ [ -103.085029602050994, 24.8065605163575 ], [ -103.136016845702997, 24.804370880126999 ], [ -103.180038452147997, 24.833280563354599 ], [ -103.205940246582003, 24.832138061523501 ], [ -103.262336730957003, 24.860570907592901 ], [ -103.28002166748, 24.885931015014801 ], [ -103.309700012207003, 24.898500442504901 ], [ -103.340408325195, 24.9368400573732 ], [ -103.340126037597997, 24.9869918823243 ], [ -103.36205291748, 25.050519943237401 ], [ -103.464233398437003, 25.124801635742301 ], [ -103.483268737792997, 25.184278488159102 ], [ -103.549850463867003, 25.250181198120199 ], [ -103.56812286377, 25.3113307952881 ], [ -103.567596435547003, 25.335382461548001 ], [ -103.507461547852003, 25.314989089965898 ], [ -103.465492248535, 25.2593784332275 ], [ -103.395523071289006, 25.2594909667969 ], [ -103.336708068847997, 25.1945495605469 ], [ -103.304595947265994, 25.119829177856499 ], [ -103.261878967285, 25.094110488891701 ], [ -103.243057250977003, 25.060230255127099 ], [ -103.225936889647997, 25.052801132202202 ], [ -103.181198120117003, 25.0560207366944 ], [ -103.166107177734006, 25.0467109680175 ], [ -103.08251953125, 24.892410278320401 ], [ -103.085029602050994, 24.8065605163575 ] ] ] } ] } },
{ "type": "Feature", "properties": { "NAME_1": "Coahuila", "NAME_2": "Viesca" }, "geometry": { "type": "Polygon", "coordinates": [ [ [ -103.567596435547003, 25.335382461548001 ], [ -103.579246520995994, 25.3756618499756 ], [ -103.531471252440994, 25.422641754150501 ], [ -103.454643249512003, 25.430921554565401 ], [ -103.442306518555, 25.4027404785156 ], [ -103.397148132324006, 25.400341033935501 ], [ -103.367546081542997, 25.447380065918001 ], [ -103.316802978515994, 25.481040954589901 ], [ -103.184776306152003, 25.479730606079201 ], [ -103.154357910155994, 25.4865417480469 ], [ -103.137252807617003, 25.519519805908299 ], [ -103.159271240234006, 25.614772796630898 ], [ -103.109809875487997, 25.624469757080099 ], [ -103.042198181152003, 25.6615810394288 ], [ -102.962127685547003, 25.6715698242188 ], [ -102.958282470702997, 25.653419494628999 ], [ -102.983627319335994, 25.5661010742188 ], [ -102.946136474609006, 25.5083103179932 ], [ -102.912239074707003, 25.4168701171875 ], [ -102.838218688965, 25.452470779418999 ], [ -102.7236328125, 25.476699829101701 ], [ -102.650398254395, 25.483800888061499 ], [ -102.632125854492003, 25.436540603637699 ], [ -102.649406433105, 25.341518402099702 ], [ -102.62264251709, 25.324760437011701 ], [ -102.618698120117003, 25.3136196136475 ], [ -102.680473327637003, 25.2670803070068 ], [ -102.62467956543, 25.2293395996093 ], [ -102.606536865234006, 25.202579498291001 ], [ -102.637718200684006, 25.146408081054702 ], [ -102.636405944824006, 25.115491867065401 ], [ -102.736747741699006, 25.100299835205199 ], [ -102.747482299805, 25.086370468139702 ], [ -102.748046875, 25.026861190796001 ], [ -102.875267028809006, 24.947980880737301 ], [ -102.893249511719006, 24.9163818359375 ], [ -102.913642883300994, 24.838479995727599 ], [ -102.912246704102003, 24.816379547119201 ], [ -102.89444732666, 24.790309906006001 ], [ -102.893432617187003, 24.7758903503418 ], [ -102.904556274414006, 24.756830215454201 ], [ -102.932456970215, 24.748960494995199 ], [ -103.016311645507997, 24.798381805419901 ], [ -103.085029602050994, 24.8065605163575 ], [ -103.08251953125, 24.892410278320401 ], [ -103.166107177734006, 25.0467109680175 ], [ -103.181198120117003, 25.0560207366944 ], [ -103.225936889647997, 25.052801132202202 ], [ -103.243057250977003, 25.060230255127099 ], [ -103.261878967285, 25.094110488891701 ], [ -103.304595947265994, 25.119829177856499 ], [ -103.336708068847997, 25.1945495605469 ], [ -103.390899658202997, 25.255590438842901 ], [ -103.407081604004006, 25.262670516967699 ], [ -103.465492248535, 25.2593784332275 ], [ -103.507461547852003, 25.314989089965898 ], [ -103.567596435547003, 25.335382461548001 ] ] ] } },
{ "type": "Feature", "properties": { "NAME_1": "Coahuila", "NAME_2": "Villa Unión" }, "geometry": { "type": "Polygon", "coordinates": [ [ [ -100.768882751465, 27.810810089111399 ], [ -100.801879882812003, 27.807840347290099 ], [ -100.821769714355, 27.7948398590088 ], [ -100.83275604248, 27.7399196624757 ], [ -100.85262298584, 27.731451034546001 ], [ -100.929130554199006, 27.7823696136475 ], [ -100.996017456055, 27.815099716186499 ], [ -101.082015991210994, 27.828689575195298 ], [ -101.088508605957003, 27.836179733276399 ], [ -101.085548400879006, 27.859691619873001 ], [ -101.044502258300994, 27.891370773315501 ], [ -101.051933288574006, 27.973331451416101 ], [ -101.064903259277003, 27.983350753784201 ], [ -101.102020263672003, 27.9864807128906 ], [ -101.121597290039006, 28.004680633544901 ], [ -101.044952392577997, 28.069320678711001 ], [ -101.02131652832, 28.107711791992301 ], [ -100.963096618652003, 28.1664009094238 ], [ -100.920082092285, 28.192552566528398 ], [ -100.88777923584, 28.197980880737401 ], [ -100.840377807617003, 28.267169952392599 ], [ -100.8359375, 28.289300918579201 ], [ -100.804710388184006, 28.339929580688501 ], [ -100.774665832519005, 28.350650787353501 ], [ -100.749153137207003, 28.379440307617202 ], [ -100.724342346190994, 28.3808212280275 ], [ -100.67163848877, 28.415500640869102 ], [ -100.645622253417997, 28.404279708862301 ], [ -100.634841918945, 28.3566703796388 ], [ -100.664833068847997, 28.278139114379901 ], [ -100.684768676757997, 28.250909805297901 ], [ -100.691200256347997, 28.220140457153299 ], [ -100.685256958007997, 28.190990447998001 ], [ -100.664131164550994, 28.158140182495199 ], [ -100.687721252440994, 28.047920227050799 ], [ -100.651626586914006, 27.977590560913001 ], [ -100.668067932129006, 27.943981170654201 ], [ -100.710990905762003, 27.9062194824219 ], [ -100.735191345215, 27.8701400756837 ], [ -100.771606445312003, 27.857692718505898 ], [ -100.768882751465, 27.810810089111399 ] ] ] } },
{ "type": "Feature", "properties": { "NAME_1": "Coahuila", "NAME_2": "Zaragoza" }, "geometry": { "type": "Polygon", "coordinates": [ [ [ -101.422889709472997, 28.2380695343018 ], [ -101.430862426757997, 28.245822906494201 ], [ -101.481956481934006, 28.2246818542482 ], [ -101.623123168945, 28.208429336548001 ], [ -101.652206420897997, 28.242790222168001 ], [ -101.687232971190994, 28.304458618164102 ], [ -101.66837310791, 28.329610824585 ], [ -101.626182556152003, 28.3437690734863 ], [ -101.663803100585994, 28.397321701049901 ], [ -101.683906555175994, 28.413761138916001 ], [ -101.720397949219006, 28.3998203277588 ], [ -101.771057128905994, 28.299751281738398 ], [ -101.796226501465, 28.2989196777344 ], [ -101.807502746582003, 28.324871063232401 ], [ -101.802726745605, 28.377832412719801 ], [ -101.825218200684006, 28.431381225586101 ], [ -101.789039611815994, 28.438520431518601 ], [ -101.789192199707003, 28.446020126342901 ], [ -101.822563171387003, 28.4900207519531 ], [ -101.84098815918, 28.492610931396499 ], [ -101.856727600097997, 28.510860443115199 ], [ -101.861526489257997, 28.546329498291001 ], [ -101.878791809082003, 28.556409835815501 ], [ -101.897796630859006, 28.5476512908937 ], [ -101.939613342285, 28.622650146484499 ], [ -101.967498779297003, 28.6521511077881 ], [ -101.971656799315994, 28.6744785308838 ], [ -101.957336425780994, 28.729801177978501 ], [ -101.978202819824006, 28.789819717407301 ], [ -101.962432861327997, 28.848699569702099 ], [ -102.030113220215, 28.857749938964801 ], [ -102.051292419434006, 28.888849258422901 ], [ -101.930099487305, 29.006242752075298 ], [ -101.908340454102003, 29.047241210937599 ], [ -101.910316467285, 29.0937194824219 ], [ -101.86287689209, 29.1108703613282 ], [ -101.797622680664006, 29.163721084594702 ], [ -101.756172180175994, 29.175939559936602 ], [ -101.71012878418, 29.228290557861399 ], [ -101.655792236327997, 29.239658355712901 ], [ -101.654083251952997, 29.255529403686499 ], [ -101.628143310547003, 29.255420684814599 ], [ -101.631896972655994, 29.275680541992202 ], [ -101.532150268555, 29.266241073608398 ], [ -101.495018005370994, 29.1868610382081 ], [ -101.479362487792997, 29.180099487304702 ], [ -101.440071105957003, 29.1832904815675 ], [ -101.415336608887003, 29.155950546264599 ], [ -101.396865844727003, 29.151750564575298 ], [ -101.340606689452997, 29.0734596252443 ], [ -101.249557495117003, 29.0731506347657 ], [ -101.198112487792997, 28.977199554443398 ], [ -101.178466796875, 28.914800643921001 ], [ -101.192176818847997, 28.794019699096701 ], [ -101.1630859375, 28.76176071167 ], [ -101.128898620605, 28.747800827026399 ], [ -101.054908752440994, 28.741159439086999 ], [ -100.977447509765994, 28.692560195922798 ], [ -100.945320129395, 28.688079833984499 ], [ -100.892921447754006, 28.703968048095799 ], [ -100.887802124022997, 28.770879745483398 ], [ -100.847846984862997, 28.795089721679801 ], [ -100.815811157227003, 28.770330429077099 ], [ -100.801116943359006, 28.7677612304688 ], [ -100.796989440917997, 28.757749557495099 ], [ -100.839385986327997, 28.707372665405298 ], [ -100.834716796875, 28.696149826049801 ], [ -100.629806518555, 28.6361598968507 ], [ -100.64274597168, 28.594720840453999 ], [ -100.871215820312003, 28.476760864257901 ], [ -100.906547546387003, 28.450532913208001 ], [ -100.941520690917997, 28.463399887084901 ], [ -100.960159301757997, 28.410039901733398 ], [ -100.98494720459, 28.417921066284201 ], [ -101.009651184082003, 28.410551071167099 ], [ -101.041915893555, 28.4133605957032 ], [ -101.059616088867003, 28.3808307647706 ], [ -101.130516052245994, 28.351270675659201 ], [ -101.161079406737997, 28.347629547119102 ], [ -101.185310363769005, 28.298019409179801 ], [ -101.228019714355, 28.285619735717901 ], [ -101.264122009277003, 28.287410736083999 ], [ -101.354103088379006, 28.3125896453857 ], [ -101.385108947754006, 28.264020919799901 ], [ -101.422889709472997, 28.2380695343018 ] ] ] } }
]
}
