{
"type": "FeatureCollection",
"name": "durango",
"crs": { "type": "name", "properties": { "name": "urn:ogc:def:crs:OGC:1.3:CRS84" } },
"features": [
{ "type": "Feature", "properties": { "NAME_1": "Durango", "NAME_2": "Canatlán" }, "geometry": { "type": "Polygon", "coordinates": [ [ [ -104.657318115234006, 24.472450256347798 ], [ -104.570899963379006, 24.371589660644599 ], [ -104.628967285155994, 24.366319656371999 ], [ -104.642356872559006, 24.3425407409668 ], [ -104.628799438477003, 24.332759857177798 ], [ -104.632522583007997, 24.302169799804801 ], [ -104.655693054199006, 24.297491073608501 ], [ -104.690788269042997, 24.275171279907202 ], [ -104.699569702147997, 24.2746391296387 ], [ -104.709632873535, 24.2917995452882 ], [ -104.727577209472997, 24.299240112304702 ], [ -104.784545898437997, 24.286861419677699 ], [ -104.853469848632997, 24.297559738159102 ], [ -104.891548156737997, 24.263521194458001 ], [ -104.95458984375, 24.238250732421999 ], [ -105.051658630370994, 24.2996006011963 ], [ -105.124420166015994, 24.301290512085 ], [ -105.144706726074006, 24.309070587158299 ], [ -105.156227111815994, 24.3204975128175 ], [ -105.182952880859006, 24.398759841918899 ], [ -105.220626831055, 24.3887119293213 ], [ -105.230491638184006, 24.391462326049801 ], [ -105.233512878417997, 24.4081211090088 ], [ -105.258758544922003, 24.396539688110401 ], [ -105.273338317870994, 24.4058418273925 ], [ -105.315689086914006, 24.367082595825099 ], [ -105.329437255859006, 24.344562530517699 ], [ -105.321739196777003, 24.325929641723601 ], [ -105.34366607666, 24.317899703979499 ], [ -105.356796264647997, 24.2887496948243 ], [ -105.33943939209, 24.2251796722413 ], [ -105.37174987793, 24.216590881347699 ], [ -105.40030670166, 24.255609512329201 ], [ -105.446487426757997, 24.250062942504901 ], [ -105.454719543457003, 24.3006610870362 ], [ -105.463195800780994, 24.310010910034201 ], [ -105.530082702637003, 24.307380676269499 ], [ -105.529739379882997, 24.3179206848144 ], [ -105.51277923584, 24.332670211791999 ], [ -105.501815795897997, 24.3714694976806 ], [ -105.540412902832003, 24.400400161743299 ], [ -105.544799804687997, 24.426740646362301 ], [ -105.555847167969006, 24.410650253296001 ], [ -105.559959411620994, 24.414300918579201 ], [ -105.574592590332003, 24.450700759887798 ], [ -105.559356689452997, 24.467731475830099 ], [ -105.590446472167997, 24.468757629394499 ], [ -105.600723266602003, 24.4762992858887 ], [ -105.598236083984006, 24.487310409546001 ], [ -105.578239440917997, 24.492420196533299 ], [ -105.588218688965, 24.521751403808601 ], [ -105.566612243652003, 24.530540466308601 ], [ -105.58088684082, 24.546079635620099 ], [ -105.577651977539006, 24.555730819702202 ], [ -105.516677856445, 24.601621627807599 ], [ -105.501258850097997, 24.644580841064499 ], [ -105.474578857422003, 24.6626091003418 ], [ -105.46662902832, 24.7050895690919 ], [ -105.452041625977003, 24.7163906097413 ], [ -105.447875976562003, 24.701330184936602 ], [ -105.433906555175994, 24.700229644775401 ], [ -105.417633056640994, 24.7129306793213 ], [ -105.412437438965, 24.773321151733501 ], [ -105.394088745117003, 24.777589797973601 ], [ -105.382446289062003, 24.7918090820312 ], [ -105.363243103027003, 24.8288803100587 ], [ -105.351226806640994, 24.878400802612301 ], [ -105.322937011719006, 24.910860061645501 ], [ -105.302772521972997, 24.9706211090088 ], [ -105.271926879882997, 24.993070602416999 ], [ -105.281829833984006, 25.0193996429444 ], [ -105.279327392577997, 25.047389984130898 ], [ -105.201812744140994, 25.092920303344801 ], [ -105.157592773437997, 25.1047592163087 ], [ -105.148971557617003, 25.085292816162099 ], [ -105.132026672362997, 25.0754203796387 ], [ -105.09871673584, 25.078559875488299 ], [ -105.051460266112997, 25.052810668945401 ], [ -104.980361938477003, 25.039300918579201 ], [ -104.951606750487997, 25.018461227416999 ], [ -104.963539123535, 24.9516410827637 ], [ -104.939636230469006, 24.928459167480501 ], [ -104.873916625977003, 24.910270690918001 ], [ -104.840461730957003, 24.782390594482401 ], [ -104.796516418457003, 24.745651245117202 ], [ -104.781951904297003, 24.712070465087901 ], [ -104.762283325195, 24.696430206298899 ], [ -104.770606994629006, 24.658258438110401 ], [ -104.711723327637003, 24.575740814209102 ], [ -104.657318115234006, 24.472450256347798 ] ] ] } },
{ "type": "Feature", "properties": { "NAME_1": "Durango", "NAME_2": "Canelas" }, "geometry": { "type": "Polygon", "coordinates": [ [ [ -106.717796325684006, 24.968809127807599 ], [ -106.723007202147997, 25.005609512329201 ], [ -106.738716125487997, 25.036340713501101 ], [ -106.77262878418, 25.0561199188232 ], [ -106.812561035155994, 25.0971298217775 ], [ -106.905548095702997, 25.091880798339801 ], [ -106.927116394042997, 25.096240997314499 ], [ -106.948905944824006, 25.112951278686499 ], [ -106.980239868164006, 25.097539901733398 ], [ -107.003479003905994, 25.154018402099702 ], [ -106.982566833495994, 25.161319732666101 ], [ -106.94507598877, 25.204240798950199 ], [ -106.920097351074006, 25.212511062622099 ], [ -106.86563873291, 25.216510772705099 ], [ -106.807861328125, 25.187810897827202 ], [ -106.769248962402003, 25.185249328613398 ], [ -106.75032043457, 25.185920715331999 ], [ -106.734336853027003, 25.2039604187012 ], [ -106.716156005859006, 25.206239700317401 ], [ -106.684326171875, 25.189689636230501 ], [ -106.589820861815994, 25.0807781219482 ], [ -106.571151733397997, 25.0789699554444 ], [ -106.543586730957003, 25.116010665893601 ], [ -106.516426086425994, 25.119819641113398 ], [ -106.46467590332, 25.069690704345799 ], [ -106.342216491699006, 25.040950775146602 ], [ -106.412078857422003, 25.003721237182599 ], [ -106.429580688477003, 24.973209381103601 ], [ -106.458351135254006, 24.9517211914063 ], [ -106.573440551757997, 24.949037551879901 ], [ -106.647003173827997, 25.0088119506837 ], [ -106.666282653809006, 24.987279891967798 ], [ -106.6923828125, 24.987649917602599 ], [ -106.717796325684006, 24.968809127807599 ] ] ] } },
{ "type": "Feature", "properties": { "NAME_1": "Durango", "NAME_2": "Coneto de Comonfort" }, "geometry": { "type": "Polygon", "coordinates": [ [ [ -104.615669250487997, 24.983680725097599 ], [ -104.688568115234006, 24.8873195648193 ], [ -104.722610473632997, 24.864501953125 ], [ -104.689346313477003, 24.852220535278398 ], [ -104.657913208007997, 24.8518390655518 ], [ -104.652229309082003, 24.8431911468507 ], [ -104.686241149902003, 24.821969985961999 ], [ -104.723297119140994, 24.776639938354599 ], [ -104.752151489257997, 24.755250930786101 ], [ -104.796516418457003, 24.745651245117202 ], [ -104.840461730957003, 24.782390594482401 ], [ -104.875473022460994, 24.912540435791101 ], [ -104.939636230469006, 24.928459167480501 ], [ -104.963539123535, 24.9516410827637 ], [ -104.951606750487997, 25.018461227416999 ], [ -104.980361938477003, 25.039300918579201 ], [ -105.051460266112997, 25.052810668945401 ], [ -105.09871673584, 25.078559875488299 ], [ -105.132026672362997, 25.0754203796387 ], [ -105.148971557617003, 25.085292816162099 ], [ -105.153221130370994, 25.103950500488299 ], [ -105.199493408202997, 25.093900680541999 ], [ -105.204818725585994, 25.104749679565401 ], [ -105.193916320800994, 25.113479614257901 ], [ -105.192672729492003, 25.1384601593018 ], [ -105.125968933105, 25.154760360717798 ], [ -105.102516174315994, 25.180070877075298 ], [ -105.091186523437003, 25.1787624359131 ], [ -105.079299926757997, 25.151609420776499 ], [ -105.063667297362997, 25.138748168945298 ], [ -105.038116455077997, 25.141950607299801 ], [ -105.012878417969006, 25.168262481689499 ], [ -104.982666015625, 25.142650604248001 ], [ -104.960067749022997, 25.164150238037202 ], [ -104.935836791992003, 25.1625194549562 ], [ -104.921249389647997, 25.151870727539201 ], [ -104.918083190917997, 25.129440307617202 ], [ -104.824211120605, 25.105100631713999 ], [ -104.784942626952997, 25.083480834960898 ], [ -104.760643005370994, 25.0960903167725 ], [ -104.733673095702997, 25.082620620727599 ], [ -104.708656311035, 25.086540222168001 ], [ -104.645072937012003, 25.036090850830099 ], [ -104.615669250487997, 24.983680725097599 ] ] ] } },
{ "type": "Feature", "properties": { "NAME_1": "Durango", "NAME_2": "Cuencamé" }, "geometry": { "type": "Polygon", "coordinates": [ [ [ -104.063636779785, 24.0695095062256 ], [ -104.041282653809006, 24.093620300293001 ], [ -104.048126220702997, 24.127769470214901 ], [ -104.041496276855, 24.161670684814599 ], [ -104.052375793457003, 24.175621032714901 ], [ -104.036041259765994, 24.217170715331999 ], [ -104.040260314940994, 24.263401031494102 ], [ -104.031852722167997, 24.271520614624102 ], [ -104.012649536132997, 24.269170761108398 ], [ -104.003776550292997, 24.308420181274499 ], [ -104.010040283202997, 24.325609207153398 ], [ -104.058197021484006, 24.340499877929801 ], [ -104.111488342285, 24.400102615356399 ], [ -104.01448059082, 24.450260162353601 ], [ -104.017219543457003, 24.46000289917 ], [ -104.041427612305, 24.469020843505898 ], [ -104.065628051757997, 24.500680923461999 ], [ -104.05899810791, 24.520910263061499 ], [ -103.993347167969006, 24.6002597808838 ], [ -103.987716674805, 24.626440048217798 ], [ -103.939468383789006, 24.699951171875099 ], [ -103.937141418457003, 24.7263202667237 ], [ -103.907333374022997, 24.770839691162202 ], [ -103.911163330077997, 24.8013210296631 ], [ -103.937149047852003, 24.8337306976318 ], [ -103.935752868652003, 24.8662509918213 ], [ -103.948669433594006, 24.877450942993299 ], [ -103.941276550292997, 24.9062900543212 ], [ -103.948776245117003, 24.924409866333001 ], [ -103.943161010742003, 24.966100692748999 ], [ -103.972419738769005, 24.9812526702881 ], [ -103.943489074707003, 25.084459304809599 ], [ -103.885627746582003, 25.144720077514702 ], [ -103.843620300292997, 25.2034206390381 ], [ -103.77400970459, 25.198339462280401 ], [ -103.726615905762003, 25.213930130005 ], [ -103.64306640625, 25.220619201660199 ], [ -103.596206665039006, 25.235710144043001 ], [ -103.603706359862997, 25.184829711914102 ], [ -103.579483032227003, 25.0915927886963 ], [ -103.550025939940994, 25.039470672607401 ], [ -103.515357971190994, 25.012479782104499 ], [ -103.494766235352003, 24.9397296905518 ], [ -103.468681335449006, 24.9121398925782 ], [ -103.471321105957003, 24.890079498291101 ], [ -103.450942993164006, 24.870340347290099 ], [ -103.449409484862997, 24.849430084228601 ], [ -103.465347290039006, 24.818761825561602 ], [ -103.45157623291, 24.814329147338899 ], [ -103.448143005370994, 24.769231796264801 ], [ -103.430679321289006, 24.761537551879901 ], [ -103.430397033690994, 24.7240905761718 ], [ -103.417655944824006, 24.687772750854599 ], [ -103.421287536620994, 24.6714897155763 ], [ -103.435310363769005, 24.672910690307699 ], [ -103.496948242187003, 24.636480331421001 ], [ -103.574256896972997, 24.659610748291101 ], [ -103.618026733397997, 24.660118103027401 ], [ -103.600509643555, 24.583589553833001 ], [ -103.596626281737997, 24.506589889526499 ], [ -103.569206237792997, 24.436040878295898 ], [ -103.577400207519005, 24.430469512939499 ], [ -103.607620239257997, 24.4386806488038 ], [ -103.622520446777003, 24.4310207366944 ], [ -103.612663269042997, 24.402389526367202 ], [ -103.616706848144005, 24.382160186767699 ], [ -103.605697631835994, 24.3749294281006 ], [ -103.605316162109006, 24.353771209716701 ], [ -103.594528198242003, 24.343980789184702 ], [ -103.554527282715, 24.338319778442401 ], [ -103.537162780762003, 24.3265075683594 ], [ -103.611351013184006, 24.277271270752099 ], [ -103.660926818847997, 24.225519180298001 ], [ -103.69393157959, 24.173540115356399 ], [ -103.784446716309006, 24.094951629638601 ], [ -103.811637878417997, 24.081050872802699 ], [ -103.880508422852003, 24.068599700927798 ], [ -103.892562866210994, 24.047500610351701 ], [ -103.891372680664006, 24.015558242797798 ], [ -103.90128326416, 24.007352828979499 ], [ -103.93505859375, 24.0140094757081 ], [ -103.944473266602003, 24.034679412841701 ], [ -103.965042114257997, 24.0423812866212 ], [ -103.984916687012003, 24.039400100708001 ], [ -104.003219604492003, 24.0192394256593 ], [ -104.011459350585994, 24.047351837158299 ], [ -104.063636779785, 24.0695095062256 ] ] ] } },
{ "type": "Feature", "properties": { "NAME_1": "Durango", "NAME_2": "Durango" }, "geometry": { "type": "Polygon", "coordinates": [ [ [ -104.271812438965, 23.989578247070298 ], [ -104.303436279297003, 23.985639572143601 ], [ -104.334007263184006, 23.9521007537843 ], [ -104.340141296387003, 23.8603000640869 ], [ -104.385772705077997, 23.849971771240298 ], [ -104.400901794434006, 23.830881118774499 ], [ -104.430839538574006, 23.735660552978501 ], [ -104.466018676757997, 23.706150054931701 ], [ -104.468406677245994, 23.6955795288087 ], [ -104.455825805664006, 23.687679290771602 ], [ -104.504356384277003, 23.617380142211999 ], [ -104.499649047852003, 23.5896396636962 ], [ -104.515701293945, 23.5665397644044 ], [ -104.508026123047003, 23.531431198120099 ], [ -104.533447265625, 23.5098094940187 ], [ -104.545677185059006, 23.469490051269499 ], [ -104.580963134765994, 23.4609375 ], [ -104.609001159667997, 23.4687194824219 ], [ -104.663131713867003, 23.504331588745099 ], [ -104.694297790527003, 23.506710052490298 ], [ -104.754776000977003, 23.482320785522599 ], [ -104.777336120605, 23.4434719085693 ], [ -104.851821899414006, 23.485660552978601 ], [ -104.926811218262003, 23.5536308288575 ], [ -105.004096984862997, 23.5931682586669 ], [ -105.072425842285, 23.6548805236818 ], [ -105.088836669922003, 23.658100128173899 ], [ -105.114479064940994, 23.641630172729499 ], [ -105.136909484862997, 23.640630722046001 ], [ -105.246101379395, 23.775922775268601 ], [ -105.27368927002, 23.780710220336999 ], [ -105.319976806640994, 23.766731262207099 ], [ -105.350662231445, 23.8129196166993 ], [ -105.397186279297003, 23.837909698486399 ], [ -105.462471008300994, 23.895120620727599 ], [ -105.484489440917997, 23.930980682373001 ], [ -105.563522338867003, 23.951419830322301 ], [ -105.516937255859006, 23.990491867065401 ], [ -105.464668273925994, 24.0836200714112 ], [ -105.437812805175994, 24.1056728363037 ], [ -105.362419128417997, 24.114040374755898 ], [ -105.347099304199006, 24.135980606079201 ], [ -105.319847106934006, 24.137500762939499 ], [ -105.305000305175994, 24.150739669799801 ], [ -105.30233001709, 24.175451278686602 ], [ -105.322425842285, 24.190748214721602 ], [ -105.337867736815994, 24.222751617431602 ], [ -105.356796264647997, 24.2887496948243 ], [ -105.34366607666, 24.317899703979499 ], [ -105.321739196777003, 24.325929641723601 ], [ -105.328689575195, 24.3470993041993 ], [ -105.299301147460994, 24.3869228363038 ], [ -105.277465820312003, 24.404600143432599 ], [ -105.258758544922003, 24.396539688110401 ], [ -105.236633300780994, 24.4087429046632 ], [ -105.22477722168, 24.389299392700298 ], [ -105.180862426757997, 24.3974304199219 ], [ -105.156227111815994, 24.3204975128175 ], [ -105.144706726074006, 24.309070587158299 ], [ -105.124420166015994, 24.301290512085 ], [ -105.051658630370994, 24.2996006011963 ], [ -104.95458984375, 24.238250732421999 ], [ -104.891548156737997, 24.263521194458001 ], [ -104.853469848632997, 24.297559738159102 ], [ -104.784545898437997, 24.286861419677699 ], [ -104.727577209472997, 24.299240112304702 ], [ -104.694137573242003, 24.274450302124102 ], [ -104.642570495605, 24.3024101257325 ], [ -104.60912322998, 24.290611267089801 ], [ -104.612762451172003, 24.351499557495199 ], [ -104.605590820312003, 24.356159210205099 ], [ -104.551597595215, 24.3360900878907 ], [ -104.52783203125, 24.336719512939499 ], [ -104.493415832519005, 24.313449859619201 ], [ -104.370483398437003, 24.304492950439499 ], [ -104.33625793457, 24.267799377441499 ], [ -104.331039428710994, 24.280530929565501 ], [ -104.298919677734006, 24.278511047363398 ], [ -104.272987365722997, 24.260931015014599 ], [ -104.241012573242003, 24.267210006713999 ], [ -104.245056152344006, 24.174699783325298 ], [ -104.225799560547003, 24.183740615844801 ], [ -104.220657348632997, 24.1997375488282 ], [ -104.202667236327997, 24.1932296752931 ], [ -104.199127197265994, 24.1420001983644 ], [ -104.221046447754006, 24.105110168457099 ], [ -104.222549438477003, 24.074649810791101 ], [ -104.213562011719006, 24.0636005401612 ], [ -104.172737121582003, 24.046400070190401 ], [ -104.168746948242003, 24.023242950439499 ], [ -104.189613342285, 24.002519607543999 ], [ -104.271812438965, 23.989578247070298 ] ] ] } },
{ "type": "Feature", "properties": { "NAME_1": "Durango", "NAME_2": "El Oro" }, "geometry": { "type": "Polygon", "coordinates": [ [ [ -105.192672729492003, 25.1384601593018 ], [ -105.268577575684006, 25.135330200195298 ], [ -105.284492492675994, 25.145280838012599 ], [ -105.291809082030994, 25.195959091186499 ], [ -105.272003173827997, 25.2174606323243 ], [ -105.268966674805, 25.238359451293899 ], [ -105.35082244873, 25.335140228271499 ], [ -105.376892089844006, 25.338529586792099 ], [ -105.410850524902003, 25.362882614135799 ], [ -105.439666748047003, 25.3467903137207 ], [ -105.445007324219006, 25.323551177978601 ], [ -105.471977233887003, 25.312099456787202 ], [ -105.490821838379006, 25.318210601806701 ], [ -105.545082092285, 25.3618698120118 ], [ -105.568519592285, 25.343429565429702 ], [ -105.581588745117003, 25.407630920410298 ], [ -105.617362976074006, 25.504850387573399 ], [ -105.68408203125, 25.5666828155518 ], [ -105.724212646484006, 25.667711257934599 ], [ -105.71647644043, 25.696569442749102 ], [ -105.724426269530994, 25.729761123657301 ], [ -105.710510253905994, 25.731149673461999 ], [ -105.676856994629006, 25.716659545898601 ], [ -105.65811920166, 25.7334098815918 ], [ -105.661338806152003, 25.794200897216701 ], [ -105.673126220702997, 25.837970733642599 ], [ -105.667320251465, 25.850931167602599 ], [ -105.695587158202997, 25.906032562255898 ], [ -105.660758972167997, 25.911710739135899 ], [ -105.651992797852003, 25.935979843139599 ], [ -105.631317138672003, 25.9404907226563 ], [ -105.615753173827997, 25.975000381469702 ], [ -105.60041809082, 25.984931945800799 ], [ -105.595169067382997, 26.0169582366944 ], [ -105.537742614745994, 26.0372009277344 ], [ -105.493186950684006, 26.098550796508899 ], [ -105.437255859375, 26.083091735839801 ], [ -105.449172973632997, 26.050170898437599 ], [ -105.398635864257997, 26.022750854492301 ], [ -105.414009094237997, 26.00691986084 ], [ -105.406707763672003, 25.976520538330199 ], [ -105.429222106934006, 25.911609649658299 ], [ -105.413711547852003, 25.885330200195298 ], [ -105.381561279297003, 25.883768081665199 ], [ -105.372833251952997, 25.876060485839901 ], [ -105.380210876465, 25.838199615478601 ], [ -105.372543334960994, 25.8107204437256 ], [ -105.394653320312003, 25.805870056152401 ], [ -105.398918151855, 25.795940399169901 ], [ -105.363845825195, 25.750560760498001 ], [ -105.344985961914006, 25.750181198120199 ], [ -105.334320068359006, 25.737989425659102 ], [ -105.310371398925994, 25.7324504852294 ], [ -105.29963684082, 25.686590194702202 ], [ -105.252990722655994, 25.679702758789102 ], [ -105.226470947265994, 25.693969726562401 ], [ -105.199729919432997, 25.6851406097413 ], [ -105.166175842285, 25.631570816040099 ], [ -105.154136657715, 25.5465297698975 ], [ -105.163162231445, 25.5229797363282 ], [ -105.160491943359006, 25.507020950317401 ], [ -105.133491516112997, 25.493698120117099 ], [ -105.074836730957003, 25.4352111816406 ], [ -105.05623626709, 25.436611175537099 ], [ -105.011611938477003, 25.461561203003001 ], [ -104.97599029541, 25.460687637329201 ], [ -104.912971496582003, 25.414159774780298 ], [ -104.898506164550994, 25.391349792480501 ], [ -104.869697570800994, 25.384250640869201 ], [ -104.825950622559006, 25.351850509643601 ], [ -104.863327026367003, 25.2775096893312 ], [ -104.867652893065994, 25.119350433349702 ], [ -104.918083190917997, 25.129440307617202 ], [ -104.925827026367003, 25.157800674438501 ], [ -104.949226379395, 25.164930343628001 ], [ -104.962905883789006, 25.162532806396499 ], [ -104.982666015625, 25.142650604248001 ], [ -105.012878417969006, 25.168262481689499 ], [ -105.038116455077997, 25.141950607299801 ], [ -105.068572998047003, 25.139989852905401 ], [ -105.097877502440994, 25.1808795928956 ], [ -105.125968933105, 25.154760360717798 ], [ -105.192672729492003, 25.1384601593018 ] ] ] } },
{ "type": "Feature", "properties": { "NAME_1": "Durango", "NAME_2": "General Simón Bolívar" }, "geometry": { "type": "Polygon", "coordinates": [ [ [ -103.003616333007997, 24.792610168456999 ], [ -103.018577575684006, 24.7624111175537 ], [ -103.085952758789006, 24.690160751342798 ], [ -103.101280212402003, 24.658781051635899 ], [ -103.100791931152003, 24.580600738525401 ], [ -103.092231750487997, 24.548030853271499 ], [ -103.098686218262003, 24.513170242309702 ], [ -103.064346313477003, 24.470151901245199 ], [ -103.052726745605, 24.434040069580199 ], [ -103.102478027344006, 24.4346408843994 ], [ -103.137916564940994, 24.415138244628899 ], [ -103.175338745117003, 24.4067897796632 ], [ -103.262748718262003, 24.431270599365199 ], [ -103.286903381347997, 24.5576610565187 ], [ -103.310737609862997, 24.556770324707099 ], [ -103.328147888182997, 24.543781280517599 ], [ -103.356376647949006, 24.5566310882568 ], [ -103.366142272949006, 24.582010269165199 ], [ -103.384925842285, 24.588340759277301 ], [ -103.388168334960994, 24.642801284790099 ], [ -103.421287536620994, 24.6714897155763 ], [ -103.417655944824006, 24.687772750854599 ], [ -103.430397033690994, 24.7240905761718 ], [ -103.430679321289006, 24.761537551879901 ], [ -103.448143005370994, 24.769231796264801 ], [ -103.45157623291, 24.814329147338899 ], [ -103.465347290039006, 24.818761825561602 ], [ -103.449409484862997, 24.849430084228601 ], [ -103.450942993164006, 24.870340347290099 ], [ -103.471321105957003, 24.890079498291101 ], [ -103.468681335449006, 24.9121398925782 ], [ -103.494766235352003, 24.9397296905518 ], [ -103.515357971190994, 25.012479782104499 ], [ -103.550025939940994, 25.039470672607401 ], [ -103.579483032227003, 25.0915927886963 ], [ -103.603706359862997, 25.184829711914102 ], [ -103.593711853027003, 25.225160598755 ], [ -103.606101989745994, 25.252399444580099 ], [ -103.609275817870994, 25.301742553711001 ], [ -103.566017150879006, 25.314508438110401 ], [ -103.549850463867003, 25.250181198120199 ], [ -103.483268737792997, 25.184278488159102 ], [ -103.464233398437003, 25.124801635742301 ], [ -103.36205291748, 25.050519943237401 ], [ -103.340126037597997, 24.9869918823243 ], [ -103.340408325195, 24.9368400573732 ], [ -103.309700012207003, 24.898500442504901 ], [ -103.28002166748, 24.885931015014801 ], [ -103.262336730957003, 24.860570907592901 ], [ -103.205940246582003, 24.832138061523501 ], [ -103.180038452147997, 24.833280563354599 ], [ -103.144096374512003, 24.806940078735401 ], [ -103.044929504395, 24.803079605102699 ], [ -103.003616333007997, 24.792610168456999 ] ] ] } },
{ "type": "Feature", "properties": { "NAME_1": "Durango", "NAME_2": "Gómez Palacio" }, "geometry": { "type": "Polygon", "coordinates": [ [ [ -103.419982910155994, 25.726419448852699 ], [ -103.434997558594006, 25.705419540405298 ], [ -103.444648742675994, 25.663461685180799 ], [ -103.49503326416, 25.6249694824219 ], [ -103.543533325195, 25.556510925293001 ], [ -103.548973083495994, 25.536560058593899 ], [ -103.60270690918, 25.551610946655401 ], [ -103.654190063477003, 25.5790195465088 ], [ -103.667907714844006, 25.605880737304702 ], [ -103.710266113280994, 25.640649795532202 ], [ -103.756767272949006, 25.709430694580099 ], [ -103.751312255859006, 25.834470748901499 ], [ -103.718727111815994, 25.8113117218019 ], [ -103.707122802734006, 25.814409255981399 ], [ -103.647026062012003, 25.895460128784201 ], [ -103.528587341309006, 25.840318679809499 ], [ -103.520690917969006, 25.852960586547901 ], [ -103.518890380859006, 25.885639190673899 ], [ -103.467666625975994, 25.890291213989201 ], [ -103.461471557617003, 25.859750747680799 ], [ -103.437576293945, 25.859760284423899 ], [ -103.416526794434006, 25.872299194336101 ], [ -103.402236938477003, 25.8289604187012 ], [ -103.396926879882997, 25.776229858398398 ], [ -103.419982910155994, 25.726419448852699 ] ] ] } },
{ "type": "Feature", "properties": { "NAME_1": "Durango", "NAME_2": "Guadalupe Victoria" }, "geometry": { "type": "Polygon", "coordinates": [ [ [ -104.063636779785, 24.0695095062256 ], [ -104.100952148437997, 24.098611831665099 ], [ -104.119003295897997, 24.123020172119102 ], [ -104.149116516112997, 24.140489578246999 ], [ -104.168167114257997, 24.1764907836913 ], [ -104.200607299805, 24.1656208038331 ], [ -104.202667236327997, 24.1932296752931 ], [ -104.216018676757997, 24.201360702514702 ], [ -104.225799560547003, 24.183740615844801 ], [ -104.245056152344006, 24.174699783325298 ], [ -104.241012573242003, 24.267210006713999 ], [ -104.272987365722997, 24.260931015014599 ], [ -104.298919677734006, 24.278511047363398 ], [ -104.30948638916, 24.276870727539102 ], [ -104.312217712402003, 24.316669464111399 ], [ -104.272941589355, 24.335250854492202 ], [ -104.265357971190994, 24.3473091125488 ], [ -104.27498626709, 24.3671798706056 ], [ -104.29566192627, 24.383541107177699 ], [ -104.293426513672003, 24.426290512085099 ], [ -104.280220031737997, 24.442970275878899 ], [ -104.318367004395, 24.523950576782301 ], [ -104.310806274414006, 24.5405807495118 ], [ -104.260467529297003, 24.563739776611399 ], [ -104.26628112793, 24.577289581298899 ], [ -104.303169250487997, 24.605310440063398 ], [ -104.297737121582003, 24.668159484863398 ], [ -104.271865844727003, 24.694829940796001 ], [ -104.242851257324006, 24.673681259155199 ], [ -104.121566772460994, 24.633991241455099 ], [ -104.095230102539006, 24.585369110107401 ], [ -104.100540161132997, 24.496730804443398 ], [ -104.061027526855, 24.499820709228601 ], [ -104.041427612305, 24.469020843505898 ], [ -104.014602661132997, 24.457910537719702 ], [ -104.026733398437997, 24.439121246337901 ], [ -104.111488342285, 24.400102615356399 ], [ -104.058197021484006, 24.340499877929801 ], [ -104.010040283202997, 24.325609207153398 ], [ -104.003776550292997, 24.308420181274499 ], [ -104.012649536132997, 24.269170761108398 ], [ -104.031852722167997, 24.271520614624102 ], [ -104.040260314940994, 24.263401031494102 ], [ -104.036041259765994, 24.217170715331999 ], [ -104.052375793457003, 24.175621032714901 ], [ -104.041496276855, 24.161670684814599 ], [ -104.048126220702997, 24.127769470214901 ], [ -104.041282653809006, 24.093620300293001 ], [ -104.063636779785, 24.0695095062256 ] ] ] } },
{ "type": "Feature", "properties": { "NAME_1": "Durango", "NAME_2": "Guanaceví" }, "geometry": { "type": "Polygon", "coordinates": [ [ [ -106.494537353515994, 26.143909454345799 ], [ -106.464111328125, 26.146030426025401 ], [ -106.459381103515994, 26.1527404785156 ], [ -106.47811126709, 26.2181301116943 ], [ -106.475646972655994, 26.2316398620606 ], [ -106.462097167969006, 26.2364902496338 ], [ -106.422080993652003, 26.2305698394775 ], [ -106.414878845215, 26.248081207275401 ], [ -106.422576904297003, 26.271289825439499 ], [ -106.417747497559006, 26.284980773925799 ], [ -106.37947845459, 26.315120697021499 ], [ -106.317810058594006, 26.335269927978601 ], [ -106.296241760254006, 26.3613204956056 ], [ -106.294631958007997, 26.401649475097699 ], [ -106.339088439940994, 26.419450759887699 ], [ -106.345336914062003, 26.429599761962901 ], [ -106.311309814452997, 26.478660583496001 ], [ -106.310317993164006, 26.548570632934599 ], [ -106.291847229004006, 26.600980758666999 ], [ -106.270957946777003, 26.550149917602599 ], [ -106.242523193359006, 26.535539627075099 ], [ -106.241806030272997, 26.504600524902301 ], [ -106.227516174315994, 26.488420486450298 ], [ -106.228691101074006, 26.4545211791993 ], [ -106.192359924315994, 26.420091629028398 ], [ -106.140258789062003, 26.401159286499102 ], [ -106.113586425780994, 26.420471191406399 ], [ -106.098670959472997, 26.449640274047901 ], [ -106.086807250977003, 26.450790405273601 ], [ -106.075073242187003, 26.440261840820401 ], [ -106.054420471190994, 26.477109909057599 ], [ -106.027328491210994, 26.4836101531982 ], [ -106.019866943359006, 26.426231384277301 ], [ -105.98779296875, 26.389980316162202 ], [ -105.982109069824006, 26.365579605102699 ], [ -106.020950317382997, 26.340501785278398 ], [ -106.041206359862997, 26.216571807861399 ], [ -106.015846252440994, 26.186599731445401 ], [ -106.041107177734006, 26.1537799835206 ], [ -106.022148132324006, 26.148200988769599 ], [ -106.014122009277003, 26.130710601806602 ], [ -105.993339538574006, 26.128818511962901 ], [ -105.960487365722997, 26.103340148925799 ], [ -105.864562988280994, 26.111190795898501 ], [ -105.852210998535, 26.0901107788087 ], [ -105.830513000487997, 26.077680587768501 ], [ -105.834686279297003, 26.0489311218262 ], [ -105.828842163085994, 26.0430812835694 ], [ -105.792198181152003, 26.0554904937744 ], [ -105.734527587890994, 26.0359401702881 ], [ -105.749160766602003, 26.016841888427699 ], [ -105.723396301269005, 25.997819900512798 ], [ -105.755462646484006, 25.9623317718506 ], [ -105.743186950684006, 25.931341171264801 ], [ -105.746910095215, 25.897291183471701 ], [ -105.741287231445, 25.893480300903398 ], [ -105.707656860350994, 25.90970993042 ], [ -105.695587158202997, 25.906032562255898 ], [ -105.666358947754006, 25.8447494506837 ], [ -105.673126220702997, 25.837970733642599 ], [ -105.661338806152003, 25.794200897216701 ], [ -105.659690856932997, 25.728309631347599 ], [ -105.676856994629006, 25.716659545898601 ], [ -105.710510253905994, 25.731149673461999 ], [ -105.727302551269005, 25.725120544433601 ], [ -105.71647644043, 25.696569442749102 ], [ -105.724212646484006, 25.667711257934599 ], [ -105.68408203125, 25.5666828155518 ], [ -105.720970153809006, 25.560951232910199 ], [ -105.74772644043, 25.540372848510899 ], [ -105.774406433105, 25.540210723876999 ], [ -105.839836120605, 25.6018981933594 ], [ -105.889686584472997, 25.6373405456544 ], [ -105.912773132324006, 25.6697807312012 ], [ -105.975135803222997, 25.700120925903299 ], [ -106.039756774902003, 25.703769683838001 ], [ -106.092041015625, 25.756942749023398 ], [ -106.148986816405994, 25.7788105010987 ], [ -106.249015808105, 25.768489837646499 ], [ -106.360809326172003, 25.7263908386231 ], [ -106.427085876465, 25.729589462280199 ], [ -106.444671630859006, 25.737770080566499 ], [ -106.467636108397997, 25.718830108642699 ], [ -106.591186523437997, 25.744480133056602 ], [ -106.50887298584, 25.8566112518312 ], [ -106.515411376952997, 25.9050407409668 ], [ -106.569450378417997, 25.992919921875 ], [ -106.494537353515994, 26.143909454345799 ] ] ] } },
{ "type": "Feature", "properties": { "NAME_1": "Durango", "NAME_2": "Hidalgo" }, "geometry": { "type": "Polygon", "coordinates": [ [ [ -104.677139282227003, 26.4393005371094 ], [ -104.651580810547003, 26.3985595703125 ], [ -104.587501525879006, 26.359851837158299 ], [ -104.590461730957003, 26.286678314208899 ], [ -104.565170288085994, 26.252531051635899 ], [ -104.590950012207003, 26.238510131836101 ], [ -104.583160400390994, 26.169410705566499 ], [ -104.614120483397997, 26.139829635620199 ], [ -104.586357116699006, 26.109359741211101 ], [ -104.637336730957003, 26.0962009429932 ], [ -104.656967163085994, 26.044509887695401 ], [ -104.67896270752, 26.0277004241944 ], [ -104.660522460937003, 25.964490890503001 ], [ -104.59977722168, 25.889209747314499 ], [ -104.60311126709, 25.838590621948299 ], [ -104.62580871582, 25.800390243530298 ], [ -104.665863037109006, 25.792730331420799 ], [ -104.661087036132997, 25.784301757812599 ], [ -104.687278747559006, 25.753400802612401 ], [ -104.668380737305, 25.739591598510799 ], [ -104.670593261719006, 25.728580474853601 ], [ -104.726829528809006, 25.683000564575199 ], [ -104.735687255859006, 25.652692794799901 ], [ -104.756652832030994, 25.647260665893601 ], [ -104.782691955565994, 25.6243801116944 ], [ -104.870597839355, 25.606300354003899 ], [ -104.884651184082003, 25.619270324706999 ], [ -104.911331176757997, 25.6968097686768 ], [ -104.946395874022997, 25.7552604675294 ], [ -104.987869262695, 25.796028137206999 ], [ -105.037162780762003, 25.811500549316399 ], [ -105.023933410644005, 25.834011077881001 ], [ -105.038871765137003, 25.868650436401399 ], [ -105.025939941405994, 25.8868083953857 ], [ -105.031501770019005, 25.8944511413575 ], [ -105.054161071777003, 25.897119522094801 ], [ -105.068305969237997, 25.931581497192401 ], [ -105.063018798827997, 25.9392604827881 ], [ -105.045486450195, 25.938510894775401 ], [ -105.045867919922003, 25.947202682495199 ], [ -105.057876586914006, 25.954250335693398 ], [ -105.049507141112997, 25.976181030273501 ], [ -105.076057434082003, 25.9934406280519 ], [ -105.101989746094006, 25.986471176147599 ], [ -105.124816894530994, 25.9939994812012 ], [ -105.173706054687997, 26.020730972290199 ], [ -105.180076599120994, 26.040542602538999 ], [ -105.20597076416, 26.036848068237401 ], [ -105.243316650390994, 26.123340606689499 ], [ -105.262626647949006, 26.140171051025501 ], [ -105.28328704834, 26.1446418762207 ], [ -105.278266906737997, 26.170431137085 ], [ -105.254051208495994, 26.2123699188232 ], [ -105.26082611084, 26.268438339233398 ], [ -105.278762817382997, 26.295160293579201 ], [ -105.206565856934006, 26.363990783691499 ], [ -105.237106323242003, 26.416719436645501 ], [ -105.29231262207, 26.479480743408299 ], [ -105.276496887207003, 26.49294090271 ], [ -105.212852478027003, 26.518011093139702 ], [ -105.214241027832003, 26.552192687988299 ], [ -105.201393127440994, 26.558710098266701 ], [ -105.13355255127, 26.520809173583999 ], [ -105.061126708984006, 26.5248107910156 ], [ -105.040481567382997, 26.518970489502099 ], [ -104.99919128418, 26.5265102386475 ], [ -104.933166503905994, 26.459831237793001 ], [ -104.844718933105, 26.409521102905401 ], [ -104.804077148437997, 26.416418075561602 ], [ -104.756149291992003, 26.4422702789306 ], [ -104.698776245117003, 26.434200286865298 ], [ -104.677139282227003, 26.4393005371094 ] ] ] } },
{ "type": "Feature", "properties": { "NAME_1": "Durango", "NAME_2": "Indé" }, "geometry": { "type": "Polygon", "coordinates": [ [ [ -104.704795837402003, 25.4357204437256 ], [ -104.71280670166, 25.424110412597699 ], [ -104.74503326416, 25.423131942748999 ], [ -104.759613037109006, 25.409481048584102 ], [ -104.785423278809006, 25.407419204711999 ], [ -104.825950622559006, 25.351850509643601 ], [ -104.869697570800994, 25.384250640869201 ], [ -104.898506164550994, 25.391349792480501 ], [ -104.912971496582003, 25.414159774780298 ], [ -104.97599029541, 25.460687637329201 ], [ -105.011611938477003, 25.461561203003001 ], [ -105.05623626709, 25.436611175537099 ], [ -105.074836730957003, 25.4352111816406 ], [ -105.133491516112997, 25.493698120117099 ], [ -105.160491943359006, 25.507020950317401 ], [ -105.163162231445, 25.5229797363282 ], [ -105.154136657715, 25.5465297698975 ], [ -105.166175842285, 25.631570816040099 ], [ -105.199729919432997, 25.6851406097413 ], [ -105.226470947265994, 25.693969726562401 ], [ -105.252990722655994, 25.679702758789102 ], [ -105.29963684082, 25.686590194702202 ], [ -105.310371398925994, 25.7324504852294 ], [ -105.334320068359006, 25.737989425659102 ], [ -105.344985961914006, 25.750181198120199 ], [ -105.363845825195, 25.750560760498001 ], [ -105.400718688965, 25.8000812530518 ], [ -105.372543334960994, 25.8107204437256 ], [ -105.380210876465, 25.838199615478601 ], [ -105.372833251952997, 25.876060485839901 ], [ -105.381561279297003, 25.883768081665199 ], [ -105.413711547852003, 25.885330200195298 ], [ -105.429222106934006, 25.911609649658299 ], [ -105.406707763672003, 25.976520538330199 ], [ -105.414009094237997, 26.00691986084 ], [ -105.398635864257997, 26.022750854492301 ], [ -105.43270111084, 26.0360107421875 ], [ -105.449806213379006, 26.053260803222798 ], [ -105.413757324219006, 26.1171398162843 ], [ -105.390678405762003, 26.134241104125898 ], [ -105.3349609375, 26.1267204284668 ], [ -105.28328704834, 26.1446418762207 ], [ -105.267692565917997, 26.142299652099599 ], [ -105.234741210937997, 26.109239578247202 ], [ -105.20597076416, 26.036848068237401 ], [ -105.180076599120994, 26.040542602538999 ], [ -105.173706054687997, 26.020730972290199 ], [ -105.124816894530994, 25.9939994812012 ], [ -105.101989746094006, 25.986471176147599 ], [ -105.076057434082003, 25.9934406280519 ], [ -105.049507141112997, 25.976181030273501 ], [ -105.057876586914006, 25.954250335693398 ], [ -105.045867919922003, 25.947202682495199 ], [ -105.045486450195, 25.938510894775401 ], [ -105.063018798827997, 25.9392604827881 ], [ -105.068305969237997, 25.931581497192401 ], [ -105.054161071777003, 25.897119522094801 ], [ -105.031501770019005, 25.8944511413575 ], [ -105.025939941405994, 25.8868083953857 ], [ -105.038871765137003, 25.868650436401399 ], [ -105.023933410644005, 25.834011077881001 ], [ -105.037162780762003, 25.811500549316399 ], [ -104.987869262695, 25.796028137206999 ], [ -104.946395874022997, 25.7552604675294 ], [ -104.911331176757997, 25.6968097686768 ], [ -104.878036499022997, 25.6103801727294 ], [ -104.866729736327997, 25.6061000823975 ], [ -104.782691955565994, 25.6243801116944 ], [ -104.777450561522997, 25.607469558715799 ], [ -104.726066589355, 25.556819915771499 ], [ -104.694442749022997, 25.550010681152301 ], [ -104.701530456542997, 25.513299942016701 ], [ -104.69352722168, 25.4900207519532 ], [ -104.710800170897997, 25.466499328613299 ], [ -104.704795837402003, 25.4357204437256 ] ] ] } },
{ "type": "Feature", "properties": { "NAME_1": "Durango", "NAME_2": "Lerdo" }, "geometry": { "type": "Polygon", "coordinates": [ [ [ -103.596206665039006, 25.235710144043001 ], [ -103.64306640625, 25.220619201660199 ], [ -103.726615905762003, 25.213930130005 ], [ -103.77400970459, 25.198339462280401 ], [ -103.850296020507997, 25.203130722046001 ], [ -103.860542297362997, 25.208311080932599 ], [ -103.860046386719006, 25.239509582519499 ], [ -103.884559631347997, 25.257368087768601 ], [ -103.960609436035, 25.2666912078857 ], [ -103.973251342772997, 25.2587623596193 ], [ -104.00203704834, 25.2588710784912 ], [ -104.004386901855, 25.264850616455099 ], [ -103.97444152832, 25.277399063110501 ], [ -103.990112304687997, 25.288560867309599 ], [ -104.027648925780994, 25.287469863891701 ], [ -104.049087524414006, 25.3023490905762 ], [ -104.053276062012003, 25.318550109863398 ], [ -103.989471435547003, 25.409229278564499 ], [ -104.047866821289006, 25.5017204284669 ], [ -104.058601379395, 25.543689727783299 ], [ -104.043106079102003, 25.6049308776856 ], [ -104.003486633300994, 25.624130249023601 ], [ -103.988189697265994, 25.67094039917 ], [ -103.989791870117003, 25.684640884399499 ], [ -104.0205078125, 25.695949554443501 ], [ -104.032127380370994, 25.711130142211999 ], [ -104.03190612793, 25.747240066528299 ], [ -104.019203186035, 25.7741203308107 ], [ -103.973190307617003, 25.769609451293899 ], [ -103.971702575684006, 25.805040359497099 ], [ -103.948280334472997, 25.805078506469702 ], [ -103.933670043945, 25.819629669189499 ], [ -103.903495788574006, 25.823860168456999 ], [ -103.870666503905994, 25.816688537597699 ], [ -103.79515838623, 25.844720840454102 ], [ -103.755912780762003, 25.836942672729599 ], [ -103.750122070312003, 25.792909622192401 ], [ -103.759712219237997, 25.718999862671001 ], [ -103.710266113280994, 25.640649795532202 ], [ -103.667907714844006, 25.605880737304702 ], [ -103.654190063477003, 25.5790195465088 ], [ -103.60270690918, 25.551610946655401 ], [ -103.548973083495994, 25.536560058593899 ], [ -103.519996643065994, 25.4953804016113 ], [ -103.466751098632997, 25.4858112335206 ], [ -103.456382751465, 25.475601196289102 ], [ -103.43660736084, 25.436122894287202 ], [ -103.531471252440994, 25.422641754150501 ], [ -103.579246520995994, 25.3756618499756 ], [ -103.566017150879006, 25.314508438110401 ], [ -103.610336303710994, 25.298290252685501 ], [ -103.606101989745994, 25.252399444580099 ], [ -103.596206665039006, 25.235710144043001 ] ] ] } },
{ "type": "Feature", "properties": { "NAME_1": "Durango", "NAME_2": "Mapimí" }, "geometry": { "type": "Polygon", "coordinates": [ [ [ -104.179656982422003, 25.569080352783299 ], [ -104.197830200195, 25.575969696045 ], [ -104.211479187012003, 25.594802856445298 ], [ -104.239456176757997, 25.660570144653398 ], [ -104.199752807617003, 25.748571395874102 ], [ -104.203239440917997, 25.758132934570401 ], [ -104.250816345215, 25.742292404174901 ], [ -104.311500549315994, 25.753299713134801 ], [ -104.326400756835994, 25.8000106811525 ], [ -104.372428894042997, 25.807090759277301 ], [ -104.372871398925994, 25.850530624389599 ], [ -104.392501831055, 25.8649806976319 ], [ -104.423408508300994, 25.847980499267699 ], [ -104.471969604492003, 25.838140487670898 ], [ -104.527236938477003, 25.8644104003907 ], [ -104.54305267334, 25.858089447021602 ], [ -104.586006164550994, 25.9133605957031 ], [ -104.59977722168, 25.889209747314499 ], [ -104.660522460937003, 25.964490890503001 ], [ -104.678855895995994, 26.023107528686602 ], [ -104.674537658690994, 26.036149978637798 ], [ -104.654235839844006, 26.0490703582763 ], [ -104.650459289550994, 26.0754203796387 ], [ -104.637336730957003, 26.0962009429932 ], [ -104.586357116699006, 26.109359741211101 ], [ -104.614120483397997, 26.139829635620199 ], [ -104.583160400390994, 26.169410705566499 ], [ -104.590950012207003, 26.238510131836101 ], [ -104.565170288085994, 26.252531051635899 ], [ -104.590461730957003, 26.286678314208899 ], [ -104.587501525879006, 26.359851837158299 ], [ -104.644577026367003, 26.392749786376999 ], [ -104.674942016602003, 26.4297904968262 ], [ -104.677139282227003, 26.4393005371094 ], [ -104.666290283202997, 26.44854927063 ], [ -104.659942626952997, 26.4715099334718 ], [ -104.668510437012003, 26.524919509887699 ], [ -104.598297119140994, 26.627702713012699 ], [ -104.528198242187997, 26.653409957885799 ], [ -104.487815856932997, 26.704229354858501 ], [ -104.388031005859006, 26.718420028686499 ], [ -104.380172729492003, 26.7395305633544 ], [ -104.385047912597997, 26.7541694641113 ], [ -104.446868896484006, 26.758489608764702 ], [ -104.463882446289006, 26.7735500335693 ], [ -104.457901000977003, 26.804519653320401 ], [ -104.423843383789006, 26.8202419281006 ], [ -104.410713195800994, 26.818452835083001 ], [ -104.36897277832, 26.788150787353501 ], [ -104.307266235352003, 26.778141021728601 ], [ -104.284973144530994, 26.743921279907301 ], [ -104.227210998535, 26.733499526977699 ], [ -104.211647033690994, 26.7386283874512 ], [ -104.192649841307997, 26.762540817260799 ], [ -104.159767150879006, 26.7435398101807 ], [ -104.132247924805, 26.7423496246338 ], [ -104.067268371582003, 26.768949508666999 ], [ -104.119926452637003, 26.671981811523501 ], [ -104.099166870117003, 26.6545104980468 ], [ -104.110603332519005, 26.6368312835694 ], [ -104.090286254882997, 26.622341156006001 ], [ -104.100227355957003, 26.6026115417481 ], [ -104.073081970215, 26.5715007781982 ], [ -104.075386047362997, 26.535140991210898 ], [ -104.041778564452997, 26.517810821533299 ], [ -104.114471435547003, 26.4239807128906 ], [ -104.11474609375, 26.4109497070312 ], [ -104.091201782227003, 26.379390716552699 ], [ -104.073776245117003, 26.388219833373999 ], [ -104.059722900390994, 26.3840007781982 ], [ -104.042106628417997, 26.351499557495199 ], [ -104.01978302002, 26.335718154907202 ], [ -103.924179077147997, 26.226140975952099 ], [ -103.810516357422003, 26.139909744262798 ], [ -103.776435852050994, 26.103090286255 ], [ -103.697547912597997, 25.925489425659201 ], [ -103.687049865722997, 25.921270370483501 ], [ -103.671516418457003, 25.9285202026368 ], [ -103.641571044922003, 25.917211532592798 ], [ -103.647026062012003, 25.895460128784201 ], [ -103.711517333984006, 25.8120727539062 ], [ -103.762550354004006, 25.840061187744201 ], [ -103.790771484375, 25.8450012207032 ], [ -103.870666503905994, 25.816688537597699 ], [ -103.910446166992003, 25.824010848998999 ], [ -103.933670043945, 25.819629669189499 ], [ -103.948280334472997, 25.805078506469702 ], [ -103.971702575684006, 25.805040359497099 ], [ -103.973190307617003, 25.769609451293899 ], [ -104.019203186035, 25.7741203308107 ], [ -104.03190612793, 25.747240066528299 ], [ -104.028381347655994, 25.70272064209 ], [ -103.988540649414006, 25.6828308105469 ], [ -104.006111145019005, 25.621129989623999 ], [ -104.043106079102003, 25.6049308776856 ], [ -104.05647277832, 25.568651199340898 ], [ -104.121192932129006, 25.5745525360107 ], [ -104.151931762695, 25.584030151367202 ], [ -104.167427062987997, 25.598041534423899 ], [ -104.177581787109006, 25.5890007019043 ], [ -104.179656982422003, 25.569080352783299 ] ] ] } },
{ "type": "Feature", "properties": { "NAME_1": "Durango", "NAME_2": "Mezquital" }, "geometry": { "type": "Polygon", "coordinates": [ [ [ -104.964920043945, 22.465982437133899 ], [ -105.014038085937003, 22.544460296630799 ], [ -105.051696777344006, 22.635210037231399 ], [ -105.035850524902003, 22.6581115722656 ], [ -104.984100341797003, 22.700139999389801 ], [ -104.915733337402003, 22.732700347900501 ], [ -104.889228820800994, 22.775720596313601 ], [ -104.897109985352003, 22.811571121215898 ], [ -104.942932128905994, 22.8107109069825 ], [ -104.965896606445, 22.827489852905298 ], [ -104.971176147460994, 22.884719848632901 ], [ -104.988456726074006, 22.916389465332099 ], [ -104.968849182129006, 22.943080902099702 ], [ -104.977966308594006, 22.964870452880898 ], [ -104.97664642334, 22.999330520629901 ], [ -104.940307617187003, 23.026350021362301 ], [ -104.891960144042997, 23.0365905761719 ], [ -104.840721130370994, 23.071069717407202 ], [ -104.755332946777003, 23.098119735717798 ], [ -104.768249511719006, 23.138210296631001 ], [ -104.759986877440994, 23.151872634887798 ], [ -104.766326904297003, 23.186910629272401 ], [ -104.793678283690994, 23.211240768432699 ], [ -104.793968200684006, 23.232990264892699 ], [ -104.805419921875, 23.255609512329201 ], [ -104.802230834960994, 23.279720306396602 ], [ -104.791603088379006, 23.290662765502901 ], [ -104.797821044922003, 23.311229705810501 ], [ -104.79337310791, 23.3355407714843 ], [ -104.751342773437997, 23.388650894165 ], [ -104.777336120605, 23.4434719085693 ], [ -104.773086547852003, 23.459760665893601 ], [ -104.734962463379006, 23.494220733642599 ], [ -104.685623168945, 23.5076808929444 ], [ -104.663131713867003, 23.504331588745099 ], [ -104.609001159667997, 23.4687194824219 ], [ -104.580963134765994, 23.4609375 ], [ -104.545677185059006, 23.469490051269499 ], [ -104.533447265625, 23.5098094940187 ], [ -104.508026123047003, 23.531431198120099 ], [ -104.515701293945, 23.5665397644044 ], [ -104.499649047852003, 23.5896396636962 ], [ -104.504356384277003, 23.617380142211999 ], [ -104.455825805664006, 23.687679290771602 ], [ -104.468406677245994, 23.6955795288087 ], [ -104.466018676757997, 23.706150054931701 ], [ -104.430839538574006, 23.735660552978501 ], [ -104.39665222168, 23.8377990722656 ], [ -104.376220703125, 23.8538608551025 ], [ -104.347473144530994, 23.856300354003899 ], [ -104.324989318847997, 23.829900741577099 ], [ -104.323272705077997, 23.808900833129901 ], [ -104.303092956542997, 23.8035106658937 ], [ -104.31697845459, 23.773580551147599 ], [ -104.280212402344006, 23.7371711730957 ], [ -104.255386352539006, 23.6419906616212 ], [ -104.241203308105, 23.6149406433106 ], [ -104.278251647949006, 23.545120239257901 ], [ -104.261688232422003, 23.515869140625099 ], [ -104.231475830077997, 23.514022827148601 ], [ -104.236366271972997, 23.4858798980712 ], [ -104.226577758789006, 23.433879852294901 ], [ -104.240287780762003, 23.405839920043899 ], [ -104.282241821289006, 23.357868194580099 ], [ -104.303939819335994, 23.299100875854499 ], [ -104.349891662597997, 23.2770099639894 ], [ -104.341636657715, 23.130090713501001 ], [ -104.292442321777003, 23.084110260009801 ], [ -104.240547180175994, 23.109289169311499 ], [ -104.214889526367003, 23.136379241943398 ], [ -104.181167602539006, 23.104690551757901 ], [ -104.144058227539006, 23.1083984375 ], [ -104.113441467285, 23.088960647583001 ], [ -104.162651062012003, 23.015581130981399 ], [ -104.16748046875, 22.9964408874512 ], [ -104.130836486815994, 22.843809127807599 ], [ -104.128608703612997, 22.766229629516701 ], [ -104.140106201172003, 22.709089279174901 ], [ -104.141487121582003, 22.635089874267599 ], [ -104.155639648437003, 22.620410919189499 ], [ -104.222351074219006, 22.6013298034668 ], [ -104.276168823242003, 22.572242736816399 ], [ -104.316986083984006, 22.516429901123001 ], [ -104.358726501465, 22.407220840454201 ], [ -104.408599853515994, 22.379169464111399 ], [ -104.480445861815994, 22.354850769043001 ], [ -104.502296447754006, 22.300390243530298 ], [ -104.515830993652003, 22.302391052246101 ], [ -104.562431335449006, 22.337110519409201 ], [ -104.588272094727003, 22.344062805175898 ], [ -104.606582641602003, 22.368150711059702 ], [ -104.626426696777003, 22.420810699463001 ], [ -104.720527648925994, 22.506170272827099 ], [ -104.803833007812003, 22.532550811767599 ], [ -104.843536376952997, 22.5913200378419 ], [ -104.895202636719006, 22.5247306823731 ], [ -104.905876159667997, 22.492071151733398 ], [ -104.940910339355, 22.461240768432699 ], [ -104.964920043945, 22.465982437133899 ] ] ] } },
{ "type": "Feature", "properties": { "NAME_1": "Durango", "NAME_2": "Nazas" }, "geometry": { "type": "Polygon", "coordinates": [ [ [ -104.378341674805, 25.0146217346193 ], [ -104.433959960937997, 25.0165500640869 ], [ -104.458381652832003, 25.0277519226075 ], [ -104.465812683105, 25.039819717407202 ], [ -104.491256713867003, 25.047340393066499 ], [ -104.507377624512003, 25.0673427581788 ], [ -104.482620239257997, 25.114112854003999 ], [ -104.497467041015994, 25.160221099853501 ], [ -104.492370605469006, 25.239040374755898 ], [ -104.425247192382997, 25.234500885009801 ], [ -104.332946777344006, 25.279489517211999 ], [ -104.299446105957003, 25.284671783447301 ], [ -104.287162780762003, 25.302890777587901 ], [ -104.278671264647997, 25.348079681396399 ], [ -104.246643066405994, 25.337680816650401 ], [ -104.22631072998, 25.3395080566407 ], [ -104.163673400879006, 25.374780654907202 ], [ -104.195121765137003, 25.3883895874025 ], [ -104.252967834472997, 25.446798324585 ], [ -104.229522705077997, 25.453680038452202 ], [ -104.208709716797003, 25.471530914306602 ], [ -104.182281494140994, 25.467479705810501 ], [ -104.189826965332003, 25.5001106262207 ], [ -104.172348022460994, 25.596149444580099 ], [ -104.121192932129006, 25.5745525360107 ], [ -104.05647277832, 25.568651199340898 ], [ -104.058601379395, 25.543689727783299 ], [ -104.047866821289006, 25.5017204284669 ], [ -103.989471435547003, 25.409229278564499 ], [ -104.05362701416, 25.309850692748999 ], [ -104.03328704834, 25.2894706726075 ], [ -103.990112304687997, 25.288560867309599 ], [ -103.97444152832, 25.277399063110501 ], [ -104.004386901855, 25.264850616455099 ], [ -104.00203704834, 25.2588710784912 ], [ -103.973251342772997, 25.2587623596193 ], [ -103.960609436035, 25.2666912078857 ], [ -103.877403259277003, 25.253320693969801 ], [ -103.860046386719006, 25.239509582519499 ], [ -103.860542297362997, 25.208311080932599 ], [ -103.843620300292997, 25.2034206390381 ], [ -103.849090576172003, 25.193040847778398 ], [ -103.943489074707003, 25.084459304809599 ], [ -103.972419738769005, 24.9812526702881 ], [ -103.995391845702997, 24.9964408874512 ], [ -104.082878112792997, 24.992628097534201 ], [ -104.117317199707003, 25.021459579467798 ], [ -104.162086486815994, 25.029729843139801 ], [ -104.199851989745994, 25.047929763793999 ], [ -104.210670471190994, 25.0457496643068 ], [ -104.222846984862997, 25.020380020141602 ], [ -104.247337341309006, 25.007511138916101 ], [ -104.269432067870994, 25.0212707519531 ], [ -104.286460876465, 25.007789611816499 ], [ -104.314987182617003, 25.022632598877099 ], [ -104.378341674805, 25.0146217346193 ] ] ] } },
{ "type": "Feature", "properties": { "NAME_1": "Durango", "NAME_2": "Nombre de Dios" }, "geometry": { "type": "Polygon", "coordinates": [ [ [ -104.347473144530994, 23.856300354003899 ], [ -104.338043212890994, 23.863479614257901 ], [ -104.334007263184006, 23.9521007537843 ], [ -104.321670532227003, 23.9710903167725 ], [ -104.29434967041, 23.98948097229 ], [ -104.231452941894005, 23.9840717315675 ], [ -104.188423156737997, 23.930009841918999 ], [ -104.157196044922003, 23.9102897644044 ], [ -104.120666503905994, 23.871770858764702 ], [ -104.047676086425994, 23.851160049438501 ], [ -103.997497558594006, 23.793880462646499 ], [ -103.994445800780994, 23.772600173950199 ], [ -104.015747070312003, 23.743000030517699 ], [ -104.009872436522997, 23.712989807128999 ], [ -104.017295837402003, 23.6392726898194 ], [ -104.11222076416, 23.577489852905401 ], [ -104.241203308105, 23.6149406433106 ], [ -104.255386352539006, 23.6419906616212 ], [ -104.280212402344006, 23.7371711730957 ], [ -104.31697845459, 23.773580551147599 ], [ -104.303092956542997, 23.8035106658937 ], [ -104.323272705077997, 23.808900833129901 ], [ -104.324989318847997, 23.829900741577099 ], [ -104.347473144530994, 23.856300354003899 ] ] ] } },
{ "type": "Feature", "properties": { "NAME_1": "Durango", "NAME_2": "Ocampo" }, "geometry": { "type": "Polygon", "coordinates": [ [ [ -105.28328704834, 26.1446418762207 ], [ -105.3349609375, 26.1267204284668 ], [ -105.395469665527003, 26.1328105926513 ], [ -105.437255859375, 26.083091735839801 ], [ -105.496536254882997, 26.100500106811602 ], [ -105.511070251465, 26.132900238037202 ], [ -105.538757324219006, 26.144330978393601 ], [ -105.543647766112997, 26.166740417480501 ], [ -105.581130981445, 26.180490493774499 ], [ -105.600616455077997, 26.209949493408299 ], [ -105.622917175292997, 26.220069885253899 ], [ -105.658782958984006, 26.281312942504901 ], [ -105.650093078612997, 26.3184108734131 ], [ -105.670257568359006, 26.355390548706001 ], [ -105.724586486815994, 26.378362655639702 ], [ -105.741279602050994, 26.406909942626999 ], [ -105.789306640625, 26.417850494384901 ], [ -105.815940856934006, 26.479650497436602 ], [ -105.84854888916, 26.4888401031494 ], [ -105.889366149902003, 26.528110504150501 ], [ -105.936996459960994, 26.504680633545 ], [ -105.960220336914006, 26.5271301269531 ], [ -105.97541809082, 26.528659820556701 ], [ -106.001251220702997, 26.490779876708999 ], [ -106.052597045897997, 26.478517532348601 ], [ -106.075073242187003, 26.440261840820401 ], [ -106.086807250977003, 26.450790405273601 ], [ -106.098670959472997, 26.449640274047901 ], [ -106.113586425780994, 26.420471191406399 ], [ -106.140258789062003, 26.401159286499102 ], [ -106.197677612305, 26.422950744628999 ], [ -106.231346130370994, 26.460149765014599 ], [ -106.227516174315994, 26.488420486450298 ], [ -106.241806030272997, 26.504600524902301 ], [ -106.242523193359006, 26.535539627075099 ], [ -106.270957946777003, 26.550149917602599 ], [ -106.291847229004006, 26.600980758666999 ], [ -106.274482727050994, 26.6702995300293 ], [ -106.248970031737997, 26.687210083007901 ], [ -106.253387451172003, 26.7512607574462 ], [ -106.187286376952997, 26.768060684204102 ], [ -106.17684173584, 26.784009933471701 ], [ -106.172286987305, 26.8201408386232 ], [ -106.141799926757997, 26.8395404815675 ], [ -106.114807128905994, 26.807369232177798 ], [ -106.056526184082003, 26.802881240844801 ], [ -105.987617492675994, 26.761289596557599 ], [ -105.945960998535, 26.753152847290199 ], [ -105.934677124022997, 26.7193717956544 ], [ -105.907096862792997, 26.683290481567401 ], [ -105.89274597168, 26.669609069824201 ], [ -105.862121582030994, 26.6627006530762 ], [ -105.843521118164006, 26.635370254516701 ], [ -105.80623626709, 26.6249294281006 ], [ -105.773422241210994, 26.632041931152301 ], [ -105.711242675780994, 26.582960128784201 ], [ -105.657928466797003, 26.576990127563501 ], [ -105.635612487792997, 26.541030883788999 ], [ -105.596786499022997, 26.553380966186499 ], [ -105.569732666015994, 26.5511283874512 ], [ -105.541175842285, 26.497180938720799 ], [ -105.525848388672003, 26.4835300445557 ], [ -105.466377258300994, 26.492099761962798 ], [ -105.436096191405994, 26.4769096374512 ], [ -105.414916992187997, 26.4764308929444 ], [ -105.398620605469006, 26.452959060668899 ], [ -105.336563110352003, 26.488439559936602 ], [ -105.313446044922003, 26.4664211273193 ], [ -105.29231262207, 26.479480743408299 ], [ -105.237106323242003, 26.416719436645501 ], [ -105.206565856934006, 26.363990783691499 ], [ -105.278762817382997, 26.295160293579201 ], [ -105.26082611084, 26.268438339233398 ], [ -105.254051208495994, 26.2123699188232 ], [ -105.278266906737997, 26.170431137085 ], [ -105.28328704834, 26.1446418762207 ] ] ] } },
{ "type": "Feature", "properties": { "NAME_1": "Durango", "NAME_2": "Otáez" }, "geometry": { "type": "Polygon", "coordinates": [ [ [ -105.990936279297003, 24.563310623169102 ], [ -106.034370422362997, 24.546491622924801 ], [ -106.130279541015994, 24.5575981140137 ], [ -106.167701721190994, 24.550380706787202 ], [ -106.210418701172003, 24.5288105010987 ], [ -106.276435852050994, 24.5270309448243 ], [ -106.373519897460994, 24.589910507202301 ], [ -106.337615966797003, 24.633270263671999 ], [ -106.375778198242003, 24.71116065979 ], [ -106.362937927245994, 24.717971801757901 ], [ -106.335929870605, 24.713010787963899 ], [ -106.330558776855, 24.756259918212901 ], [ -106.302803039550994, 24.7581996917725 ], [ -106.272987365722997, 24.790729522705199 ], [ -106.255500793457003, 24.7865695953369 ], [ -106.247756958007997, 24.764602661132901 ], [ -106.192970275879006, 24.779741287231499 ], [ -106.156616210937003, 24.759679794311602 ], [ -106.058715820312003, 24.790910720825199 ], [ -106.037780761719006, 24.7771511077881 ], [ -106.016052246094006, 24.7919597625732 ], [ -105.95629119873, 24.8013000488282 ], [ -105.932479858397997, 24.7216892242432 ], [ -105.940032958984006, 24.705799102783299 ], [ -105.963737487792997, 24.687421798706001 ], [ -105.95694732666, 24.658910751342798 ], [ -105.988265991210994, 24.598690032958999 ], [ -105.990936279297003, 24.563310623169102 ] ] ] } },
{ "type": "Feature", "properties": { "NAME_1": "Durango", "NAME_2": "Pánuco de Coronado" }, "geometry": { "type": "Polygon", "coordinates": [ [ [ -104.30948638916, 24.276870727539102 ], [ -104.331039428710994, 24.280530929565501 ], [ -104.33625793457, 24.267799377441499 ], [ -104.370483398437003, 24.304492950439499 ], [ -104.493415832519005, 24.313449859619201 ], [ -104.52783203125, 24.336719512939499 ], [ -104.551597595215, 24.3360900878907 ], [ -104.605590820312003, 24.356159210205099 ], [ -104.612762451172003, 24.351499557495199 ], [ -104.606559753417997, 24.292930603027401 ], [ -104.632522583007997, 24.302169799804801 ], [ -104.628799438477003, 24.332759857177798 ], [ -104.642356872559006, 24.3425407409668 ], [ -104.635871887207003, 24.3598327636719 ], [ -104.620246887207003, 24.370519638061602 ], [ -104.576530456542997, 24.3669528961182 ], [ -104.571212768555, 24.3748092651368 ], [ -104.657318115234006, 24.472450256347798 ], [ -104.613265991210994, 24.510501861572401 ], [ -104.60115814209, 24.569869995117202 ], [ -104.571212768555, 24.567380905151399 ], [ -104.509132385254006, 24.615949630737301 ], [ -104.465888977050994, 24.6315097808838 ], [ -104.468627929687003, 24.652160644531399 ], [ -104.440483093262003, 24.686651229858299 ], [ -104.464729309082003, 24.737409591674801 ], [ -104.417190551757997, 24.719490051269599 ], [ -104.364196777344006, 24.742040634155298 ], [ -104.335906982422003, 24.711280822753999 ], [ -104.347106933594006, 24.6875019073487 ], [ -104.298980712890994, 24.6626300811768 ], [ -104.301826477050994, 24.6002597808838 ], [ -104.261299133300994, 24.568571090698399 ], [ -104.262992858887003, 24.559110641479499 ], [ -104.308486938477003, 24.541980743408299 ], [ -104.318153381347997, 24.527860641479499 ], [ -104.280220031737997, 24.442970275878899 ], [ -104.293426513672003, 24.426290512085099 ], [ -104.29566192627, 24.383541107177699 ], [ -104.27498626709, 24.3671798706056 ], [ -104.265357971190994, 24.3473091125488 ], [ -104.272941589355, 24.335250854492202 ], [ -104.312217712402003, 24.316669464111399 ], [ -104.30948638916, 24.276870727539102 ] ] ] } },
{ "type": "Feature", "properties": { "NAME_1": "Durango", "NAME_2": "Peñón Blanco" }, "geometry": { "type": "Polygon", "coordinates": [ [ [ -104.065628051757997, 24.500680923461999 ], [ -104.100540161132997, 24.496730804443398 ], [ -104.095230102539006, 24.585369110107401 ], [ -104.105102539062003, 24.613979339599599 ], [ -104.130668640137003, 24.641321182251101 ], [ -104.178970336914006, 24.6481609344482 ], [ -104.204879760742003, 24.664319992065501 ], [ -104.242851257324006, 24.673681259155199 ], [ -104.267242431640994, 24.695102691650401 ], [ -104.279342651367003, 24.691078186035298 ], [ -104.298980712890994, 24.6626300811768 ], [ -104.347106933594006, 24.6875019073487 ], [ -104.335906982422003, 24.711280822753999 ], [ -104.364196777344006, 24.742040634155298 ], [ -104.345542907715, 24.776220321655298 ], [ -104.346733093262003, 24.826982498168899 ], [ -104.319999694824006, 24.854570388794102 ], [ -104.338066101074006, 24.881259918212901 ], [ -104.329849243164006, 24.902231216430799 ], [ -104.377983093262003, 24.9577407836913 ], [ -104.361717224120994, 24.9735126495362 ], [ -104.385353088379006, 24.999410629272599 ], [ -104.378341674805, 25.0146217346193 ], [ -104.314987182617003, 25.022632598877099 ], [ -104.286460876465, 25.007789611816499 ], [ -104.269432067870994, 25.0212707519531 ], [ -104.247337341309006, 25.007511138916101 ], [ -104.222846984862997, 25.020380020141602 ], [ -104.210670471190994, 25.0457496643068 ], [ -104.199851989745994, 25.047929763793999 ], [ -104.162086486815994, 25.029729843139801 ], [ -104.117317199707003, 25.021459579467798 ], [ -104.082878112792997, 24.992628097534201 ], [ -103.995391845702997, 24.9964408874512 ], [ -103.943161010742003, 24.966100692748999 ], [ -103.948776245117003, 24.924409866333001 ], [ -103.941276550292997, 24.9062900543212 ], [ -103.948669433594006, 24.877450942993299 ], [ -103.935752868652003, 24.8662509918213 ], [ -103.937149047852003, 24.8337306976318 ], [ -103.911163330077997, 24.8013210296631 ], [ -103.907333374022997, 24.770839691162202 ], [ -103.937141418457003, 24.7263202667237 ], [ -103.939468383789006, 24.699951171875099 ], [ -103.987716674805, 24.626440048217798 ], [ -103.993347167969006, 24.6002597808838 ], [ -104.038963317870994, 24.549440383911101 ], [ -104.065628051757997, 24.500680923461999 ] ] ] } },
{ "type": "Feature", "properties": { "NAME_1": "Durango", "NAME_2": "Poanas" }, "geometry": { "type": "Polygon", "coordinates": [ [ [ -103.858428955077997, 24.0012016296387 ], [ -103.843650817870994, 23.9409103393556 ], [ -103.856590270995994, 23.8920612335206 ], [ -103.842163085937003, 23.8041591644287 ], [ -103.956741333007997, 23.779441833496101 ], [ -103.994812011719006, 23.788490295410298 ], [ -104.047676086425994, 23.851160049438501 ], [ -104.120666503905994, 23.871770858764702 ], [ -104.157196044922003, 23.9102897644044 ], [ -104.188423156737997, 23.930009841918999 ], [ -104.231452941894005, 23.9840717315675 ], [ -104.271812438965, 23.989578247070298 ], [ -104.198181152344006, 23.999822616577099 ], [ -104.17008972168, 24.017288208007798 ], [ -104.172737121582003, 24.046400070190401 ], [ -104.213562011719006, 24.0636005401612 ], [ -104.224807739257997, 24.084970474243299 ], [ -104.199127197265994, 24.1420001983644 ], [ -104.200607299805, 24.1656208038331 ], [ -104.170509338379006, 24.1769523620607 ], [ -104.153602600097997, 24.1451301574707 ], [ -104.114799499512003, 24.119300842285199 ], [ -104.085670471190994, 24.084880828857401 ], [ -104.050498962402003, 24.058799743652301 ], [ -104.011459350585994, 24.047351837158299 ], [ -104.003219604492003, 24.0192394256593 ], [ -103.984916687012003, 24.039400100708001 ], [ -103.965042114257997, 24.0423812866212 ], [ -103.944473266602003, 24.034679412841701 ], [ -103.93505859375, 24.0140094757081 ], [ -103.906036376952997, 24.006330490112301 ], [ -103.88111114502, 24.017829895019499 ], [ -103.858428955077997, 24.0012016296387 ] ] ] } },
{ "type": "Feature", "properties": { "NAME_1": "Durango", "NAME_2": "Pueblo Nuevo" }, "geometry": { "type": "Polygon", "coordinates": [ [ [ -105.397262573242003, 23.0453109741212 ], [ -105.48747253418, 23.128639221191399 ], [ -105.513481140137003, 23.126148223877099 ], [ -105.547836303710994, 23.104021072387798 ], [ -105.621650695800994, 23.111669540405298 ], [ -105.645652770995994, 23.158861160278398 ], [ -105.651329040527003, 23.242589950561602 ], [ -105.665145874022997, 23.266420364379901 ], [ -105.705238342285, 23.297992706298899 ], [ -105.729347229004006, 23.355800628662202 ], [ -105.720275878905994, 23.4032096862793 ], [ -105.760726928710994, 23.498052597045898 ], [ -105.774223327637003, 23.591619491577301 ], [ -105.792236328125, 23.618892669677699 ], [ -105.737152099609006, 23.6478500366212 ], [ -105.670989990234006, 23.742719650268601 ], [ -105.675346374512003, 23.800331115722798 ], [ -105.733917236327997, 23.882860183715799 ], [ -105.74681854248, 23.9197807312012 ], [ -105.738693237305, 23.943269729614201 ], [ -105.686965942382997, 23.927679061889801 ], [ -105.692962646484006, 23.961309432983398 ], [ -105.68724822998, 23.973039627075199 ], [ -105.633140563965, 23.977302551269599 ], [ -105.54500579834, 23.9423427581788 ], [ -105.484489440917997, 23.930980682373001 ], [ -105.462471008300994, 23.895120620727599 ], [ -105.397186279297003, 23.837909698486399 ], [ -105.350662231445, 23.8129196166993 ], [ -105.325622558594006, 23.7699794769287 ], [ -105.310798645019005, 23.767780303955199 ], [ -105.27368927002, 23.780710220336999 ], [ -105.246101379395, 23.775922775268601 ], [ -105.136909484862997, 23.640630722046001 ], [ -105.114479064940994, 23.641630172729499 ], [ -105.088836669922003, 23.658100128173899 ], [ -105.072425842285, 23.6548805236818 ], [ -105.004096984862997, 23.5931682586669 ], [ -104.926811218262003, 23.5536308288575 ], [ -104.851821899414006, 23.485660552978601 ], [ -104.777336120605, 23.4434719085693 ], [ -104.753318786620994, 23.396440505981399 ], [ -104.754676818847997, 23.379198074340898 ], [ -104.79337310791, 23.3355407714843 ], [ -104.797821044922003, 23.311229705810501 ], [ -104.791603088379006, 23.290662765502901 ], [ -104.802230834960994, 23.279720306396602 ], [ -104.805419921875, 23.255609512329201 ], [ -104.793968200684006, 23.232990264892699 ], [ -104.793678283690994, 23.211240768432699 ], [ -104.766326904297003, 23.186910629272401 ], [ -104.759986877440994, 23.151872634887798 ], [ -104.768249511719006, 23.138210296631001 ], [ -104.755332946777003, 23.098119735717798 ], [ -104.840721130370994, 23.071069717407202 ], [ -104.891960144042997, 23.0365905761719 ], [ -104.940307617187003, 23.026350021362301 ], [ -104.970466613769005, 23.004449844360501 ], [ -104.978637695312003, 22.990310668945298 ], [ -104.968849182129006, 22.943080902099702 ], [ -104.988456726074006, 22.916389465332099 ], [ -105.064758300780994, 22.919521331787202 ], [ -105.117279052734006, 22.940040588378999 ], [ -105.159896850585994, 22.9727783203125 ], [ -105.180107116699006, 23.0054016113281 ], [ -105.194671630859006, 23.010690689086999 ], [ -105.208656311035, 23.006780624389702 ], [ -105.24250793457, 22.960861206054702 ], [ -105.313949584960994, 22.9486408233643 ], [ -105.397262573242003, 23.0453109741212 ] ] ] } },
{ "type": "Feature", "properties": { "NAME_1": "Durango", "NAME_2": "Rodeo" }, "geometry": { "type": "Polygon", "coordinates": [ [ [ -104.507377624512003, 25.0673427581788 ], [ -104.54207611084, 25.028009414672901 ], [ -104.571968078612997, 25.024250030517599 ], [ -104.615669250487997, 24.983680725097599 ], [ -104.645072937012003, 25.036090850830099 ], [ -104.708656311035, 25.086540222168001 ], [ -104.733673095702997, 25.082620620727599 ], [ -104.760643005370994, 25.0960903167725 ], [ -104.784942626952997, 25.083480834960898 ], [ -104.867652893065994, 25.119350433349702 ], [ -104.863327026367003, 25.2775096893312 ], [ -104.792945861815994, 25.401630401611399 ], [ -104.777626037597997, 25.412071228027301 ], [ -104.759613037109006, 25.409481048584102 ], [ -104.74503326416, 25.423131942748999 ], [ -104.71280670166, 25.424110412597699 ], [ -104.704795837402003, 25.4357204437256 ], [ -104.615013122559006, 25.401590347290199 ], [ -104.571586608887003, 25.371810913086101 ], [ -104.601226806640994, 25.3358898162843 ], [ -104.554862976074006, 25.317590713501001 ], [ -104.526336669922003, 25.288589477539102 ], [ -104.530647277832003, 25.270679473876999 ], [ -104.492370605469006, 25.239040374755898 ], [ -104.497467041015994, 25.160221099853501 ], [ -104.482620239257997, 25.114112854003999 ], [ -104.507377624512003, 25.0673427581788 ] ] ] } },
{ "type": "Feature", "properties": { "NAME_1": "Durango", "NAME_2": "San Bernardo" }, "geometry": { "type": "Polygon", "coordinates": [ [ [ -106.027328491210994, 26.4836101531982 ], [ -106.001251220702997, 26.490779876708999 ], [ -105.969985961914006, 26.529911041259801 ], [ -105.936996459960994, 26.504680633545 ], [ -105.889366149902003, 26.528110504150501 ], [ -105.84854888916, 26.4888401031494 ], [ -105.818237304687997, 26.481439590454102 ], [ -105.789306640625, 26.417850494384901 ], [ -105.741279602050994, 26.406909942626999 ], [ -105.724586486815994, 26.378362655639702 ], [ -105.670257568359006, 26.355390548706001 ], [ -105.650093078612997, 26.3184108734131 ], [ -105.658782958984006, 26.281312942504901 ], [ -105.620887756347997, 26.2171306610107 ], [ -105.600616455077997, 26.209949493408299 ], [ -105.577796936035, 26.178260803222699 ], [ -105.543647766112997, 26.166740417480501 ], [ -105.534912109375, 26.140029907226602 ], [ -105.511070251465, 26.132900238037202 ], [ -105.493186950684006, 26.098550796508899 ], [ -105.49666595459, 26.091861724853601 ], [ -105.537742614745994, 26.0372009277344 ], [ -105.595169067382997, 26.0169582366944 ], [ -105.60041809082, 25.984931945800799 ], [ -105.615753173827997, 25.975000381469702 ], [ -105.631317138672003, 25.9404907226563 ], [ -105.651992797852003, 25.935979843139599 ], [ -105.663352966309006, 25.9095897674562 ], [ -105.707656860350994, 25.90970993042 ], [ -105.741287231445, 25.893480300903398 ], [ -105.746910095215, 25.897291183471701 ], [ -105.743186950684006, 25.931341171264801 ], [ -105.755462646484006, 25.9623317718506 ], [ -105.723396301269005, 25.997819900512798 ], [ -105.749160766602003, 26.016841888427699 ], [ -105.733848571777003, 26.028610229492202 ], [ -105.738342285155994, 26.0406818389893 ], [ -105.792198181152003, 26.0554904937744 ], [ -105.828842163085994, 26.0430812835694 ], [ -105.834686279297003, 26.0489311218262 ], [ -105.830513000487997, 26.077680587768501 ], [ -105.852210998535, 26.0901107788087 ], [ -105.864562988280994, 26.111190795898501 ], [ -105.960487365722997, 26.103340148925799 ], [ -105.993339538574006, 26.128818511962901 ], [ -106.014122009277003, 26.130710601806602 ], [ -106.022148132324006, 26.148200988769599 ], [ -106.041107177734006, 26.1537799835206 ], [ -106.015846252440994, 26.186599731445401 ], [ -106.041206359862997, 26.216571807861399 ], [ -106.020950317382997, 26.340501785278398 ], [ -105.982109069824006, 26.365579605102699 ], [ -105.98779296875, 26.389980316162202 ], [ -106.019866943359006, 26.426231384277301 ], [ -106.027328491210994, 26.4836101531982 ] ] ] } },
{ "type": "Feature", "properties": { "NAME_1": "Durango", "NAME_2": "San Dimas" }, "geometry": { "type": "Polygon", "coordinates": [ [ [ -105.931503295897997, 23.786201477050898 ], [ -105.95125579834, 23.887580871581999 ], [ -105.979759216309006, 23.927110671997099 ], [ -106.011177062987997, 24.022050857543899 ], [ -106.002380371094006, 24.060911178588899 ], [ -106.037490844727003, 24.079879760742202 ], [ -106.047790527344006, 24.176111221313601 ], [ -106.109573364257997, 24.240329742431602 ], [ -106.121917724609006, 24.294441223144599 ], [ -106.135597229004006, 24.302761077880898 ], [ -106.172348022460994, 24.305929183960099 ], [ -106.199256896972997, 24.351882934570401 ], [ -106.25318145752, 24.385602951049901 ], [ -106.418609619140994, 24.4303894042969 ], [ -106.408668518065994, 24.491001129150401 ], [ -106.343109130859006, 24.570938110351602 ], [ -106.27205657959, 24.526380538940501 ], [ -106.210418701172003, 24.5288105010987 ], [ -106.167701721190994, 24.550380706787202 ], [ -106.130279541015994, 24.5575981140137 ], [ -106.026916503905994, 24.546930313110501 ], [ -105.949020385742003, 24.5927219390869 ], [ -105.914855957030994, 24.593959808349599 ], [ -105.88355255127, 24.636011123657202 ], [ -105.778427124022997, 24.620130538940401 ], [ -105.738578796387003, 24.6366901397706 ], [ -105.703117370605, 24.6321201324463 ], [ -105.681396484375, 24.645730972290199 ], [ -105.650337219237997, 24.6439018249512 ], [ -105.574829101562003, 24.6685104370118 ], [ -105.530097961425994, 24.6874008178712 ], [ -105.510971069335994, 24.708150863647599 ], [ -105.490791320800994, 24.702569961548001 ], [ -105.463386535644005, 24.7276096343994 ], [ -105.452041625977003, 24.7163906097413 ], [ -105.46662902832, 24.7050895690919 ], [ -105.474578857422003, 24.6626091003418 ], [ -105.501258850097997, 24.644580841064499 ], [ -105.516677856445, 24.601621627807599 ], [ -105.577651977539006, 24.555730819702202 ], [ -105.58088684082, 24.546079635620099 ], [ -105.566612243652003, 24.530540466308601 ], [ -105.588218688965, 24.521751403808601 ], [ -105.578239440917997, 24.492420196533299 ], [ -105.598236083984006, 24.487310409546001 ], [ -105.600723266602003, 24.4762992858887 ], [ -105.590446472167997, 24.468757629394499 ], [ -105.559356689452997, 24.467731475830099 ], [ -105.574592590332003, 24.450700759887798 ], [ -105.559959411620994, 24.414300918579201 ], [ -105.555847167969006, 24.410650253296001 ], [ -105.544799804687997, 24.426740646362301 ], [ -105.540412902832003, 24.400400161743299 ], [ -105.501815795897997, 24.3714694976806 ], [ -105.51277923584, 24.332670211791999 ], [ -105.529739379882997, 24.3179206848144 ], [ -105.530082702637003, 24.307380676269499 ], [ -105.463195800780994, 24.310010910034201 ], [ -105.454719543457003, 24.3006610870362 ], [ -105.446487426757997, 24.250062942504901 ], [ -105.40030670166, 24.255609512329201 ], [ -105.37174987793, 24.216590881347699 ], [ -105.33895111084, 24.227251052856602 ], [ -105.322425842285, 24.190748214721602 ], [ -105.30233001709, 24.175451278686602 ], [ -105.301193237305, 24.158231735229499 ], [ -105.319847106934006, 24.137500762939499 ], [ -105.347099304199006, 24.135980606079201 ], [ -105.362419128417997, 24.114040374755898 ], [ -105.437812805175994, 24.1056728363037 ], [ -105.464668273925994, 24.0836200714112 ], [ -105.516937255859006, 23.990491867065401 ], [ -105.563522338867003, 23.951419830322301 ], [ -105.603302001952997, 23.969570159912202 ], [ -105.658142089844006, 23.9776496887206 ], [ -105.690498352050994, 23.968910217285298 ], [ -105.686965942382997, 23.927679061889801 ], [ -105.723197937012003, 23.941940307617202 ], [ -105.744956970215, 23.938440322876101 ], [ -105.74681854248, 23.9197807312012 ], [ -105.733917236327997, 23.882860183715799 ], [ -105.680656433105, 23.8124485015869 ], [ -105.668609619140994, 23.763731002807599 ], [ -105.670989990234006, 23.742719650268601 ], [ -105.687347412109006, 23.7135295867919 ], [ -105.719696044922003, 23.6679496765137 ], [ -105.754127502440994, 23.635658264160199 ], [ -105.792236328125, 23.618892669677699 ], [ -105.835159301757997, 23.651189804077099 ], [ -105.882736206055, 23.735338211059702 ], [ -105.931503295897997, 23.786201477050898 ] ] ] } },
{ "type": "Feature", "properties": { "NAME_1": "Durango", "NAME_2": "San Juan de Guadalupe" }, "geometry": { "type": "Polygon", "coordinates": [ [ [ -102.748046875, 25.026861190796001 ], [ -102.734100341797003, 25.012649536132901 ], [ -102.732955932617003, 24.948011398315401 ], [ -102.70662689209, 24.941930770874102 ], [ -102.688537597655994, 24.895410537719702 ], [ -102.611671447754006, 24.8614006042481 ], [ -102.595199584960994, 24.835840225219801 ], [ -102.611633300780994, 24.786371231079102 ], [ -102.60986328125, 24.712560653686602 ], [ -102.627555847167997, 24.6568698883057 ], [ -102.572357177734006, 24.6332912445068 ], [ -102.569427490234006, 24.598779678344801 ], [ -102.538681030272997, 24.494108200073299 ], [ -102.546630859375, 24.482530593872099 ], [ -102.577293395995994, 24.4752807617188 ], [ -102.579818725585994, 24.464189529418899 ], [ -102.55396270752, 24.441900253296001 ], [ -102.553413391112997, 24.430828094482401 ], [ -102.575798034667997, 24.418291091918999 ], [ -102.805221557617003, 24.400220870971701 ], [ -102.864212036132997, 24.4125881195068 ], [ -102.902610778809006, 24.375949859619102 ], [ -103.009185791015994, 24.407529830932699 ], [ -103.052726745605, 24.434040069580199 ], [ -103.064346313477003, 24.470151901245199 ], [ -103.098686218262003, 24.513170242309702 ], [ -103.092178344727003, 24.5447807312012 ], [ -103.100791931152003, 24.580600738525401 ], [ -103.099800109862997, 24.663660049438601 ], [ -103.050086975097997, 24.7359428405762 ], [ -103.018577575684006, 24.7624111175537 ], [ -103.003616333007997, 24.792610168456999 ], [ -102.932456970215, 24.748960494995199 ], [ -102.900459289550994, 24.760780334472699 ], [ -102.893310546875, 24.7842597961425 ], [ -102.909523010254006, 24.808469772338899 ], [ -102.913642883300994, 24.838479995727599 ], [ -102.882392883300994, 24.937059402465799 ], [ -102.863983154297003, 24.957271575927699 ], [ -102.748046875, 25.026861190796001 ] ] ] } },
{ "type": "Feature", "properties": { "NAME_1": "Durango", "NAME_2": "San Juan del Río" }, "geometry": { "type": "Polygon", "coordinates": [ [ [ -104.364196777344006, 24.742040634155298 ], [ -104.417190551757997, 24.719490051269599 ], [ -104.464729309082003, 24.737409591674801 ], [ -104.440483093262003, 24.686651229858299 ], [ -104.468627929687003, 24.652160644531399 ], [ -104.465888977050994, 24.6315097808838 ], [ -104.509132385254006, 24.615949630737301 ], [ -104.571212768555, 24.567380905151399 ], [ -104.60115814209, 24.569869995117202 ], [ -104.613265991210994, 24.510501861572401 ], [ -104.657318115234006, 24.472450256347798 ], [ -104.711723327637003, 24.575740814209102 ], [ -104.770606994629006, 24.658258438110401 ], [ -104.761489868164006, 24.694139480590898 ], [ -104.781951904297003, 24.712070465087901 ], [ -104.796516418457003, 24.745651245117202 ], [ -104.752151489257997, 24.755250930786101 ], [ -104.723297119140994, 24.776639938354599 ], [ -104.686241149902003, 24.821969985961999 ], [ -104.655319213867003, 24.839719772338899 ], [ -104.65454864502, 24.850730895996001 ], [ -104.689346313477003, 24.852220535278398 ], [ -104.722610473632997, 24.864501953125 ], [ -104.688568115234006, 24.8873195648193 ], [ -104.642066955565994, 24.943508148193501 ], [ -104.627822875977003, 24.973699569702301 ], [ -104.597045898437997, 25.004270553588899 ], [ -104.567329406737997, 25.026821136474702 ], [ -104.54207611084, 25.028009414672901 ], [ -104.507377624512003, 25.0673427581788 ], [ -104.491256713867003, 25.047340393066499 ], [ -104.465812683105, 25.039819717407202 ], [ -104.458381652832003, 25.0277519226075 ], [ -104.433959960937997, 25.0165500640869 ], [ -104.378341674805, 25.0146217346193 ], [ -104.385353088379006, 24.999410629272599 ], [ -104.361717224120994, 24.9735126495362 ], [ -104.377983093262003, 24.9577407836913 ], [ -104.329849243164006, 24.902231216430799 ], [ -104.338066101074006, 24.881259918212901 ], [ -104.319999694824006, 24.854570388794102 ], [ -104.346733093262003, 24.826982498168899 ], [ -104.345542907715, 24.776220321655298 ], [ -104.364196777344006, 24.742040634155298 ] ] ] } },
{ "type": "Feature", "properties": { "NAME_1": "Durango", "NAME_2": "San Luis de Cordero" }, "geometry": { "type": "Polygon", "coordinates": [ [ [ -104.492370605469006, 25.239040374755898 ], [ -104.530647277832003, 25.270679473876999 ], [ -104.526336669922003, 25.288589477539102 ], [ -104.554862976074006, 25.317590713501001 ], [ -104.602500915527003, 25.338619232177798 ], [ -104.568862915039006, 25.3756008148193 ], [ -104.51774597168, 25.409330368042099 ], [ -104.518592834472997, 25.425350189208999 ], [ -104.508422851562003, 25.435749053955099 ], [ -104.489952087402003, 25.4304504394532 ], [ -104.25479888916, 25.447900772094801 ], [ -104.195121765137003, 25.3883895874025 ], [ -104.164649963379006, 25.3779697418212 ], [ -104.180801391602003, 25.361310958862301 ], [ -104.22631072998, 25.3395080566407 ], [ -104.246643066405994, 25.337680816650401 ], [ -104.278671264647997, 25.348079681396399 ], [ -104.287162780762003, 25.302890777587901 ], [ -104.299446105957003, 25.284671783447301 ], [ -104.332946777344006, 25.279489517211999 ], [ -104.425247192382997, 25.234500885009801 ], [ -104.492370605469006, 25.239040374755898 ] ] ] } },
{ "type": "Feature", "properties": { "NAME_1": "Durango", "NAME_2": "San Pedro del Gallo" }, "geometry": { "type": "Polygon", "coordinates": [ [ [ -104.782691955565994, 25.6243801116944 ], [ -104.756652832030994, 25.647260665893601 ], [ -104.735687255859006, 25.652692794799901 ], [ -104.726829528809006, 25.683000564575199 ], [ -104.670593261719006, 25.728580474853601 ], [ -104.668380737305, 25.739591598510799 ], [ -104.685562133789006, 25.746320724487401 ], [ -104.68620300293, 25.75638961792 ], [ -104.661087036132997, 25.784301757812599 ], [ -104.664558410645, 25.794349670410199 ], [ -104.62580871582, 25.800390243530298 ], [ -104.604446411132997, 25.834451675415 ], [ -104.604927062987997, 25.872220993042099 ], [ -104.590888977050994, 25.914011001586999 ], [ -104.54305267334, 25.858089447021602 ], [ -104.527236938477003, 25.8644104003907 ], [ -104.486869812012003, 25.841199874877901 ], [ -104.423408508300994, 25.847980499267699 ], [ -104.394561767577997, 25.865640640258899 ], [ -104.372871398925994, 25.850530624389599 ], [ -104.372428894042997, 25.807090759277301 ], [ -104.326400756835994, 25.8000106811525 ], [ -104.311500549315994, 25.753299713134801 ], [ -104.250816345215, 25.742292404174901 ], [ -104.20938873291, 25.7605705261231 ], [ -104.200180053710994, 25.75518989563 ], [ -104.239456176757997, 25.660570144653398 ], [ -104.211479187012003, 25.594802856445298 ], [ -104.197830200195, 25.575969696045 ], [ -104.179656982422003, 25.569080352783299 ], [ -104.189826965332003, 25.5001106262207 ], [ -104.180686950684006, 25.470701217651399 ], [ -104.208709716797003, 25.471530914306602 ], [ -104.234436035155994, 25.451330184936499 ], [ -104.287292480469006, 25.441818237304599 ], [ -104.420608520507997, 25.439430236816499 ], [ -104.489952087402003, 25.4304504394532 ], [ -104.508422851562003, 25.435749053955099 ], [ -104.518592834472997, 25.425350189208999 ], [ -104.51774597168, 25.409330368042099 ], [ -104.571586608887003, 25.371810913086101 ], [ -104.615013122559006, 25.401590347290199 ], [ -104.704795837402003, 25.4357204437256 ], [ -104.710800170897997, 25.466499328613299 ], [ -104.69352722168, 25.4900207519532 ], [ -104.701530456542997, 25.513299942016701 ], [ -104.692909240722997, 25.5477294921875 ], [ -104.726066589355, 25.556819915771499 ], [ -104.777450561522997, 25.607469558715799 ], [ -104.782691955565994, 25.6243801116944 ] ] ] } },
{ "type": "Feature", "properties": { "NAME_1": "Durango", "NAME_2": "Santa Clara" }, "geometry": { "type": "Polygon", "coordinates": [ [ [ -103.364936828612997, 24.435728073120199 ], [ -103.431159973145, 24.443250656128001 ], [ -103.450477600097997, 24.436759948730501 ], [ -103.497108459472997, 24.3926506042482 ], [ -103.511116027832003, 24.350589752197301 ], [ -103.537162780762003, 24.3265075683594 ], [ -103.554527282715, 24.338319778442401 ], [ -103.602157592772997, 24.350500106811602 ], [ -103.603546142577997, 24.370742797851602 ], [ -103.616706848144005, 24.382160186767699 ], [ -103.612663269042997, 24.402389526367202 ], [ -103.622520446777003, 24.4310207366944 ], [ -103.607620239257997, 24.4386806488038 ], [ -103.573768615722997, 24.430700302123999 ], [ -103.569313049315994, 24.442319869995099 ], [ -103.596626281737997, 24.506589889526499 ], [ -103.600509643555, 24.583589553833001 ], [ -103.618026733397997, 24.660118103027401 ], [ -103.574256896972997, 24.659610748291101 ], [ -103.496948242187003, 24.636480331421001 ], [ -103.435310363769005, 24.672910690307699 ], [ -103.421287536620994, 24.6714897155763 ], [ -103.388168334960994, 24.642801284790099 ], [ -103.384925842285, 24.588340759277301 ], [ -103.366142272949006, 24.582010269165199 ], [ -103.356376647949006, 24.5566310882568 ], [ -103.328147888182997, 24.543781280517599 ], [ -103.310737609862997, 24.556770324707099 ], [ -103.289009094237997, 24.5602207183838 ], [ -103.262748718262003, 24.431270599365199 ], [ -103.364936828612997, 24.435728073120199 ] ] ] } },
{ "type": "Feature", "properties": { "NAME_1": "Durango", "NAME_2": "Santiago Papasquiaro" }, "geometry": { "type": "Polygon", "coordinates": [ [ [ -105.452041625977003, 24.7163906097413 ], [ -105.466239929199006, 24.728019714355501 ], [ -105.490791320800994, 24.702569961548001 ], [ -105.510971069335994, 24.708150863647599 ], [ -105.537078857422003, 24.683610916137798 ], [ -105.650337219237997, 24.6439018249512 ], [ -105.681396484375, 24.645730972290199 ], [ -105.703117370605, 24.6321201324463 ], [ -105.738578796387003, 24.6366901397706 ], [ -105.778427124022997, 24.620130538940401 ], [ -105.88355255127, 24.636011123657202 ], [ -105.914855957030994, 24.593959808349599 ], [ -105.949020385742003, 24.5927219390869 ], [ -105.990936279297003, 24.563310623169102 ], [ -105.988265991210994, 24.598690032958999 ], [ -105.95694732666, 24.658910751342798 ], [ -105.963737487792997, 24.687421798706001 ], [ -105.932952880859006, 24.718669891357401 ], [ -105.953475952147997, 24.800010681152301 ], [ -106.009307861327997, 24.793910980224702 ], [ -106.037780761719006, 24.7771511077881 ], [ -106.058715820312003, 24.790910720825199 ], [ -106.156616210937003, 24.759679794311602 ], [ -106.192970275879006, 24.779741287231499 ], [ -106.247756958007997, 24.764602661132901 ], [ -106.255500793457003, 24.7865695953369 ], [ -106.272987365722997, 24.790729522705199 ], [ -106.302803039550994, 24.7581996917725 ], [ -106.328002929687003, 24.758592605590898 ], [ -106.331581115722997, 24.740390777587798 ], [ -106.45588684082, 24.742790222168001 ], [ -106.469245910644005, 24.7352809906007 ], [ -106.473876953125, 24.716409683227599 ], [ -106.482086181640994, 24.7121906280518 ], [ -106.521087646484006, 24.7323608398438 ], [ -106.58748626709, 24.750379562377901 ], [ -106.62085723877, 24.719049453735401 ], [ -106.643661499022997, 24.730939865112301 ], [ -106.664428710937997, 24.7165126800538 ], [ -106.692321777344006, 24.743480682373001 ], [ -106.66039276123, 24.810279846191499 ], [ -106.657752990722997, 24.844448089599702 ], [ -106.678833007812003, 24.9097194671631 ], [ -106.717796325684006, 24.968809127807599 ], [ -106.6923828125, 24.987649917602599 ], [ -106.666282653809006, 24.987279891967798 ], [ -106.647003173827997, 25.0088119506837 ], [ -106.573440551757997, 24.949037551879901 ], [ -106.458351135254006, 24.9517211914063 ], [ -106.429580688477003, 24.973209381103601 ], [ -106.412078857422003, 25.003721237182599 ], [ -106.342216491699006, 25.040950775146602 ], [ -106.160926818847997, 25.003089904785298 ], [ -105.940368652344006, 25.075660705566399 ], [ -105.792518615722997, 25.1425590515137 ], [ -105.784629821777003, 25.159610748291101 ], [ -105.793182373047003, 25.1926383972168 ], [ -105.747406005859006, 25.194740295410199 ], [ -105.681297302245994, 25.231349945068299 ], [ -105.547676086425994, 25.3613796234131 ], [ -105.490821838379006, 25.318210601806701 ], [ -105.471977233887003, 25.312099456787202 ], [ -105.441879272460994, 25.326580047607401 ], [ -105.434722900390994, 25.351459503173899 ], [ -105.404907226562003, 25.362531661987401 ], [ -105.376892089844006, 25.338529586792099 ], [ -105.35082244873, 25.335140228271499 ], [ -105.268966674805, 25.238359451293899 ], [ -105.272003173827997, 25.2174606323243 ], [ -105.291809082030994, 25.195959091186499 ], [ -105.284492492675994, 25.145280838012599 ], [ -105.268577575684006, 25.135330200195298 ], [ -105.192672729492003, 25.1384601593018 ], [ -105.193099975585994, 25.117170333862301 ], [ -105.204818725585994, 25.104749679565401 ], [ -105.199493408202997, 25.093900680541999 ], [ -105.279327392577997, 25.047389984130898 ], [ -105.281829833984006, 25.0193996429444 ], [ -105.271926879882997, 24.993070602416999 ], [ -105.302772521972997, 24.9706211090088 ], [ -105.322937011719006, 24.910860061645501 ], [ -105.351226806640994, 24.878400802612301 ], [ -105.363243103027003, 24.8288803100587 ], [ -105.382446289062003, 24.7918090820312 ], [ -105.394088745117003, 24.777589797973601 ], [ -105.412437438965, 24.773321151733501 ], [ -105.417633056640994, 24.7129306793213 ], [ -105.429512023925994, 24.7016906738282 ], [ -105.445289611815994, 24.700229644775401 ], [ -105.452041625977003, 24.7163906097413 ] ] ] } },
{ "type": "Feature", "properties": { "NAME_1": "Durango", "NAME_2": "Súchil" }, "geometry": { "type": "Polygon", "coordinates": [ [ [ -103.840606689452997, 23.590589523315501 ], [ -103.935676574707003, 23.519119262695401 ], [ -104.02458190918, 23.424739837646499 ], [ -104.031631469727003, 23.343389511108501 ], [ -104.063102722167997, 23.236722946166999 ], [ -104.083625793457003, 23.130350112915 ], [ -104.107551574707003, 23.116970062255898 ], [ -104.113441467285, 23.088960647583001 ], [ -104.144058227539006, 23.1083984375 ], [ -104.181167602539006, 23.104690551757901 ], [ -104.214889526367003, 23.136379241943398 ], [ -104.240547180175994, 23.109289169311499 ], [ -104.292442321777003, 23.084110260009801 ], [ -104.335678100585994, 23.1191005706788 ], [ -104.349891662597997, 23.2770099639894 ], [ -104.303939819335994, 23.299100875854499 ], [ -104.282241821289006, 23.357868194580099 ], [ -104.240287780762003, 23.405839920043899 ], [ -104.226577758789006, 23.433879852294901 ], [ -104.236366271972997, 23.4858798980712 ], [ -104.231475830077997, 23.514022827148601 ], [ -104.261688232422003, 23.515869140625099 ], [ -104.278251647949006, 23.545120239257901 ], [ -104.241203308105, 23.6149406433106 ], [ -104.104972839355, 23.5788803100587 ], [ -104.017295837402003, 23.6392726898194 ], [ -103.966026306152003, 23.628940582275501 ], [ -103.94571685791, 23.633550643921001 ], [ -103.952331542969006, 23.670570373535199 ], [ -103.911529541015994, 23.678630828857401 ], [ -103.867408752440994, 23.668970108032301 ], [ -103.835372924805, 23.671510696411101 ], [ -103.821006774902003, 23.621849060058601 ], [ -103.840606689452997, 23.590589523315501 ] ] ] } },
{ "type": "Feature", "properties": { "NAME_1": "Durango", "NAME_2": "Tamazula" }, "geometry": { "type": "Polygon", "coordinates": [ [ [ -106.343109130859006, 24.570938110351602 ], [ -106.406356811522997, 24.495159149169901 ], [ -106.419387817382997, 24.4261283874512 ], [ -106.445129394530994, 24.391952514648501 ], [ -106.463676452637003, 24.3881511688232 ], [ -106.494873046875, 24.356870651245099 ], [ -106.536697387695, 24.338342666626001 ], [ -106.560935974120994, 24.312191009521399 ], [ -106.614967346190994, 24.305950164794901 ], [ -106.634368896484006, 24.286979675293001 ], [ -106.665641784667997, 24.305259704589801 ], [ -106.698768615722997, 24.298770904541101 ], [ -106.72257232666, 24.370479583740298 ], [ -106.761817932129006, 24.421899795532301 ], [ -106.770210266112997, 24.4905395507813 ], [ -106.791809082030994, 24.536149978637798 ], [ -106.794647216797003, 24.575059890747099 ], [ -106.802337646484006, 24.581861495971701 ], [ -106.824913024902003, 24.566551208496101 ], [ -106.847473144530994, 24.573921203613398 ], [ -106.851547241210994, 24.6107501983643 ], [ -106.898956298827997, 24.740829467773601 ], [ -106.948829650879006, 24.747962951660199 ], [ -106.984573364257997, 24.843240737915099 ], [ -107.052497863769005, 24.843309402465898 ], [ -107.072875976562003, 24.852739334106399 ], [ -107.085395812987997, 24.838920593261701 ], [ -107.103607177734006, 24.835109710693398 ], [ -107.144752502440994, 24.866758346557599 ], [ -107.132301330565994, 24.923280715942401 ], [ -107.136222839355, 24.9374103546143 ], [ -107.180023193359006, 25.009679794311602 ], [ -107.209976196289006, 25.033189773559599 ], [ -107.229179382324006, 25.099479675293001 ], [ -107.270446777344006, 25.123849868774499 ], [ -107.248046875, 25.204740524291999 ], [ -107.239181518555, 25.325067520141701 ], [ -107.245727539062003, 25.378879547119201 ], [ -107.188911437987997, 25.509691238403398 ], [ -107.195365905762003, 25.520029067993299 ], [ -107.223190307617003, 25.519580841064499 ], [ -107.238403320312003, 25.543279647827099 ], [ -107.219009399414006, 25.579029083252099 ], [ -107.169372558594006, 25.623388290405298 ], [ -107.121566772460994, 25.6515197753907 ], [ -107.127799987792997, 25.678308486938501 ], [ -107.151596069335994, 25.671159744262699 ], [ -107.160682678222997, 25.676950454711999 ], [ -107.155769348145, 25.707750320434499 ], [ -107.14444732666, 25.7217903137207 ], [ -107.076042175292997, 25.748939514160199 ], [ -107.054580688477003, 25.748319625854499 ], [ -107.042037963867003, 25.700292587280298 ], [ -106.99870300293, 25.676719665527401 ], [ -106.978507995605, 25.673902511596602 ], [ -107.006591796875, 25.6401596069337 ], [ -106.987800598145, 25.579729080200298 ], [ -107.024749755859006, 25.532720565796001 ], [ -107.019088745117003, 25.512269973754901 ], [ -107.039016723632997, 25.497341156005898 ], [ -107.027282714844006, 25.481470108032301 ], [ -107.052757263184006, 25.4498710632325 ], [ -107.047859191894005, 25.440851211547901 ], [ -107.032157897949006, 25.440860748291101 ], [ -107.060432434082003, 25.415821075439499 ], [ -107.040367126465, 25.391399383544901 ], [ -107.065193176269005, 25.290769577026399 ], [ -107.055816650390994, 25.229841232299901 ], [ -106.998908996582003, 25.146520614623999 ], [ -106.98657989502, 25.103660583496101 ], [ -106.974555969237997, 25.097368240356602 ], [ -106.948905944824006, 25.112951278686499 ], [ -106.927116394042997, 25.096240997314499 ], [ -106.905548095702997, 25.091880798339801 ], [ -106.817146301269005, 25.099369049072301 ], [ -106.769836425780994, 25.053859710693398 ], [ -106.738716125487997, 25.036340713501101 ], [ -106.723007202147997, 25.005609512329201 ], [ -106.712478637695, 24.9533004760743 ], [ -106.678833007812003, 24.9097194671631 ], [ -106.657752990722997, 24.844448089599702 ], [ -106.66039276123, 24.810279846191499 ], [ -106.692321777344006, 24.743480682373001 ], [ -106.670593261719006, 24.719190597534201 ], [ -106.659568786620994, 24.717481613159201 ], [ -106.643661499022997, 24.730939865112301 ], [ -106.62085723877, 24.719049453735401 ], [ -106.58748626709, 24.750379562377901 ], [ -106.521087646484006, 24.7323608398438 ], [ -106.482086181640994, 24.7121906280518 ], [ -106.473876953125, 24.716409683227599 ], [ -106.469245910644005, 24.7352809906007 ], [ -106.45588684082, 24.742790222168001 ], [ -106.331581115722997, 24.740390777587798 ], [ -106.335929870605, 24.713010787963899 ], [ -106.365501403807997, 24.717710494995199 ], [ -106.376289367675994, 24.707939147949201 ], [ -106.337615966797003, 24.633270263671999 ], [ -106.374313354492003, 24.592201232910199 ], [ -106.343109130859006, 24.570938110351602 ] ] ] } },
{ "type": "Feature", "properties": { "NAME_1": "Durango", "NAME_2": "Tepehuanes" }, "geometry": { "type": "Polygon", "coordinates": [ [ [ -106.438827514647997, 25.062721252441499 ], [ -106.457572937012003, 25.164672851562599 ], [ -106.472846984862997, 25.177730560302798 ], [ -106.473922729492003, 25.2111701965332 ], [ -106.500366210937997, 25.237808227539102 ], [ -106.544479370117003, 25.2570896148682 ], [ -106.555328369140994, 25.277999877929702 ], [ -106.591293334960994, 25.290309906005898 ], [ -106.609573364257997, 25.306310653686602 ], [ -106.628532409667997, 25.3685417175293 ], [ -106.65323638916, 25.410551071166999 ], [ -106.702781677245994, 25.419969558715799 ], [ -106.78116607666, 25.406192779541101 ], [ -106.811019897460994, 25.4173107147218 ], [ -106.816062927245994, 25.425952911376999 ], [ -106.809371948242003, 25.466529846191499 ], [ -106.772453308105, 25.507230758666999 ], [ -106.791778564452997, 25.588119506835898 ], [ -106.767921447754006, 25.594360351562599 ], [ -106.732231140137003, 25.645839691162099 ], [ -106.674140930175994, 25.677310943603501 ], [ -106.591186523437997, 25.744480133056602 ], [ -106.467636108397997, 25.718830108642699 ], [ -106.444671630859006, 25.737770080566499 ], [ -106.427085876465, 25.729589462280199 ], [ -106.360809326172003, 25.7263908386231 ], [ -106.249015808105, 25.768489837646499 ], [ -106.148986816405994, 25.7788105010987 ], [ -106.092041015625, 25.756942749023398 ], [ -106.039756774902003, 25.703769683838001 ], [ -105.975135803222997, 25.700120925903299 ], [ -105.912773132324006, 25.6697807312012 ], [ -105.889686584472997, 25.6373405456544 ], [ -105.839836120605, 25.6018981933594 ], [ -105.774406433105, 25.540210723876999 ], [ -105.74772644043, 25.540372848510899 ], [ -105.720970153809006, 25.560951232910199 ], [ -105.68408203125, 25.5666828155518 ], [ -105.617362976074006, 25.504850387573399 ], [ -105.581588745117003, 25.407630920410298 ], [ -105.568519592285, 25.343429565429702 ], [ -105.609222412109006, 25.294950485229499 ], [ -105.681297302245994, 25.231349945068299 ], [ -105.747406005859006, 25.194740295410199 ], [ -105.793182373047003, 25.1926383972168 ], [ -105.784629821777003, 25.159610748291101 ], [ -105.792518615722997, 25.1425590515137 ], [ -105.940368652344006, 25.075660705566399 ], [ -106.164543151855, 25.002130508422901 ], [ -106.438827514647997, 25.062721252441499 ] ] ] } },
{ "type": "Feature", "properties": { "NAME_1": "Durango", "NAME_2": "Tlahualilo" }, "geometry": { "type": "Polygon", "coordinates": [ [ [ -103.416526794434006, 25.872299194336101 ], [ -103.437576293945, 25.859760284423899 ], [ -103.461471557617003, 25.859750747680799 ], [ -103.467666625975994, 25.890291213989201 ], [ -103.513969421387003, 25.887977600097699 ], [ -103.52229309082, 25.881950378418001 ], [ -103.520690917969006, 25.852960586547901 ], [ -103.53116607666, 25.840520858764702 ], [ -103.647026062012003, 25.895460128784201 ], [ -103.644882202147997, 25.919679641723601 ], [ -103.671516418457003, 25.9285202026368 ], [ -103.694236755370994, 25.9225597381593 ], [ -103.715393066405994, 25.9554328918457 ], [ -103.776435852050994, 26.103090286255 ], [ -103.810516357422003, 26.139909744262798 ], [ -103.924179077147997, 26.226140975952099 ], [ -104.01978302002, 26.335718154907202 ], [ -104.042106628417997, 26.351499557495199 ], [ -104.059722900390994, 26.3840007781982 ], [ -104.096519470215, 26.383449554443398 ], [ -104.116355895995994, 26.420078277587901 ], [ -104.041778564452997, 26.517810821533299 ], [ -104.075386047362997, 26.535140991210898 ], [ -104.073081970215, 26.5715007781982 ], [ -104.100227355957003, 26.6026115417481 ], [ -104.090286254882997, 26.622341156006001 ], [ -104.110603332519005, 26.6368312835694 ], [ -104.099166870117003, 26.6545104980468 ], [ -104.119926452637003, 26.671981811523501 ], [ -104.067268371582003, 26.768949508666999 ], [ -103.987815856934006, 26.780628204345799 ], [ -103.972297668457003, 26.775640487670898 ], [ -103.989692687987997, 26.755460739135799 ], [ -103.984832763672003, 26.7386894226075 ], [ -103.958290100097997, 26.768060684204102 ], [ -103.906883239745994, 26.7346706390381 ], [ -103.86856842041, 26.745719909668001 ], [ -103.83943939209, 26.7229099273682 ], [ -103.720649719237997, 26.695209503173899 ], [ -103.682685852050994, 26.665920257568398 ], [ -103.638877868652003, 26.609119415283299 ], [ -103.547409057617003, 26.532550811767599 ], [ -103.513397216797003, 26.462049484252901 ], [ -103.492233276367003, 26.3896083831788 ], [ -103.490753173827997, 26.360919952392599 ], [ -103.509407043457003, 26.257961273193398 ], [ -103.435546875, 26.091709136963001 ], [ -103.452171325684006, 26.009439468383899 ], [ -103.444763183594006, 25.937650680542099 ], [ -103.416526794434006, 25.872299194336101 ] ] ] } },
{ "type": "Feature", "properties": { "NAME_1": "Durango", "NAME_2": "Topia" }, "geometry": { "type": "Polygon", "coordinates": [ [ [ -106.438827514647997, 25.062721252441499 ], [ -106.467231750487997, 25.0712585449219 ], [ -106.489448547362997, 25.087440490722599 ], [ -106.506217956542997, 25.1144695281982 ], [ -106.523330688477003, 25.120872497558601 ], [ -106.543586730957003, 25.116010665893601 ], [ -106.571151733397997, 25.0789699554444 ], [ -106.589820861815994, 25.0807781219482 ], [ -106.684326171875, 25.189689636230501 ], [ -106.716156005859006, 25.206239700317401 ], [ -106.734336853027003, 25.2039604187012 ], [ -106.75032043457, 25.185920715331999 ], [ -106.769248962402003, 25.185249328613398 ], [ -106.807861328125, 25.187810897827202 ], [ -106.86563873291, 25.216510772705099 ], [ -106.920097351074006, 25.212511062622099 ], [ -106.94507598877, 25.204240798950199 ], [ -106.982566833495994, 25.161319732666101 ], [ -107.003479003905994, 25.154018402099702 ], [ -107.06143951416, 25.2434997558594 ], [ -107.064498901367003, 25.307470321655401 ], [ -107.040367126465, 25.391399383544901 ], [ -107.060432434082003, 25.415821075439499 ], [ -107.032691955565994, 25.438341140747099 ], [ -107.052673339844006, 25.4469108581543 ], [ -107.027282714844006, 25.481470108032301 ], [ -107.038398742675994, 25.499839782714801 ], [ -107.019088745117003, 25.512269973754901 ], [ -107.024749755859006, 25.532720565796001 ], [ -106.987800598145, 25.579729080200298 ], [ -107.006591796875, 25.6401596069337 ], [ -106.978507995605, 25.673902511596602 ], [ -106.940986633300994, 25.6897201538087 ], [ -106.906356811522997, 25.649837493896499 ], [ -106.828765869140994, 25.6373195648193 ], [ -106.807327270507997, 25.597551345825199 ], [ -106.785751342772997, 25.576890945434702 ], [ -106.771896362305, 25.512269973754901 ], [ -106.809371948242003, 25.466529846191499 ], [ -106.814079284667997, 25.419330596923899 ], [ -106.78116607666, 25.406192779541101 ], [ -106.702781677245994, 25.419969558715799 ], [ -106.65323638916, 25.410551071166999 ], [ -106.628532409667997, 25.3685417175293 ], [ -106.609573364257997, 25.306310653686602 ], [ -106.591293334960994, 25.290309906005898 ], [ -106.555328369140994, 25.277999877929702 ], [ -106.544479370117003, 25.2570896148682 ], [ -106.500366210937997, 25.237808227539102 ], [ -106.473922729492003, 25.2111701965332 ], [ -106.472846984862997, 25.177730560302798 ], [ -106.457572937012003, 25.164672851562599 ], [ -106.438827514647997, 25.062721252441499 ] ] ] } },
{ "type": "Feature", "properties": { "NAME_1": "Durango", "NAME_2": "Vicente Guerrero" }, "geometry": { "type": "Polygon", "coordinates": [ [ [ -103.994812011719006, 23.788490295410298 ], [ -103.956741333007997, 23.779441833496101 ], [ -103.842163085937003, 23.8041591644287 ], [ -103.859451293945, 23.765691757202202 ], [ -103.835372924805, 23.671510696411101 ], [ -103.945137023925994, 23.6752109527588 ], [ -103.953079223632997, 23.667320251464901 ], [ -103.94571685791, 23.633550643921001 ], [ -103.956512451172003, 23.628219604492202 ], [ -104.014472961425994, 23.636940002441399 ], [ -104.009872436522997, 23.712989807128999 ], [ -104.015747070312003, 23.743000030517699 ], [ -103.994445800780994, 23.772600173950199 ], [ -103.994812011719006, 23.788490295410298 ] ] ] } }
]
}
