{
"type": "FeatureCollection",
"name": "guerrero",
"crs": { "type": "name", "properties": { "name": "urn:ogc:def:crs:OGC:1.3:CRS84" } },
"features": [
{ "type": "Feature", "properties": { "NAME_1": "Guerrero", "NAME_2": "Acapulco de Juárez" }, "geometry": { "type": "GeometryCollection", "geometries": [ { "type": "Polygon", "coordinates": [ [ [ -99.8037490844725, 16.778749465942401 ], [ -99.820968627929702, 16.790973663330099 ], [ -99.844863891601605, 16.784584045410199 ], [ -99.8468017578125, 16.792917251586999 ], [ -99.859580993652301, 16.797082901001001 ], [ -99.839584350585895, 16.794305801391701 ], [ -99.837081909179702, 16.805973052978601 ], [ -99.876251220703097, 16.813194274902301 ], [ -99.863197326660199, 16.835138320923001 ], [ -99.850975036621094, 16.837917327880898 ], [ -99.858749389648395, 16.8537483215332 ], [ -99.881248474120994, 16.8601379394531 ], [ -99.898475646972699, 16.854305267333999 ], [ -99.908470153808594, 16.841249465942301 ], [ -99.892082214355497, 16.835416793823399 ], [ -99.914581298828097, 16.827360153198299 ], [ -99.924583435058594, 16.859584808349702 ], [ -99.957084655761705, 16.883192062377901 ], [ -99.959587097167997, 16.894859313964801 ], [ -99.989303588867102, 16.908533096313601 ], [ -99.924369812011705, 16.906621932983398 ], [ -99.940567016601506, 16.9291706085206 ], [ -99.917945861816406, 16.9561996459962 ], [ -99.902687072753906, 16.9550495147706 ], [ -99.838256835937401, 17.007841110229599 ], [ -99.811706542968807, 17.069091796875099 ], [ -99.824501037597699, 17.096990585327099 ], [ -99.822891235351506, 17.113359451293999 ], [ -99.814796447753807, 17.1178894042969 ], [ -99.797676086425795, 17.105512619018501 ], [ -99.790885925292997, 17.120189666748001 ], [ -99.812232971191307, 17.1791896820068 ], [ -99.801490783691406, 17.202360153198399 ], [ -99.779769897460895, 17.201330184936499 ], [ -99.740806579589702, 17.214281082153398 ], [ -99.736206054687401, 17.235630035400401 ], [ -99.705307006835895, 17.232311248779201 ], [ -99.687080383300696, 17.247659683227699 ], [ -99.653701782226506, 17.241060256958001 ], [ -99.641807556152301, 17.231470108032301 ], [ -99.618576049804702, 17.237819671631001 ], [ -99.603187561035099, 17.2125225067138 ], [ -99.582672119140597, 17.214380264282202 ], [ -99.569496154785099, 17.191499710083001 ], [ -99.506095886230398, 17.156499862670898 ], [ -99.492866516113295, 17.124080657958999 ], [ -99.492973327636705, 17.090171813964801 ], [ -99.504302978515597, 17.081590652465799 ], [ -99.506362915039006, 17.054090499877901 ], [ -99.551002502441307, 17.042421340942401 ], [ -99.561447143554702, 17.0166206359863 ], [ -99.583511352539006, 16.997310638427798 ], [ -99.557998657226605, 16.985481262207099 ], [ -99.533782958984403, 17.016099929809599 ], [ -99.517745971679702, 17.017190933227599 ], [ -99.5015869140625, 17.0388793945312 ], [ -99.490440368652301, 17.035270690918001 ], [ -99.480445861816307, 17.017030715942401 ], [ -99.498596191406193, 16.9634094238282 ], [ -99.495925903320298, 16.937191009521602 ], [ -99.464157104492202, 16.915788650512798 ], [ -99.457366943359304, 16.901409149169901 ], [ -99.536186218261705, 16.835950851440501 ], [ -99.555763244628807, 16.777660369873001 ], [ -99.550636291503807, 16.7599182128907 ], [ -99.526702880859304, 16.736610412597699 ], [ -99.530220031738196, 16.690441131591701 ], [ -99.512916564941406, 16.687915802002099 ], [ -99.604583740234403, 16.684860229492202 ], [ -99.603195190429702, 16.707359313964801 ], [ -99.612640380859403, 16.684028625488398 ], [ -99.652084350585895, 16.694305419921999 ], [ -99.763191223144503, 16.745971679687599 ], [ -99.8037490844725, 16.778749465942401 ] ] ] }, { "type": "Polygon", "coordinates": [ [ [ -99.909301757812401, 16.8256950378418 ], [ -99.901527404785199, 16.820417404174801 ], [ -99.918746948242102, 16.822082519531399 ], [ -99.918472290039006, 16.824306488037202 ], [ -99.909301757812401, 16.8256950378418 ] ] ] }, { "type": "Polygon", "coordinates": [ [ [ -99.605972290039105, 16.6979160308838 ], [ -99.6048583984375, 16.694305419921999 ], [ -99.607086181640597, 16.688749313354599 ], [ -99.608192443847699, 16.694860458373999 ], [ -99.605972290039105, 16.6979160308838 ] ] ] } ] } },
{ "type": "Feature", "properties": { "NAME_1": "Guerrero", "NAME_2": "Ahuacuotzingo" }, "geometry": { "type": "Polygon", "coordinates": [ [ [ -98.671081542968807, 17.69287109375 ], [ -98.687057495117102, 17.638669967651399 ], [ -98.682769775390597, 17.621049880981399 ], [ -98.701812744140597, 17.585870742798001 ], [ -98.71630859375, 17.579269409179702 ], [ -98.740325927734403, 17.598890304565501 ], [ -98.790840148925696, 17.550041198730501 ], [ -98.803436279296804, 17.554460525512699 ], [ -98.838478088378906, 17.6007194519044 ], [ -98.877441406249901, 17.599178314208999 ], [ -98.931678771972599, 17.632471084594702 ], [ -98.943031311035099, 17.631771087646499 ], [ -98.941642761230497, 17.604932785034201 ], [ -98.968727111816406, 17.594490051269499 ], [ -98.980407714843693, 17.568059921264599 ], [ -99.028686523437401, 17.580682754516701 ], [ -99.052101135253906, 17.6213397979737 ], [ -99.051071166992202, 17.6538181304932 ], [ -99.059486389160099, 17.657670974731399 ], [ -99.073249816894503, 17.6470718383788 ], [ -99.097770690917997, 17.6573200225831 ], [ -99.10205078125, 17.668870925903299 ], [ -99.100868225097599, 17.676731109619102 ], [ -99.064178466796903, 17.696060180664201 ], [ -99.048538208007798, 17.724180221557699 ], [ -99.001609802245994, 17.766231536865199 ], [ -98.990768432617202, 17.812891006469702 ], [ -98.975837707519503, 17.8354396820069 ], [ -98.980087280273395, 17.845212936401399 ], [ -99.00927734375, 17.852390289306602 ], [ -99.046531677245994, 17.841890335083001 ], [ -99.050872802734403, 17.8655605316163 ], [ -98.951553344726605, 17.908279418945401 ], [ -98.944030761718807, 17.9349594116212 ], [ -98.923637390136705, 17.955221176147599 ], [ -98.905456542968693, 17.880180358886701 ], [ -98.891403198242202, 17.884101867675898 ], [ -98.870796203613295, 17.910881042480501 ], [ -98.857749938964801, 17.917251586914102 ], [ -98.846366882324205, 17.912130355834901 ], [ -98.825218200683594, 17.881410598754901 ], [ -98.849159240722699, 17.880172729492202 ], [ -98.849372863769503, 17.87140083313 ], [ -98.826126098632798, 17.866117477417099 ], [ -98.813728332519503, 17.8536090850831 ], [ -98.789566040039105, 17.8584499359131 ], [ -98.774192810058594, 17.840839385986399 ], [ -98.772140502929602, 17.826520919799801 ], [ -98.753669738769503, 17.834150314331101 ], [ -98.763168334960895, 17.811010360717901 ], [ -98.752082824707003, 17.811500549316399 ], [ -98.747833251953097, 17.8017196655275 ], [ -98.751701354980497, 17.740800857543899 ], [ -98.690048217773295, 17.738651275634801 ], [ -98.671081542968807, 17.69287109375 ] ] ] } },
{ "type": "Feature", "properties": { "NAME_1": "Guerrero", "NAME_2": "Ajuchitlán del Progreso" }, "geometry": { "type": "Polygon", "coordinates": [ [ [ -100.835708618164006, 17.715192794799901 ], [ -100.807060241699006, 17.787559509277401 ], [ -100.745903015137003, 17.882740020751999 ], [ -100.723701477050994, 17.946029663086001 ], [ -100.664962768555, 17.977289199829102 ], [ -100.648422241210994, 17.994319915771499 ], [ -100.666572570800994, 18.07493019104 ], [ -100.659072875977003, 18.0913696289063 ], [ -100.628189086914006, 18.1015014648438 ], [ -100.625556945800994, 18.115329742431701 ], [ -100.674911499022997, 18.133430480956999 ], [ -100.685050964355, 18.1502895355225 ], [ -100.666862487792997, 18.165290832519499 ], [ -100.661071777344006, 18.1904411315918 ], [ -100.630699157715, 18.212301254272599 ], [ -100.62361907959, 18.227130889892699 ], [ -100.530349731445, 18.157720565796001 ], [ -100.455032348632997, 18.128120422363299 ], [ -100.436279296875, 18.148401260376001 ], [ -100.411262512207003, 18.152950286865298 ], [ -100.360977172852003, 18.188440322876001 ], [ -100.328956604004006, 18.167459487915 ], [ -100.30216217041, 18.168228149414102 ], [ -100.283821105957003, 18.1161594390869 ], [ -100.339012145995994, 18.102979660034201 ], [ -100.375946044922003, 18.104520797729499 ], [ -100.406257629394005, 18.0883598327637 ], [ -100.411956787109006, 18.065811157226602 ], [ -100.433227539062003, 18.0395412445068 ], [ -100.408660888672003, 18.0203323364257 ], [ -100.416603088379006, 17.942401885986399 ], [ -100.46704864502, 17.955530166625898 ], [ -100.480316162109006, 17.918109893798899 ], [ -100.490188598632997, 17.770870208740298 ], [ -100.447402954102003, 17.711179733276399 ], [ -100.430763244629006, 17.629119873046999 ], [ -100.519546508789006, 17.596208572387699 ], [ -100.555236816405994, 17.604740142822301 ], [ -100.65998840332, 17.6038703918456 ], [ -100.695579528809006, 17.6308708190919 ], [ -100.760643005370994, 17.661729812622099 ], [ -100.775856018065994, 17.688459396362301 ], [ -100.784660339355, 17.6902599334718 ], [ -100.795883178710994, 17.6773395538331 ], [ -100.811332702637003, 17.695491790771499 ], [ -100.81175994873, 17.710819244384901 ], [ -100.835708618164006, 17.715192794799901 ] ] ] } },
{ "type": "Feature", "properties": { "NAME_1": "Guerrero", "NAME_2": "Alcozauca de Guerrero" }, "geometry": { "type": "Polygon", "coordinates": [ [ [ -98.21378326416, 17.4327106475831 ], [ -98.193717956542997, 17.29660987854 ], [ -98.242202758788906, 17.2635097503662 ], [ -98.221328735351605, 17.286100387573399 ], [ -98.266349792480497, 17.327341079711999 ], [ -98.328376770019503, 17.362171173095799 ], [ -98.352912902832003, 17.365301132202099 ], [ -98.372695922851605, 17.385099411010899 ], [ -98.399719238281193, 17.3773097991943 ], [ -98.400878906249901, 17.414028167724702 ], [ -98.370887756347699, 17.4633712768556 ], [ -98.381057739257699, 17.481889724731602 ], [ -98.376235961914105, 17.5023097991943 ], [ -98.371849060058594, 17.506919860839801 ], [ -98.351173400878807, 17.499670028686602 ], [ -98.335517883300795, 17.516269683838001 ], [ -98.368263244628807, 17.5282306671144 ], [ -98.359802246093807, 17.5596103668213 ], [ -98.337417602539105, 17.554660797119102 ], [ -98.318595886230497, 17.574052810668899 ], [ -98.282066345214702, 17.5908908843994 ], [ -98.273696899414105, 17.588630676269599 ], [ -98.233596801757798, 17.519849777221701 ], [ -98.21378326416, 17.4327106475831 ] ] ] } },
{ "type": "Feature", "properties": { "NAME_1": "Guerrero", "NAME_2": "Alpoyeca" }, "geometry": { "type": "Polygon", "coordinates": [ [ [ -98.325080871582003, 17.690900802612301 ], [ -98.373626708984403, 17.6610412597656 ], [ -98.373786926269503, 17.629550933837901 ], [ -98.391921997070298, 17.641300201416001 ], [ -98.429039001464801, 17.6368312835694 ], [ -98.442337036132798, 17.6432495117187 ], [ -98.431358337402301, 17.658990859985401 ], [ -98.450950622558494, 17.6926593780519 ], [ -98.434982299804702, 17.695949554443501 ], [ -98.420539855956903, 17.711561203003001 ], [ -98.395179748535199, 17.705869674682699 ], [ -98.360862731933594, 17.728242874145501 ], [ -98.339492797851605, 17.731439590454102 ], [ -98.325447082519503, 17.725919723510799 ], [ -98.325080871582003, 17.690900802612301 ] ] ] } },
{ "type": "Feature", "properties": { "NAME_1": "Guerrero", "NAME_2": "Apaxtla" }, "geometry": { "type": "Polygon", "coordinates": [ [ [ -99.733062744140597, 18.189220428466701 ], [ -99.734481811523395, 18.155420303344702 ], [ -99.7635498046875, 18.104059219360501 ], [ -99.782699584960895, 18.0284328460694 ], [ -99.797225952148395, 18.016750335693501 ], [ -99.768127441406193, 17.9807529449463 ], [ -99.760665893554702, 17.9532375335694 ], [ -99.738510131835895, 17.9423007965088 ], [ -99.758369445800795, 17.918270111083999 ], [ -99.837997436523395, 17.948181152343899 ], [ -99.872917175292997, 17.942390441894499 ], [ -99.899139404296903, 17.959711074829201 ], [ -99.938522338867202, 17.953620910644499 ], [ -99.943099975585895, 17.9646606445312 ], [ -99.966529846191307, 17.951539993286101 ], [ -99.974822998046804, 17.9605007171631 ], [ -99.998580932617102, 17.956060409545898 ], [ -100.024948120117003, 17.9622402191163 ], [ -100.036231994629006, 17.973150253296001 ], [ -100.048347473144005, 17.9922695159912 ], [ -100.019256591797003, 18.0099411010743 ], [ -100.017631530762003, 18.042240142822301 ], [ -100.031639099120994, 18.054201126098601 ], [ -100.024085998535, 18.084030151367099 ], [ -99.999710083007798, 18.100030899047901 ], [ -100.005706787109006, 18.128410339355501 ], [ -99.998542785644503, 18.1427307128907 ], [ -100.013221740722997, 18.163810729980501 ], [ -100.013298034667997, 18.182020187377901 ], [ -100.041397094727003, 18.177530288696399 ], [ -100.016967773437003, 18.196861267089901 ], [ -99.989486694335895, 18.20876121521 ], [ -99.971786499023295, 18.206779479980501 ], [ -99.943885803222699, 18.229530334472798 ], [ -99.913368225097699, 18.226511001586999 ], [ -99.898376464843807, 18.234340667724702 ], [ -99.880508422851506, 18.223350524902401 ], [ -99.820091247558594, 18.229732513427699 ], [ -99.797370910644503, 18.239881515502901 ], [ -99.762580871582003, 18.2129306793213 ], [ -99.778381347656094, 18.202070236206101 ], [ -99.807266235351506, 18.210359573364201 ], [ -99.828056335449205, 18.202299118041999 ], [ -99.850639343261705, 18.207250595092798 ], [ -99.873626708984304, 18.194982528686602 ], [ -99.913116455078097, 18.205039978027401 ], [ -99.935707092285099, 18.187009811401399 ], [ -99.935852050781193, 18.1744308471681 ], [ -99.907676696777301, 18.164039611816499 ], [ -99.890319824218693, 18.1437797546388 ], [ -99.733062744140597, 18.189220428466701 ] ] ] } },
{ "type": "Feature", "properties": { "NAME_1": "Guerrero", "NAME_2": "Arcelia" }, "geometry": { "type": "Polygon", "coordinates": [ [ [ -100.30216217041, 18.168228149414102 ], [ -100.302436828612997, 18.188352584838899 ], [ -100.282981872559006, 18.240480422973601 ], [ -100.301361083984006, 18.2594299316407 ], [ -100.283256530762003, 18.2689208984375 ], [ -100.28539276123, 18.311822891235298 ], [ -100.272232055664006, 18.318691253662202 ], [ -100.252578735352003, 18.3131217956544 ], [ -100.22339630127, 18.319139480590799 ], [ -100.231506347655994, 18.3341808319093 ], [ -100.196083068847997, 18.3708095550538 ], [ -100.17529296875, 18.361009597778398 ], [ -100.149131774902003, 18.368680953979499 ], [ -100.109992980957003, 18.3553905487062 ], [ -100.101303100585994, 18.381570816040099 ], [ -100.08975982666, 18.3790397644043 ], [ -100.07788848877, 18.361209869384801 ], [ -100.089057922362997, 18.353939056396499 ], [ -100.085372924805, 18.332729339599599 ], [ -100.056449890137003, 18.311990737915199 ], [ -100.049652099609006, 18.280460357666001 ], [ -100.041130065917997, 18.276781082153299 ], [ -100.020080566405994, 18.293939590454102 ], [ -100.002838134765994, 18.281459808349702 ], [ -100.012397766112997, 18.2735881805419 ], [ -100.001480102539006, 18.267339706420898 ], [ -100.007751464844006, 18.258741378784201 ], [ -99.994743347167898, 18.248710632324201 ], [ -100.026351928710994, 18.240690231323299 ], [ -100.008590698242003, 18.220041275024499 ], [ -99.992622375488295, 18.2267799377443 ], [ -100.041397094727003, 18.177530288696399 ], [ -100.013298034667997, 18.182020187377901 ], [ -100.013221740722997, 18.163810729980501 ], [ -99.998542785644503, 18.1427307128907 ], [ -100.005706787109006, 18.128410339355501 ], [ -99.999710083007798, 18.100030899047901 ], [ -100.022529602050994, 18.088630676269499 ], [ -100.031639099120994, 18.054201126098601 ], [ -100.086402893065994, 18.0743103027343 ], [ -100.10424041748, 18.04838180542 ], [ -100.137496948242003, 18.045352935791101 ], [ -100.173149108887003, 18.054080963134801 ], [ -100.222587585449006, 18.032110214233299 ], [ -100.245056152344006, 18.029951095581101 ], [ -100.254219055175994, 18.0412406921387 ], [ -100.240020751952997, 18.061109542846602 ], [ -100.247917175292997, 18.095399856567401 ], [ -100.282478332519005, 18.114349365234499 ], [ -100.30216217041, 18.168228149414102 ] ] ] } },
{ "type": "Feature", "properties": { "NAME_1": "Guerrero", "NAME_2": "Atenango del Río" }, "geometry": { "type": "Polygon", "coordinates": [ [ [ -98.723121643066307, 18.085678100586001 ], [ -98.740837097167997, 18.078010559082099 ], [ -98.750137329101605, 18.0599994659425 ], [ -98.787559509277301, 18.04421043396 ], [ -98.896278381347699, 18.0547981262207 ], [ -98.972312927245994, 18.0430412292481 ], [ -98.986183166503906, 18.047870635986399 ], [ -98.998146057128807, 18.0653400421144 ], [ -99.013488769531193, 18.0676593780519 ], [ -99.039649963378807, 18.0582504272462 ], [ -99.064468383789105, 18.031368255615199 ], [ -99.113647460937401, 18.024650573730501 ], [ -99.132247924804602, 18.030740737915 ], [ -99.130996704101506, 18.070520401001101 ], [ -99.195709228515597, 18.050199508667099 ], [ -99.208923339843693, 18.063829421997202 ], [ -99.133018493652301, 18.117670059204102 ], [ -99.140617370605497, 18.186069488525401 ], [ -99.132125854492202, 18.2128105163575 ], [ -99.083717346191307, 18.232641220092798 ], [ -98.981636047363295, 18.248291015625 ], [ -98.940467834472599, 18.2718105316163 ], [ -98.858161926269503, 18.2252712249757 ], [ -98.817718505859304, 18.145891189575099 ], [ -98.714599609375, 18.157728195190501 ], [ -98.698547363281193, 18.1534099578857 ], [ -98.685607910156193, 18.131660461425799 ], [ -98.723121643066307, 18.085678100586001 ] ] ] } },
{ "type": "Feature", "properties": { "NAME_1": "Guerrero", "NAME_2": "Atlamajalcingo del Monte" }, "geometry": { "type": "Polygon", "coordinates": [ [ [ -98.399696350097699, 17.3762111663818 ], [ -98.406227111816307, 17.330850601196399 ], [ -98.3919677734375, 17.275182723999102 ], [ -98.401657104492102, 17.2621784210206 ], [ -98.429206848144503, 17.282068252563501 ], [ -98.442070007324205, 17.279340744018601 ], [ -98.466423034667997, 17.299970626831101 ], [ -98.491882324218807, 17.300359725952202 ], [ -98.499549865722699, 17.3413410186769 ], [ -98.524497985839801, 17.345779418945401 ], [ -98.518180847167898, 17.3668193817138 ], [ -98.524070739746094, 17.4132995605469 ], [ -98.510375976562401, 17.429121017456101 ], [ -98.473526000976605, 17.390911102295 ], [ -98.458007812499901, 17.3851509094238 ], [ -98.452880859375, 17.392692565918001 ], [ -98.461677551269503, 17.428779602050799 ], [ -98.448661804199205, 17.4315204620362 ], [ -98.419372558593693, 17.378730773925799 ], [ -98.399696350097699, 17.3762111663818 ] ] ] } },
{ "type": "Feature", "properties": { "NAME_1": "Guerrero", "NAME_2": "Atlixtac" }, "geometry": { "type": "Polygon", "coordinates": [ [ [ -98.726882934570298, 17.531089782714801 ], [ -98.802291870117102, 17.5276203155518 ], [ -98.798606872558594, 17.511581420898501 ], [ -98.781898498535199, 17.494941711425799 ], [ -98.778236389160099, 17.457351684570298 ], [ -98.767471313476506, 17.4379997253419 ], [ -98.789001464843807, 17.408550262451101 ], [ -98.816352844238295, 17.394292831420799 ], [ -98.887702941894503, 17.299800872802798 ], [ -98.941513061523395, 17.291370391845799 ], [ -98.9930419921875, 17.358432769775401 ], [ -98.970367431640597, 17.3808498382569 ], [ -98.932685852050795, 17.379819869995099 ], [ -98.904090881347699, 17.395200729370199 ], [ -98.889350891113196, 17.413911819458001 ], [ -98.892906188964801, 17.436750411987401 ], [ -98.924812316894503, 17.514001846313501 ], [ -98.941177368164105, 17.513879776001001 ], [ -98.970146179199205, 17.4904594421387 ], [ -98.998161315917898, 17.493679046630898 ], [ -98.984046936035099, 17.519910812378001 ], [ -98.975830078124901, 17.585609436035298 ], [ -98.941642761230497, 17.604932785034201 ], [ -98.943031311035099, 17.631771087646499 ], [ -98.931678771972599, 17.632471084594702 ], [ -98.877441406249901, 17.599178314208999 ], [ -98.838478088378906, 17.6007194519044 ], [ -98.797752380371094, 17.550561904907301 ], [ -98.774139404296804, 17.560489654541101 ], [ -98.745246887207003, 17.596759796142699 ], [ -98.730209350585895, 17.5966606140137 ], [ -98.71630859375, 17.579269409179702 ], [ -98.726882934570298, 17.531089782714801 ] ] ] } },
{ "type": "Feature", "properties": { "NAME_1": "Guerrero", "NAME_2": "Atoyac de Alvarez" }, "geometry": { "type": "Polygon", "coordinates": [ [ [ -100.083030700684006, 17.438550949096602 ], [ -100.090919494629006, 17.435340881347599 ], [ -100.132987976074006, 17.3536701202393 ], [ -100.137512207030994, 17.329700469970799 ], [ -100.159599304199006, 17.314170837402401 ], [ -100.161239624022997, 17.3017692565918 ], [ -100.144569396972997, 17.280292510986399 ], [ -100.152076721190994, 17.2647209167482 ], [ -100.194488525390994, 17.239059448242301 ], [ -100.16748046875, 17.220590591430799 ], [ -100.181655883789006, 17.209831237793001 ], [ -100.198577880859006, 17.1771984100343 ], [ -100.252243041992003, 17.1574516296387 ], [ -100.239219665527003, 17.135749816894499 ], [ -100.245376586914006, 17.1167297363282 ], [ -100.240776062012003, 17.0808410644531 ], [ -100.250946044922003, 17.0690612792969 ], [ -100.298156738280994, 17.1096000671387 ], [ -100.33349609375, 17.125810623169102 ], [ -100.378936767577997, 17.161769866943398 ], [ -100.411087036132997, 17.159940719604499 ], [ -100.449127197265994, 17.1746006011963 ], [ -100.500732421875, 17.17440032959 ], [ -100.510612487792997, 17.1963710784912 ], [ -100.481887817382997, 17.2175407409669 ], [ -100.495635986327997, 17.236619949340898 ], [ -100.462257385254006, 17.262052536010799 ], [ -100.453018188477003, 17.293460845947301 ], [ -100.426132202147997, 17.311590194702202 ], [ -100.412567138672003, 17.3567829132081 ], [ -100.402290344237997, 17.365720748901399 ], [ -100.409103393555, 17.382440567016602 ], [ -100.434661865234006, 17.402530670166101 ], [ -100.442169189452997, 17.441379547119102 ], [ -100.438278198242003, 17.477479934692401 ], [ -100.428176879882997, 17.4800205230712 ], [ -100.396896362305, 17.453569412231399 ], [ -100.354927062987997, 17.452028274536101 ], [ -100.359222412109006, 17.465270996093899 ], [ -100.402137756347997, 17.4946899414062 ], [ -100.412948608397997, 17.5200500488281 ], [ -100.314239501952997, 17.493249893188501 ], [ -100.284736633300994, 17.474319458007798 ], [ -100.25813293457, 17.485731124878001 ], [ -100.233909606934006, 17.4818210601807 ], [ -100.220680236815994, 17.454942703247099 ], [ -100.206169128417997, 17.4679775238037 ], [ -100.17179107666, 17.458440780639599 ], [ -100.112770080565994, 17.464107513427699 ], [ -100.083030700684006, 17.438550949096602 ] ] ] } },
{ "type": "Feature", "properties": { "NAME_1": "Guerrero", "NAME_2": "Ayutla de los Libres" }, "geometry": { "type": "Polygon", "coordinates": [ [ [ -98.822547912597699, 16.871860504150401 ], [ -98.840309143066406, 16.8602695465088 ], [ -98.868713378906193, 16.871891021728501 ], [ -98.911262512207003, 16.870590209960898 ], [ -98.947570800781193, 16.864070892333999 ], [ -98.972686767578097, 16.8477382659913 ], [ -99.0628662109375, 16.840629577636701 ], [ -99.120773315429702, 16.814279556274499 ], [ -99.132186889648395, 16.821439743041999 ], [ -99.138496398925795, 16.872970581054702 ], [ -99.114479064941406, 16.8666896820069 ], [ -99.101470947265597, 16.881160736083899 ], [ -99.108436584472699, 16.9291095733643 ], [ -99.126296997070298, 16.939041137695401 ], [ -99.132888793945298, 16.968200683593899 ], [ -99.099761962890597, 16.9729328155518 ], [ -99.110992431640597, 16.992940902710099 ], [ -99.097671508789105, 17.083801269531399 ], [ -99.062332153320298, 17.1144294738769 ], [ -99.063583374023395, 17.120418548583999 ], [ -99.138832092285099, 17.116470336914102 ], [ -99.149681091308594, 17.092050552368299 ], [ -99.160568237304602, 17.0907497406006 ], [ -99.165328979492102, 17.114458084106399 ], [ -99.183158874511705, 17.117050170898398 ], [ -99.180976867675696, 17.157341003418001 ], [ -99.194869995117202, 17.177579879760899 ], [ -99.134429931640597, 17.202701568603601 ], [ -99.119087219238196, 17.1909408569337 ], [ -99.098526000976605, 17.191089630127099 ], [ -99.073760986328097, 17.166791915893601 ], [ -98.984596252441406, 17.140052795410298 ], [ -98.955116271972699, 17.1392307281494 ], [ -98.921195983886705, 17.107498168945298 ], [ -98.900398254394503, 17.104290008545 ], [ -98.883552551269503, 17.0871906280518 ], [ -98.861022949218693, 17.1007404327393 ], [ -98.840705871582003, 17.074779510498001 ], [ -98.823646545410099, 17.084207534790199 ], [ -98.814712524414105, 17.060279846191499 ], [ -98.782768249511705, 17.045000076293899 ], [ -98.785217285156193, 17.0364894866943 ], [ -98.815147399902301, 17.026630401611399 ], [ -98.817611694335895, 17.0194606781007 ], [ -98.762649536132798, 17.0070095062256 ], [ -98.769302368164105, 16.9910907745362 ], [ -98.756416320800696, 16.985288619995199 ], [ -98.761543273925696, 16.960269927978601 ], [ -98.747909545898395, 16.942430496215898 ], [ -98.750343322753906, 16.9252204895019 ], [ -98.766456604003906, 16.918310165405298 ], [ -98.783966064453097, 16.893770217895501 ], [ -98.822547912597699, 16.871860504150401 ] ] ] } },
{ "type": "Feature", "properties": { "NAME_1": "Guerrero", "NAME_2": "Azoyú" }, "geometry": { "type": "Polygon", "coordinates": [ [ [ -98.790306091308594, 16.554861068725501 ], [ -98.786880493164105, 16.602510452270501 ], [ -98.769836425781193, 16.6374702453613 ], [ -98.770622253417898, 16.660989761352699 ], [ -98.784973144531193, 16.677120208740199 ], [ -98.847930908203097, 16.686740875244201 ], [ -98.854827880859304, 16.695491790771499 ], [ -98.816551208496094, 16.6999912261963 ], [ -98.800491333007798, 16.723960876464801 ], [ -98.767807006835895, 16.740140914916999 ], [ -98.742073059082003, 16.765811920166001 ], [ -98.701957702636705, 16.772190093994201 ], [ -98.579429626464801, 16.816297531128001 ], [ -98.563026428222699, 16.808498382568299 ], [ -98.530357360839801, 16.812089920043899 ], [ -98.507125854492102, 16.829139709472798 ], [ -98.499778747558494, 16.856391906738299 ], [ -98.476463317871094, 16.849739074707099 ], [ -98.481697082519503, 16.832960128784102 ], [ -98.458038330078097, 16.841392517089801 ], [ -98.486763000488295, 16.783439636230501 ], [ -98.514671325683594, 16.7578010559082 ], [ -98.478607177734304, 16.7399406433106 ], [ -98.472946166992202, 16.7163906097413 ], [ -98.446762084960895, 16.690589904785199 ], [ -98.434417724609403, 16.665969848632798 ], [ -98.429252624511705, 16.616590499878001 ], [ -98.510650634765597, 16.595172882080099 ], [ -98.540962219238196, 16.577150344848601 ], [ -98.579826354980497, 16.5747680664062 ], [ -98.621269226074205, 16.555540084838899 ], [ -98.658737182617102, 16.548570632934599 ], [ -98.725273132324205, 16.50984954834 ], [ -98.724884033203097, 16.497083663940401 ], [ -98.771247863769503, 16.553472518921001 ], [ -98.790306091308594, 16.554861068725501 ] ] ] } },
{ "type": "Feature", "properties": { "NAME_1": "Guerrero", "NAME_2": "Benito Juárez" }, "geometry": { "type": "Polygon", "coordinates": [ [ [ -100.254119873047003, 17.067489624023398 ], [ -100.275672912597997, 17.008186340332099 ], [ -100.537963867187003, 17.097639083862401 ], [ -100.518081665039006, 17.166990280151399 ], [ -100.500732421875, 17.17440032959 ], [ -100.449127197265994, 17.1746006011963 ], [ -100.411087036132997, 17.159940719604499 ], [ -100.374717712402003, 17.159601211547798 ], [ -100.33349609375, 17.125810623169102 ], [ -100.298156738280994, 17.1096000671387 ], [ -100.254119873047003, 17.067489624023398 ] ] ] } },
{ "type": "Feature", "properties": { "NAME_1": "Guerrero", "NAME_2": "Buenavista de Cuéllar" }, "geometry": { "type": "Polygon", "coordinates": [ [ [ -99.445167541503807, 18.383110046386701 ], [ -99.444869995117102, 18.408309936523398 ], [ -99.423431396484403, 18.4290981292725 ], [ -99.426086425781193, 18.451538085937599 ], [ -99.405067443847699, 18.460411071777301 ], [ -99.408897399902301, 18.47585105896 ], [ -99.397605895996094, 18.4919128417969 ], [ -99.415306091308494, 18.501592636108501 ], [ -99.405357360839801, 18.530239105224702 ], [ -99.370185852050696, 18.5406303405762 ], [ -99.357650756835895, 18.557630538940401 ], [ -99.292427062988295, 18.466930389404201 ], [ -99.155906677245994, 18.447441101074201 ], [ -99.153633117675795, 18.4393424987793 ], [ -99.189018249511705, 18.3944797515869 ], [ -99.268402099609403, 18.365470886230501 ], [ -99.375312805175795, 18.3666305541993 ], [ -99.4034423828125, 18.379209518432699 ], [ -99.426948547363196, 18.370750427246101 ], [ -99.445167541503807, 18.383110046386701 ] ] ] } },
{ "type": "Feature", "properties": { "NAME_1": "Guerrero", "NAME_2": "Chilapa de Alvarez" }, "geometry": { "type": "Polygon", "coordinates": [ [ [ -99.209861755370994, 17.522172927856399 ], [ -99.236022949218693, 17.542249679565501 ], [ -99.2242431640625, 17.5578708648682 ], [ -99.259597778320298, 17.608158111572301 ], [ -99.229560852050795, 17.661689758300799 ], [ -99.201812744140597, 17.658191680908299 ], [ -99.199195861816307, 17.641920089721701 ], [ -99.158218383789105, 17.641588211059499 ], [ -99.150840759277301, 17.6475524902344 ], [ -99.154197692870994, 17.6698608398438 ], [ -99.134010314941406, 17.681440353393601 ], [ -99.100868225097599, 17.676731109619102 ], [ -99.097770690917997, 17.6573200225831 ], [ -99.073249816894503, 17.6470718383788 ], [ -99.053802490234403, 17.6568908691407 ], [ -99.047248840332003, 17.636222839355501 ], [ -99.052101135253906, 17.6213397979737 ], [ -99.028686523437401, 17.580682754516701 ], [ -98.980407714843693, 17.568059921264599 ], [ -98.984046936035099, 17.519910812378001 ], [ -99.004913330078097, 17.4870624542237 ], [ -99.016067504882798, 17.487939834594801 ], [ -99.025848388671903, 17.506740570068501 ], [ -99.052391052246094, 17.507980346679801 ], [ -99.085769653320298, 17.522712707519499 ], [ -99.152908325195298, 17.505121231079201 ], [ -99.190338134765597, 17.509790420532202 ], [ -99.209861755370994, 17.522172927856399 ] ] ] } },
{ "type": "Feature", "properties": { "NAME_1": "Guerrero", "NAME_2": "Chilpancingo de los Bravo" }, "geometry": { "type": "Polygon", "coordinates": [ [ [ -99.801490783691406, 17.202360153198399 ], [ -99.812438964843807, 17.218820571899499 ], [ -99.846092224120994, 17.234081268310501 ], [ -99.862701416015597, 17.310539245605501 ], [ -99.875549316406193, 17.307470321655401 ], [ -99.888465881347699, 17.3318996429444 ], [ -99.903526306152301, 17.3285827636719 ], [ -99.907180786132798, 17.310791015624901 ], [ -99.918502807617202, 17.305980682373001 ], [ -99.908660888671903, 17.2598094940187 ], [ -99.913047790527301, 17.249559402465898 ], [ -99.924171447753807, 17.252290725708001 ], [ -99.9378662109375, 17.276912689209102 ], [ -99.996711730957003, 17.296949386596701 ], [ -100.00528717041, 17.3331604003906 ], [ -99.979858398437401, 17.331729888916001 ], [ -99.974708557128807, 17.340892791748001 ], [ -99.987358093261705, 17.355350494384801 ], [ -99.973098754882798, 17.372850418090799 ], [ -99.981552124023395, 17.388931274414102 ], [ -99.973213195800696, 17.407020568847699 ], [ -99.982421875, 17.4304294586181 ], [ -99.981010437011705, 17.4570999145507 ], [ -99.961242675781193, 17.4722995758057 ], [ -99.950363159179702, 17.472459793090799 ], [ -99.934013366699205, 17.453590393066499 ], [ -99.922149658203097, 17.461999893188501 ], [ -99.869697570800795, 17.4688301086425 ], [ -99.807579040527301, 17.4580383300781 ], [ -99.780113220214801, 17.440679550170898 ], [ -99.771926879882798, 17.417659759521602 ], [ -99.747177124023395, 17.452140808105401 ], [ -99.703796386718693, 17.484081268310501 ], [ -99.629882812499901, 17.516210556030298 ], [ -99.611877441406193, 17.553871154785199 ], [ -99.591850280761705, 17.540380477905401 ], [ -99.577957153320298, 17.542650222778299 ], [ -99.579292297363295, 17.577091217041101 ], [ -99.551239013671903, 17.578529357910199 ], [ -99.514099121093693, 17.607282638549901 ], [ -99.499076843261705, 17.588291168212901 ], [ -99.480476379394503, 17.585302352905298 ], [ -99.476837158203097, 17.611391067505 ], [ -99.461349487304602, 17.6255207061769 ], [ -99.435966491699205, 17.596509933471701 ], [ -99.419387817382798, 17.589210510253999 ], [ -99.409858703613196, 17.565179824829201 ], [ -99.384651184082003, 17.548410415649499 ], [ -99.373123168945298, 17.524650573730501 ], [ -99.310516357421903, 17.496740341186499 ], [ -99.3359375, 17.474971771240199 ], [ -99.390052795410199, 17.464990615844702 ], [ -99.394065856933594, 17.4532794952394 ], [ -99.379226684570298, 17.4446105957032 ], [ -99.378768920898395, 17.436120986938601 ], [ -99.404327392578097, 17.425809860229499 ], [ -99.426048278808594, 17.372270584106399 ], [ -99.419937133789105, 17.312170028686602 ], [ -99.353347778320298, 17.2268600463868 ], [ -99.400382995605497, 17.227220535278398 ], [ -99.454116821289006, 17.255720138549901 ], [ -99.4844970703125, 17.218999862670799 ], [ -99.532707214355398, 17.209590911865298 ], [ -99.560836791992102, 17.188520431518601 ], [ -99.582672119140597, 17.214380264282202 ], [ -99.603187561035099, 17.2125225067138 ], [ -99.618576049804702, 17.237819671631001 ], [ -99.641807556152301, 17.231470108032301 ], [ -99.653701782226506, 17.241060256958001 ], [ -99.687080383300696, 17.247659683227699 ], [ -99.705307006835895, 17.232311248779201 ], [ -99.736206054687401, 17.235630035400401 ], [ -99.740806579589702, 17.214281082153398 ], [ -99.779769897460895, 17.201330184936499 ], [ -99.801490783691406, 17.202360153198399 ] ] ] } },
{ "type": "Feature", "properties": { "NAME_1": "Guerrero", "NAME_2": "Cocula" }, "geometry": { "type": "Polygon", "coordinates": [ [ [ -99.573226928710895, 18.284530639648398 ], [ -99.589363098144403, 18.253200531005898 ], [ -99.590637207031193, 18.2287406921387 ], [ -99.575225830078097, 18.2268600463868 ], [ -99.556777954101605, 18.246120452880898 ], [ -99.545127868652301, 18.247972488403299 ], [ -99.531486511230497, 18.2186794281006 ], [ -99.587486267089801, 18.207530975341701 ], [ -99.582862854003807, 18.188591003418001 ], [ -99.615631103515597, 18.1609706878663 ], [ -99.631813049316406, 18.1066799163818 ], [ -99.648277282714801, 18.089771270751999 ], [ -99.641426086425696, 18.0727024078369 ], [ -99.645683288574205, 18.0455627441406 ], [ -99.606323242187401, 17.9943027496338 ], [ -99.606697082519503, 17.9804306030275 ], [ -99.631072998046903, 17.959611892700298 ], [ -99.690948486328097, 17.976270675659201 ], [ -99.709426879882798, 17.9906311035156 ], [ -99.719497680664105, 18.034410476684599 ], [ -99.710952758789006, 18.049549102783299 ], [ -99.715499877929602, 18.0599594116212 ], [ -99.695259094238295, 18.126991271972699 ], [ -99.612228393554602, 18.227790832519599 ], [ -99.621437072753906, 18.2607517242432 ], [ -99.618408203125, 18.2825603485107 ], [ -99.573226928710895, 18.284530639648398 ] ] ] } },
{ "type": "Feature", "properties": { "NAME_1": "Guerrero", "NAME_2": "Copala" }, "geometry": { "type": "Polygon", "coordinates": [ [ [ -98.963752746581903, 16.5556945800781 ], [ -99.157882690429702, 16.6149520874025 ], [ -99.026412963867202, 16.5907382965088 ], [ -99.023216247558594, 16.600589752197202 ], [ -98.965286254882798, 16.6066493988038 ], [ -98.978729248046903, 16.632440567016602 ], [ -99.027359008789006, 16.633680343627901 ], [ -99.024841308593807, 16.650079727172901 ], [ -98.977836608886705, 16.6410408020019 ], [ -98.940597534179702, 16.6103000640869 ], [ -98.897178649902301, 16.633569717407202 ], [ -98.883743286132798, 16.652561187744201 ], [ -98.859970092773395, 16.665710449218899 ], [ -98.856506347656193, 16.6968498229981 ], [ -98.847930908203097, 16.686740875244201 ], [ -98.800437927246094, 16.682479858398601 ], [ -98.773727416992202, 16.6668605804443 ], [ -98.768486022949205, 16.644100189208999 ], [ -98.786880493164105, 16.602510452270501 ], [ -98.790306091308594, 16.554861068725501 ], [ -98.824859619140597, 16.562084197998001 ], [ -98.816802978515597, 16.554582595825099 ], [ -98.844581604003906, 16.547359466552798 ], [ -98.856529235839801, 16.527082443237301 ], [ -98.912361145019503, 16.535417556762798 ], [ -98.963752746581903, 16.5556945800781 ] ] ] } },
{ "type": "Feature", "properties": { "NAME_1": "Guerrero", "NAME_2": "Copalillo" }, "geometry": { "type": "Polygon", "coordinates": [ [ [ -99.050872802734403, 17.8655605316163 ], [ -99.068885803222699, 17.901050567626999 ], [ -99.146560668945298, 17.905660629272401 ], [ -99.136138916015597, 17.980150222778299 ], [ -99.142257690429602, 18.010089874267699 ], [ -99.132247924804602, 18.030740737915 ], [ -99.113647460937401, 18.024650573730501 ], [ -99.064468383789105, 18.031368255615199 ], [ -99.039649963378807, 18.0582504272462 ], [ -99.013488769531193, 18.0676593780519 ], [ -98.998146057128807, 18.0653400421144 ], [ -98.986183166503906, 18.047870635986399 ], [ -98.972312927245994, 18.0430412292481 ], [ -98.876998901367202, 18.0537128448487 ], [ -98.836936950683594, 18.044570922851602 ], [ -98.823722839355398, 18.0188007354737 ], [ -98.771423339843807, 17.9746398925782 ], [ -98.776321411132798, 17.9693527221681 ], [ -98.811920166015597, 17.9799499511719 ], [ -98.854286193847699, 17.917341232299801 ], [ -98.882362365722699, 17.902961730957099 ], [ -98.899269104003807, 17.8792018890381 ], [ -98.912948608398395, 17.8950500488281 ], [ -98.922126770019503, 17.950761795043899 ], [ -98.929573059082003, 17.954851150512798 ], [ -98.951553344726605, 17.908279418945401 ], [ -99.050872802734403, 17.8655605316163 ] ] ] } },
{ "type": "Feature", "properties": { "NAME_1": "Guerrero", "NAME_2": "Copanatoyac" }, "geometry": { "type": "Polygon", "coordinates": [ [ [ -98.569000244140597, 17.422061920166101 ], [ -98.587905883789006, 17.371040344238398 ], [ -98.65966796875, 17.375659942626999 ], [ -98.694366455078097, 17.368450164795 ], [ -98.701972961425795, 17.3824481964112 ], [ -98.6978759765625, 17.400302886963001 ], [ -98.681846618652202, 17.4255905151368 ], [ -98.656021118164105, 17.436029434204102 ], [ -98.656532287597699, 17.464389801025501 ], [ -98.670120239257798, 17.4692897796631 ], [ -98.7039794921875, 17.446960449218899 ], [ -98.760566711425795, 17.433420181274499 ], [ -98.775588989257798, 17.4481811523438 ], [ -98.781898498535199, 17.494941711425799 ], [ -98.798606872558594, 17.511581420898501 ], [ -98.802291870117102, 17.5276203155518 ], [ -98.719245910644503, 17.5330505371094 ], [ -98.705902099609403, 17.5255107879638 ], [ -98.712722778320298, 17.509019851684499 ], [ -98.702079772949205, 17.5029811859132 ], [ -98.665733337402301, 17.523731231689599 ], [ -98.658790588378906, 17.513139724731499 ], [ -98.641036987304702, 17.5124225616456 ], [ -98.610130310058494, 17.4888095855712 ], [ -98.598312377929702, 17.439250946044901 ], [ -98.568496704101605, 17.4369297027587 ], [ -98.569000244140597, 17.422061920166101 ] ] ] } },
{ "type": "Feature", "properties": { "NAME_1": "Guerrero", "NAME_2": "Coyuca de Benítez" }, "geometry": { "type": "Polygon", "coordinates": [ [ [ -100.086524963379006, 16.941528320312401 ], [ -100.275672912597997, 17.008186340332099 ], [ -100.254119873047003, 17.067489624023398 ], [ -100.240776062012003, 17.0808410644531 ], [ -100.245376586914006, 17.1167297363282 ], [ -100.239219665527003, 17.135749816894499 ], [ -100.252243041992003, 17.1574516296387 ], [ -100.198577880859006, 17.1771984100343 ], [ -100.181655883789006, 17.209831237793001 ], [ -100.16748046875, 17.220590591430799 ], [ -100.194488525390994, 17.239059448242301 ], [ -100.152076721190994, 17.2647209167482 ], [ -100.144569396972997, 17.280292510986399 ], [ -100.161239624022997, 17.3017692565918 ], [ -100.159599304199006, 17.314170837402401 ], [ -100.137512207030994, 17.329700469970799 ], [ -100.132987976074006, 17.3536701202393 ], [ -100.090919494629006, 17.435340881347599 ], [ -99.989166259765597, 17.464759826660199 ], [ -99.981010437011705, 17.4570999145507 ], [ -99.982421875, 17.4304294586181 ], [ -99.973213195800696, 17.407020568847699 ], [ -99.981552124023395, 17.388931274414102 ], [ -99.973098754882798, 17.372850418090799 ], [ -99.987129211425696, 17.3602294921875 ], [ -99.975921630859403, 17.335781097412202 ], [ -100.00528717041, 17.3331604003906 ], [ -99.996711730957003, 17.296949386596701 ], [ -99.9378662109375, 17.276912689209102 ], [ -99.924171447753807, 17.252290725708001 ], [ -99.913047790527301, 17.249559402465898 ], [ -99.908660888671903, 17.2598094940187 ], [ -99.918502807617202, 17.305980682373001 ], [ -99.907180786132798, 17.310791015624901 ], [ -99.907958984374901, 17.3236408233643 ], [ -99.892677307128906, 17.3331699371337 ], [ -99.875549316406193, 17.307470321655401 ], [ -99.862701416015597, 17.310539245605501 ], [ -99.846092224120994, 17.234081268310501 ], [ -99.812438964843807, 17.218820571899499 ], [ -99.801490783691406, 17.202360153198399 ], [ -99.812232971191307, 17.1791896820068 ], [ -99.790885925292997, 17.120189666748001 ], [ -99.797676086425795, 17.105512619018501 ], [ -99.814796447753807, 17.1178894042969 ], [ -99.822891235351506, 17.113359451293999 ], [ -99.824501037597699, 17.096990585327099 ], [ -99.811706542968807, 17.069091796875099 ], [ -99.838256835937401, 17.007841110229599 ], [ -99.902687072753906, 16.9550495147706 ], [ -99.917945861816406, 16.9561996459962 ], [ -99.940567016601506, 16.9291706085206 ], [ -99.924369812011705, 16.906621932983398 ], [ -99.989860534667997, 16.908517837524499 ], [ -100.086524963379006, 16.941528320312401 ] ] ] } },
{ "type": "Feature", "properties": { "NAME_1": "Guerrero", "NAME_2": "Coyuca de Catalán" }, "geometry": { "type": "Polygon", "coordinates": [ [ [ -100.835708618164006, 17.715192794799901 ], [ -100.851387023925994, 17.698909759521499 ], [ -100.876831054687997, 17.699499130248999 ], [ -100.960792541504006, 17.736629486083999 ], [ -101.047317504882997, 17.749050140380898 ], [ -101.054580688477003, 17.762460708618299 ], [ -101.00936126709, 17.769990921020501 ], [ -101.03897857666, 17.786230087280401 ], [ -101.027893066405994, 17.8129100799562 ], [ -101.035820007324006, 17.865739822387699 ], [ -101.075187683105, 17.872001647949201 ], [ -101.097427368164006, 17.891010284423899 ], [ -101.117385864257997, 17.873340606689599 ], [ -101.207511901855, 17.869260787963899 ], [ -101.21452331543, 17.895971298217798 ], [ -101.203338623047003, 17.9091701507569 ], [ -101.21981048584, 17.9264812469482 ], [ -101.229682922362997, 17.994430541992202 ], [ -101.250602722167997, 18.026590347290099 ], [ -101.278137207030994, 18.033769607543899 ], [ -101.288932800292997, 18.015369415283299 ], [ -101.300590515137003, 18.011890411376999 ], [ -101.347106933594006, 18.0311508178712 ], [ -101.331550598145, 18.064292907714901 ], [ -101.342559814452997, 18.072900772094702 ], [ -101.33927154541, 18.1023902893068 ], [ -101.324676513672003, 18.113340377807699 ], [ -101.283462524414006, 18.118740081787202 ], [ -101.299957275390994, 18.144081115722798 ], [ -101.296539306640994, 18.153499603271499 ], [ -101.280036926269005, 18.149829864501999 ], [ -101.274101257324006, 18.132238388061499 ], [ -101.237892150879006, 18.119670867919901 ], [ -101.228660583495994, 18.0784511566162 ], [ -101.215850830077997, 18.0737609863281 ], [ -101.204483032227003, 18.079050064086999 ], [ -101.175018310547003, 18.125320434570401 ], [ -101.098838806152003, 18.141241073608398 ], [ -101.078025817870994, 18.155839920043899 ], [ -101.024307250977003, 18.212871551513601 ], [ -101.000602722167997, 18.263008117675799 ], [ -100.977897644042997, 18.280942916870199 ], [ -100.954078674315994, 18.328620910644499 ], [ -100.970596313477003, 18.3484706878663 ], [ -100.956787109375, 18.391479492187599 ], [ -100.933746337890994, 18.3945198059082 ], [ -100.880676269530994, 18.436580657959102 ], [ -100.852432250977003, 18.415040969848601 ], [ -100.798927307129006, 18.408769607543899 ], [ -100.779052734375, 18.376239776611399 ], [ -100.727996826172003, 18.343410491943398 ], [ -100.71964263916, 18.34375 ], [ -100.709442138672003, 18.3590202331543 ], [ -100.69758605957, 18.355039596557599 ], [ -100.686798095702997, 18.337930679321399 ], [ -100.697113037109006, 18.2925529479982 ], [ -100.689636230469006, 18.262580871581999 ], [ -100.67993927002, 18.259069442749102 ], [ -100.659393310547003, 18.272960662841701 ], [ -100.63809967041, 18.256309509277301 ], [ -100.62361907959, 18.227130889892699 ], [ -100.630699157715, 18.212301254272599 ], [ -100.661071777344006, 18.1904411315918 ], [ -100.666862487792997, 18.165290832519499 ], [ -100.685050964355, 18.1502895355225 ], [ -100.674911499022997, 18.133430480956999 ], [ -100.625556945800994, 18.115329742431701 ], [ -100.628189086914006, 18.1015014648438 ], [ -100.659072875977003, 18.0913696289063 ], [ -100.666572570800994, 18.07493019104 ], [ -100.648422241210994, 17.994319915771499 ], [ -100.664962768555, 17.977289199829102 ], [ -100.723701477050994, 17.946029663086001 ], [ -100.745903015137003, 17.882740020751999 ], [ -100.807060241699006, 17.787559509277401 ], [ -100.835708618164006, 17.715192794799901 ] ] ] } },
{ "type": "Feature", "properties": { "NAME_1": "Guerrero", "NAME_2": "Cuajinicuilapa" }, "geometry": { "type": "Polygon", "coordinates": [ [ [ -98.632362365722699, 16.4034748077394 ], [ -98.698471069335895, 16.4587497711182 ], [ -98.704582214355497, 16.469863891601602 ], [ -98.692916870117202, 16.471250534057699 ], [ -98.707084655761705, 16.473749160766602 ], [ -98.724586486816406, 16.495695114135899 ], [ -98.725273132324205, 16.50984954834 ], [ -98.658737182617102, 16.548570632934599 ], [ -98.621269226074205, 16.555540084838899 ], [ -98.579826354980497, 16.5747680664062 ], [ -98.540962219238196, 16.577150344848601 ], [ -98.510650634765597, 16.595172882080099 ], [ -98.431365966796903, 16.61501121521 ], [ -98.426429748535099, 16.626020431518501 ], [ -98.435508728027301, 16.644029617309499 ], [ -98.382011413574105, 16.601060867309599 ], [ -98.345436096191406, 16.5980129241943 ], [ -98.330802917480497, 16.607709884643501 ], [ -98.299568176269503, 16.588060379028398 ], [ -98.295005798339801, 16.5790996551513 ], [ -98.3497314453125, 16.541440963745199 ], [ -98.358802795410099, 16.485868453979499 ], [ -98.376426696777301, 16.4491996765137 ], [ -98.555839538574205, 16.319026947021602 ], [ -98.569862365722599, 16.325138092041101 ], [ -98.567359924316406, 16.3404140472413 ], [ -98.632362365722699, 16.4034748077394 ] ] ] } },
{ "type": "Feature", "properties": { "NAME_1": "Guerrero", "NAME_2": "Cualác" }, "geometry": { "type": "Polygon", "coordinates": [ [ [ -98.690048217773295, 17.738651275634801 ], [ -98.609832763671804, 17.812192916870099 ], [ -98.504997253417997, 17.884159088134801 ], [ -98.508758544921903, 17.844049453735401 ], [ -98.4970703125, 17.817348480224599 ], [ -98.499679565429602, 17.797742843627901 ], [ -98.467071533203097, 17.773120880126999 ], [ -98.513412475585895, 17.734291076660199 ], [ -98.521629333495994, 17.703550338745199 ], [ -98.552947998046903, 17.713140487671001 ], [ -98.566619873046804, 17.6914997100831 ], [ -98.665145874023395, 17.690540313720799 ], [ -98.690231323242102, 17.726749420166001 ], [ -98.690048217773295, 17.738651275634801 ] ] ] } },
{ "type": "Feature", "properties": { "NAME_1": "Guerrero", "NAME_2": "Cuautepec" }, "geometry": { "type": "Polygon", "coordinates": [ [ [ -99.020919799804702, 16.6503200531006 ], [ -99.015975952148395, 16.7039604187013 ], [ -99.000190734863295, 16.7133693695068 ], [ -99.013908386230398, 16.721849441528299 ], [ -99.006202697753906, 16.7977504730225 ], [ -98.986770629882798, 16.846189498901399 ], [ -98.911262512207003, 16.870590209960898 ], [ -98.868713378906193, 16.871891021728501 ], [ -98.840309143066406, 16.8602695465088 ], [ -98.822547912597699, 16.871860504150401 ], [ -98.791618347167997, 16.8553180694581 ], [ -98.789710998535199, 16.826219558715799 ], [ -98.778060913085895, 16.835149765014702 ], [ -98.768775939941406, 16.8296203613281 ], [ -98.795509338378807, 16.7900905609131 ], [ -98.818443298339801, 16.7801399230957 ], [ -98.839157104492202, 16.749450683593899 ], [ -98.860412597656193, 16.734830856323299 ], [ -98.857322692870994, 16.6685009002687 ], [ -98.883743286132798, 16.652561187744201 ], [ -98.897178649902301, 16.633569717407202 ], [ -98.940597534179702, 16.6103000640869 ], [ -98.971710205078097, 16.638128280639702 ], [ -99.020919799804702, 16.6503200531006 ] ] ] } },
{ "type": "Feature", "properties": { "NAME_1": "Guerrero", "NAME_2": "Cuetzala del Progreso" }, "geometry": { "type": "Polygon", "coordinates": [ [ [ -99.690948486328097, 17.976270675659201 ], [ -99.680915832519403, 17.934061050415099 ], [ -99.690353393554602, 17.877651214599702 ], [ -99.727806091308494, 17.938489913940401 ], [ -99.760665893554702, 17.9532375335694 ], [ -99.768127441406193, 17.9807529449463 ], [ -99.797225952148395, 18.016750335693501 ], [ -99.782699584960895, 18.0284328460694 ], [ -99.7635498046875, 18.104059219360501 ], [ -99.734481811523395, 18.155420303344702 ], [ -99.730293273925696, 18.213222503662202 ], [ -99.701347351074205, 18.2250709533693 ], [ -99.694847106933594, 18.221189498901399 ], [ -99.695419311523395, 18.201248168945401 ], [ -99.677009582519503, 18.196750640869201 ], [ -99.673919677734304, 18.241371154785298 ], [ -99.683799743652301, 18.261970520019599 ], [ -99.669715881347699, 18.271041870117202 ], [ -99.620918273925696, 18.2576198577881 ], [ -99.612228393554602, 18.227790832519599 ], [ -99.653060913085895, 18.1845302581787 ], [ -99.70304107666, 18.110050201416101 ], [ -99.715499877929602, 18.0599594116212 ], [ -99.711898803710895, 18.044620513916101 ], [ -99.719497680664105, 18.034410476684599 ], [ -99.712432861328097, 18.021600723266701 ], [ -99.713966369628906, 17.99880027771 ], [ -99.690948486328097, 17.976270675659201 ] ] ] } },
{ "type": "Feature", "properties": { "NAME_1": "Guerrero", "NAME_2": "Cutzamala de Pinzón" }, "geometry": { "type": "Polygon", "coordinates": [ [ [ -100.461891174315994, 18.468919754028398 ], [ -100.489860534667997, 18.413080215454201 ], [ -100.517440795897997, 18.405740737915099 ], [ -100.533966064452997, 18.381591796874901 ], [ -100.558158874512003, 18.3814201354981 ], [ -100.573036193847997, 18.369012832641701 ], [ -100.604019165039006, 18.382270812988299 ], [ -100.628356933594006, 18.3638916015625 ], [ -100.681617736815994, 18.420850753784201 ], [ -100.729591369629006, 18.491540908813501 ], [ -100.741600036620994, 18.611291885376001 ], [ -100.784446716309006, 18.743700027465799 ], [ -100.78955078125, 18.784748077392599 ], [ -100.771263122559006, 18.8119506835938 ], [ -100.718856811522997, 18.847547531127901 ], [ -100.706123352050994, 18.830232620239201 ], [ -100.698226928710994, 18.787820816040099 ], [ -100.687927246094006, 18.782850265502901 ], [ -100.590476989745994, 18.894340515136701 ], [ -100.544357299805, 18.9232692718506 ], [ -100.509773254395, 19.007440567016602 ], [ -100.443939208984006, 19.04008102417 ], [ -100.41967010498, 19.060510635376001 ], [ -100.412117004395, 19.049659729003999 ], [ -100.42325592041, 19.012739181518601 ], [ -100.407096862792997, 18.982320785522599 ], [ -100.404960632324006, 18.959608078003001 ], [ -100.453163146972997, 18.864231109619102 ], [ -100.479011535644005, 18.714899063110401 ], [ -100.464019775390994, 18.653881072998001 ], [ -100.400253295897997, 18.635210037231499 ], [ -100.389472961425994, 18.612180709838899 ], [ -100.389022827147997, 18.588478088378999 ], [ -100.407409667969006, 18.541660308838001 ], [ -100.465316772460994, 18.4863395690919 ], [ -100.461891174315994, 18.468919754028398 ] ] ] } },
{ "type": "Feature", "properties": { "NAME_1": "Guerrero", "NAME_2": "Eduardo Neri" }, "geometry": { "type": "Polygon", "coordinates": [ [ [ -99.400581359863295, 17.7529811859131 ], [ -99.435333251953097, 17.683328628540199 ], [ -99.459396362304702, 17.654779434204102 ], [ -99.461349487304602, 17.6255207061769 ], [ -99.476837158203097, 17.611391067505 ], [ -99.480476379394503, 17.585302352905298 ], [ -99.499076843261705, 17.588291168212901 ], [ -99.514099121093693, 17.607282638549901 ], [ -99.551239013671903, 17.578529357910199 ], [ -99.579292297363295, 17.577091217041101 ], [ -99.578392028808494, 17.6888103485107 ], [ -99.589591979980497, 17.685270309448299 ], [ -99.601387023925795, 17.665620803833001 ], [ -99.630447387695298, 17.665042877197401 ], [ -99.655693054199205, 17.682020187378001 ], [ -99.694412231445298, 17.6839408874513 ], [ -99.698066711425696, 17.741992950439499 ], [ -99.71240234375, 17.754440307617099 ], [ -99.681976318359403, 17.771450042724702 ], [ -99.665748596191307, 17.813880920410199 ], [ -99.687347412109403, 17.846700668335099 ], [ -99.690353393554602, 17.877651214599702 ], [ -99.680915832519403, 17.934061050415099 ], [ -99.690948486328097, 17.976270675659201 ], [ -99.561225891113196, 17.937110900878999 ], [ -99.545387268066307, 17.938552856445298 ], [ -99.497512817382798, 17.9952201843263 ], [ -99.497261047363295, 18.0276794433594 ], [ -99.476432800292898, 18.026559829711999 ], [ -99.465400695800795, 18.0435905456544 ], [ -99.462127685546804, 18.1032428741456 ], [ -99.443359375, 18.1119594573975 ], [ -99.436096191406193, 18.0695400238037 ], [ -99.442428588867202, 17.987211227416999 ], [ -99.448036193847699, 17.975231170654201 ], [ -99.462730407714801, 17.986110687255898 ], [ -99.470642089843807, 17.982360839843899 ], [ -99.47412109375, 17.9523105621338 ], [ -99.493408203124901, 17.9132194519044 ], [ -99.487876892089801, 17.905281066894599 ], [ -99.448677062988196, 17.8953380584718 ], [ -99.449333190917898, 17.883029937744201 ], [ -99.431602478027301, 17.863260269165 ], [ -99.4586181640625, 17.866071701049901 ], [ -99.455528259277301, 17.8507099151612 ], [ -99.409591674804602, 17.8337306976319 ], [ -99.383972167968807, 17.782140731811602 ], [ -99.400672912597699, 17.763931274414201 ], [ -99.400581359863295, 17.7529811859131 ] ] ] } },
{ "type": "Feature", "properties": { "NAME_1": "Guerrero", "NAME_2": "Erongarícuaro" }, "geometry": { "type": "Polygon", "coordinates": [ [ [ -101.347106933594006, 18.0311508178712 ], [ -101.470092773437003, 17.986709594726701 ], [ -101.566757202147997, 17.981830596923899 ], [ -101.586036682129006, 17.962261199951101 ], [ -101.730529785155994, 18.037900924682599 ], [ -101.740226745605, 18.0522994995118 ], [ -101.728576660155994, 18.066829681396499 ], [ -101.733131408690994, 18.087720870971701 ], [ -101.765083312987997, 18.119010925293001 ], [ -101.809036254882997, 18.141250610351499 ], [ -101.822776794434006, 18.194137573242202 ], [ -101.855537414550994, 18.231611251831001 ], [ -101.848640441895, 18.252378463745199 ], [ -101.825439453125, 18.255348205566399 ], [ -101.812652587890994, 18.270999908447401 ], [ -101.856636047362997, 18.260690689086999 ], [ -101.889282226562003, 18.270618438720799 ], [ -101.876251220702997, 18.2807807922363 ], [ -101.869293212890994, 18.310222625732401 ], [ -101.874176025390994, 18.348239898681701 ], [ -101.903205871582003, 18.4049301147462 ], [ -101.880577087402003, 18.449420928955099 ], [ -101.905540466309006, 18.497270584106399 ], [ -101.899978637695, 18.506599426269599 ], [ -101.869972229004006, 18.512489318847699 ], [ -101.891998291015994, 18.520250320434702 ], [ -101.896125793457003, 18.535169601440501 ], [ -101.868537902832003, 18.555280685424901 ], [ -101.859817504882997, 18.536191940307699 ], [ -101.859832763672003, 18.5506095886231 ], [ -101.841430664062003, 18.547460556030401 ], [ -101.849662780762003, 18.564479827880898 ], [ -101.836837768555, 18.560920715331999 ], [ -101.82740020752, 18.569070816040199 ], [ -101.818206787109006, 18.5499801635743 ], [ -101.808036804199006, 18.5535411834718 ], [ -101.804656982422003, 18.531299591064499 ], [ -101.797157287597997, 18.547479629516701 ], [ -101.803199768065994, 18.5601310729981 ], [ -101.798599243164006, 18.568550109863299 ], [ -101.786987304687003, 18.567060470581101 ], [ -101.800056457519005, 18.5825290679932 ], [ -101.779968261719006, 18.579349517822301 ], [ -101.779968261719006, 18.5855312347413 ], [ -101.757446289062003, 18.594921112060501 ], [ -101.757232666015994, 18.549589157104499 ], [ -101.752403259277003, 18.566480636596701 ], [ -101.728675842285, 18.570810317993299 ], [ -101.719261169434006, 18.5549201965332 ], [ -101.713432312012003, 18.580499649047901 ], [ -101.686828613280994, 18.589599609375099 ], [ -101.657089233397997, 18.582180023193398 ], [ -101.658538818359006, 18.588609695434599 ], [ -101.645706176757997, 18.590070724487301 ], [ -101.61939239502, 18.5666408538819 ], [ -101.596946716309006, 18.517379760742099 ], [ -101.510711669922003, 18.4822597503662 ], [ -101.482078552245994, 18.420040130615199 ], [ -101.473365783690994, 18.3561305999757 ], [ -101.485847473145, 18.328920364379901 ], [ -101.483306884765994, 18.2825107574463 ], [ -101.425987243652003, 18.168462753296001 ], [ -101.39769744873, 18.144309997558501 ], [ -101.388893127440994, 18.119649887084901 ], [ -101.36531829834, 18.099420547485401 ], [ -101.33927154541, 18.1023902893068 ], [ -101.342559814452997, 18.072900772094702 ], [ -101.331550598145, 18.064292907714901 ], [ -101.347106933594006, 18.0311508178712 ] ] ] } },
{ "type": "Feature", "properties": { "NAME_1": "Guerrero", "NAME_2": "Florencio Villarreal" }, "geometry": { "type": "GeometryCollection", "geometries": [ { "type": "Polygon", "coordinates": [ [ [ -100.256683349609006, 18.318420410156399 ], [ -100.252281188965, 18.358800888061602 ], [ -100.229415893555, 18.354959487915 ], [ -100.215881347655994, 18.369791030883899 ], [ -100.211357116699006, 18.352460861206101 ], [ -100.235496520995994, 18.3407707214356 ], [ -100.220687866210994, 18.3218708038331 ], [ -100.252578735352003, 18.3131217956544 ], [ -100.256683349609006, 18.318420410156399 ] ] ] }, { "type": "Polygon", "coordinates": [ [ [ -99.149551391601605, 16.612470626831001 ], [ -99.134185791015597, 16.687429428100501 ], [ -99.117752075195298, 16.724420547485401 ], [ -99.125091552734304, 16.742771148681701 ], [ -99.11474609375, 16.774320602416999 ], [ -99.119552612304602, 16.8171901702881 ], [ -99.0628662109375, 16.840629577636701 ], [ -98.986770629882798, 16.846189498901399 ], [ -99.004066467285099, 16.808921813965 ], [ -99.013427734374901, 16.7323398590087 ], [ -99.013908386230398, 16.721849441528299 ], [ -99.000190734863295, 16.7133693695068 ], [ -99.015975952148395, 16.7039604187013 ], [ -99.020919799804702, 16.6503200531006 ], [ -99.029380798339801, 16.6419906616212 ], [ -99.027359008789006, 16.633680343627901 ], [ -98.978729248046903, 16.632440567016602 ], [ -98.965560913085895, 16.604120254516701 ], [ -99.023216247558594, 16.600589752197202 ], [ -99.026412963867202, 16.5907382965088 ], [ -99.149551391601605, 16.612470626831001 ] ] ] } ] } },
{ "type": "Feature", "properties": { "NAME_1": "Guerrero", "NAME_2": "General Canuto A. Neri" }, "geometry": { "type": "Polygon", "coordinates": [ [ [ -100.196083068847997, 18.3708095550538 ], [ -100.151641845702997, 18.4215927124025 ], [ -100.116386413574006, 18.444271087646499 ], [ -100.068305969237997, 18.447639465331999 ], [ -100.027290344237997, 18.463630676269499 ], [ -99.970565795898395, 18.443729400634801 ], [ -99.964927673339801, 18.433280944824201 ], [ -99.975166320800795, 18.411800384521602 ], [ -99.973457336425795, 18.395729064941399 ], [ -99.984123229980497, 18.3887119293213 ], [ -99.968208312988295, 18.3785209655762 ], [ -99.963920593261705, 18.3319606781006 ], [ -99.983222961425696, 18.3372192382813 ], [ -99.9927978515625, 18.331720352172901 ], [ -100.00887298584, 18.3401107788087 ], [ -100.021629333495994, 18.335830688476602 ], [ -100.01082611084, 18.297929763793899 ], [ -100.030067443847997, 18.290939331054801 ], [ -100.041130065917997, 18.276781082153299 ], [ -100.049652099609006, 18.280460357666001 ], [ -100.056449890137003, 18.311990737915199 ], [ -100.085372924805, 18.332729339599599 ], [ -100.089057922362997, 18.353939056396499 ], [ -100.07788848877, 18.361209869384801 ], [ -100.08975982666, 18.3790397644043 ], [ -100.101303100585994, 18.381570816040099 ], [ -100.109992980957003, 18.3553905487062 ], [ -100.149131774902003, 18.368680953979499 ], [ -100.17529296875, 18.361009597778398 ], [ -100.196083068847997, 18.3708095550538 ] ] ] } },
{ "type": "Feature", "properties": { "NAME_1": "Guerrero", "NAME_2": "General Heliodoro Castillo" }, "geometry": { "type": "Polygon", "coordinates": [ [ [ -99.981010437011705, 17.4570999145507 ], [ -99.994132995605497, 17.464241027832099 ], [ -100.083030700684006, 17.438550949096602 ], [ -100.104110717772997, 17.4611206054688 ], [ -100.155265808105, 17.464870452880898 ], [ -100.174842834472997, 17.5347595214844 ], [ -100.201332092285, 17.5466117858888 ], [ -100.19938659668, 17.5584106445312 ], [ -100.17472076416, 17.5783214569093 ], [ -100.158737182617003, 17.619489669799901 ], [ -100.173179626465, 17.654010772705199 ], [ -100.127632141112997, 17.671211242675799 ], [ -100.058219909667997, 17.6721096038819 ], [ -100.046310424805, 17.683019638061602 ], [ -100.024948120117003, 17.737680435180799 ], [ -100.02416229248, 17.765430450439499 ], [ -100.053436279297003, 17.808101654052798 ], [ -100.046920776367003, 17.854089736938501 ], [ -100.054595947265994, 17.8679504394531 ], [ -100.027076721190994, 17.885530471801701 ], [ -100.033676147460994, 17.8998527526857 ], [ -100.018463134765994, 17.913009643554702 ], [ -100.024841308594006, 17.9297904968263 ], [ -99.987976074218693, 17.938238143921001 ], [ -99.987213134765597, 17.9593906402588 ], [ -99.961067199707003, 17.9516410827637 ], [ -99.943099975585895, 17.9646606445312 ], [ -99.938522338867202, 17.953620910644499 ], [ -99.899139404296903, 17.959711074829201 ], [ -99.872917175292997, 17.942390441894499 ], [ -99.837997436523395, 17.948181152343899 ], [ -99.768035888671903, 17.917867660522401 ], [ -99.758369445800795, 17.918270111083999 ], [ -99.752777099609403, 17.930870056152301 ], [ -99.734046936035199, 17.942380905151399 ], [ -99.690353393554602, 17.877651214599702 ], [ -99.687347412109403, 17.846700668335099 ], [ -99.666030883789006, 17.817441940307699 ], [ -99.681976318359403, 17.771450042724702 ], [ -99.71240234375, 17.754440307617099 ], [ -99.738533020019503, 17.7504196166993 ], [ -99.741127014160199, 17.727180480956999 ], [ -99.761306762695298, 17.714220046997202 ], [ -99.809959411621094, 17.6521511077882 ], [ -99.792152404785199, 17.6374912261963 ], [ -99.803367614745994, 17.621191024780298 ], [ -99.863700866699205, 17.582370758056602 ], [ -99.908805847167997, 17.57200050354 ], [ -99.851600646972599, 17.550220489502099 ], [ -99.864738464355497, 17.535961151123001 ], [ -99.897186279296804, 17.542989730835 ], [ -99.912551879882798, 17.538280487060501 ], [ -99.926345825195298, 17.455480575561602 ], [ -99.934013366699205, 17.453590393066499 ], [ -99.955307006835895, 17.4735012054443 ], [ -99.981010437011705, 17.4570999145507 ] ] ] } },
{ "type": "Feature", "properties": { "NAME_1": "Guerrero", "NAME_2": "Huamuxtitlán" }, "geometry": { "type": "Polygon", "coordinates": [ [ [ -98.314132690429702, 17.7758197784425 ], [ -98.325447082519503, 17.725919723510799 ], [ -98.356430053710895, 17.730140686035199 ], [ -98.395179748535199, 17.705869674682699 ], [ -98.420539855956903, 17.711561203003001 ], [ -98.442337036132798, 17.6939811706544 ], [ -98.450950622558494, 17.6926593780519 ], [ -98.465286254882798, 17.708259582519599 ], [ -98.515357971191406, 17.730649948120199 ], [ -98.467788696289105, 17.769058227539102 ], [ -98.470306396484304, 17.7788906097413 ], [ -98.497688293457003, 17.793291091918999 ], [ -98.4970703125, 17.817348480224599 ], [ -98.508758544921903, 17.844049453735401 ], [ -98.506156921386705, 17.8933506011962 ], [ -98.475990295410199, 17.944940567016701 ], [ -98.448509216308594, 17.963159561157202 ], [ -98.418502807617102, 17.962760925293001 ], [ -98.397216796875, 17.9936828613281 ], [ -98.388839721679702, 17.990499496460099 ], [ -98.383338928222599, 17.971492767333999 ], [ -98.394493103027301, 17.932052612304702 ], [ -98.449539184570298, 17.864810943603501 ], [ -98.449150085449105, 17.8337802886963 ], [ -98.436782836914105, 17.818122863769599 ], [ -98.415626525878906, 17.8195209503175 ], [ -98.393852233886705, 17.791498184203999 ], [ -98.314132690429702, 17.7758197784425 ] ] ] } },
{ "type": "Feature", "properties": { "NAME_1": "Guerrero", "NAME_2": "Huitzuco de los Figueroa" }, "geometry": { "type": "Polygon", "coordinates": [ [ [ -99.233421325683494, 17.911430358886701 ], [ -99.271842956542997, 17.9204807281494 ], [ -99.301193237304702, 17.942710876464801 ], [ -99.323730468749901, 17.9440307617187 ], [ -99.330963134765597, 17.950820922851602 ], [ -99.302047729492202, 17.959049224853501 ], [ -99.290092468261705, 17.983289718627901 ], [ -99.266242980957003, 17.972150802612401 ], [ -99.259162902832003, 17.985979080200298 ], [ -99.273086547851605, 18.034790039062599 ], [ -99.360221862792997, 18.097669601440501 ], [ -99.336227416992102, 18.104490280151399 ], [ -99.325119018554702, 18.14559173584 ], [ -99.338462829589801, 18.176261901855501 ], [ -99.332351684570298, 18.186958312988299 ], [ -99.2935791015625, 18.2080898284913 ], [ -99.288337707519503, 18.239000320434599 ], [ -99.305381774902301, 18.265569686889599 ], [ -99.323143005371094, 18.252332687378001 ], [ -99.335083007812401, 18.2576599121094 ], [ -99.316749572753906, 18.294969558715898 ], [ -99.331108093261605, 18.328130722045799 ], [ -99.355247497558594, 18.326480865478601 ], [ -99.352142333984403, 18.3543910980225 ], [ -99.348258972167898, 18.366411209106399 ], [ -99.268402099609403, 18.365470886230501 ], [ -99.195198059082003, 18.3909511566162 ], [ -99.155830383300795, 18.434320449829102 ], [ -99.155906677245994, 18.447441101074201 ], [ -99.064186096191406, 18.436050415039102 ], [ -98.972557067871094, 18.347391128540099 ], [ -98.974266052246094, 18.300451278686602 ], [ -98.940467834472599, 18.2718105316163 ], [ -98.981636047363295, 18.248291015625 ], [ -99.083717346191307, 18.232641220092798 ], [ -99.136787414550795, 18.207519531250099 ], [ -99.133018493652301, 18.117670059204102 ], [ -99.208923339843693, 18.063829421997202 ], [ -99.195709228515597, 18.050199508667099 ], [ -99.149551391601605, 18.0689811706544 ], [ -99.129013061523395, 18.068780899048001 ], [ -99.132957458496094, 18.027360916137798 ], [ -99.142257690429602, 18.010089874267699 ], [ -99.136138916015597, 17.980150222778299 ], [ -99.146560668945298, 17.905660629272401 ], [ -99.155418395995994, 17.899869918823299 ], [ -99.184959411621094, 17.915601730346701 ], [ -99.233421325683494, 17.911430358886701 ] ] ] } },
{ "type": "Feature", "properties": { "NAME_1": "Guerrero", "NAME_2": "Iguala de la Independencia" }, "geometry": { "type": "Polygon", "coordinates": [ [ [ -99.573226928710895, 18.284530639648398 ], [ -99.535423278808594, 18.304958343506001 ], [ -99.535728454589801, 18.312589645385799 ], [ -99.601692199707003, 18.330961227417099 ], [ -99.612022399902301, 18.348659515381001 ], [ -99.581748962402301, 18.352100372314599 ], [ -99.551818847656193, 18.3667507171631 ], [ -99.530090332031193, 18.381669998168899 ], [ -99.528480529785199, 18.398120880126999 ], [ -99.478797912597599, 18.397108078003001 ], [ -99.484886169433594, 18.383020401001001 ], [ -99.480133056640597, 18.376401901245099 ], [ -99.445167541503807, 18.383110046386701 ], [ -99.426948547363196, 18.370750427246101 ], [ -99.4034423828125, 18.379209518432699 ], [ -99.383499145507798, 18.368230819702099 ], [ -99.348258972167898, 18.366411209106399 ], [ -99.355247497558594, 18.326480865478601 ], [ -99.408493041992202, 18.291852951049901 ], [ -99.409988403320298, 18.2269096374512 ], [ -99.489196777343693, 18.204862594604599 ], [ -99.515258789062401, 18.174659729003899 ], [ -99.537773132324205, 18.166530609130799 ], [ -99.536170959472699, 18.121089935302798 ], [ -99.550720214843693, 18.080249786376999 ], [ -99.539886474609403, 18.058099746704201 ], [ -99.554046630859304, 18.029830932617301 ], [ -99.551933288574205, 18.0124206542969 ], [ -99.574676513671804, 17.945329666137798 ], [ -99.631072998046903, 17.959611892700298 ], [ -99.606697082519503, 17.9804306030275 ], [ -99.606323242187401, 17.9943027496338 ], [ -99.645683288574205, 18.0455627441406 ], [ -99.641426086425696, 18.0727024078369 ], [ -99.648277282714801, 18.089771270751999 ], [ -99.631813049316406, 18.1066799163818 ], [ -99.615631103515597, 18.1609706878663 ], [ -99.582862854003807, 18.188591003418001 ], [ -99.587486267089801, 18.207530975341701 ], [ -99.531486511230497, 18.2186794281006 ], [ -99.545127868652301, 18.247972488403299 ], [ -99.556777954101605, 18.246120452880898 ], [ -99.575225830078097, 18.2268600463868 ], [ -99.590637207031193, 18.2287406921387 ], [ -99.589363098144403, 18.253200531005898 ], [ -99.573226928710895, 18.284530639648398 ] ] ] } },
{ "type": "Feature", "properties": { "NAME_1": "Guerrero", "NAME_2": "Igualapa" }, "geometry": { "type": "Polygon", "coordinates": [ [ [ -98.345222473144503, 16.8026809692382 ], [ -98.378433227539105, 16.770732879638601 ], [ -98.368080139160099, 16.762069702148398 ], [ -98.324806213378906, 16.7630710601807 ], [ -98.325088500976605, 16.7565612792969 ], [ -98.351730346679702, 16.746730804443398 ], [ -98.341590881347699, 16.703050613403398 ], [ -98.365447998046903, 16.7004508972169 ], [ -98.386917114257798, 16.678461074829201 ], [ -98.434745788574205, 16.6497306823731 ], [ -98.434417724609403, 16.665969848632798 ], [ -98.448410034179702, 16.6928100585937 ], [ -98.472946166992202, 16.7163906097413 ], [ -98.475227355957003, 16.7358798980713 ], [ -98.514671325683594, 16.7578010559082 ], [ -98.486763000488295, 16.783439636230501 ], [ -98.456527709960895, 16.837680816650298 ], [ -98.463409423828097, 16.8418998718262 ], [ -98.481697082519503, 16.832960128784102 ], [ -98.479469299316307, 16.853250503540199 ], [ -98.507537841796903, 16.860071182251001 ], [ -98.545280456542898, 16.8855800628663 ], [ -98.5430908203125, 16.931259155273398 ], [ -98.522552490234304, 16.972459793090898 ], [ -98.511756896972699, 16.967119216919102 ], [ -98.495826721191406, 16.977331161499102 ], [ -98.484306335449205, 16.97269821167 ], [ -98.465576171875, 16.989120483398501 ], [ -98.445991516113196, 16.9586505889893 ], [ -98.347892761230497, 16.947629928588899 ], [ -98.345268249511705, 16.9296092987062 ], [ -98.372726440429602, 16.8897991180419 ], [ -98.354156494140597, 16.8891105651856 ], [ -98.352127075195298, 16.860450744628999 ], [ -98.356948852539105, 16.8512802124025 ], [ -98.381095886230497, 16.846229553222699 ], [ -98.385780334472699, 16.834190368652301 ], [ -98.356506347656193, 16.820810317993299 ], [ -98.345222473144503, 16.8026809692382 ] ] ] } },
{ "type": "Feature", "properties": { "NAME_1": "Guerrero", "NAME_2": "Ixcateopan de Cuauhtémoc" }, "geometry": { "type": "Polygon", "coordinates": [ [ [ -99.632102966308594, 18.3998928070068 ], [ -99.638458251953097, 18.390502929687599 ], [ -99.686027526855497, 18.386499404907301 ], [ -99.700187683105497, 18.393060684204201 ], [ -99.718505859375, 18.418342590332099 ], [ -99.725852966308594, 18.4114894866943 ], [ -99.717712402343693, 18.3836994171144 ], [ -99.738456726074205, 18.379722595214801 ], [ -99.7330322265625, 18.366899490356602 ], [ -99.742767333984403, 18.352361679077099 ], [ -99.791976928710895, 18.344949722290099 ], [ -99.830917358398395, 18.365739822387798 ], [ -99.804412841796804, 18.3785705566406 ], [ -99.790748596191307, 18.395881652831999 ], [ -99.795722961425696, 18.401199340820401 ], [ -99.804519653320298, 18.394771575927798 ], [ -99.816490173339801, 18.4078884124756 ], [ -99.800888061523295, 18.426618576049801 ], [ -99.7923583984375, 18.456811904907202 ], [ -99.723556518554702, 18.471210479736399 ], [ -99.683486938476506, 18.500289916992202 ], [ -99.663200378417997, 18.488998413085898 ], [ -99.672012329101506, 18.4816493988038 ], [ -99.667839050292898, 18.473049163818299 ], [ -99.648330688476605, 18.466989517211999 ], [ -99.632102966308594, 18.3998928070068 ] ] ] } },
{ "type": "Feature", "properties": { "NAME_1": "Guerrero", "NAME_2": "José Azueta" }, "geometry": { "type": "GeometryCollection", "geometries": [ { "type": "Polygon", "coordinates": [ [ [ -101.596252441405994, 17.633750915527301 ], [ -101.607917785645, 17.661527633666999 ], [ -101.653747558594006, 17.662361145019499 ], [ -101.642913818359006, 17.669584274291999 ], [ -101.64347076416, 17.7018032073975 ], [ -101.692359924315994, 17.758228302001999 ], [ -101.645240783690994, 17.8041095733643 ], [ -101.612297058105, 17.798540115356602 ], [ -101.593078613280994, 17.809650421142699 ], [ -101.561698913574006, 17.8091011047363 ], [ -101.550071716309006, 17.841590881347798 ], [ -101.530502319335994, 17.855302810668999 ], [ -101.537452697754006, 17.9022407531738 ], [ -101.553451538085994, 17.9382629394532 ], [ -101.586036682129006, 17.962261199951101 ], [ -101.578498840332003, 17.973140716552699 ], [ -101.56413269043, 17.982549667358398 ], [ -101.464363098144005, 17.988002777099599 ], [ -101.347106933594006, 18.0311508178712 ], [ -101.300590515137003, 18.011890411376999 ], [ -101.288932800292997, 18.015369415283299 ], [ -101.278137207030994, 18.033769607543899 ], [ -101.250602722167997, 18.026590347290099 ], [ -101.229682922362997, 17.994430541992202 ], [ -101.21981048584, 17.9264812469482 ], [ -101.203338623047003, 17.9091701507569 ], [ -101.21452331543, 17.895971298217798 ], [ -101.207511901855, 17.869260787963899 ], [ -101.222587585449006, 17.852260589599599 ], [ -101.257049560547003, 17.856910705566399 ], [ -101.269653320312003, 17.846990585327202 ], [ -101.226341247559006, 17.8119411468506 ], [ -101.245628356934006, 17.798231124878001 ], [ -101.262336730957003, 17.814857482910298 ], [ -101.27433013916, 17.816471099853601 ], [ -101.293891906737997, 17.7681102752687 ], [ -101.339317321777003, 17.7518405914307 ], [ -101.328453063965, 17.725328445434599 ], [ -101.348037719727003, 17.711309432983398 ], [ -101.343147277832003, 17.6976318359375 ], [ -101.349838256835994, 17.6726398468019 ], [ -101.383605957030994, 17.6428108215332 ], [ -101.390800476074006, 17.6054706573487 ], [ -101.41837310791, 17.557550430297901 ], [ -101.444030761719006, 17.566085815429702 ], [ -101.507637023925994, 17.622638702392599 ], [ -101.552635192870994, 17.611249923706101 ], [ -101.557640075684006, 17.620416641235298 ], [ -101.545974731445, 17.6254177093507 ], [ -101.552635192870994, 17.638750076293899 ], [ -101.572364807129006, 17.621803283691499 ], [ -101.577362060547003, 17.636249542236399 ], [ -101.596252441405994, 17.633750915527301 ] ] ] }, { "type": "Polygon", "coordinates": [ [ [ -101.659027099609006, 17.680139541626001 ], [ -101.654304504395, 17.678747177123999 ], [ -101.651802062987997, 17.674583435058601 ], [ -101.660140991210994, 17.674028396606399 ], [ -101.659027099609006, 17.680139541626001 ] ] ] } ] } },
{ "type": "Feature", "properties": { "NAME_1": "Guerrero", "NAME_2": "Juan R. Escudero" }, "geometry": { "type": "Polygon", "coordinates": [ [ [ -99.223846435546903, 17.1828708648681 ], [ -99.227287292480497, 17.166782379150401 ], [ -99.248542785644503, 17.1397495269775 ], [ -99.335906982421903, 17.145959854126001 ], [ -99.418457031249901, 17.122291564941499 ], [ -99.4373779296875, 17.092069625854499 ], [ -99.492973327636705, 17.090171813964801 ], [ -99.501617431640597, 17.151679992675898 ], [ -99.560836791992102, 17.188520431518601 ], [ -99.532707214355398, 17.209590911865298 ], [ -99.4844970703125, 17.218999862670799 ], [ -99.450157165527301, 17.2560100555419 ], [ -99.400382995605497, 17.227220535278398 ], [ -99.323898315429702, 17.225330352783299 ], [ -99.291946411132798, 17.212720870971602 ], [ -99.276580810546903, 17.1911506652832 ], [ -99.223846435546903, 17.1828708648681 ] ] ] } },
{ "type": "Feature", "properties": { "NAME_1": "Guerrero", "NAME_2": "La Union" }, "geometry": { "type": "Polygon", "coordinates": [ [ [ -101.770973205565994, 17.829860687256001 ], [ -101.769859313965, 17.845138549804702 ], [ -101.805969238280994, 17.8854160308838 ], [ -101.861251831055, 17.915693283081101 ], [ -101.865135192870994, 17.910139083862401 ], [ -101.870697021484006, 17.9195842742919 ], [ -101.963470458984006, 17.9679164886475 ], [ -102.04069519043, 17.989305496215799 ], [ -102.064582824707003, 17.988193511962798 ], [ -102.101249694824006, 17.9815273284913 ], [ -102.118469238280994, 17.957639694213899 ], [ -102.137763977050994, 17.951250076293999 ], [ -102.170516967772997, 17.980310440063601 ], [ -102.180557250977003, 18.012081146240199 ], [ -102.185997009277003, 18.118659973144599 ], [ -102.17130279541, 18.169549942016602 ], [ -102.145812988280994, 18.18630027771 ], [ -102.044189453125, 18.217180252075298 ], [ -102.002403259277003, 18.2091693878175 ], [ -101.982940673827997, 18.2251300811768 ], [ -101.947807312012003, 18.2327995300294 ], [ -101.91739654541, 18.262271881103501 ], [ -101.874755859375, 18.254472732543899 ], [ -101.859992980957003, 18.243810653686602 ], [ -101.822776794434006, 18.194137573242202 ], [ -101.809036254882997, 18.141250610351499 ], [ -101.765083312987997, 18.119010925293001 ], [ -101.733131408690994, 18.087720870971701 ], [ -101.727577209472997, 18.073179244995099 ], [ -101.740226745605, 18.0522994995118 ], [ -101.736557006835994, 18.0442008972169 ], [ -101.561508178710994, 17.946342468261701 ], [ -101.528930664062003, 17.873260498046999 ], [ -101.530502319335994, 17.855302810668999 ], [ -101.550071716309006, 17.841590881347798 ], [ -101.561698913574006, 17.8091011047363 ], [ -101.593078613280994, 17.809650421142699 ], [ -101.612297058105, 17.798540115356602 ], [ -101.645240783690994, 17.8041095733643 ], [ -101.692359924315994, 17.758228302001999 ], [ -101.74764251709, 17.7923603057862 ], [ -101.748191833495994, 17.8104152679444 ], [ -101.770973205565994, 17.829860687256001 ] ] ] } },
{ "type": "Feature", "properties": { "NAME_1": "Guerrero", "NAME_2": "Leonardo Bravo" }, "geometry": { "type": "Polygon", "coordinates": [ [ [ -99.922149658203097, 17.461999893188501 ], [ -99.912551879882798, 17.538280487060501 ], [ -99.897186279296804, 17.542989730835 ], [ -99.864738464355497, 17.535961151123001 ], [ -99.851600646972599, 17.550220489502099 ], [ -99.908805847167997, 17.57200050354 ], [ -99.863700866699205, 17.582370758056602 ], [ -99.799377441406193, 17.625289916992301 ], [ -99.792152404785199, 17.6374912261963 ], [ -99.809959411621094, 17.6521511077882 ], [ -99.761306762695298, 17.714220046997202 ], [ -99.741127014160199, 17.727180480956999 ], [ -99.738533020019503, 17.7504196166993 ], [ -99.71240234375, 17.754440307617099 ], [ -99.701026916503807, 17.746610641479499 ], [ -99.696105957031193, 17.6904106140138 ], [ -99.688713073730398, 17.6815795898437 ], [ -99.655693054199205, 17.682020187378001 ], [ -99.630447387695298, 17.665042877197401 ], [ -99.601387023925795, 17.665620803833001 ], [ -99.589591979980497, 17.685270309448299 ], [ -99.578392028808494, 17.6888103485107 ], [ -99.577957153320298, 17.542650222778299 ], [ -99.591850280761705, 17.540380477905401 ], [ -99.611877441406193, 17.553871154785199 ], [ -99.629882812499901, 17.516210556030298 ], [ -99.703796386718693, 17.484081268310501 ], [ -99.747177124023395, 17.452140808105401 ], [ -99.771926879882798, 17.417659759521602 ], [ -99.780113220214801, 17.440679550170898 ], [ -99.807579040527301, 17.4580383300781 ], [ -99.856826782226605, 17.469041824340898 ], [ -99.922149658203097, 17.461999893188501 ] ] ] } },
{ "type": "Feature", "properties": { "NAME_1": "Guerrero", "NAME_2": "Malinaltepec" }, "geometry": { "type": "Polygon", "coordinates": [ [ [ -98.607650756835795, 17.117080688476602 ], [ -98.631118774414105, 17.143930435180799 ], [ -98.624656677246094, 17.152772903442401 ], [ -98.602661132812401, 17.147590637206999 ], [ -98.598457336425795, 17.152589797973601 ], [ -98.620590209960895, 17.207471847534201 ], [ -98.610870361328097, 17.228040695190401 ], [ -98.615463256835895, 17.259340286254801 ], [ -98.580337524414105, 17.311639785766602 ], [ -98.584197998046903, 17.329980850219702 ], [ -98.599220275878906, 17.341140747070298 ], [ -98.601257324218693, 17.3730201721193 ], [ -98.586166381835895, 17.3733196258544 ], [ -98.569000244140597, 17.422061920166101 ], [ -98.523101806640597, 17.4157905578613 ], [ -98.518180847167898, 17.3668193817138 ], [ -98.524497985839801, 17.345779418945401 ], [ -98.499549865722699, 17.3413410186769 ], [ -98.491882324218807, 17.300359725952202 ], [ -98.466423034667997, 17.299970626831101 ], [ -98.442070007324205, 17.279340744018601 ], [ -98.476013183593693, 17.194099426269499 ], [ -98.443122863769503, 17.182388305664201 ], [ -98.436256408691307, 17.168382644653299 ], [ -98.406166076660199, 17.159481048583999 ], [ -98.430892944335895, 17.141090393066399 ], [ -98.429512023925795, 17.124309539795 ], [ -98.476547241210895, 17.092252731323299 ], [ -98.474807739257798, 17.074171066284201 ], [ -98.493721008300795, 17.032659530639599 ], [ -98.540756225585895, 17.067239761352699 ], [ -98.562026977539105, 17.0675582885743 ], [ -98.536766052245994, 17.015632629394599 ], [ -98.546112060546804, 17.0077629089357 ], [ -98.574737548828097, 17.021619796752901 ], [ -98.589530944824105, 17.0082607269287 ], [ -98.600326538085895, 17.011669158935501 ], [ -98.593269348144503, 17.036840438842901 ], [ -98.614196777343693, 17.0490207672119 ], [ -98.594383239745994, 17.059869766235401 ], [ -98.583183288574205, 17.087789535522401 ], [ -98.587615966796804, 17.102239608764801 ], [ -98.607650756835795, 17.117080688476602 ] ] ] } },
{ "type": "Feature", "properties": { "NAME_1": "Guerrero", "NAME_2": "Mártir de Cuilapan" }, "geometry": { "type": "Polygon", "coordinates": [ [ [ -99.233421325683494, 17.911430358886701 ], [ -99.243118286132798, 17.880760192871101 ], [ -99.216072082519503, 17.792850494384901 ], [ -99.199928283691406, 17.781761169433601 ], [ -99.190353393554702, 17.7541904449463 ], [ -99.192436218261705, 17.7340011596681 ], [ -99.204330444335895, 17.736669540405199 ], [ -99.209457397460895, 17.7276210784913 ], [ -99.201812744140597, 17.658191680908299 ], [ -99.258171081542997, 17.657558441162202 ], [ -99.297256469726605, 17.69460105896 ], [ -99.319068908691307, 17.701339721679702 ], [ -99.327888488769503, 17.7246398925782 ], [ -99.351058959960895, 17.713029861450298 ], [ -99.374496459960895, 17.739620208740298 ], [ -99.396842956542997, 17.748359680175799 ], [ -99.400672912597699, 17.763931274414201 ], [ -99.383972167968807, 17.782140731811602 ], [ -99.409591674804602, 17.8337306976319 ], [ -99.455528259277301, 17.8507099151612 ], [ -99.4586181640625, 17.866071701049901 ], [ -99.431602478027301, 17.863260269165 ], [ -99.449333190917898, 17.883029937744201 ], [ -99.448677062988196, 17.8953380584718 ], [ -99.487876892089801, 17.905281066894599 ], [ -99.493408203124901, 17.9132194519044 ], [ -99.490257263183494, 17.922901153564499 ], [ -99.466278076171903, 17.930770874023501 ], [ -99.443717956542898, 17.927431106567401 ], [ -99.417831420898395, 17.9427299499512 ], [ -99.394760131835895, 17.938510894775401 ], [ -99.389732360839801, 17.962802886963001 ], [ -99.371818542480398, 17.9510803222657 ], [ -99.342178344726605, 17.961561203002901 ], [ -99.327445983886705, 17.945070266723601 ], [ -99.301193237304702, 17.942710876464801 ], [ -99.278053283691307, 17.923040390014599 ], [ -99.233421325683494, 17.911430358886701 ] ] ] } },
{ "type": "Feature", "properties": { "NAME_1": "Guerrero", "NAME_2": "Metlatónoc" }, "geometry": { "type": "Polygon", "coordinates": [ [ [ -98.495826721191406, 16.977331161499102 ], [ -98.444473266601506, 17.0453701019288 ], [ -98.430526733398395, 17.096849441528299 ], [ -98.436256408691307, 17.104650497436602 ], [ -98.452606201171903, 17.091100692749102 ], [ -98.461486816406193, 17.1002502441406 ], [ -98.429512023925795, 17.124309539795 ], [ -98.430892944335895, 17.141090393066399 ], [ -98.406166076660199, 17.159481048583999 ], [ -98.436256408691307, 17.168382644653299 ], [ -98.448341369628906, 17.1849899291993 ], [ -98.473793029785199, 17.190111160278299 ], [ -98.475967407226605, 17.203060150146499 ], [ -98.443809509277202, 17.277959823608398 ], [ -98.429206848144503, 17.282068252563501 ], [ -98.401657104492102, 17.2621784210206 ], [ -98.392967224120994, 17.270219802856399 ], [ -98.394996643066406, 17.303880691528398 ], [ -98.406227111816307, 17.330850601196399 ], [ -98.399719238281193, 17.3773097991943 ], [ -98.372695922851605, 17.385099411010899 ], [ -98.352912902832003, 17.365301132202099 ], [ -98.328376770019503, 17.362171173095799 ], [ -98.274848937988295, 17.332960128784201 ], [ -98.225219726562401, 17.293319702148398 ], [ -98.221900939941406, 17.280921936035199 ], [ -98.242202758788906, 17.2635097503662 ], [ -98.227691650390597, 17.2698707580568 ], [ -98.237457275390597, 17.185390472412099 ], [ -98.225700378417898, 17.1707782745362 ], [ -98.205787658691406, 17.1637992858888 ], [ -98.202949523925795, 17.1255702972412 ], [ -98.180221557617202, 17.102489471435501 ], [ -98.210098266601605, 17.0971603393556 ], [ -98.236152648925795, 17.116790771484499 ], [ -98.252670288085895, 17.1060390472413 ], [ -98.255447387695298, 17.0943412780762 ], [ -98.245979309082003, 17.087520599365298 ], [ -98.282623291015597, 17.071359634399499 ], [ -98.287117004394503, 17.0624694824218 ], [ -98.252830505371094, 17.054491043090799 ], [ -98.257499694824205, 17.041730880737401 ], [ -98.372558593749901, 16.989931106567401 ], [ -98.345756530761705, 16.973920822143501 ], [ -98.347892761230497, 16.947629928588899 ], [ -98.445991516113196, 16.9586505889893 ], [ -98.465576171875, 16.989120483398501 ], [ -98.484306335449205, 16.97269821167 ], [ -98.495826721191406, 16.977331161499102 ] ] ] } },
{ "type": "Feature", "properties": { "NAME_1": "Guerrero", "NAME_2": "Mochitlán" }, "geometry": { "type": "Polygon", "coordinates": [ [ [ -99.218406677246094, 17.5048217773438 ], [ -99.211051940917997, 17.492181777954201 ], [ -99.194427490234304, 17.493850708007901 ], [ -99.186317443847599, 17.478967666626001 ], [ -99.1737060546875, 17.474510192871101 ], [ -99.1875, 17.450019836425898 ], [ -99.202392578125, 17.447282791137699 ], [ -99.221443176269503, 17.455881118774499 ], [ -99.226676940917898, 17.450172424316499 ], [ -99.193222045898395, 17.394809722900298 ], [ -99.184432983398295, 17.361629486083899 ], [ -99.175506591796903, 17.3591117858888 ], [ -99.161842346191406, 17.3692016601562 ], [ -99.158157348632798, 17.3596496582031 ], [ -99.211639404296903, 17.291650772094702 ], [ -99.201255798339801, 17.276649475097599 ], [ -99.207221984863196, 17.2653903961182 ], [ -99.249603271484403, 17.2370204925538 ], [ -99.258766174316406, 17.215040206909201 ], [ -99.258499145507798, 17.1881008148193 ], [ -99.272621154785099, 17.1898708343506 ], [ -99.291946411132798, 17.212720870971602 ], [ -99.323898315429702, 17.225330352783299 ], [ -99.353347778320298, 17.2268600463868 ], [ -99.370925903320298, 17.242610931396399 ], [ -99.419937133789105, 17.312170028686602 ], [ -99.426048278808594, 17.372270584106399 ], [ -99.404327392578097, 17.425809860229499 ], [ -99.378768920898395, 17.436120986938601 ], [ -99.379226684570298, 17.4446105957032 ], [ -99.394065856933594, 17.4532794952394 ], [ -99.386322021484304, 17.4677410125732 ], [ -99.3359375, 17.474971771240199 ], [ -99.310516357421903, 17.496740341186499 ], [ -99.288887023925795, 17.5023193359375 ], [ -99.218406677246094, 17.5048217773438 ] ] ] } },
{ "type": "Feature", "properties": { "NAME_1": "Guerrero", "NAME_2": "Olinalá" }, "geometry": { "type": "Polygon", "coordinates": [ [ [ -98.504997253417997, 17.884159088134801 ], [ -98.614486694335895, 17.8084812164306 ], [ -98.684883117675696, 17.7398910522462 ], [ -98.751701354980497, 17.740800857543899 ], [ -98.747833251953097, 17.8017196655275 ], [ -98.752082824707003, 17.811500549316399 ], [ -98.763168334960895, 17.811010360717901 ], [ -98.753669738769503, 17.834150314331101 ], [ -98.772140502929602, 17.826520919799801 ], [ -98.774192810058594, 17.840839385986399 ], [ -98.789566040039105, 17.8584499359131 ], [ -98.813728332519503, 17.8536090850831 ], [ -98.852096557617202, 17.8778495788575 ], [ -98.825218200683594, 17.881410598754901 ], [ -98.854286193847699, 17.917341232299801 ], [ -98.811920166015597, 17.9799499511719 ], [ -98.771652221679602, 17.971929550171001 ], [ -98.823722839355398, 18.0188007354737 ], [ -98.836936950683594, 18.044570922851602 ], [ -98.822158813476605, 18.049880981445401 ], [ -98.787559509277301, 18.04421043396 ], [ -98.750137329101605, 18.0599994659425 ], [ -98.740837097167997, 18.078010559082099 ], [ -98.723121643066307, 18.085678100586001 ], [ -98.616912841796903, 18.050500869751101 ], [ -98.597320556640597, 18.026901245117202 ], [ -98.548973083495994, 18.012781143188501 ], [ -98.556358337402301, 17.963239669799901 ], [ -98.542510986328097, 17.9518718719482 ], [ -98.541625976562401, 17.922420501708999 ], [ -98.510520935058594, 17.9027004241944 ], [ -98.504997253417997, 17.884159088134801 ] ] ] } },
{ "type": "Feature", "properties": { "NAME_1": "Guerrero", "NAME_2": "Ometepec" }, "geometry": { "type": "Polygon", "coordinates": [ [ [ -98.434745788574205, 16.6497306823731 ], [ -98.386917114257798, 16.678461074829201 ], [ -98.365447998046903, 16.7004508972169 ], [ -98.341590881347699, 16.703050613403398 ], [ -98.351730346679702, 16.746730804443398 ], [ -98.325088500976605, 16.7565612792969 ], [ -98.324806213378906, 16.7630710601807 ], [ -98.368080139160099, 16.762069702148398 ], [ -98.378433227539105, 16.770732879638601 ], [ -98.345222473144503, 16.8026809692382 ], [ -98.322067260742202, 16.806129455566399 ], [ -98.302131652832003, 16.789709091186499 ], [ -98.281822204589801, 16.797729492187401 ], [ -98.255180358886705, 16.776630401611399 ], [ -98.243156433105398, 16.796710968017599 ], [ -98.263236999511705, 16.817850112915 ], [ -98.226806640625, 16.817060470581101 ], [ -98.171600341796804, 16.783740997314499 ], [ -98.184600830077997, 16.759019851684702 ], [ -98.181686401367202, 16.7500305175781 ], [ -98.143173217773395, 16.749740600586001 ], [ -98.180702209472699, 16.724292755126999 ], [ -98.184257507324205, 16.680429458618299 ], [ -98.194763183593807, 16.663379669189499 ], [ -98.260978698730398, 16.599411010742202 ], [ -98.295005798339801, 16.5790996551513 ], [ -98.327423095703097, 16.606889724731399 ], [ -98.345436096191406, 16.5980129241943 ], [ -98.382011413574105, 16.601060867309599 ], [ -98.407806396484403, 16.6180095672607 ], [ -98.434745788574205, 16.6497306823731 ] ] ] } },
{ "type": "Feature", "properties": { "NAME_1": "Guerrero", "NAME_2": "Pedro Ascencio Alquisiras" }, "geometry": { "type": "Polygon", "coordinates": [ [ [ -99.716827392578097, 18.551929473876999 ], [ -99.718147277832003, 18.5133781433106 ], [ -99.697868347167898, 18.491968154907301 ], [ -99.687110900878807, 18.4984016418456 ], [ -99.723556518554702, 18.471210479736399 ], [ -99.768310546875, 18.466712951660199 ], [ -99.796516418457003, 18.4528503417969 ], [ -99.800888061523295, 18.426618576049801 ], [ -99.816490173339801, 18.4078884124756 ], [ -99.804519653320298, 18.394771575927798 ], [ -99.795722961425696, 18.401199340820401 ], [ -99.790748596191307, 18.395881652831999 ], [ -99.801956176757798, 18.380481719970799 ], [ -99.842178344726506, 18.359350204467798 ], [ -99.822868347167997, 18.3773803710937 ], [ -99.821708679199205, 18.3909301757812 ], [ -99.842178344726506, 18.408872604370099 ], [ -99.854881286621094, 18.399919509887798 ], [ -99.871299743652301, 18.407880783081101 ], [ -99.874877929687401, 18.364280700683601 ], [ -99.908699035644503, 18.391660690307599 ], [ -99.914947509765497, 18.402099609375099 ], [ -99.896011352539105, 18.417680740356399 ], [ -99.898796081542898, 18.450160980224599 ], [ -99.878967285156193, 18.483070373535199 ], [ -99.892776489257798, 18.544410705566499 ], [ -99.834365844726605, 18.5465202331543 ], [ -99.820075988769503, 18.5701084136963 ], [ -99.784828186035199, 18.585742950439599 ], [ -99.759521484375, 18.573570251464901 ], [ -99.738197326660099, 18.574752807617301 ], [ -99.716827392578097, 18.551929473876999 ] ] ] } },
{ "type": "Feature", "properties": { "NAME_1": "Guerrero", "NAME_2": "Petatlán" }, "geometry": { "type": "Polygon", "coordinates": [ [ [ -101.110694885254006, 17.3537502288819 ], [ -101.174583435059006, 17.388471603393601 ], [ -101.179580688477003, 17.409307479858501 ], [ -101.200973510742003, 17.427360534668001 ], [ -101.336807250977003, 17.482639312744201 ], [ -101.338470458984006, 17.490417480468899 ], [ -101.348472595215, 17.487363815307599 ], [ -101.444030761719006, 17.527082443237301 ], [ -101.457359313965, 17.5251388549806 ], [ -101.461524963379006, 17.536249160766701 ], [ -101.443473815917997, 17.536527633667099 ], [ -101.444030761719006, 17.566085815429702 ], [ -101.41837310791, 17.557550430297901 ], [ -101.390800476074006, 17.6054706573487 ], [ -101.383605957030994, 17.6428108215332 ], [ -101.349838256835994, 17.6726398468019 ], [ -101.343147277832003, 17.6976318359375 ], [ -101.348037719727003, 17.711309432983398 ], [ -101.328453063965, 17.725328445434599 ], [ -101.339317321777003, 17.7518405914307 ], [ -101.293891906737997, 17.7681102752687 ], [ -101.27433013916, 17.816471099853601 ], [ -101.262336730957003, 17.814857482910298 ], [ -101.245628356934006, 17.798231124878001 ], [ -101.226341247559006, 17.8119411468506 ], [ -101.268516540527003, 17.843919754028398 ], [ -101.266799926757997, 17.852951049804702 ], [ -101.222587585449006, 17.852260589599599 ], [ -101.207511901855, 17.869260787963899 ], [ -101.117385864257997, 17.873340606689599 ], [ -101.097427368164006, 17.891010284423899 ], [ -101.075187683105, 17.872001647949201 ], [ -101.040145874022997, 17.869579315185501 ], [ -101.030029296875, 17.8508701324463 ], [ -101.027893066405994, 17.8129100799562 ], [ -101.03897857666, 17.786230087280401 ], [ -101.00936126709, 17.769990921020501 ], [ -101.054580688477003, 17.762460708618299 ], [ -101.054077148437003, 17.754520416259901 ], [ -100.960792541504006, 17.736629486083999 ], [ -100.923027038574006, 17.717649459838899 ], [ -100.88289642334, 17.673191070556701 ], [ -100.878112792969006, 17.647129058838001 ], [ -100.893836975097997, 17.595769882202099 ], [ -100.877853393555, 17.597471237182599 ], [ -100.867469787597997, 17.611900329589901 ], [ -100.83309173584, 17.607059478759901 ], [ -100.804512023925994, 17.556770324707099 ], [ -100.879447937012003, 17.496000289916999 ], [ -100.880699157715, 17.466180801391701 ], [ -100.869895935059006, 17.448820114135899 ], [ -100.876747131347997, 17.423339843749901 ], [ -100.867340087890994, 17.411821365356499 ], [ -100.881126403809006, 17.390159606933601 ], [ -100.900177001952997, 17.381700515747099 ], [ -100.896102905272997, 17.3649082183838 ], [ -100.928787231445, 17.371810913086101 ], [ -100.951438903809006, 17.3609294891357 ], [ -100.973320007324006, 17.361629486083899 ], [ -101.007141113280994, 17.317630767822301 ], [ -101.047012329102003, 17.288061141967699 ], [ -101.057594299315994, 17.308778762817401 ], [ -101.110694885254006, 17.3537502288819 ] ] ] } },
{ "type": "Feature", "properties": { "NAME_1": "Guerrero", "NAME_2": "Pilcaya" }, "geometry": { "type": "Polygon", "coordinates": [ [ [ -99.445053100585895, 18.618200302124102 ], [ -99.450813293457003, 18.605960845947401 ], [ -99.525787353515597, 18.631229400634801 ], [ -99.591201782226605, 18.590560913086001 ], [ -99.630790710449205, 18.5982875823975 ], [ -99.663238525390597, 18.646369934081999 ], [ -99.660797119140597, 18.663709640503001 ], [ -99.68017578125, 18.707201004028398 ], [ -99.670341491699205, 18.7169704437256 ], [ -99.650436401367202, 18.716571807861399 ], [ -99.608963012695298, 18.672960281372099 ], [ -99.562080383300696, 18.664829254150401 ], [ -99.529716491699205, 18.647470474243299 ], [ -99.496932983398395, 18.665998458862401 ], [ -99.464836120605497, 18.6614494323732 ], [ -99.447456359863196, 18.642160415649499 ], [ -99.445053100585895, 18.618200302124102 ] ] ] } },
{ "type": "Feature", "properties": { "NAME_1": "Guerrero", "NAME_2": "Pungarabato" }, "geometry": { "type": "Polygon", "coordinates": [ [ [ -100.688850402832003, 18.317710876464801 ], [ -100.67529296875, 18.305469512939499 ], [ -100.647216796875, 18.308559417724702 ], [ -100.616500854492003, 18.347040176391701 ], [ -100.628356933594006, 18.3638916015625 ], [ -100.620002746582003, 18.372369766235401 ], [ -100.604019165039006, 18.382270812988299 ], [ -100.573036193847997, 18.369012832641701 ], [ -100.528106689452997, 18.321029663086001 ], [ -100.544891357422003, 18.227630615234499 ], [ -100.574928283690994, 18.2117729187012 ], [ -100.582092285155994, 18.1957912445068 ], [ -100.596038818359006, 18.202939987182699 ], [ -100.655548095702997, 18.270730972290099 ], [ -100.665657043457003, 18.2728595733644 ], [ -100.67993927002, 18.259069442749102 ], [ -100.689636230469006, 18.262580871581999 ], [ -100.697113037109006, 18.2925529479982 ], [ -100.688850402832003, 18.317710876464801 ] ] ] } },
{ "type": "Feature", "properties": { "NAME_1": "Guerrero", "NAME_2": "Quechultenango" }, "geometry": { "type": "Polygon", "coordinates": [ [ [ -99.258499145507798, 17.1881008148193 ], [ -99.258766174316406, 17.215040206909201 ], [ -99.249603271484403, 17.2370204925538 ], [ -99.207221984863196, 17.2653903961182 ], [ -99.201255798339801, 17.276649475097599 ], [ -99.211639404296903, 17.291650772094702 ], [ -99.158157348632798, 17.3596496582031 ], [ -99.161842346191406, 17.3692016601562 ], [ -99.175506591796903, 17.3591117858888 ], [ -99.184432983398295, 17.361629486083899 ], [ -99.193222045898395, 17.394809722900298 ], [ -99.226676940917898, 17.450172424316499 ], [ -99.221443176269503, 17.455881118774499 ], [ -99.192703247070298, 17.448350906372202 ], [ -99.173751831054602, 17.465091705322301 ], [ -99.1737060546875, 17.474510192871101 ], [ -99.186317443847599, 17.478967666626001 ], [ -99.194427490234304, 17.493850708007901 ], [ -99.213760375976605, 17.4952602386475 ], [ -99.218376159667898, 17.511070251464801 ], [ -99.209861755370994, 17.522172927856399 ], [ -99.190338134765597, 17.509790420532202 ], [ -99.152908325195298, 17.505121231079201 ], [ -99.085769653320298, 17.522712707519499 ], [ -99.052391052246094, 17.507980346679801 ], [ -99.025848388671903, 17.506740570068501 ], [ -99.010612487792997, 17.486722946166999 ], [ -98.998161315917898, 17.493679046630898 ], [ -98.970146179199205, 17.4904594421387 ], [ -98.941177368164105, 17.513879776001001 ], [ -98.924812316894503, 17.514001846313501 ], [ -98.889350891113196, 17.413911819458001 ], [ -98.921012878417898, 17.3834209442138 ], [ -98.9755859375, 17.3778305053712 ], [ -98.993560791015597, 17.3530502319337 ], [ -98.941513061523395, 17.291370391845799 ], [ -99.025558471679702, 17.2765808105469 ], [ -99.032318115234304, 17.251201629638601 ], [ -99.044708251953097, 17.2440509796144 ], [ -99.143829345703097, 17.239540100097699 ], [ -99.153739929199205, 17.225091934204201 ], [ -99.143592834472599, 17.202760696411101 ], [ -99.168136596679702, 17.185840606689499 ], [ -99.194869995117202, 17.177579879760899 ], [ -99.203536987304702, 17.1856594085693 ], [ -99.240913391113295, 17.180589675903299 ], [ -99.258499145507798, 17.1881008148193 ] ] ] } },
{ "type": "Feature", "properties": { "NAME_1": "Guerrero", "NAME_2": "San Luis Acatlán" }, "geometry": { "type": "Polygon", "coordinates": [ [ [ -98.822547912597699, 16.871860504150401 ], [ -98.783966064453097, 16.893770217895501 ], [ -98.766456604003906, 16.918310165405298 ], [ -98.750343322753906, 16.9252204895019 ], [ -98.748718261718807, 16.9464302062988 ], [ -98.761543273925696, 16.960269927978601 ], [ -98.756416320800696, 16.985288619995199 ], [ -98.769798278808594, 16.995540618896499 ], [ -98.723876953124901, 17.0460090637207 ], [ -98.724639892578097, 17.064510345458999 ], [ -98.7132568359375, 17.0908298492432 ], [ -98.719207763671804, 17.099880218505898 ], [ -98.708076477050795, 17.111909866333001 ], [ -98.688285827636705, 17.0801105499268 ], [ -98.670967102050696, 17.070590972900401 ], [ -98.607650756835795, 17.117080688476602 ], [ -98.591087341308594, 17.105529785156399 ], [ -98.585327148437401, 17.075229644775401 ], [ -98.614433288574205, 17.046340942382901 ], [ -98.595108032226605, 17.04128074646 ], [ -98.600326538085895, 17.011669158935501 ], [ -98.595008850097699, 17.007730484008899 ], [ -98.574737548828097, 17.021619796752901 ], [ -98.546112060546804, 17.0077629089357 ], [ -98.536766052245994, 17.015632629394599 ], [ -98.562026977539105, 17.0675582885743 ], [ -98.540756225585895, 17.067239761352699 ], [ -98.493721008300795, 17.032659530639599 ], [ -98.474807739257798, 17.074171066284201 ], [ -98.476547241210895, 17.092252731323299 ], [ -98.456077575683494, 17.107498168945298 ], [ -98.462547302246094, 17.096910476684599 ], [ -98.452606201171903, 17.091100692749102 ], [ -98.432807922363196, 17.1013202667237 ], [ -98.453521728515597, 17.029609680175898 ], [ -98.461517333984304, 17.030399322509801 ], [ -98.499351501464801, 16.973159790039201 ], [ -98.511756896972699, 16.967119216919102 ], [ -98.522552490234304, 16.972459793090898 ], [ -98.5430908203125, 16.931259155273398 ], [ -98.545280456542898, 16.8855800628663 ], [ -98.499778747558494, 16.856391906738299 ], [ -98.507125854492102, 16.829139709472798 ], [ -98.530357360839801, 16.812089920043899 ], [ -98.563026428222699, 16.808498382568299 ], [ -98.579429626464801, 16.816297531128001 ], [ -98.701957702636705, 16.772190093994201 ], [ -98.742073059082003, 16.765811920166001 ], [ -98.767807006835895, 16.740140914916999 ], [ -98.800491333007798, 16.723960876464801 ], [ -98.816551208496094, 16.6999912261963 ], [ -98.854827880859304, 16.695491790771499 ], [ -98.860412597656193, 16.734830856323299 ], [ -98.839157104492202, 16.749450683593899 ], [ -98.818443298339801, 16.7801399230957 ], [ -98.795509338378807, 16.7900905609131 ], [ -98.768775939941406, 16.8296203613281 ], [ -98.778060913085895, 16.835149765014702 ], [ -98.789710998535199, 16.826219558715799 ], [ -98.791618347167997, 16.8553180694581 ], [ -98.822547912597699, 16.871860504150401 ] ] ] } },
{ "type": "Feature", "properties": { "NAME_1": "Guerrero", "NAME_2": "San Marcos" }, "geometry": { "type": "Polygon", "coordinates": [ [ [ -99.157890319824205, 16.6148586273194 ], [ -99.414024353027301, 16.674861907958999 ], [ -99.530220031738196, 16.690441131591701 ], [ -99.526702880859304, 16.736610412597699 ], [ -99.553146362304702, 16.763679504394599 ], [ -99.553672790527301, 16.788810729980501 ], [ -99.543220520019503, 16.802499771118299 ], [ -99.536186218261705, 16.835950851440501 ], [ -99.463951110839801, 16.891529083251999 ], [ -99.456916809082003, 16.9054183959962 ], [ -99.495925903320298, 16.937191009521602 ], [ -99.498596191406193, 16.9634094238282 ], [ -99.480155944824205, 17.0106105804444 ], [ -99.490440368652301, 17.035270690918001 ], [ -99.5015869140625, 17.0388793945312 ], [ -99.517745971679702, 17.017190933227599 ], [ -99.533782958984403, 17.016099929809599 ], [ -99.557998657226605, 16.985481262207099 ], [ -99.583511352539006, 16.997310638427798 ], [ -99.561447143554702, 17.0166206359863 ], [ -99.551002502441307, 17.042421340942401 ], [ -99.506362915039006, 17.054090499877901 ], [ -99.501350402832003, 17.085840225219702 ], [ -99.443786621093807, 17.0902004241944 ], [ -99.429290771484403, 17.1114807128906 ], [ -99.414207458496094, 17.110370635986399 ], [ -99.328323364257798, 17.033531188964801 ], [ -99.303031921386705, 16.9733695983887 ], [ -99.336990356445298, 16.949939727783299 ], [ -99.361038208007798, 16.9616298675538 ], [ -99.348587036132798, 16.914180755615199 ], [ -99.256118774414006, 16.903570175170898 ], [ -99.221122741699205, 16.881650924682599 ], [ -99.216537475585895, 16.897300720214801 ], [ -99.207412719726506, 16.901229858398501 ], [ -99.190979003906193, 16.882801055908299 ], [ -99.138496398925795, 16.872970581054702 ], [ -99.137199401855398, 16.831148147583001 ], [ -99.120773315429702, 16.814279556274499 ], [ -99.117919921875, 16.799190521240199 ], [ -99.11474609375, 16.774320602416999 ], [ -99.125091552734304, 16.742771148681701 ], [ -99.117752075195298, 16.724420547485401 ], [ -99.134185791015597, 16.687429428100501 ], [ -99.149551391601605, 16.612470626831001 ], [ -99.157890319824205, 16.6148586273194 ] ] ] } },
{ "type": "Feature", "properties": { "NAME_1": "Guerrero", "NAME_2": "San Miguel Totolapan" }, "geometry": { "type": "Polygon", "coordinates": [ [ [ -100.412948608397997, 17.5200500488281 ], [ -100.400802612305, 17.5659694671631 ], [ -100.40217590332, 17.597209930419901 ], [ -100.428176879882997, 17.620727539062599 ], [ -100.447402954102003, 17.711179733276399 ], [ -100.490592956542997, 17.774480819702099 ], [ -100.48152923584, 17.911880493164102 ], [ -100.470901489257997, 17.952249526977699 ], [ -100.456230163574006, 17.954799652099702 ], [ -100.41877746582, 17.9410095214844 ], [ -100.411560058594006, 17.960100173950099 ], [ -100.408660888672003, 18.0203323364257 ], [ -100.433227539062003, 18.0395412445068 ], [ -100.411956787109006, 18.065811157226602 ], [ -100.406257629394005, 18.0883598327637 ], [ -100.375946044922003, 18.104520797729499 ], [ -100.339012145995994, 18.102979660034201 ], [ -100.283821105957003, 18.1161594390869 ], [ -100.247917175292997, 18.095399856567401 ], [ -100.240020751952997, 18.061109542846602 ], [ -100.254219055175994, 18.0412406921387 ], [ -100.245056152344006, 18.029951095581101 ], [ -100.222587585449006, 18.032110214233299 ], [ -100.173149108887003, 18.054080963134801 ], [ -100.137496948242003, 18.045352935791101 ], [ -100.10424041748, 18.04838180542 ], [ -100.08268737793, 18.074621200561602 ], [ -100.019920349120994, 18.047090530395501 ], [ -100.019256591797003, 18.0099411010743 ], [ -100.048347473144005, 17.9922695159912 ], [ -100.024948120117003, 17.9622402191163 ], [ -99.987213134765597, 17.9593906402588 ], [ -99.985862731933594, 17.949399948120099 ], [ -99.987976074218693, 17.938238143921001 ], [ -100.024841308594006, 17.9297904968263 ], [ -100.018463134765994, 17.913009643554702 ], [ -100.033676147460994, 17.8998527526857 ], [ -100.027076721190994, 17.885530471801701 ], [ -100.054595947265994, 17.8679504394531 ], [ -100.046920776367003, 17.854089736938501 ], [ -100.053436279297003, 17.808101654052798 ], [ -100.02416229248, 17.765430450439499 ], [ -100.027442932129006, 17.730709075927699 ], [ -100.053497314452997, 17.673749923706101 ], [ -100.080276489257997, 17.667730331421001 ], [ -100.127632141112997, 17.671211242675799 ], [ -100.173179626465, 17.654010772705199 ], [ -100.158737182617003, 17.619489669799901 ], [ -100.17472076416, 17.5783214569093 ], [ -100.201850891112997, 17.553941726684599 ], [ -100.199089050292997, 17.541980743408299 ], [ -100.174842834472997, 17.5347595214844 ], [ -100.155265808105, 17.464870452880898 ], [ -100.17179107666, 17.458440780639599 ], [ -100.206169128417997, 17.4679775238037 ], [ -100.220680236815994, 17.454942703247099 ], [ -100.233909606934006, 17.4818210601807 ], [ -100.25813293457, 17.485731124878001 ], [ -100.284736633300994, 17.474319458007798 ], [ -100.314239501952997, 17.493249893188501 ], [ -100.412948608397997, 17.5200500488281 ] ] ] } },
{ "type": "Feature", "properties": { "NAME_1": "Guerrero", "NAME_2": "Taxco de Alarcón" }, "geometry": { "type": "Polygon", "coordinates": [ [ [ -99.445167541503807, 18.383110046386701 ], [ -99.480133056640597, 18.376401901245099 ], [ -99.484886169433594, 18.383020401001001 ], [ -99.478797912597599, 18.397108078003001 ], [ -99.494911193847699, 18.3926601409912 ], [ -99.523277282714801, 18.3998203277588 ], [ -99.530090332031193, 18.381669998168899 ], [ -99.551818847656193, 18.3667507171631 ], [ -99.581748962402301, 18.352100372314599 ], [ -99.612022399902301, 18.348659515381001 ], [ -99.624176025390597, 18.374179840087901 ], [ -99.616333007812401, 18.3862705230713 ], [ -99.635330200195199, 18.402820587158299 ], [ -99.648330688476605, 18.466989517211999 ], [ -99.671920776367102, 18.477420806884702 ], [ -99.663200378417997, 18.488998413085898 ], [ -99.675582885742202, 18.501550674438601 ], [ -99.697868347167898, 18.491968154907301 ], [ -99.718147277832003, 18.5133781433106 ], [ -99.716827392578097, 18.551929473876999 ], [ -99.686866760253906, 18.543420791626001 ], [ -99.677871704101605, 18.549819946288999 ], [ -99.674652099609403, 18.570779800415099 ], [ -99.659477233886705, 18.5747299194337 ], [ -99.656608581542997, 18.5518512725831 ], [ -99.638198852539105, 18.544120788574201 ], [ -99.614433288574205, 18.559221267700199 ], [ -99.563606262207003, 18.562200546264599 ], [ -99.540336608886705, 18.5920505523682 ], [ -99.506973266601605, 18.604732513427798 ], [ -99.513908386230398, 18.614629745483398 ], [ -99.534759521484403, 18.620580673217798 ], [ -99.537170410156193, 18.627399444580099 ], [ -99.525787353515597, 18.631229400634801 ], [ -99.450813293457003, 18.605960845947401 ], [ -99.470558166503906, 18.586931228637699 ], [ -99.466583251953097, 18.575580596923899 ], [ -99.410217285156193, 18.5818996429444 ], [ -99.378387451171804, 18.573991775512798 ], [ -99.357650756835895, 18.557630538940401 ], [ -99.370185852050696, 18.5406303405762 ], [ -99.405357360839801, 18.530239105224702 ], [ -99.415306091308494, 18.501592636108501 ], [ -99.397605895996094, 18.4919128417969 ], [ -99.408897399902301, 18.47585105896 ], [ -99.405067443847699, 18.460411071777301 ], [ -99.426086425781193, 18.451538085937599 ], [ -99.423431396484403, 18.4290981292725 ], [ -99.444869995117102, 18.408309936523398 ], [ -99.445167541503807, 18.383110046386701 ] ] ] } },
{ "type": "Feature", "properties": { "NAME_1": "Guerrero", "NAME_2": "Tecoanapa" }, "geometry": { "type": "Polygon", "coordinates": [ [ [ -99.429290771484403, 17.1114807128906 ], [ -99.418457031249901, 17.122291564941499 ], [ -99.3280029296875, 17.1474208831788 ], [ -99.248542785644503, 17.1397495269775 ], [ -99.227287292480497, 17.166782379150401 ], [ -99.223846435546903, 17.1828708648681 ], [ -99.212448120117102, 17.186170578003001 ], [ -99.184722900390597, 17.1668491363525 ], [ -99.179237365722699, 17.148250579833999 ], [ -99.184150695800795, 17.119699478149499 ], [ -99.165328979492102, 17.114458084106399 ], [ -99.160568237304602, 17.0907497406006 ], [ -99.149681091308594, 17.092050552368299 ], [ -99.138832092285099, 17.116470336914102 ], [ -99.063583374023395, 17.120418548583999 ], [ -99.065292358398395, 17.1061401367187 ], [ -99.097671508789105, 17.083801269531399 ], [ -99.110992431640597, 16.992940902710099 ], [ -99.099761962890597, 16.9729328155518 ], [ -99.132888793945298, 16.968200683593899 ], [ -99.126296997070298, 16.939041137695401 ], [ -99.108436584472699, 16.9291095733643 ], [ -99.104866027832003, 16.872190475463899 ], [ -99.116950988769503, 16.866430282592798 ], [ -99.186271667480497, 16.8813209533693 ], [ -99.207412719726506, 16.901229858398501 ], [ -99.216537475585895, 16.897300720214801 ], [ -99.221122741699205, 16.881650924682599 ], [ -99.256118774414006, 16.903570175170898 ], [ -99.351570129394503, 16.9161396026612 ], [ -99.361038208007798, 16.9616298675538 ], [ -99.341926574707003, 16.949211120605501 ], [ -99.326446533203097, 16.962560653686602 ], [ -99.308166503906193, 16.9650611877443 ], [ -99.306365966796903, 16.9934902191163 ], [ -99.328323364257798, 17.033531188964801 ], [ -99.367576599121094, 17.0742206573487 ], [ -99.395828247070298, 17.090230941772599 ], [ -99.410491943359403, 17.108650207519499 ], [ -99.429290771484403, 17.1114807128906 ] ] ] } },
{ "type": "Feature", "properties": { "NAME_1": "Guerrero", "NAME_2": "Técpan de Galeana" }, "geometry": { "type": "Polygon", "coordinates": [ [ [ -100.500732421875, 17.17440032959 ], [ -100.522666931152003, 17.161439895629901 ], [ -100.538475036620994, 17.097639083862401 ], [ -100.649024963379006, 17.130418777465799 ], [ -100.64680480957, 17.137081146240298 ], [ -100.652084350585994, 17.131528854370099 ], [ -100.680694580077997, 17.138750076294102 ], [ -100.82763671875, 17.197082519531399 ], [ -100.903472900390994, 17.218471527099702 ], [ -100.901252746582003, 17.223194122314499 ], [ -101.006530761719006, 17.251527786254801 ], [ -101.035972595215, 17.269861221313501 ], [ -101.064025878905994, 17.268194198608501 ], [ -101.063751220702997, 17.277082443237401 ], [ -101.054306030272997, 17.280416488647401 ], [ -101.052360534667997, 17.301292419433601 ], [ -101.047012329102003, 17.288061141967699 ], [ -101.020401000977003, 17.306310653686602 ], [ -100.973320007324006, 17.361629486083899 ], [ -100.951438903809006, 17.3609294891357 ], [ -100.928787231445, 17.371810913086101 ], [ -100.894416809082003, 17.3667297363281 ], [ -100.900177001952997, 17.381700515747099 ], [ -100.881126403809006, 17.390159606933601 ], [ -100.867340087890994, 17.411821365356499 ], [ -100.876747131347997, 17.423339843749901 ], [ -100.869895935059006, 17.448820114135899 ], [ -100.880699157715, 17.466180801391701 ], [ -100.879447937012003, 17.496000289916999 ], [ -100.805122375487997, 17.5536308288575 ], [ -100.807121276855, 17.568780899047901 ], [ -100.83309173584, 17.607059478759901 ], [ -100.867469787597997, 17.611900329589901 ], [ -100.877853393555, 17.597471237182599 ], [ -100.893836975097997, 17.595769882202099 ], [ -100.878112792969006, 17.647129058838001 ], [ -100.88289642334, 17.673191070556701 ], [ -100.92032623291, 17.714330673217901 ], [ -100.863037109375, 17.697870254516602 ], [ -100.846046447754006, 17.701250076294102 ], [ -100.835708618164006, 17.715192794799901 ], [ -100.81175994873, 17.710819244384901 ], [ -100.811332702637003, 17.695491790771499 ], [ -100.795883178710994, 17.6773395538331 ], [ -100.784660339355, 17.6902599334718 ], [ -100.775856018065994, 17.688459396362301 ], [ -100.760643005370994, 17.661729812622099 ], [ -100.695579528809006, 17.6308708190919 ], [ -100.65998840332, 17.6038703918456 ], [ -100.555236816405994, 17.604740142822301 ], [ -100.519546508789006, 17.596208572387699 ], [ -100.430763244629006, 17.629119873046999 ], [ -100.405456542969006, 17.603149414062599 ], [ -100.400802612305, 17.5659694671631 ], [ -100.413612365722997, 17.510290145873999 ], [ -100.385231018065994, 17.477159500121999 ], [ -100.359222412109006, 17.465270996093899 ], [ -100.354927062987997, 17.452028274536101 ], [ -100.396896362305, 17.453569412231399 ], [ -100.428176879882997, 17.4800205230712 ], [ -100.438278198242003, 17.477479934692401 ], [ -100.442169189452997, 17.441379547119102 ], [ -100.434661865234006, 17.402530670166101 ], [ -100.409103393555, 17.382440567016602 ], [ -100.402290344237997, 17.365720748901399 ], [ -100.412567138672003, 17.3567829132081 ], [ -100.426132202147997, 17.311590194702202 ], [ -100.453018188477003, 17.293460845947301 ], [ -100.462257385254006, 17.262052536010799 ], [ -100.495635986327997, 17.236619949340898 ], [ -100.481887817382997, 17.2175407409669 ], [ -100.510612487792997, 17.1963710784912 ], [ -100.500732421875, 17.17440032959 ] ] ] } },
{ "type": "Feature", "properties": { "NAME_1": "Guerrero", "NAME_2": "Teloloapan" }, "geometry": { "type": "Polygon", "coordinates": [ [ [ -99.620918273925696, 18.2576198577881 ], [ -99.660018920898395, 18.269701004028299 ], [ -99.681846618652301, 18.266500473022599 ], [ -99.672012329101506, 18.2217082977294 ], [ -99.679969787597699, 18.194890975952202 ], [ -99.695419311523395, 18.201248168945401 ], [ -99.694847106933594, 18.221189498901399 ], [ -99.707305908203097, 18.2247104644775 ], [ -99.728828430175795, 18.215488433837901 ], [ -99.733062744140597, 18.189220428466701 ], [ -99.890319824218693, 18.1437797546388 ], [ -99.907676696777301, 18.164039611816499 ], [ -99.935852050781193, 18.1744308471681 ], [ -99.935707092285099, 18.187009811401399 ], [ -99.913116455078097, 18.205039978027401 ], [ -99.873626708984304, 18.194982528686602 ], [ -99.850639343261705, 18.207250595092798 ], [ -99.828056335449205, 18.202299118041999 ], [ -99.807266235351506, 18.210359573364201 ], [ -99.778381347656094, 18.202070236206101 ], [ -99.762580871582003, 18.2129306793213 ], [ -99.797370910644503, 18.239881515502901 ], [ -99.820091247558594, 18.229732513427699 ], [ -99.880508422851506, 18.223350524902401 ], [ -99.898376464843807, 18.234340667724702 ], [ -99.913368225097699, 18.226511001586999 ], [ -99.943885803222699, 18.229530334472798 ], [ -99.971786499023295, 18.206779479980501 ], [ -99.989486694335895, 18.20876121521 ], [ -100.025207519530994, 18.1949996948243 ], [ -99.992622375488295, 18.2267799377443 ], [ -100.008590698242003, 18.220041275024499 ], [ -100.026351928710994, 18.240690231323299 ], [ -99.994056701660199, 18.251012802124102 ], [ -100.007751464844006, 18.258741378784201 ], [ -100.000709533690994, 18.26522064209 ], [ -100.012397766112997, 18.2735881805419 ], [ -100.002838134765994, 18.281459808349702 ], [ -100.020080566405994, 18.293939590454102 ], [ -100.009529113769005, 18.304468154907301 ], [ -100.023773193359006, 18.332130432128999 ], [ -100.00887298584, 18.3401107788087 ], [ -99.9927978515625, 18.331720352172901 ], [ -99.983222961425696, 18.3372192382813 ], [ -99.963920593261705, 18.3319606781006 ], [ -99.968208312988295, 18.3785209655762 ], [ -99.984123229980497, 18.3887119293213 ], [ -99.973457336425795, 18.395729064941399 ], [ -99.975166320800795, 18.411800384521602 ], [ -99.964546203613295, 18.4307575225831 ], [ -99.970565795898395, 18.443729400634801 ], [ -100.027290344237997, 18.463630676269499 ], [ -100.054176330565994, 18.498949050903299 ], [ -100.052062988280994, 18.529951095581101 ], [ -100.009346008300994, 18.555482864379901 ], [ -99.966262817382798, 18.538200378418001 ], [ -99.892776489257798, 18.544410705566499 ], [ -99.878967285156193, 18.483070373535199 ], [ -99.898796081542898, 18.450160980224599 ], [ -99.896011352539105, 18.417680740356399 ], [ -99.914947509765497, 18.402099609375099 ], [ -99.874877929687401, 18.364280700683601 ], [ -99.871299743652301, 18.407880783081101 ], [ -99.854881286621094, 18.399919509887798 ], [ -99.845939636230497, 18.409990310668999 ], [ -99.823257446289105, 18.395030975341701 ], [ -99.822868347167997, 18.3773803710937 ], [ -99.842178344726506, 18.359350204467798 ], [ -99.826866149902301, 18.3666896820068 ], [ -99.791976928710895, 18.344949722290099 ], [ -99.742767333984403, 18.352361679077099 ], [ -99.7330322265625, 18.366899490356602 ], [ -99.738456726074205, 18.379722595214801 ], [ -99.717712402343693, 18.3836994171144 ], [ -99.725852966308594, 18.4114894866943 ], [ -99.718505859375, 18.418342590332099 ], [ -99.693130493164105, 18.388059616088899 ], [ -99.625289916992102, 18.3968811035156 ], [ -99.616333007812401, 18.3862705230713 ], [ -99.622642517089801, 18.369050979614201 ], [ -99.601692199707003, 18.330961227417099 ], [ -99.565116882324205, 18.323551177978501 ], [ -99.534683227539006, 18.307449340820298 ], [ -99.573226928710895, 18.284530639648398 ], [ -99.618408203125, 18.2825603485107 ], [ -99.620918273925696, 18.2576198577881 ] ] ] } },
{ "type": "Feature", "properties": { "NAME_1": "Guerrero", "NAME_2": "Tepecoacuilco de Trujano" }, "geometry": { "type": "Polygon", "coordinates": [ [ [ -99.490257263183494, 17.922901153564499 ], [ -99.47412109375, 17.9523105621338 ], [ -99.470642089843807, 17.982360839843899 ], [ -99.462730407714801, 17.986110687255898 ], [ -99.448036193847699, 17.975231170654201 ], [ -99.442428588867202, 17.987211227416999 ], [ -99.436096191406193, 18.0695400238037 ], [ -99.441589355468807, 18.107740402221701 ], [ -99.453506469726605, 18.1119594573975 ], [ -99.462127685546804, 18.1032428741456 ], [ -99.462219238281193, 18.049030303955 ], [ -99.476432800292898, 18.026559829711999 ], [ -99.497261047363295, 18.0276794433594 ], [ -99.495559692382798, 18.000627517700298 ], [ -99.509979248046903, 17.974830627441499 ], [ -99.545387268066307, 17.938552856445298 ], [ -99.564216613769503, 17.937940597534201 ], [ -99.574676513671804, 17.945329666137798 ], [ -99.573326110839801, 17.963010787963999 ], [ -99.539886474609403, 18.058099746704201 ], [ -99.550720214843693, 18.080249786376999 ], [ -99.536170959472699, 18.121089935302798 ], [ -99.537773132324205, 18.166530609130799 ], [ -99.515258789062401, 18.174659729003899 ], [ -99.489196777343693, 18.204862594604599 ], [ -99.409988403320298, 18.2269096374512 ], [ -99.406036376953097, 18.2970790863037 ], [ -99.338088989257798, 18.332010269165199 ], [ -99.316749572753906, 18.294969558715898 ], [ -99.335083007812401, 18.2576599121094 ], [ -99.323143005371094, 18.252332687378001 ], [ -99.305381774902301, 18.265569686889599 ], [ -99.288551330566307, 18.232700347900501 ], [ -99.2935791015625, 18.2080898284913 ], [ -99.335296630859304, 18.183750152587901 ], [ -99.338676452636705, 18.171550750732401 ], [ -99.325119018554702, 18.14559173584 ], [ -99.330871582031193, 18.117630004882798 ], [ -99.338439941406193, 18.101312637329102 ], [ -99.360221862792997, 18.097669601440501 ], [ -99.273086547851605, 18.034790039062599 ], [ -99.259849548339801, 17.978570938110501 ], [ -99.266242980957003, 17.972150802612401 ], [ -99.290092468261705, 17.983289718627901 ], [ -99.298362731933494, 17.962488174438501 ], [ -99.322280883789105, 17.9492206573487 ], [ -99.342178344726605, 17.961561203002901 ], [ -99.371818542480398, 17.9510803222657 ], [ -99.393440246582003, 17.962049484253001 ], [ -99.394760131835895, 17.938510894775401 ], [ -99.417831420898395, 17.9427299499512 ], [ -99.443717956542898, 17.927431106567401 ], [ -99.461090087890597, 17.931770324707099 ], [ -99.490257263183494, 17.922901153564499 ] ] ] } },
{ "type": "Feature", "properties": { "NAME_1": "Guerrero", "NAME_2": "Tetipac" }, "geometry": { "type": "Polygon", "coordinates": [ [ [ -99.748252868652301, 18.578979492187599 ], [ -99.733642578124901, 18.634410858154201 ], [ -99.663238525390597, 18.646369934081999 ], [ -99.630790710449205, 18.5982875823975 ], [ -99.591201782226605, 18.590560913086001 ], [ -99.537170410156193, 18.627399444580099 ], [ -99.507270812988295, 18.6078605651857 ], [ -99.540336608886705, 18.5920505523682 ], [ -99.563606262207003, 18.562200546264599 ], [ -99.614433288574205, 18.559221267700199 ], [ -99.638198852539105, 18.544120788574201 ], [ -99.656608581542997, 18.5518512725831 ], [ -99.659477233886705, 18.5747299194337 ], [ -99.674652099609403, 18.570779800415099 ], [ -99.677871704101605, 18.549819946288999 ], [ -99.686866760253906, 18.543420791626001 ], [ -99.716827392578097, 18.551929473876999 ], [ -99.748252868652301, 18.578979492187599 ] ] ] } },
{ "type": "Feature", "properties": { "NAME_1": "Guerrero", "NAME_2": "Tixtla de Guerrero" }, "geometry": { "type": "Polygon", "coordinates": [ [ [ -99.218406677246094, 17.5048217773438 ], [ -99.310516357421903, 17.496740341186499 ], [ -99.373123168945298, 17.524650573730501 ], [ -99.384651184082003, 17.548410415649499 ], [ -99.409858703613196, 17.565179824829201 ], [ -99.419387817382798, 17.589210510253999 ], [ -99.458160400390597, 17.620670318603501 ], [ -99.459396362304702, 17.654779434204102 ], [ -99.435333251953097, 17.683328628540199 ], [ -99.403526306152301, 17.751140594482401 ], [ -99.379730224609304, 17.7435512542725 ], [ -99.351058959960895, 17.713029861450298 ], [ -99.327888488769503, 17.7246398925782 ], [ -99.319068908691307, 17.701339721679702 ], [ -99.297256469726605, 17.69460105896 ], [ -99.258171081542997, 17.657558441162202 ], [ -99.229560852050795, 17.661689758300799 ], [ -99.260131835937401, 17.603679656982401 ], [ -99.2242431640625, 17.5578708648682 ], [ -99.236022949218693, 17.542249679565501 ], [ -99.209861755370994, 17.522172927856399 ], [ -99.218406677246094, 17.5048217773438 ] ] ] } },
{ "type": "Feature", "properties": { "NAME_1": "Guerrero", "NAME_2": "Tlacoachistlahuaca" }, "geometry": { "type": "Polygon", "coordinates": [ [ [ -98.347892761230497, 16.947629928588899 ], [ -98.345756530761705, 16.973920822143501 ], [ -98.372558593749901, 16.989931106567401 ], [ -98.257499694824205, 17.041730880737401 ], [ -98.252830505371094, 17.054491043090799 ], [ -98.287117004394503, 17.0624694824218 ], [ -98.282623291015597, 17.071359634399499 ], [ -98.245979309082003, 17.087520599365298 ], [ -98.255447387695298, 17.0943412780762 ], [ -98.252670288085895, 17.1060390472413 ], [ -98.231956481933594, 17.116470336914102 ], [ -98.210098266601605, 17.0971603393556 ], [ -98.181556701660199, 17.099292755126999 ], [ -98.202949523925795, 17.1255702972412 ], [ -98.205787658691406, 17.1637992858888 ], [ -98.123718261718807, 17.135889053344801 ], [ -98.105506896972599, 17.090791702270501 ], [ -98.107002258300795, 17.046760559082099 ], [ -98.159683227539006, 17.035129547119102 ], [ -98.190933227539105, 16.962570190429702 ], [ -98.180679321289006, 16.936630249023398 ], [ -98.146392822265597, 16.922389984130898 ], [ -98.207580566406193, 16.8803310394287 ], [ -98.214210510253906, 16.813360214233398 ], [ -98.263236999511705, 16.817850112915 ], [ -98.243156433105398, 16.796710968017599 ], [ -98.251396179199205, 16.7776203155518 ], [ -98.281822204589801, 16.797729492187401 ], [ -98.302131652832003, 16.789709091186499 ], [ -98.322067260742202, 16.806129455566399 ], [ -98.345222473144503, 16.8026809692382 ], [ -98.356506347656193, 16.820810317993299 ], [ -98.384956359863196, 16.8307704925538 ], [ -98.381095886230497, 16.846229553222699 ], [ -98.356948852539105, 16.8512802124025 ], [ -98.352127075195298, 16.860450744628999 ], [ -98.354156494140597, 16.8891105651856 ], [ -98.372726440429602, 16.8897991180419 ], [ -98.345268249511705, 16.9296092987062 ], [ -98.347892761230497, 16.947629928588899 ] ] ] } },
{ "type": "Feature", "properties": { "NAME_1": "Guerrero", "NAME_2": "Tlacoapa" }, "geometry": { "type": "Polygon", "coordinates": [ [ [ -98.708076477050795, 17.111909866333001 ], [ -98.708023071289105, 17.164428710937599 ], [ -98.715431213378906, 17.177270889282301 ], [ -98.735717773437401, 17.1840515136719 ], [ -98.750556945800795, 17.273321151733501 ], [ -98.723976135253807, 17.295810699463001 ], [ -98.725341796875, 17.321580886840799 ], [ -98.711410522460795, 17.333520889282301 ], [ -98.705612182617202, 17.353401184081999 ], [ -98.695182800292898, 17.356981277465898 ], [ -98.694366455078097, 17.368450164795 ], [ -98.65966796875, 17.375659942626999 ], [ -98.601257324218693, 17.3730201721193 ], [ -98.599220275878906, 17.341140747070298 ], [ -98.584197998046903, 17.329980850219702 ], [ -98.580337524414105, 17.311639785766602 ], [ -98.615463256835895, 17.259340286254801 ], [ -98.610870361328097, 17.228040695190401 ], [ -98.620590209960895, 17.207471847534201 ], [ -98.598457336425795, 17.152589797973601 ], [ -98.602661132812401, 17.147590637206999 ], [ -98.624656677246094, 17.152772903442401 ], [ -98.631118774414105, 17.143930435180799 ], [ -98.607650756835795, 17.117080688476602 ], [ -98.670967102050696, 17.070590972900401 ], [ -98.688285827636705, 17.0801105499268 ], [ -98.708076477050795, 17.111909866333001 ] ] ] } },
{ "type": "Feature", "properties": { "NAME_1": "Guerrero", "NAME_2": "Tlalchapa" }, "geometry": { "type": "Polygon", "coordinates": [ [ [ -100.573036193847997, 18.369012832641701 ], [ -100.558158874512003, 18.3814201354981 ], [ -100.533966064452997, 18.381591796874901 ], [ -100.517440795897997, 18.405740737915099 ], [ -100.491828918457003, 18.4109802246094 ], [ -100.461891174315994, 18.468919754028398 ], [ -100.434867858887003, 18.457740783691399 ], [ -100.382270812987997, 18.467269897460898 ], [ -100.324676513672003, 18.452680587768501 ], [ -100.314331054687003, 18.404251098632901 ], [ -100.255302429199006, 18.339300155639702 ], [ -100.256683349609006, 18.318420410156399 ], [ -100.28539276123, 18.311822891235298 ], [ -100.28539276123, 18.266590118408299 ], [ -100.301361083984006, 18.2594299316407 ], [ -100.326766967772997, 18.265449523925799 ], [ -100.340789794922003, 18.277860641479499 ], [ -100.357406616210994, 18.276910781860298 ], [ -100.367858886719006, 18.2689304351807 ], [ -100.375350952147997, 18.241010665893601 ], [ -100.391418457030994, 18.2327194213868 ], [ -100.409782409667997, 18.242549896240298 ], [ -100.441757202147997, 18.296100616455099 ], [ -100.531143188477003, 18.2970695495606 ], [ -100.529823303222997, 18.325830459594801 ], [ -100.573036193847997, 18.369012832641701 ] ] ] } },
{ "type": "Feature", "properties": { "NAME_1": "Guerrero", "NAME_2": "Tlalixtaquilla de Maldonado" }, "geometry": { "type": "Polygon", "coordinates": [ [ [ -98.357612609863295, 17.5619201660157 ], [ -98.351837158203097, 17.590410232544102 ], [ -98.373786926269503, 17.629550933837901 ], [ -98.373626708984403, 17.6610412597656 ], [ -98.325080871582003, 17.690900802612301 ], [ -98.273696899414105, 17.588630676269599 ], [ -98.311241149902301, 17.578052520751999 ], [ -98.337417602539105, 17.554660797119102 ], [ -98.357612609863295, 17.5619201660157 ] ] ] } },
{ "type": "Feature", "properties": { "NAME_1": "Guerrero", "NAME_2": "Tlapa de Comonfort" }, "geometry": { "type": "Polygon", "coordinates": [ [ [ -98.71630859375, 17.579269409179702 ], [ -98.701812744140597, 17.585870742798001 ], [ -98.682769775390597, 17.621049880981399 ], [ -98.687057495117102, 17.638669967651399 ], [ -98.671081542968807, 17.69287109375 ], [ -98.566619873046804, 17.6914997100831 ], [ -98.552947998046903, 17.713140487671001 ], [ -98.521629333495994, 17.703550338745199 ], [ -98.515357971191406, 17.730649948120199 ], [ -98.453437805175696, 17.697982788085898 ], [ -98.431358337402301, 17.658990859985401 ], [ -98.440361022949205, 17.640609741210898 ], [ -98.385757446289105, 17.6391925811768 ], [ -98.354843139648395, 17.59840965271 ], [ -98.389686584472699, 17.588399887085 ], [ -98.401306152343807, 17.549909591674901 ], [ -98.430061340332003, 17.5459098815918 ], [ -98.454322814941406, 17.5282211303712 ], [ -98.447128295898395, 17.5159511566163 ], [ -98.423995971679702, 17.5112419128419 ], [ -98.403709411621094, 17.487049102783299 ], [ -98.417686462402301, 17.4326190948487 ], [ -98.443466186523395, 17.4711017608643 ], [ -98.470756530761705, 17.472110748291001 ], [ -98.483276367187401, 17.514280319213899 ], [ -98.465187072753906, 17.5377101898194 ], [ -98.469673156738295, 17.5459499359131 ], [ -98.556480407714801, 17.536090850830099 ], [ -98.567199707031193, 17.516120910644599 ], [ -98.612846374511705, 17.4905605316163 ], [ -98.668685913085795, 17.5247898101807 ], [ -98.690032958984304, 17.5054912567138 ], [ -98.7112197875975, 17.507030487060501 ], [ -98.705902099609403, 17.5255107879638 ], [ -98.726882934570298, 17.531089782714801 ], [ -98.71630859375, 17.579269409179702 ] ] ] } },
{ "type": "Feature", "properties": { "NAME_1": "Guerrero", "NAME_2": "Tlapehuala" }, "geometry": { "type": "Polygon", "coordinates": [ [ [ -100.30216217041, 18.168228149414102 ], [ -100.328956604004006, 18.167459487915 ], [ -100.360977172852003, 18.188440322876001 ], [ -100.411262512207003, 18.152950286865298 ], [ -100.436279296875, 18.148401260376001 ], [ -100.455032348632997, 18.128120422363299 ], [ -100.524528503417997, 18.1543483734132 ], [ -100.582092285155994, 18.1957912445068 ], [ -100.574928283690994, 18.2117729187012 ], [ -100.544891357422003, 18.227630615234499 ], [ -100.531143188477003, 18.2970695495606 ], [ -100.451210021972997, 18.298030853271499 ], [ -100.437057495117003, 18.293640136718899 ], [ -100.412879943847997, 18.246641159057699 ], [ -100.391418457030994, 18.2327194213868 ], [ -100.375350952147997, 18.241010665893601 ], [ -100.364585876465, 18.273349761962798 ], [ -100.351341247559006, 18.278150558471602 ], [ -100.289009094237997, 18.252531051635799 ], [ -100.282981872559006, 18.240480422973601 ], [ -100.302436828612997, 18.188352584838899 ], [ -100.30216217041, 18.168228149414102 ] ] ] } },
{ "type": "Feature", "properties": { "NAME_1": "Guerrero", "NAME_2": "Xalpatláhuac" }, "geometry": { "type": "Polygon", "coordinates": [ [ [ -98.399719238281193, 17.3773097991943 ], [ -98.419372558593693, 17.378730773925799 ], [ -98.448661804199205, 17.4315204620362 ], [ -98.461677551269503, 17.428779602050799 ], [ -98.452880859375, 17.392692565918001 ], [ -98.458007812499901, 17.3851509094238 ], [ -98.473526000976605, 17.390911102295 ], [ -98.510375976562401, 17.429121017456101 ], [ -98.523101806640597, 17.4157905578613 ], [ -98.569000244140597, 17.422061920166101 ], [ -98.568496704101605, 17.4369297027587 ], [ -98.598312377929702, 17.439250946044901 ], [ -98.612846374511705, 17.4905605316163 ], [ -98.567199707031193, 17.516120910644599 ], [ -98.556480407714801, 17.536090850830099 ], [ -98.469673156738295, 17.5459499359131 ], [ -98.465187072753906, 17.5377101898194 ], [ -98.483276367187401, 17.514280319213899 ], [ -98.470756530761705, 17.472110748291001 ], [ -98.443466186523395, 17.4711017608643 ], [ -98.426567077636705, 17.437168121337798 ], [ -98.414741516113295, 17.433811187744201 ], [ -98.403709411621094, 17.487049102783299 ], [ -98.423995971679702, 17.5112419128419 ], [ -98.447128295898395, 17.5159511566163 ], [ -98.454322814941406, 17.5282211303712 ], [ -98.430061340332003, 17.5459098815918 ], [ -98.401306152343807, 17.549909591674901 ], [ -98.389686584472699, 17.588399887085 ], [ -98.354843139648395, 17.59840965271 ], [ -98.352287292480497, 17.582099914550799 ], [ -98.368263244628807, 17.5282306671144 ], [ -98.335517883300795, 17.516269683838001 ], [ -98.351173400878807, 17.499670028686602 ], [ -98.371849060058594, 17.506919860839801 ], [ -98.376235961914105, 17.5023097991943 ], [ -98.381057739257699, 17.481889724731602 ], [ -98.370887756347699, 17.4633712768556 ], [ -98.400878906249901, 17.414028167724702 ], [ -98.399719238281193, 17.3773097991943 ] ] ] } },
{ "type": "Feature", "properties": { "NAME_1": "Guerrero", "NAME_2": "Xochihuehuetlán" }, "geometry": { "type": "Polygon", "coordinates": [ [ [ -98.550277709960895, 17.976749420166001 ], [ -98.493942260742102, 17.988481521606602 ], [ -98.471977233886705, 17.977991104126101 ], [ -98.441116333007798, 18.011150360107401 ], [ -98.385559082031193, 18.0192604064943 ], [ -98.314872741699105, 17.940378189086999 ], [ -98.250602722167997, 17.909959793090799 ], [ -98.279159545898395, 17.8667812347412 ], [ -98.314132690429702, 17.7758197784425 ], [ -98.393852233886705, 17.791498184203999 ], [ -98.415626525878906, 17.8195209503175 ], [ -98.436782836914105, 17.818122863769599 ], [ -98.449150085449105, 17.8337802886963 ], [ -98.449539184570298, 17.864810943603501 ], [ -98.394493103027301, 17.932052612304702 ], [ -98.383338928222599, 17.971492767333999 ], [ -98.388839721679702, 17.990499496460099 ], [ -98.397216796875, 17.9936828613281 ], [ -98.418502807617102, 17.962760925293001 ], [ -98.448509216308594, 17.963159561157202 ], [ -98.471092224121094, 17.9493293762207 ], [ -98.506156921386705, 17.8933506011962 ], [ -98.543128967285199, 17.9250812530518 ], [ -98.542510986328097, 17.9518718719482 ], [ -98.556358337402301, 17.963239669799901 ], [ -98.550277709960895, 17.976749420166001 ] ] ] } },
{ "type": "Feature", "properties": { "NAME_1": "Guerrero", "NAME_2": "Xochistlahuaca" }, "geometry": { "type": "Polygon", "coordinates": [ [ [ -98.107002258300795, 17.046760559082099 ], [ -98.110130310058594, 17.0171604156494 ], [ -98.103477478027301, 16.9965515136719 ], [ -98.053146362304702, 16.985162734985401 ], [ -98.031661987304702, 16.953540802001999 ], [ -98.021087646484403, 16.9139003753662 ], [ -98.035758972167997, 16.833339691162099 ], [ -98.050857543945298, 16.8024806976318 ], [ -98.101486206054702, 16.753368377685501 ], [ -98.181686401367202, 16.7500305175781 ], [ -98.184600830077997, 16.759019851684702 ], [ -98.171600341796804, 16.783740997314499 ], [ -98.214210510253906, 16.813360214233398 ], [ -98.211708068847699, 16.869068145751999 ], [ -98.200210571289006, 16.889280319213899 ], [ -98.146392822265597, 16.922389984130898 ], [ -98.186332702636705, 16.942300796508899 ], [ -98.189056396484304, 16.9704895019532 ], [ -98.159683227539006, 17.035129547119102 ], [ -98.107002258300795, 17.046760559082099 ] ] ] } },
{ "type": "Feature", "properties": { "NAME_1": "Guerrero", "NAME_2": "Zapotitlán Tablas" }, "geometry": { "type": "Polygon", "coordinates": [ [ [ -98.708076477050795, 17.111909866333001 ], [ -98.719207763671804, 17.099880218505898 ], [ -98.7132568359375, 17.0908298492432 ], [ -98.724639892578097, 17.064510345458999 ], [ -98.723876953124901, 17.0460090637207 ], [ -98.762649536132798, 17.0070095062256 ], [ -98.781967163085895, 17.016269683837901 ], [ -98.812896728515597, 17.015979766845799 ], [ -98.815147399902301, 17.026630401611399 ], [ -98.785217285156193, 17.0364894866943 ], [ -98.782768249511705, 17.045000076293899 ], [ -98.814712524414105, 17.060279846191499 ], [ -98.823646545410099, 17.084207534790199 ], [ -98.840705871582003, 17.074779510498001 ], [ -98.861022949218693, 17.1007404327393 ], [ -98.883552551269503, 17.0871906280518 ], [ -98.900398254394503, 17.104290008545 ], [ -98.921195983886705, 17.107498168945298 ], [ -98.955116271972699, 17.1392307281494 ], [ -98.992530822753807, 17.1419200897218 ], [ -99.0811767578125, 17.170000076293999 ], [ -99.098526000976605, 17.191089630127099 ], [ -99.119087219238196, 17.1909408569337 ], [ -99.143592834472599, 17.202760696411101 ], [ -99.152999877929702, 17.2286682128907 ], [ -99.127716064453097, 17.243850708007798 ], [ -99.035789489746094, 17.246669769287099 ], [ -99.025558471679702, 17.2765808105469 ], [ -98.887702941894503, 17.299800872802798 ], [ -98.816352844238295, 17.394292831420799 ], [ -98.786247253417898, 17.411310195923001 ], [ -98.778450012207003, 17.430131912231499 ], [ -98.767471313476506, 17.4379997253419 ], [ -98.757843017578097, 17.433700561523398 ], [ -98.7039794921875, 17.446960449218899 ], [ -98.663963317871094, 17.469190597534201 ], [ -98.654830932617102, 17.4606018066407 ], [ -98.654266357421804, 17.439439773559599 ], [ -98.690849304199205, 17.414159774780298 ], [ -98.701942443847599, 17.386499404907301 ], [ -98.695182800292898, 17.356981277465898 ], [ -98.705612182617202, 17.353401184081999 ], [ -98.711410522460795, 17.333520889282301 ], [ -98.725341796875, 17.321580886840799 ], [ -98.723976135253807, 17.295810699463001 ], [ -98.750556945800795, 17.273321151733501 ], [ -98.735717773437401, 17.1840515136719 ], [ -98.715431213378906, 17.177270889282301 ], [ -98.708023071289105, 17.164428710937599 ], [ -98.708076477050795, 17.111909866333001 ] ] ] } },
{ "type": "Feature", "properties": { "NAME_1": "Guerrero", "NAME_2": "Zirándaro" }, "geometry": { "type": "Polygon", "coordinates": [ [ [ -101.510711669922003, 18.4822597503662 ], [ -101.482086181640994, 18.4805927276612 ], [ -101.412147521972997, 18.503360748291001 ], [ -101.375526428222997, 18.5007209777832 ], [ -101.367668151855, 18.518310546875099 ], [ -101.348587036132997, 18.514970779418899 ], [ -101.292503356934006, 18.53537940979 ], [ -101.217697143555, 18.5342807769775 ], [ -101.194496154785, 18.512960433959901 ], [ -101.171936035155994, 18.513931274414201 ], [ -101.097763061522997, 18.493970870971701 ], [ -101.054916381835994, 18.504800796508899 ], [ -101.030838012695, 18.501369476318398 ], [ -101.010032653809006, 18.493982315063398 ], [ -100.992851257324006, 18.4591999053956 ], [ -100.97289276123, 18.4475002288819 ], [ -100.962501525879006, 18.430870056152401 ], [ -100.953926086425994, 18.395391464233501 ], [ -100.970596313477003, 18.3484706878663 ], [ -100.954078674315994, 18.328620910644499 ], [ -100.97957611084, 18.277738571167099 ], [ -101.000602722167997, 18.263008117675799 ], [ -101.024307250977003, 18.212871551513601 ], [ -101.070365905762003, 18.163049697875898 ], [ -101.098838806152003, 18.141241073608398 ], [ -101.175018310547003, 18.125320434570401 ], [ -101.209747314452997, 18.074640274047901 ], [ -101.228660583495994, 18.0784511566162 ], [ -101.237892150879006, 18.119670867919901 ], [ -101.274101257324006, 18.132238388061499 ], [ -101.286399841309006, 18.153049468994102 ], [ -101.30029296875, 18.148189544677798 ], [ -101.285102844237997, 18.116470336913999 ], [ -101.324676513672003, 18.113340377807699 ], [ -101.359512329102003, 18.097410202026399 ], [ -101.385932922362997, 18.116529464721701 ], [ -101.39769744873, 18.144309997558501 ], [ -101.422737121582003, 18.163570404052798 ], [ -101.443496704100994, 18.213609695434599 ], [ -101.473266601562003, 18.2563915252687 ], [ -101.487121582030994, 18.300350189208999 ], [ -101.485847473145, 18.328920364379901 ], [ -101.473365783690994, 18.3561305999757 ], [ -101.482078552245994, 18.420040130615199 ], [ -101.510711669922003, 18.4822597503662 ] ] ] } },
{ "type": "Feature", "properties": { "NAME_1": "Guerrero", "NAME_2": "Zitlala" }, "geometry": { "type": "Polygon", "coordinates": [ [ [ -99.233421325683494, 17.911430358886701 ], [ -99.184959411621094, 17.915601730346701 ], [ -99.155418395995994, 17.899869918823299 ], [ -99.146560668945298, 17.905660629272401 ], [ -99.068885803222699, 17.901050567626999 ], [ -99.046531677245994, 17.841890335083001 ], [ -99.014228820800795, 17.852718353271602 ], [ -98.974876403808494, 17.8401699066163 ], [ -98.990768432617202, 17.812891006469702 ], [ -98.997688293457003, 17.772150039672901 ], [ -99.048538208007798, 17.724180221557699 ], [ -99.064178466796903, 17.696060180664201 ], [ -99.100868225097599, 17.676731109619102 ], [ -99.134010314941406, 17.681440353393601 ], [ -99.152732849121094, 17.672121047973601 ], [ -99.150840759277301, 17.6475524902344 ], [ -99.158218383789105, 17.641588211059499 ], [ -99.201156616210895, 17.644121170043899 ], [ -99.209457397460895, 17.7276210784913 ], [ -99.204330444335895, 17.736669540405199 ], [ -99.192436218261705, 17.7340011596681 ], [ -99.190353393554702, 17.7541904449463 ], [ -99.199928283691406, 17.781761169433601 ], [ -99.216072082519503, 17.792850494384901 ], [ -99.243118286132798, 17.880760192871101 ], [ -99.233421325683494, 17.911430358886701 ] ] ] } }
]
}
