{
"type": "FeatureCollection",
"name": "jalisco",
"crs": { "type": "name", "properties": { "name": "urn:ogc:def:crs:OGC:1.3:CRS84" } },
"features": [
{ "type": "Feature", "properties": { "NAME_1": "Jalisco", "NAME_2": "Acatic" }, "geometry": { "type": "Polygon", "coordinates": [ [ [ -102.991432189940994, 20.6068000793457 ], [ -103.065231323242003, 20.700490951538001 ], [ -103.100219726562003, 20.729009628296001 ], [ -103.100326538085994, 20.747959136962901 ], [ -103.081993103027003, 20.761381149291999 ], [ -103.036308288574006, 20.7642726898194 ], [ -102.99877166748, 20.7864799499512 ], [ -102.975563049315994, 20.816890716552798 ], [ -102.926788330077997, 20.8136901855469 ], [ -102.886726379395, 20.849449157715 ], [ -102.883583068847997, 20.8206596374512 ], [ -102.856430053710994, 20.808811187744102 ], [ -102.821319580077997, 20.772901535034201 ], [ -102.837562561035, 20.747491836548001 ], [ -102.841529846190994, 20.720630645752099 ], [ -102.852317810059006, 20.7074699401857 ], [ -102.906898498535, 20.679439544677798 ], [ -102.9482421875, 20.666301727294901 ], [ -102.991432189940994, 20.6068000793457 ] ] ] } },
{ "type": "Feature", "properties": { "NAME_1": "Jalisco", "NAME_2": "Acatlán de Juárez" }, "geometry": { "type": "Polygon", "coordinates": [ [ [ -103.558967590332003, 20.368841171264599 ], [ -103.553916931152003, 20.3296604156494 ], [ -103.568672180175994, 20.3070297241212 ], [ -103.627388000487997, 20.323329925537202 ], [ -103.661636352539006, 20.354209899902301 ], [ -103.669830322265994, 20.381940841674901 ], [ -103.696029663085994, 20.390680313110401 ], [ -103.695793151855, 20.450180053711001 ], [ -103.669967651367003, 20.4380207061768 ], [ -103.660606384277003, 20.4503707885743 ], [ -103.636695861815994, 20.459640502929599 ], [ -103.597808837890994, 20.4499607086181 ], [ -103.571678161620994, 20.424200057983501 ], [ -103.575691223144005, 20.398010253906399 ], [ -103.558967590332003, 20.368841171264599 ] ] ] } },
{ "type": "Feature", "properties": { "NAME_1": "Jalisco", "NAME_2": "Ahualulco de Mercado" }, "geometry": { "type": "Polygon", "coordinates": [ [ [ -104.074981689452997, 20.626560211181701 ], [ -104.069229125977003, 20.674200057983398 ], [ -104.039596557617003, 20.711740493774499 ], [ -103.997245788574006, 20.692361831665199 ], [ -103.95108795166, 20.693742752075199 ], [ -103.926193237305, 20.718950271606399 ], [ -103.896072387695, 20.788080215454201 ], [ -103.883239746094006, 20.791070938110401 ], [ -103.847785949707003, 20.775962829589901 ], [ -103.784782409667997, 20.768989562988398 ], [ -103.772857666015994, 20.747089385986399 ], [ -103.794242858887003, 20.727420806884801 ], [ -103.83618927002, 20.662410736083999 ], [ -103.855667114257997, 20.6532001495362 ], [ -103.854537963867003, 20.676122665405298 ], [ -103.880256652832003, 20.682929992675898 ], [ -103.896919250487997, 20.620628356933601 ], [ -103.913902282715, 20.619359970092798 ], [ -103.947853088379006, 20.597339630126999 ], [ -103.980911254882997, 20.588830947876001 ], [ -104.00373840332, 20.6067810058594 ], [ -104.074981689452997, 20.626560211181701 ] ] ] } },
{ "type": "Feature", "properties": { "NAME_1": "Jalisco", "NAME_2": "Amacueca" }, "geometry": { "type": "Polygon", "coordinates": [ [ [ -103.602172851562003, 19.9577026367188 ], [ -103.616767883300994, 19.9627799987794 ], [ -103.633888244629006, 19.940580368042099 ], [ -103.62663269043, 19.883092880249102 ], [ -103.665649414062003, 19.894250869751001 ], [ -103.685623168945, 19.8803329467775 ], [ -103.697296142577997, 19.911270141601499 ], [ -103.699752807617003, 19.969120025634901 ], [ -103.672836303710994, 19.977380752563501 ], [ -103.657836914062003, 19.997491836548001 ], [ -103.658790588379006, 20.040939331054801 ], [ -103.636100769042997, 20.0253295898437 ], [ -103.552299499512003, 20.018503189086999 ], [ -103.567329406737997, 20.0054111480713 ], [ -103.583320617675994, 19.967920303344801 ], [ -103.602172851562003, 19.9577026367188 ] ] ] } },
{ "type": "Feature", "properties": { "NAME_1": "Jalisco", "NAME_2": "Amatitán" }, "geometry": { "type": "Polygon", "coordinates": [ [ [ -103.726806640625, 20.745050430297901 ], [ -103.737075805664006, 20.751369476318299 ], [ -103.77033996582, 20.746000289916999 ], [ -103.784706115722997, 20.766519546508899 ], [ -103.755142211914006, 20.8230094909669 ], [ -103.76139831543, 20.850040435791001 ], [ -103.756813049315994, 20.8620700836182 ], [ -103.746742248535, 20.869310379028398 ], [ -103.717216491699006, 20.869012832641602 ], [ -103.705757141112997, 20.850570678711001 ], [ -103.677467346190994, 20.8500480651856 ], [ -103.667655944824006, 20.8567199707032 ], [ -103.654235839844006, 20.825189590454102 ], [ -103.63257598877, 20.8166198730469 ], [ -103.643592834472997, 20.796720504760799 ], [ -103.645812988280994, 20.766529083251999 ], [ -103.680732727050994, 20.768671035766499 ], [ -103.711807250975994, 20.743972778320401 ], [ -103.726806640625, 20.745050430297901 ] ] ] } },
{ "type": "Feature", "properties": { "NAME_1": "Jalisco", "NAME_2": "Ameca" }, "geometry": { "type": "Polygon", "coordinates": [ [ [ -104.208602905272997, 20.4216403961182 ], [ -104.215606689452997, 20.4298400878907 ], [ -104.248001098632997, 20.434770584106499 ], [ -104.279159545897997, 20.456100463867202 ], [ -104.269065856934006, 20.4846897125244 ], [ -104.254859924315994, 20.4965305328369 ], [ -104.277763366699006, 20.508329391479499 ], [ -104.287490844727003, 20.525907516479599 ], [ -104.259628295897997, 20.561000823974702 ], [ -104.257461547852003, 20.610519409179702 ], [ -104.167190551757997, 20.5883007049562 ], [ -104.119155883789006, 20.6166286468506 ], [ -104.078163146972997, 20.627180099487401 ], [ -104.00373840332, 20.6067810058594 ], [ -103.973861694335994, 20.5885200500488 ], [ -103.910972595215, 20.618970870971701 ], [ -103.906639099120994, 20.582731246948299 ], [ -103.879318237305, 20.569641113281399 ], [ -103.86506652832, 20.5445995330812 ], [ -103.935806274414006, 20.4993495941163 ], [ -103.949356079102003, 20.4699306488037 ], [ -103.987815856934006, 20.446540832519499 ], [ -104.01252746582, 20.372560501098601 ], [ -104.059860229492003, 20.3473110198975 ], [ -104.081680297852003, 20.3655395507813 ], [ -104.133598327637003, 20.375471115112202 ], [ -104.152206420897997, 20.399391174316399 ], [ -104.190551757812003, 20.4268302917481 ], [ -104.208602905272997, 20.4216403961182 ] ] ] } },
{ "type": "Feature", "properties": { "NAME_1": "Jalisco", "NAME_2": "Antonio Escobedo" }, "geometry": { "type": "Polygon", "coordinates": [ [ [ -104.039596557617003, 20.711740493774499 ], [ -104.049377441405994, 20.731531143188501 ], [ -104.087387084960994, 20.743190765380898 ], [ -104.072456359862997, 20.811651229858501 ], [ -104.075248718262003, 20.824621200561602 ], [ -104.091911315917997, 20.8288097381593 ], [ -104.092338562012003, 20.8442897796632 ], [ -104.053962707519005, 20.856660842895501 ], [ -104.012428283690994, 20.842412948608398 ], [ -103.975151062012003, 20.804780960083001 ], [ -103.968856811522997, 20.777971267700298 ], [ -103.917686462402003, 20.8053302764893 ], [ -103.896072387695, 20.788080215454201 ], [ -103.926193237305, 20.718950271606399 ], [ -103.95108795166, 20.693742752075199 ], [ -103.997245788574006, 20.692361831665199 ], [ -104.039596557617003, 20.711740493774499 ] ] ] } },
{ "type": "Feature", "properties": { "NAME_1": "Jalisco", "NAME_2": "Arandas" }, "geometry": { "type": "Polygon", "coordinates": [ [ [ -102.106506347655994, 20.7258701324463 ], [ -102.141220092772997, 20.712741851806701 ], [ -102.164611816405994, 20.727750778198399 ], [ -102.186225891112997, 20.721839904785298 ], [ -102.227416992187003, 20.690689086914102 ], [ -102.222106933594006, 20.675119400024499 ], [ -102.238662719727003, 20.659051895141602 ], [ -102.24243927002, 20.6403198242188 ], [ -102.253952026367003, 20.643690109252901 ], [ -102.263809204102003, 20.6355094909669 ], [ -102.26838684082, 20.604700088501001 ], [ -102.297157287597997, 20.591520309448399 ], [ -102.308563232422003, 20.576219558715799 ], [ -102.321426391602003, 20.580219268798899 ], [ -102.405456542969006, 20.539779663085898 ], [ -102.438812255859006, 20.5411090850831 ], [ -102.439613342285, 20.596679687500099 ], [ -102.505889892577997, 20.637590408325298 ], [ -102.513977050780994, 20.638139724731499 ], [ -102.517822265625, 20.615520477295 ], [ -102.560432434082003, 20.5972805023194 ], [ -102.57103729248, 20.618759155273398 ], [ -102.586547851562003, 20.623701095581101 ], [ -102.570922851562003, 20.6932601928712 ], [ -102.568588256835994, 20.751550674438501 ], [ -102.54222869873, 20.777030944824201 ], [ -102.512199401855, 20.823511123657301 ], [ -102.466636657715, 20.830200195312599 ], [ -102.443962097167997, 20.8595905303956 ], [ -102.258628845215, 20.849420547485401 ], [ -102.243522644042997, 20.8402614593507 ], [ -102.159622192382997, 20.848260879516602 ], [ -102.135108947754006, 20.8248310089112 ], [ -102.111770629882997, 20.839519500732401 ], [ -102.085296630859006, 20.836561203003001 ], [ -102.070213317870994, 20.825019836425799 ], [ -102.075042724609006, 20.816921234131001 ], [ -102.133987426757997, 20.770811080932699 ], [ -102.124008178710994, 20.7417602539062 ], [ -102.106506347655994, 20.7258701324463 ] ] ] } },
{ "type": "Feature", "properties": { "NAME_1": "Jalisco", "NAME_2": "Atemajac de Brizuela" }, "geometry": { "type": "Polygon", "coordinates": [ [ [ -103.803031921387003, 20.045312881469801 ], [ -103.816108703612997, 20.082939147949201 ], [ -103.854103088379006, 20.0906791687012 ], [ -103.842216491699006, 20.136890411376999 ], [ -103.847023010254006, 20.172670364379901 ], [ -103.82405090332, 20.230800628662202 ], [ -103.83812713623, 20.240810394287099 ], [ -103.829727172852003, 20.253780364990199 ], [ -103.832893371582003, 20.2635803222656 ], [ -103.815643310547003, 20.2718009948732 ], [ -103.771057128905994, 20.254640579223601 ], [ -103.733093261719006, 20.2782001495362 ], [ -103.719116210937003, 20.263050079345799 ], [ -103.702842712402003, 20.272211074829102 ], [ -103.700477600097997, 20.254760742187599 ], [ -103.676429748535, 20.224380493164102 ], [ -103.679298400879006, 20.213079452514702 ], [ -103.650550842285, 20.198089599609499 ], [ -103.610076904297003, 20.129970550537099 ], [ -103.65013885498, 20.073040008545 ], [ -103.658790588379006, 20.040939331054801 ], [ -103.689666748047003, 20.0453701019287 ], [ -103.702667236327997, 20.032718658447301 ], [ -103.741333007812003, 20.028470993042099 ], [ -103.803031921387003, 20.045312881469801 ] ] ] } },
{ "type": "Feature", "properties": { "NAME_1": "Jalisco", "NAME_2": "Atengo" }, "geometry": { "type": "Polygon", "coordinates": [ [ [ -104.366943359375, 20.217821121215898 ], [ -104.426055908202997, 20.290819168090898 ], [ -104.421676635742003, 20.318798065185501 ], [ -104.431716918945, 20.3314628601075 ], [ -104.420593261719006, 20.337680816650401 ], [ -104.412361145019005, 20.366411209106399 ], [ -104.38826751709, 20.355842590332099 ], [ -104.32731628418, 20.370370864868299 ], [ -104.312850952147997, 20.3808517456056 ], [ -104.288307189940994, 20.378240585327202 ], [ -104.282096862792997, 20.3897514343262 ], [ -104.264228820800994, 20.3836994171143 ], [ -104.231582641602003, 20.394660949706999 ], [ -104.212608337402003, 20.392459869384801 ], [ -104.19896697998, 20.3556804656982 ], [ -104.180313110352003, 20.338920593261701 ], [ -104.185333251952997, 20.2758903503418 ], [ -104.233100891112997, 20.2274494171143 ], [ -104.285842895507997, 20.1959018707275 ], [ -104.306327819824006, 20.214971542358501 ], [ -104.366943359375, 20.217821121215898 ] ] ] } },
{ "type": "Feature", "properties": { "NAME_1": "Jalisco", "NAME_2": "Atenguillo" }, "geometry": { "type": "Polygon", "coordinates": [ [ [ -104.747383117675994, 20.213600158691399 ], [ -104.73770904541, 20.264999389648501 ], [ -104.744750976562003, 20.283910751342901 ], [ -104.736473083495994, 20.300340652465898 ], [ -104.695655822754006, 20.302770614624102 ], [ -104.66300201416, 20.322458267211999 ], [ -104.630531311035, 20.393560409546001 ], [ -104.637657165527003, 20.417579650878999 ], [ -104.632278442382997, 20.431579589843899 ], [ -104.606826782227003, 20.432001113891701 ], [ -104.589340209960994, 20.413099288940401 ], [ -104.564521789550994, 20.406490325927798 ], [ -104.563842773437997, 20.416330337524499 ], [ -104.575531005859006, 20.426530838012699 ], [ -104.563140869140994, 20.451858520507798 ], [ -104.57373046875, 20.454719543456999 ], [ -104.541893005370994, 20.467689514160199 ], [ -104.543067932129006, 20.489732742309599 ], [ -104.532188415527003, 20.485511779785199 ], [ -104.462509155272997, 20.3956699371338 ], [ -104.466957092285, 20.378110885620199 ], [ -104.448806762695, 20.357660293579102 ], [ -104.450592041015994, 20.327228546142599 ], [ -104.431716918945, 20.3314628601075 ], [ -104.421676635742003, 20.318798065185501 ], [ -104.423896789550994, 20.286380767822301 ], [ -104.444366455077997, 20.270919799804702 ], [ -104.467002868652003, 20.276290893554801 ], [ -104.491096496582003, 20.2624206542968 ], [ -104.533706665039006, 20.268909454345799 ], [ -104.54670715332, 20.293331146240298 ], [ -104.57145690918, 20.311550140380898 ], [ -104.584365844727003, 20.283451080322401 ], [ -104.622276306152003, 20.260232925415 ], [ -104.635398864745994, 20.206121444702099 ], [ -104.69930267334, 20.186759948730501 ], [ -104.724571228027003, 20.194368362426701 ], [ -104.747383117675994, 20.213600158691399 ] ] ] } },
{ "type": "Feature", "properties": { "NAME_1": "Jalisco", "NAME_2": "Atotonilco El Alto" }, "geometry": { "type": "Polygon", "coordinates": [ [ [ -102.580596923827997, 20.413732528686602 ], [ -102.610466003417997, 20.445529937744201 ], [ -102.683135986327997, 20.4468002319337 ], [ -102.69255065918, 20.454521179199201 ], [ -102.688278198242003, 20.477119445800799 ], [ -102.668998718262003, 20.480251312255898 ], [ -102.643890380859006, 20.47052192688 ], [ -102.635360717772997, 20.487659454345799 ], [ -102.654327392577997, 20.541799545288001 ], [ -102.681030273437997, 20.5435104370118 ], [ -102.683059692382997, 20.562881469726602 ], [ -102.65210723877, 20.5717697143556 ], [ -102.616371154785, 20.603530883789102 ], [ -102.602333068847997, 20.5978393554688 ], [ -102.586547851562003, 20.623701095581101 ], [ -102.57103729248, 20.618759155273398 ], [ -102.563133239745994, 20.597379684448299 ], [ -102.530242919922003, 20.609989166259901 ], [ -102.515167236327997, 20.617679595947301 ], [ -102.509346008300994, 20.639030456543001 ], [ -102.439613342285, 20.596679687500099 ], [ -102.441047668457003, 20.543518066406399 ], [ -102.412330627440994, 20.540180206298899 ], [ -102.418640136719006, 20.452270507812599 ], [ -102.430625915527003, 20.4186305999756 ], [ -102.443885803222997, 20.405820846557599 ], [ -102.477401733397997, 20.403539657592798 ], [ -102.50309753418, 20.418809890747202 ], [ -102.580596923827997, 20.413732528686602 ] ] ] } },
{ "type": "Feature", "properties": { "NAME_1": "Jalisco", "NAME_2": "Atoyac" }, "geometry": { "type": "Polygon", "coordinates": [ [ [ -103.33715057373, 19.960180282592798 ], [ -103.318016052245994, 19.930629730224599 ], [ -103.322387695312003, 19.919919967651399 ], [ -103.351829528809006, 19.913379669189499 ], [ -103.361801147460994, 19.894180297851602 ], [ -103.412147521972997, 19.880098342895501 ], [ -103.417198181152003, 19.868488311767599 ], [ -103.406036376952997, 19.848350524902301 ], [ -103.419456481934006, 19.842121124267699 ], [ -103.475051879882997, 19.865728378296001 ], [ -103.498016357422003, 19.843980789184702 ], [ -103.532852172852003, 19.881229400634702 ], [ -103.536888122559006, 19.9168300628663 ], [ -103.552673339844006, 19.957828521728601 ], [ -103.602172851562003, 19.9577026367188 ], [ -103.583320617675994, 19.967920303344801 ], [ -103.567329406737997, 20.0054111480713 ], [ -103.548751831055, 20.021900177001999 ], [ -103.529266357422003, 20.076980590820401 ], [ -103.529060363769005, 20.101829528808601 ], [ -103.501426696777003, 20.1037406921387 ], [ -103.494430541992003, 20.094562530517599 ], [ -103.505043029785, 20.0889911651612 ], [ -103.505149841307997, 20.077869415283299 ], [ -103.485466003417997, 20.085620880126999 ], [ -103.478996276855, 20.063640594482401 ], [ -103.439903259277003, 20.0124816894532 ], [ -103.420501708984006, 20.0341911315919 ], [ -103.375831604004006, 19.964380264282202 ], [ -103.33715057373, 19.960180282592798 ] ] ] } },
{ "type": "Feature", "properties": { "NAME_1": "Jalisco", "NAME_2": "Autlán de Navarro" }, "geometry": { "type": "Polygon", "coordinates": [ [ [ -104.157852172852003, 19.6834812164307 ], [ -104.178771972655994, 19.636581420898601 ], [ -104.179458618164006, 19.6186218261719 ], [ -104.197868347167997, 19.614080429077099 ], [ -104.206672668457003, 19.5808410644532 ], [ -104.319618225097997, 19.579410552978601 ], [ -104.325256347655994, 19.594619750976701 ], [ -104.338096618652003, 19.602079391479499 ], [ -104.388656616210994, 19.607469558715898 ], [ -104.401947021484006, 19.625272750854599 ], [ -104.38362121582, 19.644020080566499 ], [ -104.383949279785, 19.657100677490298 ], [ -104.418617248535, 19.734991073608299 ], [ -104.458686828612997, 19.756740570068398 ], [ -104.476921081542997, 19.779211044311602 ], [ -104.478569030762003, 19.809141159057699 ], [ -104.467140197754006, 19.832088470458999 ], [ -104.48429107666, 19.864698410034201 ], [ -104.449493408202997, 19.906980514526499 ], [ -104.403877258300994, 19.913810729980501 ], [ -104.329437255859006, 19.832721710205099 ], [ -104.297836303710994, 19.8191108703613 ], [ -104.246788024902003, 19.780769348144599 ], [ -104.238731384277003, 19.7605209350587 ], [ -104.206497192382997, 19.7493801116944 ], [ -104.157852172852003, 19.6834812164307 ] ] ] } },
{ "type": "Feature", "properties": { "NAME_1": "Jalisco", "NAME_2": "Ayotlán" }, "geometry": { "type": "Polygon", "coordinates": [ [ [ -102.250946044922003, 20.4840297698975 ], [ -102.280830383300994, 20.464498519897599 ], [ -102.26904296875, 20.4274101257325 ], [ -102.283111572265994, 20.4002799987793 ], [ -102.268951416015994, 20.370090484619102 ], [ -102.202560424805, 20.353229522705099 ], [ -102.207389831542997, 20.351011276245199 ], [ -102.263801574707003, 20.329280853271499 ], [ -102.298500061035, 20.3301105499268 ], [ -102.299919128417997, 20.343469619751101 ], [ -102.377243041992003, 20.387140274047901 ], [ -102.429786682129006, 20.3957195281982 ], [ -102.440742492675994, 20.407260894775501 ], [ -102.418640136719006, 20.452270507812599 ], [ -102.412330627440994, 20.540180206298899 ], [ -102.36302947998, 20.555601119995199 ], [ -102.321426391602003, 20.580219268798899 ], [ -102.293266296387003, 20.564960479736399 ], [ -102.297386169434006, 20.543439865112401 ], [ -102.250946044922003, 20.4840297698975 ] ] ] } },
{ "type": "Feature", "properties": { "NAME_1": "Jalisco", "NAME_2": "Ayutla" }, "geometry": { "type": "Polygon", "coordinates": [ [ [ -104.267723083495994, 20.122480392456101 ], [ -104.278732299805, 20.0841083526612 ], [ -104.315986633300994, 20.074180603027301 ], [ -104.307098388672003, 20.051059722900401 ], [ -104.322425842285, 20.046100616455099 ], [ -104.326538085937003, 20.0217895507813 ], [ -104.354347229004006, 19.9805412292481 ], [ -104.363609313965, 19.980960845947401 ], [ -104.369262695312003, 19.997159957885799 ], [ -104.379463195800994, 19.9917812347412 ], [ -104.374938964844006, 19.963960647583001 ], [ -104.403877258300994, 19.913810729980501 ], [ -104.449493408202997, 19.906980514526499 ], [ -104.502716064452997, 19.842470169067301 ], [ -104.567008972167997, 19.893070220947301 ], [ -104.563606262207003, 19.9208583831788 ], [ -104.601921081542997, 19.9580898284913 ], [ -104.628936767577997, 20.024429321289102 ], [ -104.65837097168, 20.024869918823399 ], [ -104.685661315917997, 20.046100616455099 ], [ -104.693412780762003, 20.079900741577099 ], [ -104.681526184082003, 20.095939636230501 ], [ -104.708999633789006, 20.122360229492301 ], [ -104.706092834472997, 20.133592605590799 ], [ -104.687995910645, 20.135560989379901 ], [ -104.63981628418, 20.1207809448243 ], [ -104.575126647949006, 20.123020172119201 ], [ -104.552856445312003, 20.151809692382798 ], [ -104.533767700195, 20.121770858764801 ], [ -104.489906311035, 20.109870910644499 ], [ -104.471946716309006, 20.121870040893601 ], [ -104.45255279541, 20.106838226318501 ], [ -104.405181884765994, 20.135240554809499 ], [ -104.394332885742003, 20.170150756835898 ], [ -104.370758056640994, 20.177770614624102 ], [ -104.370918273925994, 20.215368270874102 ], [ -104.32447052002, 20.2182712554932 ], [ -104.299118041992003, 20.211429595947301 ], [ -104.285842895507997, 20.1959018707275 ], [ -104.26448059082, 20.143539428711101 ], [ -104.267723083495994, 20.122480392456101 ] ] ] } },
{ "type": "Feature", "properties": { "NAME_1": "Jalisco", "NAME_2": "Bolaños" }, "geometry": { "type": "Polygon", "coordinates": [ [ [ -103.865882873535, 21.733499526977599 ], [ -103.909797668457003, 21.735519409179702 ], [ -103.942268371582003, 21.711931228637798 ], [ -104.115547180175994, 21.729520797729499 ], [ -104.142570495605, 21.766500473022401 ], [ -104.155181884765994, 21.8266105651856 ], [ -104.153358459472997, 21.891309738159201 ], [ -104.17391204834, 21.908630371093899 ], [ -104.120162963867003, 21.938949584961101 ], [ -104.099426269530994, 21.922561645507901 ], [ -104.059455871582003, 21.913639068603601 ], [ -104.024108886719006, 21.886499404907301 ], [ -104.016983032225994, 21.920490264892599 ], [ -104.000076293945, 21.941562652587901 ], [ -103.940017700195, 21.964380264282301 ], [ -103.923706054687003, 21.9556903839112 ], [ -103.919532775879006, 21.981950759887699 ], [ -103.882667541504006, 21.962450027465898 ], [ -103.85563659668, 21.976140975952099 ], [ -103.842239379882997, 21.9740104675293 ], [ -103.84504699707, 21.9073505401612 ], [ -103.825386047362997, 21.892459869384801 ], [ -103.827056884765994, 21.881059646606399 ], [ -103.817962646484006, 21.873590469360501 ], [ -103.78498840332, 21.8868103027344 ], [ -103.765182495117003, 21.911920547485501 ], [ -103.74072265625, 21.911302566528398 ], [ -103.721672058105, 21.900987625122099 ], [ -103.706428527832003, 21.866279602050898 ], [ -103.721458435059006, 21.827909469604599 ], [ -103.709999084472997, 21.7677307128906 ], [ -103.787902832030994, 21.729789733886701 ], [ -103.865882873535, 21.733499526977599 ] ] ] } },
{ "type": "Feature", "properties": { "NAME_1": "Jalisco", "NAME_2": "Cabo Corrientes" }, "geometry": { "type": "Polygon", "coordinates": [ [ [ -105.60041809082, 20.2729187011719 ], [ -105.671524047852003, 20.337638854980501 ], [ -105.695419311522997, 20.405136108398398 ], [ -105.684860229492003, 20.412361145019499 ], [ -105.672637939452997, 20.407640457153299 ], [ -105.671524047852003, 20.4259738922119 ], [ -105.653198242187003, 20.428472518921001 ], [ -105.648750305175994, 20.445693969726701 ], [ -105.635696411132997, 20.445693969726701 ], [ -105.616249084472997, 20.471250534057599 ], [ -105.529861450195, 20.492639541626101 ], [ -105.466529846190994, 20.496805191040099 ], [ -105.443748474120994, 20.4876384735107 ], [ -105.44319152832, 20.501529693603501 ], [ -105.400413513184006, 20.509027481079201 ], [ -105.34375, 20.507083892822301 ], [ -105.316802978515994, 20.512636184692401 ], [ -105.320137023925994, 20.5184726715088 ], [ -105.30680847168, 20.526527404785298 ], [ -105.301727294922003, 20.5133380889893 ], [ -105.291152954102003, 20.5098609924318 ], [ -105.259857177734006, 20.5317001342775 ], [ -105.232978820800994, 20.510280609130799 ], [ -105.220748901367003, 20.509580612182599 ], [ -105.217613220215, 20.417930603027301 ], [ -105.185935974120994, 20.396680831909201 ], [ -105.172378540039006, 20.371650695800898 ], [ -105.18563079834, 20.354629516601602 ], [ -105.184089660644005, 20.3178806304932 ], [ -105.194877624512003, 20.263210296630898 ], [ -105.168548583984006, 20.254270553588899 ], [ -105.149276733397997, 20.2304801940918 ], [ -105.181526184082003, 20.188270568847699 ], [ -105.199012756347997, 20.210029602050799 ], [ -105.226341247557997, 20.179859161376999 ], [ -105.270286560059006, 20.1909885406494 ], [ -105.299919128417997, 20.2118206024169 ], [ -105.366600036620994, 20.1891098022462 ], [ -105.406768798827997, 20.211088180541999 ], [ -105.427848815917997, 20.239669799804801 ], [ -105.471458435059006, 20.252580642700199 ], [ -105.491966247559006, 20.2859916687012 ], [ -105.502632141112997, 20.274940490722699 ], [ -105.501121520995994, 20.23858833313 ], [ -105.549026489257997, 20.211032867431602 ], [ -105.559303283690994, 20.2315273284912 ], [ -105.582084655762003, 20.2368049621582 ], [ -105.586250305175994, 20.257638931274499 ], [ -105.60041809082, 20.2729187011719 ] ] ] } },
{ "type": "Feature", "properties": { "NAME_1": "Jalisco", "NAME_2": "Cañadas de Obregón" }, "geometry": { "type": "Polygon", "coordinates": [ [ [ -102.631401062012003, 21.0977897644043 ], [ -102.690483093262003, 21.0876197814943 ], [ -102.737831115722997, 21.067619323730501 ], [ -102.767921447754006, 21.0442008972168 ], [ -102.806846618652003, 21.0536098480225 ], [ -102.837326049805, 21.0254306793213 ], [ -102.834365844727003, 21.072168350219702 ], [ -102.815116882324006, 21.0973110198975 ], [ -102.827896118164006, 21.113870620727699 ], [ -102.821731567382997, 21.1362609863282 ], [ -102.795639038085994, 21.139892578125099 ], [ -102.777877807617003, 21.1674709320068 ], [ -102.760757446289006, 21.156101226806602 ], [ -102.756767272949006, 21.169420242309599 ], [ -102.737030029297003, 21.163158416748001 ], [ -102.726119995117003, 21.173671722412099 ], [ -102.730087280272997, 21.192710876464901 ], [ -102.703018188477003, 21.173690795898601 ], [ -102.702827453612997, 21.160570144653398 ], [ -102.672966003417997, 21.187191009521399 ], [ -102.656005859375, 21.186679840087901 ], [ -102.663307189940994, 21.216659545898398 ], [ -102.641777038574006, 21.224540710449201 ], [ -102.628196716309006, 21.202350616455099 ], [ -102.658866882324006, 21.145111083984499 ], [ -102.652320861815994, 21.134109497070298 ], [ -102.636390686035, 21.138301849365298 ], [ -102.627113342285, 21.105699539184499 ], [ -102.631401062012003, 21.0977897644043 ] ] ] } },
{ "type": "Feature", "properties": { "NAME_1": "Jalisco", "NAME_2": "Casimiro Castillo" }, "geometry": { "type": "Polygon", "coordinates": [ [ [ -104.58625793457, 19.4651393890381 ], [ -104.576446533202997, 19.516931533813501 ], [ -104.608512878417997, 19.5677509307862 ], [ -104.576499938965, 19.6062908172607 ], [ -104.574645996094006, 19.624050140380898 ], [ -104.538887023925994, 19.625318527221602 ], [ -104.527366638184006, 19.677072525024499 ], [ -104.505470275879006, 19.674230575561602 ], [ -104.495452880859006, 19.713960647583001 ], [ -104.499282836914006, 19.7357997894287 ], [ -104.476921081542997, 19.779211044311602 ], [ -104.458686828612997, 19.756740570068398 ], [ -104.418617248535, 19.734991073608299 ], [ -104.383949279785, 19.657100677490298 ], [ -104.38362121582, 19.644020080566499 ], [ -104.401947021484006, 19.625272750854599 ], [ -104.39826965332, 19.615699768066399 ], [ -104.385040283202997, 19.606309890747202 ], [ -104.344093322754006, 19.604339599609499 ], [ -104.323219299315994, 19.591220855712901 ], [ -104.329040527344006, 19.5130310058594 ], [ -104.339721679687997, 19.4998798370362 ], [ -104.40470123291, 19.499700546264702 ], [ -104.407775878905994, 19.482851028442401 ], [ -104.396842956542997, 19.457019805908299 ], [ -104.406387329102003, 19.446739196777401 ], [ -104.441520690917997, 19.4457111358644 ], [ -104.465942382812003, 19.461429595947202 ], [ -104.541076660155994, 19.453720092773398 ], [ -104.58625793457, 19.4651393890381 ] ] ] } },
{ "type": "Feature", "properties": { "NAME_1": "Jalisco", "NAME_2": "Chapala" }, "geometry": { "type": "Polygon", "coordinates": [ [ [ -103.421447753905994, 20.255620956421001 ], [ -103.412109375, 20.2599906921388 ], [ -103.362266540527003, 20.259571075439499 ], [ -103.297737121582003, 20.3013706207275 ], [ -103.246116638184006, 20.287660598754901 ], [ -103.219177246094006, 20.291360855102599 ], [ -103.165657043457003, 20.340681076049901 ], [ -103.138702392577997, 20.3809299468994 ], [ -103.124298095702997, 20.378480911254901 ], [ -103.115211486815994, 20.3642902374269 ], [ -103.115325927734006, 20.3453598022462 ], [ -103.134857177734006, 20.295309066772599 ], [ -103.159461975097997, 20.278930664062599 ], [ -103.186500549315994, 20.274700164795 ], [ -103.199737548827997, 20.2587509155275 ], [ -103.244743347167997, 20.256120681762798 ], [ -103.276306152344006, 20.263599395752099 ], [ -103.364601135254006, 20.252519607544102 ], [ -103.421447753905994, 20.255620956421001 ] ] ] } },
{ "type": "Feature", "properties": { "NAME_1": "Jalisco", "NAME_2": "Chimaltitán" }, "geometry": { "type": "Polygon", "coordinates": [ [ [ -103.566673278809006, 21.578590393066499 ], [ -103.575538635254006, 21.5517597198487 ], [ -103.626510620117003, 21.514310836792099 ], [ -103.634719848632997, 21.4935207366944 ], [ -103.695053100585994, 21.485071182250898 ], [ -103.70556640625, 21.4717903137207 ], [ -103.715789794922003, 21.4876728057862 ], [ -103.723678588867003, 21.535770416259801 ], [ -103.697212219237997, 21.5399894714356 ], [ -103.688568115234006, 21.5488510131837 ], [ -103.683052062987997, 21.592889785766602 ], [ -103.64421081543, 21.634651184082099 ], [ -103.639358520507997, 21.656990051269599 ], [ -103.677978515625, 21.644861221313601 ], [ -103.693809509277003, 21.647300720215 ], [ -103.847045898437997, 21.702978134155401 ], [ -103.865882873535, 21.733499526977599 ], [ -103.787902832030994, 21.729789733886701 ], [ -103.715560913085994, 21.763240814208999 ], [ -103.709587097167997, 21.770690917968899 ], [ -103.721458435059006, 21.827909469604599 ], [ -103.706428527832003, 21.866279602050898 ], [ -103.669387817382997, 21.8667907714844 ], [ -103.657936096190994, 21.853319168090898 ], [ -103.658782958984006, 21.828332901001001 ], [ -103.616676330565994, 21.8160305023194 ], [ -103.62735748291, 21.796720504760799 ], [ -103.586135864257997, 21.7376194000244 ], [ -103.562240600585994, 21.724830627441399 ], [ -103.568389892577997, 21.6938400268556 ], [ -103.557083129882997, 21.656610488891602 ], [ -103.566673278809006, 21.578590393066499 ] ] ] } },
{ "type": "Feature", "properties": { "NAME_1": "Jalisco", "NAME_2": "Chiquilistlán" }, "geometry": { "type": "Polygon", "coordinates": [ [ [ -104.015975952147997, 19.930240631103601 ], [ -103.989997863769005, 19.966529846191499 ], [ -104.009170532227003, 19.981880187988299 ], [ -103.989082336425994, 20.024250030517699 ], [ -103.995346069335994, 20.067621231079201 ], [ -103.959907531737997, 20.0729503631593 ], [ -103.922561645507997, 20.125200271606399 ], [ -103.890907287597997, 20.118640899658299 ], [ -103.846733093262003, 20.151819229126101 ], [ -103.842216491699006, 20.136890411376999 ], [ -103.854103088379006, 20.0906791687012 ], [ -103.816108703612997, 20.082939147949201 ], [ -103.803031921387003, 20.045312881469801 ], [ -103.870170593262003, 20.011640548706101 ], [ -103.857955932617003, 19.956811904907301 ], [ -103.877288818359006, 19.946121215820401 ], [ -103.893432617187997, 19.9617309570313 ], [ -103.930160522460994, 19.940631866455099 ], [ -103.960166931152003, 19.943098068237301 ], [ -103.967552185059006, 19.922620773315501 ], [ -103.987525939940994, 19.914100646972798 ], [ -104.008201599120994, 19.918470382690401 ], [ -104.015975952147997, 19.930240631103601 ] ] ] } },
{ "type": "Feature", "properties": { "NAME_1": "Jalisco", "NAME_2": "Cihuatlán" }, "geometry": { "type": "GeometryCollection", "geometries": [ { "type": "Polygon", "coordinates": [ [ [ -104.679901123047003, 19.2015705108644 ], [ -104.685417175292997, 19.200138092041001 ], [ -104.690696716309006, 19.218194961547798 ], [ -104.711250305175994, 19.222639083862401 ], [ -104.711524963379006, 19.213750839233398 ], [ -104.734306335449006, 19.222082138061602 ], [ -104.733474731445, 19.239025115966701 ], [ -104.751525878905994, 19.237363815307599 ], [ -104.755142211914006, 19.225139617919901 ], [ -104.772087097167997, 19.2304172515869 ], [ -104.773475646972997, 19.2387504577637 ], [ -104.79736328125, 19.229860305786101 ], [ -104.810691833495994, 19.234027862548899 ], [ -104.809539794922003, 19.2445163726806 ], [ -104.785118103027003, 19.261438369751101 ], [ -104.772956848144005, 19.292749404907301 ], [ -104.778182983397997, 19.320869445800799 ], [ -104.794998168945, 19.331369400024499 ], [ -104.791297912597997, 19.347192764282202 ], [ -104.751541137695, 19.3610229492188 ], [ -104.731262207030994, 19.3508110046387 ], [ -104.673156738280994, 19.379980087280401 ], [ -104.653343200684006, 19.361660003662202 ], [ -104.674659729004006, 19.3318901062013 ], [ -104.659706115722997, 19.296369552612401 ], [ -104.638023376465, 19.308139801025401 ], [ -104.603279113769005, 19.306301116943501 ], [ -104.588470458984006, 19.338230133056602 ], [ -104.56266784668, 19.3401107788087 ], [ -104.553192138672003, 19.351591110229599 ], [ -104.517112731934006, 19.351100921630898 ], [ -104.501991271972997, 19.3592128753663 ], [ -104.467910766602003, 19.336530685424901 ], [ -104.465843200684006, 19.27645111084 ], [ -104.482231140137003, 19.2487392425538 ], [ -104.498229980469006, 19.248979568481499 ], [ -104.517677307129006, 19.265079498291101 ], [ -104.549667358397997, 19.267150878906399 ], [ -104.596870422362997, 19.2014904022218 ], [ -104.639656066895, 19.1949901580812 ], [ -104.674285888672003, 19.206649780273601 ], [ -104.679901123047003, 19.2015705108644 ] ] ] }, { "type": "Polygon", "coordinates": [ [ [ -104.813468933105, 19.234027862548899 ], [ -104.813468933105, 19.224861145019499 ], [ -104.816802978515994, 19.2209701538087 ], [ -104.817916870117003, 19.224027633666999 ], [ -104.813468933105, 19.234027862548899 ] ] ] } ] } },
{ "type": "Feature", "properties": { "NAME_1": "Jalisco", "NAME_2": "Ciudad Guzman" }, "geometry": { "type": "Polygon", "coordinates": [ [ [ -103.424057006835994, 19.694269180297798 ], [ -103.443992614745994, 19.668779373168999 ], [ -103.465309143065994, 19.6596794128419 ], [ -103.482872009277003, 19.627080917358398 ], [ -103.476463317870994, 19.603418350219801 ], [ -103.481056213379006, 19.594312667846701 ], [ -103.53971862793, 19.588830947876001 ], [ -103.567962646484006, 19.595800399780298 ], [ -103.571166992187997, 19.626499176025401 ], [ -103.599983215332003, 19.6651210784913 ], [ -103.608497619629006, 19.723060607910199 ], [ -103.601318359375, 19.7351303100587 ], [ -103.552276611327997, 19.719709396362401 ], [ -103.523696899414006, 19.7282905578613 ], [ -103.513236999512003, 19.717180252075199 ], [ -103.497016906737997, 19.716100692748999 ], [ -103.483451843262003, 19.745510101318398 ], [ -103.46053314209, 19.7483024597168 ], [ -103.424057006835994, 19.694269180297798 ] ] ] } },
{ "type": "Feature", "properties": { "NAME_1": "Jalisco", "NAME_2": "Ciudad Venustiano Carranza" }, "geometry": { "type": "Polygon", "coordinates": [ [ [ -103.567962646484006, 19.595800399780298 ], [ -103.631240844727003, 19.595609664916999 ], [ -103.667793273925994, 19.617050170898501 ], [ -103.719627380370994, 19.591739654541001 ], [ -103.773483276367003, 19.629360198974702 ], [ -103.807472229004006, 19.6278305053712 ], [ -103.83268737793, 19.6126403808594 ], [ -103.835357666015994, 19.6321411132813 ], [ -103.847862243652003, 19.6427612304688 ], [ -103.836051940917997, 19.6764106750488 ], [ -103.837509155272997, 19.6980895996094 ], [ -103.860977172852003, 19.7056598663331 ], [ -103.87410736084, 19.727199554443398 ], [ -103.905380249022997, 19.717689514160199 ], [ -103.92887878418, 19.740739822387798 ], [ -103.876876831055, 19.8017597198487 ], [ -103.833786010742003, 19.807451248168999 ], [ -103.825607299805, 19.783229827880898 ], [ -103.811027526855, 19.7917995452882 ], [ -103.785263061522997, 19.779840469360401 ], [ -103.774803161620994, 19.785720825195401 ], [ -103.782989501952997, 19.810470581054702 ], [ -103.756072998047003, 19.8069801330568 ], [ -103.732131958007997, 19.789108276367202 ], [ -103.701019287109006, 19.8019199371338 ], [ -103.664886474609006, 19.7612400054932 ], [ -103.655960083007997, 19.7623405456544 ], [ -103.638618469237997, 19.7840690612794 ], [ -103.614738464355, 19.7399711608887 ], [ -103.603927612305, 19.733270645141701 ], [ -103.608497619629006, 19.723060607910199 ], [ -103.599983215332003, 19.6651210784913 ], [ -103.571166992187997, 19.626499176025401 ], [ -103.567962646484006, 19.595800399780298 ] ] ] } },
{ "type": "Feature", "properties": { "NAME_1": "Jalisco", "NAME_2": "Cocula" }, "geometry": { "type": "Polygon", "coordinates": [ [ [ -103.774780273437997, 20.481189727783299 ], [ -103.783363342285, 20.435199737548899 ], [ -103.756523132324006, 20.420362472534201 ], [ -103.772987365722997, 20.379570007324201 ], [ -103.753791809082003, 20.3596096038819 ], [ -103.779159545897997, 20.325799942016602 ], [ -103.769439697265994, 20.296190261840898 ], [ -103.776611328125, 20.2630405426025 ], [ -103.780609130859006, 20.258010864257901 ], [ -103.82145690918, 20.272119522094801 ], [ -103.832893371582003, 20.2635803222656 ], [ -103.843368530272997, 20.2747898101807 ], [ -103.922538757324006, 20.2798881530762 ], [ -103.935157775879006, 20.2989196777344 ], [ -103.921806335449006, 20.316669464111399 ], [ -103.927940368652003, 20.338069915771499 ], [ -103.897476196289006, 20.322990417480501 ], [ -103.88729095459, 20.3323898315431 ], [ -103.879249572754006, 20.377630233764599 ], [ -103.884712219237997, 20.4104919433594 ], [ -103.862312316895, 20.426670074462901 ], [ -103.871002197265994, 20.443969726562599 ], [ -103.861846923827997, 20.465482711792099 ], [ -103.854972839355, 20.472360610961999 ], [ -103.774780273437997, 20.481189727783299 ] ] ] } },
{ "type": "Feature", "properties": { "NAME_1": "Jalisco", "NAME_2": "Colotlán" }, "geometry": { "type": "Polygon", "coordinates": [ [ [ -103.167442321777003, 21.958509445190501 ], [ -103.195266723632997, 21.935350418090898 ], [ -103.251747131347997, 21.925830841064499 ], [ -103.328948974609006, 21.8903312683106 ], [ -103.331352233887003, 21.961402893066499 ], [ -103.342018127440994, 21.973669052123999 ], [ -103.340232849120994, 21.992612838745199 ], [ -103.347763061522997, 21.996850967407202 ], [ -103.369293212890994, 21.986419677734499 ], [ -103.382331848145, 22.025440216064599 ], [ -103.423973083495994, 22.048120498657202 ], [ -103.449722290039006, 22.074409484863299 ], [ -103.415817260742003, 22.131891250610401 ], [ -103.344718933105, 22.171150207519499 ], [ -103.304733276367003, 22.0959796905519 ], [ -103.255722045897997, 22.086469650268601 ], [ -103.267402648925994, 22.066400527954201 ], [ -103.195991516112997, 22.050899505615199 ], [ -103.139030456542997, 22.0093498229981 ], [ -103.167442321777003, 21.958509445190501 ] ] ] } },
{ "type": "Feature", "properties": { "NAME_1": "Jalisco", "NAME_2": "Concepción de Buenos Aires" }, "geometry": { "type": "Polygon", "coordinates": [ [ [ -103.192726135254006, 19.907690048217798 ], [ -103.20775604248, 19.8742980957031 ], [ -103.233985900879006, 19.875240325927798 ], [ -103.262008666992003, 19.8592529296875 ], [ -103.256927490234006, 19.8287792205812 ], [ -103.277450561522997, 19.804269790649499 ], [ -103.289878845215, 19.837659835815401 ], [ -103.319229125977003, 19.858360290527401 ], [ -103.325706481934006, 19.916891098022599 ], [ -103.318016052245994, 19.930629730224599 ], [ -103.33715057373, 19.960180282592798 ], [ -103.317108154297003, 19.974990844726602 ], [ -103.299102783202997, 19.972869873046999 ], [ -103.299377441405994, 20.002029418945401 ], [ -103.263671875, 20.044620513916101 ], [ -103.218551635742003, 20.015541076660199 ], [ -103.193252563477003, 20.013708114623999 ], [ -103.212997436522997, 19.977069854736399 ], [ -103.207801818847997, 19.929721832275401 ], [ -103.192726135254006, 19.907690048217798 ] ] ] } },
{ "type": "Feature", "properties": { "NAME_1": "Jalisco", "NAME_2": "Cuautitlán de García Barragán" }, "geometry": { "type": "Polygon", "coordinates": [ [ [ -104.196716308594006, 19.312400817871101 ], [ -104.210456848144005, 19.310581207275401 ], [ -104.228881835937003, 19.323499679565501 ], [ -104.249588012695, 19.3255310058593 ], [ -104.316467285155994, 19.30131149292 ], [ -104.358352661132997, 19.306819915771499 ], [ -104.400390625, 19.292249679565501 ], [ -104.422286987305, 19.307191848754901 ], [ -104.465843200684006, 19.27645111084 ], [ -104.467910766602003, 19.336530685424901 ], [ -104.501991271972997, 19.3592128753663 ], [ -104.517112731934006, 19.351100921630898 ], [ -104.553192138672003, 19.351591110229599 ], [ -104.56266784668, 19.3401107788087 ], [ -104.58479309082, 19.341060638427798 ], [ -104.608428955077997, 19.3036594390869 ], [ -104.638023376465, 19.308139801025401 ], [ -104.662178039550994, 19.296552658081101 ], [ -104.674659729004006, 19.3318901062013 ], [ -104.629463195800994, 19.399990081787202 ], [ -104.632972717285, 19.434770584106499 ], [ -104.619873046875, 19.449550628662202 ], [ -104.58625793457, 19.4651393890381 ], [ -104.541076660155994, 19.453720092773398 ], [ -104.465942382812003, 19.461429595947202 ], [ -104.441520690917997, 19.4457111358644 ], [ -104.404457092285, 19.4474601745607 ], [ -104.396842956542997, 19.457019805908299 ], [ -104.407775878905994, 19.482851028442401 ], [ -104.40470123291, 19.499700546264702 ], [ -104.332160949707003, 19.505010604858398 ], [ -104.319618225097997, 19.579410552978601 ], [ -104.206672668457003, 19.5808410644532 ], [ -104.199493408202997, 19.611698150634901 ], [ -104.185592651367003, 19.619859695434702 ], [ -104.150672912597997, 19.598390579223601 ], [ -104.096046447754006, 19.5412406921387 ], [ -104.054077148437003, 19.456260681152401 ], [ -104.052780151367003, 19.4402980804443 ], [ -104.059867858887003, 19.394140243530199 ], [ -104.085906982422003, 19.358610153198399 ], [ -104.123931884765994, 19.352109909057699 ], [ -104.153396606445, 19.322080612182599 ], [ -104.196716308594006, 19.312400817871101 ] ] ] } },
{ "type": "Feature", "properties": { "NAME_1": "Jalisco", "NAME_2": "Cuautla" }, "geometry": { "type": "Polygon", "coordinates": [ [ [ -104.706092834472997, 20.133592605590799 ], [ -104.719467163085994, 20.155290603637699 ], [ -104.728881835937003, 20.133592605590799 ], [ -104.768592834472997, 20.156440734863299 ], [ -104.756629943847997, 20.1734409332275 ], [ -104.747383117675994, 20.213600158691399 ], [ -104.724571228027003, 20.194368362426701 ], [ -104.69930267334, 20.186759948730501 ], [ -104.635398864745994, 20.206121444702099 ], [ -104.622276306152003, 20.260232925415 ], [ -104.584365844727003, 20.283451080322401 ], [ -104.57145690918, 20.311550140380898 ], [ -104.54670715332, 20.293331146240298 ], [ -104.533706665039006, 20.268909454345799 ], [ -104.491096496582003, 20.2624206542968 ], [ -104.467002868652003, 20.276290893554801 ], [ -104.444366455077997, 20.270919799804702 ], [ -104.423896789550994, 20.286380767822301 ], [ -104.366943359375, 20.217821121215898 ], [ -104.370758056640994, 20.177770614624102 ], [ -104.394332885742003, 20.170150756835898 ], [ -104.405181884765994, 20.135240554809499 ], [ -104.45255279541, 20.106838226318501 ], [ -104.471946716309006, 20.121870040893601 ], [ -104.489906311035, 20.109870910644499 ], [ -104.533767700195, 20.121770858764801 ], [ -104.552856445312003, 20.151809692382798 ], [ -104.575126647949006, 20.123020172119201 ], [ -104.63981628418, 20.1207809448243 ], [ -104.683097839355, 20.135259628296001 ], [ -104.706092834472997, 20.133592605590799 ] ] ] } },
{ "type": "Feature", "properties": { "NAME_1": "Jalisco", "NAME_2": "Cuquito" }, "geometry": { "type": "Polygon", "coordinates": [ [ [ -103.100219726562003, 20.729009628296001 ], [ -103.151435852050994, 20.7234706878663 ], [ -103.151832580565994, 20.744430541992202 ], [ -103.184898376465, 20.7870407104493 ], [ -103.20433807373, 20.793460845947401 ], [ -103.225326538085994, 20.843790054321399 ], [ -103.247985839844006, 20.8642807006837 ], [ -103.15641784668, 20.925390243530298 ], [ -103.16227722168, 20.9379997253419 ], [ -103.184898376465, 20.930040359496999 ], [ -103.193412780762003, 20.953371047973601 ], [ -103.163032531737997, 21.018529891967798 ], [ -103.146507263184006, 21.043540954589801 ], [ -103.133811950684006, 21.046979904174901 ], [ -103.107086181640994, 21.0476799011231 ], [ -103.04891204834, 21.022018432617202 ], [ -103.032508850097997, 21.022769927978601 ], [ -103.022315979004006, 21.0006504058838 ], [ -102.960952758789006, 20.9958209991456 ], [ -102.895851135254006, 20.972669601440401 ], [ -102.912170410155994, 20.951099395751999 ], [ -102.915237426757997, 20.929031372070298 ], [ -102.961166381835994, 20.8767395019532 ], [ -102.963081359862997, 20.8454704284669 ], [ -102.943687438965, 20.8282794952393 ], [ -102.944458007812003, 20.815820693969702 ], [ -102.979187011719006, 20.814920425415099 ], [ -102.99877166748, 20.7864799499512 ], [ -103.036308288574006, 20.7642726898194 ], [ -103.093406677245994, 20.757278442382901 ], [ -103.100219726562003, 20.729009628296001 ] ] ] } },
{ "type": "Feature", "properties": { "NAME_1": "Jalisco", "NAME_2": "Degollado" }, "geometry": { "type": "Polygon", "coordinates": [ [ [ -102.195503234862997, 20.356319427490298 ], [ -102.268951416015994, 20.370090484619102 ], [ -102.284149169922003, 20.403650283813501 ], [ -102.26904296875, 20.4274101257325 ], [ -102.28150177002, 20.459699630737401 ], [ -102.276268005370994, 20.470359802246101 ], [ -102.250946044922003, 20.4840297698975 ], [ -102.220863342285, 20.471479415893601 ], [ -102.183113098145, 20.473478317260899 ], [ -102.156341552734006, 20.5039806365968 ], [ -102.123901367187997, 20.5089206695557 ], [ -102.118499755859006, 20.487689971923899 ], [ -102.106079101562003, 20.490352630615298 ], [ -102.096656799315994, 20.480171203613299 ], [ -102.07479095459, 20.4899406433106 ], [ -102.046997070312003, 20.480171203613299 ], [ -102.066040039062003, 20.3691310882569 ], [ -102.170539855957003, 20.370510101318398 ], [ -102.195503234862997, 20.356319427490298 ] ] ] } },
{ "type": "Feature", "properties": { "NAME_1": "Jalisco", "NAME_2": "Ejutla" }, "geometry": { "type": "Polygon", "coordinates": [ [ [ -104.213882446289006, 19.8395309448243 ], [ -104.245712280272997, 19.864589691162202 ], [ -104.241996765137003, 19.896511077880898 ], [ -104.212387084960994, 19.939550399780298 ], [ -104.173461914062003, 19.939069747924702 ], [ -104.164108276367003, 19.955511093139599 ], [ -104.123062133789006, 19.944179534912099 ], [ -104.106330871582003, 19.950809478759901 ], [ -104.091072082519005, 19.9375190734863 ], [ -104.017868041992003, 19.931329727173001 ], [ -103.990478515625, 19.886020660400401 ], [ -103.989250183105, 19.83251953125 ], [ -103.996780395507997, 19.808559417724599 ], [ -104.006927490234006, 19.804380416870199 ], [ -104.029663085937003, 19.8207912445069 ], [ -104.044990539550994, 19.774269104003999 ], [ -104.06519317627, 19.795080184936499 ], [ -104.090682983397997, 19.797519683837901 ], [ -104.098518371582003, 19.8101711273193 ], [ -104.077827453612997, 19.8318996429443 ], [ -104.074668884277003, 19.8553791046144 ], [ -104.054946899414006, 19.874599456787099 ], [ -104.073219299315994, 19.912040710449201 ], [ -104.093193054199006, 19.9040927886963 ], [ -104.093566894530994, 19.875320434570401 ], [ -104.112518310547003, 19.878860473632798 ], [ -104.134056091309006, 19.855350494384801 ], [ -104.172981262207003, 19.8553581237793 ], [ -104.213882446289006, 19.8395309448243 ] ] ] } },
{ "type": "Feature", "properties": { "NAME_1": "Jalisco", "NAME_2": "El Arenal" }, "geometry": { "type": "Polygon", "coordinates": [ [ [ -103.645812988280994, 20.766529083251999 ], [ -103.642120361327997, 20.743721008300799 ], [ -103.624137878417997, 20.735481262206999 ], [ -103.60521697998, 20.739429473876999 ], [ -103.602386474609006, 20.732772827148398 ], [ -103.654067993164006, 20.681110382080099 ], [ -103.678749084472997, 20.674350738525401 ], [ -103.68238067627, 20.6632308959962 ], [ -103.715377807617003, 20.678270339965799 ], [ -103.727416992187003, 20.703559875488398 ], [ -103.757713317870994, 20.7074699401857 ], [ -103.751480102539006, 20.732120513916001 ], [ -103.726806640625, 20.745050430297901 ], [ -103.711807250975994, 20.743972778320401 ], [ -103.683860778809006, 20.7676811218262 ], [ -103.645812988280994, 20.766529083251999 ] ] ] } },
{ "type": "Feature", "properties": { "NAME_1": "Jalisco", "NAME_2": "El Grullo" }, "geometry": { "type": "Polygon", "coordinates": [ [ [ -104.111602783202997, 19.764890670776499 ], [ -104.124328613280994, 19.753072738647599 ], [ -104.119743347167997, 19.721769332885899 ], [ -104.125389099120994, 19.707559585571399 ], [ -104.157852172852003, 19.6834812164307 ], [ -104.206497192382997, 19.7493801116944 ], [ -104.238731384277003, 19.7605209350587 ], [ -104.246788024902003, 19.780769348144599 ], [ -104.325256347655994, 19.8313503265381 ], [ -104.325096130370994, 19.874469757080099 ], [ -104.312431335449006, 19.879270553588899 ], [ -104.245712280272997, 19.864589691162202 ], [ -104.213882446289006, 19.8395309448243 ], [ -104.221443176269005, 19.813581466674801 ], [ -104.192176818847997, 19.808261871337901 ], [ -104.122467041015994, 19.777299880981399 ], [ -104.111602783202997, 19.764890670776499 ] ] ] } },
{ "type": "Feature", "properties": { "NAME_1": "Jalisco", "NAME_2": "El Limón" }, "geometry": { "type": "Polygon", "coordinates": [ [ [ -104.044990539550994, 19.774269104003999 ], [ -104.034652709960994, 19.729110717773601 ], [ -104.05387878418, 19.723207473755 ], [ -104.080177307129006, 19.751529693603501 ], [ -104.115020751952997, 19.766660690307599 ], [ -104.122467041015994, 19.777299880981399 ], [ -104.192176818847997, 19.808261871337901 ], [ -104.217636108397997, 19.811801910400298 ], [ -104.221977233887003, 19.819789886474702 ], [ -104.208068847655994, 19.842412948608398 ], [ -104.172981262207003, 19.8553581237793 ], [ -104.134056091309006, 19.855350494384801 ], [ -104.112518310547003, 19.878860473632798 ], [ -104.093566894530994, 19.875320434570401 ], [ -104.093193054199006, 19.9040927886963 ], [ -104.073219299315994, 19.912040710449201 ], [ -104.054946899414006, 19.874599456787099 ], [ -104.074668884277003, 19.8553791046144 ], [ -104.077827453612997, 19.8318996429443 ], [ -104.098518371582003, 19.8101711273193 ], [ -104.090682983397997, 19.797519683837901 ], [ -104.06519317627, 19.795080184936499 ], [ -104.044990539550994, 19.774269104003999 ] ] ] } },
{ "type": "Feature", "properties": { "NAME_1": "Jalisco", "NAME_2": "El Salto" }, "geometry": { "type": "Polygon", "coordinates": [ [ [ -103.214889526367003, 20.468360900878999 ], [ -103.22289276123, 20.4710407257081 ], [ -103.251686096190994, 20.437509536743299 ], [ -103.274269104004006, 20.4576301574706 ], [ -103.294357299805, 20.462978363037099 ], [ -103.351806640625, 20.529830932617099 ], [ -103.310089111327997, 20.5394401550294 ], [ -103.254287719727003, 20.505460739135799 ], [ -103.221527099609006, 20.500839233398398 ], [ -103.185638427734006, 20.5101127624512 ], [ -103.197372436522997, 20.475389480590799 ], [ -103.214889526367003, 20.468360900878999 ] ] ] } },
{ "type": "Feature", "properties": { "NAME_1": "Jalisco", "NAME_2": "Encarnación de Díaz" }, "geometry": { "type": "Polygon", "coordinates": [ [ [ -102.489143371582003, 21.369289398193501 ], [ -102.504463195800994, 21.3927707672119 ], [ -102.500602722167997, 21.418119430541999 ], [ -102.483108520507997, 21.418100357055799 ], [ -102.472602844237997, 21.443559646606399 ], [ -102.460105895995994, 21.450769424438501 ], [ -102.450317382812003, 21.4945583343506 ], [ -102.424850463867003, 21.528709411621001 ], [ -102.434341430664006, 21.616870880127099 ], [ -102.416679382324006, 21.651901245117301 ], [ -102.363166809082003, 21.622810363769599 ], [ -102.331329345702997, 21.623331069946399 ], [ -102.186256408690994, 21.6709899902343 ], [ -102.139282226562003, 21.722101211548001 ], [ -102.130096435547003, 21.695690155029201 ], [ -102.096641540527003, 21.675939559936499 ], [ -102.053382873535, 21.682409286498999 ], [ -102.03929901123, 21.677040100097798 ], [ -102.020248413085994, 21.6911602020263 ], [ -102.010375976562003, 21.687879562378001 ], [ -102.014053344727003, 21.6404705047607 ], [ -102.035667419434006, 21.6144504547119 ], [ -102.030662536620994, 21.559860229492202 ], [ -102.052497863769005, 21.508590698242202 ], [ -102.082336425780994, 21.493600845336999 ], [ -102.073188781737997, 21.465089797973601 ], [ -102.08846282959, 21.445869445800898 ], [ -102.12767791748, 21.4361495971681 ], [ -102.200752258300994, 21.375682830810501 ], [ -102.249206542969006, 21.374050140380898 ], [ -102.256385803222997, 21.400070190429702 ], [ -102.265235900879006, 21.398090362548899 ], [ -102.267723083495994, 21.3761806488038 ], [ -102.276527404785, 21.371250152587798 ], [ -102.379325866699006, 21.3944702148438 ], [ -102.395217895507997, 21.404350280761701 ], [ -102.407417297362997, 21.395811080932699 ], [ -102.420959472655994, 21.3532009124756 ], [ -102.461647033690994, 21.376571655273501 ], [ -102.489143371582003, 21.369289398193501 ] ] ] } },
{ "type": "Feature", "properties": { "NAME_1": "Jalisco", "NAME_2": "Etzatlán" }, "geometry": { "type": "Polygon", "coordinates": [ [ [ -104.074981689452997, 20.626560211181701 ], [ -104.114601135254006, 20.618488311767599 ], [ -104.159492492675994, 20.590879440307599 ], [ -104.179351806640994, 20.589241027832099 ], [ -104.217437744140994, 20.605060577392699 ], [ -104.257461547852003, 20.610519409179702 ], [ -104.273376464844006, 20.659881591796999 ], [ -104.190116882324006, 20.6953411102294 ], [ -104.185256958007997, 20.703710556030401 ], [ -104.196617126465, 20.7275295257569 ], [ -104.189918518065994, 20.739738464355501 ], [ -104.142318725585994, 20.733070373535199 ], [ -104.13321685791, 20.791090011596602 ], [ -104.137542724609006, 20.8397102355957 ], [ -104.092338562012003, 20.8442897796632 ], [ -104.091911315917997, 20.8288097381593 ], [ -104.075248718262003, 20.824621200561602 ], [ -104.073181152344006, 20.8019924163818 ], [ -104.087387084960994, 20.743190765380898 ], [ -104.049377441405994, 20.731531143188501 ], [ -104.039596557617003, 20.711740493774499 ], [ -104.069229125977003, 20.674200057983398 ], [ -104.074981689452997, 20.626560211181701 ] ] ] } },
{ "type": "Feature", "properties": { "NAME_1": "Jalisco", "NAME_2": "Gómez Farías" }, "geometry": { "type": "Polygon", "coordinates": [ [ [ -103.534072875977003, 19.726682662963899 ], [ -103.545570373535, 19.751091003418001 ], [ -103.545722961425994, 19.776250839233398 ], [ -103.53148651123, 19.797050476074201 ], [ -103.483238220215, 19.824829101562599 ], [ -103.493843078612997, 19.841617584228501 ], [ -103.480026245117003, 19.861549377441399 ], [ -103.475051879882997, 19.865728378296001 ], [ -103.44605255127, 19.8492317199707 ], [ -103.412696838379006, 19.843208312988299 ], [ -103.406036376952997, 19.848350524902301 ], [ -103.417198181152003, 19.868488311767599 ], [ -103.412147521972997, 19.880098342895501 ], [ -103.361801147460994, 19.894180297851602 ], [ -103.348007202147997, 19.91575050354 ], [ -103.32373046875, 19.915149688720799 ], [ -103.321540832519005, 19.863470077514702 ], [ -103.313217163085994, 19.850219726562599 ], [ -103.289878845215, 19.837659835815401 ], [ -103.277450561522997, 19.804269790649499 ], [ -103.308135986327997, 19.809860229492202 ], [ -103.327751159667997, 19.7883396148682 ], [ -103.389068603515994, 19.7982406616212 ], [ -103.455307006835994, 19.7628898620606 ], [ -103.46053314209, 19.7483024597168 ], [ -103.483451843262003, 19.745510101318398 ], [ -103.497016906737997, 19.716100692748999 ], [ -103.534072875977003, 19.726682662963899 ] ] ] } },
{ "type": "Feature", "properties": { "NAME_1": "Jalisco", "NAME_2": "Guachinango" }, "geometry": { "type": "Polygon", "coordinates": [ [ [ -104.279159545897997, 20.456100463867202 ], [ -104.301887512207003, 20.4204196929932 ], [ -104.340705871582003, 20.447071075439499 ], [ -104.366806030272997, 20.476121902465799 ], [ -104.402908325195, 20.472589492797901 ], [ -104.444900512695, 20.502641677856399 ], [ -104.449012756347997, 20.525241851806701 ], [ -104.43994140625, 20.5614204406738 ], [ -104.447166442870994, 20.590030670166001 ], [ -104.481651306152003, 20.604059219360501 ], [ -104.497062683105, 20.6296997070313 ], [ -104.529479980469006, 20.647140502929702 ], [ -104.536293029785, 20.676679611206101 ], [ -104.582893371582003, 20.725652694702301 ], [ -104.614219665527003, 20.774999618530298 ], [ -104.611839294434006, 20.798570632934702 ], [ -104.594276428222997, 20.834131240844702 ], [ -104.619346618652003, 20.8985195159912 ], [ -104.595657348632997, 20.905300140380898 ], [ -104.569961547852003, 20.8925590515137 ], [ -104.469047546387003, 20.783870697021499 ], [ -104.420890808105, 20.758970260620199 ], [ -104.386726379394005, 20.719022750854499 ], [ -104.352386474609006, 20.699720382690401 ], [ -104.301956176757997, 20.6498508453369 ], [ -104.284568786620994, 20.596401214599702 ], [ -104.258895874022997, 20.569299697876101 ], [ -104.287132263184006, 20.5301704406738 ], [ -104.277763366699006, 20.508329391479499 ], [ -104.254859924315994, 20.4965305328369 ], [ -104.269065856934006, 20.4846897125244 ], [ -104.279159545897997, 20.456100463867202 ] ] ] } },
{ "type": "Feature", "properties": { "NAME_1": "Jalisco", "NAME_2": "Guadalajara" }, "geometry": { "type": "Polygon", "coordinates": [ [ [ -103.283126831055, 20.6514492034913 ], [ -103.288566589355, 20.606330871581999 ], [ -103.338218688965, 20.5718498229982 ], [ -103.354248046875, 20.576799392700099 ], [ -103.386726379395, 20.545709609985298 ], [ -103.438186645507997, 20.581752777099702 ], [ -103.462097167969006, 20.617170333862301 ], [ -103.461822509765994, 20.637649536132798 ], [ -103.44384765625, 20.6632404327393 ], [ -103.403289794922003, 20.659469604492301 ], [ -103.374153137207003, 20.700590133666999 ], [ -103.332916259765994, 20.712690353393501 ], [ -103.29093170166, 20.688150405883899 ], [ -103.283126831055, 20.6514492034913 ] ] ] } },
{ "type": "Feature", "properties": { "NAME_1": "Jalisco", "NAME_2": "Hostotipaquillo" }, "geometry": { "type": "Polygon", "coordinates": [ [ [ -104.072578430175994, 21.146749496460099 ], [ -104.07950592041, 21.1196804046632 ], [ -104.041191101074006, 21.088489532470799 ], [ -104.005722045897997, 21.088090896606499 ], [ -103.962463378905994, 21.045841217041101 ], [ -103.929466247559006, 21.027019500732401 ], [ -103.870986938477003, 21.030881881713899 ], [ -103.88062286377, 21.006141662597699 ], [ -103.88005065918, 20.9740009307862 ], [ -103.891937255859006, 20.9618110656738 ], [ -103.906593322754006, 20.904848098755 ], [ -103.924209594727003, 20.888282775878899 ], [ -103.92463684082, 20.876590728759801 ], [ -103.963760375977003, 20.891229629516701 ], [ -104.002799987792997, 20.920738220214901 ], [ -104.033752441405994, 20.930011749267599 ], [ -104.120613098144005, 20.886671066284201 ], [ -104.186851501465, 20.898839950561602 ], [ -104.263221740722997, 20.924320220947401 ], [ -104.243827819824006, 21.014511108398398 ], [ -104.229339599609006, 21.138019561767599 ], [ -104.095626831055, 21.152210235595799 ], [ -104.072578430175994, 21.146749496460099 ] ] ] } },
{ "type": "Feature", "properties": { "NAME_1": "Jalisco", "NAME_2": "Huejúcar" }, "geometry": { "type": "Polygon", "coordinates": [ [ [ -103.088447570800994, 22.177230834960898 ], [ -103.09008026123, 22.1695880889894 ], [ -103.11946105957, 22.1662902832032 ], [ -103.152717590332003, 22.1340427398682 ], [ -103.174575805664006, 22.125551223755 ], [ -103.254539489745994, 22.175979614257901 ], [ -103.265800476074006, 22.1916694641113 ], [ -103.304878234862997, 22.166091918945401 ], [ -103.326202392577997, 22.166339874267599 ], [ -103.34203338623, 22.173500061035199 ], [ -103.326988220215, 22.193830490112401 ], [ -103.329147338867003, 22.203098297119102 ], [ -103.363098144530994, 22.2153205871582 ], [ -103.376556396484006, 22.231941223144499 ], [ -103.363983154297003, 22.301519393920799 ], [ -103.289031982422003, 22.328189849853501 ], [ -103.202537536620994, 22.3218898773194 ], [ -103.190208435059006, 22.3130207061769 ], [ -103.185836791992003, 22.290390014648501 ], [ -103.214668273925994, 22.2500400543213 ], [ -103.212547302245994, 22.228479385376001 ], [ -103.193260192870994, 22.216941833496101 ], [ -103.104866027832003, 22.2105007171632 ], [ -103.090049743652003, 22.198600769043001 ], [ -103.088447570800994, 22.177230834960898 ] ] ] } },
{ "type": "Feature", "properties": { "NAME_1": "Jalisco", "NAME_2": "Huejuquilla el Alto" }, "geometry": { "type": "Polygon", "coordinates": [ [ [ -103.959541320800994, 22.251140594482401 ], [ -103.981689453125, 22.247421264648398 ], [ -104.012916564940994, 22.223930358886701 ], [ -104.059562683105, 22.2954006195069 ], [ -104.011741638182997, 22.3271083831787 ], [ -103.968933105469006, 22.379280090332099 ], [ -103.976959228515994, 22.424108505249102 ], [ -104.036026000977003, 22.541540145874102 ], [ -104.047676086425994, 22.584011077880898 ], [ -104.006332397460994, 22.624122619628899 ], [ -103.955780029297003, 22.652439117431602 ], [ -103.888168334960994, 22.6674003601075 ], [ -103.83878326416, 22.664079666137798 ], [ -103.785217285155994, 22.638830184936602 ], [ -103.774971008300994, 22.624080657958999 ], [ -103.776107788085994, 22.608869552612401 ], [ -103.854881286620994, 22.535972595214801 ], [ -103.909111022949006, 22.458490371704201 ], [ -103.951995849609006, 22.346250534057699 ], [ -103.959541320800994, 22.251140594482401 ] ] ] } },
{ "type": "Feature", "properties": { "NAME_1": "Jalisco", "NAME_2": "Ixtlahuacán de los Membrillos" }, "geometry": { "type": "Polygon", "coordinates": [ [ [ -103.315757751465, 20.295431137085 ], [ -103.322380065917997, 20.337448120117202 ], [ -103.31746673584, 20.369819641113299 ], [ -103.305389404297003, 20.3670883178712 ], [ -103.305320739745994, 20.381961822509801 ], [ -103.284027099609006, 20.400060653686602 ], [ -103.27961730957, 20.422290802002099 ], [ -103.251686096190994, 20.437509536743299 ], [ -103.218521118164006, 20.471878051757798 ], [ -103.224609375, 20.447980880737301 ], [ -103.21996307373, 20.434858322143601 ], [ -103.20955657959, 20.4269104003907 ], [ -103.179046630859006, 20.4244709014893 ], [ -103.138702392577997, 20.3809299468994 ], [ -103.165657043457003, 20.340681076049901 ], [ -103.219177246094006, 20.291360855102599 ], [ -103.246116638184006, 20.287660598754901 ], [ -103.290458679199006, 20.3018512725831 ], [ -103.315757751465, 20.295431137085 ] ] ] } },
{ "type": "Feature", "properties": { "NAME_1": "Jalisco", "NAME_2": "Ixtlahuacán del Río" }, "geometry": { "type": "Polygon", "coordinates": [ [ [ -103.324127197265994, 20.712570190429702 ], [ -103.325225830077997, 20.742490768432599 ], [ -103.350631713867003, 20.767210006713999 ], [ -103.349006652832003, 20.8314704895019 ], [ -103.370346069335994, 20.859949111938501 ], [ -103.376007080077997, 20.885871887207099 ], [ -103.358383178710994, 20.920560836792099 ], [ -103.373832702637003, 20.922002792358501 ], [ -103.357086181640994, 20.940891265869201 ], [ -103.342170715332003, 20.977079391479499 ], [ -103.350151062012003, 21.001279830932599 ], [ -103.316337585449006, 21.017360687255898 ], [ -103.285179138184006, 21.0123805999756 ], [ -103.268669128417997, 21.0389099121094 ], [ -103.231781005859006, 21.046142578124901 ], [ -103.191429138184006, 21.031650543212901 ], [ -103.155868530272997, 21.028760910034201 ], [ -103.193809509277003, 20.9488410949707 ], [ -103.184898376465, 20.930040359496999 ], [ -103.16227722168, 20.9379997253419 ], [ -103.15641784668, 20.925390243530298 ], [ -103.193290710449006, 20.894950866699201 ], [ -103.248306274414006, 20.8678703308107 ], [ -103.225326538085994, 20.843790054321399 ], [ -103.20433807373, 20.793460845947401 ], [ -103.184898376465, 20.7870407104493 ], [ -103.151832580565994, 20.744430541992202 ], [ -103.151435852050994, 20.7234706878663 ], [ -103.27751159668, 20.676500320434702 ], [ -103.324127197265994, 20.712570190429702 ] ] ] } },
{ "type": "Feature", "properties": { "NAME_1": "Jalisco", "NAME_2": "Jalostotitlán" }, "geometry": { "type": "Polygon", "coordinates": [ [ [ -102.5791015625, 20.9934406280518 ], [ -102.610527038574006, 21.0630397796632 ], [ -102.630599975585994, 21.057519912719801 ], [ -102.640998840332003, 21.063119888305799 ], [ -102.627113342285, 21.105699539184499 ], [ -102.636390686035, 21.138301849365298 ], [ -102.652320861815994, 21.134109497070298 ], [ -102.658866882324006, 21.145111083984499 ], [ -102.628196716309006, 21.202350616455099 ], [ -102.642723083495994, 21.221321105957099 ], [ -102.631530761719006, 21.230489730835099 ], [ -102.621192932129006, 21.264980316162202 ], [ -102.602386474609006, 21.276119232177699 ], [ -102.58854675293, 21.271160125732401 ], [ -102.56526184082, 21.278682708740298 ], [ -102.571136474609006, 21.294460296630898 ], [ -102.562347412109006, 21.2994403839112 ], [ -102.54508972168, 21.297590255737401 ], [ -102.549629211425994, 21.2871608734132 ], [ -102.537467956542997, 21.2793998718262 ], [ -102.482376098632997, 21.264240264892699 ], [ -102.48713684082, 21.252000808715799 ], [ -102.510589599609006, 21.237909317016602 ], [ -102.51481628418, 21.22274017334 ], [ -102.503936767577997, 21.218530654907301 ], [ -102.477386474609006, 21.239330291748001 ], [ -102.467712402344006, 21.2334594726562 ], [ -102.470321655272997, 21.187538146972699 ], [ -102.457977294922003, 21.145299911498999 ], [ -102.462837219237997, 21.121940612793001 ], [ -102.386276245117003, 21.1160907745362 ], [ -102.384742736815994, 21.110710144043001 ], [ -102.397659301757997, 21.081069946289102 ], [ -102.454666137695, 21.039579391479599 ], [ -102.540863037109006, 21.0530910491944 ], [ -102.544090270995994, 21.037519454956001 ], [ -102.536018371582003, 21.022050857543999 ], [ -102.544731140137003, 20.993980407714901 ], [ -102.5791015625, 20.9934406280518 ] ] ] } },
{ "type": "Feature", "properties": { "NAME_1": "Jalisco", "NAME_2": "Jamay" }, "geometry": { "type": "Polygon", "coordinates": [ [ [ -102.583236694335994, 20.246099472046001 ], [ -102.626281738280994, 20.248840332031399 ], [ -102.659782409667997, 20.2118110656738 ], [ -102.701316833495994, 20.1951198577881 ], [ -102.717292785644005, 20.210599899291999 ], [ -102.705657958984006, 20.229608535766701 ], [ -102.715438842772997, 20.254560470581101 ], [ -102.743309020995994, 20.2665119171143 ], [ -102.733581542969006, 20.281869888305799 ], [ -102.703407287597997, 20.288600921631001 ], [ -102.697158813477003, 20.308120727539102 ], [ -102.680236816405994, 20.318822860717699 ], [ -102.674308776855, 20.343530654907202 ], [ -102.653923034667997, 20.352119445800799 ], [ -102.656929016112997, 20.327520370483501 ], [ -102.606719970702997, 20.307411193847798 ], [ -102.607261657715, 20.2960510253906 ], [ -102.62621307373, 20.288909912109499 ], [ -102.625518798827997, 20.277379989624102 ], [ -102.591430664062003, 20.270389556884801 ], [ -102.583236694335994, 20.246099472046001 ] ] ] } },
{ "type": "Feature", "properties": { "NAME_1": "Jalisco", "NAME_2": "Jesús María" }, "geometry": { "type": "Polygon", "coordinates": [ [ [ -102.308563232422003, 20.576219558715799 ], [ -102.297157287597997, 20.591520309448399 ], [ -102.264930725097997, 20.6091003417969 ], [ -102.261581420897997, 20.638290405273501 ], [ -102.241203308105, 20.641710281372099 ], [ -102.238662719727003, 20.659051895141602 ], [ -102.221611022949006, 20.676719665527301 ], [ -102.229927062987997, 20.682899475097699 ], [ -102.225700378417997, 20.692550659179702 ], [ -102.168037414550994, 20.7281417846681 ], [ -102.147087097167997, 20.713541030883899 ], [ -102.106506347655994, 20.7258701324463 ], [ -102.036186218262003, 20.706609725952099 ], [ -101.979537963867003, 20.602401733398501 ], [ -102.002807617187003, 20.5709018707275 ], [ -102.023696899414006, 20.514570236206101 ], [ -102.046997070312003, 20.480171203613299 ], [ -102.07479095459, 20.4899406433106 ], [ -102.096656799315994, 20.480171203613299 ], [ -102.106079101562003, 20.490352630615298 ], [ -102.118499755859006, 20.487689971923899 ], [ -102.121459960937003, 20.509002685546999 ], [ -102.156341552734006, 20.5039806365968 ], [ -102.183113098145, 20.473478317260899 ], [ -102.237358093262003, 20.476570129394599 ], [ -102.255409240722997, 20.487279891967798 ], [ -102.28685760498, 20.526800155639702 ], [ -102.297386169434006, 20.543439865112401 ], [ -102.293266296387003, 20.564960479736399 ], [ -102.308563232422003, 20.576219558715799 ] ] ] } },
{ "type": "Feature", "properties": { "NAME_1": "Jalisco", "NAME_2": "Jilotlán de los Dolores" }, "geometry": { "type": "Polygon", "coordinates": [ [ [ -102.601356506347997, 19.408321380615298 ], [ -102.630599975585994, 19.363758087158299 ], [ -102.699195861815994, 19.301532745361399 ], [ -102.733436584472997, 19.2134094238281 ], [ -102.743827819824006, 19.2111206054688 ], [ -102.800491333007997, 19.238611221313501 ], [ -102.834350585937997, 19.2323608398438 ], [ -102.899597167969006, 19.195680618286101 ], [ -103.002876281737997, 19.108930587768601 ], [ -103.02311706543, 19.1349601745606 ], [ -103.018173217772997, 19.158870697021602 ], [ -103.044425964355, 19.152759552002099 ], [ -103.036697387695, 19.171970367431701 ], [ -103.056396484375, 19.174860000610501 ], [ -103.05224609375, 19.210720062255898 ], [ -103.098297119140994, 19.238931655883899 ], [ -103.13215637207, 19.245519638061602 ], [ -103.156097412109006, 19.2812824249269 ], [ -103.152519226074006, 19.292682647705099 ], [ -103.12442779541, 19.292961120605501 ], [ -103.106536865234006, 19.322610855102599 ], [ -103.120719909667997, 19.384149551391602 ], [ -103.139587402344006, 19.401939392089901 ], [ -103.12712097168, 19.4266891479493 ], [ -103.106140136719006, 19.4403896331788 ], [ -103.091339111327997, 19.430191040039201 ], [ -103.059608459472997, 19.4315605163575 ], [ -103.039306640625, 19.414501190185501 ], [ -102.973052978515994, 19.403320312500099 ], [ -102.967437744140994, 19.3826503753663 ], [ -102.940078735352003, 19.375299453735501 ], [ -102.90657043457, 19.374710083007901 ], [ -102.899620056152003, 19.388059616088899 ], [ -102.873809814452997, 19.3845310211182 ], [ -102.853523254395, 19.399431228637699 ], [ -102.808082580565994, 19.378589630127099 ], [ -102.754692077637003, 19.442211151123001 ], [ -102.669212341309006, 19.436500549316499 ], [ -102.614486694335994, 19.464361190795898 ], [ -102.598747253417997, 19.4314708709718 ], [ -102.601356506347997, 19.408321380615298 ] ] ] } },
{ "type": "Feature", "properties": { "NAME_1": "Jalisco", "NAME_2": "Jocotepec" }, "geometry": { "type": "Polygon", "coordinates": [ [ [ -103.477493286132997, 20.166440963745099 ], [ -103.496047973632997, 20.233352661132901 ], [ -103.514549255370994, 20.255741119384801 ], [ -103.564788818359006, 20.2853107452394 ], [ -103.568672180175994, 20.3070297241212 ], [ -103.553916931152003, 20.3296604156494 ], [ -103.561096191405994, 20.366300582885899 ], [ -103.540100097655994, 20.372760772705 ], [ -103.501831054687997, 20.325799942016602 ], [ -103.453948974609006, 20.304559707641701 ], [ -103.375152587890994, 20.336339950561602 ], [ -103.351753234862997, 20.357160568237202 ], [ -103.31803894043, 20.3621501922607 ], [ -103.322380065917997, 20.337448120117202 ], [ -103.315757751465, 20.295431137085 ], [ -103.362266540527003, 20.259571075439499 ], [ -103.425987243652003, 20.256330490112301 ], [ -103.444702148437997, 20.229499816894599 ], [ -103.444259643555, 20.210170745849702 ], [ -103.427291870117003, 20.196411132812599 ], [ -103.37442779541, 20.1950206756593 ], [ -103.38712310791, 20.1438007354737 ], [ -103.402542114257997, 20.138362884521499 ], [ -103.477493286132997, 20.166440963745099 ] ] ] } },
{ "type": "Feature", "properties": { "NAME_1": "Jalisco", "NAME_2": "Juanacatlán" }, "geometry": { "type": "Polygon", "coordinates": [ [ [ -103.138702392577997, 20.3809299468994 ], [ -103.174339294434006, 20.4210395812988 ], [ -103.211761474609006, 20.427511215210099 ], [ -103.224052429199006, 20.444169998168999 ], [ -103.214889526367003, 20.468360900878999 ], [ -103.193862915039006, 20.482072830200298 ], [ -103.168907165527003, 20.552709579467798 ], [ -103.154586791992003, 20.544040679931602 ], [ -103.16089630127, 20.517169952392599 ], [ -103.13508605957, 20.494289398193398 ], [ -103.14119720459, 20.4710407257081 ], [ -103.128860473632997, 20.4629611968994 ], [ -103.131790161132997, 20.438251495361399 ], [ -103.119766235352003, 20.434890747070298 ], [ -103.099807739257997, 20.398710250854599 ], [ -103.106903076172003, 20.3778495788575 ], [ -103.138702392577997, 20.3809299468994 ] ] ] } },
{ "type": "Feature", "properties": { "NAME_1": "Jalisco", "NAME_2": "Juchitlán" }, "geometry": { "type": "Polygon", "coordinates": [ [ [ -104.015975952147997, 19.930240631103601 ], [ -104.096076965332003, 19.939069747924702 ], [ -104.108467102050994, 19.951248168945401 ], [ -104.12663269043, 20.001279830932599 ], [ -104.170372009277003, 20.061790466308601 ], [ -104.147148132324006, 20.068862915039102 ], [ -104.115325927734006, 20.058731079101602 ], [ -104.07861328125, 20.11305809021 ], [ -104.058197021484006, 20.101289749145501 ], [ -104.047897338867003, 20.061550140380898 ], [ -104.01683807373, 20.0571594238282 ], [ -103.995346069335994, 20.067621231079201 ], [ -103.989082336425994, 20.024250030517699 ], [ -104.009170532227003, 19.981880187988299 ], [ -103.989997863769005, 19.966529846191499 ], [ -104.015975952147997, 19.930240631103601 ] ] ] } },
{ "type": "Feature", "properties": { "NAME_1": "Jalisco", "NAME_2": "La Barca" }, "geometry": { "type": "Polygon", "coordinates": [ [ [ -102.353385925292997, 20.328920364379901 ], [ -102.40030670166, 20.315250396728601 ], [ -102.452293395995994, 20.323200225830099 ], [ -102.495216369629006, 20.310550689697401 ], [ -102.533851623535, 20.2871398925782 ], [ -102.547546386719006, 20.265539169311602 ], [ -102.583236694335994, 20.246099472046001 ], [ -102.591430664062003, 20.270389556884801 ], [ -102.617370605469006, 20.2722702026368 ], [ -102.626777648925994, 20.280050277710099 ], [ -102.62621307373, 20.288909912109499 ], [ -102.607261657715, 20.2960510253906 ], [ -102.606719970702997, 20.307411193847798 ], [ -102.657485961914006, 20.331800460815401 ], [ -102.652656555175994, 20.3494606018068 ], [ -102.635772705077997, 20.363092422485401 ], [ -102.584571838379006, 20.387710571289201 ], [ -102.580596923827997, 20.413732528686602 ], [ -102.507263183594006, 20.418870925903299 ], [ -102.477401733397997, 20.403539657592798 ], [ -102.440742492675994, 20.407260894775501 ], [ -102.429786682129006, 20.3957195281982 ], [ -102.38809967041, 20.392391204834102 ], [ -102.296188354492003, 20.339290618896499 ], [ -102.298500061035, 20.3301105499268 ], [ -102.317527770995994, 20.337120056152401 ], [ -102.353385925292997, 20.328920364379901 ] ] ] } },
{ "type": "Feature", "properties": { "NAME_1": "Jalisco", "NAME_2": "La Huerta" }, "geometry": { "type": "GeometryCollection", "geometries": [ { "type": "Polygon", "coordinates": [ [ [ -105.066802978515994, 19.463472366333001 ], [ -105.073471069335994, 19.472360610961999 ], [ -105.058746337890994, 19.471805572509801 ], [ -105.066802978515994, 19.4887504577637 ], [ -105.061531066894005, 19.495418548583999 ], [ -105.076805114745994, 19.500139236450199 ], [ -105.079582214355, 19.514583587646602 ], [ -105.085975646972997, 19.513471603393601 ], [ -105.083190917969006, 19.5412502288818 ], [ -105.102912902832003, 19.5765285491943 ], [ -105.124580383300994, 19.587915420532301 ], [ -105.13346862793, 19.585693359374901 ], [ -105.132362365722997, 19.572914123535099 ], [ -105.142364501952997, 19.5745830535888 ], [ -105.154304504394005, 19.590694427490298 ], [ -105.151527404785, 19.602361679077202 ], [ -105.163192749022997, 19.602918624878001 ], [ -105.161529541015994, 19.612363815307599 ], [ -105.202362060547003, 19.619583129882901 ], [ -105.19930267334, 19.629306793212901 ], [ -105.239028930664006, 19.661678314209102 ], [ -105.197692871094006, 19.671989440918001 ], [ -105.164970397949006, 19.690589904785099 ], [ -105.162948608397997, 19.7193412780762 ], [ -105.149467468262003, 19.726812362670898 ], [ -105.151756286620994, 19.737169265747202 ], [ -105.135917663574006, 19.752780914306701 ], [ -105.10710144043, 19.748092651367202 ], [ -105.09349822998, 19.762010574340799 ], [ -105.066307067870994, 19.766960144043001 ], [ -105.009552001952997, 19.6993217468262 ], [ -104.937660217285, 19.6603698730469 ], [ -104.928558349609006, 19.659168243408299 ], [ -104.92325592041, 19.6680507659912 ], [ -104.925476074219006, 19.689699172973601 ], [ -104.879386901855, 19.6716709136963 ], [ -104.833862304687997, 19.675529479980401 ], [ -104.792221069335994, 19.624418258666999 ], [ -104.745506286620994, 19.612590789795 ], [ -104.736763000487997, 19.600532531738398 ], [ -104.718322753905994, 19.596250534057699 ], [ -104.702186584472997, 19.6138305664063 ], [ -104.69214630127, 19.614240646362401 ], [ -104.655982971190994, 19.584909439086999 ], [ -104.612213134765994, 19.570230484008899 ], [ -104.576446533202997, 19.516931533813501 ], [ -104.583602905272997, 19.468410491943398 ], [ -104.630569458007997, 19.440578460693501 ], [ -104.629463195800994, 19.399990081787202 ], [ -104.650398254394005, 19.3638000488282 ], [ -104.679077148437997, 19.380548477172901 ], [ -104.731262207030994, 19.3508110046387 ], [ -104.751541137695, 19.3610229492188 ], [ -104.793769836425994, 19.344360351562599 ], [ -104.794998168945, 19.331369400024499 ], [ -104.778182983397997, 19.320869445800799 ], [ -104.771980285644005, 19.298561096191499 ], [ -104.785118103027003, 19.261438369751101 ], [ -104.809539794922003, 19.2445163726806 ], [ -104.809860229492003, 19.258193969726499 ], [ -104.789024353027003, 19.280136108398398 ], [ -104.795135498047003, 19.2965297698975 ], [ -104.834587097167997, 19.3065280914307 ], [ -104.837364196777003, 19.289028167724599 ], [ -104.869857788085994, 19.288749694824201 ], [ -104.873748779297003, 19.2759723663331 ], [ -104.902641296387003, 19.300693511962901 ], [ -104.938468933105, 19.3073616027832 ], [ -104.993194580077997, 19.3576393127443 ], [ -104.987640380859006, 19.376527786254901 ], [ -104.99764251709, 19.3654174804688 ], [ -105.029586791992003, 19.3845825195313 ], [ -105.031524658202997, 19.396528244018601 ], [ -105.023193359375, 19.395139694213899 ], [ -105.017082214355, 19.406805038452202 ], [ -105.030136108397997, 19.428747177124102 ], [ -105.02458190918, 19.436250686645501 ], [ -105.066802978515994, 19.463472366333001 ] ] ] }, { "type": "Polygon", "coordinates": [ [ [ -105.110694885254006, 19.5620841979982 ], [ -105.111251831055, 19.557081222534201 ], [ -105.117362976074006, 19.555139541626001 ], [ -105.113746643065994, 19.5618076324463 ], [ -105.110694885254006, 19.5620841979982 ] ] ] }, { "type": "Polygon", "coordinates": [ [ [ -105.109024047852003, 19.5520839691162 ], [ -105.105140686035, 19.549861907958999 ], [ -105.110694885254006, 19.543750762939499 ], [ -105.113471984862997, 19.547361373901399 ], [ -105.109024047852003, 19.5520839691162 ] ] ] }, { "type": "Polygon", "coordinates": [ [ [ -105.093193054199006, 19.540971755981399 ], [ -105.091804504395, 19.539028167724702 ], [ -105.094863891602003, 19.538194656372202 ], [ -105.094581604004006, 19.540138244628899 ], [ -105.093193054199006, 19.540971755981399 ] ] ] }, { "type": "Polygon", "coordinates": [ [ [ -105.08708190918, 19.5362472534181 ], [ -105.087364196777003, 19.5320854187012 ], [ -105.088470458984006, 19.53125 ], [ -105.089584350585994, 19.535139083862301 ], [ -105.08708190918, 19.5362472534181 ] ] ] }, { "type": "Polygon", "coordinates": [ [ [ -105.094024658202997, 19.527082443237202 ], [ -105.090141296387003, 19.525140762329102 ], [ -105.09041595459, 19.523195266723601 ], [ -105.095138549805, 19.525140762329102 ], [ -105.094024658202997, 19.527082443237202 ] ] ] }, { "type": "Polygon", "coordinates": [ [ [ -105.065414428710994, 19.479028701782301 ], [ -105.06485748291, 19.476804733276399 ], [ -105.06819152832, 19.477638244628999 ], [ -105.067916870117003, 19.478193283081101 ], [ -105.065414428710994, 19.479028701782301 ] ] ] }, { "type": "Polygon", "coordinates": [ [ [ -105.035972595215, 19.3918056488038 ], [ -105.033195495605, 19.3901386260987 ], [ -105.033470153809006, 19.388750076293899 ], [ -105.036529541015994, 19.388471603393601 ], [ -105.035972595215, 19.3918056488038 ] ] ] } ] } },
{ "type": "Feature", "properties": { "NAME_1": "Jalisco", "NAME_2": "La Manzanilla de la Paz" }, "geometry": { "type": "Polygon", "coordinates": [ [ [ -103.094093322754006, 19.955329895019499 ], [ -103.119003295897997, 19.945400238037202 ], [ -103.138008117675994, 19.915199279785199 ], [ -103.16771697998, 19.918462753296001 ], [ -103.192726135254006, 19.907690048217798 ], [ -103.209663391112997, 19.9364109039307 ], [ -103.212127685547003, 19.981611251831001 ], [ -103.168060302734006, 20.0508708953857 ], [ -103.145156860352003, 20.037719726562599 ], [ -103.14421081543, 20.022001266479599 ], [ -103.118850708007997, 20.012519836425898 ], [ -103.075836181640994, 20.0483703613282 ], [ -103.059410095215, 20.053052902221701 ], [ -103.062156677245994, 20.007909774780401 ], [ -103.094093322754006, 19.955329895019499 ] ] ] } },
{ "type": "Feature", "properties": { "NAME_1": "Jalisco", "NAME_2": "Lago de Chapala" }, "geometry": { "type": "Polygon", "coordinates": [ [ [ -102.994583129882997, 20.152280807495199 ], [ -103.044982910155994, 20.139810562133899 ], [ -103.068031311035, 20.151971817016701 ], [ -103.123413085937997, 20.131610870361399 ], [ -103.166160583495994, 20.1391410827637 ], [ -103.194221496582003, 20.120300292968899 ], [ -103.219627380370994, 20.141340255737401 ], [ -103.264999389647997, 20.153001785278299 ], [ -103.288375854492003, 20.171840667724702 ], [ -103.338256835937003, 20.173130035400401 ], [ -103.37442779541, 20.1950206756593 ], [ -103.420745849609006, 20.193309783935501 ], [ -103.444259643555, 20.210170745849702 ], [ -103.445793151855, 20.223619461059599 ], [ -103.425987243652003, 20.256330490112301 ], [ -103.364601135254006, 20.252519607544102 ], [ -103.276306152344006, 20.263599395752099 ], [ -103.244743347167997, 20.256120681762798 ], [ -103.202423095702997, 20.258039474487301 ], [ -103.186500549315994, 20.274700164795 ], [ -103.159461975097997, 20.278930664062599 ], [ -103.134857177734006, 20.295309066772599 ], [ -103.021957397460994, 20.3041591644287 ], [ -102.978500366210994, 20.285060882568398 ], [ -102.923988342285, 20.2765712738038 ], [ -102.842048645019005, 20.280601501464801 ], [ -102.805541992187997, 20.2960910797119 ], [ -102.791625976562003, 20.2725296020507 ], [ -102.775115966797003, 20.2635803222656 ], [ -102.721710205077997, 20.261680603027301 ], [ -102.706092834472997, 20.2352695465088 ], [ -102.717292785644005, 20.210599899291999 ], [ -102.701316833495994, 20.1951198577881 ], [ -102.702713012695, 20.149877548217798 ], [ -102.755912780762003, 20.1426811218263 ], [ -102.76895904541, 20.1301803588868 ], [ -102.8076171875, 20.116228103637699 ], [ -102.82740020752, 20.118089675903299 ], [ -102.830467224120994, 20.094909667968899 ], [ -102.841911315917997, 20.085069656372202 ], [ -102.853996276855, 20.0859298706056 ], [ -102.876968383789006, 20.121271133423001 ], [ -102.896118164062003, 20.135280609131001 ], [ -102.994583129882997, 20.152280807495199 ] ] ] } },
{ "type": "Feature", "properties": { "NAME_1": "Jalisco", "NAME_2": "Lagos de Moreno" }, "geometry": { "type": "Polygon", "coordinates": [ [ [ -102.151435852050994, 21.251581192016701 ], [ -102.165802001952997, 21.2835083007813 ], [ -102.183135986327997, 21.2746200561525 ], [ -102.196243286132997, 21.282489776611399 ], [ -102.190956115722997, 21.3790397644044 ], [ -102.12767791748, 21.4361495971681 ], [ -102.09407043457, 21.442691802978601 ], [ -102.076766967772997, 21.456769943237301 ], [ -102.073455810547003, 21.468259811401399 ], [ -102.083297729492003, 21.4910697937012 ], [ -102.052497863769005, 21.508590698242202 ], [ -102.032806396484006, 21.553871154785298 ], [ -102.035667419434006, 21.6144504547119 ], [ -102.014053344727003, 21.6404705047607 ], [ -102.009346008300994, 21.684511184692401 ], [ -102.020248413085994, 21.6911602020263 ], [ -102.03929901123, 21.677040100097798 ], [ -102.053382873535, 21.682409286498999 ], [ -102.096641540527003, 21.675939559936499 ], [ -102.130096435547003, 21.695690155029201 ], [ -102.139282226562003, 21.722101211548001 ], [ -102.066963195800994, 21.816932678222699 ], [ -101.965530395507997, 21.863431930541999 ], [ -101.961708068847997, 21.810068130493299 ], [ -101.930587768555, 21.801349639892699 ], [ -101.91919708252, 21.769889831543001 ], [ -101.862632751465, 21.7229309082031 ], [ -101.859230041504006, 21.702999114990199 ], [ -101.818046569824006, 21.6904411315919 ], [ -101.814750671387003, 21.678461074829201 ], [ -101.836776733397997, 21.669481277465898 ], [ -101.831420898437003, 21.648670196533299 ], [ -101.783302307129006, 21.599950790405401 ], [ -101.740180969237997, 21.584409713745099 ], [ -101.722450256347997, 21.551670074463001 ], [ -101.693977355957003, 21.522691726684599 ], [ -101.660263061522997, 21.518201828002901 ], [ -101.670379638672003, 21.482551574706999 ], [ -101.642631530762003, 21.477970123291101 ], [ -101.640159606934006, 21.470689773559599 ], [ -101.665466308594006, 21.395870208740199 ], [ -101.637466430664006, 21.3844528198243 ], [ -101.633766174315994, 21.374210357666101 ], [ -101.67064666748, 21.317310333251999 ], [ -101.717971801757997, 21.3185424804688 ], [ -101.751251220702997, 21.295150756836001 ], [ -101.752113342285, 21.257938385009901 ], [ -101.785469055175994, 21.193220138549801 ], [ -101.812728881835994, 21.1875305175781 ], [ -101.880302429199006, 21.152540206909201 ], [ -101.881866455077997, 21.187330245971701 ], [ -101.909088134765994, 21.2139701843262 ], [ -101.973266601562003, 21.229660034179702 ], [ -102.044136047362997, 21.225299835205199 ], [ -102.042961120605, 21.205320358276499 ], [ -102.054542541504006, 21.211290359497099 ], [ -102.071060180664006, 21.1959228515625 ], [ -102.085876464844006, 21.204940795898501 ], [ -102.106292724609006, 21.184860229492202 ], [ -102.117721557617003, 21.198310852050898 ], [ -102.106986999512003, 21.2043991088868 ], [ -102.107719421387003, 21.227109909057599 ], [ -102.151435852050994, 21.251581192016701 ] ] ] } },
{ "type": "Feature", "properties": { "NAME_1": "Jalisco", "NAME_2": "Magdalena" }, "geometry": { "type": "Polygon", "coordinates": [ [ [ -103.92463684082, 20.876590728759801 ], [ -103.911201477050994, 20.865659713745099 ], [ -103.876617431640994, 20.866228103637798 ], [ -103.883087158202997, 20.791030883789102 ], [ -103.896072387695, 20.788080215454201 ], [ -103.917686462402003, 20.8053302764893 ], [ -103.968856811522997, 20.777971267700298 ], [ -103.975151062012003, 20.804780960083001 ], [ -104.007431030272997, 20.8378009796143 ], [ -104.053962707519005, 20.856660842895501 ], [ -104.132637023925994, 20.839109420776499 ], [ -104.167221069335994, 20.862119674682699 ], [ -104.205101013184006, 20.856611251831101 ], [ -104.2861328125, 20.825809478759801 ], [ -104.263221740722997, 20.924320220947401 ], [ -104.186851501465, 20.898839950561602 ], [ -104.120613098144005, 20.886671066284201 ], [ -104.033752441405994, 20.930011749267599 ], [ -104.002799987792997, 20.920738220214901 ], [ -103.963760375977003, 20.891229629516701 ], [ -103.92463684082, 20.876590728759801 ] ] ] } },
{ "type": "Feature", "properties": { "NAME_1": "Jalisco", "NAME_2": "Manuel M. Dieguez" }, "geometry": { "type": "Polygon", "coordinates": [ [ [ -102.61572265625, 19.4658508300782 ], [ -102.669212341309006, 19.436500549316499 ], [ -102.754692077637003, 19.442211151123001 ], [ -102.808082580565994, 19.378589630127099 ], [ -102.853523254395, 19.399431228637699 ], [ -102.873809814452997, 19.3845310211182 ], [ -102.899620056152003, 19.388059616088899 ], [ -102.90657043457, 19.374710083007901 ], [ -102.940078735352003, 19.375299453735501 ], [ -102.967437744140994, 19.3826503753663 ], [ -102.973052978515994, 19.403320312500099 ], [ -103.039306640625, 19.414501190185501 ], [ -103.059608459472997, 19.4315605163575 ], [ -103.091339111327997, 19.430191040039201 ], [ -103.106140136719006, 19.4403896331788 ], [ -103.070320129395, 19.492071151733501 ], [ -103.043846130370994, 19.500320434570401 ], [ -103.027992248535, 19.516859054565501 ], [ -102.985656738280994, 19.614341735839801 ], [ -102.971443176269005, 19.6086826324463 ], [ -102.948776245117003, 19.6162128448487 ], [ -102.926116943359006, 19.612880706787099 ], [ -102.844161987305, 19.652980804443398 ], [ -102.827598571777003, 19.6732692718506 ], [ -102.793937683105, 19.683301925659102 ], [ -102.775741577147997, 19.632778167724702 ], [ -102.750038146972997, 19.609251022338999 ], [ -102.740951538085994, 19.576379776001101 ], [ -102.76619720459, 19.478071212768501 ], [ -102.646438598632997, 19.485441207885799 ], [ -102.61572265625, 19.4658508300782 ] ] ] } },
{ "type": "Feature", "properties": { "NAME_1": "Jalisco", "NAME_2": "Mascota" }, "geometry": { "type": "Polygon", "coordinates": [ [ [ -104.543869018555, 20.685592651367202 ], [ -104.551818847655994, 20.653459548950298 ], [ -104.582382202147997, 20.643579483032202 ], [ -104.609725952147997, 20.596189498901399 ], [ -104.61450958252, 20.5382194519044 ], [ -104.64705657959, 20.5394592285157 ], [ -104.648902893065994, 20.503231048583999 ], [ -104.662132263184006, 20.4722805023194 ], [ -104.632278442382997, 20.431579589843899 ], [ -104.637657165527003, 20.417579650878999 ], [ -104.629707336425994, 20.398900985717901 ], [ -104.660591125487997, 20.326440811157301 ], [ -104.695655822754006, 20.302770614624102 ], [ -104.736473083495994, 20.300340652465898 ], [ -104.78214263916, 20.3619594573975 ], [ -104.772201538085994, 20.384138107299901 ], [ -104.791526794434006, 20.401201248168999 ], [ -104.812362670897997, 20.442440032958999 ], [ -104.899520874022997, 20.555099487304702 ], [ -104.9169921875, 20.5530014038087 ], [ -104.920448303222997, 20.53936958313 ], [ -104.930236816405994, 20.545200347900401 ], [ -104.934127807617003, 20.516189575195401 ], [ -104.95874786377, 20.5181999206544 ], [ -104.965042114257997, 20.495588302612401 ], [ -105.035736083984006, 20.527931213378899 ], [ -105.06787109375, 20.529060363769499 ], [ -105.073036193847997, 20.538089752197401 ], [ -105.060646057129006, 20.5490016937257 ], [ -105.06510925293, 20.5878295898438 ], [ -105.084098815917997, 20.595361709594702 ], [ -105.094139099120994, 20.630449295043899 ], [ -105.093811035155994, 20.649259567260799 ], [ -105.074829101562003, 20.662960052490298 ], [ -105.093933105469006, 20.681922912597699 ], [ -105.105476379394005, 20.718450546264599 ], [ -105.093788146972997, 20.726089477538999 ], [ -105.060417175292997, 20.7063312530518 ], [ -105.021270751952997, 20.7705097198487 ], [ -104.998168945312003, 20.7625408172607 ], [ -104.956726074219006, 20.724380493163999 ], [ -104.92431640625, 20.707981109619201 ], [ -104.875312805175994, 20.714729309082099 ], [ -104.837966918945, 20.708450317382901 ], [ -104.790000915527003, 20.7288913726807 ], [ -104.768936157227003, 20.720020294189499 ], [ -104.701522827147997, 20.716159820556701 ], [ -104.679527282715, 20.723880767822401 ], [ -104.673316955565994, 20.744340896606499 ], [ -104.653266906737997, 20.7489528656006 ], [ -104.652099609375, 20.7866516113282 ], [ -104.615486145019005, 20.7835197448731 ], [ -104.582893371582003, 20.725652694702301 ], [ -104.543869018555, 20.685592651367202 ] ] ] } },
{ "type": "Feature", "properties": { "NAME_1": "Jalisco", "NAME_2": "Mazamitla" }, "geometry": { "type": "Polygon", "coordinates": [ [ [ -102.981636047362997, 19.939710617065401 ], [ -102.959228515625, 19.842790603637798 ], [ -102.965942382812003, 19.7941608428956 ], [ -102.996421813965, 19.755121231079102 ], [ -103.008522033690994, 19.752679824829102 ], [ -103.018013000487997, 19.785560607910298 ], [ -103.067543029785, 19.805740356445401 ], [ -103.075408935547003, 19.821039199829201 ], [ -103.104057312012003, 19.810359954833999 ], [ -103.12841796875, 19.8237419128419 ], [ -103.197166442870994, 19.815599441528299 ], [ -103.210395812987997, 19.873081207275401 ], [ -103.19758605957, 19.886569976806602 ], [ -103.195137023925994, 19.906711578369201 ], [ -103.16771697998, 19.918462753296001 ], [ -103.138008117675994, 19.915199279785199 ], [ -103.119003295897997, 19.945400238037202 ], [ -103.094093322754006, 19.955329895019499 ], [ -103.086456298827997, 19.9375190734863 ], [ -103.06095123291, 19.924110412597699 ], [ -103.031227111815994, 19.949201583862301 ], [ -103.006698608397997, 19.936439514160298 ], [ -102.981636047362997, 19.939710617065401 ] ] ] } },
{ "type": "Feature", "properties": { "NAME_1": "Jalisco", "NAME_2": "Mexticacán" }, "geometry": { "type": "Polygon", "coordinates": [ [ [ -102.821731567382997, 21.1362609863282 ], [ -102.843482971190994, 21.184360504150401 ], [ -102.86888885498, 21.202600479125898 ], [ -102.828002929687997, 21.240779876709102 ], [ -102.7353515625, 21.301090240478501 ], [ -102.754386901855, 21.223180770874102 ], [ -102.752319335937003, 21.216939926147599 ], [ -102.70223236084, 21.204969406128001 ], [ -102.699851989745994, 21.192869186401399 ], [ -102.711151123047003, 21.175090789795 ], [ -102.730087280272997, 21.192710876464901 ], [ -102.726119995117003, 21.173671722412099 ], [ -102.737030029297003, 21.163158416748001 ], [ -102.756767272949006, 21.169420242309599 ], [ -102.760757446289006, 21.156101226806602 ], [ -102.777877807617003, 21.1674709320068 ], [ -102.795639038085994, 21.139892578125099 ], [ -102.821731567382997, 21.1362609863282 ] ] ] } },
{ "type": "Feature", "properties": { "NAME_1": "Jalisco", "NAME_2": "Mezquitic" }, "geometry": { "type": "Polygon", "coordinates": [ [ [ -104.327507019042997, 21.934299468994102 ], [ -104.338623046875, 21.944160461425799 ], [ -104.345291137695, 21.972009658813601 ], [ -104.351341247557997, 22.0487499237062 ], [ -104.336448669434006, 22.127319335937599 ], [ -104.303176879882997, 22.220911026001101 ], [ -104.308959960937997, 22.248582839965799 ], [ -104.291496276855, 22.276790618896499 ], [ -104.268966674805, 22.292459487915 ], [ -104.233268737792997, 22.294321060180799 ], [ -104.215103149414006, 22.2819519042969 ], [ -104.204612731934006, 22.285539627075298 ], [ -104.210556030272997, 22.351261138916001 ], [ -104.19026184082, 22.4016304016113 ], [ -104.13591003418, 22.410501480102699 ], [ -104.074028015137003, 22.437021255493299 ], [ -104.056686401367003, 22.4292316436768 ], [ -104.055961608887003, 22.4037895202637 ], [ -104.092819213867003, 22.292770385742301 ], [ -104.083946228027003, 22.284410476684702 ], [ -104.059562683105, 22.2954006195069 ], [ -104.012916564940994, 22.223930358886701 ], [ -103.981689453125, 22.247421264648398 ], [ -103.959541320800994, 22.251140594482401 ], [ -103.954795837402003, 22.215450286865199 ], [ -103.930778503417997, 22.173482894897599 ], [ -103.906448364257997, 22.149120330810501 ], [ -103.877227783202997, 22.137220382690501 ], [ -103.855232238769005, 22.149572372436602 ], [ -103.845176696777003, 22.185850143432699 ], [ -103.841262817382997, 22.262670516967798 ], [ -103.8486328125, 22.3973197937012 ], [ -103.839897155762003, 22.458749771118299 ], [ -103.810417175292997, 22.471830368042099 ], [ -103.683036804199006, 22.493579864501999 ], [ -103.626487731934006, 22.474689483642599 ], [ -103.570297241210994, 22.426090240478601 ], [ -103.546432495117003, 22.3537902832032 ], [ -103.545745849609006, 22.320430755615298 ], [ -103.553977966307997, 22.2989196777344 ], [ -103.702606201172003, 22.070930480957099 ], [ -103.730026245117003, 22.074468612671001 ], [ -103.751373291015994, 22.094312667846701 ], [ -103.8017578125, 22.109689712524499 ], [ -103.813980102539006, 22.104322433471701 ], [ -103.806907653809006, 22.0097980499268 ], [ -103.824348449707003, 21.9795112609863 ], [ -103.85563659668, 21.976140975952099 ], [ -103.882667541504006, 21.962450027465898 ], [ -103.921730041504006, 21.9812126159669 ], [ -103.923706054687003, 21.9556903839112 ], [ -103.940017700195, 21.964380264282301 ], [ -104.000076293945, 21.941562652587901 ], [ -104.016983032225994, 21.920490264892599 ], [ -104.026809692382997, 21.8862113952638 ], [ -104.055183410645, 21.911239624023501 ], [ -104.099426269530994, 21.922561645507901 ], [ -104.120162963867003, 21.938949584961101 ], [ -104.17391204834, 21.908630371093899 ], [ -104.225196838379006, 21.9144001007081 ], [ -104.267211914062003, 21.955680847168001 ], [ -104.327507019042997, 21.934299468994102 ] ] ] } },
{ "type": "Feature", "properties": { "NAME_1": "Jalisco", "NAME_2": "Mixtlán" }, "geometry": { "type": "Polygon", "coordinates": [ [ [ -104.208602905272997, 20.4216403961182 ], [ -104.222328186035, 20.4102497100831 ], [ -104.216270446777003, 20.393302917480501 ], [ -104.264228820800994, 20.3836994171143 ], [ -104.282096862792997, 20.3897514343262 ], [ -104.288307189940994, 20.378240585327202 ], [ -104.312850952147997, 20.3808517456056 ], [ -104.32731628418, 20.370370864868299 ], [ -104.38826751709, 20.355842590332099 ], [ -104.409767150879006, 20.368650436401399 ], [ -104.420593261719006, 20.337680816650401 ], [ -104.446701049805, 20.326339721679702 ], [ -104.448806762695, 20.357660293579102 ], [ -104.466262817382997, 20.374549865722798 ], [ -104.462509155272997, 20.3956699371338 ], [ -104.532188415527003, 20.485511779785199 ], [ -104.543067932129006, 20.489732742309599 ], [ -104.541893005370994, 20.467689514160199 ], [ -104.57373046875, 20.454719543456999 ], [ -104.563140869140994, 20.451858520507798 ], [ -104.575378417969006, 20.429212570190501 ], [ -104.563842773437997, 20.416330337524499 ], [ -104.567741394042997, 20.404680252075298 ], [ -104.589340209960994, 20.413099288940401 ], [ -104.606826782227003, 20.432001113891701 ], [ -104.632278442382997, 20.431579589843899 ], [ -104.662132263184006, 20.4722805023194 ], [ -104.648902893065994, 20.503231048583999 ], [ -104.64705657959, 20.5394592285157 ], [ -104.61450958252, 20.5382194519044 ], [ -104.609725952147997, 20.596189498901399 ], [ -104.582382202147997, 20.643579483032202 ], [ -104.551818847655994, 20.653459548950298 ], [ -104.543869018555, 20.685592651367202 ], [ -104.522186279297003, 20.639570236206101 ], [ -104.497062683105, 20.6296997070313 ], [ -104.481651306152003, 20.604059219360501 ], [ -104.445365905762003, 20.586921691894499 ], [ -104.43994140625, 20.5614204406738 ], [ -104.449081420897997, 20.519861221313501 ], [ -104.442138671875, 20.499980926513601 ], [ -104.41625213623, 20.4881401062013 ], [ -104.402908325195, 20.472589492797901 ], [ -104.366806030272997, 20.476121902465799 ], [ -104.340705871582003, 20.447071075439499 ], [ -104.301887512207003, 20.4204196929932 ], [ -104.279159545897997, 20.456100463867202 ], [ -104.248001098632997, 20.434770584106499 ], [ -104.215606689452997, 20.4298400878907 ], [ -104.208602905272997, 20.4216403961182 ] ] ] } },
{ "type": "Feature", "properties": { "NAME_1": "Jalisco", "NAME_2": "Ocotlán" }, "geometry": { "type": "Polygon", "coordinates": [ [ [ -102.805541992187997, 20.2960910797119 ], [ -102.79662322998, 20.325511932373001 ], [ -102.801177978515994, 20.334579467773398 ], [ -102.831199645995994, 20.360849380493299 ], [ -102.881317138672003, 20.36501121521 ], [ -102.886238098145, 20.3803806304932 ], [ -102.849761962890994, 20.3885211944581 ], [ -102.80500793457, 20.4268703460694 ], [ -102.755805969237997, 20.407800674438398 ], [ -102.730667114257997, 20.439010620117301 ], [ -102.670455932617003, 20.449399948120199 ], [ -102.610466003417997, 20.445529937744201 ], [ -102.580596923827997, 20.413732528686602 ], [ -102.584571838379006, 20.387710571289201 ], [ -102.652656555175994, 20.3494606018068 ], [ -102.671195983887003, 20.3472805023193 ], [ -102.680236816405994, 20.318822860717699 ], [ -102.697158813477003, 20.308120727539102 ], [ -102.703407287597997, 20.288600921631001 ], [ -102.736709594727003, 20.279699325561602 ], [ -102.743309020995994, 20.2665119171143 ], [ -102.736930847167997, 20.264520645141701 ], [ -102.775115966797003, 20.2635803222656 ], [ -102.791625976562003, 20.2725296020507 ], [ -102.805541992187997, 20.2960910797119 ] ] ] } },
{ "type": "Feature", "properties": { "NAME_1": "Jalisco", "NAME_2": "Ojuelos de Jalisco" }, "geometry": { "type": "Polygon", "coordinates": [ [ [ -101.80940246582, 22.005470275878999 ], [ -101.748847961425994, 21.975019454956101 ], [ -101.641983032227003, 21.887609481811602 ], [ -101.546737670897997, 21.851011276245099 ], [ -101.595947265625, 21.797010421753001 ], [ -101.589027404785, 21.783607482910199 ], [ -101.565391540527003, 21.768310546875 ], [ -101.613639831542997, 21.718189239502099 ], [ -101.608161926269005, 21.694061279296999 ], [ -101.660263061522997, 21.518201828002901 ], [ -101.693977355957003, 21.522691726684599 ], [ -101.722450256347997, 21.551670074463001 ], [ -101.740180969237997, 21.584409713745099 ], [ -101.783302307129006, 21.599950790405401 ], [ -101.836448669434006, 21.659919738769599 ], [ -101.835083007812003, 21.6727104187012 ], [ -101.814750671387003, 21.678461074829201 ], [ -101.818046569824006, 21.6904411315919 ], [ -101.859230041504006, 21.702999114990199 ], [ -101.862632751465, 21.7229309082031 ], [ -101.91919708252, 21.769889831543001 ], [ -101.930587768555, 21.801349639892699 ], [ -101.956497192382997, 21.806159973144599 ], [ -101.963737487792997, 21.815000534057599 ], [ -101.965530395507997, 21.863431930541999 ], [ -101.922416687012003, 21.872449874878001 ], [ -101.896156311035, 21.890230178833001 ], [ -101.912567138672003, 21.919111251831101 ], [ -101.974472045897997, 21.9700012207032 ], [ -101.975631713867003, 21.997919082641701 ], [ -101.964729309082003, 22.029621124267699 ], [ -101.975219726562003, 22.0517902374268 ], [ -101.918220520019005, 22.045129776001001 ], [ -101.80940246582, 22.005470275878999 ] ] ] } },
{ "type": "Feature", "properties": { "NAME_1": "Jalisco", "NAME_2": "Pihuamo" }, "geometry": { "type": "Polygon", "coordinates": [ [ [ -103.499526977539006, 19.167760848998999 ], [ -103.478370666504006, 19.1769199371338 ], [ -103.42813873291, 19.2357997894288 ], [ -103.406349182129006, 19.249080657959102 ], [ -103.404472351074006, 19.314319610595799 ], [ -103.381011962890994, 19.319772720336999 ], [ -103.372108459472997, 19.3407306671143 ], [ -103.342498779297003, 19.3366508483888 ], [ -103.319290161132997, 19.3561496734619 ], [ -103.294990539550994, 19.361270904541101 ], [ -103.288948059082003, 19.333681106567401 ], [ -103.330360412597997, 19.297550201416101 ], [ -103.311126708984006, 19.282270431518601 ], [ -103.308891296387003, 19.241340637207099 ], [ -103.323440551757997, 19.230239868164102 ], [ -103.344909667969006, 19.192470550537202 ], [ -103.332252502440994, 19.0979328155518 ], [ -103.325630187987997, 19.088542938232401 ], [ -103.306732177734006, 19.093349456787099 ], [ -103.278907775879006, 19.078689575195401 ], [ -103.268753051757997, 19.061380386352699 ], [ -103.248123168945, 19.054317474365298 ], [ -103.235488891602003, 19.032022476196399 ], [ -103.201248168945, 19.010570526123001 ], [ -103.181297302245994, 18.9735298156738 ], [ -103.174263000487997, 18.980339050293001 ], [ -103.19278717041, 18.960311889648398 ], [ -103.204299926757997, 18.9570617675781 ], [ -103.226661682129006, 18.978479385376001 ], [ -103.250541687012003, 19.019710540771499 ], [ -103.270523071289006, 19.028400421142699 ], [ -103.364189147949006, 18.962841033935501 ], [ -103.405540466309006, 18.962171554565401 ], [ -103.42024230957, 18.973199844360401 ], [ -103.448127746582003, 18.973651885986399 ], [ -103.492767333984006, 18.958639144897599 ], [ -103.493637084960994, 19.031089782714801 ], [ -103.527366638182997, 19.0916423797607 ], [ -103.499526977539006, 19.167760848998999 ] ] ] } },
{ "type": "Feature", "properties": { "NAME_1": "Jalisco", "NAME_2": "Poncitlán" }, "geometry": { "type": "Polygon", "coordinates": [ [ [ -103.124298095702997, 20.378480911254901 ], [ -103.06275177002, 20.3745212554932 ], [ -103.046775817870994, 20.393222808837901 ], [ -103.014190673827997, 20.372690200805799 ], [ -102.972969055175994, 20.372608184814499 ], [ -102.931350708007997, 20.352020263671999 ], [ -102.898857116699006, 20.362890243530199 ], [ -102.855201721190994, 20.365232467651399 ], [ -102.82625579834, 20.357681274414102 ], [ -102.79662322998, 20.325511932373001 ], [ -102.805541992187997, 20.2960910797119 ], [ -102.873291015625, 20.276390075683601 ], [ -102.978500366210994, 20.285060882568398 ], [ -103.021957397460994, 20.3041591644287 ], [ -103.134857177734006, 20.295309066772599 ], [ -103.113288879395, 20.353551864623999 ], [ -103.124298095702997, 20.378480911254901 ] ] ] } },
{ "type": "Feature", "properties": { "NAME_1": "Jalisco", "NAME_2": "Puerto Vallarta" }, "geometry": { "type": "Polygon", "coordinates": [ [ [ -105.306632995605, 20.526527404785298 ], [ -105.292083740234006, 20.533472061157301 ], [ -105.287635803222997, 20.546806335449201 ], [ -105.257919311522997, 20.557638168335 ], [ -105.232360839844006, 20.6181945800781 ], [ -105.24153137207, 20.656806945800898 ], [ -105.248474121094006, 20.653749465942401 ], [ -105.285140991210994, 20.6726379394532 ], [ -105.296524047852003, 20.693098068237301 ], [ -105.269737243652003, 20.7170219421388 ], [ -105.221366882324006, 20.789779663086101 ], [ -105.201301574707003, 20.797700881958001 ], [ -105.200462341309006, 20.815788269043001 ], [ -105.147163391112997, 20.882190704345799 ], [ -105.107246398925994, 20.9108104705812 ], [ -105.075622558594006, 20.867240905761701 ], [ -105.044647216797003, 20.852138519287099 ], [ -105.04296875, 20.829551696777401 ], [ -104.994750976562003, 20.774421691894599 ], [ -104.998168945312003, 20.7625408172607 ], [ -105.027130126952997, 20.7677612304688 ], [ -105.060417175292997, 20.7063312530518 ], [ -105.093788146972997, 20.726089477538999 ], [ -105.105476379394005, 20.718450546264599 ], [ -105.093933105469006, 20.681922912597699 ], [ -105.074829101562003, 20.662960052490298 ], [ -105.093811035155994, 20.649259567260799 ], [ -105.094139099120994, 20.630449295043899 ], [ -105.084098815917997, 20.595361709594702 ], [ -105.06510925293, 20.5878295898438 ], [ -105.062339782715, 20.544620513916001 ], [ -105.083290100097997, 20.541051864623999 ], [ -105.115997314452997, 20.570949554443398 ], [ -105.136787414550994, 20.548219680786101 ], [ -105.158065795897997, 20.544942855835 ], [ -105.168266296387003, 20.530990600585898 ], [ -105.189102172852003, 20.533300399780298 ], [ -105.220748901367003, 20.509580612182599 ], [ -105.232978820800994, 20.510280609130799 ], [ -105.262802124022997, 20.5318508148194 ], [ -105.296012878417997, 20.5100002288818 ], [ -105.306632995605, 20.526527404785298 ] ] ] } },
{ "type": "Feature", "properties": { "NAME_1": "Jalisco", "NAME_2": "Quitupan" }, "geometry": { "type": "Polygon", "coordinates": [ [ [ -102.981323242187997, 19.615829467773398 ], [ -102.954658508300994, 19.6391010284425 ], [ -102.937141418457003, 19.669559478759801 ], [ -102.947326660155994, 19.701360702514801 ], [ -102.942756652832003, 19.801082611084102 ], [ -102.925827026367003, 19.838550567626999 ], [ -102.899406433105, 19.854211807251001 ], [ -102.882575988769005, 19.917030334472699 ], [ -102.810195922852003, 19.897840499878001 ], [ -102.786376953125, 19.868932723998999 ], [ -102.766983032227003, 19.810611724853601 ], [ -102.780097961425994, 19.763050079345799 ], [ -102.816970825195, 19.741291046142599 ], [ -102.793937683105, 19.683301925659102 ], [ -102.827598571777003, 19.6732692718506 ], [ -102.844161987305, 19.652980804443398 ], [ -102.926116943359006, 19.612880706787099 ], [ -102.948776245117003, 19.6162128448487 ], [ -102.971443176269005, 19.6086826324463 ], [ -102.981323242187997, 19.615829467773398 ] ] ] } },
{ "type": "Feature", "properties": { "NAME_1": "Jalisco", "NAME_2": "San Cristóbal de la Barranca" }, "geometry": { "type": "Polygon", "coordinates": [ [ [ -103.37523651123, 20.8838806152344 ], [ -103.436828613280994, 20.837699890136701 ], [ -103.442337036132997, 20.844259262085099 ], [ -103.430648803710994, 20.880929946899499 ], [ -103.48169708252, 20.891729354858501 ], [ -103.528137207030994, 20.915800094604599 ], [ -103.539031982422003, 20.9338893890382 ], [ -103.574493408202997, 20.9243907928468 ], [ -103.587020874022997, 20.928039550781399 ], [ -103.599487304687997, 20.9175128936768 ], [ -103.617500305175994, 20.9257202148438 ], [ -103.603469848632997, 20.9747714996338 ], [ -103.630516052245994, 20.971889495849599 ], [ -103.663307189940994, 20.985509872436499 ], [ -103.666915893555, 20.993722915649499 ], [ -103.627693176269005, 21.073949813842699 ], [ -103.612815856932997, 21.090911865234499 ], [ -103.591567993164006, 21.064710617065501 ], [ -103.562271118164006, 21.0524806976319 ], [ -103.471893310547003, 21.059709548950298 ], [ -103.440139770507997, 21.048561096191499 ], [ -103.368270874022997, 21.003839492798001 ], [ -103.350151062012003, 21.001279830932599 ], [ -103.342170715332003, 20.977079391479499 ], [ -103.357086181640994, 20.940891265869201 ], [ -103.373832702637003, 20.922002792358501 ], [ -103.358383178710994, 20.920560836792099 ], [ -103.37523651123, 20.8838806152344 ] ] ] } },
{ "type": "Feature", "properties": { "NAME_1": "Jalisco", "NAME_2": "San Diego de Alejandría" }, "geometry": { "type": "Polygon", "coordinates": [ [ [ -102.070213317870994, 20.825019836425799 ], [ -102.101501464844006, 20.840330123901399 ], [ -102.140007019042997, 20.825330734253001 ], [ -102.158576965332003, 20.8433017730713 ], [ -102.136680603027003, 20.919570922851602 ], [ -102.148902893065994, 20.936620712280199 ], [ -102.147789001465, 20.9503993988037 ], [ -102.123817443847997, 21.016399383545 ], [ -102.109062194824006, 21.012399673461999 ], [ -102.040908813477003, 21.0336418151857 ], [ -102.020706176757997, 21.024288177490298 ], [ -101.961517333984006, 21.036331176757901 ], [ -101.930732727050994, 21.032239913940401 ], [ -101.953857421875, 20.9611701965331 ], [ -101.991355895995994, 20.917240142822301 ], [ -102.045036315917997, 20.880790710449201 ], [ -102.046600341797003, 20.854120254516499 ], [ -102.070213317870994, 20.825019836425799 ] ] ] } },
{ "type": "Feature", "properties": { "NAME_1": "Jalisco", "NAME_2": "San Juan de los Lagos" }, "geometry": { "type": "Polygon", "coordinates": [ [ [ -102.54508972168, 21.297590255737401 ], [ -102.537788391112997, 21.3033981323243 ], [ -102.538757324219006, 21.321470260620199 ], [ -102.526489257812003, 21.324590682983398 ], [ -102.521209716797003, 21.335271835327099 ], [ -102.510536193847997, 21.329240798950099 ], [ -102.489143371582003, 21.369289398193501 ], [ -102.461647033690994, 21.376571655273501 ], [ -102.420959472655994, 21.3532009124756 ], [ -102.407417297362997, 21.395811080932699 ], [ -102.398170471190994, 21.404212951660199 ], [ -102.276527404785, 21.371250152587798 ], [ -102.267723083495994, 21.3761806488038 ], [ -102.261581420897997, 21.400520324707099 ], [ -102.254386901855, 21.398109436035199 ], [ -102.249206542969006, 21.374050140380898 ], [ -102.190956115722997, 21.3790397644044 ], [ -102.196243286132997, 21.282489776611399 ], [ -102.183135986327997, 21.2746200561525 ], [ -102.165802001952997, 21.2835083007813 ], [ -102.151435852050994, 21.251581192016701 ], [ -102.189659118652003, 21.221860885620199 ], [ -102.251426696777003, 21.200660705566399 ], [ -102.281806945800994, 21.145530700683601 ], [ -102.270080566405994, 21.1321697235107 ], [ -102.187370300292997, 21.0860195159912 ], [ -102.20435333252, 21.065111160278299 ], [ -102.226921081542997, 21.0589809417725 ], [ -102.268348693847997, 21.088850021362301 ], [ -102.312088012695, 21.104471206665099 ], [ -102.33553314209, 21.110029220581101 ], [ -102.384407043457003, 21.083509445190401 ], [ -102.392799377440994, 21.086290359497099 ], [ -102.386276245117003, 21.1160907745362 ], [ -102.462837219237997, 21.121940612793001 ], [ -102.457977294922003, 21.145299911498999 ], [ -102.470321655272997, 21.187538146972699 ], [ -102.467712402344006, 21.2334594726562 ], [ -102.477386474609006, 21.239330291748001 ], [ -102.501502990722997, 21.219779968261701 ], [ -102.513786315917997, 21.219398498535199 ], [ -102.513488769530994, 21.233911514282202 ], [ -102.48713684082, 21.252000808715799 ], [ -102.482376098632997, 21.264240264892699 ], [ -102.537467956542997, 21.2793998718262 ], [ -102.549629211425994, 21.2871608734132 ], [ -102.54508972168, 21.297590255737401 ] ] ] } },
{ "type": "Feature", "properties": { "NAME_1": "Jalisco", "NAME_2": "San Julián" }, "geometry": { "type": "Polygon", "coordinates": [ [ [ -102.159622192382997, 20.848260879516602 ], [ -102.243522644042997, 20.8402614593507 ], [ -102.253036499022997, 20.8548698425294 ], [ -102.251029968262003, 20.8713111877443 ], [ -102.224296569824006, 20.897590637206999 ], [ -102.214210510254006, 20.9593105316162 ], [ -102.233467102050994, 21.051441192626999 ], [ -102.20435333252, 21.065111160278299 ], [ -102.185699462890994, 21.089269638061499 ], [ -102.155715942382997, 21.062921524048001 ], [ -102.145362854004006, 21.035139083862401 ], [ -102.123817443847997, 21.016399383545 ], [ -102.147789001465, 20.9503993988037 ], [ -102.148902893065994, 20.936620712280199 ], [ -102.136680603027003, 20.919570922851602 ], [ -102.159622192382997, 20.848260879516602 ] ] ] } },
{ "type": "Feature", "properties": { "NAME_1": "Jalisco", "NAME_2": "San Marcos" }, "geometry": { "type": "Polygon", "coordinates": [ [ [ -104.273376464844006, 20.659881591796999 ], [ -104.30744934082, 20.6845607757569 ], [ -104.297653198242003, 20.710651397705099 ], [ -104.324928283690994, 20.730180740356399 ], [ -104.339836120605, 20.779640197753999 ], [ -104.337356567382997, 20.797161102294901 ], [ -104.32430267334, 20.810930252075298 ], [ -104.292030334472997, 20.816329956054702 ], [ -104.261131286620994, 20.838769912719801 ], [ -104.205101013184006, 20.856611251831101 ], [ -104.161582946777003, 20.861310958862301 ], [ -104.137542724609006, 20.8397102355957 ], [ -104.13321685791, 20.791090011596602 ], [ -104.140686035155994, 20.735788345336999 ], [ -104.156578063965, 20.730159759521602 ], [ -104.189918518065994, 20.739738464355501 ], [ -104.196617126465, 20.7275295257569 ], [ -104.185256958007997, 20.703710556030401 ], [ -104.190116882324006, 20.6953411102294 ], [ -104.273376464844006, 20.659881591796999 ] ] ] } },
{ "type": "Feature", "properties": { "NAME_1": "Jalisco", "NAME_2": "San Martín de Bolaños" }, "geometry": { "type": "Polygon", "coordinates": [ [ [ -103.639671325684006, 21.3636703491212 ], [ -103.643013000487997, 21.350000381469801 ], [ -103.656089782715, 21.3425807952881 ], [ -103.779808044432997, 21.322380065918001 ], [ -103.799377441405994, 21.292081832885799 ], [ -103.816520690917997, 21.287780761718899 ], [ -103.801048278809006, 21.4452304840088 ], [ -103.804336547852003, 21.4846706390381 ], [ -103.832817077637003, 21.5283107757568 ], [ -103.876571655272997, 21.560569763183601 ], [ -103.903846740722997, 21.614259719848601 ], [ -103.919448852539006, 21.6838607788087 ], [ -103.942268371582003, 21.711931228637798 ], [ -103.934722900390994, 21.7197074890138 ], [ -103.909797668457003, 21.735519409179702 ], [ -103.865882873535, 21.733499526977599 ], [ -103.847045898437997, 21.702978134155401 ], [ -103.693809509277003, 21.647300720215 ], [ -103.677978515625, 21.644861221313601 ], [ -103.639358520507997, 21.656990051269599 ], [ -103.64421081543, 21.634651184082099 ], [ -103.683052062987997, 21.592889785766602 ], [ -103.688568115234006, 21.5488510131837 ], [ -103.697212219237997, 21.5399894714356 ], [ -103.723678588867003, 21.535770416259801 ], [ -103.700965881347997, 21.437040328979499 ], [ -103.683792114257997, 21.4009304046631 ], [ -103.666877746582003, 21.3783798217775 ], [ -103.639671325684006, 21.3636703491212 ] ] ] } },
{ "type": "Feature", "properties": { "NAME_1": "Jalisco", "NAME_2": "San Martín Hidalgo" }, "geometry": { "type": "Polygon", "coordinates": [ [ [ -103.935157775879006, 20.2989196777344 ], [ -103.965789794922003, 20.302370071411101 ], [ -103.996406555175994, 20.295749664306602 ], [ -104.014846801757997, 20.305730819702099 ], [ -104.028297424315994, 20.2738990783693 ], [ -104.048362731932997, 20.263692855835099 ], [ -104.058258056640994, 20.2711410522462 ], [ -104.063179016112997, 20.291669845581101 ], [ -104.059860229492003, 20.3473110198975 ], [ -104.01252746582, 20.372560501098601 ], [ -103.987815856934006, 20.446540832519499 ], [ -103.949356079102003, 20.4699306488037 ], [ -103.935806274414006, 20.4993495941163 ], [ -103.899101257324006, 20.5263595581056 ], [ -103.865188598632997, 20.539657592773501 ], [ -103.835693359375, 20.565242767333999 ], [ -103.814758300780994, 20.544189453125 ], [ -103.778251647949006, 20.5329494476319 ], [ -103.762962341309006, 20.514471054077301 ], [ -103.761993408202997, 20.494520187377901 ], [ -103.785186767577997, 20.479810714721602 ], [ -103.85880279541, 20.469591140747202 ], [ -103.871002197265994, 20.443969726562599 ], [ -103.862312316895, 20.426670074462901 ], [ -103.884712219237997, 20.4104919433594 ], [ -103.879180908202997, 20.384590148925799 ], [ -103.885437011719006, 20.3360195159912 ], [ -103.897476196289006, 20.322990417480501 ], [ -103.926528930664006, 20.33943939209 ], [ -103.921806335449006, 20.316669464111399 ], [ -103.935157775879006, 20.2989196777344 ] ] ] } },
{ "type": "Feature", "properties": { "NAME_1": "Jalisco", "NAME_2": "San Miguel el Alto" }, "geometry": { "type": "Polygon", "coordinates": [ [ [ -102.252227783202997, 20.8483200073243 ], [ -102.443962097167997, 20.8595905303956 ], [ -102.466636657715, 20.830200195312599 ], [ -102.505867004394005, 20.8276596069337 ], [ -102.543739318847997, 20.903600692749102 ], [ -102.536468505859006, 20.927970886230501 ], [ -102.544738769530994, 20.940040588378999 ], [ -102.569816589355, 20.942462921142699 ], [ -102.5791015625, 20.9934406280518 ], [ -102.544731140137003, 20.993980407714901 ], [ -102.536018371582003, 21.022050857543999 ], [ -102.544090270995994, 21.037519454956001 ], [ -102.540863037109006, 21.0530910491944 ], [ -102.459075927734006, 21.038459777832099 ], [ -102.42391204834, 21.0571403503418 ], [ -102.392799377440994, 21.086290359497099 ], [ -102.372886657715, 21.087221145629901 ], [ -102.33553314209, 21.110029220581101 ], [ -102.275543212890994, 21.092409133911101 ], [ -102.226921081542997, 21.0589809417725 ], [ -102.23388671875, 21.044370651245199 ], [ -102.214302062987997, 20.967252731323299 ], [ -102.2216796875, 20.904729843139801 ], [ -102.229347229004006, 20.887620925903398 ], [ -102.251029968262003, 20.8713111877443 ], [ -102.252227783202997, 20.8483200073243 ] ] ] } },
{ "type": "Feature", "properties": { "NAME_1": "Jalisco", "NAME_2": "San Sebastián del Oeste" }, "geometry": { "type": "Polygon", "coordinates": [ [ [ -104.615486145019005, 20.7835197448731 ], [ -104.655250549315994, 20.786180496215898 ], [ -104.653266906737997, 20.7489528656006 ], [ -104.673316955565994, 20.744340896606499 ], [ -104.679527282715, 20.723880767822401 ], [ -104.701522827147997, 20.716159820556701 ], [ -104.768936157227003, 20.720020294189499 ], [ -104.790000915527003, 20.7288913726807 ], [ -104.837966918945, 20.708450317382901 ], [ -104.875312805175994, 20.714729309082099 ], [ -104.92431640625, 20.707981109619201 ], [ -104.956726074219006, 20.724380493163999 ], [ -104.994873046875, 20.758649826049901 ], [ -104.995826721190994, 20.780450820923001 ], [ -105.04296875, 20.829551696777401 ], [ -105.044647216797003, 20.852138519287099 ], [ -105.075622558594006, 20.867240905761701 ], [ -105.107246398925994, 20.9108104705812 ], [ -105.06086730957, 20.922609329223601 ], [ -105.037826538085994, 20.9034309387207 ], [ -104.978576660155994, 20.903570175171001 ], [ -104.919548034667997, 20.937271118164102 ], [ -104.90022277832, 20.961219787597798 ], [ -104.851081848145, 20.995100021362401 ], [ -104.801292419434006, 21.00345993042 ], [ -104.741516113280994, 20.975580215454201 ], [ -104.686950683594006, 20.918401718139702 ], [ -104.619346618652003, 20.8985195159912 ], [ -104.594276428222997, 20.834131240844702 ], [ -104.615486145019005, 20.7835197448731 ] ] ] } },
{ "type": "Feature", "properties": { "NAME_1": "Jalisco", "NAME_2": "Santa María de los Angeles" }, "geometry": { "type": "Polygon", "coordinates": [ [ [ -103.09008026123, 22.1695880889894 ], [ -103.139030456542997, 22.0093498229981 ], [ -103.195991516112997, 22.050899505615199 ], [ -103.267402648925994, 22.066400527954201 ], [ -103.255722045897997, 22.086469650268601 ], [ -103.304733276367003, 22.0959796905519 ], [ -103.344718933105, 22.171150207519499 ], [ -103.311782836914006, 22.164209365844801 ], [ -103.265800476074006, 22.1916694641113 ], [ -103.254539489745994, 22.175979614257901 ], [ -103.174575805664006, 22.125551223755 ], [ -103.152717590332003, 22.1340427398682 ], [ -103.11946105957, 22.1662902832032 ], [ -103.09008026123, 22.1695880889894 ] ] ] } },
{ "type": "Feature", "properties": { "NAME_1": "Jalisco", "NAME_2": "Sayula" }, "geometry": { "type": "Polygon", "coordinates": [ [ [ -103.638618469237997, 19.7840690612794 ], [ -103.625289916992003, 19.792680740356399 ], [ -103.624755859375, 19.8095302581788 ], [ -103.658210754394005, 19.811649322509801 ], [ -103.690040588379006, 19.826391220092798 ], [ -103.700592041015994, 19.841617584228501 ], [ -103.696479797362997, 19.860330581665099 ], [ -103.672142028809006, 19.892761230468899 ], [ -103.624969482422003, 19.884700775146499 ], [ -103.634696960449006, 19.934499740600501 ], [ -103.616767883300994, 19.9627799987794 ], [ -103.554481506347997, 19.959011077881001 ], [ -103.536888122559006, 19.9168300628663 ], [ -103.531593322754006, 19.878789901733501 ], [ -103.483238220215, 19.824829101562599 ], [ -103.53148651123, 19.797050476074201 ], [ -103.545722961425994, 19.776250839233398 ], [ -103.545570373535, 19.751091003418001 ], [ -103.534072875977003, 19.726682662963899 ], [ -103.547203063965, 19.719842910766602 ], [ -103.612991333007997, 19.737770080566399 ], [ -103.638618469237997, 19.7840690612794 ] ] ] } },
{ "type": "Feature", "properties": { "NAME_1": "Jalisco", "NAME_2": "Tala" }, "geometry": { "type": "Polygon", "coordinates": [ [ [ -103.695793151855, 20.450180053711001 ], [ -103.732452392577997, 20.469221115112401 ], [ -103.768516540527003, 20.473478317260899 ], [ -103.775588989257997, 20.4845275878907 ], [ -103.761993408202997, 20.494520187377901 ], [ -103.764236450195, 20.516910552978601 ], [ -103.781455993652003, 20.53489112854 ], [ -103.814758300780994, 20.544189453125 ], [ -103.835693359375, 20.565242767333999 ], [ -103.827697753905994, 20.595281600952202 ], [ -103.779441833495994, 20.64089012146 ], [ -103.777046203612997, 20.6620597839357 ], [ -103.76245880127, 20.672540664672798 ], [ -103.766220092772997, 20.687040328979499 ], [ -103.734756469727003, 20.704931259155298 ], [ -103.724678039550994, 20.701160430908299 ], [ -103.711891174315994, 20.675451278686602 ], [ -103.678108215332003, 20.6575107574463 ], [ -103.64444732666, 20.655099868774499 ], [ -103.617538452147997, 20.545101165771499 ], [ -103.59886932373, 20.526990890503001 ], [ -103.602409362792997, 20.490711212158299 ], [ -103.593208312987997, 20.471429824829201 ], [ -103.570976257324006, 20.467590332031399 ], [ -103.579948425292997, 20.434740066528299 ], [ -103.623321533202997, 20.459560394287099 ], [ -103.647796630859006, 20.4568595886232 ], [ -103.666816711425994, 20.438251495361399 ], [ -103.695793151855, 20.450180053711001 ] ] ] } },
{ "type": "Feature", "properties": { "NAME_1": "Jalisco", "NAME_2": "Talpa de Allende" }, "geometry": { "type": "Polygon", "coordinates": [ [ [ -104.747383117675994, 20.213600158691399 ], [ -104.759857177734006, 20.1672286987306 ], [ -104.801910400390994, 20.1137294769288 ], [ -104.864517211914006, 20.077419281005898 ], [ -104.885536193847997, 20.088581085205099 ], [ -104.908576965332003, 20.0776882171632 ], [ -104.925636291504006, 20.0790119171143 ], [ -104.943283081055, 20.099170684814499 ], [ -104.967330932617003, 20.1065692901612 ], [ -104.996948242187003, 20.128810882568299 ], [ -105.024772644042997, 20.1632709503175 ], [ -105.063346862792997, 20.190870285034201 ], [ -105.138732910155994, 20.2200927734375 ], [ -105.168548583984006, 20.254270553588899 ], [ -105.193077087402003, 20.2604885101318 ], [ -105.18563079834, 20.354629516601602 ], [ -105.172378540039006, 20.371650695800898 ], [ -105.185935974120994, 20.396680831909201 ], [ -105.217613220215, 20.417930603027301 ], [ -105.220748901367003, 20.509580612182599 ], [ -105.189102172852003, 20.533300399780298 ], [ -105.168266296387003, 20.530990600585898 ], [ -105.158065795897997, 20.544942855835 ], [ -105.136787414550994, 20.548219680786101 ], [ -105.115997314452997, 20.570949554443398 ], [ -105.066886901855, 20.528142929077202 ], [ -105.035736083984006, 20.527931213378899 ], [ -104.965042114257997, 20.495588302612401 ], [ -104.95874786377, 20.5181999206544 ], [ -104.934127807617003, 20.516189575195401 ], [ -104.930236816405994, 20.545200347900401 ], [ -104.920448303222997, 20.53936958313 ], [ -104.9169921875, 20.5530014038087 ], [ -104.899520874022997, 20.555099487304702 ], [ -104.812362670897997, 20.442440032958999 ], [ -104.791526794434006, 20.401201248168999 ], [ -104.772201538085994, 20.384138107299901 ], [ -104.78214263916, 20.3619594573975 ], [ -104.736473083495994, 20.300340652465898 ], [ -104.744750976562003, 20.283910751342901 ], [ -104.73770904541, 20.264999389648501 ], [ -104.747383117675994, 20.213600158691399 ] ] ] } },
{ "type": "Feature", "properties": { "NAME_1": "Jalisco", "NAME_2": "Tamazula de Gordiano" }, "geometry": { "type": "Polygon", "coordinates": [ [ [ -103.106140136719006, 19.4403896331788 ], [ -103.12712097168, 19.4266891479493 ], [ -103.139587402344006, 19.401939392089901 ], [ -103.16478729248, 19.4014701843262 ], [ -103.191551208495994, 19.415870666503999 ], [ -103.20378112793, 19.410800933837901 ], [ -103.210586547852003, 19.392778396606399 ], [ -103.22354888916, 19.397859573364201 ], [ -103.222526550292997, 19.424512863159201 ], [ -103.276062011719006, 19.462570190429702 ], [ -103.273048400879006, 19.5059413909912 ], [ -103.310913085937997, 19.5472507476807 ], [ -103.303703308105, 19.578979492187599 ], [ -103.323081970215, 19.5883502960206 ], [ -103.339126586914006, 19.639230728149499 ], [ -103.332412719727003, 19.6513481140138 ], [ -103.349227905272997, 19.6952209472656 ], [ -103.347785949707003, 19.7350883483888 ], [ -103.35636138916, 19.738889694213899 ], [ -103.388153076172003, 19.711669921875099 ], [ -103.424057006835994, 19.694269180297798 ], [ -103.46053314209, 19.7483024597168 ], [ -103.455307006835994, 19.7628898620606 ], [ -103.389068603515994, 19.7982406616212 ], [ -103.327751159667997, 19.7883396148682 ], [ -103.308135986327997, 19.809860229492202 ], [ -103.277450561522997, 19.804269790649499 ], [ -103.256927490234006, 19.8287792205812 ], [ -103.26342010498, 19.857400894165 ], [ -103.229629516602003, 19.875831604003899 ], [ -103.210395812987997, 19.873081207275401 ], [ -103.197166442870994, 19.815599441528299 ], [ -103.12841796875, 19.8237419128419 ], [ -103.104057312012003, 19.810359954833999 ], [ -103.081016540527003, 19.8224296569825 ], [ -103.067543029785, 19.805740356445401 ], [ -103.018013000487997, 19.785560607910298 ], [ -103.005836486815994, 19.7523212432862 ], [ -103.012229919434006, 19.734460830688601 ], [ -102.997848510742003, 19.700351715087901 ], [ -103.000816345215, 19.6398601531982 ], [ -102.993186950684006, 19.594181060791001 ], [ -103.030113220215, 19.513860702514702 ], [ -103.043846130370994, 19.500320434570401 ], [ -103.070320129395, 19.492071151733501 ], [ -103.106140136719006, 19.4403896331788 ] ] ] } },
{ "type": "Feature", "properties": { "NAME_1": "Jalisco", "NAME_2": "Tapalpa" }, "geometry": { "type": "Polygon", "coordinates": [ [ [ -103.879501342772997, 19.798759460449201 ], [ -103.891426086425994, 19.822191238403398 ], [ -103.88842010498, 19.8396606445313 ], [ -103.910736083984006, 19.8479099273682 ], [ -103.925537109375, 19.909202575683601 ], [ -103.919960021972997, 19.930049896240298 ], [ -103.930160522460994, 19.940631866455099 ], [ -103.89631652832, 19.961231231689499 ], [ -103.877288818359006, 19.946121215820401 ], [ -103.857955932617003, 19.956811904907301 ], [ -103.870170593262003, 20.011640548706101 ], [ -103.803031921387003, 20.045312881469801 ], [ -103.741333007812003, 20.028470993042099 ], [ -103.702667236327997, 20.032718658447301 ], [ -103.689666748047003, 20.0453701019287 ], [ -103.658790588379006, 20.040939331054801 ], [ -103.657836914062003, 19.997491836548001 ], [ -103.672836303710994, 19.977380752563501 ], [ -103.699752807617003, 19.969120025634901 ], [ -103.697296142577997, 19.911270141601499 ], [ -103.685623168945, 19.8803329467775 ], [ -103.700592041015994, 19.841617584228501 ], [ -103.690040588379006, 19.826391220092798 ], [ -103.658210754394005, 19.811649322509801 ], [ -103.628227233887003, 19.8130397796631 ], [ -103.625289916992003, 19.792680740356399 ], [ -103.661979675292997, 19.761081695556602 ], [ -103.701019287109006, 19.8019199371338 ], [ -103.732131958007997, 19.789108276367202 ], [ -103.756072998047003, 19.8069801330568 ], [ -103.782989501952997, 19.810470581054702 ], [ -103.774803161620994, 19.785720825195401 ], [ -103.785263061522997, 19.779840469360401 ], [ -103.811027526855, 19.7917995452882 ], [ -103.825607299805, 19.783229827880898 ], [ -103.833786010742003, 19.807451248168999 ], [ -103.879501342772997, 19.798759460449201 ] ] ] } },
{ "type": "Feature", "properties": { "NAME_1": "Jalisco", "NAME_2": "Tecalitlán" }, "geometry": { "type": "Polygon", "coordinates": [ [ [ -103.002876281737997, 19.108930587768601 ], [ -103.040977478027003, 19.072349548339901 ], [ -103.086669921875, 19.056259155273398 ], [ -103.129028320312003, 19.026292800903398 ], [ -103.181297302245994, 18.9735298156738 ], [ -103.201248168945, 19.010570526123001 ], [ -103.235488891602003, 19.032022476196399 ], [ -103.248123168945, 19.054317474365298 ], [ -103.266372680664006, 19.059619903564499 ], [ -103.278907775879006, 19.078689575195401 ], [ -103.306732177734006, 19.093349456787099 ], [ -103.32755279541, 19.089862823486399 ], [ -103.344909667969006, 19.192470550537202 ], [ -103.323440551757997, 19.230239868164102 ], [ -103.308891296387003, 19.241340637207099 ], [ -103.311126708984006, 19.282270431518601 ], [ -103.330360412597997, 19.297550201416101 ], [ -103.326210021972997, 19.306789398193398 ], [ -103.306571960449006, 19.3138408660888 ], [ -103.285766601562003, 19.342330932617202 ], [ -103.297660827637003, 19.361650466918899 ], [ -103.319290161132997, 19.3561496734619 ], [ -103.342498779297003, 19.3366508483888 ], [ -103.369468688965, 19.341730117798001 ], [ -103.397583007812003, 19.3365001678468 ], [ -103.40454864502, 19.342170715331999 ], [ -103.412368774414006, 19.377571105957099 ], [ -103.361968994140994, 19.451990127563601 ], [ -103.378227233887003, 19.47274017334 ], [ -103.37410736084, 19.490850448608299 ], [ -103.367218017577997, 19.4959812164307 ], [ -103.277488708495994, 19.4657306671144 ], [ -103.222526550292997, 19.424512863159201 ], [ -103.226119995117003, 19.403650283813501 ], [ -103.217163085937997, 19.393962860107401 ], [ -103.207489013672003, 19.395120620727599 ], [ -103.20378112793, 19.410800933837901 ], [ -103.191551208495994, 19.415870666503999 ], [ -103.16478729248, 19.4014701843262 ], [ -103.142791748047003, 19.404111862182599 ], [ -103.126747131347997, 19.3925685882569 ], [ -103.10563659668, 19.3255710601806 ], [ -103.12442779541, 19.292961120605501 ], [ -103.154899597167997, 19.291032791137798 ], [ -103.15397644043, 19.274560928344801 ], [ -103.13215637207, 19.245519638061602 ], [ -103.098297119140994, 19.238931655883899 ], [ -103.05224609375, 19.210720062255898 ], [ -103.056396484375, 19.174860000610501 ], [ -103.036697387695, 19.171970367431701 ], [ -103.044425964355, 19.152759552002099 ], [ -103.018173217772997, 19.158870697021602 ], [ -103.02311706543, 19.1349601745606 ], [ -103.002876281737997, 19.108930587768601 ] ] ] } },
{ "type": "Feature", "properties": { "NAME_1": "Jalisco", "NAME_2": "Techaluta de Montenegro" }, "geometry": { "type": "Polygon", "coordinates": [ [ [ -103.552299499512003, 20.018503189086999 ], [ -103.636100769042997, 20.0253295898437 ], [ -103.658790588379006, 20.040939331054801 ], [ -103.65013885498, 20.073040008545 ], [ -103.610076904297003, 20.129970550537099 ], [ -103.595191955565994, 20.115980148315501 ], [ -103.576812744140994, 20.128599166870199 ], [ -103.566009521484006, 20.0929393768312 ], [ -103.538032531737997, 20.110322952270501 ], [ -103.537811279297003, 20.103809356689599 ], [ -103.529121398925994, 20.107160568237301 ], [ -103.532157897949006, 20.0659198760987 ], [ -103.552299499512003, 20.018503189086999 ] ] ] } },
{ "type": "Feature", "properties": { "NAME_1": "Jalisco", "NAME_2": "Tecolotlán" }, "geometry": { "type": "Polygon", "coordinates": [ [ [ -103.995346069335994, 20.067621231079201 ], [ -104.01683807373, 20.0571594238282 ], [ -104.047897338867003, 20.061550140380898 ], [ -104.058197021484006, 20.101289749145501 ], [ -104.07861328125, 20.11305809021 ], [ -104.115325927734006, 20.058731079101602 ], [ -104.147148132324006, 20.068862915039102 ], [ -104.170372009277003, 20.061790466308601 ], [ -104.170860290527003, 20.078710556030298 ], [ -104.152229309082003, 20.095640182495199 ], [ -104.15128326416, 20.123231887817301 ], [ -104.139991760254006, 20.141849517822301 ], [ -104.143241882324006, 20.199888229370199 ], [ -104.155838012695, 20.278108596801701 ], [ -104.185333251952997, 20.2758903503418 ], [ -104.180313110352003, 20.338920593261701 ], [ -104.19896697998, 20.3556804656982 ], [ -104.222007751465, 20.407119750976602 ], [ -104.21312713623, 20.419122695922901 ], [ -104.190551757812003, 20.4268302917481 ], [ -104.152206420897997, 20.399391174316399 ], [ -104.133598327637003, 20.375471115112202 ], [ -104.092216491699006, 20.369400024414201 ], [ -104.062606811522997, 20.3508491516113 ], [ -104.057220458984006, 20.339729309081999 ], [ -104.064712524414006, 20.303529739379901 ], [ -104.061378479004006, 20.278930664062599 ], [ -104.048362731932997, 20.263692855835099 ], [ -104.028297424315994, 20.2738990783693 ], [ -104.020797729492003, 20.301588058471701 ], [ -104.01171875, 20.306240081787099 ], [ -103.996406555175994, 20.295749664306602 ], [ -103.93962097168, 20.3026428222657 ], [ -103.920806884765994, 20.2787990570068 ], [ -103.843368530272997, 20.2747898101807 ], [ -103.830352783202997, 20.259588241577202 ], [ -103.83812713623, 20.240810394287099 ], [ -103.82405090332, 20.230800628662202 ], [ -103.845703125, 20.177640914917099 ], [ -103.846733093262003, 20.151819229126101 ], [ -103.890907287597997, 20.118640899658299 ], [ -103.922561645507997, 20.125200271606399 ], [ -103.959907531737997, 20.0729503631593 ], [ -103.995346069335994, 20.067621231079201 ] ] ] } },
{ "type": "Feature", "properties": { "NAME_1": "Jalisco", "NAME_2": "Tenamaxtlán" }, "geometry": { "type": "Polygon", "coordinates": [ [ [ -104.164108276367003, 19.955511093139599 ], [ -104.161766052245994, 19.988721847534201 ], [ -104.182281494140994, 20.010570526123001 ], [ -104.215629577637003, 20.026981353759801 ], [ -104.236961364745994, 20.070619583129901 ], [ -104.23779296875, 20.108512878418001 ], [ -104.267723083495994, 20.122480392456101 ], [ -104.26448059082, 20.143539428711101 ], [ -104.285842895507997, 20.1959018707275 ], [ -104.233100891112997, 20.2274494171143 ], [ -104.188911437987997, 20.2740497589112 ], [ -104.167541503905994, 20.281078338623001 ], [ -104.154289245605, 20.2750015258788 ], [ -104.139518737792997, 20.144779205322401 ], [ -104.15128326416, 20.123231887817301 ], [ -104.149856567382997, 20.100601196289102 ], [ -104.170860290527003, 20.078710556030298 ], [ -104.170372009277003, 20.061790466308601 ], [ -104.12663269043, 20.001279830932599 ], [ -104.107719421387003, 19.953689575195401 ], [ -104.123062133789006, 19.944179534912099 ], [ -104.164108276367003, 19.955511093139599 ] ] ] } },
{ "type": "Feature", "properties": { "NAME_1": "Jalisco", "NAME_2": "Teocaltiche" }, "geometry": { "type": "Polygon", "coordinates": [ [ [ -102.54508972168, 21.297590255737401 ], [ -102.568237304687003, 21.2982406616212 ], [ -102.567962646484006, 21.277410507202301 ], [ -102.618286132812003, 21.268980026245199 ], [ -102.63102722168, 21.2477207183838 ], [ -102.631530761719006, 21.230489730835099 ], [ -102.663307189940994, 21.216659545898398 ], [ -102.656005859375, 21.186679840087901 ], [ -102.672966003417997, 21.187191009521399 ], [ -102.702827453612997, 21.160570144653398 ], [ -102.703018188477003, 21.173690795898601 ], [ -102.711151123047003, 21.175090789795 ], [ -102.699851989745994, 21.192869186401399 ], [ -102.70223236084, 21.204969406128001 ], [ -102.752319335937003, 21.216939926147599 ], [ -102.752479553222997, 21.244770050048899 ], [ -102.7353515625, 21.301090240478501 ], [ -102.698905944824006, 21.319778442382901 ], [ -102.665557861327997, 21.360040664672901 ], [ -102.639526367187997, 21.455682754516701 ], [ -102.646347045897997, 21.474161148071399 ], [ -102.752349853515994, 21.536211013793899 ], [ -102.778656005859006, 21.6054096221925 ], [ -102.774597167969006, 21.674921035766602 ], [ -102.733589172362997, 21.618171691894499 ], [ -102.733016967772997, 21.5960006713868 ], [ -102.692916870117003, 21.586750030517699 ], [ -102.651588439940994, 21.539962768554599 ], [ -102.621566772460994, 21.5258903503419 ], [ -102.611129760742003, 21.537300109863299 ], [ -102.589492797852003, 21.540460586547901 ], [ -102.549110412597997, 21.6014709472657 ], [ -102.464057922362997, 21.624879837036101 ], [ -102.456001281737997, 21.631191253662202 ], [ -102.459922790527003, 21.647760391235501 ], [ -102.44799041748, 21.6610717773437 ], [ -102.416679382324006, 21.651901245117301 ], [ -102.434341430664006, 21.616870880127099 ], [ -102.424850463867003, 21.528709411621001 ], [ -102.450317382812003, 21.4945583343506 ], [ -102.460105895995994, 21.450769424438501 ], [ -102.472602844237997, 21.443559646606399 ], [ -102.483108520507997, 21.418100357055799 ], [ -102.500602722167997, 21.418119430541999 ], [ -102.504463195800994, 21.3927707672119 ], [ -102.488212585449006, 21.374099731445401 ], [ -102.490821838379006, 21.365577697753999 ], [ -102.510536193847997, 21.329240798950099 ], [ -102.521209716797003, 21.335271835327099 ], [ -102.526489257812003, 21.324590682983398 ], [ -102.538757324219006, 21.321470260620199 ], [ -102.537788391112997, 21.3033981323243 ], [ -102.54508972168, 21.297590255737401 ] ] ] } },
{ "type": "Feature", "properties": { "NAME_1": "Jalisco", "NAME_2": "Teocuitatlán de Corona" }, "geometry": { "type": "Polygon", "coordinates": [ [ [ -103.33715057373, 19.960180282592798 ], [ -103.375831604004006, 19.964380264282202 ], [ -103.420501708984006, 20.0341911315919 ], [ -103.439903259277003, 20.0124816894532 ], [ -103.478996276855, 20.063640594482401 ], [ -103.485466003417997, 20.085620880126999 ], [ -103.505149841307997, 20.077869415283299 ], [ -103.500785827637003, 20.093830108642599 ], [ -103.494132995605, 20.089519500732401 ], [ -103.481742858887003, 20.099540710449201 ], [ -103.477493286132997, 20.166440963745099 ], [ -103.402542114257997, 20.138362884521499 ], [ -103.383316040039006, 20.150520324706999 ], [ -103.366600036620994, 20.127599716186602 ], [ -103.331703186035, 20.131452560424901 ], [ -103.285850524902003, 20.102609634399499 ], [ -103.246849060059006, 20.096748352050799 ], [ -103.211288452147997, 20.1042995452881 ], [ -103.216987609862997, 20.0872097015381 ], [ -103.256072998047003, 20.063341140746999 ], [ -103.266220092772997, 20.0393600463868 ], [ -103.299377441405994, 20.002029418945401 ], [ -103.299102783202997, 19.972869873046999 ], [ -103.317108154297003, 19.974990844726602 ], [ -103.33715057373, 19.960180282592798 ] ] ] } },
{ "type": "Feature", "properties": { "NAME_1": "Jalisco", "NAME_2": "Tepatitlán de Morelos" }, "geometry": { "type": "Polygon", "coordinates": [ [ [ -102.946067810059006, 20.569908142089801 ], [ -102.991432189940994, 20.6068000793457 ], [ -102.9482421875, 20.666301727294901 ], [ -102.913932800292997, 20.675960540771499 ], [ -102.847236633300994, 20.7110900878906 ], [ -102.837562561035, 20.747491836548001 ], [ -102.820762634277003, 20.769311904907202 ], [ -102.856430053710994, 20.808811187744102 ], [ -102.883583068847997, 20.8206596374512 ], [ -102.886726379395, 20.849449157715 ], [ -102.932151794434006, 20.812089920043999 ], [ -102.944458007812003, 20.815820693969702 ], [ -102.943687438965, 20.8282794952393 ], [ -102.963081359862997, 20.8454704284669 ], [ -102.960220336914006, 20.8790397644044 ], [ -102.915237426757997, 20.929031372070298 ], [ -102.912170410155994, 20.951099395751999 ], [ -102.895851135254006, 20.972669601440401 ], [ -102.879249572754006, 20.9768505096437 ], [ -102.871810913085994, 20.956401824951101 ], [ -102.862419128417997, 20.952329635620199 ], [ -102.848747253417997, 20.971290588378999 ], [ -102.80647277832, 20.9940795898437 ], [ -102.762573242187997, 20.982242584228601 ], [ -102.761833190917997, 20.949460983276399 ], [ -102.744987487792997, 20.955480575561602 ], [ -102.726600646972997, 20.939630508422901 ], [ -102.70588684082, 20.9496803283693 ], [ -102.69312286377, 20.9310607910157 ], [ -102.669937133789006, 20.941459655761701 ], [ -102.62239074707, 20.9451293945313 ], [ -102.571601867675994, 20.947128295898601 ], [ -102.564109802245994, 20.9379806518556 ], [ -102.542510986327997, 20.938791275024499 ], [ -102.535148620605, 20.921230316162202 ], [ -102.543739318847997, 20.903600692749102 ], [ -102.505867004394005, 20.8276596069337 ], [ -102.572402954102003, 20.743900299072401 ], [ -102.574066162109006, 20.674089431762699 ], [ -102.585136413574006, 20.6273899078369 ], [ -102.602333068847997, 20.5978393554688 ], [ -102.616371154785, 20.603530883789102 ], [ -102.65210723877, 20.5717697143556 ], [ -102.683059692382997, 20.562881469726602 ], [ -102.691032409667997, 20.5720119476319 ], [ -102.82373046875, 20.577890396118299 ], [ -102.85514831543, 20.5990409851075 ], [ -102.874443054199006, 20.568809509277401 ], [ -102.913749694824006, 20.580139160156399 ], [ -102.946067810059006, 20.569908142089801 ] ] ] } },
{ "type": "Feature", "properties": { "NAME_1": "Jalisco", "NAME_2": "Tequila" }, "geometry": { "type": "Polygon", "coordinates": [ [ [ -103.617500305175994, 20.9257202148438 ], [ -103.641967773437003, 20.885150909423899 ], [ -103.663246154785, 20.869930267333999 ], [ -103.661849975585994, 20.855770111083999 ], [ -103.705757141112997, 20.850570678711001 ], [ -103.720565795897997, 20.865339279174801 ], [ -103.713439941405994, 20.8683395385743 ], [ -103.753005981445, 20.8662204742432 ], [ -103.76139831543, 20.850040435791001 ], [ -103.755142211914006, 20.8230094909669 ], [ -103.784782409667997, 20.768989562988398 ], [ -103.861038208007997, 20.779680252075298 ], [ -103.883087158202997, 20.791030883789102 ], [ -103.876617431640994, 20.866228103637798 ], [ -103.913887023925994, 20.866270065307599 ], [ -103.925117492675994, 20.886011123657202 ], [ -103.906593322754006, 20.904848098755 ], [ -103.891937255859006, 20.9618110656738 ], [ -103.88005065918, 20.9740009307862 ], [ -103.88062286377, 21.006141662597699 ], [ -103.870986938477003, 21.030881881713899 ], [ -103.92064666748, 21.0258808135987 ], [ -103.941307067870994, 21.031919479370199 ], [ -104.005722045897997, 21.088090896606499 ], [ -104.041191101074006, 21.088489532470799 ], [ -104.07950592041, 21.1196804046632 ], [ -104.079032897949006, 21.136781692505 ], [ -104.072578430175994, 21.146749496460099 ], [ -104.033851623535, 21.15851020813 ], [ -103.991172790527003, 21.197921752929801 ], [ -103.911598205565994, 21.211290359497099 ], [ -103.849311828612997, 21.243860244751001 ], [ -103.82884979248, 21.261659622192401 ], [ -103.816520690917997, 21.287780761718899 ], [ -103.796516418457003, 21.295089721679702 ], [ -103.779808044432997, 21.322380065918001 ], [ -103.656089782715, 21.3425807952881 ], [ -103.643013000487997, 21.350000381469801 ], [ -103.639671325684006, 21.3636703491212 ], [ -103.601318359375, 21.380670547485401 ], [ -103.567657470702997, 21.376939773559599 ], [ -103.557922363280994, 21.366849899291999 ], [ -103.553802490234006, 21.3403511047363 ], [ -103.572868347167997, 21.292169570922901 ], [ -103.765899658202997, 21.211729049682699 ], [ -103.75910949707, 21.188249588012798 ], [ -103.659111022949006, 21.1651000976563 ], [ -103.629219055175994, 21.134820938110401 ], [ -103.612815856932997, 21.090911865234499 ], [ -103.631233215332003, 21.068210601806602 ], [ -103.666915893555, 20.993722915649499 ], [ -103.663307189940994, 20.985509872436499 ], [ -103.630516052245994, 20.971889495849599 ], [ -103.603469848632997, 20.9747714996338 ], [ -103.617500305175994, 20.9257202148438 ] ] ] } },
{ "type": "Feature", "properties": { "NAME_1": "Jalisco", "NAME_2": "Teuchitlán" }, "geometry": { "type": "Polygon", "coordinates": [ [ [ -103.835693359375, 20.565242767333999 ], [ -103.86506652832, 20.5445995330812 ], [ -103.879318237305, 20.569641113281399 ], [ -103.906639099120994, 20.582731246948299 ], [ -103.907272338867003, 20.616809844970799 ], [ -103.89599609375, 20.6226711273193 ], [ -103.884971618652003, 20.677219390869102 ], [ -103.873756408690994, 20.685329437256001 ], [ -103.859031677245994, 20.680730819702202 ], [ -103.853271484375, 20.6739006042482 ], [ -103.858177185059006, 20.656730651855501 ], [ -103.849349975585994, 20.653121948242202 ], [ -103.820091247559006, 20.680530548095799 ], [ -103.79753112793, 20.7228507995606 ], [ -103.772857666015994, 20.747089385986399 ], [ -103.727058410644005, 20.749851226806602 ], [ -103.758972167969006, 20.719570159912099 ], [ -103.757713317870994, 20.7074699401857 ], [ -103.738388061522997, 20.704160690307599 ], [ -103.740173339844006, 20.6973781585694 ], [ -103.766220092772997, 20.687040328979499 ], [ -103.76245880127, 20.672540664672798 ], [ -103.777046203612997, 20.6620597839357 ], [ -103.779441833495994, 20.64089012146 ], [ -103.827697753905994, 20.595281600952202 ], [ -103.835693359375, 20.565242767333999 ] ] ] } },
{ "type": "Feature", "properties": { "NAME_1": "Jalisco", "NAME_2": "Tizapán el Alto" }, "geometry": { "type": "Polygon", "coordinates": [ [ [ -103.168060302734006, 20.0508708953857 ], [ -103.17431640625, 20.070249557495199 ], [ -103.171798706055, 20.136011123657202 ], [ -103.157890319824006, 20.139930725097798 ], [ -103.123413085937997, 20.131610870361399 ], [ -103.068031311035, 20.151971817016701 ], [ -103.044982910155994, 20.139810562133899 ], [ -102.994583129882997, 20.152280807495199 ], [ -103.006416320800994, 20.13138961792 ], [ -102.995208740234006, 20.114170074462901 ], [ -103.006546020507997, 20.1085910797119 ], [ -103.053382873535, 20.113550186157202 ], [ -103.061866760254006, 20.0814609527587 ], [ -103.059410095215, 20.053052902221701 ], [ -103.075836181640994, 20.0483703613282 ], [ -103.107727050780994, 20.015630722046001 ], [ -103.122512817382997, 20.0128402709962 ], [ -103.14421081543, 20.022001266479599 ], [ -103.145156860352003, 20.037719726562599 ], [ -103.168060302734006, 20.0508708953857 ] ] ] } },
{ "type": "Feature", "properties": { "NAME_1": "Jalisco", "NAME_2": "Tlajomulco de Zúñiga" }, "geometry": { "type": "Polygon", "coordinates": [ [ [ -103.579948425292997, 20.434740066528299 ], [ -103.570976257324006, 20.467590332031399 ], [ -103.595977783202997, 20.47585105896 ], [ -103.602783203125, 20.496099472046001 ], [ -103.59886932373, 20.526990890503001 ], [ -103.561546325684006, 20.544960021972699 ], [ -103.512680053710994, 20.546480178833001 ], [ -103.494926452637003, 20.5594081878662 ], [ -103.479797363280994, 20.524360656738299 ], [ -103.488052368164006, 20.490810394287202 ], [ -103.420143127440994, 20.502260208129901 ], [ -103.351806640625, 20.529830932617099 ], [ -103.294357299805, 20.462978363037099 ], [ -103.274269104004006, 20.4576301574706 ], [ -103.251686096190994, 20.437509536743299 ], [ -103.27961730957, 20.422290802002099 ], [ -103.284027099609006, 20.400060653686602 ], [ -103.305320739745994, 20.381961822509801 ], [ -103.305389404297003, 20.3670883178712 ], [ -103.31746673584, 20.369819641113299 ], [ -103.31803894043, 20.3621501922607 ], [ -103.351753234862997, 20.357160568237202 ], [ -103.375152587890994, 20.336339950561602 ], [ -103.453948974609006, 20.304559707641701 ], [ -103.501831054687997, 20.325799942016602 ], [ -103.536903381347997, 20.370832443237401 ], [ -103.558967590332003, 20.368841171264599 ], [ -103.56566619873, 20.375160217285199 ], [ -103.575691223144005, 20.398010253906399 ], [ -103.571678161620994, 20.424200057983501 ], [ -103.579948425292997, 20.434740066528299 ] ] ] } },
{ "type": "Feature", "properties": { "NAME_1": "Jalisco", "NAME_2": "Tlaquepaque" }, "geometry": { "type": "Polygon", "coordinates": [ [ [ -103.479797363280994, 20.524360656738299 ], [ -103.427581787109006, 20.575588226318398 ], [ -103.386726379395, 20.545709609985298 ], [ -103.347709655762003, 20.578830718994201 ], [ -103.310707092285, 20.5459499359132 ], [ -103.313659667969006, 20.535930633545 ], [ -103.484870910645, 20.489791870117202 ], [ -103.488319396972997, 20.502269744873001 ], [ -103.479797363280994, 20.524360656738299 ] ] ] } },
{ "type": "Feature", "properties": { "NAME_1": "Jalisco", "NAME_2": "Tolimán" }, "geometry": { "type": "Polygon", "coordinates": [ [ [ -103.913276672362997, 19.400308609008899 ], [ -104.007186889647997, 19.414110183715799 ], [ -104.059867858887003, 19.394140243530199 ], [ -104.054077148437003, 19.456260681152401 ], [ -104.094276428222997, 19.5387897491456 ], [ -104.042236328125, 19.565900802612401 ], [ -104.002502441405994, 19.5506401062013 ], [ -103.983428955077997, 19.557809829711999 ], [ -103.97274017334, 19.547161102295 ], [ -103.952156066895, 19.605239868164102 ], [ -103.908851623535, 19.624269485473601 ], [ -103.873336791992003, 19.624860763549901 ], [ -103.846496582030994, 19.640331268310501 ], [ -103.835357666015994, 19.6321411132813 ], [ -103.83268737793, 19.6126403808594 ], [ -103.807472229004006, 19.6278305053712 ], [ -103.773483276367003, 19.629360198974702 ], [ -103.727348327637003, 19.5994606018068 ], [ -103.719627380370994, 19.591739654541001 ], [ -103.731452941894005, 19.570350646972699 ], [ -103.750816345215, 19.577249526977599 ], [ -103.783798217772997, 19.564580917358501 ], [ -103.80842590332, 19.5690097808838 ], [ -103.841041564940994, 19.5376491546631 ], [ -103.882843017577997, 19.527601242065501 ], [ -103.885032653809006, 19.510271072387699 ], [ -103.875968933105, 19.496282577514702 ], [ -103.850288391112997, 19.489078521728501 ], [ -103.831390380859006, 19.469169616699201 ], [ -103.824348449707003, 19.4143600463868 ], [ -103.873489379882997, 19.399040222168001 ], [ -103.913276672362997, 19.400308609008899 ] ] ] } },
{ "type": "Feature", "properties": { "NAME_1": "Jalisco", "NAME_2": "Tomatlán" }, "geometry": { "type": "Polygon", "coordinates": [ [ [ -105.29069519043, 19.7206935882568 ], [ -105.332359313965, 19.767084121704201 ], [ -105.331253051757997, 19.779306411743299 ], [ -105.347915649414006, 19.808750152587798 ], [ -105.49153137207, 19.988193511963001 ], [ -105.550140380859006, 20.094028472900401 ], [ -105.541526794432997, 20.1815280914307 ], [ -105.549026489257997, 20.211032867431602 ], [ -105.501121520995994, 20.23858833313 ], [ -105.502632141112997, 20.274940490722699 ], [ -105.495849609375, 20.284990310668899 ], [ -105.481163024902003, 20.275621414184499 ], [ -105.471458435059006, 20.252580642700199 ], [ -105.427848815917997, 20.239669799804801 ], [ -105.406768798827997, 20.211088180541999 ], [ -105.37052154541, 20.189491271972699 ], [ -105.294296264647997, 20.211469650268601 ], [ -105.270286560059006, 20.1909885406494 ], [ -105.226341247557997, 20.179859161376999 ], [ -105.20263671875, 20.209501266479599 ], [ -105.190902709960994, 20.1922416687012 ], [ -105.176216125487997, 20.189519882202099 ], [ -105.149276733397997, 20.2304801940918 ], [ -105.098892211914006, 20.199661254882798 ], [ -105.063346862792997, 20.190870285034201 ], [ -105.024772644042997, 20.1632709503175 ], [ -104.981986999512003, 20.1166591644287 ], [ -104.943283081055, 20.099170684814499 ], [ -104.922912597655994, 20.077440261840898 ], [ -104.885536193847997, 20.088581085205099 ], [ -104.864517211914006, 20.077419281005898 ], [ -104.835609436035, 20.089300155639702 ], [ -104.801910400390994, 20.1137294769288 ], [ -104.768592834472997, 20.156440734863299 ], [ -104.734802246094006, 20.1338806152344 ], [ -104.723793029785, 20.135271072387699 ], [ -104.722450256347997, 20.154020309448399 ], [ -104.712097167969006, 20.148880004882901 ], [ -104.707626342772997, 20.1185703277588 ], [ -104.681526184082003, 20.095939636230501 ], [ -104.693412780762003, 20.079900741577099 ], [ -104.685661315917997, 20.046100616455099 ], [ -104.69539642334, 20.046100616455099 ], [ -104.706275939940994, 20.031660079956101 ], [ -104.722023010254006, 20.035671234131001 ], [ -104.781967163085994, 20.008539199829201 ], [ -104.824806213379006, 19.9326896667482 ], [ -104.895370483397997, 19.968290328979499 ], [ -104.916732788085994, 19.965150833129901 ], [ -104.942565917969006, 19.947210311889702 ], [ -104.980377197265994, 19.906019210815501 ], [ -105.028411865234006, 19.792881011963001 ], [ -105.069236755370994, 19.7652893066407 ], [ -105.09349822998, 19.762010574340799 ], [ -105.10710144043, 19.748092651367202 ], [ -105.135917663574006, 19.752780914306701 ], [ -105.151756286620994, 19.737169265747202 ], [ -105.149467468262003, 19.726812362670898 ], [ -105.162948608397997, 19.7193412780762 ], [ -105.164970397949006, 19.690589904785099 ], [ -105.178016662597997, 19.688669204711999 ], [ -105.192756652832003, 19.6739616394043 ], [ -105.239303588867003, 19.6618061065675 ], [ -105.264579772949006, 19.6781921386718 ], [ -105.262084960937003, 19.692083358764599 ], [ -105.29069519043, 19.7206935882568 ] ] ] } },
{ "type": "Feature", "properties": { "NAME_1": "Jalisco", "NAME_2": "Tonalá" }, "geometry": { "type": "Polygon", "coordinates": [ [ [ -103.185638427734006, 20.5101127624512 ], [ -103.225189208984006, 20.500698089599702 ], [ -103.260192871094006, 20.507270812988398 ], [ -103.310089111327997, 20.5394401550294 ], [ -103.334518432617003, 20.565799713134801 ], [ -103.338218688965, 20.5718498229982 ], [ -103.284942626952997, 20.610469818115199 ], [ -103.283126831055, 20.6514492034913 ], [ -103.261421203612997, 20.653009414672901 ], [ -103.236206054687003, 20.6375408172607 ], [ -103.186187744140994, 20.587650299072301 ], [ -103.155540466309006, 20.593389511108501 ], [ -103.165000915527003, 20.5524196624757 ], [ -103.185638427734006, 20.5101127624512 ] ] ] } },
{ "type": "Feature", "properties": { "NAME_1": "Jalisco", "NAME_2": "Tonaya" }, "geometry": { "type": "Polygon", "coordinates": [ [ [ -104.044990539550994, 19.774269104003999 ], [ -104.029663085937003, 19.8207912445069 ], [ -104.003089904785, 19.803930282592798 ], [ -103.989250183105, 19.83251953125 ], [ -103.990478515625, 19.886020660400401 ], [ -104.008201599120994, 19.918470382690401 ], [ -103.987525939940994, 19.914100646972798 ], [ -103.97078704834, 19.9202995300294 ], [ -103.960166931152003, 19.943098068237301 ], [ -103.930160522460994, 19.940631866455099 ], [ -103.919960021972997, 19.930049896240298 ], [ -103.925537109375, 19.909202575683601 ], [ -103.910736083984006, 19.8479099273682 ], [ -103.88842010498, 19.8396606445313 ], [ -103.891426086425994, 19.822191238403398 ], [ -103.879501342772997, 19.798759460449201 ], [ -103.92887878418, 19.740739822387798 ], [ -103.905380249022997, 19.717689514160199 ], [ -104.03604888916, 19.726850509643601 ], [ -104.044990539550994, 19.774269104003999 ] ] ] } },
{ "type": "Feature", "properties": { "NAME_1": "Jalisco", "NAME_2": "Tonila" }, "geometry": { "type": "Polygon", "coordinates": [ [ [ -103.584075927734006, 19.525110244751001 ], [ -103.511695861815994, 19.476779937744201 ], [ -103.484939575195, 19.447040557861399 ], [ -103.464797973632997, 19.378000259399499 ], [ -103.470123291015994, 19.3462219238282 ], [ -103.486351013184006, 19.3290195465088 ], [ -103.526527404785, 19.342691421508899 ], [ -103.539260864257997, 19.376171112060501 ], [ -103.574668884277003, 19.398559570312599 ], [ -103.571388244629006, 19.446491241455199 ], [ -103.584075927734006, 19.525110244751001 ] ] ] } },
{ "type": "Feature", "properties": { "NAME_1": "Jalisco", "NAME_2": "Totatiche" }, "geometry": { "type": "Polygon", "coordinates": [ [ [ -103.425407409667997, 21.821678161621001 ], [ -103.481369018555, 21.7752494812012 ], [ -103.562240600585994, 21.724830627441399 ], [ -103.586135864257997, 21.7376194000244 ], [ -103.62816619873, 21.799869537353501 ], [ -103.616676330565994, 21.8160305023194 ], [ -103.563026428222997, 21.830490112304702 ], [ -103.538619995117003, 21.8524703979493 ], [ -103.53938293457, 21.8826293945313 ], [ -103.519653320312003, 21.904010772705099 ], [ -103.507186889647997, 21.9505805969238 ], [ -103.488296508789006, 21.966739654541001 ], [ -103.500068664550994, 21.982669830322301 ], [ -103.501007080077997, 22.042310714721602 ], [ -103.473426818847997, 22.049810409545898 ], [ -103.449722290039006, 22.074409484863299 ], [ -103.423973083495994, 22.048120498657202 ], [ -103.382331848145, 22.025440216064599 ], [ -103.369293212890994, 21.986419677734499 ], [ -103.342781066895, 21.995918273925799 ], [ -103.342018127440994, 21.973669052123999 ], [ -103.331352233887003, 21.961402893066499 ], [ -103.328948974609006, 21.8903312683106 ], [ -103.376792907715, 21.865301132202099 ], [ -103.425407409667997, 21.821678161621001 ] ] ] } },
{ "type": "Feature", "properties": { "NAME_1": "Jalisco", "NAME_2": "Tototlán" }, "geometry": { "type": "Polygon", "coordinates": [ [ [ -102.800361633300994, 20.427080154418899 ], [ -102.814727783202997, 20.4797801971437 ], [ -102.879188537597997, 20.5053596496582 ], [ -102.929870605469006, 20.5112400054932 ], [ -102.946067810059006, 20.569908142089801 ], [ -102.913749694824006, 20.580139160156399 ], [ -102.874443054199006, 20.568809509277401 ], [ -102.85514831543, 20.5990409851075 ], [ -102.82373046875, 20.577890396118299 ], [ -102.691032409667997, 20.5720119476319 ], [ -102.681030273437997, 20.5435104370118 ], [ -102.654327392577997, 20.541799545288001 ], [ -102.635437011719006, 20.492410659790099 ], [ -102.643890380859006, 20.47052192688 ], [ -102.668998718262003, 20.480251312255898 ], [ -102.688278198242003, 20.477119445800799 ], [ -102.694366455077997, 20.460550308227599 ], [ -102.683135986327997, 20.4468002319337 ], [ -102.730667114257997, 20.439010620117301 ], [ -102.755805969237997, 20.407800674438398 ], [ -102.800361633300994, 20.427080154418899 ] ] ] } },
{ "type": "Feature", "properties": { "NAME_1": "Jalisco", "NAME_2": "Tuxcacuesco" }, "geometry": { "type": "Polygon", "coordinates": [ [ [ -104.157852172852003, 19.6834812164307 ], [ -104.125389099120994, 19.707559585571399 ], [ -104.119743347167997, 19.721769332885899 ], [ -104.124328613280994, 19.753072738647599 ], [ -104.111602783202997, 19.764890670776499 ], [ -104.080177307129006, 19.751529693603501 ], [ -104.05387878418, 19.723207473755 ], [ -103.962776184082003, 19.7235412597657 ], [ -103.938262939452997, 19.715948104858398 ], [ -103.87410736084, 19.727199554443398 ], [ -103.860977172852003, 19.7056598663331 ], [ -103.837509155272997, 19.6980895996094 ], [ -103.835060119629006, 19.6851310729982 ], [ -103.846496582030994, 19.640331268310501 ], [ -103.855590820312003, 19.632789611816499 ], [ -103.8759765625, 19.624200820922901 ], [ -103.908851623535, 19.624269485473601 ], [ -103.952156066895, 19.605239868164102 ], [ -103.955459594727003, 19.583192825317401 ], [ -103.969581604004006, 19.5676708221437 ], [ -103.969093322754006, 19.548730850219702 ], [ -103.978233337402003, 19.546688079833899 ], [ -103.983428955077997, 19.557809829711999 ], [ -104.002502441405994, 19.5506401062013 ], [ -104.042236328125, 19.565900802612401 ], [ -104.094276428222997, 19.5387897491456 ], [ -104.179458618164006, 19.6186218261719 ], [ -104.178771972655994, 19.636581420898601 ], [ -104.157852172852003, 19.6834812164307 ] ] ] } },
{ "type": "Feature", "properties": { "NAME_1": "Jalisco", "NAME_2": "Tuxcueca" }, "geometry": { "type": "Polygon", "coordinates": [ [ [ -103.383316040039006, 20.150520324706999 ], [ -103.37442779541, 20.1950206756593 ], [ -103.338256835937003, 20.173130035400401 ], [ -103.288375854492003, 20.171840667724702 ], [ -103.264999389647997, 20.153001785278299 ], [ -103.219627380370994, 20.141340255737401 ], [ -103.194221496582003, 20.120300292968899 ], [ -103.171798706055, 20.136011123657202 ], [ -103.17431640625, 20.070249557495199 ], [ -103.168060302734006, 20.0508708953857 ], [ -103.193252563477003, 20.013708114623999 ], [ -103.218551635742003, 20.015541076660199 ], [ -103.263671875, 20.044620513916101 ], [ -103.256072998047003, 20.063341140746999 ], [ -103.214370727539006, 20.090000152587901 ], [ -103.211288452147997, 20.1042995452881 ], [ -103.246849060059006, 20.096748352050799 ], [ -103.285850524902003, 20.102609634399499 ], [ -103.331703186035, 20.131452560424901 ], [ -103.366600036620994, 20.127599716186602 ], [ -103.383316040039006, 20.150520324706999 ] ] ] } },
{ "type": "Feature", "properties": { "NAME_1": "Jalisco", "NAME_2": "Tuxpan" }, "geometry": { "type": "Polygon", "coordinates": [ [ [ -103.584075927734006, 19.525110244751001 ], [ -103.591957092285, 19.558509826660199 ], [ -103.618469238280994, 19.557390213012798 ], [ -103.631240844727003, 19.595609664916999 ], [ -103.596092224120994, 19.600080490112401 ], [ -103.509185791015994, 19.587551116943398 ], [ -103.478469848632997, 19.596847534179702 ], [ -103.437103271484006, 19.559659957885899 ], [ -103.37873840332, 19.568149566650401 ], [ -103.346740722655994, 19.556861877441499 ], [ -103.364852905272997, 19.5354309082032 ], [ -103.360939025879006, 19.515510559081999 ], [ -103.379211425780994, 19.482389450073299 ], [ -103.361968994140994, 19.451990127563601 ], [ -103.412368774414006, 19.377571105957099 ], [ -103.40217590332, 19.338832855224599 ], [ -103.375205993652003, 19.335599899291999 ], [ -103.381011962890994, 19.319772720336999 ], [ -103.408111572265994, 19.309770584106399 ], [ -103.406349182129006, 19.249080657959102 ], [ -103.42813873291, 19.2357997894288 ], [ -103.478370666504006, 19.1769199371338 ], [ -103.499526977539006, 19.167760848998999 ], [ -103.50643157959, 19.278020858764599 ], [ -103.488037109375, 19.328681945800799 ], [ -103.470123291015994, 19.3462219238282 ], [ -103.464797973632997, 19.378000259399499 ], [ -103.492210388184006, 19.459409713745099 ], [ -103.584075927734006, 19.525110244751001 ] ] ] } },
{ "type": "Feature", "properties": { "NAME_1": "Jalisco", "NAME_2": "Unión de San Antonio" }, "geometry": { "type": "Polygon", "coordinates": [ [ [ -101.930732727050994, 21.032239913940401 ], [ -101.961517333984006, 21.036331176757901 ], [ -102.020706176757997, 21.024288177490298 ], [ -102.045066833495994, 21.033269882202301 ], [ -102.119110107422003, 21.012029647827202 ], [ -102.145362854004006, 21.035139083862401 ], [ -102.167640686035, 21.075201034546001 ], [ -102.270080566405994, 21.1321697235107 ], [ -102.280265808105, 21.140369415283299 ], [ -102.279685974120994, 21.153570175171001 ], [ -102.247032165527003, 21.204030990600501 ], [ -102.189659118652003, 21.221860885620199 ], [ -102.151435852050994, 21.251581192016701 ], [ -102.107719421387003, 21.227109909057599 ], [ -102.106986999512003, 21.2043991088868 ], [ -102.117721557617003, 21.198310852050898 ], [ -102.106292724609006, 21.184860229492202 ], [ -102.085876464844006, 21.204940795898501 ], [ -102.071060180664006, 21.1959228515625 ], [ -102.054542541504006, 21.211290359497099 ], [ -102.042961120605, 21.205320358276499 ], [ -102.044136047362997, 21.225299835205199 ], [ -101.973266601562003, 21.229660034179702 ], [ -101.897499084472997, 21.207670211791999 ], [ -101.881866455077997, 21.187330245971701 ], [ -101.880302429199006, 21.152540206909201 ], [ -101.812728881835994, 21.1875305175781 ], [ -101.785469055175994, 21.193220138549801 ], [ -101.79711151123, 21.156370162963899 ], [ -101.831802368164006, 21.126449584960898 ], [ -101.879501342772997, 21.1025791168213 ], [ -101.930732727050994, 21.032239913940401 ] ] ] } },
{ "type": "Feature", "properties": { "NAME_1": "Jalisco", "NAME_2": "Unión de Tula" }, "geometry": { "type": "Polygon", "coordinates": [ [ [ -104.325256347655994, 19.8313503265381 ], [ -104.404479980469006, 19.916400909423899 ], [ -104.37557220459, 19.961940765380898 ], [ -104.379463195800994, 19.9917812347412 ], [ -104.369262695312003, 19.997159957885799 ], [ -104.363609313965, 19.980960845947401 ], [ -104.354347229004006, 19.9805412292481 ], [ -104.326538085937003, 20.0217895507813 ], [ -104.322425842285, 20.046100616455099 ], [ -104.307098388672003, 20.051059722900401 ], [ -104.315986633300994, 20.074180603027301 ], [ -104.278732299805, 20.0841083526612 ], [ -104.267723083495994, 20.122480392456101 ], [ -104.23779296875, 20.108512878418001 ], [ -104.236961364745994, 20.070619583129901 ], [ -104.213256835937997, 20.023210525512798 ], [ -104.182281494140994, 20.010570526123001 ], [ -104.161766052245994, 19.988721847534201 ], [ -104.164108276367003, 19.955511093139599 ], [ -104.173461914062003, 19.939069747924702 ], [ -104.214141845702997, 19.938190460205099 ], [ -104.241996765137003, 19.896511077880898 ], [ -104.245712280272997, 19.864589691162202 ], [ -104.323318481445, 19.8773899078369 ], [ -104.325256347655994, 19.8313503265381 ] ] ] } },
{ "type": "Feature", "properties": { "NAME_1": "Jalisco", "NAME_2": "Valle de Guadalupe" }, "geometry": { "type": "Polygon", "coordinates": [ [ [ -102.571601867675994, 20.947128295898601 ], [ -102.667739868164006, 20.941801071166999 ], [ -102.69312286377, 20.9310607910157 ], [ -102.70588684082, 20.9496803283693 ], [ -102.726600646972997, 20.939630508422901 ], [ -102.744987487792997, 20.955480575561602 ], [ -102.761833190917997, 20.949460983276399 ], [ -102.762573242187997, 20.982242584228601 ], [ -102.826126098632997, 20.999071121215898 ], [ -102.835807800292997, 21.021440505981399 ], [ -102.806846618652003, 21.0536098480225 ], [ -102.767921447754006, 21.0442008972168 ], [ -102.735153198242003, 21.069110870361399 ], [ -102.713829040527003, 21.072429656982401 ], [ -102.685836791992003, 21.089429855346701 ], [ -102.627708435059006, 21.097070693969801 ], [ -102.640998840332003, 21.063119888305799 ], [ -102.630599975585994, 21.057519912719801 ], [ -102.614227294922003, 21.064441680908299 ], [ -102.604026794434006, 21.054069519043001 ], [ -102.5791015625, 20.9934406280518 ], [ -102.571601867675994, 20.947128295898601 ] ] ] } },
{ "type": "Feature", "properties": { "NAME_1": "Jalisco", "NAME_2": "Valle de Juárez" }, "geometry": { "type": "Polygon", "coordinates": [ [ [ -102.991226196289006, 19.6037502288819 ], [ -103.000816345215, 19.6398601531982 ], [ -102.998428344727003, 19.704401016235401 ], [ -103.012336730957003, 19.739660263061602 ], [ -102.965507507324006, 19.796211242675898 ], [ -102.959098815917997, 19.847761154174801 ], [ -102.981636047362997, 19.939710617065401 ], [ -102.971977233887003, 19.940731048584102 ], [ -102.882575988769005, 19.917030334472699 ], [ -102.882751464844006, 19.906419754028299 ], [ -102.899406433105, 19.854211807251001 ], [ -102.922981262207003, 19.8418197631837 ], [ -102.941650390625, 19.806089401245199 ], [ -102.947326660155994, 19.701360702514801 ], [ -102.937141418457003, 19.669559478759801 ], [ -102.954658508300994, 19.6391010284425 ], [ -102.977401733397997, 19.624782562255898 ], [ -102.991226196289006, 19.6037502288819 ] ] ] } },
{ "type": "Feature", "properties": { "NAME_1": "Jalisco", "NAME_2": "Villa Corona" }, "geometry": { "type": "Polygon", "coordinates": [ [ [ -103.619789123535, 20.321069717407202 ], [ -103.646842956542997, 20.264429092407202 ], [ -103.655082702637003, 20.263990402221701 ], [ -103.661903381347997, 20.275260925293001 ], [ -103.665702819824006, 20.271118164062599 ], [ -103.676429748535, 20.224380493164102 ], [ -103.708717346190994, 20.274530410766602 ], [ -103.719116210937003, 20.263050079345799 ], [ -103.733093261719006, 20.2782001495362 ], [ -103.762413024902003, 20.257530212402401 ], [ -103.780609130859006, 20.258010864257901 ], [ -103.76927947998, 20.2894611358643 ], [ -103.779159545897997, 20.325799942016602 ], [ -103.753791809082003, 20.3596096038819 ], [ -103.772987365722997, 20.379570007324201 ], [ -103.756523132324006, 20.420362472534201 ], [ -103.783363342285, 20.435199737548899 ], [ -103.774780273437997, 20.481189727783299 ], [ -103.766059875487997, 20.4722003936768 ], [ -103.734413146972997, 20.469842910766602 ], [ -103.695793151855, 20.450180053711001 ], [ -103.696029663085994, 20.390680313110401 ], [ -103.669830322265994, 20.381940841674901 ], [ -103.661636352539006, 20.354209899902301 ], [ -103.619789123535, 20.321069717407202 ] ] ] } },
{ "type": "Feature", "properties": { "NAME_1": "Jalisco", "NAME_2": "Villa Guerrero" }, "geometry": { "type": "Polygon", "coordinates": [ [ [ -103.706428527832003, 21.866279602050898 ], [ -103.717842102050994, 21.896568298339901 ], [ -103.74072265625, 21.911302566528398 ], [ -103.770317077637003, 21.909950256347798 ], [ -103.78498840332, 21.8868103027344 ], [ -103.812492370605, 21.872390747070401 ], [ -103.825500488280994, 21.878379821777301 ], [ -103.825386047362997, 21.892459869384801 ], [ -103.843421936035, 21.901491165161101 ], [ -103.842239379882997, 21.9740104675293 ], [ -103.821937561035, 21.981399536132901 ], [ -103.807289123535, 22.005929946899499 ], [ -103.813980102539006, 22.104322433471701 ], [ -103.8017578125, 22.109689712524499 ], [ -103.751373291015994, 22.094312667846701 ], [ -103.735046386719006, 22.076818466186602 ], [ -103.702606201172003, 22.070930480957099 ], [ -103.672378540039006, 22.037340164184599 ], [ -103.609527587890994, 22.036422729492301 ], [ -103.566398620605, 22.069810867309702 ], [ -103.546379089355, 22.058599472046001 ], [ -103.523918151855, 22.0618190765381 ], [ -103.501007080077997, 22.042310714721602 ], [ -103.500068664550994, 21.982669830322301 ], [ -103.488296508789006, 21.966739654541001 ], [ -103.507186889647997, 21.9505805969238 ], [ -103.519653320312003, 21.904010772705099 ], [ -103.53938293457, 21.8826293945313 ], [ -103.537948608397997, 21.854761123657202 ], [ -103.544403076172003, 21.846361160278299 ], [ -103.585029602050994, 21.8213195800781 ], [ -103.620185852050994, 21.816240310668899 ], [ -103.658782958984006, 21.828332901001001 ], [ -103.657936096190994, 21.853319168090898 ], [ -103.669387817382997, 21.8667907714844 ], [ -103.706428527832003, 21.866279602050898 ] ] ] } },
{ "type": "Feature", "properties": { "NAME_1": "Jalisco", "NAME_2": "Villa Hidalgo" }, "geometry": { "type": "Polygon", "coordinates": [ [ [ -102.44799041748, 21.6610717773437 ], [ -102.459922790527003, 21.647760391235501 ], [ -102.459411621094006, 21.627620697021499 ], [ -102.549110412597997, 21.6014709472657 ], [ -102.589492797852003, 21.540460586547901 ], [ -102.611129760742003, 21.537300109863299 ], [ -102.621566772460994, 21.5258903503419 ], [ -102.651588439940994, 21.539962768554599 ], [ -102.692916870117003, 21.586750030517699 ], [ -102.733016967772997, 21.5960006713868 ], [ -102.733589172362997, 21.618171691894499 ], [ -102.774597167969006, 21.674921035766602 ], [ -102.774803161620994, 21.687871932983501 ], [ -102.73853302002, 21.714061737060501 ], [ -102.698921203612997, 21.728401184081999 ], [ -102.610015869140994, 21.723329544067401 ], [ -102.515876770019005, 21.7128295898438 ], [ -102.44799041748, 21.6610717773437 ] ] ] } },
{ "type": "Feature", "properties": { "NAME_1": "Jalisco", "NAME_2": "Villa Purificación" }, "geometry": { "type": "Polygon", "coordinates": [ [ [ -104.608512878417997, 19.5677509307862 ], [ -104.655982971190994, 19.584909439086999 ], [ -104.69214630127, 19.614240646362401 ], [ -104.702186584472997, 19.6138305664063 ], [ -104.718322753905994, 19.596250534057699 ], [ -104.736763000487997, 19.600532531738398 ], [ -104.745506286620994, 19.612590789795 ], [ -104.792221069335994, 19.624418258666999 ], [ -104.833862304687997, 19.675529479980401 ], [ -104.879386901855, 19.6716709136963 ], [ -104.925476074219006, 19.689699172973601 ], [ -104.92325592041, 19.6680507659912 ], [ -104.931503295897997, 19.6579608917237 ], [ -105.013023376465, 19.702480316162202 ], [ -105.066307067870994, 19.766960144043001 ], [ -105.028411865234006, 19.792881011963001 ], [ -104.969108581542997, 19.9251098632813 ], [ -104.916732788085994, 19.965150833129901 ], [ -104.900741577147997, 19.9686508178712 ], [ -104.824806213379006, 19.9326896667482 ], [ -104.781967163085994, 20.008539199829201 ], [ -104.722023010254006, 20.035671234131001 ], [ -104.706275939940994, 20.031660079956101 ], [ -104.69539642334, 20.046100616455099 ], [ -104.681526184082003, 20.043960571289102 ], [ -104.65837097168, 20.024869918823399 ], [ -104.628936767577997, 20.024429321289102 ], [ -104.601921081542997, 19.9580898284913 ], [ -104.563606262207003, 19.9208583831788 ], [ -104.567008972167997, 19.893070220947301 ], [ -104.506042480469006, 19.8431205749512 ], [ -104.49739074707, 19.843620300293001 ], [ -104.48486328125, 19.8623485565187 ], [ -104.467140197754006, 19.832088470458999 ], [ -104.478569030762003, 19.809141159057699 ], [ -104.474700927734006, 19.7821998596193 ], [ -104.499282836914006, 19.7357997894287 ], [ -104.495452880859006, 19.713960647583001 ], [ -104.503616333007997, 19.677539825439499 ], [ -104.512649536132997, 19.670280456543001 ], [ -104.527366638184006, 19.677072525024499 ], [ -104.538887023925994, 19.625318527221602 ], [ -104.574645996094006, 19.624050140380898 ], [ -104.576499938965, 19.6062908172607 ], [ -104.608512878417997, 19.5677509307862 ] ] ] } },
{ "type": "Feature", "properties": { "NAME_1": "Jalisco", "NAME_2": "Yahualica de González Gallo" }, "geometry": { "type": "Polygon", "coordinates": [ [ [ -102.80647277832, 20.9940795898437 ], [ -102.848747253417997, 20.971290588378999 ], [ -102.865608215332003, 20.951940536498999 ], [ -102.881469726562003, 20.9780998229982 ], [ -102.912322998047003, 20.975051879882798 ], [ -102.960952758789006, 20.9958209991456 ], [ -103.022315979004006, 21.0006504058838 ], [ -103.032508850097997, 21.022769927978601 ], [ -103.04891204834, 21.022018432617202 ], [ -103.107086181640994, 21.0476799011231 ], [ -103.087432861327997, 21.062610626220799 ], [ -103.075813293457003, 21.134889602661101 ], [ -103.060806274414006, 21.152000427246001 ], [ -103.003189086914006, 21.17746925354 ], [ -102.928855895995994, 21.159200668334901 ], [ -102.86888885498, 21.202600479125898 ], [ -102.843482971190994, 21.184360504150401 ], [ -102.82527923584, 21.150640487670898 ], [ -102.827896118164006, 21.113870620727699 ], [ -102.81468963623, 21.100498199462901 ], [ -102.834365844727003, 21.072168350219702 ], [ -102.837326049805, 21.0254306793213 ], [ -102.826126098632997, 20.999071121215898 ], [ -102.80647277832, 20.9940795898437 ] ] ] } },
{ "type": "Feature", "properties": { "NAME_1": "Jalisco", "NAME_2": "Zacoalco de Torres" }, "geometry": { "type": "Polygon", "coordinates": [ [ [ -103.529060363769005, 20.101829528808601 ], [ -103.538032531737997, 20.110322952270501 ], [ -103.566009521484006, 20.0929393768312 ], [ -103.576812744140994, 20.128599166870199 ], [ -103.588172912597997, 20.1166095733643 ], [ -103.6005859375, 20.118980407714801 ], [ -103.640701293945, 20.1720695495607 ], [ -103.650550842285, 20.198089599609499 ], [ -103.679298400879006, 20.213079452514702 ], [ -103.665702819824006, 20.271118164062599 ], [ -103.661903381347997, 20.275260925293001 ], [ -103.655082702637003, 20.263990402221701 ], [ -103.646842956542997, 20.264429092407202 ], [ -103.619789123535, 20.321069717407202 ], [ -103.573616027832003, 20.3122997283937 ], [ -103.562286376952997, 20.280830383300799 ], [ -103.514549255370994, 20.255741119384801 ], [ -103.48713684082, 20.216302871703999 ], [ -103.477432250977003, 20.174089431762798 ], [ -103.481742858887003, 20.099540710449201 ], [ -103.494132995605, 20.089519500732401 ], [ -103.49877166748, 20.102859497070401 ], [ -103.529060363769005, 20.101829528808601 ] ] ] } },
{ "type": "Feature", "properties": { "NAME_1": "Jalisco", "NAME_2": "Zapopan" }, "geometry": { "type": "Polygon", "coordinates": [ [ [ -103.68238067627, 20.6632308959962 ], [ -103.678749084472997, 20.674350738525401 ], [ -103.654067993164006, 20.681110382080099 ], [ -103.602386474609006, 20.732772827148398 ], [ -103.60521697998, 20.739429473876999 ], [ -103.629531860352003, 20.7364501953125 ], [ -103.646598815917997, 20.7476310729981 ], [ -103.643592834472997, 20.796720504760799 ], [ -103.63257598877, 20.8166198730469 ], [ -103.654235839844006, 20.825189590454102 ], [ -103.656860351562003, 20.843549728393601 ], [ -103.667831420897997, 20.853570938110401 ], [ -103.661849975585994, 20.855770111083999 ], [ -103.663246154785, 20.869930267333999 ], [ -103.641967773437003, 20.885150909423899 ], [ -103.617500305175994, 20.9257202148438 ], [ -103.599487304687997, 20.9175128936768 ], [ -103.587020874022997, 20.928039550781399 ], [ -103.574493408202997, 20.9243907928468 ], [ -103.539031982422003, 20.9338893890382 ], [ -103.528137207030994, 20.915800094604599 ], [ -103.48169708252, 20.891729354858501 ], [ -103.430648803710994, 20.880929946899499 ], [ -103.442337036132997, 20.844259262085099 ], [ -103.436828613280994, 20.837699890136701 ], [ -103.37523651123, 20.8838806152344 ], [ -103.370346069335994, 20.859949111938501 ], [ -103.349006652832003, 20.8314704895019 ], [ -103.350631713867003, 20.767210006713999 ], [ -103.325225830077997, 20.742490768432599 ], [ -103.324127197265994, 20.712570190429702 ], [ -103.370307922362997, 20.7034301757812 ], [ -103.403289794922003, 20.659469604492301 ], [ -103.436347961425994, 20.665739059448399 ], [ -103.450050354004006, 20.656730651855501 ], [ -103.461822509765994, 20.637649536132798 ], [ -103.462097167969006, 20.617170333862301 ], [ -103.427581787109006, 20.575588226318398 ], [ -103.475959777832003, 20.526739120483398 ], [ -103.494926452637003, 20.5594081878662 ], [ -103.512680053710994, 20.546480178833001 ], [ -103.555267333984006, 20.546270370483501 ], [ -103.593276977539006, 20.527381896972699 ], [ -103.605003356934006, 20.529291152954201 ], [ -103.617538452147997, 20.545101165771499 ], [ -103.631477355957003, 20.5896301269532 ], [ -103.643188476562003, 20.653112411499102 ], [ -103.68238067627, 20.6632308959962 ] ] ] } },
{ "type": "Feature", "properties": { "NAME_1": "Jalisco", "NAME_2": "Zapotiltic" }, "geometry": { "type": "Polygon", "coordinates": [ [ [ -103.277488708495994, 19.4657306671144 ], [ -103.366416931152003, 19.493530273437599 ], [ -103.364852905272997, 19.5354309082032 ], [ -103.349678039550994, 19.5484428405762 ], [ -103.34831237793, 19.561321258545 ], [ -103.39688873291, 19.5678997039794 ], [ -103.437103271484006, 19.559659957885899 ], [ -103.478469848632997, 19.596847534179702 ], [ -103.482872009277003, 19.627080917358398 ], [ -103.463195800780994, 19.662431716918899 ], [ -103.443992614745994, 19.668779373168999 ], [ -103.427619934082003, 19.691698074340898 ], [ -103.388153076172003, 19.711669921875099 ], [ -103.35636138916, 19.738889694213899 ], [ -103.347785949707003, 19.7350883483888 ], [ -103.349227905272997, 19.6952209472656 ], [ -103.332946777344006, 19.654039382934599 ], [ -103.339126586914006, 19.639230728149499 ], [ -103.32462310791, 19.5921306610107 ], [ -103.303703308105, 19.578979492187599 ], [ -103.310913085937997, 19.5472507476807 ], [ -103.271476745605, 19.5016994476319 ], [ -103.277488708495994, 19.4657306671144 ] ] ] } },
{ "type": "Feature", "properties": { "NAME_1": "Jalisco", "NAME_2": "Zapotitlán de Vadillo" }, "geometry": { "type": "Polygon", "coordinates": [ [ [ -103.824348449707003, 19.4143600463868 ], [ -103.831390380859006, 19.469169616699201 ], [ -103.850288391112997, 19.489078521728501 ], [ -103.875968933105, 19.496282577514702 ], [ -103.885032653809006, 19.510271072387699 ], [ -103.882843017577997, 19.527601242065501 ], [ -103.841041564940994, 19.5376491546631 ], [ -103.80842590332, 19.5690097808838 ], [ -103.783798217772997, 19.564580917358501 ], [ -103.750816345215, 19.577249526977599 ], [ -103.731452941894005, 19.570350646972699 ], [ -103.719627380370994, 19.591739654541001 ], [ -103.671836853027003, 19.616670608520501 ], [ -103.631240844727003, 19.595609664916999 ], [ -103.618469238280994, 19.557390213012798 ], [ -103.661117553710994, 19.515552520752099 ], [ -103.728202819824006, 19.4604091644288 ], [ -103.824348449707003, 19.4143600463868 ] ] ] } },
{ "type": "Feature", "properties": { "NAME_1": "Jalisco", "NAME_2": "Zapotlán del Rey" }, "geometry": { "type": "Polygon", "coordinates": [ [ [ -102.881317138672003, 20.36501121521 ], [ -102.931350708007997, 20.352020263671999 ], [ -102.972969055175994, 20.372608184814499 ], [ -103.014190673827997, 20.372690200805799 ], [ -103.046775817870994, 20.393222808837901 ], [ -103.06275177002, 20.3745212554932 ], [ -103.106903076172003, 20.3778495788575 ], [ -103.099807739257997, 20.398710250854599 ], [ -103.117523193359006, 20.432050704956101 ], [ -103.076705932617003, 20.452411651611399 ], [ -103.071197509765994, 20.470462799072301 ], [ -102.991516113280994, 20.464340209961001 ], [ -102.949577331542997, 20.480810165405298 ], [ -102.949150085449006, 20.4970798492432 ], [ -102.937408447265994, 20.509559631347798 ], [ -102.879188537597997, 20.5053596496582 ], [ -102.814727783202997, 20.4797801971437 ], [ -102.799507141112997, 20.434129714965799 ], [ -102.849761962890994, 20.3885211944581 ], [ -102.886238098145, 20.3803806304932 ], [ -102.881317138672003, 20.36501121521 ] ] ] } },
{ "type": "Feature", "properties": { "NAME_1": "Jalisco", "NAME_2": "Zapotlanejo" }, "geometry": { "type": "Polygon", "coordinates": [ [ [ -102.929870605469006, 20.5112400054932 ], [ -102.94490814209, 20.505388259887798 ], [ -102.949577331542997, 20.480810165405298 ], [ -102.964096069335994, 20.47340965271 ], [ -103.000289916992003, 20.463060379028398 ], [ -103.023147583007997, 20.471109390258899 ], [ -103.04524230957, 20.4656696319581 ], [ -103.071197509765994, 20.470462799072301 ], [ -103.07935333252, 20.450719833374102 ], [ -103.117523193359006, 20.432050704956101 ], [ -103.131790161132997, 20.438251495361399 ], [ -103.128860473632997, 20.4629611968994 ], [ -103.14119720459, 20.4710407257081 ], [ -103.13508605957, 20.494289398193398 ], [ -103.161743164062003, 20.5223293304444 ], [ -103.154586791992003, 20.544040679931602 ], [ -103.165000915527003, 20.5524196624757 ], [ -103.164756774902003, 20.565280914306701 ], [ -103.155540466309006, 20.593389511108501 ], [ -103.186187744140994, 20.587650299072301 ], [ -103.236206054687003, 20.6375408172607 ], [ -103.261421203612997, 20.653009414672901 ], [ -103.282608032227003, 20.650842666626001 ], [ -103.287139892577997, 20.681760787963999 ], [ -103.27751159668, 20.676500320434702 ], [ -103.140769958495994, 20.727750778198399 ], [ -103.100219726562003, 20.729009628296001 ], [ -103.065231323242003, 20.700490951538001 ], [ -102.97696685791, 20.5900402069093 ], [ -102.946067810059006, 20.569908142089801 ], [ -102.929870605469006, 20.5112400054932 ] ] ] } }
]
}
