{
"type": "FeatureCollection",
"name": "mexico",
"crs": { "type": "name", "properties": { "name": "urn:ogc:def:crs:OGC:1.3:CRS84" } },
"features": [
{ "type": "Feature", "properties": { "NAME_1": "México", "NAME_2": "Acambay" }, "geometry": { "type": "Polygon", "coordinates": [ [ [ -99.902389526367202, 19.881170272827202 ], [ -99.940750122070298, 19.915241241455099 ], [ -99.9807510375975, 19.915849685669102 ], [ -99.996643066406193, 19.949060440063601 ], [ -100.021896362305, 19.959131240844801 ], [ -100.014106750487997, 19.982362747192401 ], [ -100.029670715332003, 20.001329421997202 ], [ -100.022102355957003, 20.0270900726319 ], [ -100.03116607666, 20.051660537719801 ], [ -99.963768005370994, 20.115198135376101 ], [ -99.925628662109304, 20.103612899780298 ], [ -99.906143188476506, 20.030309677123999 ], [ -99.870033264160199, 20.0277996063232 ], [ -99.839866638183494, 19.996942520141701 ], [ -99.824935913085895, 19.9987316131593 ], [ -99.784103393554602, 20.0340099334718 ], [ -99.741950988769403, 20.006410598754901 ], [ -99.713783264160099, 19.9985885620118 ], [ -99.726837158203097, 19.956600189208999 ], [ -99.756820678710895, 19.945140838623001 ], [ -99.787231445312401, 19.902019500732401 ], [ -99.776916503906193, 19.828100204467798 ], [ -99.791328430175696, 19.835929870605401 ], [ -99.798866271972599, 19.8201408386232 ], [ -99.828498840332003, 19.826221466064499 ], [ -99.873710632324205, 19.8724098205568 ], [ -99.902389526367202, 19.881170272827202 ] ] ] } },
{ "type": "Feature", "properties": { "NAME_1": "México", "NAME_2": "Acolman" }, "geometry": { "type": "Polygon", "coordinates": [ [ [ -98.903861999511605, 19.5677795410156 ], [ -98.966445922851605, 19.566841125488299 ], [ -98.962646484375, 19.603170394897599 ], [ -98.939002990722699, 19.618320465087901 ], [ -98.888839721679702, 19.6013107299806 ], [ -98.861221313476506, 19.567930221557599 ], [ -98.903861999511605, 19.5677795410156 ] ] ] } },
{ "type": "Feature", "properties": { "NAME_1": "México", "NAME_2": "Aculco" }, "geometry": { "type": "Polygon", "coordinates": [ [ [ -99.716560363769503, 20.135540008544901 ], [ -99.696350097656193, 20.124771118164102 ], [ -99.713195800781193, 20.098922729492301 ], [ -99.698867797851605, 20.035049438476701 ], [ -99.702270507812401, 20.022581100463999 ], [ -99.717033386230398, 20.012329101562599 ], [ -99.713783264160099, 19.9985885620118 ], [ -99.741950988769403, 20.006410598754901 ], [ -99.784103393554602, 20.0340099334718 ], [ -99.835548400878906, 19.9951992034912 ], [ -99.870033264160199, 20.0277996063232 ], [ -99.906143188476506, 20.030309677123999 ], [ -99.925628662109304, 20.103612899780298 ], [ -99.963768005370994, 20.115198135376101 ], [ -99.947853088378906, 20.131309509277401 ], [ -99.946189880371094, 20.1556606292725 ], [ -99.981666564941406, 20.235589981079102 ], [ -99.966552734375, 20.2435607910156 ], [ -99.936203002929602, 20.2216300964356 ], [ -99.914833068847599, 20.217952728271499 ], [ -99.914077758789006, 20.241910934448399 ], [ -99.889122009277301, 20.229352951049901 ], [ -99.799575805664105, 20.213060379028299 ], [ -99.770439147949205, 20.184852600097699 ], [ -99.749366760253807, 20.176160812377901 ], [ -99.732261657714801, 20.132511138916101 ], [ -99.721946716308594, 20.128341674804702 ], [ -99.716560363769503, 20.135540008544901 ] ] ] } },
{ "type": "Feature", "properties": { "NAME_1": "México", "NAME_2": "Almoloya de Alquisiras" }, "geometry": { "type": "Polygon", "coordinates": [ [ [ -99.849479675292997, 18.688329696655298 ], [ -99.862686157226406, 18.697441101074201 ], [ -99.862632751464801, 18.712579727172901 ], [ -99.873168945312401, 18.717359542846701 ], [ -99.920219421386705, 18.703872680664201 ], [ -99.937843322753906, 18.794540405273398 ], [ -99.916069030761705, 18.808780670166001 ], [ -99.871467590332003, 18.813550949096602 ], [ -99.848320007324205, 18.8248004913331 ], [ -99.809951782226605, 18.8160381317138 ], [ -99.801910400390597, 18.7863998413087 ], [ -99.784912109375, 18.764970779419102 ], [ -99.822952270507798, 18.752250671386701 ], [ -99.838783264160199, 18.7234802246094 ], [ -99.820686340332003, 18.695880889892599 ], [ -99.849479675292997, 18.688329696655298 ] ] ] } },
{ "type": "Feature", "properties": { "NAME_1": "México", "NAME_2": "Almoloya de Juárez" }, "geometry": { "type": "Polygon", "coordinates": [ [ [ -99.689979553222699, 19.2334308624269 ], [ -99.731819152832003, 19.255720138549801 ], [ -99.749870300292997, 19.227870941162202 ], [ -99.777603149414006, 19.247930526733501 ], [ -99.811187744140497, 19.256710052490298 ], [ -99.825576782226506, 19.2417297363282 ], [ -99.836936950683494, 19.242139816284201 ], [ -99.840011596679702, 19.212062835693398 ], [ -99.847808837890497, 19.204450607299901 ], [ -99.877708435058594, 19.203390121460099 ], [ -99.891036987304702, 19.352720260620199 ], [ -99.869247436523395, 19.400690078735501 ], [ -99.871887207031193, 19.486070632934599 ], [ -99.855857849121094, 19.482519149780298 ], [ -99.842826843261705, 19.5019207000732 ], [ -99.821166992187401, 19.503360748291101 ], [ -99.743766784667997, 19.487310409546001 ], [ -99.738471984863295, 19.459751129150401 ], [ -99.715126037597599, 19.450529098510799 ], [ -99.699195861816307, 19.4215908050538 ], [ -99.676101684570298, 19.415180206298899 ], [ -99.675140380859403, 19.370399475097699 ], [ -99.660575866699205, 19.339809417724702 ], [ -99.659576416015597, 19.3065490722657 ], [ -99.689979553222699, 19.2334308624269 ] ] ] } },
{ "type": "Feature", "properties": { "NAME_1": "México", "NAME_2": "Almoloya del Río" }, "geometry": { "type": "Polygon", "coordinates": [ [ [ -99.523262023925696, 19.032100677490199 ], [ -99.525032043457003, 19.055719375610401 ], [ -99.540817260742102, 19.076229095458999 ], [ -99.519538879394503, 19.092250823974702 ], [ -99.502372741699205, 19.069839477539102 ], [ -99.460128784179602, 19.064020156860501 ], [ -99.486930847167898, 19.0336093902588 ], [ -99.523262023925696, 19.032100677490199 ] ] ] } },
{ "type": "Feature", "properties": { "NAME_1": "México", "NAME_2": "Amanalco" }, "geometry": { "type": "Polygon", "coordinates": [ [ [ -99.847808837890497, 19.204450607299901 ], [ -99.844177246093693, 19.1934604644775 ], [ -99.858749389648395, 19.139699935913001 ], [ -99.892822265624901, 19.1333408355713 ], [ -99.941360473632798, 19.108320236206101 ], [ -99.949020385742202, 19.117700576782202 ], [ -100.009986877440994, 19.116910934448299 ], [ -100.03524017334, 19.140832901001001 ], [ -100.041473388672003, 19.175582885742301 ], [ -100.010322570800994, 19.2517108917237 ], [ -99.984336853027301, 19.262580871581999 ], [ -99.968986511230398, 19.245630264282301 ], [ -99.943572998046903, 19.261070251464801 ], [ -99.910621643066307, 19.231870651245099 ], [ -99.891220092773395, 19.200801849365298 ], [ -99.847808837890497, 19.204450607299901 ] ] ] } },
{ "type": "Feature", "properties": { "NAME_1": "México", "NAME_2": "Amatepec" }, "geometry": { "type": "Polygon", "coordinates": [ [ [ -100.474212646484006, 18.684940338134702 ], [ -100.444496154785, 18.716018676757901 ], [ -100.367095947265994, 18.697130203247099 ], [ -100.342132568359006, 18.711240768432699 ], [ -100.307571411132997, 18.714628219604499 ], [ -100.287162780762003, 18.7399711608887 ], [ -100.250091552734006, 18.730640411376999 ], [ -100.14958190918, 18.734449386596701 ], [ -100.120162963867003, 18.6979293823243 ], [ -100.118637084960994, 18.671459197998001 ], [ -100.092391967772997, 18.6662197113038 ], [ -100.09587097168, 18.6413497924806 ], [ -100.083160400390994, 18.628259658813398 ], [ -100.090072631835994, 18.604999542236399 ], [ -100.107048034667997, 18.610031127929801 ], [ -100.15168762207, 18.596372604370099 ], [ -100.241722106934006, 18.5936603546143 ], [ -100.269592285155994, 18.603940963745099 ], [ -100.311515808105, 18.576930999755898 ], [ -100.336639404297003, 18.579839706421001 ], [ -100.357490539550994, 18.5519504547119 ], [ -100.400856018065994, 18.551780700683601 ], [ -100.389022827147997, 18.588478088378999 ], [ -100.397315979004006, 18.631349563598601 ], [ -100.464019775390994, 18.653881072998001 ], [ -100.474212646484006, 18.684940338134702 ] ] ] } },
{ "type": "Feature", "properties": { "NAME_1": "México", "NAME_2": "Amecameca" }, "geometry": { "type": "Polygon", "coordinates": [ [ [ -98.710220336914105, 19.0838012695313 ], [ -98.697349548339801, 19.128231048583999 ], [ -98.715248107910199, 19.142948150634801 ], [ -98.691146850585895, 19.162839889526399 ], [ -98.675811767578097, 19.167989730835 ], [ -98.668907165527301, 19.1573295593262 ], [ -98.637802124023395, 19.155790328979499 ], [ -98.550636291503906, 19.165729522705199 ], [ -98.548156738281193, 19.10013961792 ], [ -98.598396301269503, 19.079111099243299 ], [ -98.622833251953097, 19.079790115356499 ], [ -98.643089294433594, 19.0541400909425 ], [ -98.654411315917997, 19.078729629516701 ], [ -98.683807373046903, 19.0713405609131 ], [ -98.710220336914105, 19.0838012695313 ] ] ] } },
{ "type": "Feature", "properties": { "NAME_1": "México", "NAME_2": "Apaxco" }, "geometry": { "type": "Polygon", "coordinates": [ [ [ -99.021087646484403, 20.014930725097699 ], [ -99.021041870117102, 19.994409561157301 ], [ -99.038360595703097, 19.962350845336999 ], [ -99.070579528808594, 19.938081741333001 ], [ -99.093269348144503, 19.8967800140381 ], [ -99.123031616210895, 19.936981201171999 ], [ -99.140769958496094, 19.908269882202202 ], [ -99.176429748535199, 19.8937892913819 ], [ -99.177642822265597, 19.956098556518601 ], [ -99.163757324218807, 19.982091903686602 ], [ -99.021087646484403, 20.014930725097699 ] ] ] } },
{ "type": "Feature", "properties": { "NAME_1": "México", "NAME_2": "Atenco" }, "geometry": { "type": "Polygon", "coordinates": [ [ [ -98.876136779785199, 19.4911308288575 ], [ -98.888076782226605, 19.469560623169102 ], [ -98.871559143066406, 19.457708358764599 ], [ -98.879035949707003, 19.423900604248001 ], [ -98.902519226074205, 19.375841140747099 ], [ -98.914962768554702, 19.3596000671387 ], [ -98.928298950195298, 19.3707599639894 ], [ -98.968521118163906, 19.366390228271602 ], [ -98.941368103027301, 19.390220642089801 ], [ -98.939292907714801, 19.4010200500488 ], [ -98.961128234863295, 19.450439453125099 ], [ -98.964317321777301, 19.487270355224702 ], [ -98.947090148925795, 19.520429611206101 ], [ -98.958671569824205, 19.5429306030275 ], [ -98.920051574707003, 19.539100646972798 ], [ -98.916549682617202, 19.516441345215 ], [ -98.898887634277301, 19.491310119628899 ], [ -98.876136779785199, 19.4911308288575 ] ] ] } },
{ "type": "Feature", "properties": { "NAME_1": "México", "NAME_2": "Atizapán" }, "geometry": { "type": "Polygon", "coordinates": [ [ [ -99.498390197753906, 19.1038208007813 ], [ -99.460395812988196, 19.085920333862202 ], [ -99.460128784179602, 19.064020156860501 ], [ -99.505043029785099, 19.071659088134801 ], [ -99.519538879394503, 19.092250823974702 ], [ -99.511871337890597, 19.104690551757798 ], [ -99.498390197753906, 19.1038208007813 ] ] ] } },
{ "type": "Feature", "properties": { "NAME_1": "México", "NAME_2": "Atizapán de Zaragoza" }, "geometry": { "type": "Polygon", "coordinates": [ [ [ -99.207466125488295, 19.536090850830099 ], [ -99.224220275878906, 19.465541839599702 ], [ -99.239952087402301, 19.4663906097413 ], [ -99.292076110839801, 19.430271148681701 ], [ -99.294631958007798, 19.440160751342798 ], [ -99.280822753906193, 19.469240188598601 ], [ -99.290122985839801, 19.4857997894288 ], [ -99.287696838378807, 19.499629974365199 ], [ -99.251663208007798, 19.526250839233501 ], [ -99.235755920410199, 19.550960540771499 ], [ -99.207466125488295, 19.536090850830099 ] ] ] } },
{ "type": "Feature", "properties": { "NAME_1": "México", "NAME_2": "Atlacomulco" }, "geometry": { "type": "Polygon", "coordinates": [ [ [ -99.707397460937401, 19.8065605163575 ], [ -99.700370788574105, 19.788629531860501 ], [ -99.710990905761705, 19.766107559204201 ], [ -99.7252197265625, 19.7611808776856 ], [ -99.753791809082003, 19.7684726715088 ], [ -99.802070617675795, 19.758270263671999 ], [ -99.843727111816406, 19.776309967041101 ], [ -99.850059509277301, 19.790750503540199 ], [ -99.873146057128807, 19.792919158935501 ], [ -99.874313354492102, 19.813190460205099 ], [ -99.9441299438475, 19.8205795288087 ], [ -99.953590393066406, 19.829299926757798 ], [ -99.944076538085895, 19.849838256836101 ], [ -99.963867187499901, 19.871259689331101 ], [ -99.922546386718693, 19.865369796753001 ], [ -99.902389526367202, 19.881170272827202 ], [ -99.885437011718807, 19.878860473632798 ], [ -99.849403381347599, 19.851230621338001 ], [ -99.836509704589801, 19.8313503265381 ], [ -99.798866271972599, 19.8201408386232 ], [ -99.780822753906193, 19.804309844970799 ], [ -99.744819641113295, 19.812280654907301 ], [ -99.733787536621094, 19.796960830688501 ], [ -99.707397460937401, 19.8065605163575 ] ] ] } },
{ "type": "Feature", "properties": { "NAME_1": "México", "NAME_2": "Atlautla" }, "geometry": { "type": "Polygon", "coordinates": [ [ [ -98.724617004394503, 18.9600505828857 ], [ -98.732086181640597, 18.983930587768601 ], [ -98.724166870117102, 18.994319915771399 ], [ -98.702423095703097, 18.999982833862401 ], [ -98.692497253417898, 19.038171768188501 ], [ -98.697669982910099, 19.0482997894288 ], [ -98.7275390625, 19.060012817382901 ], [ -98.710220336914105, 19.0838012695313 ], [ -98.683807373046903, 19.0713405609131 ], [ -98.654411315917997, 19.078729629516701 ], [ -98.643089294433594, 19.0541400909425 ], [ -98.622833251953097, 19.079790115356499 ], [ -98.598396301269503, 19.079111099243299 ], [ -98.548156738281193, 19.10013961792 ], [ -98.544197082519503, 19.038480758666999 ], [ -98.578460693359304, 19.045570373535199 ], [ -98.607086181640597, 19.035709381103501 ], [ -98.637931823730497, 19.038312911987401 ], [ -98.658462524414006, 19.004919052123999 ], [ -98.724617004394503, 18.9600505828857 ] ] ] } },
{ "type": "Feature", "properties": { "NAME_1": "México", "NAME_2": "Axapusco" }, "geometry": { "type": "Polygon", "coordinates": [ [ [ -98.777023315429602, 19.696268081665099 ], [ -98.783348083496094, 19.697942733764801 ], [ -98.760650634765597, 19.7364902496338 ], [ -98.775329589843807, 19.808660507202099 ], [ -98.675628662109304, 19.8261203765869 ], [ -98.693000793457003, 19.783798217773501 ], [ -98.718391418457003, 19.758991241455099 ], [ -98.713386535644503, 19.743799209594801 ], [ -98.719367980957003, 19.708522796630898 ], [ -98.712196350097699, 19.703620910644499 ], [ -98.695480346679602, 19.732521057128999 ], [ -98.651489257812401, 19.7777004241944 ], [ -98.613006591796903, 19.7995109558106 ], [ -98.612350463867202, 19.7459812164307 ], [ -98.650306701660199, 19.679468154907301 ], [ -98.697456359863196, 19.683660507202301 ], [ -98.751838684082003, 19.674861907958899 ], [ -98.777023315429602, 19.696268081665099 ] ] ] } },
{ "type": "Feature", "properties": { "NAME_1": "México", "NAME_2": "Ayapango" }, "geometry": { "type": "Polygon", "coordinates": [ [ [ -98.710220336914105, 19.0838012695313 ], [ -98.769447326660199, 19.101711273193398 ], [ -98.753227233886705, 19.113040924072301 ], [ -98.763771057128906, 19.125610351562599 ], [ -98.749000549316406, 19.135339736938501 ], [ -98.760658264160199, 19.142431259155298 ], [ -98.748260498046903, 19.172349929809599 ], [ -98.728446960449205, 19.169269561767599 ], [ -98.712646484374901, 19.138441085815501 ], [ -98.697349548339801, 19.128231048583999 ], [ -98.710220336914105, 19.0838012695313 ] ] ] } },
{ "type": "Feature", "properties": { "NAME_1": "México", "NAME_2": "Calimaya" }, "geometry": { "type": "Polygon", "coordinates": [ [ [ -99.722290039062401, 19.0487594604493 ], [ -99.720932006835895, 19.071760177612401 ], [ -99.604301452636705, 19.1497898101807 ], [ -99.583206176757798, 19.1433792114257 ], [ -99.580619812011705, 19.129341125488299 ], [ -99.565162658691406, 19.115669250488398 ], [ -99.588279724120994, 19.091119766235501 ], [ -99.583419799804602, 19.073860168457099 ], [ -99.599449157714801, 19.058660507202099 ], [ -99.596817016601605, 19.046710968017699 ], [ -99.608627319335795, 19.024370193481602 ], [ -99.644065856933594, 19.0166912078857 ], [ -99.640190124511705, 18.997608184814499 ], [ -99.660346984863295, 18.966279983520501 ], [ -99.687660217285099, 18.990119934082099 ], [ -99.689422607421903, 19.007379531860501 ], [ -99.712287902832003, 19.025751113891602 ], [ -99.710716247558594, 19.0448608398438 ], [ -99.722290039062401, 19.0487594604493 ] ] ] } },
{ "type": "Feature", "properties": { "NAME_1": "México", "NAME_2": "Capulhuac" }, "geometry": { "type": "Polygon", "coordinates": [ [ [ -99.493843078613295, 19.140600204467901 ], [ -99.485710144042997, 19.153272628784201 ], [ -99.463058471679702, 19.1533508300781 ], [ -99.440193176269503, 19.164011001586999 ], [ -99.404548645019503, 19.162591934204201 ], [ -99.380355834960895, 19.1746597290038 ], [ -99.359909057617102, 19.165992736816499 ], [ -99.365173339843807, 19.151149749755898 ], [ -99.397399902343807, 19.148660659790099 ], [ -99.445831298828097, 19.108921051025501 ], [ -99.460327148437401, 19.1150302886963 ], [ -99.467720031738295, 19.1361103057862 ], [ -99.493843078613295, 19.140600204467901 ] ] ] } },
{ "type": "Feature", "properties": { "NAME_1": "México", "NAME_2": "Chalco" }, "geometry": { "type": "Polygon", "coordinates": [ [ [ -98.821243286132798, 19.203229904174801 ], [ -98.831840515136705, 19.176780700683601 ], [ -98.8302001953125, 19.145780563354599 ], [ -98.837532043457003, 19.1345500946044 ], [ -98.854881286621094, 19.133558273315501 ], [ -98.855789184570298, 19.176187515258899 ], [ -98.872245788574205, 19.245912551879901 ], [ -98.877197265625, 19.244789123535298 ], [ -98.845817565917997, 19.270240783691399 ], [ -98.754058837890597, 19.2996616363525 ], [ -98.702957153320298, 19.290430068969801 ], [ -98.6656494140625, 19.310390472412099 ], [ -98.633262634277301, 19.278470993041999 ], [ -98.650329589843807, 19.2179908752443 ], [ -98.722312927246094, 19.2128505706788 ], [ -98.771667480468693, 19.2184581756593 ], [ -98.785270690917997, 19.2123107910157 ], [ -98.822746276855497, 19.224769592285298 ], [ -98.831413269042997, 19.213172912597798 ], [ -98.821243286132798, 19.203229904174801 ] ] ] } },
{ "type": "Feature", "properties": { "NAME_1": "México", "NAME_2": "Chapa de Mota" }, "geometry": { "type": "Polygon", "coordinates": [ [ [ -99.527908325195298, 19.757001876831101 ], [ -99.546516418457003, 19.781431198120199 ], [ -99.57080078125, 19.779150009155298 ], [ -99.587608337402301, 19.786922454833999 ], [ -99.586837768554702, 19.803600311279201 ], [ -99.625007629394503, 19.836750030517699 ], [ -99.654167175292997, 19.841751098632901 ], [ -99.647628784179602, 19.908950805664201 ], [ -99.609588623046903, 19.939569473266602 ], [ -99.572738647460895, 19.9174404144288 ], [ -99.548919677734304, 19.9173393249512 ], [ -99.521392822265597, 19.906150817871101 ], [ -99.481590270995994, 19.917800903320298 ], [ -99.462760925292997, 19.942529678344801 ], [ -99.436897277832003, 19.956630706787099 ], [ -99.412307739257798, 19.938270568847699 ], [ -99.402282714843807, 19.894750595092798 ], [ -99.388801574707003, 19.884952545166101 ], [ -99.4443359375, 19.8455295562744 ], [ -99.454246520996094, 19.817150115966701 ], [ -99.443702697753807, 19.783870697021499 ], [ -99.448097229003807, 19.764591217041101 ], [ -99.492546081542898, 19.767829895019599 ], [ -99.527908325195298, 19.757001876831101 ] ] ] } },
{ "type": "Feature", "properties": { "NAME_1": "México", "NAME_2": "Chapultepec" }, "geometry": { "type": "Polygon", "coordinates": [ [ [ -99.493728637695298, 19.134849548339801 ], [ -99.498390197753906, 19.1038208007813 ], [ -99.562812805175795, 19.1132717132569 ], [ -99.571876525878807, 19.1268310546875 ], [ -99.493728637695298, 19.134849548339801 ] ] ] } },
{ "type": "Feature", "properties": { "NAME_1": "México", "NAME_2": "Chiautla" }, "geometry": { "type": "Polygon", "coordinates": [ [ [ -98.858108520507798, 19.5317497253419 ], [ -98.860671997070298, 19.5004997253419 ], [ -98.871276855468807, 19.492851257324201 ], [ -98.886695861816307, 19.5088405609131 ], [ -98.875968933105497, 19.5315895080568 ], [ -98.905197143554602, 19.543380737304702 ], [ -98.903861999511605, 19.5677795410156 ], [ -98.846481323242202, 19.567581176757798 ], [ -98.858108520507798, 19.5317497253419 ] ] ] } },
{ "type": "Feature", "properties": { "NAME_1": "México", "NAME_2": "Chicoloapan" }, "geometry": { "type": "Polygon", "coordinates": [ [ [ -98.780548095703097, 19.3489894866943 ], [ -98.802352905273395, 19.315170288086101 ], [ -98.834007263183594, 19.297460556030298 ], [ -98.839736938476605, 19.341060638427798 ], [ -98.878295898437401, 19.3431205749513 ], [ -98.862258911132798, 19.370780944824201 ], [ -98.844886779785199, 19.382801055908299 ], [ -98.809066772460795, 19.3708801269532 ], [ -98.780548095703097, 19.3489894866943 ] ] ] } },
{ "type": "Feature", "properties": { "NAME_1": "México", "NAME_2": "Chiconcuac" }, "geometry": { "type": "Polygon", "coordinates": [ [ [ -98.871276855468807, 19.492851257324201 ], [ -98.898887634277301, 19.491310119628899 ], [ -98.916549682617202, 19.516441345215 ], [ -98.920051574707003, 19.539100646972798 ], [ -98.905197143554602, 19.543380737304702 ], [ -98.875968933105497, 19.5315895080568 ], [ -98.886695861816307, 19.5088405609131 ], [ -98.871276855468807, 19.492851257324201 ] ] ] } },
{ "type": "Feature", "properties": { "NAME_1": "México", "NAME_2": "Chimalhuacán" }, "geometry": { "type": "Polygon", "coordinates": [ [ [ -98.839607238769503, 19.327060699462901 ], [ -98.877487182617202, 19.3272609710693 ], [ -98.911956787109304, 19.340969085693398 ], [ -98.914962768554702, 19.3596000671387 ], [ -98.881690979003906, 19.416530609130898 ], [ -98.847686767578097, 19.382350921630898 ], [ -98.878295898437401, 19.3431205749513 ], [ -98.845046997070298, 19.3456726074219 ], [ -98.839607238769503, 19.327060699462901 ] ] ] } },
{ "type": "Feature", "properties": { "NAME_1": "México", "NAME_2": "Coacalco de Berriozábal" }, "geometry": { "type": "Polygon", "coordinates": [ [ [ -99.004470825195298, 19.6037502288819 ], [ -99.023635864257798, 19.585710525512798 ], [ -99.049011230468594, 19.537321090698299 ], [ -99.073921203613295, 19.523300170898601 ], [ -99.078361511230398, 19.534120559692401 ], [ -99.064140319824205, 19.588930130005 ], [ -99.009712219238196, 19.6191005706788 ], [ -99.004470825195298, 19.6037502288819 ] ] ] } },
{ "type": "Feature", "properties": { "NAME_1": "México", "NAME_2": "Coatepec Harinas" }, "geometry": { "type": "Polygon", "coordinates": [ [ [ -99.881408691406193, 18.816780090332099 ], [ -99.883140563964801, 18.838199615478601 ], [ -99.847785949707003, 18.877750396728601 ], [ -99.852760314941307, 18.900318145751999 ], [ -99.835441589355497, 18.925399780273398 ], [ -99.827171325683594, 18.9286098480225 ], [ -99.812522888183494, 18.907850265503001 ], [ -99.812110900878807, 18.934110641479499 ], [ -99.799880981445298, 18.952512741088899 ], [ -99.777542114257798, 18.973659515381001 ], [ -99.761711120605497, 18.9717826843263 ], [ -99.745246887207003, 18.896360397338899 ], [ -99.725486755371094, 18.861509323120199 ], [ -99.747779846191406, 18.852920532226602 ], [ -99.713546752929702, 18.8173103332519 ], [ -99.720397949218594, 18.782560348510799 ], [ -99.741958618164105, 18.780479431152301 ], [ -99.751800537109403, 18.763940811157301 ], [ -99.784912109375, 18.764970779419102 ], [ -99.801910400390597, 18.7863998413087 ], [ -99.810981750488196, 18.816730499267699 ], [ -99.842651367187401, 18.825710296630799 ], [ -99.871467590332003, 18.813550949096602 ], [ -99.881408691406193, 18.816780090332099 ] ] ] } },
{ "type": "Feature", "properties": { "NAME_1": "México", "NAME_2": "Cocotitlán" }, "geometry": { "type": "Polygon", "coordinates": [ [ [ -98.760658264160199, 19.142431259155298 ], [ -98.7786865234375, 19.157100677490298 ], [ -98.798950195312401, 19.193029403686602 ], [ -98.830436706542997, 19.210630416870199 ], [ -98.825675964355497, 19.223619461059599 ], [ -98.796058654785199, 19.2193412780763 ], [ -98.763938903808494, 19.195920944213999 ], [ -98.748260498046903, 19.172349929809599 ], [ -98.760658264160199, 19.142431259155298 ] ] ] } },
{ "type": "Feature", "properties": { "NAME_1": "México", "NAME_2": "Coyotepec" }, "geometry": { "type": "Polygon", "coordinates": [ [ [ -99.104728698730497, 19.739059448242202 ], [ -99.152526855468807, 19.728000640869201 ], [ -99.171516418457003, 19.699550628662202 ], [ -99.1949462890625, 19.705900192260799 ], [ -99.201622009277301, 19.715391159057599 ], [ -99.181892395019503, 19.777040481567301 ], [ -99.100440979003906, 19.7712211608887 ], [ -99.078552246093693, 19.747951507568398 ], [ -99.104728698730497, 19.739059448242202 ] ] ] } },
{ "type": "Feature", "properties": { "NAME_1": "México", "NAME_2": "Cuautitlán" }, "geometry": { "type": "Polygon", "coordinates": [ [ [ -99.113647460937401, 19.619358062744102 ], [ -99.125892639160199, 19.6149406433107 ], [ -99.135238647460895, 19.568601608276399 ], [ -99.160636901855497, 19.5712699890138 ], [ -99.160118103027301, 19.5996112823487 ], [ -99.129981994628906, 19.649480819702301 ], [ -99.126350402832003, 19.6720504760743 ], [ -99.133392333984304, 19.6798400878907 ], [ -99.124481201171903, 19.7012710571288 ], [ -99.093811035156193, 19.693140029907202 ], [ -99.106536865234403, 19.6638412475587 ], [ -99.102867126464801, 19.635072708129901 ], [ -99.113647460937401, 19.619358062744102 ] ] ] } },
{ "type": "Feature", "properties": { "NAME_1": "México", "NAME_2": "Cuautitlán Izcalli" }, "geometry": { "type": "Polygon", "coordinates": [ [ [ -99.225936889648395, 19.5512199401857 ], [ -99.223152160644403, 19.565280914306701 ], [ -99.184272766113295, 19.576099395751999 ], [ -99.188285827636705, 19.5878791809081 ], [ -99.216842651367102, 19.596847534179702 ], [ -99.223526000976506, 19.6149806976319 ], [ -99.180976867675696, 19.628078460693501 ], [ -99.142059326171804, 19.680709838867202 ], [ -99.140060424804602, 19.6945095062257 ], [ -99.124481201171903, 19.7012710571288 ], [ -99.133392333984304, 19.6798400878907 ], [ -99.126350402832003, 19.6720504760743 ], [ -99.131278991699205, 19.644861221313398 ], [ -99.157447814941406, 19.605609893798899 ], [ -99.162048339843807, 19.5818691253662 ], [ -99.160636901855497, 19.5712699890138 ], [ -99.126029968261705, 19.567260742187599 ], [ -99.124328613281193, 19.556900024414102 ], [ -99.141456604003906, 19.542549133300898 ], [ -99.160469055175696, 19.545240402221701 ], [ -99.168006896972599, 19.5576496124269 ], [ -99.204795837402301, 19.5358695983887 ], [ -99.225936889648395, 19.5512199401857 ] ] ] } },
{ "type": "Feature", "properties": { "NAME_1": "México", "NAME_2": "Donato Guerra" }, "geometry": { "type": "Polygon", "coordinates": [ [ [ -100.168647766112997, 19.2180404663087 ], [ -100.162483215332003, 19.256048202514599 ], [ -100.168800354004006, 19.264440536498999 ], [ -100.219848632812003, 19.282619476318398 ], [ -100.25382232666, 19.3105907440187 ], [ -100.294830322265994, 19.3096103668213 ], [ -100.291160583495994, 19.333560943603601 ], [ -100.261047363280994, 19.3890094757081 ], [ -100.247550964355, 19.4056606292725 ], [ -100.221160888672003, 19.409990310668999 ], [ -100.213722229004006, 19.421239852905298 ], [ -100.190727233887003, 19.4061508178712 ], [ -100.170608520507997, 19.367500305175799 ], [ -100.181221008300994, 19.3369026184082 ], [ -100.182083129882997, 19.312091827392599 ], [ -100.174942016602003, 19.3037204742432 ], [ -100.144439697265994, 19.297969818115199 ], [ -100.105369567870994, 19.3383197784425 ], [ -100.049377441405994, 19.3519382476807 ], [ -100.038650512695, 19.348230361938601 ], [ -100.031059265137003, 19.3242702484131 ], [ -99.993896484374901, 19.302629470825298 ], [ -99.981880187988196, 19.286140441894599 ], [ -99.984336853027301, 19.262580871581999 ], [ -100.010322570800994, 19.2517108917237 ], [ -100.041473388672003, 19.175582885742301 ], [ -100.070091247559006, 19.190860748291101 ], [ -100.073860168457003, 19.2139797210694 ], [ -100.120239257812003, 19.253480911254801 ], [ -100.139991760254006, 19.2287406921387 ], [ -100.168647766112997, 19.2180404663087 ] ] ] } },
{ "type": "Feature", "properties": { "NAME_1": "México", "NAME_2": "Ecatepec de Morelos" }, "geometry": { "type": "Polygon", "coordinates": [ [ [ -98.961128234863295, 19.450439453125099 ], [ -98.980873107910199, 19.428697586059599 ], [ -98.998176574707003, 19.4351406097413 ], [ -99.011436462402202, 19.452682495117202 ], [ -99.032707214355497, 19.444150924682599 ], [ -99.040786743164006, 19.456369400024499 ], [ -99.020317077636705, 19.5071506500244 ], [ -99.073516845703097, 19.515100479126001 ], [ -99.073921203613295, 19.523300170898601 ], [ -99.049011230468594, 19.537321090698299 ], [ -99.023635864257798, 19.585710525512798 ], [ -99.001441955566406, 19.6060695648193 ], [ -98.962646484375, 19.603170394897599 ], [ -98.966018676757798, 19.558801651001101 ], [ -98.947090148925795, 19.520429611206101 ], [ -98.964317321777301, 19.487270355224702 ], [ -98.961128234863295, 19.450439453125099 ] ] ] } },
{ "type": "Feature", "properties": { "NAME_1": "México", "NAME_2": "Ecatzingo" }, "geometry": { "type": "Polygon", "coordinates": [ [ [ -98.546577453613295, 19.0288696289063 ], [ -98.592628479003906, 19.0160617828369 ], [ -98.679237365722599, 18.944650650024499 ], [ -98.723320007324205, 18.9593811035156 ], [ -98.658462524414006, 19.004919052123999 ], [ -98.637931823730497, 19.038312911987401 ], [ -98.607086181640597, 19.035709381103501 ], [ -98.578460693359304, 19.045570373535199 ], [ -98.544197082519503, 19.038480758666999 ], [ -98.546577453613295, 19.0288696289063 ] ] ] } },
{ "type": "Feature", "properties": { "NAME_1": "México", "NAME_2": "El Oro" }, "geometry": { "type": "Polygon", "coordinates": [ [ [ -100.161712646484006, 19.7475605010987 ], [ -100.146865844727003, 19.833482742309702 ], [ -100.103286743164006, 19.888170242309599 ], [ -100.075630187987997, 19.867710113525401 ], [ -100.026412963867003, 19.861089706420898 ], [ -100.022659301757997, 19.842542648315501 ], [ -99.972816467285099, 19.827640533447202 ], [ -99.953590393066406, 19.829299926757798 ], [ -99.960922241210895, 19.7889194488525 ], [ -100.024436950684006, 19.779279708862301 ], [ -100.028869628905994, 19.761249542236399 ], [ -100.042770385742003, 19.763240814208999 ], [ -100.058868408202997, 19.782922744751101 ], [ -100.073661804199006, 19.7830104827882 ], [ -100.081726074219006, 19.772140502929702 ], [ -100.067657470702997, 19.759849548339801 ], [ -100.071250915527003, 19.754280090332099 ], [ -100.090553283690994, 19.756599426269499 ], [ -100.10489654541, 19.768390655517599 ], [ -100.124298095702997, 19.748371124267599 ], [ -100.161712646484006, 19.7475605010987 ] ] ] } },
{ "type": "Feature", "properties": { "NAME_1": "México", "NAME_2": "Huehuetoca" }, "geometry": { "type": "Polygon", "coordinates": [ [ [ -99.201622009277301, 19.715391159057599 ], [ -99.238746643066406, 19.680641174316499 ], [ -99.262725830078097, 19.691789627075099 ], [ -99.297256469726605, 19.6869201660157 ], [ -99.321617126464801, 19.744720458984499 ], [ -99.300582885742102, 19.7924709320069 ], [ -99.302818298339801, 19.845251083373999 ], [ -99.219421386718693, 19.805231094360501 ], [ -99.186500549316307, 19.844461441040099 ], [ -99.138313293457003, 19.822000503540199 ], [ -99.099006652832003, 19.781919479370099 ], [ -99.102478027343693, 19.769201278686602 ], [ -99.181892395019503, 19.777040481567301 ], [ -99.201622009277301, 19.715391159057599 ] ] ] } },
{ "type": "Feature", "properties": { "NAME_1": "México", "NAME_2": "Hueypoxtla" }, "geometry": { "type": "Polygon", "coordinates": [ [ [ -98.905456542968693, 19.855802536010799 ], [ -98.952140808105497, 19.846178054809599 ], [ -98.982910156249901, 19.826339721679801 ], [ -98.984786987304702, 19.805698394775298 ], [ -99.034507751464801, 19.785659790039102 ], [ -99.032012939453097, 19.8457126617431 ], [ -99.044113159179602, 19.8602409362794 ], [ -99.011756896972699, 19.944410324096602 ], [ -99.038490295410099, 19.965429306030298 ], [ -99.022689819335795, 19.989692687988299 ], [ -99.021087646484403, 20.014930725097699 ], [ -98.955963134765597, 20.052249908447301 ], [ -98.892662048339801, 20.070619583129901 ], [ -98.874221801757798, 20.054319381713899 ], [ -98.863777160644503, 20.015520095825199 ], [ -98.871856689453097, 19.973182678222699 ], [ -98.893539428710895, 19.939140319824201 ], [ -98.903106689453097, 19.9056205749513 ], [ -98.905456542968693, 19.855802536010799 ] ] ] } },
{ "type": "Feature", "properties": { "NAME_1": "México", "NAME_2": "Huixquilucan" }, "geometry": { "type": "Polygon", "coordinates": [ [ [ -99.376663208007798, 19.247419357299901 ], [ -99.371498107910199, 19.2747917175294 ], [ -99.390083312988295, 19.292682647705099 ], [ -99.364875793457003, 19.359741210937599 ], [ -99.323371887207003, 19.374639511108501 ], [ -99.261093139648395, 19.365270614624102 ], [ -99.229629516601506, 19.3796997070312 ], [ -99.202148437499901, 19.366430282592901 ], [ -99.303672790527301, 19.2947101593018 ], [ -99.321510314941406, 19.275180816650401 ], [ -99.326271057128906, 19.2475910186768 ], [ -99.376663208007798, 19.247419357299901 ] ] ] } },
{ "type": "Feature", "properties": { "NAME_1": "México", "NAME_2": "Isidro Fabela" }, "geometry": { "type": "Polygon", "coordinates": [ [ [ -99.443572998046903, 19.457860946655298 ], [ -99.440628051757798, 19.4799003601075 ], [ -99.466247558593807, 19.494470596313501 ], [ -99.467391967773395, 19.525489807128999 ], [ -99.447906494140597, 19.517961502075298 ], [ -99.298248291015597, 19.5407829284668 ], [ -99.282447814941307, 19.5293502807618 ], [ -99.276641845703097, 19.5100402832032 ], [ -99.321685791015597, 19.478540420532202 ], [ -99.332801818847599, 19.4840202331544 ], [ -99.322807312011705, 19.504310607910199 ], [ -99.349739074707003, 19.507160186767699 ], [ -99.405342102050795, 19.488388061523601 ], [ -99.429733276367202, 19.4586200714112 ], [ -99.443572998046903, 19.457860946655298 ] ] ] } },
{ "type": "Feature", "properties": { "NAME_1": "México", "NAME_2": "Ixtapaluca" }, "geometry": { "type": "Polygon", "coordinates": [ [ [ -98.905197143554602, 19.266189575195401 ], [ -98.802352905273395, 19.315170288086101 ], [ -98.780548095703097, 19.3489894866943 ], [ -98.730682373046903, 19.3773498535157 ], [ -98.593688964843807, 19.3418407440187 ], [ -98.631172180175696, 19.315309524536101 ], [ -98.651939392089801, 19.307010650634801 ], [ -98.668388366699205, 19.3101100921631 ], [ -98.697250366210895, 19.2919006347657 ], [ -98.754058837890597, 19.2996616363525 ], [ -98.831329345703097, 19.277479171752901 ], [ -98.895980834960895, 19.230461120605501 ], [ -98.905632019042997, 19.2447700500488 ], [ -98.905197143554602, 19.266189575195401 ] ] ] } },
{ "type": "Feature", "properties": { "NAME_1": "México", "NAME_2": "Ixtapan de la Sal" }, "geometry": { "type": "Polygon", "coordinates": [ [ [ -99.565536499023395, 18.7659206390381 ], [ -99.646316528320298, 18.764490127563501 ], [ -99.655998229980398, 18.749309539795 ], [ -99.658226013183594, 18.7186698913575 ], [ -99.68017578125, 18.707201004028398 ], [ -99.743713378906193, 18.779090881347699 ], [ -99.720397949218594, 18.782560348510799 ], [ -99.713546752929702, 18.8173103332519 ], [ -99.688377380371094, 18.841079711914102 ], [ -99.637557983398395, 18.842670440673899 ], [ -99.600280761718807, 18.824829101562599 ], [ -99.564826965332003, 18.783220291137798 ], [ -99.565536499023395, 18.7659206390381 ] ] ] } },
{ "type": "Feature", "properties": { "NAME_1": "México", "NAME_2": "Ixtapan del Oro" }, "geometry": { "type": "Polygon", "coordinates": [ [ [ -100.328491210937997, 19.187290191650501 ], [ -100.284637451172003, 19.278049468994201 ], [ -100.294250488280994, 19.3077507019043 ], [ -100.250877380370994, 19.309448242187599 ], [ -100.219848632812003, 19.282619476318398 ], [ -100.18000793457, 19.270490646362401 ], [ -100.162483215332003, 19.256048202514599 ], [ -100.168647766112997, 19.2180404663087 ], [ -100.205986022949006, 19.194139480590898 ], [ -100.219223022460994, 19.203609466552699 ], [ -100.267219543457003, 19.2128200531006 ], [ -100.303779602050994, 19.1811199188232 ], [ -100.328491210937997, 19.187290191650501 ] ] ] } },
{ "type": "Feature", "properties": { "NAME_1": "México", "NAME_2": "Ixtlahuaca" }, "geometry": { "type": "Polygon", "coordinates": [ [ [ -99.871887207031193, 19.486070632934599 ], [ -99.888092041015597, 19.510780334472699 ], [ -99.888542175292997, 19.527572631835898 ], [ -99.855209350585895, 19.5658283233643 ], [ -99.856185913085895, 19.593421936035199 ], [ -99.838996887207003, 19.621730804443398 ], [ -99.855895996093693, 19.704900741577099 ], [ -99.898712158203097, 19.739019393920898 ], [ -99.895767211914006, 19.752088546753001 ], [ -99.872009277343693, 19.760971069335898 ], [ -99.859199523925795, 19.7548503875732 ], [ -99.852569580078097, 19.74001121521 ], [ -99.820960998535199, 19.742509841919102 ], [ -99.799797058105497, 19.726419448852599 ], [ -99.728919982910199, 19.6043510437012 ], [ -99.686599731445298, 19.628000259399499 ], [ -99.675216674804702, 19.615350723266602 ], [ -99.667655944824205, 19.581640243530199 ], [ -99.681221008300795, 19.536769866943299 ], [ -99.669097900390597, 19.4628009796143 ], [ -99.676101684570298, 19.415180206298899 ], [ -99.699195861816307, 19.4215908050538 ], [ -99.715126037597599, 19.450529098510799 ], [ -99.738471984863295, 19.459751129150401 ], [ -99.743766784667997, 19.487310409546001 ], [ -99.821166992187401, 19.503360748291101 ], [ -99.842826843261705, 19.5019207000732 ], [ -99.855857849121094, 19.482519149780298 ], [ -99.871887207031193, 19.486070632934599 ] ] ] } },
{ "type": "Feature", "properties": { "NAME_1": "México", "NAME_2": "Jalatlaco" }, "geometry": { "type": "Polygon", "coordinates": [ [ [ -99.240348815917997, 19.093790054321399 ], [ -99.320610046386705, 19.049829483032202 ], [ -99.342903137207003, 19.060560226440401 ], [ -99.365936279296903, 19.057031631469702 ], [ -99.387786865234403, 19.082269668579201 ], [ -99.417762756347599, 19.0712909698487 ], [ -99.429939270019503, 19.082201004028299 ], [ -99.387466430664006, 19.130119323730501 ], [ -99.3583984375, 19.138330459594702 ], [ -99.330612182617102, 19.132299423217798 ], [ -99.282676696777301, 19.161071777343899 ], [ -99.240348815917997, 19.093790054321399 ] ] ] } },
{ "type": "Feature", "properties": { "NAME_1": "México", "NAME_2": "Jaltenco" }, "geometry": { "type": "GeometryCollection", "geometries": [ { "type": "Polygon", "coordinates": [ [ [ -99.044181823730497, 19.6857299804688 ], [ -99.060707092285099, 19.656869888305799 ], [ -99.070213317871094, 19.657529830932699 ], [ -99.074447631835895, 19.687919616699201 ], [ -99.044181823730497, 19.6857299804688 ] ] ] }, { "type": "Polygon", "coordinates": [ [ [ -99.013366699218807, 19.615419387817401 ], [ -99.030021667480398, 19.6314296722412 ], [ -99.018630981445298, 19.648290634155298 ], [ -98.977462768554602, 19.639890670776399 ], [ -99.013366699218807, 19.615419387817401 ] ] ] } ] } },
{ "type": "Feature", "properties": { "NAME_1": "México", "NAME_2": "Jilotepec" }, "geometry": { "type": "Polygon", "coordinates": [ [ [ -99.713783264160099, 19.9985885620118 ], [ -99.717033386230398, 20.012329101562599 ], [ -99.702270507812401, 20.022581100463999 ], [ -99.698867797851605, 20.035049438476701 ], [ -99.704811096191406, 20.0406703948975 ], [ -99.699897766113295, 20.061170578002901 ], [ -99.713546752929702, 20.0960998535156 ], [ -99.696350097656193, 20.124771118164102 ], [ -99.716560363769503, 20.135540008544901 ], [ -99.716766357421804, 20.1709003448487 ], [ -99.707000732421903, 20.191770553588999 ], [ -99.701240539550795, 20.196840286255 ], [ -99.610893249511705, 20.179679870605501 ], [ -99.559127807617102, 20.178369522094702 ], [ -99.524696350097599, 20.172338485717699 ], [ -99.519302368164105, 20.150579452514801 ], [ -99.498542785644503, 20.145822525024499 ], [ -99.490486145019503, 20.128738403320298 ], [ -99.593566894531193, 20.086860656738299 ], [ -99.569190979003906, 20.056770324707099 ], [ -99.567565917968807, 20.0118618011475 ], [ -99.522277832031193, 19.9935703277588 ], [ -99.459808349609403, 19.995630264282202 ], [ -99.453826904296804, 19.970529556274499 ], [ -99.436897277832003, 19.956630706787099 ], [ -99.462760925292997, 19.942529678344801 ], [ -99.481590270995994, 19.917800903320298 ], [ -99.532226562499901, 19.906999588012699 ], [ -99.548919677734304, 19.9173393249512 ], [ -99.572738647460895, 19.9174404144288 ], [ -99.670959472656193, 19.977270126342798 ], [ -99.720428466796903, 19.981019973754901 ], [ -99.713783264160099, 19.9985885620118 ] ] ] } },
{ "type": "Feature", "properties": { "NAME_1": "México", "NAME_2": "Jilotzingo" }, "geometry": { "type": "Polygon", "coordinates": [ [ [ -99.294441223144503, 19.433481216430799 ], [ -99.323020935058594, 19.437320709228601 ], [ -99.350486755371094, 19.456211090087901 ], [ -99.407417297363295, 19.439250946045 ], [ -99.423156738281193, 19.466688156127901 ], [ -99.405342102050795, 19.488388061523601 ], [ -99.349739074707003, 19.507160186767699 ], [ -99.325782775878906, 19.506139755248999 ], [ -99.33056640625, 19.479190826416001 ], [ -99.290847778320298, 19.494552612304702 ], [ -99.280822753906193, 19.469240188598601 ], [ -99.294441223144503, 19.433481216430799 ] ] ] } },
{ "type": "Feature", "properties": { "NAME_1": "México", "NAME_2": "Jiquipilco" }, "geometry": { "type": "Polygon", "coordinates": [ [ [ -99.454910278320298, 19.573932647705199 ], [ -99.470359802246094, 19.534971237182599 ], [ -99.491127014160099, 19.547019958496101 ], [ -99.516716003417997, 19.5467128753663 ], [ -99.545936584472599, 19.493061065673899 ], [ -99.576705932617202, 19.487810134887798 ], [ -99.595626831054602, 19.509029388427798 ], [ -99.614387512207003, 19.513771057128999 ], [ -99.627456665039105, 19.5413608551025 ], [ -99.669906616210895, 19.527921676635799 ], [ -99.679817199707003, 19.5343208312988 ], [ -99.667922973632798, 19.588981628418001 ], [ -99.683326721191406, 19.627479553222699 ], [ -99.641555786132798, 19.6703605651856 ], [ -99.602310180664006, 19.643461227416999 ], [ -99.568077087402301, 19.6308708190919 ], [ -99.539093017578097, 19.6301994323732 ], [ -99.524650573730497, 19.652561187744102 ], [ -99.500961303710895, 19.6368503570556 ], [ -99.484275817871094, 19.5865802764893 ], [ -99.454910278320298, 19.573932647705199 ] ] ] } },
{ "type": "Feature", "properties": { "NAME_1": "México", "NAME_2": "Jocotitlán" }, "geometry": { "type": "Polygon", "coordinates": [ [ [ -99.703117370605398, 19.780572891235401 ], [ -99.673316955566406, 19.772001266479499 ], [ -99.6610107421875, 19.7595310211182 ], [ -99.652091979980398, 19.7282104492188 ], [ -99.657119750976605, 19.6875228881837 ], [ -99.641555786132798, 19.6703605651856 ], [ -99.683326721191406, 19.627479553222699 ], [ -99.728919982910199, 19.6043510437012 ], [ -99.774017333984403, 19.690902709961001 ], [ -99.809303283691406, 19.736059188842798 ], [ -99.820960998535199, 19.742509841919102 ], [ -99.852569580078097, 19.74001121521 ], [ -99.863212585449205, 19.758680343627901 ], [ -99.877746582031193, 19.7606201171875 ], [ -99.879936218261705, 19.779911041259901 ], [ -99.889945983886705, 19.788141250610401 ], [ -99.9427490234375, 19.7719612121582 ], [ -99.949462890624901, 19.781080245971701 ], [ -99.945953369140597, 19.794900894165099 ], [ -99.957458496093693, 19.801090240478601 ], [ -99.957069396972599, 19.8171195983888 ], [ -99.953590393066406, 19.829299926757798 ], [ -99.936729431152301, 19.816860198974702 ], [ -99.874313354492102, 19.813190460205099 ], [ -99.873146057128807, 19.792919158935501 ], [ -99.850059509277301, 19.790750503540199 ], [ -99.843727111816406, 19.776309967041101 ], [ -99.798416137695298, 19.757511138916001 ], [ -99.753791809082003, 19.7684726715088 ], [ -99.721740722656193, 19.761842727661101 ], [ -99.703117370605398, 19.780572891235401 ] ] ] } },
{ "type": "Feature", "properties": { "NAME_1": "México", "NAME_2": "Joquicingo" }, "geometry": { "type": "Polygon", "coordinates": [ [ [ -99.463661193847599, 18.8897495269775 ], [ -99.4635009765625, 18.912031173706101 ], [ -99.499038696289006, 18.898412704467901 ], [ -99.535301208496094, 18.904060363769499 ], [ -99.507949829101605, 18.937690734863299 ], [ -99.523101806640597, 18.999650955200199 ], [ -99.513160705566307, 19.012308120727599 ], [ -99.512016296386705, 19.0301208496094 ], [ -99.490768432617202, 19.032642364502099 ], [ -99.486518859863295, 19.020200729370199 ], [ -99.423576354980497, 18.975112915039201 ], [ -99.425697326660099, 18.9517612457275 ], [ -99.445770263671903, 18.946992874145501 ], [ -99.436050415039105, 18.9190998077394 ], [ -99.451232910156193, 18.8820705413818 ], [ -99.463661193847599, 18.8897495269775 ] ] ] } },
{ "type": "Feature", "properties": { "NAME_1": "México", "NAME_2": "Juchitepec" }, "geometry": { "type": "Polygon", "coordinates": [ [ [ -98.7275390625, 19.060012817382901 ], [ -98.784408569335895, 19.035892486572202 ], [ -98.825988769531193, 19.040201187133899 ], [ -98.865379333496094, 19.071191787719702 ], [ -98.873092651367202, 19.1026706695557 ], [ -98.857933044433594, 19.125270843505898 ], [ -98.847839355468807, 19.1079502105712 ], [ -98.815841674804702, 19.0984210968018 ], [ -98.787216186523395, 19.104030609130898 ], [ -98.727996826171804, 19.092330932617202 ], [ -98.712371826171903, 19.0811882019044 ], [ -98.7275390625, 19.060012817382901 ] ] ] } },
{ "type": "Feature", "properties": { "NAME_1": "México", "NAME_2": "La Paz" }, "geometry": { "type": "Polygon", "coordinates": [ [ [ -98.905197143554602, 19.266189575195401 ], [ -98.908622741699205, 19.286590576171999 ], [ -98.942962646484304, 19.311941146850501 ], [ -98.908027648925696, 19.336990356445298 ], [ -98.836135864257798, 19.324979782104499 ], [ -98.832168579101605, 19.302270889282301 ], [ -98.8380126953125, 19.293729782104499 ], [ -98.905197143554602, 19.266189575195401 ] ] ] } },
{ "type": "Feature", "properties": { "NAME_1": "México", "NAME_2": "Lerma" }, "geometry": { "type": "Polygon", "coordinates": [ [ [ -99.376663208007798, 19.247419357299901 ], [ -99.403343200683594, 19.2328491210938 ], [ -99.455757141113295, 19.223028182983501 ], [ -99.451232910156193, 19.1591396331788 ], [ -99.4835205078125, 19.154199600219801 ], [ -99.482856750488295, 19.226890563965 ], [ -99.528762817382798, 19.299940109252901 ], [ -99.500717163085895, 19.311119079589901 ], [ -99.496391296386705, 19.340579986572301 ], [ -99.468070983886705, 19.3314418792725 ], [ -99.459991455078097, 19.3597602844238 ], [ -99.370346069335895, 19.362249374389801 ], [ -99.366043090820298, 19.3549003601075 ], [ -99.390083312988295, 19.292682647705099 ], [ -99.371498107910199, 19.2747917175294 ], [ -99.376663208007798, 19.247419357299901 ] ] ] } },
{ "type": "Feature", "properties": { "NAME_1": "México", "NAME_2": "Malinalco" }, "geometry": { "type": "Polygon", "coordinates": [ [ [ -99.392410278320298, 18.7718505859375 ], [ -99.448310852050696, 18.717002868652401 ], [ -99.459846496582003, 18.736150741577099 ], [ -99.481666564941307, 18.745531082153398 ], [ -99.487808227539105, 18.8058986663819 ], [ -99.509216308593807, 18.8206996917725 ], [ -99.501976013183494, 18.835020065307699 ], [ -99.474792480468693, 18.845220565795799 ], [ -99.484771728515597, 18.851898193359499 ], [ -99.480697631835895, 18.868040084838899 ], [ -99.488311767578097, 18.884540557861399 ], [ -99.463661193847599, 18.8897495269775 ], [ -99.451232910156193, 18.8820705413818 ], [ -99.435661315917997, 18.835891723632901 ], [ -99.409973144531193, 18.838729858398601 ], [ -99.420196533203097, 18.8002605438232 ], [ -99.392410278320298, 18.7718505859375 ] ] ] } },
{ "type": "Feature", "properties": { "NAME_1": "México", "NAME_2": "Melchor Ocampo" }, "geometry": { "type": "Polygon", "coordinates": [ [ [ -99.070213317871094, 19.657529830932699 ], [ -99.102867126464801, 19.635072708129901 ], [ -99.106536865234403, 19.6638412475587 ], [ -99.087196350097699, 19.698001861572301 ], [ -99.074447631835895, 19.687919616699201 ], [ -99.070213317871094, 19.657529830932699 ] ] ] } },
{ "type": "Feature", "properties": { "NAME_1": "México", "NAME_2": "Metepec" }, "geometry": { "type": "Polygon", "coordinates": [ [ [ -99.493843078613295, 19.140600204467901 ], [ -99.527137756347699, 19.149480819702099 ], [ -99.583206176757798, 19.1433792114257 ], [ -99.604301452636705, 19.1497898101807 ], [ -99.585243225097599, 19.178831100463899 ], [ -99.568687438964801, 19.186229705810501 ], [ -99.564117431640597, 19.202577590942401 ], [ -99.550636291503807, 19.204450607299901 ], [ -99.532638549804702, 19.1856002807618 ], [ -99.512756347656193, 19.181028366088899 ], [ -99.504966735839801, 19.157119750976602 ], [ -99.485710144042997, 19.153272628784201 ], [ -99.493843078613295, 19.140600204467901 ] ] ] } },
{ "type": "Feature", "properties": { "NAME_1": "México", "NAME_2": "Mexicaltzingo" }, "geometry": { "type": "Polygon", "coordinates": [ [ [ -99.571876525878807, 19.1268310546875 ], [ -99.580619812011705, 19.129341125488299 ], [ -99.581428527832003, 19.144758224487401 ], [ -99.527137756347699, 19.149480819702099 ], [ -99.493209838867102, 19.137620925903398 ], [ -99.571876525878807, 19.1268310546875 ] ] ] } },
{ "type": "Feature", "properties": { "NAME_1": "México", "NAME_2": "Morelos" }, "geometry": { "type": "Polygon", "coordinates": [ [ [ -99.703117370605398, 19.780572891235401 ], [ -99.700508117675795, 19.798120498657301 ], [ -99.716888427734403, 19.830659866333001 ], [ -99.704002380371094, 19.843250274658299 ], [ -99.680587768554702, 19.835180282592798 ], [ -99.628440856933494, 19.8384094238281 ], [ -99.586837768554702, 19.803600311279201 ], [ -99.584556579589801, 19.784641265869201 ], [ -99.542518615722599, 19.778940200805799 ], [ -99.527908325195298, 19.757001876831101 ], [ -99.544380187988295, 19.7193412780762 ], [ -99.559158325195298, 19.709091186523398 ], [ -99.588783264160099, 19.7146911621094 ], [ -99.617835998535199, 19.687200546264702 ], [ -99.611091613769503, 19.678308486938501 ], [ -99.584503173828097, 19.685260772705099 ], [ -99.546546936035199, 19.671249389648501 ], [ -99.524650573730497, 19.652561187744102 ], [ -99.539093017578097, 19.6301994323732 ], [ -99.596397399902301, 19.640720367431602 ], [ -99.652336120605497, 19.6791400909425 ], [ -99.652091979980398, 19.7282104492188 ], [ -99.6610107421875, 19.7595310211182 ], [ -99.673316955566406, 19.772001266479499 ], [ -99.703117370605398, 19.780572891235401 ] ] ] } },
{ "type": "Feature", "properties": { "NAME_1": "México", "NAME_2": "Naucalpan de Juárez" }, "geometry": { "type": "Polygon", "coordinates": [ [ [ -99.202148437499901, 19.366430282592901 ], [ -99.229629516601506, 19.3796997070312 ], [ -99.261093139648395, 19.365270614624102 ], [ -99.323371887207003, 19.374639511108501 ], [ -99.364875793457003, 19.359741210937599 ], [ -99.364891052246094, 19.388999938965 ], [ -99.355216979980398, 19.411609649658299 ], [ -99.371482849121094, 19.417539596557699 ], [ -99.372009277343693, 19.437120437622202 ], [ -99.391456604003807, 19.4445610046387 ], [ -99.347221374511705, 19.4557209014893 ], [ -99.323020935058594, 19.437320709228601 ], [ -99.289382934570298, 19.428428649902401 ], [ -99.239952087402301, 19.4663906097413 ], [ -99.224220275878906, 19.465541839599702 ], [ -99.226463317870994, 19.450559616088999 ], [ -99.200851440429702, 19.446990966796999 ], [ -99.180107116699205, 19.4339294433594 ], [ -99.202148437499901, 19.366430282592901 ] ] ] } },
{ "type": "Feature", "properties": { "NAME_1": "México", "NAME_2": "Nextlalpan" }, "geometry": { "type": "Polygon", "coordinates": [ [ [ -99.028701782226605, 19.6355800628663 ], [ -99.037437438964801, 19.644750595092901 ], [ -99.047752380370994, 19.637800216674901 ], [ -99.060119628906193, 19.650188446045 ], [ -99.044181823730497, 19.6857299804688 ], [ -99.031005859375, 19.680240631103501 ], [ -99.018630981445298, 19.648290634155298 ], [ -99.028701782226605, 19.6355800628663 ] ] ] } },
{ "type": "Feature", "properties": { "NAME_1": "México", "NAME_2": "Nezahualcóyotl" }, "geometry": { "type": "Polygon", "coordinates": [ [ [ -99.000839233398395, 19.3749809265138 ], [ -99.032707214355497, 19.444150924682599 ], [ -99.011436462402202, 19.452682495117202 ], [ -98.998176574707003, 19.4351406097413 ], [ -98.980873107910199, 19.428697586059599 ], [ -98.961128234863295, 19.450439453125099 ], [ -98.939292907714801, 19.4010200500488 ], [ -98.941368103027301, 19.390220642089801 ], [ -98.970382690429702, 19.368448257446399 ], [ -98.921577453613196, 19.3686828613281 ], [ -98.908027648925696, 19.336990356445298 ], [ -98.942962646484304, 19.311941146850501 ], [ -98.981712341308594, 19.3366107940675 ], [ -99.000839233398395, 19.3749809265138 ] ] ] } },
{ "type": "Feature", "properties": { "NAME_1": "México", "NAME_2": "Nicolás Romero" }, "geometry": { "type": "Polygon", "coordinates": [ [ [ -99.467391967773395, 19.525489807128999 ], [ -99.470359802246094, 19.534971237182599 ], [ -99.437980651855398, 19.629150390625099 ], [ -99.407127380371094, 19.668340682983501 ], [ -99.385780334472699, 19.672590255737401 ], [ -99.377037048339801, 19.685981750488398 ], [ -99.356536865234304, 19.647260665893601 ], [ -99.293907165527301, 19.586481094360501 ], [ -99.274940490722699, 19.585718154907301 ], [ -99.223747253417997, 19.6102828979493 ], [ -99.203079223632798, 19.590459823608398 ], [ -99.215637207031193, 19.5779418945313 ], [ -99.198577880859403, 19.572980880737401 ], [ -99.223152160644403, 19.565280914306701 ], [ -99.225936889648395, 19.5512199401857 ], [ -99.237548828124901, 19.549800872802699 ], [ -99.251663208007798, 19.526250839233501 ], [ -99.276641845703097, 19.5100402832032 ], [ -99.286087036132798, 19.536010742187599 ], [ -99.295989990234304, 19.5407905578613 ], [ -99.447906494140597, 19.517961502075298 ], [ -99.467391967773395, 19.525489807128999 ] ] ] } },
{ "type": "Feature", "properties": { "NAME_1": "México", "NAME_2": "Nopaltepec" }, "geometry": { "type": "Polygon", "coordinates": [ [ [ -98.613006591796903, 19.7995109558106 ], [ -98.642295837402301, 19.786361694335898 ], [ -98.695480346679602, 19.732521057128999 ], [ -98.707595825195199, 19.704769134521602 ], [ -98.718170166015597, 19.705970764160199 ], [ -98.718391418457003, 19.758991241455099 ], [ -98.693000793457003, 19.783798217773501 ], [ -98.675628662109304, 19.8261203765869 ], [ -98.616065979003906, 19.826572418212901 ], [ -98.613006591796903, 19.7995109558106 ] ] ] } },
{ "type": "Feature", "properties": { "NAME_1": "México", "NAME_2": "Ocoyoacac" }, "geometry": { "type": "Polygon", "coordinates": [ [ [ -99.451232910156193, 19.1591396331788 ], [ -99.455757141113295, 19.223028182983501 ], [ -99.346916198730398, 19.2498512268068 ], [ -99.326271057128906, 19.2475910186768 ], [ -99.282676696777301, 19.161071777343899 ], [ -99.330612182617102, 19.132299423217798 ], [ -99.362907409667997, 19.147769927978601 ], [ -99.361091613769503, 19.169841766357401 ], [ -99.374046325683594, 19.173799514770501 ], [ -99.404548645019503, 19.162591934204201 ], [ -99.426986694335895, 19.166139602661101 ], [ -99.451232910156193, 19.1591396331788 ] ] ] } },
{ "type": "Feature", "properties": { "NAME_1": "México", "NAME_2": "Ocuilan" }, "geometry": { "type": "Polygon", "coordinates": [ [ [ -99.284706115722699, 18.965179443359499 ], [ -99.344726562499901, 18.854520797729599 ], [ -99.381233215332003, 18.814752578735501 ], [ -99.392410278320298, 18.7718505859375 ], [ -99.420196533203097, 18.8002605438232 ], [ -99.409973144531193, 18.838729858398601 ], [ -99.435661315917997, 18.835891723632901 ], [ -99.442886352539105, 18.8495807647706 ], [ -99.451110839843807, 18.885190963745199 ], [ -99.436050415039105, 18.9190998077394 ], [ -99.445770263671903, 18.946992874145501 ], [ -99.425697326660099, 18.9517612457275 ], [ -99.423576354980497, 18.975112915039201 ], [ -99.399070739745994, 18.967340469360501 ], [ -99.390968322753807, 18.978639602661101 ], [ -99.393386840820298, 18.9930515289307 ], [ -99.359169006347699, 18.987340927123999 ], [ -99.329490661621094, 18.995258331298899 ], [ -99.284706115722699, 18.965179443359499 ] ] ] } },
{ "type": "Feature", "properties": { "NAME_1": "México", "NAME_2": "Otumba" }, "geometry": { "type": "Polygon", "coordinates": [ [ [ -98.679061889648395, 19.5666904449463 ], [ -98.717460632324205, 19.585010528564599 ], [ -98.794456481933494, 19.576919555663999 ], [ -98.794532775878906, 19.598390579223601 ], [ -98.8088760375975, 19.606449127197301 ], [ -98.787200927734304, 19.6301994323732 ], [ -98.777023315429602, 19.696268081665099 ], [ -98.751838684082003, 19.674861907958899 ], [ -98.697456359863196, 19.683660507202301 ], [ -98.650306701660199, 19.679468154907301 ], [ -98.681076049804602, 19.611312866210898 ], [ -98.679061889648395, 19.5666904449463 ] ] ] } },
{ "type": "Feature", "properties": { "NAME_1": "México", "NAME_2": "Otzoloapan" }, "geometry": { "type": "Polygon", "coordinates": [ [ [ -100.41967010498, 19.060510635376001 ], [ -100.40380859375, 19.068561553955099 ], [ -100.356597900390994, 19.011070251464801 ], [ -100.336738586425994, 18.998289108276399 ], [ -100.2919921875, 18.992652893066499 ], [ -100.278541564940994, 19.0210990905762 ], [ -100.278022766112997, 19.1132411956787 ], [ -100.260643005370994, 19.127670288086001 ], [ -100.227210998535, 19.1303806304932 ], [ -100.238731384277003, 19.085809707641701 ], [ -100.216606140137003, 19.056421279907301 ], [ -100.222106933594006, 19.048700332641701 ], [ -100.237266540527003, 19.052919387817401 ], [ -100.244667053222997, 19.0406303405763 ], [ -100.245292663574006, 18.941921234130898 ], [ -100.280258178710994, 18.922849655151399 ], [ -100.292289733887003, 18.9292602539063 ], [ -100.298599243164006, 18.881492614746001 ], [ -100.341842651367003, 18.883100509643601 ], [ -100.360931396484006, 18.8983898162843 ], [ -100.398368835449006, 18.911600112915099 ], [ -100.417388916015994, 18.930482864379901 ], [ -100.404518127440994, 18.967250823974599 ], [ -100.42325592041, 19.012739181518601 ], [ -100.412117004395, 19.049659729003999 ], [ -100.41967010498, 19.060510635376001 ] ] ] } },
{ "type": "Feature", "properties": { "NAME_1": "México", "NAME_2": "Otzolotepec" }, "geometry": { "type": "Polygon", "coordinates": [ [ [ -99.407417297363295, 19.439250946045 ], [ -99.426666259765497, 19.400100708007798 ], [ -99.536499023437401, 19.332639694213899 ], [ -99.528762817382798, 19.299940109252901 ], [ -99.554176330566406, 19.299028396606602 ], [ -99.579002380371094, 19.321741104126101 ], [ -99.544479370117202, 19.3484401702881 ], [ -99.544120788574205, 19.383731842041101 ], [ -99.490066528320298, 19.4333190917969 ], [ -99.460197448730497, 19.440570831298899 ], [ -99.423156738281193, 19.466688156127901 ], [ -99.407417297363295, 19.439250946045 ] ] ] } },
{ "type": "Feature", "properties": { "NAME_1": "México", "NAME_2": "Ozumba" }, "geometry": { "type": "Polygon", "coordinates": [ [ [ -98.724166870117102, 18.994319915771399 ], [ -98.728591918945298, 19.014480590820298 ], [ -98.746368408203097, 19.024589538574201 ], [ -98.748817443847699, 19.0340995788575 ], [ -98.747810363769503, 19.050960540771399 ], [ -98.7275390625, 19.060012817382901 ], [ -98.692489624023395, 19.042261123657301 ], [ -98.702423095703097, 18.999982833862401 ], [ -98.724166870117102, 18.994319915771399 ] ] ] } },
{ "type": "Feature", "properties": { "NAME_1": "México", "NAME_2": "Papalotla" }, "geometry": { "type": "Polygon", "coordinates": [ [ [ -98.845565795898395, 19.492090225219702 ], [ -98.857566833496094, 19.495460510253999 ], [ -98.860977172851605, 19.511289596557599 ], [ -98.858108520507798, 19.5317497253419 ], [ -98.840759277343807, 19.534610748291101 ], [ -98.834136962890597, 19.516731262207099 ], [ -98.845565795898395, 19.492090225219702 ] ] ] } },
{ "type": "Feature", "properties": { "NAME_1": "México", "NAME_2": "Polotitlán" }, "geometry": { "type": "Polygon", "coordinates": [ [ [ -99.716560363769503, 20.135540008544901 ], [ -99.721946716308594, 20.128341674804702 ], [ -99.732261657714801, 20.132511138916101 ], [ -99.749366760253807, 20.176160812377901 ], [ -99.770439147949205, 20.184852600097699 ], [ -99.799575805664105, 20.213060379028299 ], [ -99.889122009277301, 20.229352951049901 ], [ -99.914077758789006, 20.241910934448399 ], [ -99.915176391601605, 20.2670497894288 ], [ -99.874542236328097, 20.302160263061602 ], [ -99.858390808105398, 20.306261062622099 ], [ -99.809593200683594, 20.250310897827301 ], [ -99.755371093749901, 20.2315998077393 ], [ -99.701240539550795, 20.196840286255 ], [ -99.715606689453097, 20.176479339599702 ], [ -99.716560363769503, 20.135540008544901 ] ] ] } },
{ "type": "Feature", "properties": { "NAME_1": "México", "NAME_2": "Rayón" }, "geometry": { "type": "Polygon", "coordinates": [ [ [ -99.523262023925696, 19.032100677490199 ], [ -99.564941406249901, 19.0378608703613 ], [ -99.596122741699205, 19.049989700317401 ], [ -99.599449157714801, 19.058660507202099 ], [ -99.583419799804602, 19.073860168457099 ], [ -99.540817260742102, 19.076229095458999 ], [ -99.525032043457003, 19.055719375610401 ], [ -99.523262023925696, 19.032100677490199 ] ] ] } },
{ "type": "Feature", "properties": { "NAME_1": "México", "NAME_2": "San Antonio La Isla" }, "geometry": { "type": "Polygon", "coordinates": [ [ [ -99.565162658691406, 19.115669250488398 ], [ -99.523818969726506, 19.110389709472699 ], [ -99.511871337890597, 19.104690551757798 ], [ -99.540817260742102, 19.076229095458999 ], [ -99.583419799804602, 19.073860168457099 ], [ -99.588279724120994, 19.091119766235501 ], [ -99.565162658691406, 19.115669250488398 ] ] ] } },
{ "type": "Feature", "properties": { "NAME_1": "México", "NAME_2": "San Felipe del Progreso" }, "geometry": { "type": "Polygon", "coordinates": [ [ [ -99.888542175292997, 19.527572631835898 ], [ -99.935562133789105, 19.531171798706101 ], [ -99.975929260253906, 19.502880096435501 ], [ -100.032066345215, 19.5431594848632 ], [ -100.053817749022997, 19.528570175171001 ], [ -100.088157653809006, 19.528709411621101 ], [ -100.152526855469006, 19.503749847412202 ], [ -100.209075927734006, 19.492370605468899 ], [ -100.228248596190994, 19.584329605102599 ], [ -100.22664642334, 19.630081176757901 ], [ -100.253768920897997, 19.654090881347699 ], [ -100.286346435547003, 19.724460601806602 ], [ -100.226959228515994, 19.717939376831101 ], [ -100.176406860352003, 19.7328701019288 ], [ -100.161712646484006, 19.7475605010987 ], [ -100.124298095702997, 19.748371124267599 ], [ -100.10489654541, 19.768390655517599 ], [ -100.090553283690994, 19.756599426269499 ], [ -100.071250915527003, 19.754280090332099 ], [ -100.067657470702997, 19.759849548339801 ], [ -100.081726074219006, 19.772140502929702 ], [ -100.073661804199006, 19.7830104827882 ], [ -100.058868408202997, 19.782922744751101 ], [ -100.032592773437997, 19.7606410980225 ], [ -100.024436950684006, 19.779279708862301 ], [ -99.966400146484403, 19.7864704132081 ], [ -99.956993103027301, 19.799850463867301 ], [ -99.945953369140597, 19.794900894165099 ], [ -99.949462890624901, 19.781080245971701 ], [ -99.939926147460895, 19.771190643310501 ], [ -99.889945983886705, 19.788141250610401 ], [ -99.879936218261705, 19.779911041259901 ], [ -99.877746582031193, 19.7606201171875 ], [ -99.895767211914006, 19.752088546753001 ], [ -99.898712158203097, 19.739019393920898 ], [ -99.855895996093693, 19.704900741577099 ], [ -99.838996887207003, 19.621730804443398 ], [ -99.856185913085895, 19.593421936035199 ], [ -99.855209350585895, 19.5658283233643 ], [ -99.888542175292997, 19.527572631835898 ] ] ] } },
{ "type": "Feature", "properties": { "NAME_1": "México", "NAME_2": "San Martín de las Piráámides" }, "geometry": { "type": "Polygon", "coordinates": [ [ [ -98.838417053222599, 19.5679225921631 ], [ -98.832397460937401, 19.599359512329201 ], [ -98.876663208007798, 19.628009796142599 ], [ -98.885986328125, 19.641790390014702 ], [ -98.882621765136705, 19.6590805053712 ], [ -98.858718872070298, 19.6661491394043 ], [ -98.832992553710895, 19.692920684814599 ], [ -98.777023315429602, 19.696268081665099 ], [ -98.787200927734304, 19.6301994323732 ], [ -98.8088760375975, 19.606449127197301 ], [ -98.794532775878906, 19.598390579223601 ], [ -98.790740966796804, 19.573490142822301 ], [ -98.825073242187401, 19.563409805298001 ], [ -98.838417053222599, 19.5679225921631 ] ] ] } },
{ "type": "Feature", "properties": { "NAME_1": "México", "NAME_2": "San Mateo Atenco" }, "geometry": { "type": "Polygon", "coordinates": [ [ [ -99.485710144042997, 19.153272628784201 ], [ -99.504966735839801, 19.157119750976602 ], [ -99.512756347656193, 19.181028366088899 ], [ -99.532638549804702, 19.1856002807618 ], [ -99.545639038085895, 19.202690124511701 ], [ -99.492477416992202, 19.244140625 ], [ -99.481559753417997, 19.216070175171001 ], [ -99.485710144042997, 19.153272628784201 ] ] ] } },
{ "type": "Feature", "properties": { "NAME_1": "México", "NAME_2": "San Simón de Guerrero" }, "geometry": { "type": "Polygon", "coordinates": [ [ [ -99.913276672363295, 18.9250202178956 ], [ -99.928947448730398, 18.910730361938398 ], [ -99.942253112792997, 18.869970321655401 ], [ -99.985336303710895, 18.8273105621338 ], [ -100.012016296387003, 18.822879791259801 ], [ -100.035263061522997, 18.789230346679702 ], [ -100.056777954102003, 18.7912616729737 ], [ -100.077590942382997, 18.816047668457099 ], [ -100.114196777344006, 18.823970794677798 ], [ -100.104263305664006, 18.8538627624512 ], [ -100.075691223145, 18.865238189697301 ], [ -100.067520141602003, 18.888231277465799 ], [ -100.04411315918, 18.9057712554931 ], [ -100.055191040039006, 18.920539855957099 ], [ -99.969696044921903, 18.972209930419901 ], [ -99.955482482910199, 18.966539382934599 ], [ -99.930839538574205, 18.930751800537202 ], [ -99.913276672363295, 18.9250202178956 ] ] ] } },
{ "type": "Feature", "properties": { "NAME_1": "México", "NAME_2": "Santo Tomás" }, "geometry": { "type": "Polygon", "coordinates": [ [ [ -100.40380859375, 19.068561553955099 ], [ -100.375106811522997, 19.144090652465898 ], [ -100.328491210937997, 19.187290191650501 ], [ -100.303779602050994, 19.1811199188232 ], [ -100.272758483887003, 19.2123908996582 ], [ -100.214286804199006, 19.200910568237401 ], [ -100.20858001709, 19.182197570800799 ], [ -100.227210998535, 19.1303806304932 ], [ -100.260643005370994, 19.127670288086001 ], [ -100.278022766112997, 19.1132411956787 ], [ -100.278541564940994, 19.0210990905762 ], [ -100.288696289062003, 18.994880676269599 ], [ -100.3125, 18.992008209228601 ], [ -100.351539611815994, 19.006658554077202 ], [ -100.40380859375, 19.068561553955099 ] ] ] } },
{ "type": "Feature", "properties": { "NAME_1": "México", "NAME_2": "Soyaniquilpan de Juárez" }, "geometry": { "type": "Polygon", "coordinates": [ [ [ -99.490486145019503, 20.128738403320298 ], [ -99.435195922851605, 20.0199909210206 ], [ -99.459808349609403, 19.995630264282202 ], [ -99.515312194824205, 19.992731094360501 ], [ -99.563507080078097, 20.007761001586999 ], [ -99.571357727050795, 20.0230312347412 ], [ -99.569190979003906, 20.056770324707099 ], [ -99.593566894531193, 20.086860656738299 ], [ -99.490486145019503, 20.128738403320298 ] ] ] } },
{ "type": "Feature", "properties": { "NAME_1": "México", "NAME_2": "Sultepec" }, "geometry": { "type": "Polygon", "coordinates": [ [ [ -99.849479675292997, 18.688329696655298 ], [ -99.850875854492202, 18.657220840454201 ], [ -99.871482849121094, 18.638740539550799 ], [ -99.881660461425696, 18.616050720214801 ], [ -99.907318115234304, 18.617620468139801 ], [ -99.905158996582003, 18.607120513916001 ], [ -99.893356323242202, 18.601770401001001 ], [ -99.899826049804702, 18.5830097198487 ], [ -99.886642456054702, 18.544450759887798 ], [ -99.966262817382798, 18.538200378418001 ], [ -99.984642028808494, 18.548070907592798 ], [ -99.975967407226506, 18.561050415039201 ], [ -99.980209350585895, 18.571121215820401 ], [ -100.036430358887003, 18.6072006225587 ], [ -100.056053161620994, 18.6138210296632 ], [ -100.07430267334, 18.602729797363299 ], [ -100.090072631835994, 18.604999542236399 ], [ -100.083160400390994, 18.628259658813398 ], [ -100.09587097168, 18.6413497924806 ], [ -100.092391967772997, 18.6662197113038 ], [ -100.118637084960994, 18.671459197998001 ], [ -100.120162963867003, 18.6979293823243 ], [ -100.14958190918, 18.734449386596701 ], [ -100.092590332030994, 18.760351181030298 ], [ -100.056777954102003, 18.7912616729737 ], [ -100.029502868652003, 18.765079498291001 ], [ -100.011497497559006, 18.7641906738281 ], [ -99.980300903320298, 18.777601242065501 ], [ -99.945922851562401, 18.808729171753001 ], [ -99.938407897949105, 18.803220748901499 ], [ -99.920219421386705, 18.703872680664201 ], [ -99.873168945312401, 18.717359542846701 ], [ -99.862632751464801, 18.712579727172901 ], [ -99.862686157226406, 18.697441101074201 ], [ -99.849479675292997, 18.688329696655298 ] ] ] } },
{ "type": "Feature", "properties": { "NAME_1": "México", "NAME_2": "Tecámac" }, "geometry": { "type": "Polygon", "coordinates": [ [ [ -99.009712219238196, 19.6191005706788 ], [ -98.979316711425795, 19.6363124847413 ], [ -98.963562011718594, 19.662370681762798 ], [ -98.967422485351605, 19.680740356445298 ], [ -99.000030517578097, 19.689121246338001 ], [ -98.998260498046804, 19.702020645141701 ], [ -98.977981567382798, 19.7140808105469 ], [ -98.920928955078097, 19.700889587402301 ], [ -98.899177551269503, 19.6674499511719 ], [ -98.909446716308594, 19.640420913696399 ], [ -98.930175781249901, 19.6325912475587 ], [ -98.962646484375, 19.603170394897599 ], [ -98.978309631347599, 19.608760833740298 ], [ -99.004470825195298, 19.6037502288819 ], [ -99.009712219238196, 19.6191005706788 ] ] ] } },
{ "type": "Feature", "properties": { "NAME_1": "México", "NAME_2": "Tejupilco" }, "geometry": { "type": "Polygon", "coordinates": [ [ [ -100.14958190918, 18.734449386596701 ], [ -100.250091552734006, 18.730640411376999 ], [ -100.287162780762003, 18.7399711608887 ], [ -100.307571411132997, 18.714628219604499 ], [ -100.342132568359006, 18.711240768432699 ], [ -100.367095947265994, 18.697130203247099 ], [ -100.444496154785, 18.716018676757901 ], [ -100.474212646484006, 18.684940338134702 ], [ -100.478858947754006, 18.732099533081001 ], [ -100.453163146972997, 18.864231109619102 ], [ -100.417388916015994, 18.930482864379901 ], [ -100.398368835449006, 18.911600112915099 ], [ -100.360931396484006, 18.8983898162843 ], [ -100.341842651367003, 18.883100509643601 ], [ -100.297286987305, 18.878980636596602 ], [ -100.245666503905994, 18.8555908203125 ], [ -100.227645874022997, 18.8703727722168 ], [ -100.194679260254006, 18.856300354003999 ], [ -100.162887573242003, 18.859899520873999 ], [ -100.145233154297003, 18.8831596374512 ], [ -100.061149597167997, 18.920740127563501 ], [ -100.048820495605, 18.917350769042901 ], [ -100.04411315918, 18.9057712554931 ], [ -100.067520141602003, 18.888231277465799 ], [ -100.075691223145, 18.865238189697301 ], [ -100.104263305664006, 18.8538627624512 ], [ -100.114196777344006, 18.823970794677798 ], [ -100.077590942382997, 18.816047668457099 ], [ -100.058715820312003, 18.798849105835099 ], [ -100.058197021484006, 18.788040161132798 ], [ -100.092590332030994, 18.760351181030298 ], [ -100.14958190918, 18.734449386596701 ] ] ] } },
{ "type": "Feature", "properties": { "NAME_1": "México", "NAME_2": "Temamatla" }, "geometry": { "type": "Polygon", "coordinates": [ [ [ -98.779876708984304, 19.159629821777301 ], [ -98.805442810058494, 19.150751113891701 ], [ -98.826812744140597, 19.154909133911101 ], [ -98.831840515136705, 19.176780700683601 ], [ -98.821243286132798, 19.203229904174801 ], [ -98.798950195312401, 19.193029403686602 ], [ -98.779876708984304, 19.159629821777301 ] ] ] } },
{ "type": "Feature", "properties": { "NAME_1": "México", "NAME_2": "Temascalapa" }, "geometry": { "type": "Polygon", "coordinates": [ [ [ -98.920928955078097, 19.700889587402301 ], [ -98.897026062011705, 19.7431926727294 ], [ -98.866371154785099, 19.768840789795 ], [ -98.848030090332003, 19.803068161010899 ], [ -98.775329589843807, 19.808660507202099 ], [ -98.760955810546903, 19.731380462646499 ], [ -98.783348083496094, 19.697942733764801 ], [ -98.832992553710895, 19.692920684814599 ], [ -98.850669860839801, 19.672042846679801 ], [ -98.876457214355398, 19.658519744873001 ], [ -98.899177551269503, 19.6674499511719 ], [ -98.920928955078097, 19.700889587402301 ] ] ] } },
{ "type": "Feature", "properties": { "NAME_1": "México", "NAME_2": "Temascalcingo" }, "geometry": { "type": "Polygon", "coordinates": [ [ [ -99.953590393066406, 19.829299926757798 ], [ -99.972816467285099, 19.827640533447202 ], [ -100.022659301757997, 19.842542648315501 ], [ -100.026412963867003, 19.861089706420898 ], [ -100.075630187987997, 19.867710113525401 ], [ -100.103286743164006, 19.888170242309599 ], [ -100.090972900390994, 19.9158611297607 ], [ -100.125106811522997, 19.9446697235107 ], [ -100.133666992187997, 19.969610214233398 ], [ -100.12629699707, 20.043760299682699 ], [ -100.084136962890994, 20.0547904968263 ], [ -100.03116607666, 20.051660537719801 ], [ -100.022102355957003, 20.0270900726319 ], [ -100.029670715332003, 20.001329421997202 ], [ -100.014106750487997, 19.982362747192401 ], [ -100.021179199219006, 19.956600189208999 ], [ -99.996643066406193, 19.949060440063601 ], [ -99.978126525878906, 19.914182662963899 ], [ -99.940750122070298, 19.915241241455099 ], [ -99.902389526367202, 19.881170272827202 ], [ -99.922546386718693, 19.865369796753001 ], [ -99.963867187499901, 19.871259689331101 ], [ -99.944076538085895, 19.849838256836101 ], [ -99.953590393066406, 19.829299926757798 ] ] ] } },
{ "type": "Feature", "properties": { "NAME_1": "México", "NAME_2": "Temascaltepec" }, "geometry": { "type": "Polygon", "coordinates": [ [ [ -100.224502563477003, 18.9178791046143 ], [ -100.190780639647997, 18.926307678222798 ], [ -100.174217224120994, 18.909868240356499 ], [ -100.163116455077997, 18.9213981628419 ], [ -100.149299621582003, 18.920312881469702 ], [ -100.124862670897997, 18.948881149291999 ], [ -100.077507019042997, 18.981239318847798 ], [ -100.03630065918, 18.989240646362301 ], [ -100.027458190917997, 19.0418300628663 ], [ -100.005172729492003, 19.048360824585 ], [ -99.985557556152301, 19.0707111358644 ], [ -99.946807861328097, 19.095220565796001 ], [ -99.941360473632798, 19.108320236206101 ], [ -99.892822265624901, 19.1333408355713 ], [ -99.858749389648395, 19.139699935913001 ], [ -99.825607299804702, 19.110019683837901 ], [ -99.831230163574205, 19.083459854126001 ], [ -99.805023193359403, 19.0950412750244 ], [ -99.781051635742102, 19.0801811218262 ], [ -99.807357788085895, 19.052511215210099 ], [ -99.827369689941307, 19.0147304534913 ], [ -99.844352722167898, 19.018142700195401 ], [ -99.838356018066307, 18.952560424804702 ], [ -99.845306396484304, 18.9362106323243 ], [ -99.866645812988295, 18.924200057983398 ], [ -99.925582885742202, 18.927310943603601 ], [ -99.955482482910199, 18.966539382934599 ], [ -99.969696044921903, 18.972209930419901 ], [ -100.052169799805, 18.921930313110501 ], [ -100.145233154297003, 18.8831596374512 ], [ -100.160118103027003, 18.8612880706787 ], [ -100.191513061522997, 18.8560905456543 ], [ -100.22875213623, 18.872430801391602 ], [ -100.224502563477003, 18.9178791046143 ] ] ] } },
{ "type": "Feature", "properties": { "NAME_1": "México", "NAME_2": "Temoaya" }, "geometry": { "type": "Polygon", "coordinates": [ [ [ -99.676101684570298, 19.415180206298899 ], [ -99.669097900390597, 19.4628009796143 ], [ -99.679817199707003, 19.5343208312988 ], [ -99.669906616210895, 19.527921676635799 ], [ -99.627456665039105, 19.5413608551025 ], [ -99.614387512207003, 19.513771057128999 ], [ -99.595626831054602, 19.509029388427798 ], [ -99.573516845703097, 19.487470626831101 ], [ -99.545936584472599, 19.493061065673899 ], [ -99.519996643066307, 19.545080184936499 ], [ -99.491127014160099, 19.547019958496101 ], [ -99.468070983886705, 19.531629562378001 ], [ -99.466247558593807, 19.494470596313501 ], [ -99.440628051757798, 19.4799003601075 ], [ -99.441116333007798, 19.462230682373001 ], [ -99.457412719726605, 19.442199707031399 ], [ -99.490066528320298, 19.4333190917969 ], [ -99.544120788574205, 19.383731842041101 ], [ -99.544479370117202, 19.3484401702881 ], [ -99.579002380371094, 19.321741104126101 ], [ -99.597023010253906, 19.322900772094702 ], [ -99.591850280761705, 19.365922927856499 ], [ -99.605438232421903, 19.3754100799562 ], [ -99.623718261718807, 19.352840423584102 ], [ -99.660575866699205, 19.339809417724702 ], [ -99.675140380859403, 19.370399475097699 ], [ -99.676101684570298, 19.415180206298899 ] ] ] } },
{ "type": "Feature", "properties": { "NAME_1": "México", "NAME_2": "Tenancingo" }, "geometry": { "type": "Polygon", "coordinates": [ [ [ -99.488876342773395, 18.773372650146499 ], [ -99.532241821289105, 18.801282882690501 ], [ -99.553413391113295, 18.852340698242202 ], [ -99.583740234375, 18.8744316101075 ], [ -99.612518310546804, 18.928859710693501 ], [ -99.593231201171903, 18.939090728759801 ], [ -99.578330993652301, 18.935850143432599 ], [ -99.539611816406193, 18.906501770019499 ], [ -99.514923095703097, 18.898220062255898 ], [ -99.460029602050696, 18.909532546997202 ], [ -99.463661193847599, 18.8897495269775 ], [ -99.490753173827997, 18.8808498382569 ], [ -99.480697631835895, 18.868040084838899 ], [ -99.485679626464801, 18.8560390472413 ], [ -99.476730346679602, 18.841281890869201 ], [ -99.499946594238295, 18.836179733276399 ], [ -99.508872985839702, 18.825780868530298 ], [ -99.487808227539105, 18.8058986663819 ], [ -99.488876342773395, 18.773372650146499 ] ] ] } },
{ "type": "Feature", "properties": { "NAME_1": "México", "NAME_2": "Tenango del Aire" }, "geometry": { "type": "Polygon", "coordinates": [ [ [ -98.854881286621094, 19.133558273315501 ], [ -98.837532043457003, 19.1345500946044 ], [ -98.826812744140597, 19.154909133911101 ], [ -98.805442810058494, 19.150751113891701 ], [ -98.779876708984304, 19.159629821777301 ], [ -98.749000549316406, 19.135339736938501 ], [ -98.763771057128906, 19.125610351562599 ], [ -98.753227233886705, 19.113040924072301 ], [ -98.769447326660199, 19.101711273193398 ], [ -98.810111999511705, 19.098249435424901 ], [ -98.8514404296875, 19.110511779785298 ], [ -98.854881286621094, 19.133558273315501 ] ] ] } },
{ "type": "Feature", "properties": { "NAME_1": "México", "NAME_2": "Tenango del Valle" }, "geometry": { "type": "Polygon", "coordinates": [ [ [ -99.612518310546804, 18.928859710693501 ], [ -99.645408630370994, 18.991159439086999 ], [ -99.6427001953125, 19.018762588501001 ], [ -99.610671997070298, 19.022529602050799 ], [ -99.596122741699205, 19.049989700317401 ], [ -99.512016296386705, 19.0301208496094 ], [ -99.513160705566307, 19.012308120727599 ], [ -99.523101806640597, 18.999650955200199 ], [ -99.507949829101605, 18.937690734863299 ], [ -99.535301208496094, 18.904060363769499 ], [ -99.578330993652301, 18.935850143432599 ], [ -99.593231201171903, 18.939090728759801 ], [ -99.612518310546804, 18.928859710693501 ] ] ] } },
{ "type": "Feature", "properties": { "NAME_1": "México", "NAME_2": "Teoloyucán" }, "geometry": { "type": "Polygon", "coordinates": [ [ [ -99.138496398925795, 19.6963596343994 ], [ -99.171882629394503, 19.702081680297798 ], [ -99.152526855468807, 19.728000640869201 ], [ -99.104728698730497, 19.739059448242202 ], [ -99.104881286620994, 19.7234401702881 ], [ -99.087196350097699, 19.698001861572301 ], [ -99.138496398925795, 19.6963596343994 ] ] ] } },
{ "type": "Feature", "properties": { "NAME_1": "México", "NAME_2": "Teotihuacán" }, "geometry": { "type": "Polygon", "coordinates": [ [ [ -98.838417053222599, 19.5679225921631 ], [ -98.857711791992202, 19.566200256347798 ], [ -98.885269165039105, 19.5995998382568 ], [ -98.938606262207003, 19.6137790679931 ], [ -98.930175781249901, 19.6325912475587 ], [ -98.909446716308594, 19.640420913696399 ], [ -98.899177551269503, 19.6674499511719 ], [ -98.882621765136705, 19.6590805053712 ], [ -98.885986328125, 19.641790390014702 ], [ -98.876663208007798, 19.628009796142599 ], [ -98.833442687988295, 19.6013698577881 ], [ -98.838417053222599, 19.5679225921631 ] ] ] } },
{ "type": "Feature", "properties": { "NAME_1": "México", "NAME_2": "Tepetlaoxtoc" }, "geometry": { "type": "Polygon", "coordinates": [ [ [ -98.674797058105497, 19.5501594543457 ], [ -98.653617858886605, 19.508159637451101 ], [ -98.676490783691307, 19.4893608093262 ], [ -98.719245910644503, 19.473711013793999 ], [ -98.763549804687401, 19.5001525878907 ], [ -98.796867370605497, 19.508689880371101 ], [ -98.832015991210895, 19.4901008605957 ], [ -98.845565795898395, 19.492090225219702 ], [ -98.834136962890597, 19.516731262207099 ], [ -98.836212158203097, 19.5288906097413 ], [ -98.840759277343807, 19.534610748291101 ], [ -98.858108520507798, 19.5317497253419 ], [ -98.846481323242202, 19.567581176757798 ], [ -98.825073242187401, 19.563409805298001 ], [ -98.736717224121094, 19.584140777587901 ], [ -98.714912414550696, 19.584409713745199 ], [ -98.679061889648395, 19.5666904449463 ], [ -98.674797058105497, 19.5501594543457 ] ] ] } },
{ "type": "Feature", "properties": { "NAME_1": "México", "NAME_2": "Tepetlixpa" }, "geometry": { "type": "Polygon", "coordinates": [ [ [ -98.725677490234403, 18.9605808258057 ], [ -98.789009094238196, 18.979570388794102 ], [ -98.806976318359403, 18.9993000030518 ], [ -98.825988769531193, 19.040201187133899 ], [ -98.784408569335895, 19.035892486572202 ], [ -98.747810363769503, 19.050960540771399 ], [ -98.747848510742202, 19.026380538940501 ], [ -98.725387573242202, 19.007261276245199 ], [ -98.732086181640597, 18.983930587768601 ], [ -98.725677490234403, 18.9605808258057 ] ] ] } },
{ "type": "Feature", "properties": { "NAME_1": "México", "NAME_2": "Tepotzotlán" }, "geometry": { "type": "Polygon", "coordinates": [ [ [ -99.201622009277301, 19.715391159057599 ], [ -99.190368652343807, 19.7039108276368 ], [ -99.138496398925795, 19.6963596343994 ], [ -99.142059326171804, 19.680709838867202 ], [ -99.180976867675696, 19.628078460693501 ], [ -99.221946716308594, 19.617059707641602 ], [ -99.226486206054602, 19.608070373535199 ], [ -99.247718811035199, 19.604030609130898 ], [ -99.278938293457003, 19.584550857544102 ], [ -99.2969970703125, 19.5885200500488 ], [ -99.351432800292997, 19.6414909362793 ], [ -99.377037048339801, 19.685981750488398 ], [ -99.363533020019403, 19.7357902526856 ], [ -99.359382629394503, 19.721229553222699 ], [ -99.321617126464801, 19.744720458984499 ], [ -99.292976379394503, 19.684389114379901 ], [ -99.262725830078097, 19.691789627075099 ], [ -99.238746643066406, 19.680641174316499 ], [ -99.201622009277301, 19.715391159057599 ] ] ] } },
{ "type": "Feature", "properties": { "NAME_1": "México", "NAME_2": "Tequixquiac" }, "geometry": { "type": "Polygon", "coordinates": [ [ [ -99.177352905273395, 19.881330490112301 ], [ -99.176429748535199, 19.8937892913819 ], [ -99.140769958496094, 19.908269882202202 ], [ -99.125022888183594, 19.936782836914201 ], [ -99.095489501953097, 19.896408081054702 ], [ -99.070579528808594, 19.938081741333001 ], [ -99.038360595703097, 19.962350845336999 ], [ -99.012840270995994, 19.947799682617202 ], [ -99.048011779785199, 19.8430995941163 ], [ -99.079536437988295, 19.814041137695298 ], [ -99.099006652832003, 19.781919479370099 ], [ -99.138313293457003, 19.822000503540199 ], [ -99.186500549316307, 19.844461441040099 ], [ -99.177352905273395, 19.881330490112301 ] ] ] } },
{ "type": "Feature", "properties": { "NAME_1": "México", "NAME_2": "Texcaltitlán" }, "geometry": { "type": "Polygon", "coordinates": [ [ [ -99.937843322753906, 18.794540405273398 ], [ -99.940277099609403, 18.805982589721701 ], [ -99.952873229980398, 18.8071098327637 ], [ -99.980300903320298, 18.777601242065501 ], [ -100.019798278809006, 18.763250350952099 ], [ -100.033241271972997, 18.768060684203999 ], [ -100.045631408690994, 18.786912918090898 ], [ -100.031478881835994, 18.791999816894599 ], [ -100.009742736815994, 18.824729919433601 ], [ -99.985336303710895, 18.8273105621338 ], [ -99.942253112792997, 18.869970321655401 ], [ -99.928947448730398, 18.910730361938398 ], [ -99.913276672363295, 18.9250202178956 ], [ -99.885871887207003, 18.9292297363281 ], [ -99.875328063964801, 18.9221096038818 ], [ -99.845306396484304, 18.9362106323243 ], [ -99.836135864257798, 18.9758205413819 ], [ -99.845672607421903, 19.015609741210898 ], [ -99.827369689941307, 19.0147304534913 ], [ -99.801406860351605, 19.058961868286101 ], [ -99.790412902832003, 19.0665798187256 ], [ -99.712615966796903, 19.046699523925799 ], [ -99.712280273437401, 19.032199859619201 ], [ -99.746429443359304, 19.000368118286101 ], [ -99.761711120605497, 18.9717826843263 ], [ -99.781486511230497, 18.9715995788575 ], [ -99.806411743164006, 18.9437694549562 ], [ -99.811508178710895, 18.9085407257081 ], [ -99.821609497070298, 18.9127101898194 ], [ -99.827171325683594, 18.9286098480225 ], [ -99.835441589355497, 18.925399780273398 ], [ -99.852760314941307, 18.900318145751999 ], [ -99.847785949707003, 18.877750396728601 ], [ -99.883140563964801, 18.838199615478601 ], [ -99.883026123046903, 18.814020156860298 ], [ -99.916069030761705, 18.808780670166001 ], [ -99.937843322753906, 18.794540405273398 ] ] ] } },
{ "type": "Feature", "properties": { "NAME_1": "México", "NAME_2": "Texcalyacac" }, "geometry": { "type": "Polygon", "coordinates": [ [ [ -99.490768432617202, 19.032642364502099 ], [ -99.472312927245994, 19.0456428527832 ], [ -99.458641052246094, 19.031330108642599 ], [ -99.410797119140597, 19.0101509094238 ], [ -99.393386840820298, 18.9930515289307 ], [ -99.394332885742102, 18.9721908569337 ], [ -99.402381896972699, 18.9659404754638 ], [ -99.423576354980497, 18.975112915039201 ], [ -99.486518859863295, 19.020200729370199 ], [ -99.490768432617202, 19.032642364502099 ] ] ] } },
{ "type": "Feature", "properties": { "NAME_1": "México", "NAME_2": "Texcoco" }, "geometry": { "type": "Polygon", "coordinates": [ [ [ -98.881690979003906, 19.416530609130898 ], [ -98.871559143066406, 19.457708358764599 ], [ -98.886459350585895, 19.462671279907301 ], [ -98.887626647949205, 19.472770690917901 ], [ -98.860671997070298, 19.5004997253419 ], [ -98.853981018066307, 19.492500305175799 ], [ -98.832015991210895, 19.4901008605957 ], [ -98.807052612304602, 19.507709503173899 ], [ -98.783042907714801, 19.506240844726602 ], [ -98.719245910644503, 19.473711013793999 ], [ -98.676490783691307, 19.4893608093262 ], [ -98.653617858886605, 19.508159637451101 ], [ -98.636253356933494, 19.481071472168001 ], [ -98.605941772460895, 19.49001121521 ], [ -98.584877014160199, 19.467300415039102 ], [ -98.568428039550696, 19.403739929199201 ], [ -98.591667175292997, 19.3754806518556 ], [ -98.593688964843807, 19.3418407440187 ], [ -98.670478820800696, 19.3566398620606 ], [ -98.721397399902301, 19.3784999847412 ], [ -98.776458740234403, 19.347640991211101 ], [ -98.813735961914006, 19.3732318878175 ], [ -98.847686767578097, 19.382350921630898 ], [ -98.881690979003906, 19.416530609130898 ] ] ] } },
{ "type": "Feature", "properties": { "NAME_1": "México", "NAME_2": "Tezoyuca" }, "geometry": { "type": "Polygon", "coordinates": [ [ [ -98.920051574707003, 19.539100646972798 ], [ -98.958671569824205, 19.5429306030275 ], [ -98.966445922851605, 19.566841125488299 ], [ -98.903861999511605, 19.5677795410156 ], [ -98.905197143554602, 19.543380737304702 ], [ -98.920051574707003, 19.539100646972798 ] ] ] } },
{ "type": "Feature", "properties": { "NAME_1": "México", "NAME_2": "Tianguistenco" }, "geometry": { "type": "Polygon", "coordinates": [ [ [ -99.472312927245994, 19.0456428527832 ], [ -99.457572937011705, 19.080909729003999 ], [ -99.498390197753906, 19.1038208007813 ], [ -99.493843078613295, 19.140600204467901 ], [ -99.464363098144503, 19.13383102417 ], [ -99.460327148437401, 19.1150302886963 ], [ -99.449066162109304, 19.108440399169901 ], [ -99.400672912597699, 19.1468105316162 ], [ -99.376106262207003, 19.1539306640625 ], [ -99.351173400878906, 19.137331008911101 ], [ -99.397850036620994, 19.122459411621101 ], [ -99.429496765136705, 19.085161209106499 ], [ -99.421951293945298, 19.072349548339901 ], [ -99.387786865234403, 19.082269668579201 ], [ -99.365936279296903, 19.057031631469702 ], [ -99.342903137207003, 19.060560226440401 ], [ -99.320610046386705, 19.049829483032202 ], [ -99.240348815917997, 19.093790054321399 ], [ -99.217002868652301, 19.063440322876001 ], [ -99.284706115722699, 18.965179443359499 ], [ -99.329490661621094, 18.995258331298899 ], [ -99.359169006347699, 18.987340927123999 ], [ -99.393386840820298, 18.9930515289307 ], [ -99.472312927245994, 19.0456428527832 ] ] ] } },
{ "type": "Feature", "properties": { "NAME_1": "México", "NAME_2": "Timilpan" }, "geometry": { "type": "GeometryCollection", "geometries": [ { "type": "Polygon", "coordinates": [ [ [ -99.707397460937401, 19.8065605163575 ], [ -99.733787536621094, 19.796960830688501 ], [ -99.744819641113295, 19.812280654907301 ], [ -99.780822753906193, 19.804309844970799 ], [ -99.798866271972599, 19.8201408386232 ], [ -99.791328430175696, 19.835929870605401 ], [ -99.776916503906193, 19.828100204467798 ], [ -99.775405883789006, 19.8341598510743 ], [ -99.785949707031193, 19.905290603637798 ], [ -99.756820678710895, 19.945140838623001 ], [ -99.726837158203097, 19.956600189208999 ], [ -99.720428466796903, 19.981019973754901 ], [ -99.670959472656193, 19.977270126342798 ], [ -99.609588623046903, 19.939569473266602 ], [ -99.647628784179602, 19.908950805664201 ], [ -99.654167175292997, 19.841751098632901 ], [ -99.680587768554702, 19.835180282592798 ], [ -99.704002380371094, 19.843250274658299 ], [ -99.716102600097599, 19.833450317382798 ], [ -99.707397460937401, 19.8065605163575 ] ] ] }, { "type": "Polygon", "coordinates": [ [ [ -99.198577880859403, 19.572980880737401 ], [ -99.214157104492102, 19.5760803222657 ], [ -99.210586547851605, 19.587579727172901 ], [ -99.184906005859304, 19.584400177002099 ], [ -99.187400817871094, 19.5731201171875 ], [ -99.198577880859403, 19.572980880737401 ] ] ] } ] } },
{ "type": "Feature", "properties": { "NAME_1": "México", "NAME_2": "Tlalmanalco" }, "geometry": { "type": "Polygon", "coordinates": [ [ [ -98.551132202148395, 19.187099456787202 ], [ -98.550636291503906, 19.165729522705199 ], [ -98.637802124023395, 19.155790328979499 ], [ -98.668907165527301, 19.1573295593262 ], [ -98.678581237792898, 19.1679401397706 ], [ -98.714241027832003, 19.145759582519599 ], [ -98.728446960449205, 19.169269561767599 ], [ -98.748260498046903, 19.172349929809599 ], [ -98.785270690917997, 19.2123107910157 ], [ -98.771667480468693, 19.2184581756593 ], [ -98.722312927246094, 19.2128505706788 ], [ -98.646736145019503, 19.220212936401399 ], [ -98.633262634277301, 19.278470993041999 ], [ -98.655410766601506, 19.306720733642699 ], [ -98.593482971191406, 19.337339401245099 ], [ -98.587463378906193, 19.303760528564499 ], [ -98.560417175292898, 19.242450714111399 ], [ -98.551132202148395, 19.187099456787202 ] ] ] } },
{ "type": "Feature", "properties": { "NAME_1": "México", "NAME_2": "Tlalnepantla" }, "geometry": { "type": "Polygon", "coordinates": [ [ [ -99.073516845703097, 19.515100479126001 ], [ -99.020317077636705, 19.5071506500244 ], [ -99.040786743164006, 19.456369400024499 ], [ -99.074058532714801, 19.480789184570298 ], [ -99.073516845703097, 19.515100479126001 ] ] ] } },
{ "type": "Feature", "properties": { "NAME_1": "México", "NAME_2": "Tlatlaya" }, "geometry": { "type": "GeometryCollection", "geometries": [ { "type": "Polygon", "coordinates": [ [ [ -100.211357116699006, 18.352460861206101 ], [ -100.215881347655994, 18.369791030883899 ], [ -100.229415893555, 18.354959487915 ], [ -100.249786376952997, 18.36083984375 ], [ -100.255302429199006, 18.339300155639702 ], [ -100.262130737305, 18.343420028686499 ], [ -100.314331054687003, 18.404251098632901 ], [ -100.321022033690994, 18.446500778198299 ], [ -100.331886291504006, 18.457901000976602 ], [ -100.393913269042997, 18.468290328979599 ], [ -100.440612792969006, 18.457901000976602 ], [ -100.459259033202997, 18.465507507324201 ], [ -100.465316772460994, 18.4863395690919 ], [ -100.400856018065994, 18.551780700683601 ], [ -100.357490539550994, 18.5519504547119 ], [ -100.336639404297003, 18.579839706421001 ], [ -100.311515808105, 18.576930999755898 ], [ -100.269592285155994, 18.603940963745099 ], [ -100.246215820312003, 18.5936508178712 ], [ -100.16584777832, 18.594730377197202 ], [ -100.107048034667997, 18.610031127929801 ], [ -100.07430267334, 18.602729797363299 ], [ -100.053253173827997, 18.6138210296632 ], [ -99.980209350585895, 18.571121215820401 ], [ -99.975967407226506, 18.561050415039201 ], [ -99.984642028808494, 18.548070907592798 ], [ -100.009346008300994, 18.555482864379901 ], [ -100.055801391602003, 18.523710250854499 ], [ -100.054176330565994, 18.498949050903299 ], [ -100.027290344237997, 18.463630676269499 ], [ -100.068305969237997, 18.447639465331999 ], [ -100.128723144530994, 18.4388523101806 ], [ -100.177139282227003, 18.396730422973601 ], [ -100.211357116699006, 18.352460861206101 ] ] ] }, { "type": "Polygon", "coordinates": [ [ [ -100.216186523437003, 18.347391128540099 ], [ -100.231506347655994, 18.3341808319093 ], [ -100.233772277832003, 18.336860656738299 ], [ -100.234191894530994, 18.346271514892599 ], [ -100.216186523437003, 18.347391128540099 ] ] ] } ] } },
{ "type": "Feature", "properties": { "NAME_1": "México", "NAME_2": "Toluca" }, "geometry": { "type": "Polygon", "coordinates": [ [ [ -99.604301452636705, 19.1497898101807 ], [ -99.716293334960895, 19.073169708251999 ], [ -99.725982666015597, 19.074541091919102 ], [ -99.722938537597599, 19.132989883422901 ], [ -99.709182739257798, 19.158330917358501 ], [ -99.715980529785099, 19.176000595092798 ], [ -99.689315795898395, 19.194940567016602 ], [ -99.689979553222699, 19.2334308624269 ], [ -99.660285949707003, 19.302869796753001 ], [ -99.660575866699205, 19.339809417724702 ], [ -99.623718261718807, 19.352840423584102 ], [ -99.605438232421903, 19.3754100799562 ], [ -99.591850280761705, 19.365922927856499 ], [ -99.597023010253906, 19.322900772094702 ], [ -99.579002380371094, 19.321741104126101 ], [ -99.550399780273395, 19.297662734985401 ], [ -99.528762817382798, 19.299940109252901 ], [ -99.492477416992202, 19.244140625 ], [ -99.545639038085895, 19.202690124511701 ], [ -99.564117431640597, 19.202577590942401 ], [ -99.568687438964801, 19.186229705810501 ], [ -99.585243225097599, 19.178831100463899 ], [ -99.604301452636705, 19.1497898101807 ] ] ] } },
{ "type": "Feature", "properties": { "NAME_1": "México", "NAME_2": "Tonatico" }, "geometry": { "type": "Polygon", "coordinates": [ [ [ -99.658226013183594, 18.7186698913575 ], [ -99.655998229980398, 18.749309539795 ], [ -99.646316528320298, 18.764490127563501 ], [ -99.565536499023395, 18.7659206390381 ], [ -99.566085815429602, 18.740499496459901 ], [ -99.548767089843807, 18.703041076660199 ], [ -99.547203063964801, 18.657260894775501 ], [ -99.608963012695298, 18.672960281372099 ], [ -99.639816284179702, 18.709100723266701 ], [ -99.658226013183594, 18.7186698913575 ] ] ] } },
{ "type": "Feature", "properties": { "NAME_1": "México", "NAME_2": "Tultepec" }, "geometry": { "type": "Polygon", "coordinates": [ [ [ -99.102867126464801, 19.635072708129901 ], [ -99.065010070800696, 19.658561706543001 ], [ -99.046531677245994, 19.635280609130898 ], [ -99.058876037597699, 19.614961624145501 ], [ -99.082015991210895, 19.602199554443398 ], [ -99.113555908203097, 19.611761093139801 ], [ -99.102867126464801, 19.635072708129901 ] ] ] } },
{ "type": "Feature", "properties": { "NAME_1": "México", "NAME_2": "Tultitlán" }, "geometry": { "type": "Polygon", "coordinates": [ [ [ -99.140609741210895, 19.485031127929702 ], [ -99.173057556152301, 19.453750610351602 ], [ -99.180107116699205, 19.4339294433594 ], [ -99.228736877441406, 19.453311920166101 ], [ -99.207466125488295, 19.536090850830099 ], [ -99.168006896972599, 19.5576496124269 ], [ -99.160469055175696, 19.545240402221701 ], [ -99.135047912597699, 19.545570373535199 ], [ -99.122627258300696, 19.559900283813501 ], [ -99.135406494140597, 19.572509765625099 ], [ -99.124076843261705, 19.617019653320298 ], [ -99.113647460937401, 19.619358062744102 ], [ -99.111473083495994, 19.610160827636701 ], [ -99.077239990234304, 19.602451324462901 ], [ -99.057296752929602, 19.616809844970799 ], [ -99.043777465820298, 19.642879486083999 ], [ -99.035148620605398, 19.6436080932618 ], [ -99.024841308593807, 19.621789932250898 ], [ -99.013366699218807, 19.615419387817401 ], [ -99.059143066406193, 19.594480514526399 ], [ -99.078361511230398, 19.534120559692401 ], [ -99.08740234375, 19.539659500122099 ], [ -99.101600646972699, 19.532342910766602 ], [ -99.140609741210895, 19.485031127929702 ] ] ] } },
{ "type": "Feature", "properties": { "NAME_1": "México", "NAME_2": "Valle de Bravo" }, "geometry": { "type": "Polygon", "coordinates": [ [ [ -100.227210998535, 19.1303806304932 ], [ -100.209991455077997, 19.193700790405298 ], [ -100.143829345702997, 19.225980758666999 ], [ -100.120239257812003, 19.253480911254801 ], [ -100.073860168457003, 19.2139797210694 ], [ -100.070091247559006, 19.190860748291101 ], [ -100.041473388672003, 19.175582885742301 ], [ -100.03524017334, 19.140832901001001 ], [ -100.020362854004006, 19.121650695800799 ], [ -99.949020385742202, 19.117700576782202 ], [ -99.941360473632798, 19.108320236206101 ], [ -99.946807861328097, 19.095220565796001 ], [ -99.985557556152301, 19.0707111358644 ], [ -100.005172729492003, 19.048360824585 ], [ -100.030868530272997, 19.03768157959 ], [ -100.029861450195, 19.0000610351563 ], [ -100.03630065918, 18.989240646362301 ], [ -100.077507019042997, 18.981239318847798 ], [ -100.124862670897997, 18.948881149291999 ], [ -100.149299621582003, 18.920312881469702 ], [ -100.163116455077997, 18.9213981628419 ], [ -100.174217224120994, 18.909868240356499 ], [ -100.190780639647997, 18.926307678222798 ], [ -100.224502563477003, 18.9178791046143 ], [ -100.205825805664006, 18.990329742431602 ], [ -100.222480773925994, 19.045570373535199 ], [ -100.217697143555, 19.060300827026499 ], [ -100.238731384277003, 19.085809707641701 ], [ -100.227210998535, 19.1303806304932 ] ] ] } },
{ "type": "Feature", "properties": { "NAME_1": "México", "NAME_2": "Villa de Allende" }, "geometry": { "type": "Polygon", "coordinates": [ [ [ -100.207992553710994, 19.437660217285298 ], [ -100.156646728515994, 19.459461212158299 ], [ -100.097702026367003, 19.459020614623999 ], [ -100.079048156737997, 19.482160568237401 ], [ -100.061653137207003, 19.483432769775401 ], [ -100.026817321777003, 19.429460525512798 ], [ -99.996017456054702, 19.349317550659102 ], [ -99.935462951660199, 19.2935295104982 ], [ -99.936019897460895, 19.269569396972699 ], [ -99.961723327636705, 19.247970581054702 ], [ -99.972633361816307, 19.247400283813501 ], [ -99.984336853027301, 19.262580871581999 ], [ -99.986007690429702, 19.294460296630898 ], [ -100.031059265137003, 19.3242702484131 ], [ -100.038650512695, 19.348230361938601 ], [ -100.049377441405994, 19.3519382476807 ], [ -100.105369567870994, 19.3383197784425 ], [ -100.144439697265994, 19.297969818115199 ], [ -100.177230834960994, 19.305070877075298 ], [ -100.181221008300994, 19.3369026184082 ], [ -100.170608520507997, 19.367500305175799 ], [ -100.190727233887003, 19.4061508178712 ], [ -100.213722229004006, 19.421239852905298 ], [ -100.207992553710994, 19.437660217285298 ] ] ] } },
{ "type": "Feature", "properties": { "NAME_1": "México", "NAME_2": "Villa del Carbón" }, "geometry": { "type": "Polygon", "coordinates": [ [ [ -99.527908325195298, 19.757001876831101 ], [ -99.492546081542898, 19.767829895019599 ], [ -99.448097229003807, 19.764591217041101 ], [ -99.443702697753807, 19.783870697021499 ], [ -99.454246520996094, 19.817150115966701 ], [ -99.441146850585895, 19.850980758666999 ], [ -99.388801574707003, 19.884952545166101 ], [ -99.373062133789006, 19.8707809448243 ], [ -99.370773315429602, 19.841302871704201 ], [ -99.355583190917898, 19.815322875976701 ], [ -99.370483398437401, 19.706020355224702 ], [ -99.381141662597599, 19.677101135253899 ], [ -99.407127380371094, 19.668340682983501 ], [ -99.437980651855398, 19.629150390625099 ], [ -99.454910278320298, 19.573932647705199 ], [ -99.484275817871094, 19.5865802764893 ], [ -99.502349853515597, 19.6390895843506 ], [ -99.549957275390597, 19.673709869384702 ], [ -99.574981689453097, 19.683900833129901 ], [ -99.611091613769503, 19.678308486938501 ], [ -99.617599487304702, 19.6840305328369 ], [ -99.614517211914006, 19.695360183715898 ], [ -99.588783264160099, 19.7146911621094 ], [ -99.551033020019503, 19.712631225586001 ], [ -99.527908325195298, 19.757001876831101 ] ] ] } },
{ "type": "Feature", "properties": { "NAME_1": "México", "NAME_2": "Villa Guerrero" }, "geometry": { "type": "Polygon", "coordinates": [ [ [ -99.761711120605497, 18.9717826843263 ], [ -99.746429443359304, 19.000368118286101 ], [ -99.712280273437401, 19.032199859619201 ], [ -99.709503173828097, 19.021379470825199 ], [ -99.689422607421903, 19.007379531860501 ], [ -99.687660217285099, 18.990119934082099 ], [ -99.660346984863295, 18.966279983520501 ], [ -99.648399353027301, 18.989540100097699 ], [ -99.640480041503807, 18.9893302917482 ], [ -99.628120422363295, 18.9491901397706 ], [ -99.570190429687401, 18.859859466552699 ], [ -99.552726745605398, 18.7908611297607 ], [ -99.564826965332003, 18.783220291137798 ], [ -99.600280761718807, 18.824829101562599 ], [ -99.625930786132798, 18.840581893921001 ], [ -99.685836791992202, 18.842470169067401 ], [ -99.713546752929702, 18.8173103332519 ], [ -99.734703063964702, 18.834140777587901 ], [ -99.747337341308594, 18.8565902709962 ], [ -99.726081848144503, 18.8649501800538 ], [ -99.745246887207003, 18.896360397338899 ], [ -99.761711120605497, 18.9717826843263 ] ] ] } },
{ "type": "Feature", "properties": { "NAME_1": "México", "NAME_2": "Villa Victoria" }, "geometry": { "type": "Polygon", "coordinates": [ [ [ -100.207992553710994, 19.437660217285298 ], [ -100.209075927734006, 19.492370605468899 ], [ -100.152526855469006, 19.503749847412202 ], [ -100.115242004395, 19.5211505889893 ], [ -100.053817749022997, 19.528570175171001 ], [ -100.029373168945, 19.543359756469801 ], [ -99.975929260253906, 19.502880096435501 ], [ -99.935562133789105, 19.531171798706101 ], [ -99.888542175292997, 19.527572631835898 ], [ -99.888092041015597, 19.510780334472699 ], [ -99.8712158203125, 19.482780456543001 ], [ -99.868469238281193, 19.4149703979493 ], [ -99.871337890624901, 19.391700744628999 ], [ -99.891036987304702, 19.352720260620199 ], [ -99.877708435058594, 19.203390121460099 ], [ -99.891220092773395, 19.200801849365298 ], [ -99.910621643066307, 19.231870651245099 ], [ -99.943572998046903, 19.261070251464801 ], [ -99.934852600097599, 19.273471832275401 ], [ -99.935462951660199, 19.2935295104982 ], [ -99.996017456054702, 19.349317550659102 ], [ -100.026817321777003, 19.429460525512798 ], [ -100.061653137207003, 19.483432769775401 ], [ -100.079048156737997, 19.482160568237401 ], [ -100.097702026367003, 19.459020614623999 ], [ -100.156646728515994, 19.459461212158299 ], [ -100.207992553710994, 19.437660217285298 ] ] ] } },
{ "type": "Feature", "properties": { "NAME_1": "México", "NAME_2": "Xonacatlán" }, "geometry": { "type": "Polygon", "coordinates": [ [ [ -99.528762817382798, 19.299940109252901 ], [ -99.537338256835895, 19.329652786254901 ], [ -99.519226074218807, 19.348091125488299 ], [ -99.478492736816406, 19.365009307861399 ], [ -99.426666259765497, 19.400100708007798 ], [ -99.407417297363295, 19.439250946045 ], [ -99.370246887207003, 19.43528175354 ], [ -99.372673034667898, 19.419380187988299 ], [ -99.355216979980398, 19.411609649658299 ], [ -99.364891052246094, 19.388999938965 ], [ -99.364875793457003, 19.359741210937599 ], [ -99.459991455078097, 19.3597602844238 ], [ -99.468070983886705, 19.3314418792725 ], [ -99.496391296386705, 19.340579986572301 ], [ -99.500717163085895, 19.311119079589901 ], [ -99.528762817382798, 19.299940109252901 ] ] ] } },
{ "type": "Feature", "properties": { "NAME_1": "México", "NAME_2": "Zacazonapan" }, "geometry": { "type": "Polygon", "coordinates": [ [ [ -100.227645874022997, 18.8703727722168 ], [ -100.238296508789006, 18.857009887695401 ], [ -100.249298095702997, 18.8560390472413 ], [ -100.302307128905994, 18.880100250244102 ], [ -100.292289733887003, 18.9292602539063 ], [ -100.280258178710994, 18.922849655151399 ], [ -100.245292663574006, 18.941921234130898 ], [ -100.245346069335994, 19.0360107421875 ], [ -100.234275817870994, 19.0536384582519 ], [ -100.222106933594006, 19.048700332641701 ], [ -100.205825805664006, 18.990329742431602 ], [ -100.225410461425994, 18.927061080932599 ], [ -100.227645874022997, 18.8703727722168 ] ] ] } },
{ "type": "Feature", "properties": { "NAME_1": "México", "NAME_2": "Zacualpan" }, "geometry": { "type": "Polygon", "coordinates": [ [ [ -99.748252868652301, 18.578979492187599 ], [ -99.755691528320298, 18.573139190673899 ], [ -99.793991088867102, 18.583778381347699 ], [ -99.820075988769503, 18.5701084136963 ], [ -99.834365844726605, 18.5465202331543 ], [ -99.886642456054702, 18.544450759887798 ], [ -99.899826049804702, 18.5830097198487 ], [ -99.893356323242202, 18.601770401001001 ], [ -99.905158996582003, 18.607120513916001 ], [ -99.907318115234304, 18.617620468139801 ], [ -99.881660461425696, 18.616050720214801 ], [ -99.871482849121094, 18.638740539550799 ], [ -99.850875854492202, 18.657220840454201 ], [ -99.849479675292997, 18.688329696655298 ], [ -99.820686340332003, 18.695880889892599 ], [ -99.838783264160199, 18.7234802246094 ], [ -99.819976806640597, 18.7552394866943 ], [ -99.773849487304702, 18.766960144043001 ], [ -99.751800537109403, 18.763940811157301 ], [ -99.743713378906193, 18.779090881347699 ], [ -99.693687438964801, 18.727411270141701 ], [ -99.660270690917997, 18.6563205718994 ], [ -99.668533325195298, 18.6444797515869 ], [ -99.733642578124901, 18.634410858154201 ], [ -99.748252868652301, 18.578979492187599 ] ] ] } },
{ "type": "Feature", "properties": { "NAME_1": "México", "NAME_2": "Zinacatepec" }, "geometry": { "type": "Polygon", "coordinates": [ [ [ -99.858749389648395, 19.139699935913001 ], [ -99.835388183593693, 19.243579864502099 ], [ -99.825576782226506, 19.2417297363282 ], [ -99.807098388671903, 19.256282806396499 ], [ -99.777603149414006, 19.247930526733501 ], [ -99.749870300292997, 19.227870941162202 ], [ -99.728385925292898, 19.255741119384801 ], [ -99.689979553222699, 19.2334308624269 ], [ -99.689315795898395, 19.194940567016602 ], [ -99.715980529785099, 19.176000595092798 ], [ -99.709182739257798, 19.158330917358501 ], [ -99.722938537597599, 19.132989883422901 ], [ -99.728179931640597, 19.096860885620199 ], [ -99.722290039062401, 19.0487594604493 ], [ -99.790412902832003, 19.0665798187256 ], [ -99.781051635742102, 19.0801811218262 ], [ -99.801483154296903, 19.094600677490298 ], [ -99.831230163574205, 19.083459854126001 ], [ -99.825607299804702, 19.110019683837901 ], [ -99.858749389648395, 19.139699935913001 ] ] ] } },
{ "type": "Feature", "properties": { "NAME_1": "México", "NAME_2": "Zumpahuacan" }, "geometry": { "type": "Polygon", "coordinates": [ [ [ -99.431930541992202, 18.726850509643601 ], [ -99.454849243164105, 18.699499130248999 ], [ -99.464836120605497, 18.6614494323732 ], [ -99.496932983398395, 18.665998458862401 ], [ -99.529716491699205, 18.647470474243299 ], [ -99.547203063964801, 18.657260894775501 ], [ -99.550765991210895, 18.7122097015381 ], [ -99.566085815429602, 18.740499496459901 ], [ -99.566978454589801, 18.778829574584901 ], [ -99.552612304687401, 18.794782638549901 ], [ -99.572181701660099, 18.857791900634801 ], [ -99.553413391113295, 18.852340698242202 ], [ -99.529846191406193, 18.798749923706101 ], [ -99.482566833496094, 18.766508102416999 ], [ -99.481666564941307, 18.745531082153398 ], [ -99.459846496582003, 18.736150741577099 ], [ -99.448310852050696, 18.717002868652401 ], [ -99.431930541992202, 18.726850509643601 ] ] ] } },
{ "type": "Feature", "properties": { "NAME_1": "México", "NAME_2": "Zumpango" }, "geometry": { "type": "Polygon", "coordinates": [ [ [ -99.074447631835895, 19.687919616699201 ], [ -99.104881286620994, 19.7234401702881 ], [ -99.104728698730497, 19.739059448242202 ], [ -99.078552246093693, 19.747951507568398 ], [ -99.101097106933594, 19.778680801391701 ], [ -99.079536437988295, 19.814041137695298 ], [ -99.048011779785199, 19.8430995941163 ], [ -99.044219970703097, 19.857448577880898 ], [ -99.032012939453097, 19.8457126617431 ], [ -99.034507751464801, 19.785659790039102 ], [ -98.984786987304702, 19.805698394775298 ], [ -98.954406738281094, 19.75465965271 ], [ -98.9521484375, 19.712110519409201 ], [ -98.977981567382798, 19.7140808105469 ], [ -99.000411987304702, 19.698329925537099 ], [ -98.997512817382699, 19.6872882843018 ], [ -98.965560913085895, 19.6779899597169 ], [ -98.964691162109304, 19.658220291137599 ], [ -98.977462768554602, 19.639890670776399 ], [ -99.018630981445298, 19.648290634155298 ], [ -99.033790588378906, 19.6827697753906 ], [ -99.074447631835895, 19.687919616699201 ] ] ] } }
]
}
