{
"type": "FeatureCollection",
"name": "michoacan",
"crs": { "type": "name", "properties": { "name": "urn:ogc:def:crs:OGC:1.3:CRS84" } },
"features": [
{ "type": "Feature", "properties": { "NAME_1": "Michoacán", "NAME_2": "Acuitzio" }, "geometry": { "type": "Polygon", "coordinates": [ [ [ -101.449645996094006, 19.3943195343018 ], [ -101.431190490722997, 19.4463405609131 ], [ -101.409469604492003, 19.451450347900501 ], [ -101.412117004394005, 19.506370544433601 ], [ -101.396438598632997, 19.5407104492188 ], [ -101.372222900390994, 19.541971206665099 ], [ -101.347496032715, 19.513010025024499 ], [ -101.29759979248, 19.493392944335898 ], [ -101.281021118164006, 19.439409255981602 ], [ -101.313858032227003, 19.401960372924702 ], [ -101.338317871094006, 19.427721023559599 ], [ -101.374908447265994, 19.428581237793001 ], [ -101.429748535155994, 19.3920917510987 ], [ -101.449645996094006, 19.3943195343018 ] ] ] } },
{ "type": "Feature", "properties": { "NAME_1": "Michoacán", "NAME_2": "Aguililla" }, "geometry": { "type": "Polygon", "coordinates": [ [ [ -102.79704284668, 18.492599487304599 ], [ -102.851989746094006, 18.536970138549901 ], [ -102.872222900390994, 18.588159561157301 ], [ -102.870407104492003, 18.612800598144499 ], [ -102.884170532227003, 18.6256618499757 ], [ -102.880043029785, 18.6963596343994 ], [ -102.910369873047003, 18.8271102905275 ], [ -102.903099060059006, 18.8665294647218 ], [ -102.805992126465, 18.962459564208899 ], [ -102.779975891112997, 18.978340148925898 ], [ -102.769012451172003, 19.012262344360401 ], [ -102.728897094727003, 19.027860641479499 ], [ -102.711601257324006, 19.061750411987301 ], [ -102.685333251952997, 19.069509506225501 ], [ -102.658897399902003, 19.052930831909201 ], [ -102.601936340332003, 19.039888381958001 ], [ -102.582099914550994, 19.0064811706544 ], [ -102.583709716797003, 18.976142883300799 ], [ -102.554336547850994, 18.968460083007901 ], [ -102.530151367187997, 18.945829391479499 ], [ -102.609016418457003, 18.933111190796001 ], [ -102.627197265625, 18.922859191894599 ], [ -102.634208679199006, 18.912889480590799 ], [ -102.633041381835994, 18.8789882659912 ], [ -102.646537780762003, 18.857709884643601 ], [ -102.59928894043, 18.7499504089357 ], [ -102.523910522460994, 18.637670516967901 ], [ -102.602043151855, 18.6186408996582 ], [ -102.595565795897997, 18.588251113891602 ], [ -102.633758544922003, 18.599279403686602 ], [ -102.674560546875, 18.594881057739201 ], [ -102.677322387695, 18.586420059204201 ], [ -102.661407470702997, 18.570392608642599 ], [ -102.69214630127, 18.564529418945298 ], [ -102.703506469727003, 18.532051086425898 ], [ -102.675819396972997, 18.5070705413818 ], [ -102.698143005370994, 18.487569808960099 ], [ -102.72834777832, 18.4799098968507 ], [ -102.774467468262003, 18.4965705871582 ], [ -102.79704284668, 18.492599487304599 ] ] ] } },
{ "type": "Feature", "properties": { "NAME_1": "Michoacán", "NAME_2": "Álvaro Obregón" }, "geometry": { "type": "Polygon", "coordinates": [ [ [ -100.974327087402003, 19.881010055541999 ], [ -101.017677307129006, 19.800849914550799 ], [ -101.077880859375, 19.771289825439499 ], [ -101.093353271484006, 19.775550842285199 ], [ -101.122093200684006, 19.858800888061499 ], [ -101.053115844727003, 19.886192321777401 ], [ -101.032188415527003, 19.931390762329102 ], [ -101.034942626952997, 19.9552402496338 ], [ -101.001586914062003, 19.9498901367188 ], [ -100.995323181152003, 19.941310882568299 ], [ -100.969673156737997, 19.941602706909201 ], [ -100.98152923584, 19.908609390258899 ], [ -100.962432861327997, 19.895280838012798 ], [ -100.974327087402003, 19.881010055541999 ] ] ] } },
{ "type": "Feature", "properties": { "NAME_1": "Michoacán", "NAME_2": "Angamacutiro" }, "geometry": { "type": "Polygon", "coordinates": [ [ [ -101.663063049315994, 20.1537475585938 ], [ -101.709541320800994, 20.1108112335206 ], [ -101.756683349609006, 20.033800125122099 ], [ -101.783027648925994, 20.035959243774499 ], [ -101.800498962402003, 20.065668106079102 ], [ -101.850456237792997, 20.099769592285199 ], [ -101.820762634277003, 20.154569625854599 ], [ -101.80753326416, 20.2045707702637 ], [ -101.751686096190994, 20.2028827667237 ], [ -101.720390319824006, 20.1921901702881 ], [ -101.68335723877, 20.227729797363299 ], [ -101.673789978027003, 20.252780914306602 ], [ -101.651756286620994, 20.225679397583001 ], [ -101.663063049315994, 20.1537475585938 ] ] ] } },
{ "type": "Feature", "properties": { "NAME_1": "Michoacán", "NAME_2": "Angangueo" }, "geometry": { "type": "Polygon", "coordinates": [ [ [ -100.229042053222997, 19.5925102233887 ], [ -100.253150939940994, 19.5983085632325 ], [ -100.310371398925994, 19.593030929565501 ], [ -100.354011535644005, 19.637422561645501 ], [ -100.353446960449006, 19.650989532470799 ], [ -100.326927185059006, 19.670019149780298 ], [ -100.273399353027003, 19.6874294281006 ], [ -100.249038696289006, 19.647550582885799 ], [ -100.22664642334, 19.630081176757901 ], [ -100.229042053222997, 19.5925102233887 ] ] ] } },
{ "type": "Feature", "properties": { "NAME_1": "Michoacán", "NAME_2": "Apatzingán" }, "geometry": { "type": "Polygon", "coordinates": [ [ [ -102.233261108397997, 18.857460021972599 ], [ -102.261093139647997, 18.809749603271499 ], [ -102.327850341797003, 18.787939071655401 ], [ -102.31672668457, 18.755050659179599 ], [ -102.286926269530994, 18.7422199249268 ], [ -102.296012878417997, 18.718940734863398 ], [ -102.347198486327997, 18.7057209014893 ], [ -102.365013122559006, 18.690248489379801 ], [ -102.372116088867003, 18.667251586914201 ], [ -102.429443359375, 18.656641006469801 ], [ -102.465156555175994, 18.672969818115199 ], [ -102.487251281737997, 18.6466903686525 ], [ -102.523910522460994, 18.637670516967901 ], [ -102.59928894043, 18.7499504089357 ], [ -102.646537780762003, 18.857709884643601 ], [ -102.633041381835994, 18.8789882659912 ], [ -102.634208679199006, 18.912889480590799 ], [ -102.627197265625, 18.922859191894599 ], [ -102.609016418457003, 18.933111190796001 ], [ -102.530151367187997, 18.945829391479499 ], [ -102.554336547850994, 18.968460083007901 ], [ -102.579956054687003, 18.972589492797901 ], [ -102.584732055664006, 18.986810684204201 ], [ -102.582099914550994, 19.0064811706544 ], [ -102.517486572265994, 19.0084018707275 ], [ -102.501411437987997, 19.0441608428956 ], [ -102.501396179199006, 19.053512573242301 ], [ -102.523345947265994, 19.064548492431602 ], [ -102.540100097655994, 19.0919094085694 ], [ -102.533958435059006, 19.136510848998999 ], [ -102.49967956543, 19.165729522705199 ], [ -102.485305786132997, 19.1462917327881 ], [ -102.442939758300994, 19.1545219421388 ], [ -102.429496765137003, 19.1920680999756 ], [ -102.327568054199006, 19.226781845092798 ], [ -102.319038391112997, 19.196172714233398 ], [ -102.299026489257997, 19.215190887451101 ], [ -102.267639160155994, 19.217359542846701 ], [ -102.249382019042997, 19.2388401031494 ], [ -102.21150970459, 19.2217102050782 ], [ -102.218139648437003, 19.193889617919901 ], [ -102.262542724609006, 19.127912521362301 ], [ -102.261222839355, 19.114690780639801 ], [ -102.240768432617003, 19.115179061889702 ], [ -102.236976623535, 19.108860015869201 ], [ -102.258949279785, 19.0724601745607 ], [ -102.278701782227003, 19.063531875610401 ], [ -102.300582885742003, 18.995599746703999 ], [ -102.356452941895, 18.9360027313232 ], [ -102.326286315917997, 18.899940490722699 ], [ -102.268966674805, 18.8863925933838 ], [ -102.233261108397997, 18.857460021972599 ] ] ] } },
{ "type": "Feature", "properties": { "NAME_1": "Michoacán", "NAME_2": "Aporo" }, "geometry": { "type": "Polygon", "coordinates": [ [ [ -100.355819702147997, 19.643590927124102 ], [ -100.381607055664006, 19.6457118988038 ], [ -100.40641784668, 19.6289997100831 ], [ -100.429901123047003, 19.626092910766701 ], [ -100.435897827147997, 19.687311172485401 ], [ -100.418006896972997, 19.722509384155298 ], [ -100.370399475097997, 19.698040008545 ], [ -100.345817565917997, 19.6940727233888 ], [ -100.326927185059006, 19.670019149780298 ], [ -100.355819702147997, 19.643590927124102 ] ] ] } },
{ "type": "Feature", "properties": { "NAME_1": "Michoacán", "NAME_2": "Aquila" }, "geometry": { "type": "GeometryCollection", "geometries": [ { "type": "Polygon", "coordinates": [ [ [ -103.132080078125, 18.203470230102699 ], [ -103.147087097167997, 18.199861526489201 ], [ -103.186531066895, 18.221805572509901 ], [ -103.206253051757997, 18.220417022705099 ], [ -103.209861755370994, 18.2306938171387 ], [ -103.233749389647997, 18.2295837402344 ], [ -103.247360229492003, 18.241247177124102 ], [ -103.243194580077997, 18.2334728240968 ], [ -103.292358398437003, 18.24680519104 ], [ -103.306526184082003, 18.260139465331999 ], [ -103.340972900390994, 18.271528244018601 ], [ -103.360969543457003, 18.262638092041101 ], [ -103.37735748291, 18.281248092651399 ], [ -103.388748168945, 18.2784729003907 ], [ -103.427917480469006, 18.303472518921001 ], [ -103.49430847168, 18.328193664550799 ], [ -103.493469238280994, 18.337083816528398 ], [ -103.512359619140994, 18.346525192260799 ], [ -103.513191223145, 18.362361907959102 ], [ -103.530136108397997, 18.383472442626999 ], [ -103.533752441405994, 18.414861679077301 ], [ -103.58430480957, 18.507638931274499 ], [ -103.672637939452997, 18.5809726715088 ], [ -103.706253051757997, 18.589860916137798 ], [ -103.712364196777003, 18.597917556762599 ], [ -103.698196411132997, 18.602361679077301 ], [ -103.686531066894005, 18.624305725097699 ], [ -103.652336120605, 18.630550384521602 ], [ -103.610733032227003, 18.6739711761475 ], [ -103.572006225585994, 18.680652618408299 ], [ -103.562622070312003, 18.7043991088868 ], [ -103.542472839355, 18.707532882690401 ], [ -103.537666320800994, 18.684171676635799 ], [ -103.520072937012003, 18.675580978393601 ], [ -103.458946228027003, 18.615140914917099 ], [ -103.429496765137003, 18.611749649047901 ], [ -103.385757446289006, 18.592069625854599 ], [ -103.346221923827997, 18.595069885253899 ], [ -103.362426757812003, 18.563110351562599 ], [ -103.332527160644005, 18.543430328369102 ], [ -103.320190429687997, 18.546810150146602 ], [ -103.330612182617003, 18.5649318695069 ], [ -103.325736999512003, 18.572759628296001 ], [ -103.279426574707003, 18.548730850219702 ], [ -103.255859375, 18.569580078125099 ], [ -103.231292724609006, 18.5624103546144 ], [ -103.237228393555, 18.534919738769599 ], [ -103.280311584472997, 18.4629802703857 ], [ -103.281440734862997, 18.4540309906006 ], [ -103.267921447754006, 18.443010330200298 ], [ -103.252983093262003, 18.438880920410199 ], [ -103.217849731445, 18.453590393066499 ], [ -103.17658996582, 18.453510284423899 ], [ -103.102066040039006, 18.4290981292725 ], [ -103.092529296875, 18.419652938842901 ], [ -103.097732543945, 18.4021110534668 ], [ -103.092720031737997, 18.393020629882798 ], [ -103.068412780762003, 18.38796043396 ], [ -103.029457092285, 18.363002777099599 ], [ -102.944320678710994, 18.372129440307699 ], [ -102.871887207030994, 18.325361251831101 ], [ -102.863777160644005, 18.324777603149499 ], [ -102.843063354492003, 18.349700927734499 ], [ -102.825202941895, 18.3522682189943 ], [ -102.792297363280994, 18.296531677246101 ], [ -102.773857116699006, 18.295991897583001 ], [ -102.760566711425994, 18.3088607788087 ], [ -102.730606079102003, 18.300930023193398 ], [ -102.711791992187997, 18.2783107757569 ], [ -102.714866638184006, 18.2624206542969 ], [ -102.735420227050994, 18.236730575561602 ], [ -102.789100646972997, 18.204242706298899 ], [ -102.797859191895, 18.121850967407202 ], [ -102.79069519043, 18.085973739624102 ], [ -103.028747558594006, 18.186805725097798 ], [ -103.057083129882997, 18.186525344848601 ], [ -103.061531066895, 18.1934738159181 ], [ -103.11319732666, 18.189582824706999 ], [ -103.115692138672003, 18.2018051147462 ], [ -103.132080078125, 18.203470230102699 ] ] ] }, { "type": "Polygon", "coordinates": [ [ [ -103.517639160155994, 18.353473663330099 ], [ -103.515975952147997, 18.3529167175293 ], [ -103.516807556152003, 18.351528167724702 ], [ -103.518753051757997, 18.3520832061768 ], [ -103.517639160155994, 18.353473663330099 ] ] ] }, { "type": "Polygon", "coordinates": [ [ [ -103.521530151367003, 18.352638244628899 ], [ -103.520973205565994, 18.351251602173001 ], [ -103.523475646972997, 18.351251602173001 ], [ -103.523193359375, 18.352361679077099 ], [ -103.521530151367003, 18.352638244628899 ] ] ] } ] } },
{ "type": "Feature", "properties": { "NAME_1": "Michoacán", "NAME_2": "Ario" }, "geometry": { "type": "Polygon", "coordinates": [ [ [ -101.797218322754006, 19.061000823974702 ], [ -101.773529052734006, 19.074390411377099 ], [ -101.772346496582003, 19.097070693969702 ], [ -101.79866027832, 19.146139144897599 ], [ -101.79313659668, 19.1711711883544 ], [ -101.832290649414006, 19.1861801147462 ], [ -101.837280273437997, 19.214269638061602 ], [ -101.811706542969006, 19.210048675537099 ], [ -101.809226989745994, 19.2192497253418 ], [ -101.839210510254006, 19.247659683227599 ], [ -101.856552124022997, 19.241460800171001 ], [ -101.852966308594006, 19.266929626465 ], [ -101.813301086425994, 19.261770248413001 ], [ -101.786178588867003, 19.2415485382081 ], [ -101.753837585449006, 19.249799728393601 ], [ -101.716735839844006, 19.239128112792901 ], [ -101.688591003417997, 19.261510848999102 ], [ -101.625740051269005, 19.259670257568398 ], [ -101.597366333007997, 19.271989822387699 ], [ -101.591018676757997, 19.2217102050782 ], [ -101.599426269530994, 19.206480026245099 ], [ -101.588806152344006, 19.196792602539102 ], [ -101.601181030272997, 19.1739406585694 ], [ -101.590362548827997, 19.166080474853601 ], [ -101.597648620605, 19.1444606781007 ], [ -101.587593078612997, 19.1042995452881 ], [ -101.604362487792997, 19.073610305786101 ], [ -101.592750549315994, 19.052240371704201 ], [ -101.589996337890994, 19.015638351440501 ], [ -101.621566772460994, 18.977420806884801 ], [ -101.619178771972997, 18.957080841064599 ], [ -101.630798339844006, 18.9463806152344 ], [ -101.640029907227003, 18.947860717773601 ], [ -101.701866149902003, 19.0035305023193 ], [ -101.79216003418, 19.051679611206101 ], [ -101.797218322754006, 19.061000823974702 ] ] ] } },
{ "type": "Feature", "properties": { "NAME_1": "Michoacán", "NAME_2": "Arteaga" }, "geometry": { "type": "Polygon", "coordinates": [ [ [ -102.128936767577997, 18.1892910003662 ], [ -102.137100219727003, 18.200290679931602 ], [ -102.177780151367003, 18.216962814331101 ], [ -102.262969970702997, 18.232580184936499 ], [ -102.274597167969006, 18.2250709533693 ], [ -102.275810241699006, 18.209730148315401 ], [ -102.289115905762003, 18.2080802917482 ], [ -102.322822570800994, 18.222160339355501 ], [ -102.33283996582, 18.241230010986399 ], [ -102.35205078125, 18.2358303070068 ], [ -102.359832763672003, 18.247819900512798 ], [ -102.368507385254006, 18.223489761352699 ], [ -102.353897094727003, 18.208490371704102 ], [ -102.438659667969006, 18.1574726104737 ], [ -102.453323364257997, 18.174640655517599 ], [ -102.468955993652003, 18.1725807189943 ], [ -102.474006652832003, 18.164060592651499 ], [ -102.46125793457, 18.1468410491944 ], [ -102.48282623291, 18.1284503936768 ], [ -102.493118286132997, 18.1069011688232 ], [ -102.561187744140994, 18.132062911987202 ], [ -102.581275939940994, 18.119859695434599 ], [ -102.621391296387003, 18.144189834594702 ], [ -102.642692565917997, 18.122169494628999 ], [ -102.688583374022997, 18.122200012206999 ], [ -102.695739746094006, 18.1272907257081 ], [ -102.687591552734006, 18.140590667724599 ], [ -102.691291809082003, 18.1540203094482 ], [ -102.740913391112997, 18.1546096801757 ], [ -102.757141113280994, 18.1661701202393 ], [ -102.763389587402003, 18.163049697875898 ], [ -102.756706237792997, 18.144371032714801 ], [ -102.79174041748, 18.137170791626001 ], [ -102.789100646972997, 18.204242706298899 ], [ -102.735420227050994, 18.236730575561602 ], [ -102.711647033690994, 18.273500442504901 ], [ -102.727996826172003, 18.299169540405298 ], [ -102.757667541504006, 18.305271148681701 ], [ -102.755447387695, 18.3197307586669 ], [ -102.773086547852003, 18.338518142700099 ], [ -102.775871276855, 18.352859497070401 ], [ -102.74479675293, 18.3817329406738 ], [ -102.744148254395, 18.392799377441499 ], [ -102.658866882324006, 18.3996505737306 ], [ -102.642852783202997, 18.3743495941162 ], [ -102.626472473145, 18.3679294586182 ], [ -102.607261657715, 18.34255027771 ], [ -102.512992858887003, 18.361640930175799 ], [ -102.503486633300994, 18.328731536865298 ], [ -102.47151184082, 18.329919815063601 ], [ -102.453407287597997, 18.317880630493299 ], [ -102.443466186522997, 18.391559600830199 ], [ -102.408203125, 18.3984107971193 ], [ -102.351722717285, 18.4351406097412 ], [ -102.354347229004006, 18.450391769409102 ], [ -102.338661193847997, 18.486801147461001 ], [ -102.321296691895, 18.491260528564499 ], [ -102.284896850585994, 18.533800125122202 ], [ -102.299026489257997, 18.561170578003001 ], [ -102.288566589355, 18.594301223754801 ], [ -102.278419494629006, 18.603879928588999 ], [ -102.267807006835994, 18.5967807769775 ], [ -102.251716613769005, 18.6019001007081 ], [ -102.248573303222997, 18.6191101074219 ], [ -102.238777160645, 18.624111175537099 ], [ -102.185340881347997, 18.610532760620199 ], [ -102.186988830565994, 18.626268386840898 ], [ -102.209747314452997, 18.651670455932599 ], [ -102.191696166992003, 18.673530578613299 ], [ -102.123222351074006, 18.659498214721701 ], [ -102.090911865234006, 18.6827297210693 ], [ -102.071510314940994, 18.673231124877901 ], [ -102.06420135498, 18.654132843017599 ], [ -102.015647888184006, 18.632261276245199 ], [ -101.976440429687997, 18.642229080200199 ], [ -101.907051086425994, 18.632961273193398 ], [ -101.958366394042997, 18.629392623901399 ], [ -101.907020568847997, 18.625238418579102 ], [ -101.900253295897997, 18.6141796112062 ], [ -101.906303405762003, 18.5954704284669 ], [ -101.882820129394005, 18.566858291626001 ], [ -101.895652770995994, 18.5630912780762 ], [ -101.896858215332003, 18.5523490905763 ], [ -101.914039611815994, 18.5596008300781 ], [ -101.922996520995994, 18.549840927124102 ], [ -101.912338256835994, 18.542190551757798 ], [ -101.931228637695, 18.5421428680419 ], [ -101.9208984375, 18.532657623291101 ], [ -101.933876037597997, 18.527521133423001 ], [ -101.960998535155994, 18.535102844238398 ], [ -101.975769042969006, 18.533180236816499 ], [ -101.957366943359006, 18.531631469726602 ], [ -101.944763183594006, 18.517780303955099 ], [ -101.92130279541, 18.5223598480225 ], [ -101.922470092772997, 18.483921051025298 ], [ -101.900886535645, 18.441608428955099 ], [ -101.91081237793, 18.431871414184599 ], [ -101.92147064209, 18.441352844238299 ], [ -101.930419921875, 18.439380645751999 ], [ -101.942031860352003, 18.4468097686769 ], [ -101.946418762207003, 18.4640102386475 ], [ -101.984657287597997, 18.4746608734131 ], [ -101.991706848145, 18.488000869751001 ], [ -101.998229980469006, 18.477991104126001 ], [ -102.026077270507997, 18.4835109710694 ], [ -101.998207092285, 18.455560684204201 ], [ -101.952690124512003, 18.4450702667237 ], [ -101.950248718262003, 18.436349868774499 ], [ -101.923622131347997, 18.420999526977599 ], [ -101.921409606934006, 18.398330688476701 ], [ -101.900817871094006, 18.374109268188501 ], [ -101.888916015625, 18.340370178222798 ], [ -101.893981933594006, 18.3283004760743 ], [ -101.887680053710994, 18.319549560546999 ], [ -101.897102355957003, 18.314609527587901 ], [ -101.899261474609006, 18.302272796630898 ], [ -101.892700195312003, 18.2878112792969 ], [ -101.900192260742003, 18.2812404632568 ], [ -101.897987365722997, 18.264530181884901 ], [ -101.92024230957, 18.269769668579201 ], [ -101.91739654541, 18.262271881103501 ], [ -101.947807312012003, 18.2327995300294 ], [ -101.982940673827997, 18.2251300811768 ], [ -102.005996704102003, 18.207990646362301 ], [ -102.044189453125, 18.217180252075298 ], [ -102.128936767577997, 18.1892910003662 ] ] ] } },
{ "type": "Feature", "properties": { "NAME_1": "Michoacán", "NAME_2": "Briseñas" }, "geometry": { "type": "Polygon", "coordinates": [ [ [ -102.528923034667997, 20.215799331665 ], [ -102.562301635742003, 20.196069717407301 ], [ -102.621887207030994, 20.180950164795 ], [ -102.678901672362997, 20.173650741577301 ], [ -102.700225830077997, 20.183019638061499 ], [ -102.697723388672003, 20.199560165405401 ], [ -102.659782409667997, 20.2118110656738 ], [ -102.626281738280994, 20.248840332031399 ], [ -102.587936401367003, 20.244590759277401 ], [ -102.543472290039006, 20.272579193115298 ], [ -102.517791748047003, 20.2371311187744 ], [ -102.528923034667997, 20.215799331665 ] ] ] } },
{ "type": "Feature", "properties": { "NAME_1": "Michoacán", "NAME_2": "Buenavista" }, "geometry": { "type": "Polygon", "coordinates": [ [ [ -102.685333251952997, 19.069509506225501 ], [ -102.70263671875, 19.090431213378999 ], [ -102.718849182129006, 19.097032546997202 ], [ -102.723793029785, 19.109849929809499 ], [ -102.752197265625, 19.118619918823299 ], [ -102.752693176269005, 19.1279201507568 ], [ -102.787078857422003, 19.161502838134801 ], [ -102.805587768555, 19.163709640503001 ], [ -102.815773010254006, 19.200437545776399 ], [ -102.815902709960994, 19.237720489501999 ], [ -102.790489196777003, 19.2363510131837 ], [ -102.743827819824006, 19.2111206054688 ], [ -102.733436584472997, 19.2134094238281 ], [ -102.699195861815994, 19.301532745361399 ], [ -102.630599975585994, 19.363758087158299 ], [ -102.601356506347997, 19.408321380615298 ], [ -102.579391479492003, 19.411199569702202 ], [ -102.556129455565994, 19.426031112670898 ], [ -102.542587280272997, 19.419847488403299 ], [ -102.52995300293, 19.399520874023601 ], [ -102.502281188965, 19.403600692749102 ], [ -102.482818603515994, 19.3114128112794 ], [ -102.429496765137003, 19.1920680999756 ], [ -102.442939758300994, 19.1545219421388 ], [ -102.485305786132997, 19.1462917327881 ], [ -102.49967956543, 19.165729522705199 ], [ -102.536743164062003, 19.131191253662202 ], [ -102.540100097655994, 19.0919094085694 ], [ -102.523345947265994, 19.064548492431602 ], [ -102.500137329102003, 19.051950454711999 ], [ -102.515846252440994, 19.010950088501001 ], [ -102.534362792969006, 19.012060165405401 ], [ -102.549896240234006, 19.002759933471602 ], [ -102.582099914550994, 19.0064811706544 ], [ -102.601936340332003, 19.039888381958001 ], [ -102.658897399902003, 19.052930831909201 ], [ -102.685333251952997, 19.069509506225501 ] ] ] } },
{ "type": "Feature", "properties": { "NAME_1": "Michoacán", "NAME_2": "Carácuaro" }, "geometry": { "type": "Polygon", "coordinates": [ [ [ -101.223922729492003, 18.772270202636701 ], [ -101.236938476562003, 18.812641143798899 ], [ -101.208045959472997, 18.851800918578999 ], [ -101.184928894042997, 18.923479080200298 ], [ -101.180366516112997, 18.955940246581999 ], [ -101.19149017334, 18.983869552612202 ], [ -101.169326782227003, 19.0151901245118 ], [ -101.093032836914006, 19.051700592041101 ], [ -101.106307983397997, 19.090272903442401 ], [ -101.130226135254006, 19.117040634155298 ], [ -101.129913330077997, 19.125989913940401 ], [ -101.110359191894005, 19.1273002624512 ], [ -101.087829589844006, 19.137001037597699 ], [ -101.078170776367003, 19.154077529907301 ], [ -101.043869018555, 19.162662506103601 ], [ -101.016998291015994, 19.203161239624102 ], [ -101.000785827637003, 19.2040710449219 ], [ -100.986557006835994, 19.180120468139801 ], [ -100.978088378905994, 19.135740280151399 ], [ -100.978202819824006, 19.115770339965799 ], [ -100.995948791504006, 19.093431472778398 ], [ -100.995727539062003, 19.082189559936602 ], [ -100.954818725585994, 19.089950561523601 ], [ -100.932708740234006, 19.066629409790099 ], [ -100.864562988280994, 19.021480560302798 ], [ -100.880966186522997, 18.982538223266701 ], [ -100.898780822754006, 18.970720291137798 ], [ -100.880561828612997, 18.9558410644532 ], [ -100.892860412597997, 18.917591094970799 ], [ -100.890258789062003, 18.874071121215898 ], [ -100.911666870117003, 18.872720718383899 ], [ -100.91480255127, 18.848640441894599 ], [ -100.95768737793, 18.840970993042099 ], [ -100.974166870117003, 18.820552825927699 ], [ -101.024223327637003, 18.8485012054443 ], [ -101.057167053222997, 18.8520202636719 ], [ -101.14379119873, 18.808071136474702 ], [ -101.174217224120994, 18.776960372924801 ], [ -101.223922729492003, 18.772270202636701 ] ] ] } },
{ "type": "Feature", "properties": { "NAME_1": "Michoacán", "NAME_2": "Charapan" }, "geometry": { "type": "Polygon", "coordinates": [ [ [ -102.179656982422003, 19.612808227539102 ], [ -102.201858520507997, 19.6188182830812 ], [ -102.256385803222997, 19.610681533813601 ], [ -102.24681854248, 19.565162658691499 ], [ -102.310050964355, 19.609880447387798 ], [ -102.305686950684006, 19.624090194702202 ], [ -102.289596557617003, 19.636631011962901 ], [ -102.279663085937003, 19.67147064209 ], [ -102.283363342285, 19.689680099487401 ], [ -102.263366699219006, 19.7221412658693 ], [ -102.26180267334, 19.749151229858398 ], [ -102.250091552734006, 19.7612400054932 ], [ -102.251358032227003, 19.789039611816399 ], [ -102.235656738280994, 19.7988605499268 ], [ -102.226142883300994, 19.799140930175799 ], [ -102.215362548827997, 19.785539627075298 ], [ -102.206123352050994, 19.787860870361399 ], [ -102.186737060547003, 19.742982864379901 ], [ -102.159538269042997, 19.707420349121101 ], [ -102.160972595215, 19.6804294586182 ], [ -102.183113098145, 19.667280197143501 ], [ -102.179656982422003, 19.612808227539102 ] ] ] } },
{ "type": "Feature", "properties": { "NAME_1": "Michoacán", "NAME_2": "Charo" }, "geometry": { "type": "Polygon", "coordinates": [ [ [ -101.076553344727003, 19.592699050903398 ], [ -101.060638427734006, 19.595809936523398 ], [ -101.055847167969006, 19.6207294464112 ], [ -101.083023071289006, 19.646528244018601 ], [ -101.092666625977003, 19.710319519043001 ], [ -101.084426879882997, 19.743812561035099 ], [ -101.087631225585994, 19.770709991455099 ], [ -101.017677307129006, 19.800849914550799 ], [ -100.996742248535, 19.746799468994102 ], [ -100.918991088867003, 19.65145111084 ], [ -100.959518432617003, 19.591569900512798 ], [ -100.980087280272997, 19.5830802917482 ], [ -101.007766723632997, 19.556209564209102 ], [ -101.065940856934006, 19.572250366211001 ], [ -101.076553344727003, 19.592699050903398 ] ] ] } },
{ "type": "Feature", "properties": { "NAME_1": "Michoacán", "NAME_2": "Chavinda" }, "geometry": { "type": "Polygon", "coordinates": [ [ [ -102.357788085937997, 19.994310379028299 ], [ -102.360237121582003, 19.9817008972169 ], [ -102.403030395507997, 19.969039916992301 ], [ -102.461769104004006, 19.9621505737306 ], [ -102.488037109375, 19.9735107421875 ], [ -102.495559692382997, 20.002870559692301 ], [ -102.484382629395, 20.045570373535199 ], [ -102.5048828125, 20.071611404418999 ], [ -102.502426147460994, 20.085109710693501 ], [ -102.463287353515994, 20.105770111083999 ], [ -102.438636779785, 20.084800720215 ], [ -102.41951751709, 20.0529899597169 ], [ -102.394912719727003, 20.036970138549801 ], [ -102.403518676757997, 20.032651901245199 ], [ -102.398811340332003, 20.015991210937401 ], [ -102.357788085937997, 19.994310379028299 ] ] ] } },
{ "type": "Feature", "properties": { "NAME_1": "Michoacán", "NAME_2": "Cherán" }, "geometry": { "type": "Polygon", "coordinates": [ [ [ -101.889602661132997, 19.7706604003907 ], [ -101.894577026367003, 19.7342128753663 ], [ -101.915885925292997, 19.701179504394599 ], [ -101.952262878417997, 19.6674194335938 ], [ -101.989906311035, 19.651189804077202 ], [ -101.991088867187003, 19.662828445434599 ], [ -102.009880065917997, 19.665439605712901 ], [ -102.00594329834, 19.689989089965898 ], [ -102.048469543457003, 19.700292587280298 ], [ -102.080558776855, 19.685850143432699 ], [ -102.10440826416, 19.686201095581101 ], [ -102.114486694335994, 19.691900253295898 ], [ -102.126747131347997, 19.723339080810501 ], [ -102.119293212890994, 19.740440368652301 ], [ -102.090126037597997, 19.729959487915 ], [ -102.039543151855, 19.743921279907202 ], [ -102.028427124022997, 19.7624492645263 ], [ -102.029220581055, 19.807910919189499 ], [ -102.019386291504006, 19.830520629882901 ], [ -101.997856140137003, 19.796689987182699 ], [ -101.91561126709, 19.769130706787099 ], [ -101.889602661132997, 19.7706604003907 ] ] ] } },
{ "type": "Feature", "properties": { "NAME_1": "Michoacán", "NAME_2": "Chilchota" }, "geometry": { "type": "Polygon", "coordinates": [ [ [ -102.206123352050994, 19.787860870361399 ], [ -102.168037414550994, 19.852159500122202 ], [ -102.178451538085994, 19.863040924072301 ], [ -102.172737121582003, 19.870740890503001 ], [ -102.145446777344006, 19.869899749755898 ], [ -102.119186401367003, 19.885681152343899 ], [ -102.083625793457003, 19.8850002288819 ], [ -102.033599853515994, 19.878650665283299 ], [ -102.010231018065994, 19.864770889282301 ], [ -102.027465820312003, 19.818702697753999 ], [ -102.028427124022997, 19.7624492645263 ], [ -102.050598144530994, 19.737052917480501 ], [ -102.092796325684006, 19.7299003601075 ], [ -102.119293212890994, 19.740440368652301 ], [ -102.129676818847997, 19.724178314208999 ], [ -102.157592773437003, 19.7067794799806 ], [ -102.186737060547003, 19.742982864379901 ], [ -102.206123352050994, 19.787860870361399 ] ] ] } },
{ "type": "Feature", "properties": { "NAME_1": "Michoacán", "NAME_2": "Chinicuila" }, "geometry": { "type": "Polygon", "coordinates": [ [ [ -103.542472839355, 18.707532882690401 ], [ -103.519096374512003, 18.759700775146602 ], [ -103.501426696777003, 18.7551708221437 ], [ -103.497611999512003, 18.783840179443398 ], [ -103.485153198242003, 18.797140121459901 ], [ -103.506477355957003, 18.817541122436602 ], [ -103.495948791504006, 18.8470897674562 ], [ -103.506202697754006, 18.8519611358644 ], [ -103.529029846190994, 18.846290588378999 ], [ -103.596977233887003, 18.871971130371001 ], [ -103.571449279785, 18.895259857177798 ], [ -103.543037414550994, 18.907859802246101 ], [ -103.487503051757997, 18.962329864501999 ], [ -103.429885864257997, 18.974119186401499 ], [ -103.405540466309006, 18.962171554565401 ], [ -103.364189147949006, 18.962841033935501 ], [ -103.344551086425994, 18.976110458373999 ], [ -103.32869720459, 18.941921234130898 ], [ -103.298141479492003, 18.928249359130898 ], [ -103.298866271972997, 18.9016208648682 ], [ -103.290489196777003, 18.892210006713899 ], [ -103.274291992187997, 18.8915309906007 ], [ -103.261039733887003, 18.858150482177699 ], [ -103.260665893555, 18.8471698760987 ], [ -103.275016784667997, 18.8391094207763 ], [ -103.264106750487997, 18.8260993957519 ], [ -103.268516540527003, 18.791080474853601 ], [ -103.259712219237997, 18.768600463867202 ], [ -103.231506347655994, 18.753351211548001 ], [ -103.231269836425994, 18.677030563354499 ], [ -103.24951171875, 18.674739837646499 ], [ -103.273628234862997, 18.6857128143312 ], [ -103.315971374512003, 18.679271697998001 ], [ -103.346221923827997, 18.595069885253899 ], [ -103.385757446289006, 18.592069625854599 ], [ -103.429496765137003, 18.611749649047901 ], [ -103.458946228027003, 18.615140914917099 ], [ -103.520072937012003, 18.675580978393601 ], [ -103.537666320800994, 18.684171676635799 ], [ -103.542472839355, 18.707532882690401 ] ] ] } },
{ "type": "Feature", "properties": { "NAME_1": "Michoacán", "NAME_2": "Chucándiro" }, "geometry": { "type": "Polygon", "coordinates": [ [ [ -101.339340209960994, 19.906629562378001 ], [ -101.331169128417997, 19.886589050293001 ], [ -101.335845947265994, 19.854490280151399 ], [ -101.373336791992003, 19.843620300293001 ], [ -101.392967224120994, 19.8243408203125 ], [ -101.407562255859006, 19.8254909515381 ], [ -101.446083068847997, 19.8708801269531 ], [ -101.43189239502, 19.89900970459 ], [ -101.443748474120994, 19.931760787963899 ], [ -101.433059692382997, 19.950218200683601 ], [ -101.40966796875, 19.945552825927699 ], [ -101.388397216797003, 19.955020904541101 ], [ -101.356422424315994, 19.943161010742202 ], [ -101.338287353515994, 19.9308605194093 ], [ -101.345329284667997, 19.9108505249025 ], [ -101.339340209960994, 19.906629562378001 ] ] ] } },
{ "type": "Feature", "properties": { "NAME_1": "Michoacán", "NAME_2": "Churintzio" }, "geometry": { "type": "Polygon", "coordinates": [ [ [ -102.160285949707003, 20.074180603027301 ], [ -102.152679443359006, 20.095251083374102 ], [ -102.18318939209, 20.126472473144499 ], [ -102.194946289062003, 20.158000946044901 ], [ -102.191230773925994, 20.186149597168001 ], [ -102.174507141112997, 20.197401046753001 ], [ -102.163986206055, 20.246202468872202 ], [ -102.110702514647997, 20.2045803070068 ], [ -102.089508056640994, 20.157510757446399 ], [ -102.004447937012003, 20.1110725402831 ], [ -102.002822875977003, 20.0843906402588 ], [ -102.010353088379006, 20.066400527954102 ], [ -102.02458190918, 20.0567111968994 ], [ -102.082237243652003, 20.081050872802798 ], [ -102.160285949707003, 20.074180603027301 ] ] ] } },
{ "type": "Feature", "properties": { "NAME_1": "Michoacán", "NAME_2": "Churumuco" }, "geometry": { "type": "Polygon", "coordinates": [ [ [ -101.51513671875, 18.488359451293999 ], [ -101.596221923827997, 18.525159835815401 ], [ -101.600563049315994, 18.541242599487301 ], [ -101.568161010742003, 18.5536804199219 ], [ -101.563781738280994, 18.576990127563501 ], [ -101.568367004395, 18.582090377807699 ], [ -101.586502075195, 18.575201034545898 ], [ -101.583129882812003, 18.565309524536101 ], [ -101.590141296387003, 18.5541706085206 ], [ -101.608673095702997, 18.5523490905763 ], [ -101.611717224120994, 18.561660766601602 ], [ -101.601257324219006, 18.565290451049901 ], [ -101.586006164550994, 18.589620590209901 ], [ -101.596397399902003, 18.5936298370362 ], [ -101.606796264647997, 18.580930709838899 ], [ -101.630729675292997, 18.590589523315401 ], [ -101.627807617187003, 18.610710144043001 ], [ -101.637947082519005, 18.617460250854599 ], [ -101.629730224609006, 18.621271133422901 ], [ -101.628005981445, 18.6338405609132 ], [ -101.61060333252, 18.6327304840088 ], [ -101.613250732422003, 18.645128250122099 ], [ -101.626800537109006, 18.639329910278299 ], [ -101.636222839355, 18.6460704803468 ], [ -101.620246887207003, 18.6580295562744 ], [ -101.63111114502, 18.6691493988038 ], [ -101.623336791992003, 18.682350158691499 ], [ -101.637870788574006, 18.6751804351806 ], [ -101.645393371582003, 18.656248092651399 ], [ -101.66739654541, 18.658781051635799 ], [ -101.662109375, 18.6351318359375 ], [ -101.671569824219006, 18.619430541992099 ], [ -101.660446166992003, 18.608320236206001 ], [ -101.66674041748, 18.599920272827099 ], [ -101.676429748535, 18.599412918090898 ], [ -101.694786071777003, 18.616249084472699 ], [ -101.697219848632997, 18.608028411865298 ], [ -101.716316223144005, 18.6109809875488 ], [ -101.72624206543, 18.604669570922901 ], [ -101.730590820312003, 18.616388320923001 ], [ -101.701080322265994, 18.616081237793001 ], [ -101.716316223144005, 18.621280670166001 ], [ -101.709297180175994, 18.624179840087901 ], [ -101.712677001952997, 18.628799438476602 ], [ -101.729125976562003, 18.6266803741456 ], [ -101.733459472655994, 18.6590099334718 ], [ -101.748237609862997, 18.6374111175538 ], [ -101.762741088867003, 18.653810501098601 ], [ -101.761779785155994, 18.6396083831787 ], [ -101.749687194824006, 18.631240844726701 ], [ -101.755271911620994, 18.623291015625 ], [ -101.784309387207003, 18.621749877929702 ], [ -101.774116516112997, 18.642709732055799 ], [ -101.785232543945, 18.672359466552699 ], [ -101.792770385742003, 18.637630462646602 ], [ -101.808502197265994, 18.6325206756593 ], [ -101.817451477050994, 18.6385612487794 ], [ -101.809471130370994, 18.6238307952881 ], [ -101.819641113280994, 18.625770568847699 ], [ -101.823753356934006, 18.618249893188501 ], [ -101.835121154785, 18.6403408050538 ], [ -101.829559326172003, 18.623121261596701 ], [ -101.843132019042997, 18.600580215454201 ], [ -101.866600036620994, 18.602872848510799 ], [ -101.872657775879006, 18.588050842285199 ], [ -101.89347076416, 18.596490859985401 ], [ -101.890083312987997, 18.612939834594801 ], [ -101.829040527344006, 18.662689208984499 ], [ -101.771476745605, 18.7298908233644 ], [ -101.754859924315994, 18.732641220092901 ], [ -101.740676879882997, 18.717960357666001 ], [ -101.726081848145, 18.7238883972168 ], [ -101.653945922852003, 18.830890655517599 ], [ -101.606948852539006, 18.848480224609499 ], [ -101.572227478027003, 18.926130294799801 ], [ -101.554512023925994, 18.9444599151612 ], [ -101.533531188965, 18.916112899780401 ], [ -101.546516418457003, 18.881589889526499 ], [ -101.518882751465, 18.8267593383788 ], [ -101.501319885254006, 18.8107204437256 ], [ -101.499519348145, 18.785770416259801 ], [ -101.469390869140994, 18.769201278686602 ], [ -101.476150512695, 18.7487297058106 ], [ -101.460845947265994, 18.7157001495362 ], [ -101.399482727050994, 18.6679496765138 ], [ -101.434455871582003, 18.635389328003001 ], [ -101.429336547852003, 18.592269897461001 ], [ -101.450881958007997, 18.5660305023193 ], [ -101.437637329102003, 18.556310653686499 ], [ -101.440727233887003, 18.531070709228501 ], [ -101.426376342772997, 18.502090454101701 ], [ -101.51513671875, 18.488359451293999 ] ] ] } },
{ "type": "Feature", "properties": { "NAME_1": "Michoacán", "NAME_2": "Coahuayana" }, "geometry": { "type": "Polygon", "coordinates": [ [ [ -103.684860229492003, 18.625019073486399 ], [ -103.702079772949006, 18.6590270996094 ], [ -103.747344970702997, 18.6970729827881 ], [ -103.720352172852003, 18.761510848998999 ], [ -103.655601501465, 18.791740417480501 ], [ -103.647720336914006, 18.802129745483398 ], [ -103.643356323242003, 18.883079528808601 ], [ -103.626091003417997, 18.884170532226499 ], [ -103.529029846190994, 18.846290588378999 ], [ -103.49877166748, 18.850679397583001 ], [ -103.495498657227003, 18.841430664062599 ], [ -103.506477355957003, 18.817541122436602 ], [ -103.484489440917997, 18.7994194030762 ], [ -103.497611999512003, 18.783840179443398 ], [ -103.502998352050994, 18.753099441528398 ], [ -103.519096374512003, 18.759700775146602 ], [ -103.540466308594006, 18.710319519043001 ], [ -103.562622070312003, 18.7043991088868 ], [ -103.56974029541, 18.681842803955199 ], [ -103.605918884277003, 18.676570892333999 ], [ -103.652336120605, 18.630550384521602 ], [ -103.684860229492003, 18.625019073486399 ] ] ] } },
{ "type": "Feature", "properties": { "NAME_1": "Michoacán", "NAME_2": "Coalcomán de Vázquez Pallares" }, "geometry": { "type": "Polygon", "coordinates": [ [ [ -102.79704284668, 18.492599487304599 ], [ -102.835327148437997, 18.4440612792969 ], [ -102.839256286620994, 18.425228118896499 ], [ -102.834236145019005, 18.4157409667969 ], [ -102.818618774414006, 18.411750793456999 ], [ -102.789527893065994, 18.424671173095799 ], [ -102.742080688477003, 18.388719558715799 ], [ -102.775871276855, 18.352859497070401 ], [ -102.75464630127, 18.316089630126999 ], [ -102.773857116699006, 18.295991897583001 ], [ -102.794731140137003, 18.298540115356399 ], [ -102.825202941895, 18.3522682189943 ], [ -102.843063354492003, 18.349700927734499 ], [ -102.863777160644005, 18.324777603149499 ], [ -102.871887207030994, 18.325361251831101 ], [ -102.944320678710994, 18.372129440307699 ], [ -103.029457092285, 18.363002777099599 ], [ -103.068412780762003, 18.38796043396 ], [ -103.092720031737997, 18.393020629882798 ], [ -103.097732543945, 18.4021110534668 ], [ -103.092529296875, 18.419652938842901 ], [ -103.102066040039006, 18.4290981292725 ], [ -103.17658996582, 18.453510284423899 ], [ -103.217849731445, 18.453590393066499 ], [ -103.252983093262003, 18.438880920410199 ], [ -103.277030944824006, 18.448829650878999 ], [ -103.280311584472997, 18.4629802703857 ], [ -103.237228393555, 18.534919738769599 ], [ -103.231292724609006, 18.5624103546144 ], [ -103.255859375, 18.569580078125099 ], [ -103.279426574707003, 18.548730850219702 ], [ -103.325736999512003, 18.572759628296001 ], [ -103.330612182617003, 18.5649318695069 ], [ -103.320190429687997, 18.546810150146602 ], [ -103.327247619629006, 18.5423698425294 ], [ -103.362426757812003, 18.563110351562599 ], [ -103.315971374512003, 18.679271697998001 ], [ -103.273628234862997, 18.6857128143312 ], [ -103.24951171875, 18.674739837646499 ], [ -103.229011535645, 18.680219650268501 ], [ -103.231506347655994, 18.753351211548001 ], [ -103.25464630127, 18.764339447021499 ], [ -103.265258789062003, 18.778490066528398 ], [ -103.264106750487997, 18.8260993957519 ], [ -103.275016784667997, 18.8391094207763 ], [ -103.259216308594006, 18.851869583129901 ], [ -103.274291992187997, 18.8915309906007 ], [ -103.296562194824006, 18.8973693847656 ], [ -103.298141479492003, 18.928249359130898 ], [ -103.32869720459, 18.941921234130898 ], [ -103.344551086425994, 18.976110458373999 ], [ -103.267189025879006, 19.028009414673001 ], [ -103.250541687012003, 19.019710540771499 ], [ -103.226661682129006, 18.978479385376001 ], [ -103.199768066405994, 18.9573898315431 ], [ -103.129028320312003, 19.026292800903398 ], [ -103.086669921875, 19.056259155273398 ], [ -103.044082641602003, 19.071050643920898 ], [ -103.035469055175994, 19.020290374755898 ], [ -103.017890930175994, 19.006219863891701 ], [ -103.010391235352003, 18.9828300476075 ], [ -102.973777770995994, 18.9533500671387 ], [ -102.926010131835994, 18.952680587768601 ], [ -102.89826965332, 18.966510772705099 ], [ -102.871368408202997, 18.8972606658937 ], [ -102.9013671875, 18.8704509735107 ], [ -102.910369873047003, 18.8271102905275 ], [ -102.880043029785, 18.6963596343994 ], [ -102.884170532227003, 18.6256618499757 ], [ -102.870407104492003, 18.612800598144499 ], [ -102.872222900390994, 18.588159561157301 ], [ -102.851989746094006, 18.536970138549901 ], [ -102.79704284668, 18.492599487304599 ] ] ] } },
{ "type": "Feature", "properties": { "NAME_1": "Michoacán", "NAME_2": "Coeneo" }, "geometry": { "type": "Polygon", "coordinates": [ [ [ -101.740173339844006, 19.708890914916999 ], [ -101.735252380370994, 19.7494506835938 ], [ -101.718276977539006, 19.783319473266701 ], [ -101.722358703612997, 19.8549728393556 ], [ -101.610450744629006, 19.873430252075199 ], [ -101.57975769043, 19.836610794067401 ], [ -101.555816650390994, 19.861669540405298 ], [ -101.517852783202997, 19.859500885009801 ], [ -101.520606994629006, 19.831552505493299 ], [ -101.508010864257997, 19.783929824829102 ], [ -101.528022766112997, 19.789350509643501 ], [ -101.563896179199006, 19.784000396728501 ], [ -101.575157165527003, 19.773311614990199 ], [ -101.567268371582003, 19.7498703002931 ], [ -101.621826171875, 19.7124423980713 ], [ -101.688919067382997, 19.711919784545898 ], [ -101.721046447754006, 19.685361862182699 ], [ -101.722816467285, 19.703639984131001 ], [ -101.740173339844006, 19.708890914916999 ] ] ] } },
{ "type": "Feature", "properties": { "NAME_1": "Michoacán", "NAME_2": "Cojumatlán de Régules" }, "geometry": { "type": "Polygon", "coordinates": [ [ [ -102.805969238280994, 20.069990158081101 ], [ -102.862930297852003, 20.042129516601602 ], [ -102.887222290039006, 20.038682937622202 ], [ -102.909187316894005, 20.0529403686525 ], [ -102.948669433594006, 20.054319381713899 ], [ -102.976387023925994, 20.1002082824707 ], [ -103.005149841309006, 20.1284999847412 ], [ -103.005821228027003, 20.1402091979982 ], [ -102.987007141112997, 20.152381896972699 ], [ -102.896118164062003, 20.135280609131001 ], [ -102.876968383789006, 20.121271133423001 ], [ -102.853996276855, 20.0859298706056 ], [ -102.833335876465, 20.090959548950298 ], [ -102.82740020752, 20.118089675903299 ], [ -102.8076171875, 20.116228103637699 ], [ -102.805969238280994, 20.069990158081101 ] ] ] } },
{ "type": "Feature", "properties": { "NAME_1": "Michoacán", "NAME_2": "Contepec" }, "geometry": { "type": "Polygon", "coordinates": [ [ [ -100.209686279297003, 19.838672637939599 ], [ -100.215072631835994, 19.853290557861399 ], [ -100.233222961425994, 19.857812881469801 ], [ -100.221069335937003, 19.880750656127901 ], [ -100.247451782227003, 19.888809204101602 ], [ -100.276596069335994, 19.879150390625099 ], [ -100.300666809082003, 19.8815002441407 ], [ -100.347671508789006, 19.919010162353501 ], [ -100.300102233887003, 19.968240737915099 ], [ -100.309959411620994, 20.0099697113038 ], [ -100.277366638184006, 20.024749755859499 ], [ -100.252197265625, 20.0641803741456 ], [ -100.249542236327997, 20.0502128601075 ], [ -100.217185974120994, 20.086570739746101 ], [ -100.184837341307997, 20.092630386352599 ], [ -100.12629699707, 20.043760299682699 ], [ -100.132392883300994, 19.961589813232401 ], [ -100.119880676269005, 19.938760757446399 ], [ -100.09496307373, 19.921329498291001 ], [ -100.09041595459, 19.906221389770501 ], [ -100.147109985352003, 19.8326110839844 ], [ -100.209686279297003, 19.838672637939599 ] ] ] } },
{ "type": "Feature", "properties": { "NAME_1": "Michoacán", "NAME_2": "Copándaro" }, "geometry": { "type": "Polygon", "coordinates": [ [ [ -101.198120117187997, 19.868619918823299 ], [ -101.231567382812003, 19.865921020507798 ], [ -101.250579833984006, 19.856309890747099 ], [ -101.287391662597997, 19.861030578613299 ], [ -101.328079223632997, 19.854831695556701 ], [ -101.339340209960994, 19.906629562378001 ], [ -101.266487121582003, 19.9049301147462 ], [ -101.211570739745994, 19.88777923584 ], [ -101.173606872557997, 19.9103507995606 ], [ -101.198120117187997, 19.868619918823299 ] ] ] } },
{ "type": "Feature", "properties": { "NAME_1": "Michoacán", "NAME_2": "Cotija" }, "geometry": { "type": "Polygon", "coordinates": [ [ [ -102.641296386719006, 19.8596305847169 ], [ -102.656997680664006, 19.804559707641602 ], [ -102.643096923827997, 19.792119979858501 ], [ -102.642127990722997, 19.757408142089801 ], [ -102.623657226562003, 19.725347518921001 ], [ -102.658828735352003, 19.706850051879801 ], [ -102.677307128905994, 19.705970764160199 ], [ -102.671546936035, 19.686870574951101 ], [ -102.695129394530994, 19.618841171264599 ], [ -102.717697143555, 19.5842399597169 ], [ -102.740951538085994, 19.576379776001101 ], [ -102.754058837890994, 19.616849899291999 ], [ -102.781539916992003, 19.644861221313398 ], [ -102.817108154297003, 19.735389709472798 ], [ -102.81339263916, 19.746149063110298 ], [ -102.780097961425994, 19.763050079345799 ], [ -102.767196655272997, 19.794050216674901 ], [ -102.770721435547003, 19.832029342651499 ], [ -102.787666320800994, 19.871152877807699 ], [ -102.748901367187997, 19.877870559692401 ], [ -102.708152770995994, 19.862829208373999 ], [ -102.678672790527003, 19.886611938476701 ], [ -102.65242767334, 19.878740310668899 ], [ -102.641296386719006, 19.8596305847169 ] ] ] } },
{ "type": "Feature", "properties": { "NAME_1": "Michoacán", "NAME_2": "Cuitzeo" }, "geometry": { "type": "GeometryCollection", "geometries": [ { "type": "Polygon", "coordinates": [ [ [ -101.254646301269005, 19.956069946289201 ], [ -101.234428405762003, 19.987728118896499 ], [ -101.183380126952997, 20.007850646972699 ], [ -101.197166442870994, 20.040920257568398 ], [ -101.172317504882997, 20.054090499877901 ], [ -101.167320251465, 20.0647411346437 ], [ -101.122512817382997, 20.043981552123999 ], [ -101.098075866699006, 20.048271179199201 ], [ -101.083267211914006, 20.016500473022599 ], [ -101.110305786132997, 20.024410247802798 ], [ -101.112518310547003, 20.014320373535199 ], [ -101.135726928710994, 20.013860702514599 ], [ -101.133087158202997, 20.0040397644044 ], [ -101.110977172852003, 19.995878219604599 ], [ -101.103118896484006, 19.976499557495099 ], [ -101.077369689940994, 19.966062545776399 ], [ -101.082862854004006, 19.9605007171631 ], [ -101.141502380370994, 19.952529907226602 ], [ -101.177223205565994, 19.965311050415 ], [ -101.254646301269005, 19.956069946289201 ] ] ] }, { "type": "Polygon", "coordinates": [ [ [ -101.122093200684006, 19.858800888061499 ], [ -101.159599304199006, 19.8708801269531 ], [ -101.198120117187997, 19.868619918823299 ], [ -101.173606872557997, 19.9103507995606 ], [ -101.157257080077997, 19.917829513549901 ], [ -101.139579772949006, 19.9138507843018 ], [ -101.130340576172003, 19.902481079101701 ], [ -101.08927154541, 19.896980285644499 ], [ -101.06810760498, 19.902759552002099 ], [ -101.044822692870994, 19.921199798583999 ], [ -101.045722961425994, 19.9292011260987 ], [ -101.058258056640994, 19.921461105346701 ], [ -101.059936523437997, 19.945238113403398 ], [ -101.039512634277003, 19.9611206054688 ], [ -101.032188415527003, 19.931390762329102 ], [ -101.053115844727003, 19.886192321777401 ], [ -101.122093200684006, 19.858800888061499 ] ] ] } ] } },
{ "type": "Feature", "properties": { "NAME_1": "Michoacán", "NAME_2": "Ecuandureo" }, "geometry": { "type": "Polygon", "coordinates": [ [ [ -102.17488861084, 20.115720748901399 ], [ -102.186965942382997, 20.1026401519775 ], [ -102.181457519530994, 20.080480575561602 ], [ -102.187927246094006, 20.072290420532301 ], [ -102.268623352050994, 20.096809387207099 ], [ -102.277603149414006, 20.077590942382798 ], [ -102.322746276855, 20.085599899291999 ], [ -102.364471435547003, 20.079120635986399 ], [ -102.368301391602003, 20.131540298461999 ], [ -102.386138916015994, 20.159540176391701 ], [ -102.384880065917997, 20.187099456787202 ], [ -102.353996276855, 20.1832504272462 ], [ -102.297248840332003, 20.200780868530298 ], [ -102.270568847655994, 20.2010307312012 ], [ -102.169448852539006, 20.2511100769043 ], [ -102.16609954834, 20.2225017547607 ], [ -102.17781829834, 20.190231323242202 ], [ -102.191230773925994, 20.186149597168001 ], [ -102.195075988769005, 20.165981292724702 ], [ -102.19149017334, 20.141019821167099 ], [ -102.17488861084, 20.115720748901399 ] ] ] } },
{ "type": "Feature", "properties": { "NAME_1": "Michoacán", "NAME_2": "Epitacio Huerta" }, "geometry": { "type": "Polygon", "coordinates": [ [ [ -100.372329711914006, 20.101871490478601 ], [ -100.350456237792997, 20.1610507965088 ], [ -100.352333068847997, 20.2068195343018 ], [ -100.37223815918, 20.229200363159201 ], [ -100.37850189209, 20.2556591033937 ], [ -100.361236572265994, 20.2966499328613 ], [ -100.324012756347997, 20.283000946045 ], [ -100.29940032959, 20.259550094604499 ], [ -100.251609802245994, 20.194700241088899 ], [ -100.257949829102003, 20.158180236816499 ], [ -100.184837341307997, 20.092630386352599 ], [ -100.217185974120994, 20.086570739746101 ], [ -100.239227294922003, 20.0566082000732 ], [ -100.249542236327997, 20.0502128601075 ], [ -100.252197265625, 20.0641803741456 ], [ -100.261512756347997, 20.0470695495606 ], [ -100.259216308594006, 20.078260421753001 ], [ -100.265083312987997, 20.069351196289201 ], [ -100.275390625, 20.075832366943398 ], [ -100.269546508789006, 20.043159484863299 ], [ -100.277366638184006, 20.024749755859499 ], [ -100.309959411620994, 20.0099697113038 ], [ -100.30428314209, 19.989961624145501 ], [ -100.334037780762003, 19.990119934082099 ], [ -100.387458801269005, 20.016849517822202 ], [ -100.356719970702997, 20.043430328369201 ], [ -100.338516235352003, 20.076219558715898 ], [ -100.344276428222997, 20.0933227539063 ], [ -100.365097045897997, 20.091430664062599 ], [ -100.372329711914006, 20.101871490478601 ] ] ] } },
{ "type": "Feature", "properties": { "NAME_1": "Michoacán", "NAME_2": "Erongarícuaro" }, "geometry": { "type": "GeometryCollection", "geometries": [ { "type": "Polygon", "coordinates": [ [ [ -100.269546508789006, 20.043159484863299 ], [ -100.275390625, 20.075832366943398 ], [ -100.265083312987997, 20.069351196289201 ], [ -100.259216308594006, 20.078260421753001 ], [ -100.26123046875, 20.0471706390382 ], [ -100.269546508789006, 20.043159484863299 ] ] ] }, { "type": "Polygon", "coordinates": [ [ [ -101.173606872557997, 19.9103507995606 ], [ -101.211570739745994, 19.88777923584 ], [ -101.266487121582003, 19.9049301147462 ], [ -101.314849853515994, 19.902650833129901 ], [ -101.345329284667997, 19.9108505249025 ], [ -101.318489074707003, 19.959989547729499 ], [ -101.292999267577997, 19.973249435424801 ], [ -101.25138092041, 19.955738067626999 ], [ -101.177223205565994, 19.965311050415 ], [ -101.141502380370994, 19.952529907226602 ], [ -101.082862854004006, 19.9605007171631 ], [ -101.077369689940994, 19.966062545776399 ], [ -101.103118896484006, 19.976499557495099 ], [ -101.110977172852003, 19.995878219604599 ], [ -101.135063171387003, 20.0076808929444 ], [ -101.129028320312003, 20.018039703369102 ], [ -101.112518310547003, 20.014320373535199 ], [ -101.110305786132997, 20.024410247802798 ], [ -101.083267211914006, 20.016500473022599 ], [ -101.066780090332003, 19.9987182617188 ], [ -101.017196655272997, 19.992639541626001 ], [ -101.008056640625, 19.978149414062599 ], [ -101.016616821289006, 19.9663181304932 ], [ -101.012107849120994, 19.955869674682599 ], [ -100.989669799805, 19.956069946289201 ], [ -100.979377746582003, 19.9675006866456 ], [ -100.880416870117003, 19.9547328948975 ], [ -100.864486694335994, 19.9426498413087 ], [ -100.85578918457, 19.9203395843507 ], [ -100.868270874022997, 19.911899566650501 ], [ -100.885406494140994, 19.9202594757081 ], [ -100.899459838867003, 19.905929565429599 ], [ -100.963882446289006, 19.885860443115199 ], [ -100.962432861327997, 19.895280838012798 ], [ -100.98152923584, 19.908609390258899 ], [ -100.969673156737997, 19.941602706909201 ], [ -101.025512695312003, 19.9496803283693 ], [ -101.042068481445, 19.9629211425782 ], [ -101.059936523437997, 19.945238113403398 ], [ -101.058258056640994, 19.921461105346701 ], [ -101.045722961425994, 19.9292011260987 ], [ -101.044822692870994, 19.921199798583999 ], [ -101.076141357422003, 19.899219512939499 ], [ -101.130340576172003, 19.902481079101701 ], [ -101.152450561522997, 19.917640686035199 ], [ -101.173606872557997, 19.9103507995606 ] ] ] }, { "type": "Polygon", "coordinates": [ [ [ -101.798530578612997, 19.5446701049806 ], [ -101.83349609375, 19.5954494476319 ], [ -101.810966491699006, 19.6277980804443 ], [ -101.799507141112997, 19.694770812988398 ], [ -101.740173339844006, 19.708890914916999 ], [ -101.722816467285, 19.703639984131001 ], [ -101.721046447754006, 19.685361862182699 ], [ -101.701637268065994, 19.701892852783299 ], [ -101.662879943847997, 19.643491744995099 ], [ -101.679832458495994, 19.551540374755898 ], [ -101.717269897460994, 19.512649536132798 ], [ -101.76806640625, 19.527250289917099 ], [ -101.790061950682997, 19.546850204467798 ], [ -101.798530578612997, 19.5446701049806 ] ] ] }, { "type": "Polygon", "coordinates": [ [ [ -101.900337219237997, 18.611240386962901 ], [ -101.890281677245994, 18.6125812530519 ], [ -101.89347076416, 18.596490859985401 ], [ -101.875801086425994, 18.588079452514801 ], [ -101.866600036620994, 18.602872848510799 ], [ -101.846748352050994, 18.598560333251999 ], [ -101.829559326172003, 18.623121261596701 ], [ -101.835121154785, 18.6403408050538 ], [ -101.823753356934006, 18.618249893188501 ], [ -101.819641113280994, 18.625770568847699 ], [ -101.809471130370994, 18.6238307952881 ], [ -101.817451477050994, 18.6385612487794 ], [ -101.808502197265994, 18.6325206756593 ], [ -101.792770385742003, 18.637630462646602 ], [ -101.785232543945, 18.672359466552699 ], [ -101.774116516112997, 18.642709732055799 ], [ -101.784309387207003, 18.621749877929702 ], [ -101.755271911620994, 18.623291015625 ], [ -101.749687194824006, 18.631240844726701 ], [ -101.761779785155994, 18.6396083831787 ], [ -101.762741088867003, 18.653810501098601 ], [ -101.748237609862997, 18.6374111175538 ], [ -101.733459472655994, 18.6590099334718 ], [ -101.729125976562003, 18.6266803741456 ], [ -101.712677001952997, 18.628799438476602 ], [ -101.709297180175994, 18.624179840087901 ], [ -101.716316223144005, 18.621280670166001 ], [ -101.701080322265994, 18.616081237793001 ], [ -101.730590820312003, 18.616388320923001 ], [ -101.72624206543, 18.604669570922901 ], [ -101.716316223144005, 18.6109809875488 ], [ -101.697219848632997, 18.608028411865298 ], [ -101.694786071777003, 18.616249084472699 ], [ -101.676429748535, 18.599412918090898 ], [ -101.66674041748, 18.599920272827099 ], [ -101.660446166992003, 18.608320236206001 ], [ -101.671569824219006, 18.619430541992099 ], [ -101.662109375, 18.6351318359375 ], [ -101.66739654541, 18.658781051635799 ], [ -101.645393371582003, 18.656248092651399 ], [ -101.637870788574006, 18.6751804351806 ], [ -101.623336791992003, 18.682350158691499 ], [ -101.63111114502, 18.6691493988038 ], [ -101.620246887207003, 18.6580295562744 ], [ -101.636222839355, 18.6460704803468 ], [ -101.626800537109006, 18.639329910278299 ], [ -101.613250732422003, 18.645128250122099 ], [ -101.61060333252, 18.6327304840088 ], [ -101.628005981445, 18.6338405609132 ], [ -101.629730224609006, 18.621271133422901 ], [ -101.637947082519005, 18.617460250854599 ], [ -101.627807617187003, 18.610710144043001 ], [ -101.630729675292997, 18.590589523315401 ], [ -101.606796264647997, 18.580930709838899 ], [ -101.596397399902003, 18.5936298370362 ], [ -101.586006164550994, 18.589620590209901 ], [ -101.601257324219006, 18.565290451049901 ], [ -101.611717224120994, 18.561660766601602 ], [ -101.608673095702997, 18.5523490905763 ], [ -101.590141296387003, 18.5541706085206 ], [ -101.583129882812003, 18.565309524536101 ], [ -101.586502075195, 18.575201034545898 ], [ -101.568367004395, 18.582090377807699 ], [ -101.563781738280994, 18.576990127563501 ], [ -101.568161010742003, 18.5536804199219 ], [ -101.600563049315994, 18.541242599487301 ], [ -101.596221923827997, 18.525159835815401 ], [ -101.511047363280994, 18.482179641723601 ], [ -101.596946716309006, 18.517379760742099 ], [ -101.61939239502, 18.5666408538819 ], [ -101.645706176757997, 18.590070724487301 ], [ -101.658538818359006, 18.588609695434599 ], [ -101.657089233397997, 18.582180023193398 ], [ -101.686828613280994, 18.589599609375099 ], [ -101.713432312012003, 18.580499649047901 ], [ -101.719261169434006, 18.5549201965332 ], [ -101.728675842285, 18.570810317993299 ], [ -101.752403259277003, 18.566480636596701 ], [ -101.757232666015994, 18.549589157104499 ], [ -101.757446289062003, 18.594921112060501 ], [ -101.779968261719006, 18.5855312347413 ], [ -101.779968261719006, 18.579349517822301 ], [ -101.800056457519005, 18.5825290679932 ], [ -101.786987304687003, 18.567060470581101 ], [ -101.798599243164006, 18.568550109863299 ], [ -101.803199768065994, 18.5601310729981 ], [ -101.797157287597997, 18.547479629516701 ], [ -101.804656982422003, 18.531299591064499 ], [ -101.808036804199006, 18.5535411834718 ], [ -101.818206787109006, 18.5499801635743 ], [ -101.82740020752, 18.569070816040199 ], [ -101.836837768555, 18.560920715331999 ], [ -101.849662780762003, 18.564479827880898 ], [ -101.841430664062003, 18.547460556030401 ], [ -101.859832763672003, 18.5506095886231 ], [ -101.859817504882997, 18.536191940307699 ], [ -101.868537902832003, 18.555280685424901 ], [ -101.893218994140994, 18.537429809570298 ], [ -101.891998291015994, 18.520250320434702 ], [ -101.869972229004006, 18.512489318847699 ], [ -101.899978637695, 18.506599426269599 ], [ -101.905540466309006, 18.497270584106399 ], [ -101.880577087402003, 18.449420928955099 ], [ -101.903205871582003, 18.4049301147462 ], [ -101.874176025390994, 18.348239898681701 ], [ -101.869293212890994, 18.310222625732401 ], [ -101.876251220702997, 18.2807807922363 ], [ -101.889282226562003, 18.270618438720799 ], [ -101.856636047362997, 18.260690689086999 ], [ -101.812652587890994, 18.270999908447401 ], [ -101.825439453125, 18.255348205566399 ], [ -101.848640441895, 18.252378463745199 ], [ -101.855537414550994, 18.231611251831001 ], [ -101.874755859375, 18.254472732543899 ], [ -101.922653198242003, 18.265449523925799 ], [ -101.897987365722997, 18.264530181884901 ], [ -101.897102355957003, 18.314609527587901 ], [ -101.887687683105, 18.322980880737202 ], [ -101.900817871094006, 18.374109268188501 ], [ -101.917297363280994, 18.3891410827637 ], [ -101.925315856934006, 18.423540115356602 ], [ -101.947113037109006, 18.4338092803956 ], [ -101.952690124512003, 18.4450702667237 ], [ -101.998207092285, 18.455560684204201 ], [ -102.026077270507997, 18.4835109710694 ], [ -101.998229980469006, 18.477991104126001 ], [ -101.991706848145, 18.488000869751001 ], [ -101.984657287597997, 18.4746608734131 ], [ -101.946418762207003, 18.4640102386475 ], [ -101.942031860352003, 18.4468097686769 ], [ -101.930419921875, 18.439380645751999 ], [ -101.92147064209, 18.441352844238299 ], [ -101.91081237793, 18.431871414184599 ], [ -101.900886535645, 18.441608428955099 ], [ -101.922470092772997, 18.483921051025298 ], [ -101.92130279541, 18.5223598480225 ], [ -101.944763183594006, 18.517780303955099 ], [ -101.957366943359006, 18.531631469726602 ], [ -101.975769042969006, 18.533180236816499 ], [ -101.960998535155994, 18.535102844238398 ], [ -101.933876037597997, 18.527521133423001 ], [ -101.9208984375, 18.532657623291101 ], [ -101.931228637695, 18.5421428680419 ], [ -101.912338256835994, 18.542190551757798 ], [ -101.922996520995994, 18.549840927124102 ], [ -101.914039611815994, 18.5596008300781 ], [ -101.896858215332003, 18.5523490905763 ], [ -101.895652770995994, 18.5630912780762 ], [ -101.882820129394005, 18.566858291626001 ], [ -101.906303405762003, 18.5954704284669 ], [ -101.900337219237997, 18.611240386962901 ] ] ] } ] } },
{ "type": "Feature", "properties": { "NAME_1": "Michoacán", "NAME_2": "Gabriel Zamora" }, "geometry": { "type": "Polygon", "coordinates": [ [ [ -102.073387145995994, 19.107580184936602 ], [ -102.107887268065994, 19.181261062622099 ], [ -102.101615905762003, 19.214790344238299 ], [ -101.958206176757997, 19.195619583129901 ], [ -101.917289733887003, 19.221612930298001 ], [ -101.909797668457003, 19.168830871582099 ], [ -101.922378540039006, 19.145751953125099 ], [ -101.907638549805, 19.106121063232401 ], [ -101.957389831542997, 19.0756607055663 ], [ -102.004821777344006, 19.070800781250099 ], [ -102.064292907715, 19.041379928588899 ], [ -102.073387145995994, 19.107580184936602 ] ] ] } },
{ "type": "Feature", "properties": { "NAME_1": "Michoacán", "NAME_2": "Hidalgo" }, "geometry": { "type": "Polygon", "coordinates": [ [ [ -100.544906616210994, 19.480871200561602 ], [ -100.565620422362997, 19.427471160888601 ], [ -100.560417175292997, 19.4110107421875 ], [ -100.529830932617003, 19.3797512054444 ], [ -100.538192749022997, 19.369010925292901 ], [ -100.583396911620994, 19.350660324096602 ], [ -100.59977722168, 19.369930267333999 ], [ -100.625518798827997, 19.370210647583001 ], [ -100.670906066894005, 19.337078094482401 ], [ -100.730567932129006, 19.317939758300799 ], [ -100.75235748291, 19.382299423217901 ], [ -100.741493225097997, 19.413009643554702 ], [ -100.744506835937997, 19.432010650634901 ], [ -100.756912231445, 19.451509475708001 ], [ -100.786476135254006, 19.465431213378999 ], [ -100.788589477539006, 19.539230346679702 ], [ -100.7763671875, 19.563989639282202 ], [ -100.800872802734006, 19.621000289916999 ], [ -100.780128479004006, 19.625169754028398 ], [ -100.751327514647997, 19.605068206787099 ], [ -100.742385864257997, 19.617942810058601 ], [ -100.767402648925994, 19.653650283813501 ], [ -100.794242858887003, 19.720500946044901 ], [ -100.77384185791, 19.74568939209 ], [ -100.68953704834, 19.7529106140137 ], [ -100.680656433105, 19.7741603851319 ], [ -100.700828552245994, 19.785909652709901 ], [ -100.697242736815994, 19.794691085815401 ], [ -100.619606018065994, 19.816129684448299 ], [ -100.615867614745994, 19.8336105346681 ], [ -100.592475891112997, 19.842769622802699 ], [ -100.558212280272997, 19.8324203491212 ], [ -100.552139282227003, 19.799751281738299 ], [ -100.485877990722997, 19.784900665283299 ], [ -100.508010864257997, 19.7120094299318 ], [ -100.497337341309006, 19.691770553588899 ], [ -100.497276306152003, 19.648160934448399 ], [ -100.488693237305, 19.635450363159201 ], [ -100.517082214355, 19.629909515380898 ], [ -100.532173156737997, 19.6110610961913 ], [ -100.552047729492003, 19.6178302764893 ], [ -100.558532714844006, 19.603260040283299 ], [ -100.55509185791, 19.551441192627099 ], [ -100.569046020507997, 19.5413303375244 ], [ -100.574043273925994, 19.510932922363299 ], [ -100.544906616210994, 19.480871200561602 ] ] ] } },
{ "type": "Feature", "properties": { "NAME_1": "Michoacán", "NAME_2": "Huandacareo" }, "geometry": { "type": "Polygon", "coordinates": [ [ [ -101.378898620605, 19.952659606933501 ], [ -101.368415832519005, 19.96928024292 ], [ -101.376396179199006, 19.985630035400401 ], [ -101.359390258789006, 20.002040863037202 ], [ -101.358222961425994, 20.019269943237401 ], [ -101.304351806640994, 20.0158805847169 ], [ -101.234428405762003, 19.987728118896499 ], [ -101.254646301269005, 19.956069946289201 ], [ -101.292999267577997, 19.973249435424801 ], [ -101.314888000487997, 19.964170455932699 ], [ -101.338287353515994, 19.9308605194093 ], [ -101.378898620605, 19.952659606933501 ] ] ] } },
{ "type": "Feature", "properties": { "NAME_1": "Michoacán", "NAME_2": "Huaniqueo" }, "geometry": { "type": "Polygon", "coordinates": [ [ [ -101.610450744629006, 19.873430252075199 ], [ -101.577751159667997, 19.9162311553956 ], [ -101.560485839844006, 19.917181015014599 ], [ -101.508155822754006, 19.9486103057862 ], [ -101.477729797362997, 19.946331024169901 ], [ -101.443817138672003, 19.937250137329201 ], [ -101.431442260742003, 19.901990890503001 ], [ -101.446083068847997, 19.8708801269531 ], [ -101.424156188965, 19.848569869995199 ], [ -101.5107421875, 19.8213996887207 ], [ -101.519828796387003, 19.827682495117301 ], [ -101.520561218262003, 19.861740112304702 ], [ -101.530456542969006, 19.856330871582099 ], [ -101.555816650390994, 19.861669540405298 ], [ -101.57975769043, 19.836610794067401 ], [ -101.610450744629006, 19.873430252075199 ] ] ] } },
{ "type": "Feature", "properties": { "NAME_1": "Michoacán", "NAME_2": "Huetamo" }, "geometry": { "type": "Polygon", "coordinates": [ [ [ -100.852462768555, 18.8259811401368 ], [ -100.844787597655994, 18.800621032714801 ], [ -100.854553222655994, 18.713630676269599 ], [ -100.846572875977003, 18.665031433105501 ], [ -100.855888366699006, 18.619440078735501 ], [ -100.850440979004006, 18.414630889892699 ], [ -100.880676269530994, 18.436580657959102 ], [ -100.933746337890994, 18.3945198059082 ], [ -100.953926086425994, 18.395391464233501 ], [ -100.965637207030994, 18.4374008178712 ], [ -100.992851257324006, 18.4591999053956 ], [ -101.010032653809006, 18.493982315063398 ], [ -101.046478271484006, 18.504459381103601 ], [ -101.097763061522997, 18.493970870971701 ], [ -101.155532836914006, 18.504491806030298 ], [ -101.171936035155994, 18.513931274414201 ], [ -101.194496154785, 18.512960433959901 ], [ -101.217697143555, 18.5342807769775 ], [ -101.299736022949006, 18.537170410156399 ], [ -101.370452880859006, 18.522872924804801 ], [ -101.378730773925994, 18.510480880737202 ], [ -101.426376342772997, 18.502090454101701 ], [ -101.436019897460994, 18.512880325317401 ], [ -101.437637329102003, 18.556310653686499 ], [ -101.450881958007997, 18.5660305023193 ], [ -101.429336547852003, 18.592269897461001 ], [ -101.432792663574006, 18.6378993988037 ], [ -101.397956848145, 18.668901443481399 ], [ -101.340995788574006, 18.672021865844801 ], [ -101.263938903809006, 18.699211120605501 ], [ -101.242721557617003, 18.722900390625099 ], [ -101.240127563477003, 18.752372741699201 ], [ -101.22566986084, 18.771722793579102 ], [ -101.174217224120994, 18.776960372924801 ], [ -101.14379119873, 18.808071136474702 ], [ -101.057167053222997, 18.8520202636719 ], [ -101.024223327637003, 18.8485012054443 ], [ -100.974166870117003, 18.820552825927699 ], [ -100.95768737793, 18.840970993042099 ], [ -100.913673400879006, 18.8514499664307 ], [ -100.870620727539006, 18.844230651855501 ], [ -100.852462768555, 18.8259811401368 ] ] ] } },
{ "type": "Feature", "properties": { "NAME_1": "Michoacán", "NAME_2": "Huiramba" }, "geometry": { "type": "Polygon", "coordinates": [ [ [ -101.427871704102003, 19.5501003265381 ], [ -101.456848144530994, 19.485120773315401 ], [ -101.505836486815994, 19.498590469360401 ], [ -101.496887207030994, 19.528480529785199 ], [ -101.518287658690994, 19.5602111816407 ], [ -101.49585723877, 19.582971572876001 ], [ -101.427871704102003, 19.5501003265381 ] ] ] } },
{ "type": "Feature", "properties": { "NAME_1": "Michoacán", "NAME_2": "Indoparapeo" }, "geometry": { "type": "Polygon", "coordinates": [ [ [ -101.017677307129006, 19.800849914550799 ], [ -100.974327087402003, 19.881010055541999 ], [ -100.901718139647997, 19.778240203857401 ], [ -100.878471374512003, 19.7187404632569 ], [ -100.891532897949006, 19.663799285888601 ], [ -100.901947021484006, 19.650682449340898 ], [ -100.916236877440994, 19.649299621582099 ], [ -100.95426940918, 19.6880207061768 ], [ -100.962432861327997, 19.708032608032202 ], [ -100.996742248535, 19.746799468994102 ], [ -101.017677307129006, 19.800849914550799 ] ] ] } },
{ "type": "Feature", "properties": { "NAME_1": "Michoacán", "NAME_2": "Irimbo" }, "geometry": { "type": "Polygon", "coordinates": [ [ [ -100.429901123047003, 19.626092910766701 ], [ -100.457229614257997, 19.614850997924801 ], [ -100.456466674805, 19.631860733032301 ], [ -100.473709106445, 19.625370025634801 ], [ -100.497276306152003, 19.648160934448399 ], [ -100.497337341309006, 19.691770553588899 ], [ -100.508010864257997, 19.7120094299318 ], [ -100.485877990722997, 19.784900665283299 ], [ -100.441200256347997, 19.7800407409669 ], [ -100.435287475585994, 19.737831115722699 ], [ -100.418006896972997, 19.722509384155298 ], [ -100.435897827147997, 19.687311172485401 ], [ -100.429901123047003, 19.626092910766701 ] ] ] } },
{ "type": "Feature", "properties": { "NAME_1": "Michoacán", "NAME_2": "Ixtlán" }, "geometry": { "type": "Polygon", "coordinates": [ [ [ -102.363662719727003, 20.078870773315501 ], [ -102.362060546875, 20.0389194488525 ], [ -102.394912719727003, 20.036970138549801 ], [ -102.416282653809006, 20.049930572509801 ], [ -102.44686126709, 20.093360900878999 ], [ -102.493789672852003, 20.120660781860401 ], [ -102.472076416015994, 20.166030883789102 ], [ -102.446960449219006, 20.184049606323299 ], [ -102.40966796875, 20.191850662231602 ], [ -102.384880065917997, 20.187099456787202 ], [ -102.386138916015994, 20.159540176391701 ], [ -102.368301391602003, 20.131540298461999 ], [ -102.370300292969006, 20.090509414672901 ], [ -102.363662719727003, 20.078870773315501 ] ] ] } },
{ "type": "Feature", "properties": { "NAME_1": "Michoacán", "NAME_2": "Jacona" }, "geometry": { "type": "Polygon", "coordinates": [ [ [ -102.34375, 19.892738342285298 ], [ -102.369506835937003, 19.9003200531007 ], [ -102.374992370605, 19.932010650634801 ], [ -102.372673034667997, 19.952131271362401 ], [ -102.356407165527003, 19.972269058227599 ], [ -102.357788085937997, 19.994310379028299 ], [ -102.323448181152003, 19.988660812377901 ], [ -102.320022583007997, 19.9609909057618 ], [ -102.306777954102003, 19.958021163940401 ], [ -102.276580810547003, 19.924140930175799 ], [ -102.246650695800994, 19.936740875244102 ], [ -102.226638793945, 19.921159744262798 ], [ -102.247901916504006, 19.892910003662099 ], [ -102.278137207030994, 19.875089645385799 ], [ -102.298736572265994, 19.8792228698731 ], [ -102.311836242675994, 19.900211334228601 ], [ -102.336280822754006, 19.887550354003999 ], [ -102.34375, 19.892738342285298 ] ] ] } },
{ "type": "Feature", "properties": { "NAME_1": "Michoacán", "NAME_2": "Jiménez" }, "geometry": { "type": "Polygon", "coordinates": [ [ [ -101.610450744629006, 19.873430252075199 ], [ -101.755851745605, 19.850948333740199 ], [ -101.840728759765994, 19.861682891845799 ], [ -101.895896911620994, 19.902320861816399 ], [ -101.901947021484006, 19.915260314941499 ], [ -101.885528564452997, 19.923521041870199 ], [ -101.797630310059006, 19.923789978027401 ], [ -101.784545898437997, 19.912298202514702 ], [ -101.752487182617003, 19.9168701171875 ], [ -101.721580505370994, 19.901069641113299 ], [ -101.710166931152003, 19.9197597503663 ], [ -101.687057495117003, 19.920089721679702 ], [ -101.651489257812003, 19.951259613037099 ], [ -101.594802856445, 19.935409545898501 ], [ -101.589500427245994, 19.9210815429688 ], [ -101.577751159667997, 19.9162311553956 ], [ -101.610450744629006, 19.873430252075199 ] ] ] } },
{ "type": "Feature", "properties": { "NAME_1": "Michoacán", "NAME_2": "Jiquilpan" }, "geometry": { "type": "Polygon", "coordinates": [ [ [ -102.708961486815994, 20.021461486816499 ], [ -102.699607849120994, 20.0045890808107 ], [ -102.713768005370994, 19.9596881866456 ], [ -102.694480895995994, 19.9463615417481 ], [ -102.677108764647997, 19.894380569458001 ], [ -102.681701660155994, 19.880371093749901 ], [ -102.702331542969006, 19.864629745483501 ], [ -102.748901367187997, 19.877870559692401 ], [ -102.787666320800994, 19.871152877807699 ], [ -102.817817687987997, 19.901901245117301 ], [ -102.882575988769005, 19.917030334472699 ], [ -102.890167236327997, 19.961330413818501 ], [ -102.873489379882997, 19.967180252075298 ], [ -102.870986938477003, 19.9758701324463 ], [ -102.889556884765994, 20.0229816436768 ], [ -102.88410949707, 20.041740417480401 ], [ -102.862930297852003, 20.042129516601602 ], [ -102.844596862792997, 20.015501022338999 ], [ -102.805976867675994, 20.021530151367202 ], [ -102.781005859375, 19.994951248168999 ], [ -102.708961486815994, 20.021461486816499 ] ] ] } },
{ "type": "Feature", "properties": { "NAME_1": "Michoacán", "NAME_2": "José Sixto Verduzco" }, "geometry": { "type": "Polygon", "coordinates": [ [ [ -101.644462585449006, 20.292860031128001 ], [ -101.566436767577997, 20.3225612640381 ], [ -101.531021118164006, 20.308988571166999 ], [ -101.48770904541, 20.320409774780298 ], [ -101.456207275390994, 20.3088703155518 ], [ -101.401496887207003, 20.260770797729499 ], [ -101.469459533690994, 20.263370513916101 ], [ -101.536117553710994, 20.233789443969801 ], [ -101.559341430664006, 20.241210937500099 ], [ -101.566551208495994, 20.231958389282202 ], [ -101.55549621582, 20.1829929351807 ], [ -101.573120117187997, 20.149360656738299 ], [ -101.659851074219006, 20.150140762329102 ], [ -101.651756286620994, 20.225679397583001 ], [ -101.673789978027003, 20.252780914306602 ], [ -101.660423278809006, 20.261539459228601 ], [ -101.644462585449006, 20.292860031128001 ] ] ] } },
{ "type": "Feature", "properties": { "NAME_1": "Michoacán", "NAME_2": "Juárez" }, "geometry": { "type": "Polygon", "coordinates": [ [ [ -100.380081176757997, 19.330339431762599 ], [ -100.357528686522997, 19.280168533325298 ], [ -100.365188598632997, 19.2536525726319 ], [ -100.443702697754006, 19.2304992675782 ], [ -100.462020874022997, 19.234567642211999 ], [ -100.486427307129006, 19.285650253295898 ], [ -100.447692871094006, 19.306129455566399 ], [ -100.439659118652003, 19.321510314941499 ], [ -100.44214630127, 19.339490890503001 ], [ -100.380081176757997, 19.330339431762599 ] ] ] } },
{ "type": "Feature", "properties": { "NAME_1": "Michoacán", "NAME_2": "Jungapeo" }, "geometry": { "type": "Polygon", "coordinates": [ [ [ -100.486427307129006, 19.285650253295898 ], [ -100.52018737793, 19.368350982666001 ], [ -100.560417175292997, 19.4110107421875 ], [ -100.564910888672003, 19.430009841918999 ], [ -100.541786193847997, 19.4864406585694 ], [ -100.52564239502, 19.499111175537202 ], [ -100.480560302734006, 19.4952411651612 ], [ -100.447151184082003, 19.505371093750099 ], [ -100.416572570800994, 19.503280639648601 ], [ -100.414199829102003, 19.485349655151399 ], [ -100.394546508789006, 19.4621982574463 ], [ -100.421180725097997, 19.4463405609131 ], [ -100.435699462890994, 19.421810150146499 ], [ -100.463691711425994, 19.406650543213001 ], [ -100.439659118652003, 19.321510314941499 ], [ -100.452377319335994, 19.302181243896499 ], [ -100.486427307129006, 19.285650253295898 ] ] ] } },
{ "type": "Feature", "properties": { "NAME_1": "Michoacán", "NAME_2": "La Huacana" }, "geometry": { "type": "Polygon", "coordinates": [ [ [ -102.191696166992003, 18.673530578613299 ], [ -102.25422668457, 18.816310882568501 ], [ -102.225372314452997, 18.880270004272599 ], [ -102.213218688965, 18.864570617675799 ], [ -102.198905944824006, 18.878940582275401 ], [ -102.19164276123, 18.872051239013601 ], [ -102.178527832030994, 18.879329681396499 ], [ -102.170791625977003, 18.8671684265137 ], [ -102.143882751465, 18.8597297668457 ], [ -102.143913269042997, 18.839361190795898 ], [ -102.131057739257997, 18.8413600921632 ], [ -102.132011413574006, 18.8567008972169 ], [ -102.105842590332003, 18.841920852661101 ], [ -102.094093322754006, 18.850919723510899 ], [ -102.093170166015994, 18.868278503418001 ], [ -102.10578918457, 18.8875026702882 ], [ -102.132499694824006, 18.8984298706056 ], [ -102.084236145019005, 18.9268112182618 ], [ -102.086570739745994, 18.951940536499102 ], [ -102.076477050780994, 18.9752426147462 ], [ -102.079696655272997, 19.026678085327202 ], [ -102.048767089844006, 19.052190780639599 ], [ -102.004821777344006, 19.070800781250099 ], [ -101.957389831542997, 19.0756607055663 ], [ -101.904769897460994, 19.108219146728501 ], [ -101.762077331542997, 19.039979934692401 ], [ -101.701866149902003, 19.0035305023193 ], [ -101.634651184082003, 18.945640563964801 ], [ -101.619178771972997, 18.957080841064599 ], [ -101.573852539062003, 18.964801788330099 ], [ -101.552528381347997, 18.985710144043001 ], [ -101.535408020019005, 18.977460861206101 ], [ -101.538139343262003, 18.959110260009801 ], [ -101.572227478027003, 18.926130294799801 ], [ -101.606948852539006, 18.848480224609499 ], [ -101.653945922852003, 18.830890655517599 ], [ -101.726081848145, 18.7238883972168 ], [ -101.740676879882997, 18.717960357666001 ], [ -101.754859924315994, 18.732641220092901 ], [ -101.768882751465, 18.731750488281399 ], [ -101.858779907227003, 18.633420944213899 ], [ -101.892951965332003, 18.611249923706101 ], [ -101.900337219237997, 18.611240386962901 ], [ -101.907020568847997, 18.625238418579102 ], [ -101.958366394042997, 18.629392623901399 ], [ -101.907051086425994, 18.632961273193398 ], [ -101.911827087402003, 18.634941101074201 ], [ -101.976440429687997, 18.642229080200199 ], [ -102.019546508789006, 18.633569717407301 ], [ -102.06420135498, 18.654132843017599 ], [ -102.071510314940994, 18.673231124877901 ], [ -102.090911865234006, 18.6827297210693 ], [ -102.123222351074006, 18.659498214721701 ], [ -102.191696166992003, 18.673530578613299 ] ], [ [ -102.206489562987997, 18.844301223755 ], [ -102.205711364745994, 18.855850219726602 ], [ -102.215629577637003, 18.859889984130898 ], [ -102.212600708007997, 18.846460342407202 ], [ -102.206489562987997, 18.844301223755 ] ] ] } },
{ "type": "Feature", "properties": { "NAME_1": "Michoacán", "NAME_2": "La Piedad" }, "geometry": { "type": "Polygon", "coordinates": [ [ [ -102.02742767334, 20.330469131469801 ], [ -102.023452758789006, 20.314170837402301 ], [ -102.030403137207003, 20.269739151001001 ], [ -102.050201416015994, 20.2553005218507 ], [ -102.063789367675994, 20.232812881469801 ], [ -102.100677490234006, 20.219459533691499 ], [ -102.110702514647997, 20.2045803070068 ], [ -102.172416687012003, 20.253971099853501 ], [ -102.1728515625, 20.265808105468899 ], [ -102.16088104248, 20.281232833862401 ], [ -102.134925842285, 20.276340484619201 ], [ -102.129791259765994, 20.292001724243299 ], [ -102.151840209960994, 20.314550399780298 ], [ -102.186836242675994, 20.333000183105501 ], [ -102.195503234862997, 20.356319427490298 ], [ -102.170539855957003, 20.370510101318398 ], [ -102.084320068359006, 20.365730285644599 ], [ -102.028038024902003, 20.382991790771499 ], [ -102.039710998535, 20.344650268554702 ], [ -102.031227111815994, 20.3231697082519 ], [ -102.02742767334, 20.330469131469801 ] ] ] } },
{ "type": "Feature", "properties": { "NAME_1": "Michoacán", "NAME_2": "Lagunillas" }, "geometry": { "type": "Polygon", "coordinates": [ [ [ -101.504066467285, 19.654710769653398 ], [ -101.484741210937997, 19.6302890777588 ], [ -101.459526062012003, 19.617389678955199 ], [ -101.430290222167997, 19.6397895812988 ], [ -101.403106689452997, 19.623710632324201 ], [ -101.39998626709, 19.595832824706999 ], [ -101.427871704102003, 19.5501003265381 ], [ -101.503448486327997, 19.5865211486818 ], [ -101.511695861815994, 19.643081665039201 ], [ -101.504066467285, 19.654710769653398 ] ] ] } },
{ "type": "Feature", "properties": { "NAME_1": "Michoacán", "NAME_2": "Lázaro Cárdenas" }, "geometry": { "type": "GeometryCollection", "geometries": [ { "type": "Polygon", "coordinates": [ [ [ -102.234024047852003, 17.935693740844702 ], [ -102.29402923584, 17.9651393890382 ], [ -102.471527099609006, 18.016527175903398 ], [ -102.519859313965, 18.0212497711182 ], [ -102.555694580077997, 18.032917022705099 ], [ -102.557357788085994, 18.0395832061768 ], [ -102.559860229492003, 18.032917022705099 ], [ -102.60652923584, 18.048749923706101 ], [ -102.653198242187003, 18.049303054809599 ], [ -102.673469543457003, 18.05930519104 ], [ -102.696807861327997, 18.053472518920799 ], [ -102.730697631835994, 18.071527481079102 ], [ -102.759864807129006, 18.0701408386231 ], [ -102.764579772949006, 18.078750610351602 ], [ -102.78736114502, 18.082361221313398 ], [ -102.795349121094006, 18.1338710784913 ], [ -102.779678344727003, 18.143400192260799 ], [ -102.756706237792997, 18.144371032714801 ], [ -102.763389587402003, 18.163049697875898 ], [ -102.757141113280994, 18.1661701202393 ], [ -102.740913391112997, 18.1546096801757 ], [ -102.691291809082003, 18.1540203094482 ], [ -102.687591552734006, 18.140590667724599 ], [ -102.695739746094006, 18.1272907257081 ], [ -102.688583374022997, 18.122200012206999 ], [ -102.642692565917997, 18.122169494628999 ], [ -102.621391296387003, 18.144189834594702 ], [ -102.581275939940994, 18.119859695434599 ], [ -102.561187744140994, 18.132062911987202 ], [ -102.495597839355, 18.106338500976701 ], [ -102.483695983887003, 18.115318298339801 ], [ -102.48282623291, 18.1284503936768 ], [ -102.462829589844006, 18.14262008667 ], [ -102.474006652832003, 18.164060592651499 ], [ -102.468955993652003, 18.1725807189943 ], [ -102.453323364257997, 18.174640655517599 ], [ -102.438659667969006, 18.1574726104737 ], [ -102.353897094727003, 18.208490371704102 ], [ -102.368507385254006, 18.223489761352699 ], [ -102.359832763672003, 18.247819900512798 ], [ -102.35205078125, 18.2358303070068 ], [ -102.33283996582, 18.241230010986399 ], [ -102.322822570800994, 18.222160339355501 ], [ -102.289115905762003, 18.2080802917482 ], [ -102.275810241699006, 18.209730148315401 ], [ -102.274597167969006, 18.2250709533693 ], [ -102.262969970702997, 18.232580184936499 ], [ -102.177780151367003, 18.216962814331101 ], [ -102.137100219727003, 18.200290679931602 ], [ -102.128936767577997, 18.1892910003662 ], [ -102.17130279541, 18.169549942016602 ], [ -102.185997009277003, 18.118659973144599 ], [ -102.185737609862997, 18.0490608215332 ], [ -102.175552368164006, 17.9900207519531 ], [ -102.142082214355, 17.958660125732401 ], [ -102.137359619140994, 17.939582824707099 ], [ -102.167915344237997, 17.928749084472798 ], [ -102.176803588867003, 17.934305191040199 ], [ -102.173469543457003, 17.9426383972168 ], [ -102.154586791992003, 17.950971603393601 ], [ -102.166809082030994, 17.947639465332099 ], [ -102.170692443847997, 17.957639694213899 ], [ -102.182357788085994, 17.937084197998001 ], [ -102.186248779297003, 17.958749771118299 ], [ -102.182357788085994, 17.934583663940501 ], [ -102.187919616699006, 17.923471450805799 ], [ -102.177360534667997, 17.930414199829102 ], [ -102.167358398437997, 17.9226398468018 ], [ -102.191253662109006, 17.914304733276399 ], [ -102.234024047852003, 17.935693740844702 ] ] ] }, { "type": "Polygon", "coordinates": [ [ [ -102.935417175292997, 17.355138778686602 ], [ -102.934303283690994, 17.3529167175293 ], [ -102.935974121094006, 17.352361679077099 ], [ -102.936805725097997, 17.3548603057862 ], [ -102.935417175292997, 17.355138778686602 ] ] ] } ] } },
{ "type": "Feature", "properties": { "NAME_1": "Michoacán", "NAME_2": "Los Reyes" }, "geometry": { "type": "Polygon", "coordinates": [ [ [ -102.628799438477003, 19.478380203247099 ], [ -102.571846008300994, 19.5932312011719 ], [ -102.508743286132997, 19.638339996337901 ], [ -102.500068664550994, 19.654560089111399 ], [ -102.477531433105, 19.661010742187599 ], [ -102.43620300293, 19.714298248291101 ], [ -102.413330078125, 19.717330932617202 ], [ -102.406402587890994, 19.7369194030762 ], [ -102.382179260254006, 19.746379852294901 ], [ -102.367385864257997, 19.76349067688 ], [ -102.36531829834, 19.7699394226075 ], [ -102.403038024902003, 19.792230606079201 ], [ -102.35865020752, 19.804340362548899 ], [ -102.352188110352003, 19.773109436035199 ], [ -102.320518493652003, 19.7399291992188 ], [ -102.26180267334, 19.749151229858398 ], [ -102.263366699219006, 19.7221412658693 ], [ -102.283836364745994, 19.688079833984499 ], [ -102.279663085937003, 19.67147064209 ], [ -102.289596557617003, 19.636631011962901 ], [ -102.310546875, 19.615119934081999 ], [ -102.297332763672003, 19.597269058227599 ], [ -102.260665893555, 19.5783290863038 ], [ -102.24681854248, 19.565162658691499 ], [ -102.249420166015994, 19.557229995727599 ], [ -102.273742675780994, 19.552669525146499 ], [ -102.290901184082003, 19.567930221557599 ], [ -102.308776855469006, 19.5712795257569 ], [ -102.338340759277003, 19.561279296874901 ], [ -102.478652954102003, 19.5541801452637 ], [ -102.577430725097997, 19.5056896209718 ], [ -102.61572265625, 19.4658508300782 ], [ -102.628799438477003, 19.478380203247099 ] ] ] } },
{ "type": "Feature", "properties": { "NAME_1": "Michoacán", "NAME_2": "Madero" }, "geometry": { "type": "Polygon", "coordinates": [ [ [ -100.978096008300994, 19.3101196289062 ], [ -100.998222351074006, 19.252119064331101 ], [ -101.019386291504006, 19.2257709503175 ], [ -101.022766113280994, 19.209119796753001 ], [ -101.016998291015994, 19.203161239624102 ], [ -101.040817260742003, 19.165300369262798 ], [ -101.053840637207003, 19.158391952514599 ], [ -101.158638000487997, 19.184759140014599 ], [ -101.172866821289006, 19.204532623291001 ], [ -101.222526550292997, 19.2245616912843 ], [ -101.250137329102003, 19.217069625854499 ], [ -101.296798706055, 19.228330612182699 ], [ -101.345687866210994, 19.221210479736399 ], [ -101.333946228027003, 19.304758071899499 ], [ -101.34789276123, 19.32541847229 ], [ -101.345588684082003, 19.359130859375 ], [ -101.363243103027003, 19.384540557861399 ], [ -101.389366149902003, 19.396551132202202 ], [ -101.394798278809006, 19.416170120239201 ], [ -101.374908447265994, 19.428581237793001 ], [ -101.342697143555, 19.4290294647218 ], [ -101.313858032227003, 19.401960372924702 ], [ -101.281021118164006, 19.439409255981602 ], [ -101.234161376952997, 19.4275798797607 ], [ -101.208160400390994, 19.407819747924901 ], [ -101.198188781737997, 19.438789367675898 ], [ -101.166816711425994, 19.4722003936769 ], [ -101.152412414550994, 19.502189636230501 ], [ -101.126052856445, 19.503480911255 ], [ -101.111701965332003, 19.514961242675799 ], [ -101.081321716309006, 19.4887409210206 ], [ -101.051689147949006, 19.48708152771 ], [ -101.024612426757997, 19.4250812530519 ], [ -101.036766052245994, 19.3987007141113 ], [ -101.005126953125, 19.378669738769599 ], [ -100.978096008300994, 19.3101196289062 ] ] ] } },
{ "type": "Feature", "properties": { "NAME_1": "Michoacán", "NAME_2": "Maravatío" }, "geometry": { "type": "Polygon", "coordinates": [ [ [ -100.592475891112997, 19.842769622802699 ], [ -100.59001159668, 19.886350631713899 ], [ -100.584411621094006, 19.8949394226075 ], [ -100.569732666015994, 19.887662887573299 ], [ -100.567329406737997, 19.894121170044102 ], [ -100.568672180175994, 19.926170349121101 ], [ -100.584121704102003, 19.937089920043899 ], [ -100.595512390137003, 19.962589263916101 ], [ -100.560287475585994, 19.977630615234499 ], [ -100.536766052245994, 19.977521896362401 ], [ -100.552589416504006, 19.923000335693299 ], [ -100.55005645752, 19.912490844726602 ], [ -100.537162780762003, 19.908779144287202 ], [ -100.524841308594006, 19.919269561767599 ], [ -100.506286621094006, 19.972000122070401 ], [ -100.47673034668, 20.0016708374025 ], [ -100.387458801269005, 20.016849517822202 ], [ -100.338012695312003, 19.9905109405518 ], [ -100.30428314209, 19.989961624145501 ], [ -100.300102233887003, 19.968240737915099 ], [ -100.347396850585994, 19.916721343994102 ], [ -100.322998046875, 19.9056797027588 ], [ -100.300666809082003, 19.8815002441407 ], [ -100.276596069335994, 19.879150390625099 ], [ -100.247451782227003, 19.888809204101602 ], [ -100.221069335937003, 19.880750656127901 ], [ -100.233222961425994, 19.857812881469801 ], [ -100.215072631835994, 19.853290557861399 ], [ -100.209686279297003, 19.838672637939599 ], [ -100.216346740722997, 19.812839508056701 ], [ -100.241638183594006, 19.811519622802798 ], [ -100.25609588623, 19.797269821166999 ], [ -100.28295135498, 19.804651260376101 ], [ -100.321296691894005, 19.7760105133057 ], [ -100.395309448242003, 19.790611267089901 ], [ -100.459800720215, 19.777788162231602 ], [ -100.530250549315994, 19.790290832519599 ], [ -100.555397033690994, 19.803350448608501 ], [ -100.558212280272997, 19.8324203491212 ], [ -100.592475891112997, 19.842769622802699 ] ] ] } },
{ "type": "Feature", "properties": { "NAME_1": "Michoacán", "NAME_2": "Marcos Castellanos" }, "geometry": { "type": "Polygon", "coordinates": [ [ [ -103.094093322754006, 19.955329895019499 ], [ -103.058921813965, 20.017490386962901 ], [ -103.061866760254006, 20.0814609527587 ], [ -103.056945800780994, 20.108919143676701 ], [ -103.047805786132997, 20.116210937500099 ], [ -103.006546020507997, 20.1085910797119 ], [ -102.995208740234006, 20.114170074462901 ], [ -102.976387023925994, 20.1002082824707 ], [ -102.951866149902003, 20.05645942688 ], [ -102.909187316894005, 20.0529403686525 ], [ -102.887222290039006, 20.038682937622202 ], [ -102.889556884765994, 20.0229816436768 ], [ -102.870986938477003, 19.9758701324463 ], [ -102.873489379882997, 19.967180252075298 ], [ -102.890167236327997, 19.961330413818501 ], [ -102.882575988769005, 19.917030334472699 ], [ -102.958099365234006, 19.939609527587901 ], [ -103.006698608397997, 19.936439514160298 ], [ -103.025871276855, 19.9491405487062 ], [ -103.03678894043, 19.947891235351499 ], [ -103.06095123291, 19.924110412597699 ], [ -103.086456298827997, 19.9375190734863 ], [ -103.094093322754006, 19.955329895019499 ] ] ] } },
{ "type": "Feature", "properties": { "NAME_1": "Michoacán", "NAME_2": "Morelia" }, "geometry": { "type": "Polygon", "coordinates": [ [ [ -101.427871704102003, 19.5501003265381 ], [ -101.39998626709, 19.595832824706999 ], [ -101.403106689452997, 19.623710632324201 ], [ -101.430290222167997, 19.6397895812988 ], [ -101.459526062012003, 19.617389678955199 ], [ -101.484741210937997, 19.6302890777588 ], [ -101.502807617187003, 19.651760101318501 ], [ -101.475357055664006, 19.681922912597699 ], [ -101.450126647949006, 19.6827507019044 ], [ -101.447647094727003, 19.6951503753662 ], [ -101.455551147460994, 19.71928024292 ], [ -101.466117858887003, 19.7275905609131 ], [ -101.495506286620994, 19.712509155273601 ], [ -101.502113342285, 19.715610504150401 ], [ -101.500152587890994, 19.7625427246094 ], [ -101.515502929687997, 19.797548294067401 ], [ -101.513427734375, 19.821821212768601 ], [ -101.424156188965, 19.848569869995199 ], [ -101.407562255859006, 19.8254909515381 ], [ -101.396362304687003, 19.823368072509801 ], [ -101.373336791992003, 19.843620300293001 ], [ -101.344009399414006, 19.848180770874102 ], [ -101.333740234375, 19.8602409362794 ], [ -101.320526123047003, 19.853570938110401 ], [ -101.294738769530994, 19.859970092773398 ], [ -101.265975952147997, 19.824159622192301 ], [ -101.256942749022997, 19.7959804534913 ], [ -101.242942810059006, 19.787370681762699 ], [ -101.223136901855, 19.740930557251001 ], [ -101.199645996094006, 19.7239093780518 ], [ -101.135040283202997, 19.743921279907202 ], [ -101.108985900879006, 19.740890502929801 ], [ -101.090553283690994, 19.758928298950099 ], [ -101.087158203125, 19.7551593780518 ], [ -101.092666625977003, 19.710319519043001 ], [ -101.083023071289006, 19.646528244018601 ], [ -101.057983398437997, 19.625 ], [ -101.058876037597997, 19.599082946777301 ], [ -101.068817138672003, 19.591840744018601 ], [ -101.093841552734006, 19.598279953002901 ], [ -101.106246948242003, 19.589597702026499 ], [ -101.117530822754006, 19.5440902709962 ], [ -101.111701965332003, 19.514961242675799 ], [ -101.126052856445, 19.503480911255 ], [ -101.152412414550994, 19.502189636230501 ], [ -101.166816711425994, 19.4722003936769 ], [ -101.198188781737997, 19.438789367675898 ], [ -101.208160400390994, 19.407819747924901 ], [ -101.234161376952997, 19.4275798797607 ], [ -101.281021118164006, 19.439409255981602 ], [ -101.29759979248, 19.493392944335898 ], [ -101.347496032715, 19.513010025024499 ], [ -101.372222900390994, 19.541971206665099 ], [ -101.396438598632997, 19.5407104492188 ], [ -101.40283203125, 19.532150268554702 ], [ -101.412117004394005, 19.506370544433601 ], [ -101.409469604492003, 19.451450347900501 ], [ -101.431190490722997, 19.4463405609131 ], [ -101.433151245117003, 19.460960388183601 ], [ -101.450057983397997, 19.471019744873001 ], [ -101.456848144530994, 19.485120773315401 ], [ -101.427871704102003, 19.5501003265381 ] ] ] } },
{ "type": "Feature", "properties": { "NAME_1": "Michoacán", "NAME_2": "Morelos" }, "geometry": { "type": "Polygon", "coordinates": [ [ [ -101.594802856445, 19.935409545898501 ], [ -101.567481994629006, 19.965091705322301 ], [ -101.4716796875, 20.038040161132901 ], [ -101.443450927734006, 20.036872863769599 ], [ -101.426177978515994, 20.047960281372099 ], [ -101.405822753905994, 20.024852752685501 ], [ -101.358222961425994, 20.019269943237401 ], [ -101.359390258789006, 20.002040863037202 ], [ -101.376396179199006, 19.985630035400401 ], [ -101.368415832519005, 19.96928024292 ], [ -101.378898620605, 19.952659606933501 ], [ -101.40966796875, 19.945552825927699 ], [ -101.433059692382997, 19.950218200683601 ], [ -101.443817138672003, 19.937250137329201 ], [ -101.508155822754006, 19.9486103057862 ], [ -101.568748474120994, 19.915451049804801 ], [ -101.585792541504006, 19.917249679565501 ], [ -101.594802856445, 19.935409545898501 ] ] ] } },
{ "type": "Feature", "properties": { "NAME_1": "Michoacán", "NAME_2": "Múgica" }, "geometry": { "type": "GeometryCollection", "geometries": [ { "type": "Polygon", "coordinates": [ [ [ -102.227966308594006, 18.877468109130898 ], [ -102.234329223632997, 18.916660308838001 ], [ -102.198318481445, 18.9213180541993 ], [ -102.186996459960994, 18.933921813965 ], [ -102.189430236815994, 18.943470001220799 ], [ -102.220108032227003, 18.9485301971437 ], [ -102.228088378905994, 18.957040786743299 ], [ -102.212593078612997, 19.024839401245199 ], [ -102.145942687987997, 19.0665397644044 ], [ -102.140869140625, 19.088150024414102 ], [ -102.073387145995994, 19.107580184936602 ], [ -102.063301086425994, 19.050550460815501 ], [ -102.080329895019005, 19.0230007171631 ], [ -102.076477050780994, 18.9752426147462 ], [ -102.086570739745994, 18.951940536499102 ], [ -102.084236145019005, 18.9268112182618 ], [ -102.132499694824006, 18.8984298706056 ], [ -102.10578918457, 18.8875026702882 ], [ -102.093170166015994, 18.868278503418001 ], [ -102.094093322754006, 18.850919723510899 ], [ -102.105842590332003, 18.841920852661101 ], [ -102.132011413574006, 18.8567008972169 ], [ -102.131057739257997, 18.8413600921632 ], [ -102.143913269042997, 18.839361190795898 ], [ -102.143882751465, 18.8597297668457 ], [ -102.170791625977003, 18.8671684265137 ], [ -102.178527832030994, 18.879329681396499 ], [ -102.19164276123, 18.872051239013601 ], [ -102.198905944824006, 18.878940582275401 ], [ -102.213218688965, 18.864570617675799 ], [ -102.222946166992003, 18.880090713501001 ], [ -102.227966308594006, 18.877468109130898 ] ] ] }, { "type": "Polygon", "coordinates": [ [ [ -102.206489562987997, 18.844301223755 ], [ -102.212600708007997, 18.846460342407202 ], [ -102.215629577637003, 18.859889984130898 ], [ -102.205711364745994, 18.855850219726602 ], [ -102.206489562987997, 18.844301223755 ] ] ] } ] } },
{ "type": "Feature", "properties": { "NAME_1": "Michoacán", "NAME_2": "Nahuatzen" }, "geometry": { "type": "Polygon", "coordinates": [ [ [ -102.005737304687997, 19.575639724731399 ], [ -101.992546081542997, 19.649539947509801 ], [ -101.952262878417997, 19.6674194335938 ], [ -101.915885925292997, 19.701179504394599 ], [ -101.894577026367003, 19.7342128753663 ], [ -101.88745880127, 19.773200988769499 ], [ -101.828216552734006, 19.781322479248001 ], [ -101.797630310059006, 19.756120681762699 ], [ -101.808387756347997, 19.730108261108501 ], [ -101.793609619140994, 19.719800949096701 ], [ -101.810966491699006, 19.6277980804443 ], [ -101.838722229004006, 19.589420318603501 ], [ -101.855422973632997, 19.585300445556701 ], [ -101.877166748047003, 19.565320968628001 ], [ -101.906898498535, 19.569040298461999 ], [ -101.936370849609006, 19.546180725097798 ], [ -101.951843261719006, 19.553939819336001 ], [ -101.948219299315994, 19.581001281738299 ], [ -101.988822937012003, 19.5683994293213 ], [ -102.005737304687997, 19.575639724731399 ] ] ] } },
{ "type": "Feature", "properties": { "NAME_1": "Michoacán", "NAME_2": "Nocupétaro" }, "geometry": { "type": "Polygon", "coordinates": [ [ [ -101.192726135254006, 18.914340972900501 ], [ -101.234710693359006, 18.9227695465088 ], [ -101.245849609375, 18.945930480957099 ], [ -101.271781921387003, 18.961479187011701 ], [ -101.316246032715, 19.0213012695312 ], [ -101.333526611327997, 19.072191238403398 ], [ -101.349006652832003, 19.0843696594238 ], [ -101.309471130370994, 19.11674118042 ], [ -101.325942993164006, 19.176559448242099 ], [ -101.352783203125, 19.187671661377099 ], [ -101.345687866210994, 19.221210479736399 ], [ -101.296798706055, 19.228330612182699 ], [ -101.250137329102003, 19.217069625854499 ], [ -101.222526550292997, 19.2245616912843 ], [ -101.172866821289006, 19.204532623291001 ], [ -101.158638000487997, 19.184759140014599 ], [ -101.085639953612997, 19.169189453125 ], [ -101.066177368164006, 19.157947540283299 ], [ -101.078170776367003, 19.154077529907301 ], [ -101.087829589844006, 19.137001037597699 ], [ -101.129913330077997, 19.125989913940401 ], [ -101.130226135254006, 19.117040634155298 ], [ -101.106307983397997, 19.090272903442401 ], [ -101.093032836914006, 19.051700592041101 ], [ -101.106559753417997, 19.039791107177798 ], [ -101.132926940917997, 19.037349700927798 ], [ -101.176933288574006, 19.006729125976602 ], [ -101.19149017334, 18.983869552612202 ], [ -101.180290222167997, 18.9522705078125 ], [ -101.192726135254006, 18.914340972900501 ] ] ] } },
{ "type": "Feature", "properties": { "NAME_1": "Michoacán", "NAME_2": "Nuevo Paranguricutiro" }, "geometry": { "type": "Polygon", "coordinates": [ [ [ -102.185508728027003, 19.305311203002901 ], [ -102.205757141112997, 19.3205890655519 ], [ -102.24048614502, 19.371120452880898 ], [ -102.247772216797003, 19.445619583129901 ], [ -102.226188659667997, 19.4521293640137 ], [ -102.228408813477003, 19.4870204925538 ], [ -102.174423217772997, 19.4888706207275 ], [ -102.113746643065994, 19.469528198242099 ], [ -102.104232788085994, 19.456029891967798 ], [ -102.117599487305, 19.387130737304599 ], [ -102.133476257324006, 19.379909515380898 ], [ -102.157112121582003, 19.383710861206101 ], [ -102.176239013672003, 19.3693027496338 ], [ -102.185508728027003, 19.305311203002901 ] ] ] } },
{ "type": "Feature", "properties": { "NAME_1": "Michoacán", "NAME_2": "Nuevo Urecho" }, "geometry": { "type": "Polygon", "coordinates": [ [ [ -101.797218322754006, 19.061000823974702 ], [ -101.817909240722997, 19.0643596649169 ], [ -101.904769897460994, 19.108219146728501 ], [ -101.922378540039006, 19.145751953125099 ], [ -101.909797668457003, 19.168830871582099 ], [ -101.917289733887003, 19.221612930298001 ], [ -101.841636657715, 19.247859954833999 ], [ -101.809226989745994, 19.2192497253418 ], [ -101.811706542969006, 19.210048675537099 ], [ -101.83487701416, 19.216129302978601 ], [ -101.837371826172003, 19.207401275634801 ], [ -101.830551147460994, 19.184139251708999 ], [ -101.79313659668, 19.1711711883544 ], [ -101.79866027832, 19.146139144897599 ], [ -101.774452209472997, 19.104820251465 ], [ -101.773529052734006, 19.074390411377099 ], [ -101.797218322754006, 19.061000823974702 ] ] ] } },
{ "type": "Feature", "properties": { "NAME_1": "Michoacán", "NAME_2": "Numarán" }, "geometry": { "type": "Polygon", "coordinates": [ [ [ -101.995567321777003, 20.187759399414102 ], [ -102.022331237792997, 20.2345790863037 ], [ -102.051338195800994, 20.2488918304443 ], [ -102.028739929199006, 20.2734298706056 ], [ -102.025520324707003, 20.340631484985501 ], [ -102.000450134277003, 20.350498199462901 ], [ -101.973686218262003, 20.330940246581999 ], [ -101.989143371582003, 20.309650421142599 ], [ -101.974342346190994, 20.290309906006001 ], [ -101.96272277832, 20.2110710144043 ], [ -101.946540832519005, 20.201740264892599 ], [ -101.943519592285, 20.191280364990298 ], [ -101.958023071289006, 20.171461105346701 ], [ -101.984130859375, 20.189840316772599 ], [ -101.995567321777003, 20.187759399414102 ] ] ] } },
{ "type": "Feature", "properties": { "NAME_1": "Michoacán", "NAME_2": "Ocampo" }, "geometry": { "type": "Polygon", "coordinates": [ [ [ -100.367095947265994, 19.538831710815501 ], [ -100.405792236327997, 19.565130233764702 ], [ -100.403182983397997, 19.590690612793001 ], [ -100.429000854492003, 19.614160537719702 ], [ -100.429901123047003, 19.626092910766701 ], [ -100.366256713867003, 19.646192550659201 ], [ -100.355819702147997, 19.643590927124102 ], [ -100.306655883789006, 19.5913982391357 ], [ -100.258979797362997, 19.598340988159201 ], [ -100.229042053222997, 19.5925102233887 ], [ -100.225433349609006, 19.564100265502901 ], [ -100.272605895995994, 19.5472507476807 ], [ -100.367095947265994, 19.538831710815501 ] ] ] } },
{ "type": "Feature", "properties": { "NAME_1": "Michoacán", "NAME_2": "Pajacuarán" }, "geometry": { "type": "Polygon", "coordinates": [ [ [ -102.504997253417997, 20.078649520874102 ], [ -102.535346984862997, 20.081569671630898 ], [ -102.559638977050994, 20.1015110015869 ], [ -102.567596435547003, 20.095300674438501 ], [ -102.560661315917997, 20.076719284057699 ], [ -102.62922668457, 20.075170516967798 ], [ -102.56664276123, 20.165021896362401 ], [ -102.573226928710994, 20.192449569702202 ], [ -102.528923034667997, 20.215799331665 ], [ -102.523193359375, 20.1815109252931 ], [ -102.494583129882997, 20.1951408386232 ], [ -102.472076416015994, 20.166030883789102 ], [ -102.493789672852003, 20.120660781860401 ], [ -102.463287353515994, 20.105770111083999 ], [ -102.498352050780994, 20.089361190796001 ], [ -102.504997253417997, 20.078649520874102 ] ] ] } },
{ "type": "Feature", "properties": { "NAME_1": "Michoacán", "NAME_2": "Panindícuaro" }, "geometry": { "type": "Polygon", "coordinates": [ [ [ -101.941673278809006, 19.931510925293001 ], [ -101.960739135742003, 19.9517211914062 ], [ -101.96061706543, 19.9745807647706 ], [ -101.920448303222997, 19.991540908813501 ], [ -101.850456237792997, 20.099769592285199 ], [ -101.800498962402003, 20.065668106079102 ], [ -101.779350280762003, 20.034179687500099 ], [ -101.718322753905994, 20.042350769043001 ], [ -101.670593261719006, 19.9935111999512 ], [ -101.692077636719006, 19.980850219726701 ], [ -101.692192077637003, 19.972160339355501 ], [ -101.651489257812003, 19.951259613037099 ], [ -101.687057495117003, 19.920089721679702 ], [ -101.710166931152003, 19.9197597503663 ], [ -101.721580505370994, 19.901069641113299 ], [ -101.752487182617003, 19.9168701171875 ], [ -101.778686523437003, 19.911010742187599 ], [ -101.795440673827997, 19.923589706421001 ], [ -101.841239929199006, 19.925720214843899 ], [ -101.89232635498, 19.922500610351701 ], [ -101.901359558105, 19.9079494476319 ], [ -101.921173095702997, 19.91335105896 ], [ -101.941673278809006, 19.931510925293001 ] ] ] } },
{ "type": "Feature", "properties": { "NAME_1": "Michoacán", "NAME_2": "Paracho" }, "geometry": { "type": "Polygon", "coordinates": [ [ [ -102.005737304687997, 19.575639724731399 ], [ -102.023719787597997, 19.5741405487062 ], [ -102.110260009765994, 19.598079681396499 ], [ -102.121467590332003, 19.586841583251999 ], [ -102.130836486815994, 19.556909561157301 ], [ -102.140762329102003, 19.554838180541999 ], [ -102.152847290039006, 19.5879001617432 ], [ -102.180023193359006, 19.609348297119201 ], [ -102.183113098145, 19.667280197143501 ], [ -102.160972595215, 19.6804294586182 ], [ -102.159538269042997, 19.707420349121101 ], [ -102.127288818359006, 19.726301193237401 ], [ -102.117752075195, 19.6975326538087 ], [ -102.10440826416, 19.686201095581101 ], [ -102.080558776855, 19.685850143432699 ], [ -102.048469543457003, 19.700292587280298 ], [ -102.00594329834, 19.689989089965898 ], [ -102.009880065917997, 19.665439605712901 ], [ -101.987586975097997, 19.6574096679687 ], [ -102.005737304687997, 19.575639724731399 ] ] ] } },
{ "type": "Feature", "properties": { "NAME_1": "Michoacán", "NAME_2": "Parácuaro" }, "geometry": { "type": "Polygon", "coordinates": [ [ [ -102.227966308594006, 18.877468109130898 ], [ -102.233261108397997, 18.857460021972599 ], [ -102.268966674805, 18.8863925933838 ], [ -102.326286315917997, 18.899940490722699 ], [ -102.356452941895, 18.9360027313232 ], [ -102.300582885742003, 18.995599746703999 ], [ -102.278701782227003, 19.063531875610401 ], [ -102.258949279785, 19.0724601745607 ], [ -102.236976623535, 19.108860015869201 ], [ -102.240768432617003, 19.115179061889702 ], [ -102.261222839355, 19.114690780639801 ], [ -102.261405944824006, 19.131820678711001 ], [ -102.166656494140994, 19.288379669189599 ], [ -102.108222961425994, 19.2032794952394 ], [ -102.107887268065994, 19.181261062622099 ], [ -102.073387145995994, 19.107580184936602 ], [ -102.140869140625, 19.088150024414102 ], [ -102.145942687987997, 19.0665397644044 ], [ -102.212593078612997, 19.024839401245199 ], [ -102.228088378905994, 18.957040786743299 ], [ -102.220108032227003, 18.9485301971437 ], [ -102.189430236815994, 18.943470001220799 ], [ -102.186996459960994, 18.933921813965 ], [ -102.198318481445, 18.9213180541993 ], [ -102.234329223632997, 18.916660308838001 ], [ -102.227966308594006, 18.877468109130898 ] ] ] } },
{ "type": "Feature", "properties": { "NAME_1": "Michoacán", "NAME_2": "Pátzcuaro" }, "geometry": { "type": "Polygon", "coordinates": [ [ [ -101.449645996094006, 19.3943195343018 ], [ -101.499755859375, 19.377580642700298 ], [ -101.524391174315994, 19.384769439697301 ], [ -101.532279968262003, 19.378250122070401 ], [ -101.590919494629006, 19.4144802093506 ], [ -101.601852416992003, 19.441328048706101 ], [ -101.717468261719006, 19.432319641113398 ], [ -101.741256713867003, 19.4576110839844 ], [ -101.79296875, 19.468990325927798 ], [ -101.795356750487997, 19.5181694030762 ], [ -101.803718566895, 19.536359786987401 ], [ -101.790061950682997, 19.546850204467798 ], [ -101.76806640625, 19.527250289917099 ], [ -101.717269897460994, 19.512649536132798 ], [ -101.688362121582003, 19.5400905609131 ], [ -101.63646697998, 19.548660278320401 ], [ -101.615310668945, 19.5695304870607 ], [ -101.606758117675994, 19.552722930908299 ], [ -101.568389892577997, 19.566331863403299 ], [ -101.54467010498, 19.555931091308501 ], [ -101.518287658690994, 19.5602111816407 ], [ -101.496887207030994, 19.528480529785199 ], [ -101.505836486815994, 19.498590469360401 ], [ -101.456848144530994, 19.485120773315401 ], [ -101.450057983397997, 19.471019744873001 ], [ -101.433151245117003, 19.460960388183601 ], [ -101.431190490722997, 19.4463405609131 ], [ -101.449645996094006, 19.3943195343018 ] ] ] } },
{ "type": "Feature", "properties": { "NAME_1": "Michoacán", "NAME_2": "Penjamillo" }, "geometry": { "type": "Polygon", "coordinates": [ [ [ -102.004447937012003, 20.1110725402831 ], [ -101.982391357422003, 20.1197929382325 ], [ -101.976982116699006, 20.1338405609131 ], [ -101.983383178710994, 20.153789520263601 ], [ -102.005180358887003, 20.177259445190501 ], [ -101.995567321777003, 20.187759399414102 ], [ -101.984130859375, 20.189840316772599 ], [ -101.958023071289006, 20.171461105346701 ], [ -101.943519592285, 20.191280364990298 ], [ -101.911056518555, 20.187641143798899 ], [ -101.863952636719006, 20.214481353759801 ], [ -101.844802856445, 20.197982788085898 ], [ -101.80753326416, 20.2045707702637 ], [ -101.820762634277003, 20.154569625854599 ], [ -101.848075866699006, 20.103450775146499 ], [ -101.929336547852003, 19.983840942382901 ], [ -101.96061706543, 19.9745807647706 ], [ -102.0048828125, 20.0277004241944 ], [ -102.020927429199006, 20.057020187378001 ], [ -102.003227233887003, 20.079120635986399 ], [ -102.004447937012003, 20.1110725402831 ] ] ] } },
{ "type": "Feature", "properties": { "NAME_1": "Michoacán", "NAME_2": "Peribán" }, "geometry": { "type": "Polygon", "coordinates": [ [ [ -102.614486694335994, 19.464361190795898 ], [ -102.577430725097997, 19.5056896209718 ], [ -102.478652954102003, 19.5541801452637 ], [ -102.383453369140994, 19.559909820556602 ], [ -102.384696960449006, 19.539119720458999 ], [ -102.351890563965, 19.533279418945298 ], [ -102.340438842772997, 19.522438049316499 ], [ -102.327293395995994, 19.530170440673899 ], [ -102.32258605957, 19.520910263061602 ], [ -102.320793151855, 19.505451202392699 ], [ -102.336616516112997, 19.4928894042969 ], [ -102.33162689209, 19.454250335693398 ], [ -102.342132568359006, 19.433412551879901 ], [ -102.355606079102003, 19.425270080566499 ], [ -102.380378723144005, 19.453741073608501 ], [ -102.405113220215, 19.457788467407202 ], [ -102.480072021484006, 19.4327201843262 ], [ -102.507843017577997, 19.4015712738038 ], [ -102.52995300293, 19.399520874023601 ], [ -102.542587280272997, 19.419847488403299 ], [ -102.556129455565994, 19.426031112670898 ], [ -102.579391479492003, 19.411199569702202 ], [ -102.601356506347997, 19.408321380615298 ], [ -102.598747253417997, 19.4314708709718 ], [ -102.614486694335994, 19.464361190795898 ] ] ] } },
{ "type": "Feature", "properties": { "NAME_1": "Michoacán", "NAME_2": "Purépero" }, "geometry": { "type": "Polygon", "coordinates": [ [ [ -101.941673278809006, 19.931510925293001 ], [ -101.953247070312003, 19.924430847167901 ], [ -101.95524597168, 19.912511825561602 ], [ -101.936386108397997, 19.890680313110501 ], [ -101.941177368164006, 19.8572101593018 ], [ -101.989967346190994, 19.832740783691399 ], [ -102.019386291504006, 19.830520629882901 ], [ -102.011741638184006, 19.86794090271 ], [ -102.033599853515994, 19.878650665283299 ], [ -102.083625793457003, 19.8850002288819 ], [ -102.109573364257997, 19.9356994628906 ], [ -102.062362670897997, 19.923660278320401 ], [ -102.019203186035, 19.965560913086001 ], [ -101.965881347655994, 19.968299865722599 ], [ -101.954719543457003, 19.940639495849702 ], [ -101.941673278809006, 19.931510925293001 ] ] ] } },
{ "type": "Feature", "properties": { "NAME_1": "Michoacán", "NAME_2": "Puruándiro" }, "geometry": { "type": "Polygon", "coordinates": [ [ [ -101.752082824707003, 20.03524017334 ], [ -101.709541320800994, 20.1108112335206 ], [ -101.663063049315994, 20.1537475585938 ], [ -101.592056274414006, 20.1449604034425 ], [ -101.573120117187997, 20.149360656738299 ], [ -101.55549621582, 20.1829929351807 ], [ -101.563461303710994, 20.197731018066499 ], [ -101.561531066894005, 20.240261077880898 ], [ -101.536117553710994, 20.233789443969801 ], [ -101.461906433105, 20.263490676879901 ], [ -101.401496887207003, 20.260770797729499 ], [ -101.382308959960994, 20.237239837646499 ], [ -101.37686920166, 20.221759796142599 ], [ -101.398231506347997, 20.211242675781399 ], [ -101.434379577637003, 20.232112884521499 ], [ -101.445053100585994, 20.227188110351602 ], [ -101.437759399414006, 20.184770584106499 ], [ -101.424468994140994, 20.16090965271 ], [ -101.42845916748, 20.044202804565401 ], [ -101.473609924315994, 20.0370998382569 ], [ -101.567481994629006, 19.965091705322301 ], [ -101.591423034667997, 19.9363708496094 ], [ -101.682579040527003, 19.963151931762798 ], [ -101.693977355957003, 19.978082656860298 ], [ -101.67440032959, 19.9881896972656 ], [ -101.672576904297003, 19.996681213378999 ], [ -101.692520141602003, 20.009109497070401 ], [ -101.718322753905994, 20.042350769043001 ], [ -101.752082824707003, 20.03524017334 ] ] ] } },
{ "type": "Feature", "properties": { "NAME_1": "Michoacán", "NAME_2": "Queréndaro" }, "geometry": { "type": "Polygon", "coordinates": [ [ [ -100.800872802734006, 19.621000289916999 ], [ -100.837326049805, 19.669139862060501 ], [ -100.886917114257997, 19.686939239501999 ], [ -100.878471374512003, 19.7187404632569 ], [ -100.900199890137003, 19.775110244751101 ], [ -100.955497741699006, 19.8541698455812 ], [ -100.887840270995994, 19.851030349731602 ], [ -100.825820922852003, 19.826908111572301 ], [ -100.830917358397997, 19.8007106781006 ], [ -100.77384185791, 19.74568939209 ], [ -100.794021606445, 19.714540481567401 ], [ -100.742149353027003, 19.614500045776399 ], [ -100.751327514647997, 19.605068206787099 ], [ -100.780128479004006, 19.625169754028398 ], [ -100.800872802734006, 19.621000289916999 ] ] ] } },
{ "type": "Feature", "properties": { "NAME_1": "Michoacán", "NAME_2": "Quiroga" }, "geometry": { "type": "Polygon", "coordinates": [ [ [ -101.511695861815994, 19.643081665039201 ], [ -101.579566955565994, 19.6439819335938 ], [ -101.577606201172003, 19.659629821777401 ], [ -101.614631652832003, 19.674840927124102 ], [ -101.649429321289006, 19.670351028442401 ], [ -101.647117614745994, 19.6579608917237 ], [ -101.66414642334, 19.648130416870199 ], [ -101.701637268065994, 19.701892852783299 ], [ -101.672943115234006, 19.715579986572301 ], [ -101.618209838867003, 19.713649749755898 ], [ -101.567268371582003, 19.7498703002931 ], [ -101.575157165527003, 19.773311614990199 ], [ -101.563896179199006, 19.784000396728501 ], [ -101.512413024902003, 19.7854728698732 ], [ -101.500152587890994, 19.7625427246094 ], [ -101.500617980957003, 19.713119506835898 ], [ -101.466117858887003, 19.7275905609131 ], [ -101.455551147460994, 19.71928024292 ], [ -101.447647094727003, 19.6951503753662 ], [ -101.450126647949006, 19.6827507019044 ], [ -101.475357055664006, 19.681922912597699 ], [ -101.511695861815994, 19.643081665039201 ] ] ] } },
{ "type": "Feature", "properties": { "NAME_1": "Michoacán", "NAME_2": "Sahuayo" }, "geometry": { "type": "Polygon", "coordinates": [ [ [ -102.720527648925994, 20.0518398284912 ], [ -102.708961486815994, 20.021461486816499 ], [ -102.774917602539006, 19.9947395324707 ], [ -102.805976867675994, 20.021530151367202 ], [ -102.844596862792997, 20.015501022338999 ], [ -102.862930297852003, 20.042129516601602 ], [ -102.805969238280994, 20.069990158081101 ], [ -102.720527648925994, 20.0518398284912 ] ] ] } },
{ "type": "Feature", "properties": { "NAME_1": "Michoacán", "NAME_2": "Salvador Escalante" }, "geometry": { "type": "Polygon", "coordinates": [ [ [ -101.532279968262003, 19.378250122070401 ], [ -101.534233093262003, 19.3667697906494 ], [ -101.558715820312003, 19.353599548339801 ], [ -101.564872741699006, 19.320539474487301 ], [ -101.593078613280994, 19.299760818481499 ], [ -101.597366333007997, 19.271989822387699 ], [ -101.61994934082, 19.260902404785199 ], [ -101.688591003417997, 19.261510848999102 ], [ -101.711898803710994, 19.239421844482401 ], [ -101.753837585449006, 19.249799728393601 ], [ -101.786178588867003, 19.2415485382081 ], [ -101.813301086425994, 19.261770248413001 ], [ -101.845863342285, 19.2635917663575 ], [ -101.857955932617003, 19.273040771484499 ], [ -101.838439941405994, 19.2911701202393 ], [ -101.815528869629006, 19.2983703613282 ], [ -101.798683166504006, 19.340499877929702 ], [ -101.815742492675994, 19.3919906616212 ], [ -101.835746765137003, 19.4210109710694 ], [ -101.836402893065994, 19.441139221191399 ], [ -101.812751770019005, 19.449710845947301 ], [ -101.789108276367003, 19.470420837402401 ], [ -101.741256713867003, 19.4576110839844 ], [ -101.717468261719006, 19.432319641113398 ], [ -101.601852416992003, 19.441328048706101 ], [ -101.590919494629006, 19.4144802093506 ], [ -101.532279968262003, 19.378250122070401 ] ] ] } },
{ "type": "Feature", "properties": { "NAME_1": "Michoacán", "NAME_2": "San Lucas" }, "geometry": { "type": "Polygon", "coordinates": [ [ [ -100.850440979004006, 18.414630889892699 ], [ -100.855888366699006, 18.619440078735501 ], [ -100.846572875977003, 18.665031433105501 ], [ -100.854553222655994, 18.713630676269599 ], [ -100.844787597655994, 18.800621032714801 ], [ -100.852462768555, 18.8259811401368 ], [ -100.819549560547003, 18.828250885009801 ], [ -100.775382995605, 18.806800842285199 ], [ -100.790382385254006, 18.772830963134901 ], [ -100.745216369629006, 18.628709793090898 ], [ -100.729591369629006, 18.491540908813501 ], [ -100.681617736815994, 18.420850753784201 ], [ -100.616500854492003, 18.347040176391701 ], [ -100.642578125, 18.310911178588999 ], [ -100.67529296875, 18.305469512939499 ], [ -100.688850402832003, 18.317710876464801 ], [ -100.690353393555, 18.348249435424901 ], [ -100.703536987305, 18.3590908050537 ], [ -100.727996826172003, 18.343410491943398 ], [ -100.779052734375, 18.376239776611399 ], [ -100.798927307129006, 18.408769607543899 ], [ -100.850440979004006, 18.414630889892699 ] ] ] } },
{ "type": "Feature", "properties": { "NAME_1": "Michoacán", "NAME_2": "Santa Ana Maya" }, "geometry": { "type": "Polygon", "coordinates": [ [ [ -101.011543273925994, 19.982469558715799 ], [ -101.017196655272997, 19.992639541626001 ], [ -101.079307556152003, 20.0064811706544 ], [ -101.098075866699006, 20.048271179199201 ], [ -101.026626586914006, 20.0666809082032 ], [ -101.011543273925994, 19.982469558715799 ] ] ] } },
{ "type": "Feature", "properties": { "NAME_1": "Michoacán", "NAME_2": "Senguio" }, "geometry": { "type": "Polygon", "coordinates": [ [ [ -100.273399353027003, 19.6874294281006 ], [ -100.317993164062003, 19.669010162353501 ], [ -100.32942199707, 19.671129226684702 ], [ -100.350318908690994, 19.697219848632901 ], [ -100.370399475097997, 19.698040008545 ], [ -100.42951965332, 19.731500625610401 ], [ -100.441200256347997, 19.7800407409669 ], [ -100.395309448242003, 19.790611267089901 ], [ -100.321296691894005, 19.7760105133057 ], [ -100.292816162109006, 19.7994403839112 ], [ -100.277809143065994, 19.7563705444337 ], [ -100.287567138672003, 19.721460342407301 ], [ -100.273399353027003, 19.6874294281006 ] ] ] } },
{ "type": "Feature", "properties": { "NAME_1": "Michoacán", "NAME_2": "Susupuato" }, "geometry": { "type": "Polygon", "coordinates": [ [ [ -100.40380859375, 19.068561553955099 ], [ -100.416107177734006, 19.062191009521602 ], [ -100.429077148437997, 19.2016105651857 ], [ -100.403053283690994, 19.241840362548899 ], [ -100.361312866210994, 19.258510589599599 ], [ -100.357528686522997, 19.280168533325298 ], [ -100.380081176757997, 19.330339431762599 ], [ -100.294746398925994, 19.319690704345799 ], [ -100.284637451172003, 19.278049468994201 ], [ -100.328491210937997, 19.187290191650501 ], [ -100.381729125977003, 19.1333026885987 ], [ -100.40380859375, 19.068561553955099 ] ] ] } },
{ "type": "Feature", "properties": { "NAME_1": "Michoacán", "NAME_2": "Tacámbaro" }, "geometry": { "type": "GeometryCollection", "geometries": [ { "type": "Polygon", "coordinates": [ [ [ -102.21150970459, 19.2217102050782 ], [ -102.249382019042997, 19.2388401031494 ], [ -102.267639160155994, 19.217359542846701 ], [ -102.299026489257997, 19.215190887451101 ], [ -102.319038391112997, 19.196172714233398 ], [ -102.327568054199006, 19.226781845092798 ], [ -102.429496765137003, 19.1920680999756 ], [ -102.456001281737997, 19.239458084106499 ], [ -102.48705291748, 19.325410842895501 ], [ -102.502281188965, 19.403600692749102 ], [ -102.492523193359006, 19.4239101409912 ], [ -102.454551696777003, 19.446029663086101 ], [ -102.398536682129006, 19.4582118988038 ], [ -102.373207092285, 19.448930740356602 ], [ -102.361022949219006, 19.427160263061499 ], [ -102.352935791015994, 19.426031112670898 ], [ -102.33162689209, 19.454250335693398 ], [ -102.336616516112997, 19.4928894042969 ], [ -102.320793151855, 19.505451202392699 ], [ -102.327293395995994, 19.530170440673899 ], [ -102.318626403809006, 19.540649414062599 ], [ -102.30069732666, 19.535240173339901 ], [ -102.295303344727003, 19.510980606079102 ], [ -102.284820556640994, 19.500089645385799 ], [ -102.228408813477003, 19.4870204925538 ], [ -102.226188659667997, 19.4521293640137 ], [ -102.247772216797003, 19.445619583129901 ], [ -102.238899230957003, 19.365449905395501 ], [ -102.201766967772997, 19.315889358520501 ], [ -102.166656494140994, 19.288379669189599 ], [ -102.21150970459, 19.2217102050782 ] ] ] }, { "type": "Polygon", "coordinates": [ [ [ -101.349006652832003, 19.0843696594238 ], [ -101.36604309082, 19.077051162719702 ], [ -101.394172668457003, 19.080591201782301 ], [ -101.423957824707003, 19.0595817565918 ], [ -101.436538696289006, 19.059410095215 ], [ -101.445526123047003, 19.095720291137798 ], [ -101.482788085937003, 19.1533908843994 ], [ -101.520011901855, 19.161809921264801 ], [ -101.544792175292997, 19.1770324707032 ], [ -101.590362548827997, 19.166080474853601 ], [ -101.600379943847997, 19.1702899932862 ], [ -101.588806152344006, 19.196792602539102 ], [ -101.599426269530994, 19.206480026245099 ], [ -101.591018676757997, 19.2217102050782 ], [ -101.596122741699006, 19.2942199707032 ], [ -101.564872741699006, 19.320539474487301 ], [ -101.558715820312003, 19.353599548339801 ], [ -101.534233093262003, 19.3667697906494 ], [ -101.529190063477003, 19.382190704345799 ], [ -101.506286621094006, 19.376560211181602 ], [ -101.449645996094006, 19.3943195343018 ], [ -101.435302734375, 19.390630722046001 ], [ -101.394798278809006, 19.416170120239201 ], [ -101.389366149902003, 19.396551132202202 ], [ -101.363243103027003, 19.384540557861399 ], [ -101.347137451172003, 19.3648395538331 ], [ -101.34789276123, 19.32541847229 ], [ -101.333946228027003, 19.304758071899499 ], [ -101.352783203125, 19.187671661377099 ], [ -101.325942993164006, 19.176559448242099 ], [ -101.309471130370994, 19.11674118042 ], [ -101.349006652832003, 19.0843696594238 ] ] ] } ] } },
{ "type": "Feature", "properties": { "NAME_1": "Michoacán", "NAME_2": "Tangamandapio" }, "geometry": { "type": "Polygon", "coordinates": [ [ [ -102.34375, 19.892738342285298 ], [ -102.388359069824006, 19.850490570068501 ], [ -102.403038024902003, 19.792230606079201 ], [ -102.528190612792997, 19.7759990692138 ], [ -102.543022155762003, 19.785938262939499 ], [ -102.547225952147997, 19.8005599975587 ], [ -102.515907287597997, 19.8326110839844 ], [ -102.515937805175994, 19.8460197448731 ], [ -102.538497924805, 19.864540100097599 ], [ -102.577217102050994, 19.873569488525501 ], [ -102.586647033690994, 19.8892211914063 ], [ -102.558982849120994, 19.901279449462901 ], [ -102.527526855469006, 19.928350448608501 ], [ -102.523941040039006, 19.944400787353501 ], [ -102.532112121582003, 19.963640213012699 ], [ -102.520072937012003, 19.972269058227599 ], [ -102.495506286620994, 19.964540481567301 ], [ -102.488037109375, 19.9735107421875 ], [ -102.454452514647997, 19.962409973144499 ], [ -102.360237121582003, 19.9817008972169 ], [ -102.356407165527003, 19.972269058227599 ], [ -102.375427246094006, 19.942699432373001 ], [ -102.371887207030994, 19.909580230712901 ], [ -102.368026733397997, 19.89900970459 ], [ -102.34375, 19.892738342285298 ] ] ] } },
{ "type": "Feature", "properties": { "NAME_1": "Michoacán", "NAME_2": "Tangancícuaro" }, "geometry": { "type": "Polygon", "coordinates": [ [ [ -102.206123352050994, 19.787860870361399 ], [ -102.215362548827997, 19.785539627075298 ], [ -102.226142883300994, 19.799140930175799 ], [ -102.235656738280994, 19.7988605499268 ], [ -102.251358032227003, 19.789039611816399 ], [ -102.249649047852003, 19.7635307312013 ], [ -102.257476806640994, 19.751440048217798 ], [ -102.317092895507997, 19.738889694213899 ], [ -102.349159240722997, 19.768188476562599 ], [ -102.35865020752, 19.804340362548899 ], [ -102.403038024902003, 19.792230606079201 ], [ -102.40299987793, 19.799211502075199 ], [ -102.391647338867003, 19.8185005187988 ], [ -102.388359069824006, 19.850490570068501 ], [ -102.34375, 19.892738342285298 ], [ -102.336280822754006, 19.887550354003999 ], [ -102.311836242675994, 19.900211334228601 ], [ -102.298736572265994, 19.8792228698731 ], [ -102.270362854004006, 19.877841949462901 ], [ -102.227043151855, 19.9156703948975 ], [ -102.246650695800994, 19.936740875244102 ], [ -102.176483154297003, 19.960979461669901 ], [ -102.156593322754006, 19.921859741211001 ], [ -102.14200592041, 19.938470840454102 ], [ -102.109573364257997, 19.9356994628906 ], [ -102.083625793457003, 19.8850002288819 ], [ -102.119186401367003, 19.885681152343899 ], [ -102.145446777344006, 19.869899749755898 ], [ -102.172737121582003, 19.870740890503001 ], [ -102.178451538085994, 19.863040924072301 ], [ -102.168037414550994, 19.852159500122202 ], [ -102.206123352050994, 19.787860870361399 ] ] ] } },
{ "type": "Feature", "properties": { "NAME_1": "Michoacán", "NAME_2": "Tanhuato" }, "geometry": { "type": "Polygon", "coordinates": [ [ [ -102.421882629395, 20.190019607543899 ], [ -102.411636352539006, 20.252010345459102 ], [ -102.397743225097997, 20.286149978637699 ], [ -102.392036437987997, 20.2712306976319 ], [ -102.383377075195, 20.2704982757569 ], [ -102.384086608887003, 20.284349441528398 ], [ -102.35563659668, 20.301000595092798 ], [ -102.353385925292997, 20.328920364379901 ], [ -102.342948913574006, 20.332351684570401 ], [ -102.339897155762003, 20.312740325927699 ], [ -102.312507629395, 20.2989826202393 ], [ -102.300880432129006, 20.275751113891701 ], [ -102.267318725585994, 20.2594299316406 ], [ -102.245872497559006, 20.218509674072301 ], [ -102.270568847655994, 20.2010307312012 ], [ -102.297248840332003, 20.200780868530298 ], [ -102.34886932373, 20.1838893890381 ], [ -102.421882629395, 20.190019607543899 ] ] ] } },
{ "type": "Feature", "properties": { "NAME_1": "Michoacán", "NAME_2": "Taretan" }, "geometry": { "type": "Polygon", "coordinates": [ [ [ -101.917289733887003, 19.221612930298001 ], [ -101.932418823242003, 19.236509323120199 ], [ -101.947288513184006, 19.272710800170898 ], [ -101.99829864502, 19.329349517822301 ], [ -101.990989685059006, 19.339771270751999 ], [ -101.974151611327997, 19.336160659790099 ], [ -101.982200622559006, 19.3490695953369 ], [ -101.979537963867003, 19.3610229492188 ], [ -101.959053039550994, 19.367990493774499 ], [ -101.920593261719006, 19.352760314941499 ], [ -101.802429199219006, 19.3461627960206 ], [ -101.798683166504006, 19.340499877929702 ], [ -101.815528869629006, 19.2983703613282 ], [ -101.858329772949006, 19.278989791870099 ], [ -101.856552124022997, 19.241460800171001 ], [ -101.917289733887003, 19.221612930298001 ] ] ] } },
{ "type": "Feature", "properties": { "NAME_1": "Michoacán", "NAME_2": "Tarímbaro" }, "geometry": { "type": "Polygon", "coordinates": [ [ [ -101.090553283690994, 19.758928298950099 ], [ -101.108985900879006, 19.740890502929801 ], [ -101.135040283202997, 19.743921279907202 ], [ -101.199645996094006, 19.7239093780518 ], [ -101.223136901855, 19.740930557251001 ], [ -101.242942810059006, 19.787370681762699 ], [ -101.256942749022997, 19.7959804534913 ], [ -101.265975952147997, 19.824159622192301 ], [ -101.294738769530994, 19.859970092773398 ], [ -101.250579833984006, 19.856309890747099 ], [ -101.227355957030994, 19.866712570190501 ], [ -101.167945861815994, 19.871080398559499 ], [ -101.129806518555, 19.864719390869201 ], [ -101.115028381347997, 19.845302581787202 ], [ -101.087631225585994, 19.770709991455099 ], [ -101.090553283690994, 19.758928298950099 ] ] ] } },
{ "type": "Feature", "properties": { "NAME_1": "Michoacán", "NAME_2": "Tepalcatepec" }, "geometry": { "type": "Polygon", "coordinates": [ [ [ -102.871368408202997, 18.8972606658937 ], [ -102.89826965332, 18.966510772705099 ], [ -102.926010131835994, 18.952680587768601 ], [ -102.963226318359006, 18.9486103057862 ], [ -103.010391235352003, 18.9828300476075 ], [ -103.017890930175994, 19.006219863891701 ], [ -103.037528991699006, 19.0245475769044 ], [ -103.044082641602003, 19.071050643920898 ], [ -102.899597167969006, 19.195680618286101 ], [ -102.815902709960994, 19.237720489501999 ], [ -102.815773010254006, 19.200437545776399 ], [ -102.805587768555, 19.163709640503001 ], [ -102.787078857422003, 19.161502838134801 ], [ -102.752693176269005, 19.1279201507568 ], [ -102.752197265625, 19.118619918823299 ], [ -102.723793029785, 19.109849929809499 ], [ -102.718849182129006, 19.097032546997202 ], [ -102.70263671875, 19.090431213378999 ], [ -102.685333251952997, 19.069509506225501 ], [ -102.711601257324006, 19.061750411987301 ], [ -102.728897094727003, 19.027860641479499 ], [ -102.769012451172003, 19.012262344360401 ], [ -102.779975891112997, 18.978340148925898 ], [ -102.805992126465, 18.962459564208899 ], [ -102.871368408202997, 18.8972606658937 ] ] ] } },
{ "type": "Feature", "properties": { "NAME_1": "Michoacán", "NAME_2": "Tingambato" }, "geometry": { "type": "Polygon", "coordinates": [ [ [ -101.961898803710994, 19.459720611572301 ], [ -101.983627319335994, 19.477661132812599 ], [ -101.987319946289006, 19.491558074951101 ], [ -101.950912475585994, 19.518949508666999 ], [ -101.944496154785, 19.547519683837901 ], [ -101.928413391112997, 19.549049377441499 ], [ -101.906898498535, 19.569040298461999 ], [ -101.877166748047003, 19.565320968628001 ], [ -101.83349609375, 19.5954494476319 ], [ -101.814651489257997, 19.575801849365298 ], [ -101.798530578612997, 19.5446701049806 ], [ -101.804161071777003, 19.5342903137206 ], [ -101.795356750487997, 19.5181694030762 ], [ -101.79296875, 19.468990325927798 ], [ -101.812751770019005, 19.449710845947301 ], [ -101.833831787109006, 19.446672439575298 ], [ -101.835746765137003, 19.4210109710694 ], [ -101.868148803710994, 19.425132751464801 ], [ -101.908432006835994, 19.4722003936769 ], [ -101.940742492675994, 19.471500396728601 ], [ -101.961898803710994, 19.459720611572301 ] ] ] } },
{ "type": "Feature", "properties": { "NAME_1": "Michoacán", "NAME_2": "Tinguindín" }, "geometry": { "type": "Polygon", "coordinates": [ [ [ -102.43620300293, 19.714298248291101 ], [ -102.491569519042997, 19.714479446411101 ], [ -102.527603149414006, 19.700050354003999 ], [ -102.572067260742003, 19.705560684204102 ], [ -102.586402893065994, 19.715072631835898 ], [ -102.590309143065994, 19.726520538330199 ], [ -102.572540283202997, 19.751020431518601 ], [ -102.595161437987997, 19.807939529418899 ], [ -102.618881225585994, 19.8357028961182 ], [ -102.626487731934006, 19.8622226715088 ], [ -102.618690490722997, 19.874322891235298 ], [ -102.586647033690994, 19.8892211914063 ], [ -102.577217102050994, 19.873569488525501 ], [ -102.538497924805, 19.864540100097599 ], [ -102.517936706542997, 19.8484497070313 ], [ -102.515907287597997, 19.8326110839844 ], [ -102.547225952147997, 19.8005599975587 ], [ -102.532852172852003, 19.776971817016701 ], [ -102.403038024902003, 19.792230606079201 ], [ -102.36531829834, 19.7699394226075 ], [ -102.382179260254006, 19.746379852294901 ], [ -102.406402587890994, 19.7369194030762 ], [ -102.413330078125, 19.717330932617202 ], [ -102.43620300293, 19.714298248291101 ] ] ] } },
{ "type": "Feature", "properties": { "NAME_1": "Michoacán", "NAME_2": "Tiquicheo de Nicolás Romero" }, "geometry": { "type": "Polygon", "coordinates": [ [ [ -100.913673400879006, 18.8514499664307 ], [ -100.911666870117003, 18.872720718383899 ], [ -100.890258789062003, 18.874071121215898 ], [ -100.892860412597997, 18.917591094970799 ], [ -100.880561828612997, 18.9558410644532 ], [ -100.898780822754006, 18.970720291137798 ], [ -100.880966186522997, 18.982538223266701 ], [ -100.863822937012003, 19.018711090088001 ], [ -100.954818725585994, 19.089950561523601 ], [ -100.997009277344006, 19.084661483764702 ], [ -100.978202819824006, 19.115770339965799 ], [ -100.98095703125, 19.157421112060501 ], [ -100.997032165527003, 19.200788497924801 ], [ -101.022766113280994, 19.209119796753001 ], [ -101.019386291504006, 19.2257709503175 ], [ -100.998222351074006, 19.252119064331101 ], [ -100.978096008300994, 19.3101196289062 ], [ -100.921348571777003, 19.275129318237202 ], [ -100.92839050293, 19.255750656128001 ], [ -100.910987854004006, 19.2329502105713 ], [ -100.886848449707003, 19.219680786132798 ], [ -100.872131347655994, 19.196331024169901 ], [ -100.888336181640994, 19.179437637329201 ], [ -100.880546569824006, 19.158941268921001 ], [ -100.857849121094006, 19.156459808349599 ], [ -100.859382629395, 19.185590744018601 ], [ -100.825332641602003, 19.1691799163819 ], [ -100.769203186035, 19.196220397949201 ], [ -100.760719299315994, 19.212009429931602 ], [ -100.745407104492003, 19.2182006835938 ], [ -100.723793029785, 19.1722011566163 ], [ -100.734840393065994, 19.131450653076101 ], [ -100.704727172852003, 19.125240325927798 ], [ -100.690040588379006, 19.084672927856399 ], [ -100.664482116699006, 19.0483493804932 ], [ -100.654449462890994, 19.051210403442401 ], [ -100.631523132324006, 19.115289688110401 ], [ -100.616081237792997, 19.118150711059599 ], [ -100.562690734862997, 19.088239669799801 ], [ -100.527061462402003, 19.027429580688601 ], [ -100.522422790527003, 18.9770317077637 ], [ -100.544357299805, 18.9232692718506 ], [ -100.590476989745994, 18.894340515136701 ], [ -100.687927246094006, 18.782850265502901 ], [ -100.698226928710994, 18.787820816040099 ], [ -100.706123352050994, 18.830232620239201 ], [ -100.718856811522997, 18.847547531127901 ], [ -100.775382995605, 18.806800842285199 ], [ -100.815795898437997, 18.8271198272706 ], [ -100.852462768555, 18.8259811401368 ], [ -100.870620727539006, 18.844230651855501 ], [ -100.913673400879006, 18.8514499664307 ] ] ] } },
{ "type": "Feature", "properties": { "NAME_1": "Michoacán", "NAME_2": "Tlalpujahua" }, "geometry": { "type": "Polygon", "coordinates": [ [ [ -100.292816162109006, 19.7994403839112 ], [ -100.270317077637003, 19.8059997558594 ], [ -100.25609588623, 19.797269821166999 ], [ -100.241638183594006, 19.811519622802798 ], [ -100.216346740722997, 19.812839508056701 ], [ -100.209686279297003, 19.838672637939599 ], [ -100.147109985352003, 19.8326110839844 ], [ -100.163757324219006, 19.743089675903299 ], [ -100.226959228515994, 19.717939376831101 ], [ -100.284629821777003, 19.7256984710693 ], [ -100.277809143065994, 19.7563705444337 ], [ -100.292816162109006, 19.7994403839112 ] ] ] } },
{ "type": "Feature", "properties": { "NAME_1": "Michoacán", "NAME_2": "Tlazazalca" }, "geometry": { "type": "Polygon", "coordinates": [ [ [ -102.176483154297003, 19.960979461669901 ], [ -102.161720275879006, 20.0069484710694 ], [ -102.17684173584, 19.996101379394599 ], [ -102.176170349120994, 20.010850906372202 ], [ -102.196907043457003, 20.008859634399499 ], [ -102.17610168457, 20.0366306304931 ], [ -102.179679870605, 20.061380386352699 ], [ -102.160285949707003, 20.074180603027301 ], [ -102.087120056152003, 20.080921173095799 ], [ -102.020927429199006, 20.057020187378001 ], [ -101.96061706543, 19.9745807647706 ], [ -101.962951660155994, 19.9676704406738 ], [ -102.019203186035, 19.965560913086001 ], [ -102.062362670897997, 19.923660278320401 ], [ -102.095436096190994, 19.936069488525401 ], [ -102.138122558594006, 19.939260482788001 ], [ -102.156593322754006, 19.921859741211001 ], [ -102.176483154297003, 19.960979461669901 ] ] ] } },
{ "type": "Feature", "properties": { "NAME_1": "Michoacán", "NAME_2": "Tocumbo" }, "geometry": { "type": "Polygon", "coordinates": [ [ [ -102.628799438477003, 19.478380203247099 ], [ -102.646438598632997, 19.485441207885799 ], [ -102.722320556640994, 19.4849529266357 ], [ -102.759857177734006, 19.476882934570401 ], [ -102.768241882324006, 19.4834709167481 ], [ -102.749046325684006, 19.525081634521602 ], [ -102.740951538085994, 19.576379776001101 ], [ -102.712471008300994, 19.5896396636963 ], [ -102.687698364257997, 19.634990692138601 ], [ -102.671546936035, 19.686870574951101 ], [ -102.679450988769005, 19.702949523925898 ], [ -102.623657226562003, 19.725347518921001 ], [ -102.642127990722997, 19.757408142089801 ], [ -102.643096923827997, 19.792119979858501 ], [ -102.656997680664006, 19.804559707641602 ], [ -102.646980285645, 19.850570678711101 ], [ -102.641296386719006, 19.8596305847169 ], [ -102.626487731934006, 19.8622226715088 ], [ -102.573341369629006, 19.754400253296001 ], [ -102.590309143065994, 19.726520538330199 ], [ -102.586402893065994, 19.715072631835898 ], [ -102.572067260742003, 19.705560684204102 ], [ -102.527603149414006, 19.700050354003999 ], [ -102.491569519042997, 19.714479446411101 ], [ -102.43620300293, 19.714298248291101 ], [ -102.477531433105, 19.661010742187599 ], [ -102.500068664550994, 19.654560089111399 ], [ -102.508743286132997, 19.638339996337901 ], [ -102.571846008300994, 19.5932312011719 ], [ -102.628799438477003, 19.478380203247099 ] ] ] } },
{ "type": "Feature", "properties": { "NAME_1": "Michoacán", "NAME_2": "Tumbiscatío" }, "geometry": { "type": "Polygon", "coordinates": [ [ [ -102.79704284668, 18.492599487304599 ], [ -102.774467468262003, 18.4965705871582 ], [ -102.72834777832, 18.4799098968507 ], [ -102.678466796875, 18.500360488891701 ], [ -102.677047729492003, 18.509822845459102 ], [ -102.703491210937003, 18.534868240356499 ], [ -102.690231323242003, 18.566259384155298 ], [ -102.661407470702997, 18.570392608642599 ], [ -102.677322387695, 18.586420059204201 ], [ -102.671531677245994, 18.596611022949201 ], [ -102.633758544922003, 18.599279403686602 ], [ -102.595565795897997, 18.588251113891602 ], [ -102.602043151855, 18.6186408996582 ], [ -102.569625854492003, 18.622537612915 ], [ -102.547691345215, 18.636920928955099 ], [ -102.490356445312003, 18.6450309753419 ], [ -102.465156555175994, 18.672969818115199 ], [ -102.429443359375, 18.656641006469801 ], [ -102.372116088867003, 18.667251586914201 ], [ -102.358406066895, 18.697700500488299 ], [ -102.298866271972997, 18.717279434204201 ], [ -102.28636932373, 18.7310295104981 ], [ -102.292221069335994, 18.748960494995099 ], [ -102.31672668457, 18.755050659179599 ], [ -102.324317932129006, 18.7919101715087 ], [ -102.25422668457, 18.816310882568501 ], [ -102.247131347655994, 18.804571151733501 ], [ -102.228050231934006, 18.744380950927798 ], [ -102.191696166992003, 18.673530578613299 ], [ -102.209747314452997, 18.651670455932599 ], [ -102.186988830565994, 18.626268386840898 ], [ -102.185340881347997, 18.610532760620199 ], [ -102.238777160645, 18.624111175537099 ], [ -102.248573303222997, 18.6191101074219 ], [ -102.251716613769005, 18.6019001007081 ], [ -102.267807006835994, 18.5967807769775 ], [ -102.278419494629006, 18.603879928588999 ], [ -102.288566589355, 18.594301223754801 ], [ -102.299026489257997, 18.561170578003001 ], [ -102.284896850585994, 18.533800125122202 ], [ -102.321296691895, 18.491260528564499 ], [ -102.338661193847997, 18.486801147461001 ], [ -102.354347229004006, 18.450391769409102 ], [ -102.351722717285, 18.4351406097412 ], [ -102.408203125, 18.3984107971193 ], [ -102.443466186522997, 18.391559600830199 ], [ -102.448883056640994, 18.3196907043456 ], [ -102.47151184082, 18.329919815063601 ], [ -102.503486633300994, 18.328731536865298 ], [ -102.512992858887003, 18.361640930175799 ], [ -102.607261657715, 18.34255027771 ], [ -102.626472473145, 18.3679294586182 ], [ -102.642852783202997, 18.3743495941162 ], [ -102.658866882324006, 18.3996505737306 ], [ -102.744148254395, 18.392799377441499 ], [ -102.789527893065994, 18.424671173095799 ], [ -102.814453125, 18.412540435791101 ], [ -102.831596374512003, 18.414199829101499 ], [ -102.839256286620994, 18.425228118896499 ], [ -102.835327148437997, 18.4440612792969 ], [ -102.79704284668, 18.492599487304599 ] ] ] } },
{ "type": "Feature", "properties": { "NAME_1": "Michoacán", "NAME_2": "Turicato" }, "geometry": { "type": "Polygon", "coordinates": [ [ [ -101.223922729492003, 18.772270202636701 ], [ -101.237480163574006, 18.759271621704201 ], [ -101.241088867187997, 18.727741241455099 ], [ -101.255058288574006, 18.705640792846701 ], [ -101.340995788574006, 18.672021865844801 ], [ -101.399482727050994, 18.6679496765138 ], [ -101.455368041992003, 18.7086696624756 ], [ -101.476150512695, 18.7487297058106 ], [ -101.469390869140994, 18.769201278686602 ], [ -101.499519348145, 18.785770416259801 ], [ -101.501319885254006, 18.8107204437256 ], [ -101.518882751465, 18.8267593383788 ], [ -101.546516418457003, 18.881589889526499 ], [ -101.533531188965, 18.916112899780401 ], [ -101.554512023925994, 18.9444599151612 ], [ -101.536026000977003, 18.9621105194093 ], [ -101.537406921387003, 18.980649948120099 ], [ -101.552528381347997, 18.985710144043001 ], [ -101.573852539062003, 18.964801788330099 ], [ -101.615036010742003, 18.955989837646499 ], [ -101.621932983397997, 18.960700988769499 ], [ -101.619262695312003, 18.982040405273398 ], [ -101.590621948242003, 19.0112915039063 ], [ -101.591423034667997, 19.0465412139893 ], [ -101.604362487792997, 19.073610305786101 ], [ -101.588218688965, 19.099941253662202 ], [ -101.597648620605, 19.1444606781007 ], [ -101.590362548827997, 19.166080474853601 ], [ -101.544792175292997, 19.1770324707032 ], [ -101.520011901855, 19.161809921264801 ], [ -101.482788085937003, 19.1533908843994 ], [ -101.445526123047003, 19.095720291137798 ], [ -101.436538696289006, 19.059410095215 ], [ -101.423957824707003, 19.0595817565918 ], [ -101.394172668457003, 19.080591201782301 ], [ -101.36604309082, 19.077051162719702 ], [ -101.349006652832003, 19.0843696594238 ], [ -101.336250305175994, 19.075361251831101 ], [ -101.316246032715, 19.0213012695312 ], [ -101.271781921387003, 18.961479187011701 ], [ -101.245849609375, 18.945930480957099 ], [ -101.234710693359006, 18.9227695465088 ], [ -101.192726135254006, 18.914340972900501 ], [ -101.208045959472997, 18.851800918578999 ], [ -101.236938476562003, 18.812641143798899 ], [ -101.223922729492003, 18.772270202636701 ] ] ] } },
{ "type": "Feature", "properties": { "NAME_1": "Michoacán", "NAME_2": "Tuxpan" }, "geometry": { "type": "Polygon", "coordinates": [ [ [ -100.544906616210994, 19.480871200561602 ], [ -100.574043273925994, 19.510932922363299 ], [ -100.571647644042997, 19.533479690551701 ], [ -100.55509185791, 19.551441192627099 ], [ -100.554969787597997, 19.6138801574707 ], [ -100.549102783202997, 19.618801116943398 ], [ -100.528717041015994, 19.612039566040199 ], [ -100.517082214355, 19.629909515380898 ], [ -100.488693237305, 19.635450363159201 ], [ -100.473709106445, 19.625370025634801 ], [ -100.459449768065994, 19.6327228546143 ], [ -100.457229614257997, 19.614850997924801 ], [ -100.429901123047003, 19.626092910766701 ], [ -100.429000854492003, 19.614160537719702 ], [ -100.403182983397997, 19.590690612793001 ], [ -100.405792236327997, 19.565130233764702 ], [ -100.367095947265994, 19.538831710815501 ], [ -100.401306152344006, 19.5251998901368 ], [ -100.419296264647997, 19.501640319824201 ], [ -100.447151184082003, 19.505371093750099 ], [ -100.480560302734006, 19.4952411651612 ], [ -100.518966674805, 19.500360488891701 ], [ -100.544906616210994, 19.480871200561602 ] ] ] } },
{ "type": "Feature", "properties": { "NAME_1": "Michoacán", "NAME_2": "Tuzantla" }, "geometry": { "type": "Polygon", "coordinates": [ [ [ -100.41967010498, 19.060510635376001 ], [ -100.443939208984006, 19.04008102417 ], [ -100.509773254395, 19.007440567016602 ], [ -100.522422790527003, 18.9770317077637 ], [ -100.531593322754006, 19.039159774780401 ], [ -100.560478210449006, 19.085750579833999 ], [ -100.588088989257997, 19.106809616088899 ], [ -100.616081237792997, 19.118150711059599 ], [ -100.631523132324006, 19.115289688110401 ], [ -100.654449462890994, 19.051210403442401 ], [ -100.664482116699006, 19.0483493804932 ], [ -100.690040588379006, 19.084672927856399 ], [ -100.704727172852003, 19.125240325927798 ], [ -100.734840393065994, 19.131450653076101 ], [ -100.724418640137003, 19.177080154418999 ], [ -100.746299743652003, 19.215190887451101 ], [ -100.727386474609006, 19.240802764892599 ], [ -100.730567932129006, 19.317939758300799 ], [ -100.670906066894005, 19.337078094482401 ], [ -100.625518798827997, 19.370210647583001 ], [ -100.59977722168, 19.369930267333999 ], [ -100.590911865234006, 19.353389739990298 ], [ -100.575752258300994, 19.350950241088899 ], [ -100.529830932617003, 19.3797512054444 ], [ -100.462020874022997, 19.234567642211999 ], [ -100.443702697754006, 19.2304992675782 ], [ -100.405426025390994, 19.238950729370099 ], [ -100.429077148437997, 19.2016105651857 ], [ -100.419906616210994, 19.1421203613282 ], [ -100.41967010498, 19.060510635376001 ] ] ] } },
{ "type": "Feature", "properties": { "NAME_1": "Michoacán", "NAME_2": "Tzintzuntzan" }, "geometry": { "type": "Polygon", "coordinates": [ [ [ -101.66414642334, 19.648130416870199 ], [ -101.647117614745994, 19.6579608917237 ], [ -101.649429321289006, 19.670351028442401 ], [ -101.614631652832003, 19.674840927124102 ], [ -101.577606201172003, 19.659629821777401 ], [ -101.579566955565994, 19.6439819335938 ], [ -101.511695861815994, 19.643081665039201 ], [ -101.50617980957, 19.590600967407301 ], [ -101.49585723877, 19.582971572876001 ], [ -101.518287658690994, 19.5602111816407 ], [ -101.54467010498, 19.555931091308501 ], [ -101.568389892577997, 19.566331863403299 ], [ -101.606758117675994, 19.552722930908299 ], [ -101.615310668945, 19.5695304870607 ], [ -101.63646697998, 19.548660278320401 ], [ -101.687767028809006, 19.539941787719801 ], [ -101.674057006835994, 19.571741104126001 ], [ -101.66414642334, 19.648130416870199 ] ] ] } },
{ "type": "Feature", "properties": { "NAME_1": "Michoacán", "NAME_2": "Tzitzio" }, "geometry": { "type": "Polygon", "coordinates": [ [ [ -101.111701965332003, 19.514961242675799 ], [ -101.116836547852003, 19.549150466918899 ], [ -101.10823059082, 19.586099624633899 ], [ -101.096382141112997, 19.597730636596701 ], [ -101.076553344727003, 19.592699050903398 ], [ -101.065940856934006, 19.572250366211001 ], [ -101.007766723632997, 19.556209564209102 ], [ -100.980087280272997, 19.5830802917482 ], [ -100.959518432617003, 19.591569900512798 ], [ -100.918991088867003, 19.65145111084 ], [ -100.899032592772997, 19.6533508300782 ], [ -100.886917114257997, 19.686939239501999 ], [ -100.837326049805, 19.669139862060501 ], [ -100.799629211425994, 19.6196994781494 ], [ -100.777732849120994, 19.572219848632901 ], [ -100.788589477539006, 19.539230346679702 ], [ -100.786476135254006, 19.465431213378999 ], [ -100.756912231445, 19.451509475708001 ], [ -100.742958068847997, 19.427209854126101 ], [ -100.75235748291, 19.382299423217901 ], [ -100.742492675780994, 19.367549896240298 ], [ -100.724403381347997, 19.288192749023398 ], [ -100.73412322998, 19.2252502441406 ], [ -100.760719299315994, 19.212009429931602 ], [ -100.769203186035, 19.196220397949201 ], [ -100.825332641602003, 19.1691799163819 ], [ -100.859382629395, 19.185590744018601 ], [ -100.857849121094006, 19.156459808349599 ], [ -100.880546569824006, 19.158941268921001 ], [ -100.888336181640994, 19.179437637329201 ], [ -100.872131347655994, 19.196331024169901 ], [ -100.886848449707003, 19.219680786132798 ], [ -100.910987854004006, 19.2329502105713 ], [ -100.92839050293, 19.255750656128001 ], [ -100.921348571777003, 19.275129318237202 ], [ -100.975082397460994, 19.306360244751001 ], [ -101.005126953125, 19.378669738769599 ], [ -101.03515625, 19.395330429077099 ], [ -101.024612426757997, 19.4250812530519 ], [ -101.051689147949006, 19.48708152771 ], [ -101.081321716309006, 19.4887409210206 ], [ -101.111701965332003, 19.514961242675799 ] ] ] } },
{ "type": "Feature", "properties": { "NAME_1": "Michoacán", "NAME_2": "Uruapan" }, "geometry": { "type": "Polygon", "coordinates": [ [ [ -102.185508728027003, 19.305311203002901 ], [ -102.174591064452997, 19.371860504150401 ], [ -102.152290344237997, 19.3849582672119 ], [ -102.124046325684006, 19.3819599151612 ], [ -102.113586425780994, 19.392940521240298 ], [ -102.103271484375, 19.445301055908299 ], [ -102.106796264647997, 19.462831497192401 ], [ -102.174423217772997, 19.4888706207275 ], [ -102.200546264647997, 19.4834098815918 ], [ -102.280136108397997, 19.497932434082099 ], [ -102.295303344727003, 19.510980606079102 ], [ -102.303436279297003, 19.538120269775401 ], [ -102.318626403809006, 19.540649414062599 ], [ -102.340438842772997, 19.522438049316499 ], [ -102.351890563965, 19.533279418945298 ], [ -102.384696960449006, 19.539119720458999 ], [ -102.383453369140994, 19.559909820556602 ], [ -102.301956176757997, 19.571250915527301 ], [ -102.273742675780994, 19.552669525146499 ], [ -102.249420166015994, 19.557229995727599 ], [ -102.256385803222997, 19.610681533813601 ], [ -102.201858520507997, 19.6188182830812 ], [ -102.179656982422003, 19.612808227539102 ], [ -102.159088134765994, 19.595729827880898 ], [ -102.140762329102003, 19.554838180541999 ], [ -102.130836486815994, 19.556909561157301 ], [ -102.121467590332003, 19.586841583251999 ], [ -102.110260009765994, 19.598079681396499 ], [ -102.023719787597997, 19.5741405487062 ], [ -102.005737304687997, 19.575639724731399 ], [ -101.999755859375, 19.568201065063501 ], [ -101.948219299315994, 19.581001281738299 ], [ -101.948547363280994, 19.522869110107401 ], [ -101.987319946289006, 19.491558074951101 ], [ -101.983627319335994, 19.477661132812599 ], [ -101.961898803710994, 19.459720611572301 ], [ -101.983818054199006, 19.438531875610401 ], [ -101.967620849609006, 19.418888092041001 ], [ -101.969291687012003, 19.382240295410199 ], [ -101.961471557617003, 19.368179321289102 ], [ -101.981178283690994, 19.358240127563501 ], [ -101.974151611327997, 19.336160659790099 ], [ -101.990989685059006, 19.339771270751999 ], [ -101.99829864502, 19.329349517822301 ], [ -101.943786621094006, 19.267950057983501 ], [ -101.920166015625, 19.2204303741456 ], [ -101.958206176757997, 19.195619583129901 ], [ -102.052841186522997, 19.204540252685501 ], [ -102.096076965332003, 19.2162818908693 ], [ -102.108222961425994, 19.2032794952394 ], [ -102.156547546387003, 19.280612945556602 ], [ -102.185508728027003, 19.305311203002901 ] ] ] } },
{ "type": "Feature", "properties": { "NAME_1": "Michoacán", "NAME_2": "Venustiano Carranza" }, "geometry": { "type": "Polygon", "coordinates": [ [ [ -102.8076171875, 20.116228103637699 ], [ -102.746955871582003, 20.145490646362301 ], [ -102.708358764647997, 20.145700454711999 ], [ -102.700981140137003, 20.153081893920799 ], [ -102.698593139647997, 20.1809902191162 ], [ -102.678901672362997, 20.173650741577301 ], [ -102.573226928710994, 20.192449569702202 ], [ -102.566078186035, 20.174127578735501 ], [ -102.591766357422003, 20.1224899291993 ], [ -102.616996765137003, 20.099929809570298 ], [ -102.62922668457, 20.075170516967798 ], [ -102.670906066895, 20.072160720825199 ], [ -102.720527648925994, 20.0518398284912 ], [ -102.805969238280994, 20.069990158081101 ], [ -102.8076171875, 20.116228103637699 ] ] ] } },
{ "type": "Feature", "properties": { "NAME_1": "Michoacán", "NAME_2": "Villamar" }, "geometry": { "type": "Polygon", "coordinates": [ [ [ -102.626487731934006, 19.8622226715088 ], [ -102.641296386719006, 19.8596305847169 ], [ -102.65242767334, 19.878740310668899 ], [ -102.678672790527003, 19.886611938476701 ], [ -102.680778503417997, 19.919429779052699 ], [ -102.694480895995994, 19.9463615417481 ], [ -102.713768005370994, 19.9596881866456 ], [ -102.699462890625, 20.009370803833001 ], [ -102.720527648925994, 20.0518398284912 ], [ -102.665069580077997, 20.073299407958899 ], [ -102.560661315917997, 20.076719284057699 ], [ -102.567596435547003, 20.095300674438501 ], [ -102.559638977050994, 20.1015110015869 ], [ -102.535346984862997, 20.081569671630898 ], [ -102.504997253417997, 20.078649520874102 ], [ -102.487480163574006, 20.055461883545 ], [ -102.484069824219006, 20.041950225830099 ], [ -102.495559692382997, 20.002870559692301 ], [ -102.487411499022997, 19.975299835205099 ], [ -102.495506286620994, 19.964540481567301 ], [ -102.517387390137003, 19.972141265869201 ], [ -102.529991149902003, 19.967348098755 ], [ -102.523590087890994, 19.939180374145501 ], [ -102.533271789550994, 19.922010421753001 ], [ -102.563812255859006, 19.898828506469801 ], [ -102.603317260742003, 19.8866901397706 ], [ -102.626487731934006, 19.8622226715088 ] ] ] } },
{ "type": "Feature", "properties": { "NAME_1": "Michoacán", "NAME_2": "Vista Hermosa" }, "geometry": { "type": "Polygon", "coordinates": [ [ [ -102.472076416015994, 20.166030883789102 ], [ -102.494583129882997, 20.1951408386232 ], [ -102.523193359375, 20.1815109252931 ], [ -102.528923034667997, 20.215799331665 ], [ -102.517791748047003, 20.2371311187744 ], [ -102.542297363280994, 20.278440475463899 ], [ -102.495216369629006, 20.310550689697401 ], [ -102.452293395995994, 20.323200225830099 ], [ -102.417190551757997, 20.313760757446399 ], [ -102.353385925292997, 20.328920364379901 ], [ -102.353240966797003, 20.304040908813398 ], [ -102.384086608887003, 20.284349441528398 ], [ -102.383377075195, 20.2704982757569 ], [ -102.392036437987997, 20.2712306976319 ], [ -102.394805908202997, 20.286199569702301 ], [ -102.399726867675994, 20.282480239868299 ], [ -102.421882629395, 20.190019607543899 ], [ -102.45157623291, 20.182741165161101 ], [ -102.472076416015994, 20.166030883789102 ] ] ] } },
{ "type": "Feature", "properties": { "NAME_1": "Michoacán", "NAME_2": "Yurécuaro" }, "geometry": { "type": "Polygon", "coordinates": [ [ [ -102.169448852539006, 20.2511100769043 ], [ -102.245872497559006, 20.218509674072301 ], [ -102.267318725585994, 20.2594299316406 ], [ -102.300880432129006, 20.275751113891701 ], [ -102.312507629395, 20.2989826202393 ], [ -102.339897155762003, 20.312740325927699 ], [ -102.342948913574006, 20.332351684570401 ], [ -102.317527770995994, 20.337120056152401 ], [ -102.271392822265994, 20.327899932861399 ], [ -102.195503234862997, 20.356319427490298 ], [ -102.186836242675994, 20.333000183105501 ], [ -102.151840209960994, 20.314550399780298 ], [ -102.129791259765994, 20.292001724243299 ], [ -102.134925842285, 20.276340484619201 ], [ -102.157737731934006, 20.283609390258899 ], [ -102.166893005370994, 20.275110244751001 ], [ -102.174026489257997, 20.2630310058594 ], [ -102.169448852539006, 20.2511100769043 ] ] ] } },
{ "type": "Feature", "properties": { "NAME_1": "Michoacán", "NAME_2": "Zacapu" }, "geometry": { "type": "Polygon", "coordinates": [ [ [ -101.740173339844006, 19.708890914916999 ], [ -101.799507141112997, 19.694770812988398 ], [ -101.793609619140994, 19.719800949096701 ], [ -101.808387756347997, 19.730108261108501 ], [ -101.797630310059006, 19.756120681762699 ], [ -101.828216552734006, 19.781322479248001 ], [ -101.91561126709, 19.769130706787099 ], [ -101.997856140137003, 19.796689987182699 ], [ -102.019386291504006, 19.830520629882901 ], [ -101.989967346190994, 19.832740783691399 ], [ -101.941177368164006, 19.8572101593018 ], [ -101.936386108397997, 19.890680313110501 ], [ -101.95524597168, 19.912511825561602 ], [ -101.953247070312003, 19.924430847167901 ], [ -101.941673278809006, 19.931510925293001 ], [ -101.840728759765994, 19.861682891845799 ], [ -101.755851745605, 19.850948333740199 ], [ -101.722358703612997, 19.8549728393556 ], [ -101.718276977539006, 19.783319473266701 ], [ -101.735252380370994, 19.7494506835938 ], [ -101.740173339844006, 19.708890914916999 ] ] ] } },
{ "type": "Feature", "properties": { "NAME_1": "Michoacán", "NAME_2": "Zamora" }, "geometry": { "type": "Polygon", "coordinates": [ [ [ -102.176483154297003, 19.960979461669901 ], [ -102.221519470215, 19.9493598937988 ], [ -102.272148132324006, 19.922010421753001 ], [ -102.306777954102003, 19.958021163940401 ], [ -102.320022583007997, 19.9609909057618 ], [ -102.323448181152003, 19.988660812377901 ], [ -102.388656616210994, 20.009290695190401 ], [ -102.403518676757997, 20.032651901245199 ], [ -102.360122680664006, 20.0405807495118 ], [ -102.363662719727003, 20.078870773315501 ], [ -102.3447265625, 20.083459854126001 ], [ -102.277603149414006, 20.077590942382798 ], [ -102.268623352050994, 20.096809387207099 ], [ -102.187927246094006, 20.072290420532301 ], [ -102.181457519530994, 20.080480575561602 ], [ -102.186965942382997, 20.1026401519775 ], [ -102.17488861084, 20.115720748901399 ], [ -102.152397155762003, 20.093210220336999 ], [ -102.160285949707003, 20.074180603027301 ], [ -102.179679870605, 20.061380386352699 ], [ -102.17610168457, 20.0366306304931 ], [ -102.196243286132997, 20.012760162353601 ], [ -102.195411682129006, 20.006860733032301 ], [ -102.176170349120994, 20.010850906372202 ], [ -102.17684173584, 19.996101379394599 ], [ -102.161720275879006, 20.0069484710694 ], [ -102.176483154297003, 19.960979461669901 ] ] ] } },
{ "type": "Feature", "properties": { "NAME_1": "Michoacán", "NAME_2": "Zináparo" }, "geometry": { "type": "Polygon", "coordinates": [ [ [ -102.004447937012003, 20.1110725402831 ], [ -102.089508056640994, 20.157510757446399 ], [ -102.109657287597997, 20.2000503540038 ], [ -102.104049682617003, 20.216400146484499 ], [ -102.05103302002, 20.2445602416993 ], [ -102.022331237792997, 20.2345790863037 ], [ -101.995567321777003, 20.187759399414102 ], [ -102.005180358887003, 20.177259445190501 ], [ -101.9765625, 20.137731552124102 ], [ -101.982391357422003, 20.1197929382325 ], [ -102.004447937012003, 20.1110725402831 ] ] ] } },
{ "type": "Feature", "properties": { "NAME_1": "Michoacán", "NAME_2": "Zinapécuaro" }, "geometry": { "type": "Polygon", "coordinates": [ [ [ -100.592475891112997, 19.842769622802699 ], [ -100.615867614745994, 19.8336105346681 ], [ -100.619606018065994, 19.816129684448299 ], [ -100.697242736815994, 19.794691085815401 ], [ -100.700828552245994, 19.785909652709901 ], [ -100.680656433105, 19.7741603851319 ], [ -100.68953704834, 19.7529106140137 ], [ -100.764999389647997, 19.742040634155199 ], [ -100.830917358397997, 19.8007106781006 ], [ -100.824722290039006, 19.817550659179702 ], [ -100.829071044922003, 19.8300495147706 ], [ -100.887840270995994, 19.851030349731602 ], [ -100.955497741699006, 19.8541698455812 ], [ -100.974327087402003, 19.881010055541999 ], [ -100.96467590332, 19.8910007476807 ], [ -100.954246520995994, 19.886980056762798 ], [ -100.899459838867003, 19.905929565429599 ], [ -100.885406494140994, 19.9202594757081 ], [ -100.868270874022997, 19.911899566650501 ], [ -100.85782623291, 19.916452407836999 ], [ -100.863426208495994, 19.9400310516357 ], [ -100.817169189452997, 19.926290512084901 ], [ -100.689376831055, 19.920970916748001 ], [ -100.669380187987997, 19.926540374755898 ], [ -100.634437561035, 19.959842681884801 ], [ -100.595512390137003, 19.962589263916101 ], [ -100.584121704102003, 19.937089920043899 ], [ -100.568672180175994, 19.926170349121101 ], [ -100.567329406737997, 19.894121170044102 ], [ -100.569732666015994, 19.887662887573299 ], [ -100.584411621094006, 19.8949394226075 ], [ -100.59001159668, 19.886350631713899 ], [ -100.592475891112997, 19.842769622802699 ] ] ] } },
{ "type": "Feature", "properties": { "NAME_1": "Michoacán", "NAME_2": "Ziracuaretiro" }, "geometry": { "type": "Polygon", "coordinates": [ [ [ -101.802429199219006, 19.3461627960206 ], [ -101.920593261719006, 19.352760314941499 ], [ -101.961471557617003, 19.368179321289102 ], [ -101.969291687012003, 19.382240295410199 ], [ -101.967620849609006, 19.418888092041001 ], [ -101.983451843262003, 19.444721221923899 ], [ -101.947257995605, 19.4693412780762 ], [ -101.908432006835994, 19.4722003936769 ], [ -101.868148803710994, 19.425132751464801 ], [ -101.835746765137003, 19.4210109710694 ], [ -101.82755279541, 19.411279678344702 ], [ -101.802429199219006, 19.3461627960206 ] ] ] } },
{ "type": "Feature", "properties": { "NAME_1": "Michoacán", "NAME_2": "Zirándaro" }, "geometry": { "type": "Polygon", "coordinates": [ [ [ -101.51513671875, 18.488359451293999 ], [ -101.443885803222997, 18.4953804016113 ], [ -101.417457580565994, 18.508029937744201 ], [ -101.378730773925994, 18.510480880737202 ], [ -101.366508483887003, 18.5239582061768 ], [ -101.29670715332, 18.5346908569337 ], [ -101.348587036132997, 18.514970779418899 ], [ -101.367668151855, 18.518310546875099 ], [ -101.375526428222997, 18.5007209777832 ], [ -101.412147521972997, 18.503360748291001 ], [ -101.482086181640994, 18.4805927276612 ], [ -101.511047363280994, 18.482179641723601 ], [ -101.51513671875, 18.488359451293999 ] ] ] } },
{ "type": "Feature", "properties": { "NAME_1": "Michoacán", "NAME_2": "Zitácuaro" }, "geometry": { "type": "Polygon", "coordinates": [ [ [ -100.443481445312003, 19.336931228637798 ], [ -100.463691711425994, 19.406650543213001 ], [ -100.435699462890994, 19.421810150146499 ], [ -100.421180725097997, 19.4463405609131 ], [ -100.396575927734006, 19.458219528198399 ], [ -100.39453125, 19.468050003051701 ], [ -100.417343139647997, 19.4942016601562 ], [ -100.403991699219006, 19.522640228271602 ], [ -100.367095947265994, 19.538831710815501 ], [ -100.272605895995994, 19.5472507476807 ], [ -100.225433349609006, 19.564100265502901 ], [ -100.208038330077997, 19.485450744628999 ], [ -100.208923339844006, 19.4338092803956 ], [ -100.221160888672003, 19.409990310668999 ], [ -100.247550964355, 19.4056606292725 ], [ -100.258186340332003, 19.392940521240298 ], [ -100.294746398925994, 19.319690704345799 ], [ -100.400856018065994, 19.329870223998999 ], [ -100.431449890137003, 19.342741012573299 ], [ -100.443481445312003, 19.336931228637798 ] ] ] } }
]
}
