{
"type": "FeatureCollection",
"name": "puebla",
"crs": { "type": "name", "properties": { "name": "urn:ogc:def:crs:OGC:1.3:CRS84" } },
"features": [
{ "type": "Feature", "properties": { "NAME_1": "Puebla", "NAME_2": "Acajete" }, "geometry": { "type": "Polygon", "coordinates": [ [ [ -97.758407592773395, 19.145290374755898 ], [ -97.780403137207003, 19.119632720947202 ], [ -97.781417846679702, 19.0785217285156 ], [ -97.821571350097699, 19.024049758911101 ], [ -97.833786010742202, 19.023010253906399 ], [ -97.883155822753906, 19.061719894409201 ], [ -97.920829772949205, 19.071710586547798 ], [ -97.926452636718807, 19.080270767211999 ], [ -97.922515869140597, 19.094398498535199 ], [ -97.899757385253906, 19.099451065063501 ], [ -97.878959655761705, 19.0949306488037 ], [ -97.864295959472699, 19.078060150146499 ], [ -97.851593017578097, 19.079120635986399 ], [ -97.847908020019503, 19.0889282226563 ], [ -97.871597290039006, 19.119770050048899 ], [ -97.882843017578097, 19.153951644897599 ], [ -97.899467468261705, 19.146480560302798 ], [ -97.906791687011705, 19.180030822753899 ], [ -97.928092956542997, 19.187721252441499 ], [ -97.906791687011705, 19.200941085815401 ], [ -97.899566650390597, 19.226789474487401 ], [ -97.867523193359403, 19.208431243896499 ], [ -97.836997985839801, 19.210420608520501 ], [ -97.842468261718807, 19.1603107452393 ], [ -97.758407592773395, 19.145290374755898 ] ] ] } },
{ "type": "Feature", "properties": { "NAME_1": "Puebla", "NAME_2": "Acateno" }, "geometry": { "type": "Polygon", "coordinates": [ [ [ -97.153160095214801, 20.089599609375099 ], [ -97.176506042480497, 20.0996608734132 ], [ -97.199119567871094, 20.095800399780401 ], [ -97.208267211914105, 20.1055793762207 ], [ -97.189048767089801, 20.1681003570557 ], [ -97.188430786132798, 20.2228298187257 ], [ -97.086906433105398, 20.182218551635899 ], [ -97.090377807617202, 20.168359756469801 ], [ -97.153160095214801, 20.089599609375099 ] ] ] } },
{ "type": "Feature", "properties": { "NAME_1": "Puebla", "NAME_2": "Acatlán" }, "geometry": { "type": "Polygon", "coordinates": [ [ [ -97.978347778320298, 18.166130065918001 ], [ -97.976997375488295, 18.195938110351602 ], [ -98.029060363769503, 18.288629531860401 ], [ -98.010337829589801, 18.311952590942401 ], [ -98.003631591796903, 18.336450576782202 ], [ -97.986930847167997, 18.345951080322301 ], [ -97.943359375, 18.403070449829201 ], [ -97.912483215332003, 18.409601211547901 ], [ -97.849189758300696, 18.386011123657202 ], [ -97.838012695312401, 18.366489410400401 ], [ -97.890129089355497, 18.303470611572202 ], [ -97.888046264648395, 18.273229598998999 ], [ -97.844779968261705, 18.2640895843506 ], [ -97.835510253906193, 18.194690704345799 ], [ -97.860092163085895, 18.169572830200199 ], [ -97.873031616210895, 18.118209838867202 ], [ -97.941108703613196, 18.1114101409913 ], [ -97.939552307128906, 18.132179260253999 ], [ -97.978347778320298, 18.166130065918001 ] ] ] } },
{ "type": "Feature", "properties": { "NAME_1": "Puebla", "NAME_2": "Acatzingo" }, "geometry": { "type": "Polygon", "coordinates": [ [ [ -97.720657348632798, 19.022142410278299 ], [ -97.7132568359375, 19.0789604187013 ], [ -97.740806579589801, 19.1509094238282 ], [ -97.695388793945298, 19.158821105956999 ], [ -97.690757751464801, 19.146829605102699 ], [ -97.702232360839702, 19.127880096435501 ], [ -97.699806213378906, 19.117681503296001 ], [ -97.657592773437401, 19.105100631713899 ], [ -97.636367797851605, 19.080989837646499 ], [ -97.625389099121094, 19.079490661621101 ], [ -97.627853393554702, 19.065160751342798 ], [ -97.656677246093807, 19.0229511260987 ], [ -97.709678649902301, 19.009540557861399 ], [ -97.720657348632798, 19.022142410278299 ] ] ] } },
{ "type": "Feature", "properties": { "NAME_1": "Puebla", "NAME_2": "Acteopan" }, "geometry": { "type": "Polygon", "coordinates": [ [ [ -98.535171508788906, 18.759651184081999 ], [ -98.535057067870994, 18.707269668579102 ], [ -98.5697021484375, 18.6574306488038 ], [ -98.576957702636705, 18.7105617523193 ], [ -98.608718872070298, 18.730119705200199 ], [ -98.627410888671903, 18.753351211548001 ], [ -98.61767578125, 18.8084411621093 ], [ -98.555061340332003, 18.7948894500732 ], [ -98.535171508788906, 18.759651184081999 ] ] ] } },
{ "type": "Feature", "properties": { "NAME_1": "Puebla", "NAME_2": "Ahuacatlán" }, "geometry": { "type": "Polygon", "coordinates": [ [ [ -97.764587402343693, 20.039810180664201 ], [ -97.785377502441307, 20.022750854492202 ], [ -97.816726684570298, 20.012710571289201 ], [ -97.857192993164006, 20.008480072021499 ], [ -97.865852355957003, 20.018640518188501 ], [ -97.838859558105398, 20.073270797729499 ], [ -97.840782165527301, 20.089281082153299 ], [ -97.817916870117202, 20.098068237304702 ], [ -97.786140441894503, 20.132400512695298 ], [ -97.7784423828125, 20.1172409057618 ], [ -97.758682250976506, 20.104160308838001 ], [ -97.770072937011705, 20.076309204101602 ], [ -97.764587402343693, 20.039810180664201 ] ] ] } },
{ "type": "Feature", "properties": { "NAME_1": "Puebla", "NAME_2": "Ahuatlán" }, "geometry": { "type": "Polygon", "coordinates": [ [ [ -98.167526245117102, 18.584560394287202 ], [ -98.163803100585895, 18.598430633545 ], [ -98.182388305664006, 18.620780944824201 ], [ -98.235153198242202, 18.628299713134702 ], [ -98.280128479003807, 18.619840621948299 ], [ -98.294357299804602, 18.6261711120607 ], [ -98.268951416015597, 18.6621704101562 ], [ -98.227668762207003, 18.665580749511701 ], [ -98.231666564941406, 18.726490020752099 ], [ -98.19873046875, 18.738599777221602 ], [ -98.084999084472699, 18.697080612182599 ], [ -98.090797424316406, 18.638992309570401 ], [ -98.121803283691406, 18.6120109558106 ], [ -98.128746032714801, 18.585849761962901 ], [ -98.149147033691406, 18.571268081665 ], [ -98.167526245117102, 18.584560394287202 ] ] ] } },
{ "type": "Feature", "properties": { "NAME_1": "Puebla", "NAME_2": "Ahuazotepec" }, "geometry": { "type": "Polygon", "coordinates": [ [ [ -98.111846923828097, 20.0948181152344 ], [ -98.102203369140497, 20.144020080566399 ], [ -98.108337402343807, 20.1498203277588 ], [ -98.078712463378807, 20.1557102203369 ], [ -98.050407409667898, 20.145940780639702 ], [ -98.046890258788906, 20.127479553222699 ], [ -98.053840637207003, 20.1108303070069 ], [ -98.044960021972599, 20.103202819824201 ], [ -98.046936035156193, 20.072050094604499 ], [ -98.074119567871094, 20.0782794952393 ], [ -98.079788208007798, 20.0522575378419 ], [ -98.123718261718807, 20.043899536132798 ], [ -98.111846923828097, 20.0948181152344 ] ] ] } },
{ "type": "Feature", "properties": { "NAME_1": "Puebla", "NAME_2": "Ahuehuetitla" }, "geometry": { "type": "Polygon", "coordinates": [ [ [ -98.015953063964801, 18.260599136352599 ], [ -98.029327392578097, 18.2240505218506 ], [ -98.063346862792997, 18.175470352172901 ], [ -98.059516906738295, 18.156810760498001 ], [ -98.113296508789105, 18.137029647827099 ], [ -98.138526916503807, 18.145420074462901 ], [ -98.157066345214801, 18.168359756469801 ], [ -98.172027587890597, 18.1739902496338 ], [ -98.149803161621094, 18.209770202636701 ], [ -98.140876770019503, 18.2871284484863 ], [ -98.107246398925696, 18.294670104980501 ], [ -98.051406860351605, 18.2776794433594 ], [ -98.029060363769503, 18.288629531860401 ], [ -98.015953063964801, 18.260599136352599 ] ] ] } },
{ "type": "Feature", "properties": { "NAME_1": "Puebla", "NAME_2": "Ajalpan" }, "geometry": { "type": "Polygon", "coordinates": [ [ [ -96.874656677246094, 18.505569458007798 ], [ -96.900146484375, 18.447860717773501 ], [ -96.928779602050696, 18.4219894409181 ], [ -96.926345825195298, 18.389280319213899 ], [ -96.946556091308594, 18.3479404449463 ], [ -97.026702880859403, 18.358182907104499 ], [ -97.117172241210895, 18.3427028656006 ], [ -97.176292419433594, 18.3661499023438 ], [ -97.219512939453097, 18.409400939941499 ], [ -97.206268310546903, 18.448980331421001 ], [ -97.179443359375, 18.464170455932599 ], [ -97.130531311035199, 18.46169090271 ], [ -97.100212097167997, 18.4763908386231 ], [ -97.071670532226605, 18.440269470214901 ], [ -97.048820495605497, 18.455501556396399 ], [ -96.976081848144503, 18.476890563964901 ], [ -96.936576843261705, 18.4657192230225 ], [ -96.919425964355398, 18.472969055175799 ], [ -96.880943298339801, 18.512710571289102 ], [ -96.874656677246094, 18.505569458007798 ] ] ] } },
{ "type": "Feature", "properties": { "NAME_1": "Puebla", "NAME_2": "Albino Zertuche" }, "geometry": { "type": "Polygon", "coordinates": [ [ [ -98.399665832519503, 18.082452774047901 ], [ -98.388481140136705, 18.053340911865298 ], [ -98.366645812988196, 18.038618087768601 ], [ -98.375450134277301, 18.011478424072301 ], [ -98.394172668457003, 18.020399093628001 ], [ -98.441116333007798, 18.011150360107401 ], [ -98.471977233886705, 17.977991104126101 ], [ -98.493942260742102, 17.988481521606602 ], [ -98.550277709960895, 17.976749420166001 ], [ -98.545982360839801, 18.006111145019599 ], [ -98.568466186523395, 18.020179748535199 ], [ -98.494712829589801, 18.065250396728501 ], [ -98.473937988281193, 18.088592529296999 ], [ -98.399665832519503, 18.082452774047901 ] ] ] } },
{ "type": "Feature", "properties": { "NAME_1": "Puebla", "NAME_2": "Aljojuca" }, "geometry": { "type": "Polygon", "coordinates": [ [ [ -97.398468017578097, 19.081050872802798 ], [ -97.402313232421903, 19.075599670410199 ], [ -97.432502746582003, 19.107650756836101 ], [ -97.466827392578097, 19.160070419311602 ], [ -97.393287658691406, 19.164882659912099 ], [ -97.389900207519503, 19.1266994476319 ], [ -97.398468017578097, 19.081050872802798 ] ] ] } },
{ "type": "Feature", "properties": { "NAME_1": "Puebla", "NAME_2": "Altepexi" }, "geometry": { "type": "Polygon", "coordinates": [ [ [ -97.226936340332003, 18.3348712921144 ], [ -97.250617980957003, 18.396610260009801 ], [ -97.219512939453097, 18.409400939941499 ], [ -97.190971374511605, 18.377170562744102 ], [ -97.205818176269503, 18.366189956665 ], [ -97.210472106933594, 18.342878341674801 ], [ -97.226936340332003, 18.3348712921144 ] ] ] } },
{ "type": "Feature", "properties": { "NAME_1": "Puebla", "NAME_2": "Amixtlán" }, "geometry": { "type": "Polygon", "coordinates": [ [ [ -97.729080200195298, 20.0489711761475 ], [ -97.764587402343693, 20.039810180664201 ], [ -97.770072937011705, 20.076309204101602 ], [ -97.758682250976506, 20.104160308838001 ], [ -97.728492736816406, 20.1079006195068 ], [ -97.711578369140497, 20.101882934570298 ], [ -97.729080200195298, 20.0489711761475 ] ] ] } },
{ "type": "Feature", "properties": { "NAME_1": "Puebla", "NAME_2": "Amozoc" }, "geometry": { "type": "Polygon", "coordinates": [ [ [ -97.923271179199205, 19.0739517211913 ], [ -97.947036743164006, 19.056159973144599 ], [ -97.989898681640597, 19.0578804016113 ], [ -98.017593383789006, 19.042961120605501 ], [ -98.025932312011705, 19.041940689086999 ], [ -98.031051635742102, 19.060268402099702 ], [ -98.027587890625, 19.089401245117099 ], [ -98.005020141601506, 19.125841140747202 ], [ -97.988838195800795, 19.135820388793899 ], [ -97.984176635742202, 19.1527004241943 ], [ -97.9337158203125, 19.191289901733501 ], [ -97.9276123046875, 19.170459747314499 ], [ -97.938896179199205, 19.120550155639702 ], [ -97.935485839843693, 19.105600357055799 ], [ -97.918342590332003, 19.108539581298899 ], [ -97.927177429199205, 19.086851119995199 ], [ -97.923271179199205, 19.0739517211913 ] ] ] } },
{ "type": "Feature", "properties": { "NAME_1": "Puebla", "NAME_2": "Aquixtla" }, "geometry": { "type": "Polygon", "coordinates": [ [ [ -97.748748779296804, 19.714780807495099 ], [ -97.852577209472699, 19.7017707824707 ], [ -97.869796752929702, 19.7416896820068 ], [ -97.891708374023395, 19.847490310668899 ], [ -97.820686340332003, 19.827560424804702 ], [ -97.800682067871094, 19.765712738037099 ], [ -97.788200378417997, 19.758069992065401 ], [ -97.776145935058594, 19.7313117980956 ], [ -97.748748779296804, 19.714780807495099 ] ] ] } },
{ "type": "Feature", "properties": { "NAME_1": "Puebla", "NAME_2": "Atempan" }, "geometry": { "type": "Polygon", "coordinates": [ [ [ -97.392745971679602, 19.810630798339801 ], [ -97.415496826171903, 19.844669342041001 ], [ -97.416320800781094, 19.874900817871101 ], [ -97.352577209472699, 19.8732299804688 ], [ -97.363670349120994, 19.844570159912202 ], [ -97.392745971679602, 19.810630798339801 ] ] ] } },
{ "type": "Feature", "properties": { "NAME_1": "Puebla", "NAME_2": "Atexcal" }, "geometry": { "type": "Polygon", "coordinates": [ [ [ -97.438552856445298, 18.4473896026612 ], [ -97.514236450195298, 18.386478424072301 ], [ -97.519828796386705, 18.347440719604499 ], [ -97.5440673828125, 18.354660034179801 ], [ -97.602203369140597, 18.3450317382812 ], [ -97.624160766601605, 18.3926315307618 ], [ -97.657752990722699, 18.415910720825298 ], [ -97.650146484374901, 18.429540634155298 ], [ -97.652656555175795, 18.4706707000732 ], [ -97.624771118164006, 18.4607028961182 ], [ -97.612007141113196, 18.4965095520019 ], [ -97.576553344726605, 18.4971103668213 ], [ -97.537361145019503, 18.511459350586101 ], [ -97.512756347656193, 18.544300079345799 ], [ -97.494598388671804, 18.551771163940501 ], [ -97.476402282714702, 18.5370082855225 ], [ -97.487358093261705, 18.504632949829201 ], [ -97.457397460937401, 18.4827995300293 ], [ -97.438552856445298, 18.4473896026612 ] ] ] } },
{ "type": "Feature", "properties": { "NAME_1": "Puebla", "NAME_2": "Atlixco" }, "geometry": { "type": "Polygon", "coordinates": [ [ [ -98.274826049804702, 18.8544025421143 ], [ -98.297920227050795, 18.863319396972699 ], [ -98.315567016601605, 18.8898105621338 ], [ -98.344093322753906, 18.889989852905401 ], [ -98.376373291015597, 18.867181777954201 ], [ -98.370010375976605, 18.848449707031399 ], [ -98.380622863769503, 18.836908340453999 ], [ -98.397102355957003, 18.834350585937599 ], [ -98.429306030273395, 18.851699829101701 ], [ -98.440399169921903, 18.846500396728501 ], [ -98.440696716308594, 18.826980590820298 ], [ -98.451286315917997, 18.817480087280298 ], [ -98.460380554199205, 18.8295707702637 ], [ -98.452621459960895, 18.886470794677798 ], [ -98.470466613769503, 18.9674606323243 ], [ -98.453216552734304, 18.972780227661101 ], [ -98.394668579101506, 18.9490699768068 ], [ -98.347671508789006, 18.9546604156494 ], [ -98.322837829589801, 18.9480495452881 ], [ -98.269172668457003, 18.9739704132081 ], [ -98.275199890136605, 18.920690536499102 ], [ -98.253349304199205, 18.909019470214801 ], [ -98.250679016113196, 18.894529342651399 ], [ -98.274826049804702, 18.8544025421143 ] ] ] } },
{ "type": "Feature", "properties": { "NAME_1": "Puebla", "NAME_2": "Atoyatempan" }, "geometry": { "type": "Polygon", "coordinates": [ [ [ -97.836280822753906, 18.856430053711001 ], [ -97.828170776367202, 18.878749847412099 ], [ -97.7755126953125, 18.928789138794102 ], [ -97.749382019042997, 18.9179382324219 ], [ -97.734481811523395, 18.920820236206101 ], [ -97.724777221679702, 18.8778190612793 ], [ -97.766555786132798, 18.882610321044901 ], [ -97.813072204589801, 18.846490859985401 ], [ -97.836280822753906, 18.856430053711001 ] ] ] } },
{ "type": "Feature", "properties": { "NAME_1": "Puebla", "NAME_2": "Atzala" }, "geometry": { "type": "Polygon", "coordinates": [ [ [ -98.393913269042898, 18.564630508422901 ], [ -98.417999267578097, 18.572122573852699 ], [ -98.428382873535199, 18.556310653686499 ], [ -98.455963134765597, 18.558080673217798 ], [ -98.478881835937401, 18.545661926269499 ], [ -98.497978210449105, 18.582891464233501 ], [ -98.435340881347699, 18.6173305511475 ], [ -98.3765869140625, 18.593019485473601 ], [ -98.375160217285199, 18.5830802917482 ], [ -98.393913269042898, 18.564630508422901 ] ] ] } },
{ "type": "Feature", "properties": { "NAME_1": "Puebla", "NAME_2": "Atzitzihuacán" }, "geometry": { "type": "GeometryCollection", "geometries": [ { "type": "Polygon", "coordinates": [ [ [ -97.170036315917997, 18.942281723022599 ], [ -97.202880859374901, 18.911920547485401 ], [ -97.231399536132798, 18.930009841918899 ], [ -97.304176330566406, 18.930971145629901 ], [ -97.324546813964801, 18.946519851684599 ], [ -97.254409790039105, 18.979560852050799 ], [ -97.196006774902301, 19.054929733276399 ], [ -97.171936035156193, 19.0684604644775 ], [ -97.164810180664006, 18.9847106933594 ], [ -97.170036315917997, 18.942281723022599 ] ] ] }, { "type": "Polygon", "coordinates": [ [ [ -98.451286315917997, 18.817480087280298 ], [ -98.448852539062401, 18.808671951294102 ], [ -98.456001281738196, 18.803100585937401 ], [ -98.501319885253906, 18.805210113525401 ], [ -98.535171508788906, 18.759651184081999 ], [ -98.549400329589801, 18.791139602661101 ], [ -98.61767578125, 18.8084411621093 ], [ -98.625343322753906, 18.8248596191406 ], [ -98.614517211913906, 18.857610702514599 ], [ -98.566581726074205, 18.829391479492301 ], [ -98.526145935058594, 18.835380554199201 ], [ -98.495346069335895, 18.828689575195298 ], [ -98.481666564941307, 18.8975124359131 ], [ -98.467887878417997, 18.890052795410298 ], [ -98.456550598144503, 18.896160125732401 ], [ -98.452621459960895, 18.886470794677798 ], [ -98.460861206054602, 18.834329605102599 ], [ -98.451286315917997, 18.817480087280298 ] ] ] } ] } },
{ "type": "Feature", "properties": { "NAME_1": "Puebla", "NAME_2": "Axutla" }, "geometry": { "type": "Polygon", "coordinates": [ [ [ -98.320846557617102, 18.115800857543899 ], [ -98.336196899414105, 18.149368286132901 ], [ -98.329681396484403, 18.179712295532202 ], [ -98.331886291503906, 18.241510391235401 ], [ -98.324211120605398, 18.2576694488525 ], [ -98.282302856445298, 18.291570663452099 ], [ -98.254928588867202, 18.255680084228601 ], [ -98.2388916015625, 18.211479187011701 ], [ -98.256408691406193, 18.1926803588868 ], [ -98.250877380370994, 18.162088394165 ], [ -98.277130126953097, 18.1127128601075 ], [ -98.312072753906193, 18.099950790405298 ], [ -98.320846557617102, 18.115800857543899 ] ] ] } },
{ "type": "Feature", "properties": { "NAME_1": "Puebla", "NAME_2": "Ayotoxco de Guerrero" }, "geometry": { "type": "Polygon", "coordinates": [ [ [ -97.273452758789006, 20.226358413696399 ], [ -97.280158996582003, 20.0855598449707 ], [ -97.274482727050696, 20.034870147705099 ], [ -97.278579711914006, 20.033958435058601 ], [ -97.304336547851506, 20.0689411163331 ], [ -97.323776245117202, 20.0736904144288 ], [ -97.333808898925696, 20.091861724853501 ], [ -97.371147155761705, 20.108381271362401 ], [ -97.390182495117102, 20.126300811767699 ], [ -97.273452758789006, 20.226358413696399 ] ] ] } },
{ "type": "Feature", "properties": { "NAME_1": "Puebla", "NAME_2": "Calpan" }, "geometry": { "type": "Polygon", "coordinates": [ [ [ -98.314018249511705, 19.111181259155298 ], [ -98.360015869140597, 19.103349685669102 ], [ -98.389060974120994, 19.1071681976319 ], [ -98.437301635742102, 19.127929687499901 ], [ -98.502609252929702, 19.185308456420898 ], [ -98.421516418457003, 19.1794204711913 ], [ -98.360702514648395, 19.197999954223601 ], [ -98.346206665039105, 19.172519683837901 ], [ -98.290031433105497, 19.171819686889702 ], [ -98.314018249511705, 19.111181259155298 ] ] ] } },
{ "type": "Feature", "properties": { "NAME_1": "Puebla", "NAME_2": "Caltepec" }, "geometry": { "type": "Polygon", "coordinates": [ [ [ -97.472526550292997, 18.139501571655199 ], [ -97.463401794433494, 18.142692565918001 ], [ -97.452552795410099, 18.166561126708999 ], [ -97.449836730957003, 18.2087326049806 ], [ -97.4658203125, 18.224941253662099 ], [ -97.497047424316406, 18.227399826049901 ], [ -97.506027221679602, 18.2588596343994 ], [ -97.461776733398395, 18.2817707061768 ], [ -97.436126708984304, 18.322151184082099 ], [ -97.385665893554702, 18.276502609252901 ], [ -97.302070617675696, 18.255897521972599 ], [ -97.287200927734403, 18.199720382690501 ], [ -97.246917724609304, 18.1279010772706 ], [ -97.301246643066406, 18.066980361938501 ], [ -97.337677001953097, 17.994729995727599 ], [ -97.380317687988295, 17.9617519378662 ], [ -97.400367736816307, 17.977519989013601 ], [ -97.423973083496094, 18.060779571533299 ], [ -97.462471008300696, 18.112249374389599 ], [ -97.472526550292997, 18.139501571655199 ] ] ] } },
{ "type": "Feature", "properties": { "NAME_1": "Puebla", "NAME_2": "Camocuautla" }, "geometry": { "type": "Polygon", "coordinates": [ [ [ -97.657791137695199, 20.0335197448731 ], [ -97.683906555175696, 20.032861709594702 ], [ -97.696456909179702, 20.024459838867202 ], [ -97.729080200195298, 20.0489711761475 ], [ -97.727188110351506, 20.064500808715799 ], [ -97.709815979003906, 20.069629669189599 ], [ -97.654869079589801, 20.055641174316499 ], [ -97.657791137695199, 20.0335197448731 ] ] ] } },
{ "type": "Feature", "properties": { "NAME_1": "Puebla", "NAME_2": "Cañada Morelos" }, "geometry": { "type": "Polygon", "coordinates": [ [ [ -97.387725830078097, 18.6956596374512 ], [ -97.360733032226605, 18.765220642089801 ], [ -97.357002258300696, 18.813791275024499 ], [ -97.338867187499901, 18.839820861816499 ], [ -97.334648132324205, 18.8656902313232 ], [ -97.311851501464801, 18.860570907592798 ], [ -97.302146911620994, 18.867330551147401 ], [ -97.245468139648395, 18.8460197448731 ], [ -97.243751525878906, 18.742002487182699 ], [ -97.272026062011705, 18.7405605316162 ], [ -97.283126831054702, 18.708269119262798 ], [ -97.295433044433594, 18.701330184936602 ], [ -97.339012145996094, 18.716739654541101 ], [ -97.349609375, 18.688430786132901 ], [ -97.372016906738295, 18.684921264648398 ], [ -97.387725830078097, 18.6956596374512 ] ] ] } },
{ "type": "Feature", "properties": { "NAME_1": "Puebla", "NAME_2": "Caxhuacan" }, "geometry": { "type": "Polygon", "coordinates": [ [ [ -97.517143249511705, 20.093650817871101 ], [ -97.530410766601605, 20.059270858764599 ], [ -97.548233032226605, 20.0619525909425 ], [ -97.559066772460895, 20.072870254516499 ], [ -97.534690856933594, 20.131690979003999 ], [ -97.526435852050696, 20.130598068237301 ], [ -97.517143249511705, 20.093650817871101 ] ] ] } },
{ "type": "Feature", "properties": { "NAME_1": "Puebla", "NAME_2": "Chalchicomula de Sesma" }, "geometry": { "type": "Polygon", "coordinates": [ [ [ -97.324546813964801, 18.946519851684599 ], [ -97.344421386718807, 18.938659667968899 ], [ -97.400833129882798, 18.9651908874512 ], [ -97.422286987304702, 18.955469131469801 ], [ -97.438217163085895, 18.962070465088001 ], [ -97.441986083984403, 19.020200729370199 ], [ -97.398468017578097, 19.081050872802798 ], [ -97.381362915039105, 19.0785217285156 ], [ -97.334770202636705, 19.096799850463899 ], [ -97.309539794921903, 19.086931228637798 ], [ -97.282577514648395, 19.097719192504901 ], [ -97.218421936035099, 19.092830657958999 ], [ -97.168670654296903, 19.077699661254901 ], [ -97.168556213378807, 19.0672626495362 ], [ -97.196006774902301, 19.054929733276399 ], [ -97.254409790039105, 18.979560852050799 ], [ -97.324546813964801, 18.946519851684599 ] ] ] } },
{ "type": "Feature", "properties": { "NAME_1": "Puebla", "NAME_2": "Chapulco" }, "geometry": { "type": "Polygon", "coordinates": [ [ [ -97.240882873535199, 18.715621948242202 ], [ -97.255043029785099, 18.693290710449201 ], [ -97.277603149414105, 18.69407081604 ], [ -97.293716430664105, 18.6796092987062 ], [ -97.292709350585895, 18.660480499267699 ], [ -97.268127441406193, 18.6468029022218 ], [ -97.275787353515597, 18.630130767822301 ], [ -97.295356750488295, 18.624492645263601 ], [ -97.325050354003807, 18.649999618530298 ], [ -97.345428466796804, 18.657310485839901 ], [ -97.377708435058594, 18.650131225585898 ], [ -97.376502990722699, 18.686531066894599 ], [ -97.347488403320298, 18.689550399780401 ], [ -97.339012145996094, 18.716739654541101 ], [ -97.295433044433594, 18.701330184936602 ], [ -97.279083251953097, 18.7152004241943 ], [ -97.274642944335895, 18.738439559936499 ], [ -97.260490417480398, 18.743240356445298 ], [ -97.243751525878906, 18.742002487182699 ], [ -97.240882873535199, 18.715621948242202 ] ] ] } },
{ "type": "Feature", "properties": { "NAME_1": "Puebla", "NAME_2": "Chiautla" }, "geometry": { "type": "Polygon", "coordinates": [ [ [ -98.636047363281193, 18.267461776733501 ], [ -98.629615783691406, 18.273210525512798 ], [ -98.633529663085895, 18.2853298187256 ], [ -98.612976074218693, 18.309190750122099 ], [ -98.612846374511705, 18.347578048706001 ], [ -98.580513000488295, 18.3619594573975 ], [ -98.568351745605398, 18.3838710784912 ], [ -98.571266174316406, 18.3962497711182 ], [ -98.594131469726605, 18.412549972534201 ], [ -98.620552062988295, 18.397140502929702 ], [ -98.629417419433594, 18.402170181274499 ], [ -98.607681274414105, 18.458900451660199 ], [ -98.534828186035199, 18.463399887085 ], [ -98.475616455078097, 18.4900512695313 ], [ -98.410377502441406, 18.494388580322401 ], [ -98.401550292968693, 18.486400604248001 ], [ -98.390373229980398, 18.448829650878999 ], [ -98.406196594238295, 18.423900604248001 ], [ -98.333023071289105, 18.3960075378418 ], [ -98.332839965820298, 18.3749904632569 ], [ -98.318717956542997, 18.358350753784201 ], [ -98.325431823730398, 18.319980621337901 ], [ -98.297996520996094, 18.297641754150401 ], [ -98.314025878906193, 18.282680511474599 ], [ -98.343772888183594, 18.283979415893601 ], [ -98.373886108398395, 18.2522907257081 ], [ -98.376441955566406, 18.229682922363299 ], [ -98.407737731933494, 18.216262817382798 ], [ -98.418632507324105, 18.197799682617202 ], [ -98.435638427734403, 18.191179275512798 ], [ -98.522697448730497, 18.208360671997099 ], [ -98.563720703125, 18.236049652099702 ], [ -98.636047363281193, 18.267461776733501 ] ] ] } },
{ "type": "Feature", "properties": { "NAME_1": "Puebla", "NAME_2": "Chiautzingo" }, "geometry": { "type": "Polygon", "coordinates": [ [ [ -98.395896911621094, 19.212650299072401 ], [ -98.440208435058594, 19.202320098876999 ], [ -98.460906982421903, 19.2099227905275 ], [ -98.450813293457003, 19.238571166992202 ], [ -98.428390502929702, 19.2499008178712 ], [ -98.378166198730398, 19.238689422607401 ], [ -98.378166198730398, 19.224340438842901 ], [ -98.395896911621094, 19.212650299072401 ] ] ] } },
{ "type": "Feature", "properties": { "NAME_1": "Puebla", "NAME_2": "Chichiquila" }, "geometry": { "type": "Polygon", "coordinates": [ [ [ -97.065505981445298, 19.278720855712901 ], [ -97.033042907714702, 19.256259918212901 ], [ -96.996421813964702, 19.249050140380898 ], [ -96.978309631347699, 19.2252197265625 ], [ -97.097320556640497, 19.230030059814599 ], [ -97.095657348632798, 19.271318435668999 ], [ -97.085250854492202, 19.279251098632901 ], [ -97.065505981445298, 19.278720855712901 ] ] ] } },
{ "type": "Feature", "properties": { "NAME_1": "Puebla", "NAME_2": "Chiconcuautla" }, "geometry": { "type": "Polygon", "coordinates": [ [ [ -97.885276794433594, 20.172338485717699 ], [ -97.844551086425795, 20.101539611816499 ], [ -97.952445983886705, 20.078411102295 ], [ -97.967849731445298, 20.0826206207275 ], [ -97.975280761718807, 20.109819412231602 ], [ -97.970031738281193, 20.132450103759801 ], [ -97.944267272949205, 20.137601852417099 ], [ -97.932167053222699, 20.154380798339901 ], [ -97.885276794433594, 20.172338485717699 ] ] ] } },
{ "type": "Feature", "properties": { "NAME_1": "Puebla", "NAME_2": "Chietla" }, "geometry": { "type": "Polygon", "coordinates": [ [ [ -98.393913269042898, 18.564630508422901 ], [ -98.400978088378807, 18.5106315612793 ], [ -98.410377502441406, 18.494388580322401 ], [ -98.480056762695298, 18.489509582519599 ], [ -98.534828186035199, 18.463399887085 ], [ -98.607681274414105, 18.458900451660199 ], [ -98.606506347656094, 18.482849121093899 ], [ -98.622543334960895, 18.526760101318398 ], [ -98.638641357421804, 18.6213893890381 ], [ -98.523239135742102, 18.617979049682699 ], [ -98.478881835937401, 18.545661926269499 ], [ -98.455963134765597, 18.558080673217798 ], [ -98.428382873535199, 18.556310653686499 ], [ -98.417999267578097, 18.572122573852699 ], [ -98.393913269042898, 18.564630508422901 ] ] ] } },
{ "type": "Feature", "properties": { "NAME_1": "Puebla", "NAME_2": "Chigmecatitlán" }, "geometry": { "type": "Polygon", "coordinates": [ [ [ -97.897140502929602, 18.6834106445313 ], [ -97.942146301269503, 18.6909694671631 ], [ -97.965721130370994, 18.670259475708001 ], [ -97.984840393066406, 18.667270660400401 ], [ -98.014686584472699, 18.680900573730501 ], [ -97.949417114257798, 18.718521118164102 ], [ -97.923950195312401, 18.7233905792237 ], [ -97.882347106933494, 18.718490600585898 ], [ -97.885612487792898, 18.691259384155401 ], [ -97.897140502929602, 18.6834106445313 ] ] ] } },
{ "type": "Feature", "properties": { "NAME_1": "Puebla", "NAME_2": "Chignahuapan" }, "geometry": { "type": "Polygon", "coordinates": [ [ [ -98.196037292480398, 19.841842651367099 ], [ -98.193298339843807, 19.878351211547901 ], [ -98.164291381835895, 19.950599670410199 ], [ -98.131950378417898, 19.994421005248999 ], [ -98.123718261718807, 20.043899536132798 ], [ -98.082756042480497, 20.0508003234863 ], [ -98.074378967285199, 20.0306606292725 ], [ -98.058967590332003, 20.023960113525401 ], [ -98.013832092285199, 20.034240722656399 ], [ -97.943733215332003, 19.9739093780518 ], [ -97.927810668945298, 19.9074726104737 ], [ -97.901542663574205, 19.890430450439499 ], [ -97.887138366699205, 19.860361099243299 ], [ -97.892433166503906, 19.841020584106499 ], [ -97.869796752929702, 19.7416896820068 ], [ -97.852577209472699, 19.7017707824707 ], [ -97.877410888671804, 19.6674900054932 ], [ -97.935043334960895, 19.706550598144599 ], [ -97.973419189453097, 19.757249832153299 ], [ -97.990821838378906, 19.764209747314499 ], [ -98.064117431640597, 19.691078186035199 ], [ -98.105758666992202, 19.683019638061602 ], [ -98.147422790527301, 19.6916198730469 ], [ -98.165267944335895, 19.699308395385899 ], [ -98.162750244140597, 19.722070693969801 ], [ -98.196037292480398, 19.841842651367099 ] ] ] } },
{ "type": "Feature", "properties": { "NAME_1": "Puebla", "NAME_2": "Chignautla" }, "geometry": { "type": "Polygon", "coordinates": [ [ [ -97.286148071288906, 19.824609756469801 ], [ -97.365097045898395, 19.683841705322301 ], [ -97.385887145995994, 19.667669296264599 ], [ -97.415496826171903, 19.666919708251999 ], [ -97.424049377441307, 19.6832599639893 ], [ -97.416847229003906, 19.7264728546144 ], [ -97.427642822265597, 19.751430511474702 ], [ -97.408752441406193, 19.790809631347699 ], [ -97.380851745605497, 19.818841934204102 ], [ -97.330352783203097, 19.897119522094801 ], [ -97.310256958007798, 19.885540008545 ], [ -97.309501647949205, 19.856439590454102 ], [ -97.286148071288906, 19.824609756469801 ] ] ] } },
{ "type": "Feature", "properties": { "NAME_1": "Puebla", "NAME_2": "Chila" }, "geometry": { "type": "Polygon", "coordinates": [ [ [ -97.763359069824205, 18.084409713745099 ], [ -97.671302795410099, 18.0088195800782 ], [ -97.698028564453097, 17.9846801757812 ], [ -97.726348876953097, 17.976610183715898 ], [ -97.773696899414105, 17.990409851074201 ], [ -97.851936340332003, 18.051929473876999 ], [ -97.851921081542997, 18.0776805877687 ], [ -97.763359069824205, 18.084409713745099 ] ] ] } },
{ "type": "Feature", "properties": { "NAME_1": "Puebla", "NAME_2": "Chila de la Sal" }, "geometry": { "type": "Polygon", "coordinates": [ [ [ -98.399665832519503, 18.0849304199219 ], [ -98.426147460937401, 18.162469863891499 ], [ -98.414649963378906, 18.209369659423899 ], [ -98.376441955566406, 18.229682922363299 ], [ -98.373886108398395, 18.2522907257081 ], [ -98.341552734374901, 18.285600662231499 ], [ -98.314025878906193, 18.282680511474599 ], [ -98.297996520996094, 18.297641754150401 ], [ -98.282302856445298, 18.291570663452099 ], [ -98.324211120605398, 18.2576694488525 ], [ -98.331886291503906, 18.241510391235401 ], [ -98.329681396484403, 18.179712295532202 ], [ -98.336196899414105, 18.149368286132901 ], [ -98.320846557617102, 18.115800857543899 ], [ -98.383583068847699, 18.107740402221701 ], [ -98.399665832519503, 18.0849304199219 ] ] ] } },
{ "type": "Feature", "properties": { "NAME_1": "Puebla", "NAME_2": "Chilchotla" }, "geometry": { "type": "Polygon", "coordinates": [ [ [ -97.097320556640497, 19.230030059814599 ], [ -97.180587768554702, 19.229820251464801 ], [ -97.209182739257699, 19.268650054931602 ], [ -97.189613342285099, 19.333869934082099 ], [ -97.213821411132798, 19.3731212615968 ], [ -97.21044921875, 19.3944110870362 ], [ -97.171760559082003, 19.381599426269499 ], [ -97.120216369628906, 19.377880096435501 ], [ -97.071189880370994, 19.357772827148398 ], [ -97.075958251952997, 19.3448810577393 ], [ -97.065505981445298, 19.278720855712901 ], [ -97.085250854492202, 19.279251098632901 ], [ -97.095657348632798, 19.271318435668999 ], [ -97.097320556640497, 19.230030059814599 ] ] ] } },
{ "type": "Feature", "properties": { "NAME_1": "Puebla", "NAME_2": "Chinantla" }, "geometry": { "type": "Polygon", "coordinates": [ [ [ -98.148139953613196, 18.254270553588999 ], [ -98.2384033203125, 18.2142028808594 ], [ -98.254928588867202, 18.255680084228601 ], [ -98.279548645019503, 18.290571212768601 ], [ -98.234016418457003, 18.324470520019599 ], [ -98.182502746581903, 18.314699172973601 ], [ -98.167556762695298, 18.303871154785199 ], [ -98.167137145995994, 18.288520812988299 ], [ -98.140876770019503, 18.2871284484863 ], [ -98.148139953613196, 18.254270553588999 ] ] ] } },
{ "type": "Feature", "properties": { "NAME_1": "Puebla", "NAME_2": "Coatepec" }, "geometry": { "type": "Polygon", "coordinates": [ [ [ -97.641731262207003, 20.096361160278299 ], [ -97.654312133789105, 20.073680877685501 ], [ -97.654869079589801, 20.055641174316499 ], [ -97.718643188476605, 20.069580078124901 ], [ -97.711578369140497, 20.101882934570298 ], [ -97.641731262207003, 20.096361160278299 ] ] ] } },
{ "type": "Feature", "properties": { "NAME_1": "Puebla", "NAME_2": "Coatzingo" }, "geometry": { "type": "Polygon", "coordinates": [ [ [ -97.958183288574205, 18.651561737060501 ], [ -97.995216369628906, 18.636781692505 ], [ -98.003662109374901, 18.603590011596701 ], [ -98.044151306152301, 18.584199905395501 ], [ -98.102256774902301, 18.5808296203613 ], [ -98.124519348144403, 18.605390548706101 ], [ -98.090797424316406, 18.638992309570401 ], [ -98.084999084472699, 18.697080612182599 ], [ -98.052116394042898, 18.702339172363299 ], [ -98.038360595703097, 18.7159099578857 ], [ -98.028343200683594, 18.710840225219702 ], [ -98.022506713867202, 18.6880416870118 ], [ -98.000022888183594, 18.672269821166999 ], [ -97.989250183105497, 18.667209625244102 ], [ -97.961563110351605, 18.672580718994102 ], [ -97.958183288574205, 18.651561737060501 ] ] ] } },
{ "type": "Feature", "properties": { "NAME_1": "Puebla", "NAME_2": "Cohetzala" }, "geometry": { "type": "Polygon", "coordinates": [ [ [ -98.636047363281193, 18.267461776733501 ], [ -98.691108703613295, 18.249069213867202 ], [ -98.697822570800795, 18.233829498291101 ], [ -98.687522888183594, 18.220041275024499 ], [ -98.654457092285099, 18.2210884094238 ], [ -98.633811950683594, 18.210189819336001 ], [ -98.632957458496094, 18.170740127563501 ], [ -98.651199340820298, 18.170640945434702 ], [ -98.671623229980398, 18.1847019195557 ], [ -98.700088500976605, 18.154159545898501 ], [ -98.8095703125, 18.144290924072301 ], [ -98.825172424316307, 18.153129577636701 ], [ -98.835098266601506, 18.184520721435501 ], [ -98.812438964843807, 18.199710845947202 ], [ -98.814346313476605, 18.217699050903398 ], [ -98.782196044921903, 18.236789703369102 ], [ -98.741828918457003, 18.277458190918001 ], [ -98.731208801269503, 18.283519744873001 ], [ -98.700866699218807, 18.2782192230225 ], [ -98.633529663085895, 18.2853298187256 ], [ -98.629615783691406, 18.273210525512798 ], [ -98.636047363281193, 18.267461776733501 ] ] ] } },
{ "type": "Feature", "properties": { "NAME_1": "Puebla", "NAME_2": "Cohuecán" }, "geometry": { "type": "Polygon", "coordinates": [ [ [ -98.593208312988295, 18.719541549682599 ], [ -98.617019653320298, 18.6662712097168 ], [ -98.641647338867202, 18.640689849853501 ], [ -98.658157348632798, 18.750259399414201 ], [ -98.625343322753906, 18.8248596191406 ], [ -98.616203308105398, 18.801200866699201 ], [ -98.627410888671903, 18.753351211548001 ], [ -98.593208312988295, 18.719541549682599 ] ] ] } },
{ "type": "Feature", "properties": { "NAME_1": "Puebla", "NAME_2": "Coronango" }, "geometry": { "type": "Polygon", "coordinates": [ [ [ -98.229942321777301, 19.151210784912202 ], [ -98.216178894042997, 19.163030624389599 ], [ -98.211517333984403, 19.187570571899499 ], [ -98.157379150390597, 19.169540405273398 ], [ -98.214233398437401, 19.1303005218507 ], [ -98.229942321777301, 19.151210784912202 ] ] ] } },
{ "type": "Feature", "properties": { "NAME_1": "Puebla", "NAME_2": "Coxcatlán" }, "geometry": { "type": "Polygon", "coordinates": [ [ [ -96.947402954101406, 18.319139480590799 ], [ -96.954772949218807, 18.301750183105501 ], [ -96.950851440429702, 18.2758712768556 ], [ -96.962936401367102, 18.249010086059599 ], [ -96.946533203124901, 18.1828918457031 ], [ -96.994850158691406, 18.142860412597699 ], [ -97.042510986328097, 18.155981063842798 ], [ -97.075569152832003, 18.238281250000099 ], [ -97.125701904296804, 18.2618618011475 ], [ -97.127372741699205, 18.295190811157301 ], [ -97.145057678222699, 18.3130397796632 ], [ -97.112007141113196, 18.3426399230957 ], [ -97.026702880859403, 18.358182907104499 ], [ -96.946556091308594, 18.3479404449463 ], [ -96.947402954101406, 18.319139480590799 ] ] ] } },
{ "type": "Feature", "properties": { "NAME_1": "Puebla", "NAME_2": "Coyomeapan" }, "geometry": { "type": "Polygon", "coordinates": [ [ [ -96.950752258300795, 18.177669525146499 ], [ -96.9532470703125, 18.227380752563501 ], [ -96.962936401367102, 18.249010086059599 ], [ -96.950851440429702, 18.2758712768556 ], [ -96.952362060546804, 18.313970565796001 ], [ -96.947402954101406, 18.319139480590799 ], [ -96.929733276367102, 18.313999176025401 ], [ -96.890937805175696, 18.348140716552699 ], [ -96.786163330078097, 18.3549709320069 ], [ -96.773292541503906, 18.321250915527401 ], [ -96.780822753906193, 18.3125019073487 ], [ -96.809066772460895, 18.296819686889801 ], [ -96.842720031738295, 18.2628707885743 ], [ -96.881286621093693, 18.252780914306602 ], [ -96.907646179199205, 18.2121906280518 ], [ -96.921257019042898, 18.2327804565431 ], [ -96.928703308105398, 18.218059539794901 ], [ -96.923751831054602, 18.1994724273681 ], [ -96.950752258300795, 18.177669525146499 ] ] ] } },
{ "type": "Feature", "properties": { "NAME_1": "Puebla", "NAME_2": "Coyotepec" }, "geometry": { "type": "Polygon", "coordinates": [ [ [ -97.656997680664006, 18.419080734253001 ], [ -97.694496154785099, 18.441328048706101 ], [ -97.748046875, 18.426082611084102 ], [ -97.753517150878807, 18.4705600738525 ], [ -97.681846618652301, 18.497991561889702 ], [ -97.647186279296804, 18.497400283813398 ], [ -97.612075805664006, 18.532039642333999 ], [ -97.6063232421875, 18.520309448242202 ], [ -97.619659423828097, 18.465930938720799 ], [ -97.631546020507798, 18.459970474243299 ], [ -97.642181396484403, 18.471429824829201 ], [ -97.652656555175795, 18.4706707000732 ], [ -97.650146484374901, 18.429540634155298 ], [ -97.656997680664006, 18.419080734253001 ] ] ] } },
{ "type": "Feature", "properties": { "NAME_1": "Puebla", "NAME_2": "Cuapiaxtla de Madero" }, "geometry": { "type": "Polygon", "coordinates": [ [ [ -97.685798645019503, 18.973230361938601 ], [ -97.691207885742202, 18.943910598754801 ], [ -97.762260437011705, 18.962961196899499 ], [ -97.744873046875, 18.9905910491943 ], [ -97.685798645019503, 18.973230361938601 ] ] ] } },
{ "type": "Feature", "properties": { "NAME_1": "Puebla", "NAME_2": "Cuautempan" }, "geometry": { "type": "Polygon", "coordinates": [ [ [ -97.695129394531193, 19.941829681396602 ], [ -97.706047058105398, 19.933578491211101 ], [ -97.689842224121094, 19.919620513916001 ], [ -97.738929748535099, 19.900650024414102 ], [ -97.795883178710795, 19.918521881103601 ], [ -97.792938232421903, 19.939081192016701 ], [ -97.739479064941406, 19.9645881652831 ], [ -97.695129394531193, 19.941829681396602 ] ] ] } },
{ "type": "Feature", "properties": { "NAME_1": "Puebla", "NAME_2": "Cuautinchán" }, "geometry": { "type": "Polygon", "coordinates": [ [ [ -97.831596374511705, 19.022359848022599 ], [ -97.837486267089801, 19.0095710754394 ], [ -97.8597412109375, 19.00364112854 ], [ -97.867111206054602, 18.987890243530298 ], [ -97.891586303710895, 18.977840423583999 ], [ -97.889701843261705, 18.932470321655298 ], [ -97.907356262207003, 18.909330368041999 ], [ -97.918380737304702, 18.9062404632568 ], [ -97.957756042480497, 18.931369781494102 ], [ -97.987632751464801, 18.937778472900401 ], [ -97.977081298827997, 18.946100234985401 ], [ -97.976570129394503, 18.958360671997202 ], [ -98.025932312011705, 19.041940689086999 ], [ -97.989898681640597, 19.0578804016113 ], [ -97.947036743164006, 19.056159973144599 ], [ -97.923271179199205, 19.0739517211913 ], [ -97.883155822753906, 19.061719894409201 ], [ -97.831596374511705, 19.022359848022599 ] ] ] } },
{ "type": "Feature", "properties": { "NAME_1": "Puebla", "NAME_2": "Cuautlancingo" }, "geometry": { "type": "Polygon", "coordinates": [ [ [ -98.215476989745994, 19.123012542724702 ], [ -98.207595825195298, 19.136552810668899 ], [ -98.157379150390597, 19.169540405273398 ], [ -98.132957458496094, 19.1498203277588 ], [ -98.169090270996094, 19.0978107452394 ], [ -98.205657958984304, 19.109291076660199 ], [ -98.215476989745994, 19.123012542724702 ] ] ] } },
{ "type": "Feature", "properties": { "NAME_1": "Puebla", "NAME_2": "Cuayuca de Andrade" }, "geometry": { "type": "Polygon", "coordinates": [ [ [ -97.969757080078097, 18.556978225708001 ], [ -97.977622985839801, 18.550979614257798 ], [ -97.993019104003906, 18.558460235595799 ], [ -98.003082275390597, 18.5535602569581 ], [ -98.011291503906193, 18.518140792846701 ], [ -98.003036499023395, 18.4951705932618 ], [ -98.016067504882798, 18.483900070190501 ], [ -98.008781433105497, 18.466129302978601 ], [ -98.023277282714801, 18.455060958862401 ], [ -98.043296813964801, 18.4109001159668 ], [ -98.049667358398395, 18.409442901611399 ], [ -98.068656921386705, 18.442630767822301 ], [ -98.087486267089801, 18.458850860595799 ], [ -98.123306274414105, 18.457380294799901 ], [ -98.151222229003807, 18.4723205566407 ], [ -98.193206787109403, 18.468250274658299 ], [ -98.206687927246094, 18.475051879882798 ], [ -98.199935913085895, 18.5066108703613 ], [ -98.121337890624901, 18.600690841674702 ], [ -98.106681823730398, 18.583030700683601 ], [ -98.084617614746094, 18.579740524291999 ], [ -98.044151306152301, 18.584199905395501 ], [ -98.003662109374901, 18.603590011596701 ], [ -97.974357604980497, 18.57253074646 ], [ -97.969757080078097, 18.556978225708001 ] ] ] } },
{ "type": "Feature", "properties": { "NAME_1": "Puebla", "NAME_2": "Cuetzalan del Progreso" }, "geometry": { "type": "Polygon", "coordinates": [ [ [ -97.330009460449205, 20.055049896240199 ], [ -97.355781555175795, 20.047281265258899 ], [ -97.360603332519503, 20.031589508056602 ], [ -97.386177062988196, 20.034030914306602 ], [ -97.414382934570298, 20.020320892333999 ], [ -97.457733154296903, 20.014980316162099 ], [ -97.482902526855497, 20.032182693481499 ], [ -97.477432250976506, 20.061700820922901 ], [ -97.443168640136705, 20.084039688110401 ], [ -97.441467285156193, 20.1042404174806 ], [ -97.390182495117102, 20.126300811767699 ], [ -97.371147155761705, 20.108381271362401 ], [ -97.333808898925696, 20.091861724853501 ], [ -97.320610046386705, 20.0718803405762 ], [ -97.330009460449205, 20.055049896240199 ] ] ] } },
{ "type": "Feature", "properties": { "NAME_1": "Puebla", "NAME_2": "Cuyoaco" }, "geometry": { "type": "Polygon", "coordinates": [ [ [ -97.539436340332003, 19.638679504394599 ], [ -97.531967163085895, 19.6769104003906 ], [ -97.436119079589801, 19.732999801635799 ], [ -97.429077148437401, 19.745519638061499 ], [ -97.422492980957003, 19.7400817871094 ], [ -97.416847229003906, 19.7264728546144 ], [ -97.424049377441307, 19.6832599639893 ], [ -97.412567138671804, 19.666698455810501 ], [ -97.415702819824205, 19.6514606475831 ], [ -97.438758850097699, 19.619340896606399 ], [ -97.478881835937401, 19.5837306976318 ], [ -97.495376586914006, 19.549789428711101 ], [ -97.539436340332003, 19.638679504394599 ] ] ] } },
{ "type": "Feature", "properties": { "NAME_1": "Puebla", "NAME_2": "Domingo Arenas" }, "geometry": { "type": "Polygon", "coordinates": [ [ [ -98.502609252929702, 19.185308456420898 ], [ -98.551132202148395, 19.187099456787202 ], [ -98.552719116210795, 19.203800201416001 ], [ -98.523986816406193, 19.203540802002099 ], [ -98.503280639648395, 19.217359542846701 ], [ -98.444656372070298, 19.202470779418999 ], [ -98.395896911621094, 19.212650299072401 ], [ -98.394668579101506, 19.2074394226075 ], [ -98.397132873535199, 19.189411163330199 ], [ -98.415847778320298, 19.180210113525401 ], [ -98.502609252929702, 19.185308456420898 ] ] ] } },
{ "type": "Feature", "properties": { "NAME_1": "Puebla", "NAME_2": "Eloxochitlán" }, "geometry": { "type": "Polygon", "coordinates": [ [ [ -96.880943298339801, 18.512710571289102 ], [ -96.825653076171903, 18.543621063232401 ], [ -96.735809326171903, 18.518529891967798 ], [ -96.753448486328097, 18.497381210327099 ], [ -96.764930725097599, 18.4595127105713 ], [ -96.850341796875, 18.470851898193398 ], [ -96.880943298339801, 18.512710571289102 ] ] ] } },
{ "type": "Feature", "properties": { "NAME_1": "Puebla", "NAME_2": "Epatlán" }, "geometry": { "type": "Polygon", "coordinates": [ [ [ -98.294357299804602, 18.6261711120607 ], [ -98.302978515625, 18.6214904785157 ], [ -98.348587036132798, 18.661710739135899 ], [ -98.361511230468807, 18.7040901184082 ], [ -98.321662902832003, 18.711139678955099 ], [ -98.2772216796875, 18.6881008148193 ], [ -98.268951416015597, 18.6621704101562 ], [ -98.294357299804602, 18.6261711120607 ] ] ] } },
{ "type": "Feature", "properties": { "NAME_1": "Puebla", "NAME_2": "Esperanza" }, "geometry": { "type": "Polygon", "coordinates": [ [ [ -97.302146911620994, 18.867330551147401 ], [ -97.321258544921903, 18.889022827148501 ], [ -97.359840393066307, 18.901239395141602 ], [ -97.354103088378906, 18.940290451049901 ], [ -97.324546813964801, 18.946519851684599 ], [ -97.304176330566406, 18.930971145629901 ], [ -97.240051269531193, 18.932180404663001 ], [ -97.202880859374901, 18.911920547485401 ], [ -97.245468139648395, 18.8460197448731 ], [ -97.302146911620994, 18.867330551147401 ] ] ] } },
{ "type": "Feature", "properties": { "NAME_1": "Puebla", "NAME_2": "Francisco Z. Mena" }, "geometry": { "type": "Polygon", "coordinates": [ [ [ -97.707176208495994, 20.656200408935501 ], [ -97.726448059082003, 20.673549652099599 ], [ -97.753402709960895, 20.678979873657301 ], [ -97.784286499023395, 20.701330184936602 ], [ -97.811286926269503, 20.699930191040099 ], [ -97.821372985839801, 20.682010650634801 ], [ -97.870056152343693, 20.757961273193398 ], [ -97.864532470703097, 20.7842102050782 ], [ -97.834976196289006, 20.8089694976807 ], [ -97.820602416992202, 20.8532104492188 ], [ -97.768775939941307, 20.8372097015382 ], [ -97.714736938476605, 20.8513507843018 ], [ -97.693496704101605, 20.849800109863299 ], [ -97.702247619628906, 20.813350677490199 ], [ -97.692306518554602, 20.785579681396499 ], [ -97.745407104492102, 20.749639511108501 ], [ -97.736999511718807, 20.742740631103601 ], [ -97.696449279785199, 20.7500400543213 ], [ -97.670883178710895, 20.7306098937988 ], [ -97.684471130370994, 20.695930480957099 ], [ -97.678131103515597, 20.664310455322301 ], [ -97.695388793945298, 20.653320312500099 ], [ -97.707176208495994, 20.656200408935501 ] ] ] } },
{ "type": "Feature", "properties": { "NAME_1": "Puebla", "NAME_2": "General Felipe Angeles" }, "geometry": { "type": "Polygon", "coordinates": [ [ [ -97.508209228515597, 19.0743408203125 ], [ -97.509323120117202, 19.011461257934599 ], [ -97.594245910644503, 19.0016593933106 ], [ -97.656677246093807, 19.0229511260987 ], [ -97.629066467285099, 19.0612983703613 ], [ -97.623931884765597, 19.082901000976701 ], [ -97.604637145995994, 19.101890563964901 ], [ -97.580001831054702, 19.098659515380898 ], [ -97.569770812988295, 19.087829589843899 ], [ -97.516677856445298, 19.082252502441499 ], [ -97.508209228515597, 19.0743408203125 ] ] ] } },
{ "type": "Feature", "properties": { "NAME_1": "Puebla", "NAME_2": "Guadalupe" }, "geometry": { "type": "Polygon", "coordinates": [ [ [ -98.038719177246094, 18.146972656249901 ], [ -98.061882019042997, 18.119779586791999 ], [ -98.044136047363295, 18.080371856689499 ], [ -98.035377502441406, 18.027849197387699 ], [ -98.098793029785199, 18.021722793578999 ], [ -98.105133056640597, 18.038190841674901 ], [ -98.135017395019503, 18.048988342285199 ], [ -98.150611877441406, 18.073980331421001 ], [ -98.144966125488295, 18.131790161132798 ], [ -98.135826110839801, 18.144109725952099 ], [ -98.104957580566307, 18.136480331420898 ], [ -98.047241210937401, 18.16037940979 ], [ -98.038719177246094, 18.146972656249901 ] ] ] } },
{ "type": "Feature", "properties": { "NAME_1": "Puebla", "NAME_2": "Guadalupe Victoria" }, "geometry": { "type": "Polygon", "coordinates": [ [ [ -97.3372802734375, 19.264490127563601 ], [ -97.353096008300696, 19.3019008636475 ], [ -97.355957031249901, 19.3626003265381 ], [ -97.401672363281193, 19.378740310669102 ], [ -97.357933044433494, 19.418529510498001 ], [ -97.312339782714801, 19.422330856323399 ], [ -97.294227600097599, 19.435071945190501 ], [ -97.248519897460895, 19.404979705810501 ], [ -97.256507873535199, 19.385339736938501 ], [ -97.249076843261705, 19.325941085815501 ], [ -97.261657714843807, 19.316661834716701 ], [ -97.294090270996094, 19.316078186035199 ], [ -97.318656921386705, 19.291130065918001 ], [ -97.327316284179602, 19.268419265747099 ], [ -97.3372802734375, 19.264490127563601 ] ] ] } },
{ "type": "Feature", "properties": { "NAME_1": "Puebla", "NAME_2": "Hermenegildo Galeana" }, "geometry": { "type": "Polygon", "coordinates": [ [ [ -97.646682739257798, 20.112140655517599 ], [ -97.659271240234403, 20.1248092651368 ], [ -97.671241760253906, 20.1233806610107 ], [ -97.676887512207003, 20.146869659423899 ], [ -97.650672912597699, 20.183410644531399 ], [ -97.630432128906193, 20.160659790039102 ], [ -97.630546569824205, 20.1243495941163 ], [ -97.646682739257798, 20.112140655517599 ] ] ] } },
{ "type": "Feature", "properties": { "NAME_1": "Puebla", "NAME_2": "Honey" }, "geometry": { "type": "Polygon", "coordinates": [ [ [ -98.229316711425696, 20.300119400024499 ], [ -98.163726806640597, 20.323350906372099 ], [ -98.100532531738295, 20.354129791259801 ], [ -98.099716186523395, 20.2995796203613 ], [ -98.117889404296903, 20.258501052856399 ], [ -98.184478759765597, 20.237880706787202 ], [ -98.202201843261705, 20.2404804229737 ], [ -98.221282958984304, 20.2670497894288 ], [ -98.229316711425696, 20.300119400024499 ] ] ] } },
{ "type": "Feature", "properties": { "NAME_1": "Puebla", "NAME_2": "Huaquechula" }, "geometry": { "type": "Polygon", "coordinates": [ [ [ -98.285041809082003, 18.85671043396 ], [ -98.344718933105398, 18.828920364379901 ], [ -98.376060485839801, 18.7866096496581 ], [ -98.401412963867202, 18.7789001464844 ], [ -98.423156738281193, 18.7406311035157 ], [ -98.443809509277202, 18.757038116455 ], [ -98.495750427245994, 18.761070251464901 ], [ -98.513442993164105, 18.7859210968018 ], [ -98.498359680175696, 18.806400299072401 ], [ -98.450576782226506, 18.8059196472168 ], [ -98.438179016113196, 18.84859085083 ], [ -98.422912597656193, 18.851810455322401 ], [ -98.397102355957003, 18.834350585937599 ], [ -98.380622863769503, 18.836908340453999 ], [ -98.370010375976605, 18.848449707031399 ], [ -98.376373291015597, 18.867181777954201 ], [ -98.347290039062401, 18.889030456543001 ], [ -98.315567016601605, 18.8898105621338 ], [ -98.285041809082003, 18.85671043396 ] ] ] } },
{ "type": "Feature", "properties": { "NAME_1": "Puebla", "NAME_2": "Huatlatlauca" }, "geometry": { "type": "Polygon", "coordinates": [ [ [ -98.046707153320298, 18.712839126586999 ], [ -98.067001342773395, 18.732261657714901 ], [ -98.022766113281193, 18.7689628601075 ], [ -98.010803222656193, 18.762100219726499 ], [ -97.972076416015597, 18.763090133666999 ], [ -97.938491821289105, 18.7753410339357 ], [ -97.913307189941406, 18.763200759887798 ], [ -97.877487182617102, 18.802869796752901 ], [ -97.831558227539105, 18.782800674438501 ], [ -97.824737548828097, 18.76881980896 ], [ -97.846771240234403, 18.763799667358398 ], [ -97.871017456054602, 18.7435607910157 ], [ -97.882347106933494, 18.718490600585898 ], [ -97.944030761718807, 18.7204093933107 ], [ -98.014686584472699, 18.680900573730501 ], [ -98.031005859375, 18.7146606445312 ], [ -98.046707153320298, 18.712839126586999 ] ] ] } },
{ "type": "Feature", "properties": { "NAME_1": "Puebla", "NAME_2": "Huauchinango" }, "geometry": { "type": "Polygon", "coordinates": [ [ [ -97.975280761718807, 20.109819412231602 ], [ -97.995429992675795, 20.1002082824707 ], [ -98.042488098144503, 20.100490570068398 ], [ -98.053840637207003, 20.1108303070069 ], [ -98.046890258788906, 20.127479553222699 ], [ -98.050407409667898, 20.145940780639702 ], [ -98.070449829101605, 20.1549606323243 ], [ -98.101531982421804, 20.155290603637699 ], [ -98.099586486816406, 20.1756706237794 ], [ -98.057891845703097, 20.184610366821399 ], [ -98.038490295410099, 20.2293281555175 ], [ -97.995429992675795, 20.257789611816499 ], [ -97.977012634277301, 20.293260574340898 ], [ -97.938941955566406, 20.268869400024499 ], [ -97.944068908691307, 20.253000259399499 ], [ -97.967147827148395, 20.237749099731499 ], [ -97.980392456054602, 20.193702697753999 ], [ -97.966293334960895, 20.1597805023193 ], [ -97.975280761718807, 20.109819412231602 ] ] ] } },
{ "type": "Feature", "properties": { "NAME_1": "Puebla", "NAME_2": "Huehuetla" }, "geometry": { "type": "Polygon", "coordinates": [ [ [ -97.573287963867102, 20.069780349731602 ], [ -97.587249755859403, 20.1005592346193 ], [ -97.603576660156193, 20.1143817901612 ], [ -97.577400207519503, 20.158380508422901 ], [ -97.560630798339801, 20.1656799316407 ], [ -97.534690856933594, 20.131690979003999 ], [ -97.559066772460895, 20.072870254516499 ], [ -97.573287963867102, 20.069780349731602 ] ] ] } },
{ "type": "Feature", "properties": { "NAME_1": "Puebla", "NAME_2": "Huehuetlán el Chico" }, "geometry": { "type": "Polygon", "coordinates": [ [ [ -98.731208801269503, 18.283519744873001 ], [ -98.729598999023395, 18.394628524780298 ], [ -98.675811767578097, 18.4769706726075 ], [ -98.643280029296903, 18.439388275146499 ], [ -98.620903015136705, 18.4374008178712 ], [ -98.627937316894503, 18.399490356445401 ], [ -98.594131469726605, 18.412549972534201 ], [ -98.571266174316406, 18.3962497711182 ], [ -98.568862915039105, 18.3809299468994 ], [ -98.580513000488295, 18.3619594573975 ], [ -98.612846374511705, 18.347578048706001 ], [ -98.614967346191307, 18.3023796081543 ], [ -98.633529663085895, 18.2853298187256 ], [ -98.700866699218807, 18.2782192230225 ], [ -98.731208801269503, 18.283519744873001 ] ] ] } },
{ "type": "Feature", "properties": { "NAME_1": "Puebla", "NAME_2": "Huehuetlán el Grande" }, "geometry": { "type": "Polygon", "coordinates": [ [ [ -97.959991455078097, 18.79976272583 ], [ -98.023681640624901, 18.801370620727599 ], [ -98.029342651367102, 18.791530609131001 ], [ -98.022766113281193, 18.7689628601075 ], [ -98.033607482910099, 18.754291534423899 ], [ -98.067001342773395, 18.732261657714901 ], [ -98.080223083496094, 18.735691070556602 ], [ -98.089996337890497, 18.748920440673899 ], [ -98.098190307617102, 18.806850433349599 ], [ -98.091667175292997, 18.8702507019044 ], [ -98.048248291015597, 18.8826904296875 ], [ -98.031669616699205, 18.841180801391602 ], [ -97.952583312988295, 18.8313808441163 ], [ -97.925186157226506, 18.815870285034201 ], [ -97.932296752929702, 18.805799484252901 ], [ -97.959991455078097, 18.79976272583 ] ] ] } },
{ "type": "Feature", "properties": { "NAME_1": "Puebla", "NAME_2": "Huejotzingo" }, "geometry": { "type": "Polygon", "coordinates": [ [ [ -98.395896911621094, 19.212650299072401 ], [ -98.378166198730398, 19.224340438842901 ], [ -98.378662109374901, 19.248470306396499 ], [ -98.353073120117202, 19.274410247802798 ], [ -98.329696655273395, 19.257940292358501 ], [ -98.310729980468807, 19.267089843750099 ], [ -98.280372619628906, 19.234500885009801 ], [ -98.290122985839801, 19.215778350830099 ], [ -98.290031433105497, 19.171819686889702 ], [ -98.346206665039105, 19.172519683837901 ], [ -98.360702514648395, 19.197999954223601 ], [ -98.402061462402301, 19.184772491455099 ], [ -98.394180297851605, 19.196060180664102 ], [ -98.395896911621094, 19.212650299072401 ] ] ] } },
{ "type": "Feature", "properties": { "NAME_1": "Puebla", "NAME_2": "Hueyapan" }, "geometry": { "type": "Polygon", "coordinates": [ [ [ -97.330352783203097, 19.897119522094801 ], [ -97.304916381835895, 20.000350952148398 ], [ -97.310966491699205, 20.019161224365199 ], [ -97.336273193359304, 20.035039901733398 ], [ -97.320610046386705, 20.0718803405762 ], [ -97.311126708984304, 20.0714397430419 ], [ -97.287086486816307, 20.050769805908299 ], [ -97.283187866210795, 20.0364494323732 ], [ -97.274482727050696, 20.034870147705099 ], [ -97.273750305175696, 19.9951400756837 ], [ -97.293952941894503, 19.9510307312013 ], [ -97.296043395995994, 19.8966884613038 ], [ -97.309051513671903, 19.8828125 ], [ -97.330352783203097, 19.897119522094801 ] ] ] } },
{ "type": "Feature", "properties": { "NAME_1": "Puebla", "NAME_2": "Hueytamalco" }, "geometry": { "type": "Polygon", "coordinates": [ [ [ -97.153160095214801, 20.089599609375099 ], [ -97.176071166992102, 20.0561008453369 ], [ -97.231040954589801, 19.9215717315675 ], [ -97.259956359863295, 19.9451217651368 ], [ -97.274932861328097, 19.974451065063398 ], [ -97.276596069335895, 20.2434196472169 ], [ -97.188430786132798, 20.2228298187257 ], [ -97.189048767089801, 20.1681003570557 ], [ -97.208267211914105, 20.1055793762207 ], [ -97.199119567871094, 20.095800399780401 ], [ -97.176506042480497, 20.0996608734132 ], [ -97.153160095214801, 20.089599609375099 ] ] ] } },
{ "type": "Feature", "properties": { "NAME_1": "Puebla", "NAME_2": "Hueytlalpan" }, "geometry": { "type": "Polygon", "coordinates": [ [ [ -97.654869079589801, 20.055641174316499 ], [ -97.654312133789105, 20.073680877685501 ], [ -97.641731262207003, 20.096361160278299 ], [ -97.619308471679702, 20.0995502471925 ], [ -97.603576660156193, 20.1143817901612 ], [ -97.587249755859403, 20.1005592346193 ], [ -97.573287963867102, 20.069780349731602 ], [ -97.644226074218693, 20.030639648437599 ], [ -97.657791137695199, 20.0335197448731 ], [ -97.654869079589801, 20.055641174316499 ] ] ] } },
{ "type": "Feature", "properties": { "NAME_1": "Puebla", "NAME_2": "Huitzilan de Serdán" }, "geometry": { "type": "Polygon", "coordinates": [ [ [ -97.622138977050795, 20.003810882568398 ], [ -97.617576599121094, 19.978300094604499 ], [ -97.662742614745994, 19.950330734252901 ], [ -97.695129394531193, 19.941829681396602 ], [ -97.739479064941406, 19.9645881652831 ], [ -97.622138977050795, 20.003810882568398 ] ] ] } },
{ "type": "Feature", "properties": { "NAME_1": "Puebla", "NAME_2": "Huitziltepec" }, "geometry": { "type": "Polygon", "coordinates": [ [ [ -97.738296508789105, 18.834831237793001 ], [ -97.722740173339801, 18.8059692382812 ], [ -97.696395874023395, 18.791490554809702 ], [ -97.7034912109375, 18.7841701507568 ], [ -97.763870239257798, 18.7681407928468 ], [ -97.774597167968693, 18.776191711425898 ], [ -97.774803161620994, 18.799528121948299 ], [ -97.783088684082003, 18.808509826660199 ], [ -97.827346801757798, 18.803699493408299 ], [ -97.808700561523395, 18.834070205688501 ], [ -97.812576293945298, 18.8496704101562 ], [ -97.784919738769503, 18.868120193481499 ], [ -97.777336120605497, 18.8691082000732 ], [ -97.768119812011705, 18.835201263427798 ], [ -97.738296508789105, 18.834831237793001 ] ] ] } },
{ "type": "Feature", "properties": { "NAME_1": "Puebla", "NAME_2": "Ignacio Allende" }, "geometry": { "type": "Polygon", "coordinates": [ [ [ -97.528182983398395, 20.060470581054702 ], [ -97.530220031738295, 20.035049438476701 ], [ -97.5452880859375, 20.022172927856399 ], [ -97.566856384277301, 20.017780303955199 ], [ -97.559066772460895, 20.072870254516499 ], [ -97.543037414550696, 20.0594997406006 ], [ -97.528182983398395, 20.060470581054702 ] ] ] } },
{ "type": "Feature", "properties": { "NAME_1": "Puebla", "NAME_2": "Ixcamilpa de Guerrero" }, "geometry": { "type": "Polygon", "coordinates": [ [ [ -98.568466186523395, 18.020179748535199 ], [ -98.597320556640597, 18.026901245117202 ], [ -98.622596740722599, 18.0530605316163 ], [ -98.723121643066307, 18.085678100586001 ], [ -98.684226989745994, 18.137670516967798 ], [ -98.664382934570298, 18.141780853271499 ], [ -98.606986999511705, 18.1313095092775 ], [ -98.588127136230497, 18.100780487060501 ], [ -98.542320251464801, 18.1040725708007 ], [ -98.504463195800696, 18.088060379028398 ], [ -98.473937988281193, 18.088592529296999 ], [ -98.494712829589801, 18.065250396728501 ], [ -98.568466186523395, 18.020179748535199 ] ] ] } },
{ "type": "Feature", "properties": { "NAME_1": "Puebla", "NAME_2": "Ixcaquixtla" }, "geometry": { "type": "Polygon", "coordinates": [ [ [ -97.753517150878807, 18.4705600738525 ], [ -97.754302978515497, 18.529361724853501 ], [ -97.738746643066307, 18.5765895843506 ], [ -97.697425842285199, 18.591051101684499 ], [ -97.630126953124901, 18.567449569702301 ], [ -97.612075805664006, 18.532039642333999 ], [ -97.634757995605497, 18.504289627075199 ], [ -97.654747009277301, 18.496210098266701 ], [ -97.681846618652301, 18.497991561889702 ], [ -97.753517150878807, 18.4705600738525 ] ] ] } },
{ "type": "Feature", "properties": { "NAME_1": "Puebla", "NAME_2": "Ixtacamaxtitlán" }, "geometry": { "type": "Polygon", "coordinates": [ [ [ -97.626838684082003, 19.567930221557599 ], [ -97.671226501464801, 19.560802459716701 ], [ -97.691307067871094, 19.536260604858398 ], [ -97.713142395019503, 19.539262771606399 ], [ -97.736427307128906, 19.522529602050898 ], [ -97.790466308593807, 19.526220321655298 ], [ -97.795501708984304, 19.540010452270501 ], [ -97.778350830078097, 19.583280563354499 ], [ -97.877410888671804, 19.6674900054932 ], [ -97.863311767578097, 19.692108154296999 ], [ -97.847190856933494, 19.703178405761701 ], [ -97.636466979980497, 19.722272872924801 ], [ -97.612129211425795, 19.648048400878999 ], [ -97.591880798339801, 19.649990081787202 ], [ -97.582832336425696, 19.638900756835898 ], [ -97.583976745605398, 19.6007003784181 ], [ -97.626838684082003, 19.567930221557599 ] ] ] } },
{ "type": "Feature", "properties": { "NAME_1": "Puebla", "NAME_2": "Ixtepec" }, "geometry": { "type": "Polygon", "coordinates": [ [ [ -97.573287963867102, 20.069780349731602 ], [ -97.561271667480398, 20.069400787353601 ], [ -97.564132690429602, 20.042539596557699 ], [ -97.615829467773295, 20.022449493408299 ], [ -97.644226074218693, 20.030639648437599 ], [ -97.573287963867102, 20.069780349731602 ] ] ] } },
{ "type": "Feature", "properties": { "NAME_1": "Puebla", "NAME_2": "Izúcar de Matamoros" }, "geometry": { "type": "Polygon", "coordinates": [ [ [ -98.393913269042898, 18.564630508422901 ], [ -98.375160217285199, 18.5830802917482 ], [ -98.3765869140625, 18.593019485473601 ], [ -98.435340881347699, 18.6173305511475 ], [ -98.410140991210895, 18.649061203003001 ], [ -98.399612426757798, 18.713621139526399 ], [ -98.364936828613196, 18.7074298858643 ], [ -98.350738525390597, 18.6856918334962 ], [ -98.348587036132798, 18.661710739135899 ], [ -98.302978515625, 18.6214904785157 ], [ -98.235153198242202, 18.628299713134702 ], [ -98.187767028808594, 18.622510910034201 ], [ -98.163803100585895, 18.598430633545 ], [ -98.176651000976506, 18.571050643921001 ], [ -98.234428405761705, 18.545650482177798 ], [ -98.244117736816406, 18.514480590820401 ], [ -98.305267333984403, 18.453029632568398 ], [ -98.299018859863196, 18.416490554809702 ], [ -98.318717956542997, 18.358350753784201 ], [ -98.332839965820298, 18.3749904632569 ], [ -98.333023071289105, 18.3960075378418 ], [ -98.341346740722699, 18.403329849243299 ], [ -98.407180786132798, 18.425910949707099 ], [ -98.390373229980398, 18.448829650878999 ], [ -98.400886535644503, 18.467420578002901 ], [ -98.398857116699205, 18.482160568237401 ], [ -98.410377502441406, 18.494388580322401 ], [ -98.400978088378807, 18.5106315612793 ], [ -98.393913269042898, 18.564630508422901 ] ] ] } },
{ "type": "Feature", "properties": { "NAME_1": "Puebla", "NAME_2": "Jolalpan" }, "geometry": { "type": "Polygon", "coordinates": [ [ [ -98.972557067871094, 18.347391128540099 ], [ -98.868362426757798, 18.4137897491456 ], [ -98.836982727050696, 18.457540512085 ], [ -98.802520751953097, 18.476011276245099 ], [ -98.734382629394503, 18.3660812377931 ], [ -98.728729248046903, 18.2867317199707 ], [ -98.782196044921903, 18.236789703369102 ], [ -98.811126708984403, 18.222499847412202 ], [ -98.812438964843807, 18.199710845947202 ], [ -98.835098266601506, 18.184520721435501 ], [ -98.858161926269503, 18.2252712249757 ], [ -98.920097351074205, 18.255670547485401 ], [ -98.971267700195298, 18.294450759887798 ], [ -98.977111816406193, 18.321559906006001 ], [ -98.972557067871094, 18.347391128540099 ] ] ] } },
{ "type": "Feature", "properties": { "NAME_1": "Puebla", "NAME_2": "Jonotla" }, "geometry": { "type": "Polygon", "coordinates": [ [ [ -97.477432250976506, 20.061700820922901 ], [ -97.524246215820298, 20.064641952514599 ], [ -97.517143249511705, 20.093650817871101 ], [ -97.444007873535199, 20.101610183715898 ], [ -97.443168640136705, 20.084039688110401 ], [ -97.477432250976506, 20.061700820922901 ] ] ] } },
{ "type": "Feature", "properties": { "NAME_1": "Puebla", "NAME_2": "Jopala" }, "geometry": { "type": "Polygon", "coordinates": [ [ [ -97.648597717285199, 20.1968727111818 ], [ -97.653633117675795, 20.176509857177699 ], [ -97.6761474609375, 20.151670455932699 ], [ -97.671241760253906, 20.1233806610107 ], [ -97.683708190917898, 20.116910934448299 ], [ -97.710220336914006, 20.157800674438501 ], [ -97.730667114257798, 20.173280715942401 ], [ -97.796546936035099, 20.2037582397462 ], [ -97.822029113769503, 20.2064609527588 ], [ -97.838226318359304, 20.226819992065501 ], [ -97.885353088378906, 20.230260848999102 ], [ -97.858619689941307, 20.242280960083001 ], [ -97.833816528320298, 20.271400451660199 ], [ -97.788909912109304, 20.277940750122099 ], [ -97.708786010742102, 20.3491497039794 ], [ -97.688049316406193, 20.217201232910298 ], [ -97.666122436523395, 20.1980419158937 ], [ -97.648597717285199, 20.1968727111818 ] ] ] } },
{ "type": "Feature", "properties": { "NAME_1": "Puebla", "NAME_2": "Juan C. Bonilla" }, "geometry": { "type": "Polygon", "coordinates": [ [ [ -98.290031433105497, 19.171819686889702 ], [ -98.263336181640597, 19.1727504730225 ], [ -98.236572265624901, 19.149509429931701 ], [ -98.229942321777301, 19.151210784912202 ], [ -98.215476989745994, 19.123012542724702 ], [ -98.301467895507798, 19.126169204711999 ], [ -98.306388854980497, 19.1297302246094 ], [ -98.290031433105497, 19.171819686889702 ] ] ] } },
{ "type": "Feature", "properties": { "NAME_1": "Puebla", "NAME_2": "Juan Galindo" }, "geometry": { "type": "Polygon", "coordinates": [ [ [ -97.939552307128906, 20.262590408325298 ], [ -97.891021728515597, 20.292310714721602 ], [ -97.869972229003807, 20.2725925445557 ], [ -97.843086242675696, 20.274909973144599 ], [ -97.837738037109304, 20.269290924072301 ], [ -97.858619689941307, 20.242280960083001 ], [ -97.885353088378906, 20.230260848999102 ], [ -97.917686462402301, 20.2306308746338 ], [ -97.948738098144503, 20.197870254516602 ], [ -97.952980041503906, 20.177448272705 ], [ -97.968711853027301, 20.174310684204201 ], [ -97.981666564941406, 20.187892913818501 ], [ -97.968658447265597, 20.234241485595799 ], [ -97.939552307128906, 20.262590408325298 ] ] ] } },
{ "type": "Feature", "properties": { "NAME_1": "Puebla", "NAME_2": "Juan N. Méndez" }, "geometry": { "type": "Polygon", "coordinates": [ [ [ -97.685951232910199, 18.589349746703999 ], [ -97.682708740234403, 18.6120109558106 ], [ -97.663879394531193, 18.619430541992099 ], [ -97.654289245605497, 18.645099639892599 ], [ -97.653266906738295, 18.660730361938501 ], [ -97.662506103515597, 18.671739578246999 ], [ -97.616439819335895, 18.6551628112794 ], [ -97.526496887207003, 18.673000335693398 ], [ -97.4842529296875, 18.662590026855501 ], [ -97.485710144042997, 18.593450546264599 ], [ -97.477439880370994, 18.586870193481399 ], [ -97.488403320312401, 18.552659988403398 ], [ -97.512756347656193, 18.544300079345799 ], [ -97.530639648437401, 18.515760421753001 ], [ -97.570770263671903, 18.498489379882901 ], [ -97.612007141113196, 18.4965095520019 ], [ -97.6063232421875, 18.520309448242202 ], [ -97.630126953124901, 18.567449569702301 ], [ -97.680107116699105, 18.581031799316499 ], [ -97.685951232910199, 18.589349746703999 ] ] ] } },
{ "type": "Feature", "properties": { "NAME_1": "Puebla", "NAME_2": "La Magdalena Tlatlauquitepec" }, "geometry": { "type": "Polygon", "coordinates": [ [ [ -98.022766113281193, 18.7689628601075 ], [ -98.029342651367102, 18.791530609131001 ], [ -98.020736694335895, 18.802770614624102 ], [ -97.959991455078097, 18.79976272583 ], [ -97.938491821289105, 18.7753410339357 ], [ -97.972076416015597, 18.763090133666999 ], [ -98.010803222656193, 18.762100219726499 ], [ -98.022766113281193, 18.7689628601075 ] ] ] } },
{ "type": "Feature", "properties": { "NAME_1": "Puebla", "NAME_2": "Lafragua" }, "geometry": { "type": "Polygon", "coordinates": [ [ [ -97.209182739257699, 19.268650054931602 ], [ -97.228446960449105, 19.273750305175799 ], [ -97.248580932617202, 19.296129226684599 ], [ -97.268287658691307, 19.278690338134901 ], [ -97.309989929199105, 19.2717800140381 ], [ -97.322280883789006, 19.279090881347699 ], [ -97.294090270996094, 19.316078186035199 ], [ -97.251235961914006, 19.3213901519775 ], [ -97.256507873535199, 19.385339736938501 ], [ -97.248519897460895, 19.404979705810501 ], [ -97.21044921875, 19.3944110870362 ], [ -97.213821411132798, 19.3731212615968 ], [ -97.190940856933494, 19.3436584472656 ], [ -97.200126647949105, 19.282041549682599 ], [ -97.209182739257699, 19.268650054931602 ] ] ] } },
{ "type": "Feature", "properties": { "NAME_1": "Puebla", "NAME_2": "Los Reyes de Juárez" }, "geometry": { "type": "Polygon", "coordinates": [ [ [ -97.678962707519403, 18.975112915039201 ], [ -97.751472473144503, 18.9887104034425 ], [ -97.748771667480398, 19.003040313720799 ], [ -97.720657348632798, 19.022142410278299 ], [ -97.709678649902301, 19.009540557861399 ], [ -97.656677246093807, 19.0229511260987 ], [ -97.678962707519403, 18.975112915039201 ] ] ] } },
{ "type": "Feature", "properties": { "NAME_1": "Puebla", "NAME_2": "Mazapiltepec de Juárez" }, "geometry": { "type": "Polygon", "coordinates": [ [ [ -97.570686340332003, 19.210639953613299 ], [ -97.570236206054602, 19.126640319824201 ], [ -97.611686706542997, 19.139739990234499 ], [ -97.624351501464801, 19.193010330200099 ], [ -97.658988952636705, 19.218629837036101 ], [ -97.643623352050795, 19.228519439697401 ], [ -97.643859863281193, 19.238742828369201 ], [ -97.634826660156193, 19.2381305694581 ], [ -97.570686340332003, 19.210639953613299 ] ] ] } },
{ "type": "Feature", "properties": { "NAME_1": "Puebla", "NAME_2": "Mixtla" }, "geometry": { "type": "Polygon", "coordinates": [ [ [ -97.755203247070298, 18.956220626831001 ], [ -97.7755126953125, 18.928789138794102 ], [ -97.7889404296875, 18.938850402832099 ], [ -97.803047180175795, 18.972520828246999 ], [ -97.781036376953097, 18.9854507446288 ], [ -97.751472473144503, 18.9887104034425 ], [ -97.762496948242102, 18.968181610107401 ], [ -97.755203247070298, 18.956220626831001 ] ] ] } },
{ "type": "Feature", "properties": { "NAME_1": "Puebla", "NAME_2": "Molcaxac" }, "geometry": { "type": "Polygon", "coordinates": [ [ [ -97.741127014160099, 18.776090621948299 ], [ -97.740707397460895, 18.750709533691399 ], [ -97.698455810546903, 18.7434406280519 ], [ -97.681266784667997, 18.687650680542099 ], [ -97.698890686035099, 18.674119949340898 ], [ -97.723075866699205, 18.674781799316399 ], [ -97.753402709960895, 18.660650253295898 ], [ -97.785881042480497, 18.670030593871999 ], [ -97.783576965332003, 18.7087898254394 ], [ -97.796607971191406, 18.778440475463999 ], [ -97.824737548828097, 18.76881980896 ], [ -97.831291198730497, 18.791410446167099 ], [ -97.827346801757798, 18.803699493408299 ], [ -97.787727355957003, 18.809820175171001 ], [ -97.774803161620994, 18.799528121948299 ], [ -97.770957946777301, 18.771471023559702 ], [ -97.741127014160099, 18.776090621948299 ] ] ] } },
{ "type": "Feature", "properties": { "NAME_1": "Puebla", "NAME_2": "Naupan" }, "geometry": { "type": "Polygon", "coordinates": [ [ [ -98.099586486816406, 20.1756706237794 ], [ -98.114311218261705, 20.2204494476318 ], [ -98.11083984375, 20.253150939941499 ], [ -98.085418701171804, 20.26522064209 ], [ -98.027816772460795, 20.330482482910298 ], [ -97.963348388671804, 20.339790344238299 ], [ -97.962997436523395, 20.3195400238038 ], [ -97.990921020507798, 20.263219833374102 ], [ -98.038490295410099, 20.2293281555175 ], [ -98.057891845703097, 20.184610366821399 ], [ -98.099586486816406, 20.1756706237794 ] ] ] } },
{ "type": "Feature", "properties": { "NAME_1": "Puebla", "NAME_2": "Nauzontla" }, "geometry": { "type": "Polygon", "coordinates": [ [ [ -97.561668395996094, 19.964860916137798 ], [ -97.530517578125, 20.0135211944581 ], [ -97.482902526855497, 20.032182693481499 ], [ -97.472381591796804, 20.021520614623999 ], [ -97.505622863769503, 19.973039627075298 ], [ -97.539619445800696, 19.9381198883057 ], [ -97.560310363769503, 19.9293899536132 ], [ -97.567161560058494, 19.934818267822401 ], [ -97.561668395996094, 19.964860916137798 ] ] ] } },
{ "type": "Feature", "properties": { "NAME_1": "Puebla", "NAME_2": "Nealtican" }, "geometry": { "type": "Polygon", "coordinates": [ [ [ -98.331726074218693, 19.1090602874756 ], [ -98.326629638671903, 19.046379089355501 ], [ -98.374839782714801, 19.051700592041101 ], [ -98.389831542968594, 19.0648498535156 ], [ -98.3826904296875, 19.077938079833999 ], [ -98.389060974120994, 19.1071681976319 ], [ -98.331726074218693, 19.1090602874756 ] ] ] } },
{ "type": "Feature", "properties": { "NAME_1": "Puebla", "NAME_2": "Nicolás Bravo" }, "geometry": { "type": "Polygon", "coordinates": [ [ [ -97.280693054199205, 18.549787521362301 ], [ -97.297676086425696, 18.600530624389599 ], [ -97.295356750488295, 18.624492645263601 ], [ -97.275787353515597, 18.630130767822301 ], [ -97.267440795898395, 18.644180297851701 ], [ -97.292709350585895, 18.660480499267699 ], [ -97.294929504394503, 18.675729751586999 ], [ -97.277603149414105, 18.69407081604 ], [ -97.255043029785099, 18.693290710449201 ], [ -97.240882873535199, 18.715621948242202 ], [ -97.210456848144503, 18.675119400024499 ], [ -97.159469604492102, 18.6591606140138 ], [ -97.166748046874901, 18.601030349731399 ], [ -97.157646179199205, 18.5720405578613 ], [ -97.182243347167997, 18.543420791626001 ], [ -97.187599182128807, 18.520301818847699 ], [ -97.226432800292898, 18.541460037231399 ], [ -97.280693054199205, 18.549787521362301 ] ] ] } },
{ "type": "Feature", "properties": { "NAME_1": "Puebla", "NAME_2": "Nopalucan" }, "geometry": { "type": "Polygon", "coordinates": [ [ [ -97.836997985839801, 19.210420608520501 ], [ -97.787590026855497, 19.2423496246338 ], [ -97.757575988769503, 19.305110931396499 ], [ -97.731269836425795, 19.3307094573975 ], [ -97.713508605957003, 19.321741104126101 ], [ -97.710266113281193, 19.301120758056701 ], [ -97.738327026367202, 19.258609771728601 ], [ -97.730026245117202, 19.25345993042 ], [ -97.697807312011705, 19.258739471435501 ], [ -97.658988952636705, 19.218629837036101 ], [ -97.695388793945298, 19.158821105956999 ], [ -97.740806579589801, 19.1509094238282 ], [ -97.738616943359403, 19.142980575561499 ], [ -97.842468261718807, 19.1603107452393 ], [ -97.836997985839801, 19.210420608520501 ] ] ] } },
{ "type": "Feature", "properties": { "NAME_1": "Puebla", "NAME_2": "Ocotepec" }, "geometry": { "type": "Polygon", "coordinates": [ [ [ -97.597328186035, 19.6514701843262 ], [ -97.569046020507798, 19.687639236450199 ], [ -97.553207397460895, 19.689540863037099 ], [ -97.531967163085895, 19.6769104003906 ], [ -97.539436340332003, 19.638679504394599 ], [ -97.578025817871094, 19.552770614624102 ], [ -97.605331420898395, 19.544418334961001 ], [ -97.626838684082003, 19.567930221557599 ], [ -97.583976745605398, 19.6007003784181 ], [ -97.583572387695298, 19.6420803070069 ], [ -97.597328186035, 19.6514701843262 ] ] ] } },
{ "type": "Feature", "properties": { "NAME_1": "Puebla", "NAME_2": "Ocoyucan" }, "geometry": { "type": "Polygon", "coordinates": [ [ [ -98.201683044433594, 19.0016784667969 ], [ -98.207069396972699, 18.965642929077202 ], [ -98.226310729980497, 18.9237995147706 ], [ -98.252555847167997, 18.9063110351562 ], [ -98.270530700683594, 18.915540695190501 ], [ -98.275627136230497, 18.9552097320557 ], [ -98.268226623535099, 18.9721412658693 ], [ -98.279258728027301, 18.987859725952301 ], [ -98.270858764648395, 19.018449783325298 ], [ -98.248725891113295, 19.032220840453999 ], [ -98.241371154785199, 19.020980834960898 ], [ -98.201683044433594, 19.0016784667969 ] ] ] } },
{ "type": "Feature", "properties": { "NAME_1": "Puebla", "NAME_2": "Olintla" }, "geometry": { "type": "Polygon", "coordinates": [ [ [ -97.650672912597699, 20.183410644531399 ], [ -97.648597717285199, 20.1968727111818 ], [ -97.586082458496094, 20.208459854126101 ], [ -97.569366455078097, 20.1902980804443 ], [ -97.560630798339801, 20.1656799316407 ], [ -97.577400207519503, 20.158380508422901 ], [ -97.607017517089801, 20.107458114624102 ], [ -97.647293090820298, 20.096870422363299 ], [ -97.646682739257798, 20.112140655517599 ], [ -97.630546569824205, 20.1243495941163 ], [ -97.630432128906193, 20.160659790039102 ], [ -97.650672912597699, 20.183410644531399 ] ] ] } },
{ "type": "Feature", "properties": { "NAME_1": "Puebla", "NAME_2": "Oriental" }, "geometry": { "type": "Polygon", "coordinates": [ [ [ -97.401672363281193, 19.378740310669102 ], [ -97.454559326171804, 19.3495597839356 ], [ -97.458923339843693, 19.335689544677798 ], [ -97.450225830078097, 19.3154907226563 ], [ -97.456298828125, 19.299789428710898 ], [ -97.513397216796804, 19.288192749023398 ], [ -97.522911071777301, 19.308139801025401 ], [ -97.566673278808594, 19.351301193237401 ], [ -97.552139282226605, 19.370439529418899 ], [ -97.546577453613196, 19.402540206909102 ], [ -97.602378845214801, 19.41974067688 ], [ -97.613838195800795, 19.446649551391701 ], [ -97.591072082519503, 19.465192794799901 ], [ -97.575019836425795, 19.499830245971701 ], [ -97.561859130859403, 19.499679565429702 ], [ -97.555000305175795, 19.482671737670898 ], [ -97.526939392089801, 19.4591903686525 ], [ -97.516937255859403, 19.460161209106499 ], [ -97.502342224120994, 19.4770412445069 ], [ -97.472869873046804, 19.4842205047607 ], [ -97.491836547851506, 19.457780838012699 ], [ -97.486686706542898, 19.430540084838999 ], [ -97.441940307617102, 19.404350280761701 ], [ -97.428413391113196, 19.385749816894599 ], [ -97.401672363281193, 19.378740310669102 ] ] ] } },
{ "type": "Feature", "properties": { "NAME_1": "Puebla", "NAME_2": "Pahuatlán" }, "geometry": { "type": "Polygon", "coordinates": [ [ [ -98.100532531738295, 20.354129791259801 ], [ -98.078636169433494, 20.3718795776368 ], [ -98.049377441406193, 20.415111541748001 ], [ -98.018218994140597, 20.43528175354 ], [ -98.019187927246094, 20.366319656372099 ], [ -98.012382507324205, 20.335849761962901 ], [ -98.039077758789105, 20.321460723876999 ], [ -98.085418701171804, 20.26522064209 ], [ -98.11083984375, 20.253150939941499 ], [ -98.117889404296903, 20.258501052856399 ], [ -98.099716186523395, 20.2995796203613 ], [ -98.100532531738295, 20.354129791259801 ] ] ] } },
{ "type": "Feature", "properties": { "NAME_1": "Puebla", "NAME_2": "Palmar de Bravo" }, "geometry": { "type": "Polygon", "coordinates": [ [ [ -97.409919738769503, 18.8201198577881 ], [ -97.448928833007798, 18.8478908538818 ], [ -97.508758544921903, 18.845138549804702 ], [ -97.517608642578097, 18.856002807617202 ], [ -97.528022766113295, 18.9085998535156 ], [ -97.477081298828097, 18.945720672607401 ], [ -97.438217163085895, 18.962070465088001 ], [ -97.422286987304702, 18.955469131469801 ], [ -97.400833129882798, 18.9651908874512 ], [ -97.356216430664006, 18.941890716552699 ], [ -97.359840393066307, 18.901239395141602 ], [ -97.317512512207003, 18.8867301940919 ], [ -97.302886962890597, 18.8648395538331 ], [ -97.334648132324205, 18.8656902313232 ], [ -97.338867187499901, 18.839820861816499 ], [ -97.357002258300696, 18.813791275024499 ], [ -97.358360290527301, 18.7924499511719 ], [ -97.409919738769503, 18.8201198577881 ] ] ] } },
{ "type": "Feature", "properties": { "NAME_1": "Puebla", "NAME_2": "Pantepec" }, "geometry": { "type": "Polygon", "coordinates": [ [ [ -97.899040222167898, 20.519029617309599 ], [ -97.933792114257798, 20.517240524291999 ], [ -97.940422058105497, 20.612352371215898 ], [ -97.917266845703097, 20.708959579467798 ], [ -97.875572204589801, 20.742679595947301 ], [ -97.870056152343693, 20.757961273193398 ], [ -97.821372985839801, 20.682010650634801 ], [ -97.811286926269503, 20.699930191040099 ], [ -97.784286499023395, 20.701330184936602 ], [ -97.753402709960895, 20.678979873657301 ], [ -97.726448059082003, 20.673549652099599 ], [ -97.70654296875, 20.651430130004901 ], [ -97.719818115234403, 20.623319625854499 ], [ -97.717689514160199, 20.592479705810501 ], [ -97.746887207031193, 20.595291137695298 ], [ -97.832580566406193, 20.559511184692401 ], [ -97.862815856933494, 20.5106105804444 ], [ -97.899040222167898, 20.519029617309599 ] ] ] } },
{ "type": "Feature", "properties": { "NAME_1": "Puebla", "NAME_2": "Petlalcingo" }, "geometry": { "type": "Polygon", "coordinates": [ [ [ -97.735397338867102, 18.1438808441162 ], [ -97.766532897949205, 18.083469390869201 ], [ -97.851921081542997, 18.0776805877687 ], [ -97.873031616210895, 18.118209838867202 ], [ -97.855171203613196, 18.175502777099599 ], [ -97.798843383789105, 18.192440032959102 ], [ -97.761436462402301, 18.1879196166993 ], [ -97.740386962890597, 18.1974105834962 ], [ -97.727348327636705, 18.184131622314499 ], [ -97.741645812988295, 18.155458450317401 ], [ -97.735397338867102, 18.1438808441162 ] ] ] } },
{ "type": "Feature", "properties": { "NAME_1": "Puebla", "NAME_2": "Piaxtla" }, "geometry": { "type": "Polygon", "coordinates": [ [ [ -98.139778137206903, 18.056840896606399 ], [ -98.159393310546804, 18.031251907348601 ], [ -98.181411743164105, 18.044862747192401 ], [ -98.251907348632798, 18.034690856933601 ], [ -98.212242126464801, 18.066001892089901 ], [ -98.192390441894503, 18.117940902709901 ], [ -98.203781127929702, 18.151809692382798 ], [ -98.238983154296903, 18.129127502441499 ], [ -98.265747070312401, 18.130710601806602 ], [ -98.250129699707003, 18.166610717773601 ], [ -98.256408691406193, 18.1926803588868 ], [ -98.2384033203125, 18.2142028808594 ], [ -98.148139953613196, 18.254270553588999 ], [ -98.149803161621094, 18.209770202636701 ], [ -98.172256469726605, 18.1776008605956 ], [ -98.135826110839801, 18.144109725952099 ], [ -98.147453308105497, 18.1261100769043 ], [ -98.153495788574205, 18.086561203003001 ], [ -98.139778137206903, 18.056840896606399 ] ] ] } },
{ "type": "Feature", "properties": { "NAME_1": "Puebla", "NAME_2": "Puebla" }, "geometry": { "type": "Polygon", "coordinates": [ [ [ -97.987632751464801, 18.937778472900401 ], [ -98.037696838378906, 18.887609481811499 ], [ -98.091667175292997, 18.8702507019044 ], [ -98.1546630859375, 18.898340225219702 ], [ -98.192230224609304, 18.891620635986399 ], [ -98.222602844238295, 18.932001113891701 ], [ -98.197418212890597, 19.0123596191406 ], [ -98.180221557617202, 19.0235404968262 ], [ -98.183586120605497, 19.078720092773398 ], [ -98.132957458496094, 19.1498203277588 ], [ -98.099212646484304, 19.136711120605501 ], [ -98.071533203125, 19.142759323120099 ], [ -97.9486083984375, 19.2446098327637 ], [ -97.931503295898395, 19.2476711273193 ], [ -97.899566650390597, 19.226789474487401 ], [ -97.905563354492202, 19.2027702331544 ], [ -97.928092956542997, 19.187721252441499 ], [ -97.946937561035099, 19.1854476928712 ], [ -97.984176635742202, 19.1527004241943 ], [ -97.985893249511705, 19.140409469604599 ], [ -98.005020141601506, 19.125841140747202 ], [ -98.029800415039006, 19.0807399749757 ], [ -98.027893066406193, 19.045780181884901 ], [ -97.976570129394503, 18.958360671997202 ], [ -97.977081298827997, 18.946100234985401 ], [ -97.987632751464801, 18.937778472900401 ] ] ] } },
{ "type": "Feature", "properties": { "NAME_1": "Puebla", "NAME_2": "Quecholac" }, "geometry": { "type": "Polygon", "coordinates": [ [ [ -97.649230957031193, 18.943380355835099 ], [ -97.678962707519403, 18.975112915039201 ], [ -97.656677246093807, 19.0229511260987 ], [ -97.601325988769503, 19.002290725708001 ], [ -97.509323120117202, 19.011461257934599 ], [ -97.490776062011705, 19.001529693603601 ], [ -97.443283081054602, 19.00226020813 ], [ -97.441352844238295, 18.958440780639702 ], [ -97.477081298828097, 18.945720672607401 ], [ -97.528022766113295, 18.9085998535156 ], [ -97.586051940917898, 18.9345703125 ], [ -97.649230957031193, 18.943380355835099 ] ] ] } },
{ "type": "Feature", "properties": { "NAME_1": "Puebla", "NAME_2": "Quimixtlán" }, "geometry": { "type": "Polygon", "coordinates": [ [ [ -96.965591430664006, 19.303329467773501 ], [ -96.962287902832003, 19.232080459594801 ], [ -96.978309631347699, 19.2252197265625 ], [ -96.996421813964702, 19.249050140380898 ], [ -97.033042907714702, 19.256259918212901 ], [ -97.062492370605398, 19.2739696502687 ], [ -97.075736999511705, 19.342109680175898 ], [ -97.071189880370994, 19.357772827148398 ], [ -96.991119384765597, 19.3273410797119 ], [ -96.965591430664006, 19.303329467773501 ] ] ] } },
{ "type": "Feature", "properties": { "NAME_1": "Puebla", "NAME_2": "Rafael Lara Grajales" }, "geometry": { "type": "Polygon", "coordinates": [ [ [ -97.713432312011705, 19.290870666503899 ], [ -97.652893066406193, 19.248430252075298 ], [ -97.643623352050795, 19.228519439697401 ], [ -97.658988952636705, 19.218629837036101 ], [ -97.697807312011705, 19.258739471435501 ], [ -97.735160827636705, 19.255010604858501 ], [ -97.735649108886705, 19.268400192260899 ], [ -97.713432312011705, 19.290870666503899 ] ] ] } },
{ "type": "Feature", "properties": { "NAME_1": "Puebla", "NAME_2": "San Andrés Cholula" }, "geometry": { "type": "Polygon", "coordinates": [ [ [ -98.201683044433594, 19.0016784667969 ], [ -98.247985839843693, 19.028139114379901 ], [ -98.240341186523395, 19.063949584961001 ], [ -98.219459533691406, 19.062700271606602 ], [ -98.205200195312401, 19.0724697113038 ], [ -98.182373046874901, 19.0682792663575 ], [ -98.180221557617202, 19.0235404968262 ], [ -98.194969177245994, 19.0158100128175 ], [ -98.201683044433594, 19.0016784667969 ] ] ] } },
{ "type": "Feature", "properties": { "NAME_1": "Puebla", "NAME_2": "San Antonio Cañada" }, "geometry": { "type": "Polygon", "coordinates": [ [ [ -97.206268310546903, 18.448980331421001 ], [ -97.203346252441307, 18.4881801605225 ], [ -97.186965942382699, 18.513940811157301 ], [ -97.184150695800795, 18.53959274292 ], [ -97.157646179199205, 18.5720405578613 ], [ -97.117866516113295, 18.491992950439499 ], [ -97.100212097167997, 18.4763908386231 ], [ -97.130531311035199, 18.46169090271 ], [ -97.173110961914006, 18.465930938720799 ], [ -97.206268310546903, 18.448980331421001 ] ] ] } },
{ "type": "Feature", "properties": { "NAME_1": "Puebla", "NAME_2": "San Diego la Mesa Tochimiltzingo" }, "geometry": { "type": "Polygon", "coordinates": [ [ [ -98.147056579589801, 18.895959854126001 ], [ -98.153793334960895, 18.8436603546143 ], [ -98.171775817871094, 18.817512512207099 ], [ -98.188728332519503, 18.810199737548899 ], [ -98.19873046875, 18.738599777221602 ], [ -98.231666564941406, 18.726490020752099 ], [ -98.308776855468807, 18.7428798675538 ], [ -98.295417785644403, 18.778039932251001 ], [ -98.293838500976605, 18.8184509277344 ], [ -98.250679016113196, 18.894529342651399 ], [ -98.252555847167997, 18.9063110351562 ], [ -98.221290588378807, 18.931350708007901 ], [ -98.192230224609304, 18.891620635986399 ], [ -98.147056579589801, 18.895959854126001 ] ] ] } },
{ "type": "Feature", "properties": { "NAME_1": "Puebla", "NAME_2": "San Felipe Teotlalcingo" }, "geometry": { "type": "Polygon", "coordinates": [ [ [ -98.460906982421903, 19.2099227905275 ], [ -98.503280639648395, 19.217359542846701 ], [ -98.501808166503906, 19.245180130004901 ], [ -98.476432800292997, 19.269109725952202 ], [ -98.416816711425696, 19.278802871704201 ], [ -98.403030395507798, 19.288610458374102 ], [ -98.372268676757798, 19.2581501007081 ], [ -98.380867004394403, 19.237730026245199 ], [ -98.4237060546875, 19.2499809265137 ], [ -98.444892883300795, 19.245050430298001 ], [ -98.460906982421903, 19.2099227905275 ] ] ] } },
{ "type": "Feature", "properties": { "NAME_1": "Puebla", "NAME_2": "San Felipe Tepatlán" }, "geometry": { "type": "Polygon", "coordinates": [ [ [ -97.758682250976506, 20.104160308838001 ], [ -97.7784423828125, 20.1172409057618 ], [ -97.786140441894503, 20.132400512695298 ], [ -97.749847412109403, 20.181409835815501 ], [ -97.713470458984304, 20.161390304565501 ], [ -97.683708190917898, 20.116910934448299 ], [ -97.664886474609403, 20.125698089599702 ], [ -97.646682739257798, 20.112140655517599 ], [ -97.647293090820298, 20.096870422363299 ], [ -97.706916809082003, 20.098939895629901 ], [ -97.728492736816406, 20.1079006195068 ], [ -97.758682250976506, 20.104160308838001 ] ] ] } },
{ "type": "Feature", "properties": { "NAME_1": "Puebla", "NAME_2": "San Gabriel Chilac" }, "geometry": { "type": "Polygon", "coordinates": [ [ [ -97.226936340332003, 18.3348712921144 ], [ -97.233451843261705, 18.3147506713868 ], [ -97.269737243652301, 18.295539855957099 ], [ -97.294891357421804, 18.2693996429443 ], [ -97.309547424316406, 18.294750213623001 ], [ -97.333160400390497, 18.439622879028299 ], [ -97.320426940917997, 18.4411315917969 ], [ -97.299850463867102, 18.4215698242188 ], [ -97.250617980957003, 18.396610260009801 ], [ -97.226936340332003, 18.3348712921144 ] ] ] } },
{ "type": "Feature", "properties": { "NAME_1": "Puebla", "NAME_2": "San Gregorio Atzompa" }, "geometry": { "type": "Polygon", "coordinates": [ [ [ -98.270858764648395, 19.018449783325298 ], [ -98.283111572265597, 19.045749664306701 ], [ -98.279632568359403, 19.074230194091701 ], [ -98.240341186523395, 19.063949584961001 ], [ -98.248725891113295, 19.032220840453999 ], [ -98.270858764648395, 19.018449783325298 ] ] ] } },
{ "type": "Feature", "properties": { "NAME_1": "Puebla", "NAME_2": "San Jerónimo Tecuanipan" }, "geometry": { "type": "Polygon", "coordinates": [ [ [ -98.281402587890597, 19.0360107421875 ], [ -98.314613342285199, 19.025899887085 ], [ -98.325416564941406, 19.0318603515625 ], [ -98.331726074218693, 19.1090602874756 ], [ -98.284278869628906, 19.102340698242301 ], [ -98.290199279785199, 19.078599929809599 ], [ -98.279632568359403, 19.074230194091701 ], [ -98.281402587890597, 19.0360107421875 ] ] ] } },
{ "type": "Feature", "properties": { "NAME_1": "Puebla", "NAME_2": "San Jerónimo Xayacatlán" }, "geometry": { "type": "Polygon", "coordinates": [ [ [ -97.814559936523395, 18.298109054565501 ], [ -97.844779968261705, 18.2640895843506 ], [ -97.889747619628906, 18.276821136474599 ], [ -97.888397216796903, 18.307998657226602 ], [ -97.852790832519503, 18.341220855713001 ], [ -97.828666687011705, 18.379030227661101 ], [ -97.806846618652301, 18.3926315307618 ], [ -97.797302246093693, 18.332420349121101 ], [ -97.814559936523395, 18.298109054565501 ] ] ] } },
{ "type": "Feature", "properties": { "NAME_1": "Puebla", "NAME_2": "San José Chiapa" }, "geometry": { "type": "Polygon", "coordinates": [ [ [ -97.713432312011705, 19.290870666503899 ], [ -97.713508605957003, 19.321741104126101 ], [ -97.690040588378906, 19.319160461425799 ], [ -97.640647888183594, 19.337400436401399 ], [ -97.590881347656193, 19.337890625000099 ], [ -97.566673278808594, 19.351301193237401 ], [ -97.522911071777301, 19.308139801025401 ], [ -97.513397216796804, 19.288192749023398 ], [ -97.570686340332003, 19.210639953613299 ], [ -97.643859863281193, 19.238742828369201 ], [ -97.713432312011705, 19.290870666503899 ] ] ] } },
{ "type": "Feature", "properties": { "NAME_1": "Puebla", "NAME_2": "San José Miahuatlán" }, "geometry": { "type": "Polygon", "coordinates": [ [ [ -97.107856750488295, 18.170209884643501 ], [ -97.143630981445298, 18.176851272583001 ], [ -97.197662353515597, 18.1656303405762 ], [ -97.246917724609304, 18.1279010772706 ], [ -97.287200927734403, 18.199720382690501 ], [ -97.302070617675696, 18.255897521972599 ], [ -97.272346496582003, 18.2931518554688 ], [ -97.233451843261705, 18.3147506713868 ], [ -97.226936340332003, 18.3348712921144 ], [ -97.208801269531094, 18.346271514892599 ], [ -97.145057678222699, 18.3130397796632 ], [ -97.127372741699205, 18.295190811157301 ], [ -97.125701904296804, 18.2618618011475 ], [ -97.075569152832003, 18.238281250000099 ], [ -97.042510986328097, 18.155981063842798 ], [ -97.107856750488295, 18.170209884643501 ] ] ] } },
{ "type": "Feature", "properties": { "NAME_1": "Puebla", "NAME_2": "San Juan Atenco" }, "geometry": { "type": "Polygon", "coordinates": [ [ [ -97.443283081054602, 19.00226020813 ], [ -97.498741149902301, 19.003099441528299 ], [ -97.513648986816406, 19.022560119628999 ], [ -97.510147094726506, 19.0713806152344 ], [ -97.490798950195298, 19.074171066284201 ], [ -97.497749328613196, 19.096399307251001 ], [ -97.480216979980398, 19.1498126983643 ], [ -97.466827392578097, 19.160070419311602 ], [ -97.402313232421903, 19.075599670410199 ], [ -97.441986083984403, 19.020200729370199 ], [ -97.443283081054602, 19.00226020813 ] ] ] } },
{ "type": "Feature", "properties": { "NAME_1": "Puebla", "NAME_2": "San Juan Atzompa" }, "geometry": { "type": "Polygon", "coordinates": [ [ [ -97.959991455078097, 18.79976272583 ], [ -97.932296752929702, 18.805799484252901 ], [ -97.925186157226506, 18.815870285034201 ], [ -97.877487182617102, 18.802869796752901 ], [ -97.919929504394503, 18.7617492675781 ], [ -97.959991455078097, 18.79976272583 ] ] ] } },
{ "type": "Feature", "properties": { "NAME_1": "Puebla", "NAME_2": "San Martín Texmelucan" }, "geometry": { "type": "Polygon", "coordinates": [ [ [ -98.3248291015625, 19.295419692993299 ], [ -98.310729980468807, 19.267089843750099 ], [ -98.329696655273395, 19.257940292358501 ], [ -98.353073120117202, 19.274410247802798 ], [ -98.372268676757798, 19.2581501007081 ], [ -98.403030395507798, 19.288610458374102 ], [ -98.408462524414105, 19.317911148071399 ], [ -98.391731262207003, 19.322071075439499 ], [ -98.360755920410199, 19.350379943847699 ], [ -98.341156005859403, 19.332389831542901 ], [ -98.3248291015625, 19.295419692993299 ] ] ] } },
{ "type": "Feature", "properties": { "NAME_1": "Puebla", "NAME_2": "San Martín Totoltepec" }, "geometry": { "type": "Polygon", "coordinates": [ [ [ -98.2994384765625, 18.741899490356602 ], [ -98.283538818359403, 18.7170104980469 ], [ -98.297348022460895, 18.6979503631593 ], [ -98.323112487792997, 18.714969635009801 ], [ -98.314682006835795, 18.7405109405518 ], [ -98.2994384765625, 18.741899490356602 ] ] ] } },
{ "type": "Feature", "properties": { "NAME_1": "Puebla", "NAME_2": "San Matías Tlalancaleca" }, "geometry": { "type": "Polygon", "coordinates": [ [ [ -98.408462524414105, 19.317911148071399 ], [ -98.428901672363196, 19.312770843505898 ], [ -98.457733154296804, 19.325912475585898 ], [ -98.402252197265597, 19.385051727295 ], [ -98.360755920410199, 19.350379943847699 ], [ -98.391731262207003, 19.322071075439499 ], [ -98.408462524414105, 19.317911148071399 ] ] ] } },
{ "type": "Feature", "properties": { "NAME_1": "Puebla", "NAME_2": "San Miguel Ixitlán" }, "geometry": { "type": "Polygon", "coordinates": [ [ [ -97.763359069824205, 18.084409713745099 ], [ -97.762557983398395, 18.099300384521499 ], [ -97.735397338867102, 18.1438808441162 ], [ -97.704406738281193, 18.110572814941399 ], [ -97.638648986816406, 18.071718215942401 ], [ -97.626876831054602, 18.047481536865298 ], [ -97.671302795410099, 18.0088195800782 ], [ -97.763359069824205, 18.084409713745099 ] ] ] } },
{ "type": "Feature", "properties": { "NAME_1": "Puebla", "NAME_2": "San Miguel Xoxtla" }, "geometry": { "type": "Polygon", "coordinates": [ [ [ -98.229942321777301, 19.151210784912202 ], [ -98.266532897949205, 19.173610687255799 ], [ -98.237770080566406, 19.201450347900298 ], [ -98.211517333984403, 19.187570571899499 ], [ -98.216178894042997, 19.163030624389599 ], [ -98.229942321777301, 19.151210784912202 ] ] ] } },
{ "type": "Feature", "properties": { "NAME_1": "Puebla", "NAME_2": "San Nicolás Buenos Aires" }, "geometry": { "type": "Polygon", "coordinates": [ [ [ -97.466827392578097, 19.160070419311602 ], [ -97.480407714843594, 19.181840896606499 ], [ -97.481536865234304, 19.2272624969482 ], [ -97.463836669921903, 19.253431320190401 ], [ -97.458946228027301, 19.298200607299702 ], [ -97.451202392578097, 19.307529449462901 ], [ -97.456748962402301, 19.346139907836999 ], [ -97.401672363281193, 19.378740310669102 ], [ -97.363578796386705, 19.368740081787099 ], [ -97.355010986328097, 19.358961105346701 ], [ -97.353096008300696, 19.3019008636475 ], [ -97.339492797851605, 19.2582206726075 ], [ -97.355026245117202, 19.243471145629901 ], [ -97.359146118164105, 19.226659774780401 ], [ -97.378448486328097, 19.228279113769499 ], [ -97.384506225585895, 19.206239700317401 ], [ -97.398635864257798, 19.1969318389893 ], [ -97.393287658691406, 19.164882659912099 ], [ -97.466827392578097, 19.160070419311602 ] ] ] } },
{ "type": "Feature", "properties": { "NAME_1": "Puebla", "NAME_2": "San Nicolás de los Ranchos" }, "geometry": { "type": "Polygon", "coordinates": [ [ [ -98.548156738281193, 19.10013961792 ], [ -98.551132202148395, 19.187099456787202 ], [ -98.521766662597699, 19.188550949096701 ], [ -98.502609252929702, 19.185308456420898 ], [ -98.437301635742102, 19.127929687499901 ], [ -98.398399353027301, 19.115419387817401 ], [ -98.387092590332003, 19.102880477905401 ], [ -98.3826904296875, 19.077938079833999 ], [ -98.389831542968594, 19.0648498535156 ], [ -98.442787170410199, 19.039579391479499 ], [ -98.472335815429702, 19.0531406402588 ], [ -98.517677307128906, 19.036161422729499 ], [ -98.543823242187401, 19.040969848632798 ], [ -98.548156738281193, 19.10013961792 ] ] ] } },
{ "type": "Feature", "properties": { "NAME_1": "Puebla", "NAME_2": "San Pablo Anicano" }, "geometry": { "type": "Polygon", "coordinates": [ [ [ -97.978347778320298, 18.166130065918001 ], [ -98.007011413574205, 18.170230865478601 ], [ -98.038719177246094, 18.146972656249901 ], [ -98.041107177734403, 18.1586608886719 ], [ -98.061462402343693, 18.160839080810501 ], [ -98.063346862792997, 18.175470352172901 ], [ -98.029327392578097, 18.2240505218506 ], [ -98.015953063964801, 18.260599136352599 ], [ -97.976997375488295, 18.195938110351602 ], [ -97.978347778320298, 18.166130065918001 ] ] ] } },
{ "type": "Feature", "properties": { "NAME_1": "Puebla", "NAME_2": "San Pedro Cholula" }, "geometry": { "type": "Polygon", "coordinates": [ [ [ -98.182373046874901, 19.0682792663575 ], [ -98.205200195312401, 19.0724697113038 ], [ -98.234436035156193, 19.062231063842901 ], [ -98.284797668457003, 19.0759601593018 ], [ -98.290435791015597, 19.085189819336101 ], [ -98.284278869628906, 19.102340698242301 ], [ -98.310333251953097, 19.1062412261963 ], [ -98.312782287597699, 19.116880416870099 ], [ -98.306388854980497, 19.1297302246094 ], [ -98.281562805175696, 19.120590209961001 ], [ -98.215476989745994, 19.123012542724702 ], [ -98.205657958984304, 19.109291076660199 ], [ -98.169090270996094, 19.0978107452394 ], [ -98.183586120605497, 19.078720092773398 ], [ -98.182373046874901, 19.0682792663575 ] ] ] } },
{ "type": "Feature", "properties": { "NAME_1": "Puebla", "NAME_2": "San Pedro Yeloixtlahuaca" }, "geometry": { "type": "Polygon", "coordinates": [ [ [ -97.851936340332003, 18.051929473876999 ], [ -97.910179138183594, 18.030429840087901 ], [ -98.035377502441406, 18.027849197387699 ], [ -98.044136047363295, 18.080371856689499 ], [ -98.061882019042997, 18.119779586791999 ], [ -98.010200500488295, 18.169050216674702 ], [ -97.978347778320298, 18.166130065918001 ], [ -97.939552307128906, 18.132179260253999 ], [ -97.941108703613196, 18.1114101409913 ], [ -97.873031616210895, 18.118209838867202 ], [ -97.853363037109304, 18.0830802917481 ], [ -97.851936340332003, 18.051929473876999 ] ] ] } },
{ "type": "Feature", "properties": { "NAME_1": "Puebla", "NAME_2": "San Salvador el Seco" }, "geometry": { "type": "Polygon", "coordinates": [ [ [ -97.580001831054702, 19.098659515380898 ], [ -97.566818237304702, 19.1366500854493 ], [ -97.570686340332003, 19.210639953613299 ], [ -97.513397216796804, 19.288192749023398 ], [ -97.458946228027301, 19.298200607299702 ], [ -97.463836669921903, 19.253431320190401 ], [ -97.481536865234304, 19.2272624969482 ], [ -97.480407714843594, 19.181840896606499 ], [ -97.466827392578097, 19.160070419311602 ], [ -97.480216979980398, 19.1498126983643 ], [ -97.497749328613196, 19.096399307251001 ], [ -97.490798950195298, 19.074171066284201 ], [ -97.501922607421903, 19.0718708038331 ], [ -97.552696228027202, 19.090440750122099 ], [ -97.569770812988295, 19.087829589843899 ], [ -97.580001831054702, 19.098659515380898 ] ] ] } },
{ "type": "Feature", "properties": { "NAME_1": "Puebla", "NAME_2": "San Salvador el Verde" }, "geometry": { "type": "Polygon", "coordinates": [ [ [ -98.503280639648395, 19.217359542846701 ], [ -98.523986816406193, 19.203540802002099 ], [ -98.552719116210795, 19.203800201416001 ], [ -98.560417175292898, 19.242450714111399 ], [ -98.580818176269503, 19.286270141601602 ], [ -98.533752441406193, 19.283460617065501 ], [ -98.457733154296804, 19.325912475585898 ], [ -98.428901672363196, 19.312770843505898 ], [ -98.408462524414105, 19.317911148071399 ], [ -98.403778076171903, 19.2835807800294 ], [ -98.476432800292997, 19.269109725952202 ], [ -98.501808166503906, 19.245180130004901 ], [ -98.503280639648395, 19.217359542846701 ] ] ] } },
{ "type": "Feature", "properties": { "NAME_1": "Puebla", "NAME_2": "San Salvador Huixcolotla" }, "geometry": { "type": "Polygon", "coordinates": [ [ [ -97.649230957031193, 18.943380355835099 ], [ -97.658042907714801, 18.931730270385799 ], [ -97.671211242675696, 18.930030822753999 ], [ -97.691207885742202, 18.943910598754801 ], [ -97.685798645019503, 18.973230361938601 ], [ -97.659942626953097, 18.960300445556701 ], [ -97.649230957031193, 18.943380355835099 ] ] ] } },
{ "type": "Feature", "properties": { "NAME_1": "Puebla", "NAME_2": "San Sebastián Tlacotepec" }, "geometry": { "type": "Polygon", "coordinates": [ [ [ -96.907646179199205, 18.2121906280518 ], [ -96.881286621093693, 18.252780914306602 ], [ -96.842720031738295, 18.2628707885743 ], [ -96.773292541503906, 18.321250915527401 ], [ -96.794692993164006, 18.3809299468994 ], [ -96.791976928710895, 18.428600311279201 ], [ -96.766853332519503, 18.449529647827202 ], [ -96.750602722167997, 18.5028190612793 ], [ -96.735809326171903, 18.518529891967798 ], [ -96.722572326660199, 18.512029647827099 ], [ -96.649726867675696, 18.441959381103501 ], [ -96.648506164550696, 18.429378509521499 ], [ -96.681037902831903, 18.397439956665199 ], [ -96.699707031249901, 18.351970672607401 ], [ -96.731040954589801, 18.318910598754901 ], [ -96.757987976074205, 18.2658405303956 ], [ -96.789176940917898, 18.261529922485401 ], [ -96.800392150878906, 18.267650604248001 ], [ -96.853157043457003, 18.246498107910298 ], [ -96.907646179199205, 18.2121906280518 ] ] ] } },
{ "type": "Feature", "properties": { "NAME_1": "Puebla", "NAME_2": "Santa Catarina Tlaltempan" }, "geometry": { "type": "Polygon", "coordinates": [ [ [ -97.897140502929602, 18.6834106445313 ], [ -97.900596618652202, 18.6713600158693 ], [ -97.928070068359403, 18.651741027832099 ], [ -97.946937561035099, 18.645370483398398 ], [ -97.958183288574205, 18.651561737060501 ], [ -97.961059570312401, 18.6768894195556 ], [ -97.948036193847699, 18.689758300781399 ], [ -97.897140502929602, 18.6834106445313 ] ] ] } },
{ "type": "Feature", "properties": { "NAME_1": "Puebla", "NAME_2": "Santa Inés Ahuatempan" }, "geometry": { "type": "Polygon", "coordinates": [ [ [ -97.915100097656193, 18.571529388427699 ], [ -97.891151428222599, 18.559169769287202 ], [ -97.862525939941307, 18.556819915771499 ], [ -97.842079162597699, 18.5283298492432 ], [ -97.817672729492202, 18.514379501342798 ], [ -97.801597595214801, 18.493530273437599 ], [ -97.801780700683494, 18.441972732543899 ], [ -97.811897277832003, 18.4144897460938 ], [ -97.806846618652301, 18.3926315307618 ], [ -97.836280822753906, 18.370122909545898 ], [ -97.849189758300696, 18.386011123657202 ], [ -97.910026550292898, 18.408952713012699 ], [ -97.943359375, 18.403070449829201 ], [ -97.944046020507798, 18.413459777831999 ], [ -98.014396667480497, 18.4723796844482 ], [ -98.014831542968693, 18.487079620361399 ], [ -98.003036499023395, 18.4951705932618 ], [ -98.011291503906193, 18.518140792846701 ], [ -98.001609802246094, 18.556301116943398 ], [ -97.953590393066307, 18.554029464721701 ], [ -97.915100097656193, 18.571529388427699 ] ] ] } },
{ "type": "Feature", "properties": { "NAME_1": "Puebla", "NAME_2": "Santa Isabel Cholula" }, "geometry": { "type": "Polygon", "coordinates": [ [ [ -98.331436157226506, 18.9517612457275 ], [ -98.335792541503906, 19.003490447998001 ], [ -98.325416564941406, 19.0318603515625 ], [ -98.314613342285199, 19.025899887085 ], [ -98.281402587890597, 19.0360107421875 ], [ -98.270622253417898, 19.014820098876999 ], [ -98.279258728027301, 18.987859725952301 ], [ -98.269172668457003, 18.9739704132081 ], [ -98.316200256347599, 18.9493007659913 ], [ -98.331436157226506, 18.9517612457275 ] ] ] } },
{ "type": "Feature", "properties": { "NAME_1": "Puebla", "NAME_2": "Santiago Miahuatlán" }, "geometry": { "type": "Polygon", "coordinates": [ [ [ -97.280693054199205, 18.549787521362301 ], [ -97.314186096191307, 18.540891647338899 ], [ -97.340248107910199, 18.5801105499268 ], [ -97.369132995605497, 18.587350845336999 ], [ -97.377708435058594, 18.650131225585898 ], [ -97.338630676269503, 18.655679702758899 ], [ -97.295356750488295, 18.624492645263601 ], [ -97.297676086425696, 18.600530624389599 ], [ -97.280693054199205, 18.549787521362301 ] ] ] } },
{ "type": "Feature", "properties": { "NAME_1": "Puebla", "NAME_2": "Santo Tomás Hueyotlipan" }, "geometry": { "type": "Polygon", "coordinates": [ [ [ -97.704666137695298, 18.930860519409201 ], [ -97.749382019042997, 18.9179382324219 ], [ -97.7755126953125, 18.928789138794102 ], [ -97.755203247070298, 18.956220626831001 ], [ -97.691207885742202, 18.943910598754801 ], [ -97.704666137695298, 18.930860519409201 ] ] ] } },
{ "type": "Feature", "properties": { "NAME_1": "Puebla", "NAME_2": "Soltepec" }, "geometry": { "type": "Polygon", "coordinates": [ [ [ -97.625389099121094, 19.079490661621101 ], [ -97.636367797851605, 19.080989837646499 ], [ -97.657592773437401, 19.105100631713899 ], [ -97.690528869628906, 19.112089157104499 ], [ -97.702476501464801, 19.124240875244102 ], [ -97.691482543945298, 19.141370773315501 ], [ -97.695388793945298, 19.158821105956999 ], [ -97.658988952636705, 19.218629837036101 ], [ -97.624351501464801, 19.193010330200099 ], [ -97.611686706542997, 19.139739990234499 ], [ -97.570236206054602, 19.126640319824201 ], [ -97.580001831054702, 19.098659515380898 ], [ -97.604637145995994, 19.101890563964901 ], [ -97.625389099121094, 19.079490661621101 ] ] ] } },
{ "type": "Feature", "properties": { "NAME_1": "Puebla", "NAME_2": "Tecali de Herrera" }, "geometry": { "type": "Polygon", "coordinates": [ [ [ -97.831596374511705, 19.022359848022599 ], [ -97.821571350097699, 19.024049758911101 ], [ -97.822357177734403, 18.982509613037099 ], [ -97.798919677734304, 18.9687004089357 ], [ -97.7889404296875, 18.938850402832099 ], [ -97.776008605957003, 18.926519393920898 ], [ -97.828170776367202, 18.878749847412099 ], [ -97.836280822753906, 18.856430053711001 ], [ -97.878570556640597, 18.869989395141701 ], [ -97.909652709960895, 18.866420745849702 ], [ -97.915451049804602, 18.906278610229499 ], [ -97.889701843261705, 18.932470321655298 ], [ -97.891586303710895, 18.977840423583999 ], [ -97.867111206054602, 18.987890243530298 ], [ -97.8597412109375, 19.00364112854 ], [ -97.837486267089801, 19.0095710754394 ], [ -97.831596374511705, 19.022359848022599 ] ] ] } },
{ "type": "Feature", "properties": { "NAME_1": "Puebla", "NAME_2": "Tecamachalco" }, "geometry": { "type": "Polygon", "coordinates": [ [ [ -97.524208068847699, 18.894550323486399 ], [ -97.579116821289105, 18.855489730835099 ], [ -97.581863403320298, 18.825780868530298 ], [ -97.608932495117102, 18.8255710601807 ], [ -97.617988586425696, 18.81303024292 ], [ -97.654632568359304, 18.793910980224599 ], [ -97.677017211914105, 18.827489852905298 ], [ -97.697059631347599, 18.823900222778398 ], [ -97.710708618164006, 18.837369918823399 ], [ -97.709709167480497, 18.848489761352599 ], [ -97.678131103515597, 18.885070800781399 ], [ -97.668556213378807, 18.9144096374512 ], [ -97.671211242675696, 18.930030822753999 ], [ -97.658042907714801, 18.931730270385799 ], [ -97.649230957031193, 18.943380355835099 ], [ -97.586051940917898, 18.9345703125 ], [ -97.528022766113295, 18.9085998535156 ], [ -97.524208068847699, 18.894550323486399 ] ] ] } },
{ "type": "Feature", "properties": { "NAME_1": "Puebla", "NAME_2": "Tecomatlán" }, "geometry": { "type": "Polygon", "coordinates": [ [ [ -98.309791564941307, 17.937450408935501 ], [ -98.289306640624901, 17.961328506469801 ], [ -98.275100708007798, 18.008848190307599 ], [ -98.290832519531193, 18.0671691894532 ], [ -98.313911437988196, 18.0712909698487 ], [ -98.312072753906193, 18.099950790405298 ], [ -98.283538818359403, 18.1067409515381 ], [ -98.265747070312401, 18.130710601806602 ], [ -98.238983154296903, 18.129127502441499 ], [ -98.21533203125, 18.149368286132901 ], [ -98.201316833496094, 18.151170730590898 ], [ -98.192146301269503, 18.114110946655401 ], [ -98.201126098632798, 18.083311080932699 ], [ -98.215446472167997, 18.062341690063398 ], [ -98.251907348632798, 18.034690856933601 ], [ -98.181411743164105, 18.044862747192401 ], [ -98.159393310546804, 18.031251907348601 ], [ -98.139778137206903, 18.056840896606399 ], [ -98.105133056640597, 18.038190841674901 ], [ -98.098793029785199, 18.021722793578999 ], [ -98.202697753906193, 17.963520050048899 ], [ -98.250602722167997, 17.909959793090799 ], [ -98.309791564941307, 17.937450408935501 ] ] ] } },
{ "type": "Feature", "properties": { "NAME_1": "Puebla", "NAME_2": "Tehuacán" }, "geometry": { "type": "Polygon", "coordinates": [ [ [ -97.331260681152301, 18.441370010376001 ], [ -97.364273071289105, 18.470251083373999 ], [ -97.438552856445298, 18.4473896026612 ], [ -97.457397460937401, 18.4827995300293 ], [ -97.483116149902301, 18.4987297058106 ], [ -97.489196777343807, 18.5111999511719 ], [ -97.475959777832003, 18.534059524536101 ], [ -97.488403320312401, 18.552659988403398 ], [ -97.477439880370994, 18.586870193481399 ], [ -97.453872680664006, 18.564369201660199 ], [ -97.415977478027301, 18.569440841674801 ], [ -97.386047363281193, 18.5393581390381 ], [ -97.375251770019503, 18.510280609130898 ], [ -97.354690551757798, 18.4876003265381 ], [ -97.348976135253807, 18.549850463867202 ], [ -97.367568969726506, 18.5784912109375 ], [ -97.365829467773395, 18.5882301330568 ], [ -97.340248107910199, 18.5801105499268 ], [ -97.309967041015597, 18.539119720458999 ], [ -97.267272949218807, 18.551620483398501 ], [ -97.223381042480398, 18.5404682159425 ], [ -97.187599182128807, 18.520301818847699 ], [ -97.203346252441307, 18.4881801605225 ], [ -97.216651916503906, 18.413459777831999 ], [ -97.233406066894403, 18.401029586791999 ], [ -97.261657714843807, 18.397649765014702 ], [ -97.320426940917997, 18.4411315917969 ], [ -97.331260681152301, 18.441370010376001 ] ] ] } },
{ "type": "Feature", "properties": { "NAME_1": "Puebla", "NAME_2": "Tehuitzingo" }, "geometry": { "type": "Polygon", "coordinates": [ [ [ -98.282302856445298, 18.291570663452099 ], [ -98.325431823730398, 18.319980621337901 ], [ -98.299018859863196, 18.416490554809702 ], [ -98.308250427246094, 18.445510864257798 ], [ -98.276641845703097, 18.488809585571399 ], [ -98.244117736816406, 18.514480590820401 ], [ -98.234428405761705, 18.545650482177798 ], [ -98.182792663574205, 18.566648483276399 ], [ -98.167526245117102, 18.584560394287202 ], [ -98.149147033691406, 18.571268081665 ], [ -98.199935913085895, 18.5066108703613 ], [ -98.205467224120994, 18.4716701507569 ], [ -98.161766052246094, 18.473970413208001 ], [ -98.123306274414105, 18.457380294799901 ], [ -98.087486267089801, 18.458850860595799 ], [ -98.068656921386705, 18.442630767822301 ], [ -98.049667358398395, 18.409442901611399 ], [ -98.026527404785199, 18.436021804809599 ], [ -98.021797180175696, 18.4568901062012 ], [ -98.002166748046903, 18.464870452880898 ], [ -97.941619873046903, 18.410100936889801 ], [ -97.983726501464801, 18.349609375 ], [ -98.003631591796903, 18.336450576782202 ], [ -98.019958496093807, 18.296899795532301 ], [ -98.0452880859375, 18.277999877929801 ], [ -98.068809509277301, 18.278320312500099 ], [ -98.107246398925696, 18.294670104980501 ], [ -98.162979125976605, 18.2858791351319 ], [ -98.172943115234304, 18.310329437256001 ], [ -98.231056213378906, 18.324520111083999 ], [ -98.282302856445298, 18.291570663452099 ] ] ] } },
{ "type": "Feature", "properties": { "NAME_1": "Puebla", "NAME_2": "Tenampulco" }, "geometry": { "type": "Polygon", "coordinates": [ [ [ -97.390182495117102, 20.126300811767699 ], [ -97.421302795410199, 20.116260528564499 ], [ -97.408592224120994, 20.1557712554932 ], [ -97.439079284667898, 20.203861236572301 ], [ -97.398338317871094, 20.268320083618299 ], [ -97.380950927734403, 20.281299591064499 ], [ -97.367095947265597, 20.280260086059599 ], [ -97.276596069335895, 20.2434196472169 ], [ -97.277656555175696, 20.220300674438601 ], [ -97.390182495117102, 20.126300811767699 ] ] ] } },
{ "type": "Feature", "properties": { "NAME_1": "Puebla", "NAME_2": "Teopantlán" }, "geometry": { "type": "Polygon", "coordinates": [ [ [ -98.046707153320298, 18.712839126586999 ], [ -98.052116394042898, 18.702339172363299 ], [ -98.084999084472699, 18.697080612182599 ], [ -98.19873046875, 18.738599777221602 ], [ -98.188728332519503, 18.810199737548899 ], [ -98.171775817871094, 18.817512512207099 ], [ -98.153793334960895, 18.8436603546143 ], [ -98.147056579589801, 18.895959854126001 ], [ -98.091667175292997, 18.8702507019044 ], [ -98.098663330078097, 18.815008163452202 ], [ -98.089996337890497, 18.748920440673899 ], [ -98.046707153320298, 18.712839126586999 ] ] ] } },
{ "type": "Feature", "properties": { "NAME_1": "Puebla", "NAME_2": "Teotlalco" }, "geometry": { "type": "Polygon", "coordinates": [ [ [ -98.734382629394503, 18.3660812377931 ], [ -98.802520751953097, 18.476011276245099 ], [ -98.786003112792997, 18.486019134521399 ], [ -98.759071350097599, 18.529699325561602 ], [ -98.748229980468807, 18.534742355346701 ], [ -98.729415893554602, 18.527549743652301 ], [ -98.675811767578097, 18.4769706726075 ], [ -98.722877502441406, 18.4110202789307 ], [ -98.734382629394503, 18.3660812377931 ] ] ] } },
{ "type": "Feature", "properties": { "NAME_1": "Puebla", "NAME_2": "Tepanco de López" }, "geometry": { "type": "Polygon", "coordinates": [ [ [ -97.369132995605497, 18.587350845336999 ], [ -97.348976135253807, 18.549850463867202 ], [ -97.3523330688475, 18.4872512817382 ], [ -97.364997863769503, 18.494882583618299 ], [ -97.386047363281193, 18.5393581390381 ], [ -97.415977478027301, 18.569440841674801 ], [ -97.453872680664006, 18.564369201660199 ], [ -97.472671508789006, 18.588901519775401 ], [ -97.483596801757798, 18.588689804077099 ], [ -97.4842529296875, 18.662590026855501 ], [ -97.449966430664006, 18.667070388793999 ], [ -97.413757324218807, 18.692590713501001 ], [ -97.387725830078097, 18.6956596374512 ], [ -97.374862670898395, 18.683570861816399 ], [ -97.378883361816406, 18.6563606262207 ], [ -97.369132995605497, 18.587350845336999 ] ] ] } },
{ "type": "Feature", "properties": { "NAME_1": "Puebla", "NAME_2": "Tepango de Rodríguez" }, "geometry": { "type": "Polygon", "coordinates": [ [ [ -97.767196655273395, 19.997959136962798 ], [ -97.785377502441307, 20.022750854492202 ], [ -97.761169433593594, 20.041660308837901 ], [ -97.724090576171903, 20.0476894378663 ], [ -97.696456909179702, 20.024459838867202 ], [ -97.709770202636705, 20.003841400146602 ], [ -97.767196655273395, 19.997959136962798 ] ] ] } },
{ "type": "Feature", "properties": { "NAME_1": "Puebla", "NAME_2": "Tepatlaxco de Hidalgo" }, "geometry": { "type": "Polygon", "coordinates": [ [ [ -97.920562744140597, 19.095340728759801 ], [ -97.918342590332003, 19.108539581298899 ], [ -97.935485839843693, 19.105600357055799 ], [ -97.938896179199205, 19.120550155639702 ], [ -97.928092956542997, 19.187721252441499 ], [ -97.906791687011705, 19.180030822753899 ], [ -97.899467468261705, 19.146480560302798 ], [ -97.882843017578097, 19.153951644897599 ], [ -97.871597290039006, 19.119770050048899 ], [ -97.847908020019503, 19.0889282226563 ], [ -97.856475830078097, 19.0772495269775 ], [ -97.885566711425795, 19.098711013793999 ], [ -97.920562744140597, 19.095340728759801 ] ] ] } },
{ "type": "Feature", "properties": { "NAME_1": "Puebla", "NAME_2": "Tepeaca" }, "geometry": { "type": "Polygon", "coordinates": [ [ [ -97.751472473144503, 18.9887104034425 ], [ -97.781036376953097, 18.9854507446288 ], [ -97.803047180175795, 18.972520828246999 ], [ -97.823326110839801, 18.986810684204201 ], [ -97.821571350097699, 19.024049758911101 ], [ -97.781417846679702, 19.0785217285156 ], [ -97.780403137207003, 19.119632720947202 ], [ -97.758407592773395, 19.145290374755898 ], [ -97.738616943359403, 19.142980575561499 ], [ -97.713027954101605, 19.0748805999756 ], [ -97.720657348632798, 19.022142410278299 ], [ -97.746810913085895, 19.0064601898194 ], [ -97.751472473144503, 18.9887104034425 ] ] ] } },
{ "type": "Feature", "properties": { "NAME_1": "Puebla", "NAME_2": "Tepemaxalco" }, "geometry": { "type": "Polygon", "coordinates": [ [ [ -98.495750427245994, 18.761070251464901 ], [ -98.499732971191406, 18.746931076049901 ], [ -98.487022399902301, 18.7061290740968 ], [ -98.493087768554602, 18.6733703613282 ], [ -98.531471252441406, 18.6697101593018 ], [ -98.548439025878906, 18.681859970092798 ], [ -98.533332824707003, 18.713420867919901 ], [ -98.536422729492202, 18.756679534912099 ], [ -98.51220703125, 18.782310485839801 ], [ -98.495750427245994, 18.761070251464901 ] ] ] } },
{ "type": "Feature", "properties": { "NAME_1": "Puebla", "NAME_2": "Tepeojuma" }, "geometry": { "type": "Polygon", "coordinates": [ [ [ -98.321662902832003, 18.711139678955099 ], [ -98.361511230468807, 18.7040901184082 ], [ -98.399612426757798, 18.713621139526399 ], [ -98.419212341308594, 18.7481803894044 ], [ -98.399932861328097, 18.780519485473601 ], [ -98.376060485839801, 18.7866096496581 ], [ -98.342750549316406, 18.830539703369102 ], [ -98.285041809082003, 18.85671043396 ], [ -98.274826049804702, 18.8544025421143 ], [ -98.293838500976605, 18.8184509277344 ], [ -98.295417785644403, 18.778039932251001 ], [ -98.322341918945298, 18.724729537963899 ], [ -98.321662902832003, 18.711139678955099 ] ] ] } },
{ "type": "Feature", "properties": { "NAME_1": "Puebla", "NAME_2": "Tepetzintla" }, "geometry": { "type": "Polygon", "coordinates": [ [ [ -97.792938232421903, 19.939081192016701 ], [ -97.782142639160099, 19.976499557495099 ], [ -97.767196655273395, 19.997959136962798 ], [ -97.745201110839801, 19.9970607757568 ], [ -97.742027282714801, 19.963569641113299 ], [ -97.792938232421903, 19.939081192016701 ] ] ] } },
{ "type": "Feature", "properties": { "NAME_1": "Puebla", "NAME_2": "Tepexco" }, "geometry": { "type": "Polygon", "coordinates": [ [ [ -98.641647338867202, 18.640689849853501 ], [ -98.617019653320298, 18.6662712097168 ], [ -98.593208312988295, 18.719541549682599 ], [ -98.575492858886705, 18.706729888916001 ], [ -98.5697021484375, 18.6574306488038 ], [ -98.548439025878906, 18.681859970092798 ], [ -98.525558471679702, 18.668012619018501 ], [ -98.493087768554602, 18.6733703613282 ], [ -98.498268127441406, 18.649930953979499 ], [ -98.523239135742102, 18.617979049682699 ], [ -98.638641357421804, 18.6213893890381 ], [ -98.641647338867202, 18.640689849853501 ] ] ] } },
{ "type": "Feature", "properties": { "NAME_1": "Puebla", "NAME_2": "Tepexi de Rodríguez" }, "geometry": { "type": "Polygon", "coordinates": [ [ [ -97.748046875, 18.426082611084102 ], [ -97.806846618652301, 18.3926315307618 ], [ -97.811897277832003, 18.4144897460938 ], [ -97.801780700683494, 18.441972732543899 ], [ -97.803062438964801, 18.4969005584718 ], [ -97.842079162597699, 18.5283298492432 ], [ -97.862525939941307, 18.556819915771499 ], [ -97.891151428222599, 18.559169769287202 ], [ -97.915817260742202, 18.575372695923001 ], [ -97.890441894531193, 18.6314010620118 ], [ -97.876441955566307, 18.646301269531399 ], [ -97.835350036620994, 18.646350860595799 ], [ -97.823326110839801, 18.6562309265137 ], [ -97.793731689453097, 18.660650253295898 ], [ -97.785881042480497, 18.670030593871999 ], [ -97.748268127441307, 18.660480499267699 ], [ -97.723075866699205, 18.674781799316399 ], [ -97.687156677245994, 18.678529739379901 ], [ -97.681266784667997, 18.687650680542099 ], [ -97.654235839843693, 18.6634407043457 ], [ -97.654289245605497, 18.645099639892599 ], [ -97.663879394531193, 18.619430541992099 ], [ -97.682708740234403, 18.6120109558106 ], [ -97.685951232910199, 18.589349746703999 ], [ -97.721862792968693, 18.5855903625488 ], [ -97.74267578125, 18.571121215820401 ], [ -97.756072998046903, 18.512371063232401 ], [ -97.748046875, 18.426082611084102 ] ] ] } },
{ "type": "Feature", "properties": { "NAME_1": "Puebla", "NAME_2": "Tepeyahualco" }, "geometry": { "type": "Polygon", "coordinates": [ [ [ -97.326110839843807, 19.6461200714112 ], [ -97.344398498535099, 19.645572662353601 ], [ -97.350769042968693, 19.6284694671631 ], [ -97.293975830078097, 19.508529663086001 ], [ -97.295318603515597, 19.488500595092901 ], [ -97.316146850585895, 19.456539154052798 ], [ -97.294227600097599, 19.435071945190501 ], [ -97.312339782714801, 19.422330856323399 ], [ -97.357933044433494, 19.418529510498001 ], [ -97.401672363281193, 19.378740310669102 ], [ -97.425987243652301, 19.3843898773194 ], [ -97.441940307617102, 19.404350280761701 ], [ -97.486686706542898, 19.430540084838999 ], [ -97.491836547851506, 19.457780838012699 ], [ -97.464599609375, 19.492660522460898 ], [ -97.426452636718807, 19.513931274414201 ], [ -97.431587219238295, 19.552101135253999 ], [ -97.453025817870994, 19.561109542846701 ], [ -97.495376586914006, 19.549789428711101 ], [ -97.487869262695298, 19.570062637329201 ], [ -97.438758850097699, 19.619340896606399 ], [ -97.412567138671804, 19.666698455810501 ], [ -97.385887145995994, 19.667669296264599 ], [ -97.362213134765597, 19.688390731811602 ], [ -97.350631713867202, 19.683170318603601 ], [ -97.340270996093807, 19.690679550171001 ], [ -97.326110839843807, 19.6461200714112 ] ] ] } },
{ "type": "Feature", "properties": { "NAME_1": "Puebla", "NAME_2": "Tepeyahualco de Cuauhtémoc" }, "geometry": { "type": "Polygon", "coordinates": [ [ [ -97.777336120605497, 18.8691082000732 ], [ -97.762886047363196, 18.883329391479599 ], [ -97.724060058593693, 18.873291015624901 ], [ -97.74365234375, 18.8533725738525 ], [ -97.738296508789105, 18.834831237793001 ], [ -97.750778198242202, 18.831069946289102 ], [ -97.771530151367102, 18.839241027832099 ], [ -97.777336120605497, 18.8691082000732 ] ] ] } },
{ "type": "Feature", "properties": { "NAME_1": "Puebla", "NAME_2": "Tetela de Ocampo" }, "geometry": { "type": "Polygon", "coordinates": [ [ [ -97.613456726074205, 19.7824401855469 ], [ -97.614860534667898, 19.761739730835 ], [ -97.636466979980497, 19.722272872924801 ], [ -97.722602844238295, 19.7123718261719 ], [ -97.748748779296804, 19.714780807495099 ], [ -97.773696899414105, 19.7292804718018 ], [ -97.788200378417997, 19.758069992065401 ], [ -97.803382873535099, 19.770250320434599 ], [ -97.820686340332003, 19.827560424804702 ], [ -97.809730529785199, 19.83736038208 ], [ -97.795883178710795, 19.918521881103601 ], [ -97.743659973144503, 19.900571823120099 ], [ -97.689842224121094, 19.919620513916001 ], [ -97.687110900878906, 19.9108505249025 ], [ -97.621856689453097, 19.884750366211101 ], [ -97.628562927246094, 19.846500396728601 ], [ -97.665283203125, 19.812391281128001 ], [ -97.624465942382798, 19.7912502288818 ], [ -97.613746643066406, 19.797910690307699 ], [ -97.613456726074205, 19.7824401855469 ] ] ] } },
{ "type": "Feature", "properties": { "NAME_1": "Puebla", "NAME_2": "Teteles de Avila Castillo" }, "geometry": { "type": "Polygon", "coordinates": [ [ [ -97.351348876953097, 19.8661804199219 ], [ -97.356948852539105, 19.8757209777832 ], [ -97.399269104003906, 19.870399475097798 ], [ -97.411216735839801, 19.877180099487401 ], [ -97.412750244140597, 19.898769378662202 ], [ -97.399948120117202, 19.926080703735401 ], [ -97.382667541503906, 19.927722930908299 ], [ -97.349288940429702, 19.913009643554702 ], [ -97.319992065429602, 19.921230316162202 ], [ -97.351348876953097, 19.8661804199219 ] ] ] } },
{ "type": "Feature", "properties": { "NAME_1": "Puebla", "NAME_2": "Teziutlán" }, "geometry": { "type": "Polygon", "coordinates": [ [ [ -97.246536254882798, 19.8790397644044 ], [ -97.286148071288906, 19.824609756469801 ], [ -97.309501647949205, 19.856439590454102 ], [ -97.311943054199205, 19.873041152954102 ], [ -97.293395996093594, 19.906009674072401 ], [ -97.293952941894503, 19.9510307312013 ], [ -97.275650024414006, 19.981500625610501 ], [ -97.265258789062401, 19.952169418335 ], [ -97.231040954589801, 19.9215717315675 ], [ -97.246536254882798, 19.8790397644044 ] ] ] } },
{ "type": "Feature", "properties": { "NAME_1": "Puebla", "NAME_2": "Tianguismanalco" }, "geometry": { "type": "Polygon", "coordinates": [ [ [ -98.469223022460895, 18.969449996948299 ], [ -98.456321716308594, 19.042970657348601 ], [ -98.442787170410199, 19.039579391479499 ], [ -98.389831542968594, 19.0648498535156 ], [ -98.374839782714801, 19.051700592041101 ], [ -98.326629638671903, 19.046379089355501 ], [ -98.335792541503906, 19.003490447998001 ], [ -98.331436157226506, 18.9517612457275 ], [ -98.394668579101506, 18.9490699768068 ], [ -98.449043273925696, 18.971719741821399 ], [ -98.469223022460895, 18.969449996948299 ] ] ] } },
{ "type": "Feature", "properties": { "NAME_1": "Puebla", "NAME_2": "Tilapa" }, "geometry": { "type": "Polygon", "coordinates": [ [ [ -98.497978210449105, 18.582891464233501 ], [ -98.523239135742102, 18.617979049682699 ], [ -98.498268127441406, 18.649930953979499 ], [ -98.493087768554602, 18.6733703613282 ], [ -98.425277709960895, 18.6898002624512 ], [ -98.399147033691307, 18.7075004577637 ], [ -98.411369323730398, 18.646770477295 ], [ -98.435340881347699, 18.6173305511475 ], [ -98.497978210449105, 18.582891464233501 ] ] ] } },
{ "type": "Feature", "properties": { "NAME_1": "Puebla", "NAME_2": "Tlachichuca" }, "geometry": { "type": "Polygon", "coordinates": [ [ [ -97.393287658691406, 19.164882659912099 ], [ -97.398635864257798, 19.1969318389893 ], [ -97.384506225585895, 19.206239700317401 ], [ -97.381317138671804, 19.226009368896602 ], [ -97.359146118164105, 19.226659774780401 ], [ -97.355026245117202, 19.243471145629901 ], [ -97.322280883789006, 19.279090881347699 ], [ -97.309989929199105, 19.2717800140381 ], [ -97.268287658691307, 19.278690338134901 ], [ -97.254013061523395, 19.2947902679443 ], [ -97.244338989257798, 19.294519424438501 ], [ -97.228446960449105, 19.273750305175799 ], [ -97.206390380859304, 19.265911102295 ], [ -97.181266784667997, 19.232099533081101 ], [ -97.189201354980497, 19.202640533447301 ], [ -97.168670654296903, 19.077699661254901 ], [ -97.218421936035099, 19.092830657958999 ], [ -97.282577514648395, 19.097719192504901 ], [ -97.309539794921903, 19.086931228637798 ], [ -97.334770202636705, 19.096799850463899 ], [ -97.381362915039105, 19.0785217285156 ], [ -97.398468017578097, 19.081050872802798 ], [ -97.389900207519503, 19.1266994476319 ], [ -97.393287658691406, 19.164882659912099 ] ] ] } },
{ "type": "Feature", "properties": { "NAME_1": "Puebla", "NAME_2": "Tlacotepec de Benito Juárez" }, "geometry": { "type": "Polygon", "coordinates": [ [ [ -97.634696960449205, 18.6638412475587 ], [ -97.644279479980497, 18.736000061035199 ], [ -97.631027221679702, 18.765569686889702 ], [ -97.592987060546903, 18.759519577026499 ], [ -97.551261901855398, 18.768360137939499 ], [ -97.534538269042997, 18.7865600585938 ], [ -97.522087097167997, 18.77299118042 ], [ -97.511695861816406, 18.7877502441407 ], [ -97.510192871093807, 18.754421234130898 ], [ -97.496078491210895, 18.752620697021602 ], [ -97.455627441406193, 18.769840240478501 ], [ -97.409919738769503, 18.8201198577881 ], [ -97.358360290527301, 18.7924499511719 ], [ -97.360733032226605, 18.765220642089801 ], [ -97.387725830078097, 18.6956596374512 ], [ -97.413757324218807, 18.692590713501001 ], [ -97.437370300292898, 18.671800613403299 ], [ -97.473541259765497, 18.661441802978601 ], [ -97.532241821289105, 18.672540664672901 ], [ -97.609870910644503, 18.6552009582519 ], [ -97.634696960449205, 18.6638412475587 ] ] ] } },
{ "type": "Feature", "properties": { "NAME_1": "Puebla", "NAME_2": "Tlacuilotepec" }, "geometry": { "type": "Polygon", "coordinates": [ [ [ -97.8636474609375, 20.424840927124102 ], [ -97.876029968261705, 20.395299911499102 ], [ -97.906410217285099, 20.3797111511231 ], [ -97.931449890136705, 20.348300933838001 ], [ -98.012382507324205, 20.335849761962901 ], [ -98.019187927246094, 20.366319656372099 ], [ -98.018218994140597, 20.43528175354 ], [ -97.980796813964801, 20.461370468139599 ], [ -97.983787536621094, 20.442121505737401 ], [ -97.975906372070298, 20.4358425140381 ], [ -97.934150695800696, 20.4533405303956 ], [ -97.929573059082003, 20.467212677001999 ], [ -97.962677001953097, 20.479011535644599 ], [ -97.933792114257798, 20.517240524291999 ], [ -97.899040222167898, 20.519029617309599 ], [ -97.893913269042898, 20.444440841674901 ], [ -97.882606506347699, 20.4309196472169 ], [ -97.8636474609375, 20.424840927124102 ] ] ] } },
{ "type": "Feature", "properties": { "NAME_1": "Puebla", "NAME_2": "Tlahuapan" }, "geometry": { "type": "Polygon", "coordinates": [ [ [ -98.457733154296804, 19.325912475585898 ], [ -98.533752441406193, 19.283460617065501 ], [ -98.580818176269503, 19.286270141601602 ], [ -98.593299865722699, 19.3336696624757 ], [ -98.593070983886705, 19.371360778808601 ], [ -98.568428039550696, 19.403739929199201 ], [ -98.585533142089801, 19.4515800476075 ], [ -98.582977294921903, 19.471490859985298 ], [ -98.525962829589801, 19.475910186767699 ], [ -98.449913024902202, 19.4125881195069 ], [ -98.402252197265597, 19.385051727295 ], [ -98.457733154296804, 19.325912475585898 ] ] ] } },
{ "type": "Feature", "properties": { "NAME_1": "Puebla", "NAME_2": "Tlaltenango" }, "geometry": { "type": "Polygon", "coordinates": [ [ [ -98.280372619628906, 19.234500885009801 ], [ -98.237770080566406, 19.201450347900298 ], [ -98.278343200683494, 19.170000076293899 ], [ -98.290031433105497, 19.171819686889702 ], [ -98.290122985839801, 19.215778350830099 ], [ -98.280372619628906, 19.234500885009801 ] ] ] } },
{ "type": "Feature", "properties": { "NAME_1": "Puebla", "NAME_2": "Tlanepantla" }, "geometry": { "type": "Polygon", "coordinates": [ [ [ -97.734481811523395, 18.920820236206101 ], [ -97.704666137695298, 18.930860519409201 ], [ -97.685913085937401, 18.904951095581101 ], [ -97.726966857910199, 18.8880004882812 ], [ -97.734481811523395, 18.920820236206101 ] ] ] } },
{ "type": "Feature", "properties": { "NAME_1": "Puebla", "NAME_2": "Tlaola" }, "geometry": { "type": "Polygon", "coordinates": [ [ [ -97.970031738281193, 20.132450103759801 ], [ -97.968711853027301, 20.174310684204201 ], [ -97.952980041503906, 20.177448272705 ], [ -97.948738098144503, 20.197870254516602 ], [ -97.917686462402301, 20.2306308746338 ], [ -97.838226318359304, 20.226819992065501 ], [ -97.822029113769503, 20.2064609527588 ], [ -97.868316650390597, 20.178491592407301 ], [ -97.932167053222699, 20.154380798339901 ], [ -97.944267272949205, 20.137601852417099 ], [ -97.970031738281193, 20.132450103759801 ] ] ] } },
{ "type": "Feature", "properties": { "NAME_1": "Puebla", "NAME_2": "Tlapacoya" }, "geometry": { "type": "Polygon", "coordinates": [ [ [ -97.885276794433594, 20.172338485717699 ], [ -97.822029113769503, 20.2064609527588 ], [ -97.796546936035099, 20.2037582397462 ], [ -97.749847412109403, 20.181409835815501 ], [ -97.808586120605497, 20.106399536132798 ], [ -97.840782165527301, 20.089281082153299 ], [ -97.885276794433594, 20.172338485717699 ] ] ] } },
{ "type": "Feature", "properties": { "NAME_1": "Puebla", "NAME_2": "Tlapanalá" }, "geometry": { "type": "Polygon", "coordinates": [ [ [ -98.493087768554602, 18.6733703613282 ], [ -98.487022399902301, 18.7061290740968 ], [ -98.499732971191406, 18.746931076049901 ], [ -98.495750427245994, 18.761070251464901 ], [ -98.439880371093693, 18.7552909851075 ], [ -98.401336669921804, 18.718349456787099 ], [ -98.399147033691307, 18.7075004577637 ], [ -98.420837402343807, 18.691921234130898 ], [ -98.493087768554602, 18.6733703613282 ] ] ] } },
{ "type": "Feature", "properties": { "NAME_1": "Puebla", "NAME_2": "Tlatlauquitepec" }, "geometry": { "type": "Polygon", "coordinates": [ [ [ -97.487602233886705, 19.761449813842901 ], [ -97.466522216796903, 19.801540374755898 ], [ -97.465637207031193, 19.834270477295 ], [ -97.452873229980497, 19.873870849609499 ], [ -97.45556640625, 19.881599426269599 ], [ -97.475067138671804, 19.886529922485298 ], [ -97.475639343261605, 19.9711017608643 ], [ -97.494728088378906, 19.991270065307699 ], [ -97.472381591796804, 20.021520614623999 ], [ -97.452133178710895, 20.0147590637207 ], [ -97.414382934570298, 20.020320892333999 ], [ -97.386177062988196, 20.034030914306602 ], [ -97.360603332519503, 20.031589508056602 ], [ -97.365882873535199, 19.998670578003001 ], [ -97.353752136230398, 19.943458557128999 ], [ -97.359512329101605, 19.918899536132798 ], [ -97.399948120117202, 19.926080703735401 ], [ -97.420181274414105, 19.861251831054801 ], [ -97.392745971679602, 19.810630798339801 ], [ -97.415786743164105, 19.779880523681701 ], [ -97.431503295898395, 19.736881256103501 ], [ -97.510017395019503, 19.691289901733501 ], [ -97.487602233886705, 19.761449813842901 ] ] ] } },
{ "type": "Feature", "properties": { "NAME_1": "Puebla", "NAME_2": "Tlaxco" }, "geometry": { "type": "Polygon", "coordinates": [ [ [ -97.980796813964801, 20.461370468139599 ], [ -97.962677001953097, 20.479011535644599 ], [ -97.928527832031193, 20.464469909668001 ], [ -97.939987182617202, 20.4479598999025 ], [ -97.971656799316406, 20.435461044311602 ], [ -97.983787536621094, 20.442121505737401 ], [ -97.980796813964801, 20.461370468139599 ] ] ] } },
{ "type": "Feature", "properties": { "NAME_1": "Puebla", "NAME_2": "Tochimilco" }, "geometry": { "type": "Polygon", "coordinates": [ [ [ -98.456550598144503, 18.896160125732401 ], [ -98.467887878417997, 18.890052795410298 ], [ -98.477966308593807, 18.896900177001999 ], [ -98.486846923828097, 18.893329620361399 ], [ -98.485931396484304, 18.860420227050799 ], [ -98.498306274414105, 18.827499389648601 ], [ -98.526145935058594, 18.835380554199201 ], [ -98.566581726074205, 18.829391479492301 ], [ -98.614517211913906, 18.857610702514599 ], [ -98.580406188964801, 18.964788436889801 ], [ -98.543823242187401, 19.040969848632798 ], [ -98.505355834960895, 19.036840438842901 ], [ -98.472335815429702, 19.0531406402588 ], [ -98.456321716308594, 19.042970657348601 ], [ -98.471961975097699, 18.960620880126999 ], [ -98.456550598144503, 18.896160125732401 ] ] ] } },
{ "type": "Feature", "properties": { "NAME_1": "Puebla", "NAME_2": "Tochtepec" }, "geometry": { "type": "Polygon", "coordinates": [ [ [ -97.738296508789105, 18.834831237793001 ], [ -97.74365234375, 18.8533725738525 ], [ -97.724067687988196, 18.870121002197401 ], [ -97.726966857910199, 18.8880004882812 ], [ -97.685913085937401, 18.904951095581101 ], [ -97.704666137695298, 18.930860519409201 ], [ -97.691207885742202, 18.943910598754801 ], [ -97.676567077636705, 18.937700271606499 ], [ -97.668296813964801, 18.920530319213999 ], [ -97.673477172851605, 18.895990371704201 ], [ -97.711669921874901, 18.840988159179702 ], [ -97.699485778808594, 18.824790954589901 ], [ -97.677017211914105, 18.827489852905298 ], [ -97.654632568359304, 18.793910980224599 ], [ -97.669799804687401, 18.7847194671632 ], [ -97.713722229003906, 18.799030303955099 ], [ -97.738296508789105, 18.834831237793001 ] ] ] } },
{ "type": "Feature", "properties": { "NAME_1": "Puebla", "NAME_2": "Totoltepec de Guerrero" }, "geometry": { "type": "Polygon", "coordinates": [ [ [ -97.806846618652301, 18.3926315307618 ], [ -97.748046875, 18.426082611084102 ], [ -97.689620971679602, 18.4409294128419 ], [ -97.624160766601605, 18.3926315307618 ], [ -97.602203369140597, 18.3450317382812 ], [ -97.660171508789006, 18.320869445800799 ], [ -97.702522277832003, 18.236619949340898 ], [ -97.758049011230497, 18.243009567260899 ], [ -97.814559936523395, 18.298109054565501 ], [ -97.797302246093693, 18.332420349121101 ], [ -97.806846618652301, 18.3926315307618 ] ] ] } },
{ "type": "Feature", "properties": { "NAME_1": "Puebla", "NAME_2": "Tulcingo" }, "geometry": { "type": "Polygon", "coordinates": [ [ [ -98.309791564941307, 17.937450408935501 ], [ -98.375450134277301, 18.011478424072301 ], [ -98.366645812988196, 18.038618087768601 ], [ -98.388481140136705, 18.053340911865298 ], [ -98.399665832519503, 18.082452774047901 ], [ -98.383583068847699, 18.107740402221701 ], [ -98.320846557617102, 18.115800857543899 ], [ -98.308670043945298, 18.0914402008057 ], [ -98.313911437988196, 18.0712909698487 ], [ -98.289367675781193, 18.064491271972699 ], [ -98.275100708007798, 18.008848190307599 ], [ -98.289306640624901, 17.961328506469801 ], [ -98.309791564941307, 17.937450408935501 ] ] ] } },
{ "type": "Feature", "properties": { "NAME_1": "Puebla", "NAME_2": "Tzicatlacoyan" }, "geometry": { "type": "Polygon", "coordinates": [ [ [ -97.925186157226506, 18.815870285034201 ], [ -97.952583312988295, 18.8313808441163 ], [ -98.031669616699205, 18.841180801391602 ], [ -98.048248291015597, 18.8826904296875 ], [ -97.982238769531193, 18.937400817871101 ], [ -97.915451049804602, 18.906278610229499 ], [ -97.909652709960895, 18.866420745849702 ], [ -97.878570556640597, 18.869989395141701 ], [ -97.809646606445298, 18.8408603668213 ], [ -97.831558227539105, 18.782800674438501 ], [ -97.925186157226506, 18.815870285034201 ] ] ] } },
{ "type": "Feature", "properties": { "NAME_1": "Puebla", "NAME_2": "Venustiano Carranza" }, "geometry": { "type": "GeometryCollection", "geometries": [ { "type": "Polygon", "coordinates": [ [ [ -97.677406311035099, 20.481349945068398 ], [ -97.707687377929702, 20.527988433838001 ], [ -97.702766418457003, 20.550331115722699 ], [ -97.721946716308494, 20.566339492797901 ], [ -97.715187072753807, 20.579441070556701 ], [ -97.719818115234403, 20.623319625854499 ], [ -97.707176208495994, 20.656200408935501 ], [ -97.695388793945298, 20.653320312500099 ], [ -97.678131103515597, 20.664310455322301 ], [ -97.637397766113295, 20.627109527587901 ], [ -97.550712585449205, 20.581701278686499 ], [ -97.536766052245994, 20.537570953369102 ], [ -97.594963073730497, 20.452520370483501 ], [ -97.620597839355398, 20.4563102722168 ], [ -97.656318664550795, 20.485429763793899 ], [ -97.677406311035099, 20.481349945068398 ] ] ] }, { "type": "Polygon", "coordinates": [ [ [ -97.633743286132798, 19.479480743408299 ], [ -97.665069580078097, 19.517700195312599 ], [ -97.691307067871094, 19.536260604858398 ], [ -97.663917541503906, 19.563350677490298 ], [ -97.626838684082003, 19.567930221557599 ], [ -97.605331420898395, 19.544418334961001 ], [ -97.578025817871094, 19.552770614624102 ], [ -97.539436340332003, 19.638679504394599 ], [ -97.497589111328097, 19.550470352172901 ], [ -97.453025817870994, 19.561109542846701 ], [ -97.431587219238295, 19.552101135253999 ], [ -97.426452636718807, 19.513931274414201 ], [ -97.472869873046804, 19.4842205047607 ], [ -97.502342224120994, 19.4770412445069 ], [ -97.516937255859403, 19.460161209106499 ], [ -97.532791137695298, 19.461891174316499 ], [ -97.565757751464801, 19.501020431518601 ], [ -97.579658508300696, 19.497980117798001 ], [ -97.591072082519503, 19.465192794799901 ], [ -97.613838195800795, 19.446649551391701 ], [ -97.620201110839801, 19.472660064697401 ], [ -97.633743286132798, 19.479480743408299 ] ] ] } ] } },
{ "type": "Feature", "properties": { "NAME_1": "Puebla", "NAME_2": "Vicente Guerrero" }, "geometry": { "type": "Polygon", "coordinates": [ [ [ -97.008026123046804, 18.514232635498001 ], [ -96.976081848144503, 18.476890563964901 ], [ -97.0780029296875, 18.4414596557618 ], [ -97.117866516113295, 18.491992950439499 ], [ -97.152862548828097, 18.557470321655298 ], [ -97.166748046874901, 18.601030349731399 ], [ -97.159469604492102, 18.6591606140138 ], [ -97.091156005859403, 18.633569717407301 ], [ -97.046936035156193, 18.628982543945298 ], [ -97.049057006835895, 18.590339660644599 ], [ -97.008026123046804, 18.514232635498001 ] ] ] } },
{ "type": "Feature", "properties": { "NAME_1": "Puebla", "NAME_2": "Xalpan" }, "geometry": { "type": "Polygon", "coordinates": [ [ [ -97.899040222167898, 20.519029617309599 ], [ -97.862815856933494, 20.5106105804444 ], [ -97.832580566406193, 20.559511184692401 ], [ -97.736236572265597, 20.596729278564499 ], [ -97.717689514160199, 20.592479705810501 ], [ -97.721946716308494, 20.566339492797901 ], [ -97.702766418457003, 20.550331115722699 ], [ -97.707687377929702, 20.527988433838001 ], [ -97.677406311035099, 20.481349945068398 ], [ -97.708648681640597, 20.4576301574706 ], [ -97.739990234374901, 20.4639797210693 ], [ -97.837127685546903, 20.416240692138601 ], [ -97.890678405761605, 20.43869972229 ], [ -97.899040222167898, 20.519029617309599 ] ] ] } },
{ "type": "Feature", "properties": { "NAME_1": "Puebla", "NAME_2": "Xayacatlán de Bravo" }, "geometry": { "type": "Polygon", "coordinates": [ [ [ -97.8399658203125, 18.183811187744201 ], [ -97.835510253906193, 18.194690704345799 ], [ -97.844779968261705, 18.2640895843506 ], [ -97.814559936523395, 18.298109054565501 ], [ -97.766113281249901, 18.244951248168999 ], [ -97.702522277832003, 18.236619949340898 ], [ -97.727348327636705, 18.184131622314499 ], [ -97.744056701660199, 18.198722839355501 ], [ -97.755577087402301, 18.188440322876001 ], [ -97.79248046875, 18.192968368530298 ], [ -97.8399658203125, 18.183811187744201 ] ] ] } },
{ "type": "Feature", "properties": { "NAME_1": "Puebla", "NAME_2": "Xicotepec" }, "geometry": { "type": "Polygon", "coordinates": [ [ [ -97.712615966796804, 20.41162109375 ], [ -97.733291625976506, 20.399919509887798 ], [ -97.737518310546804, 20.366939544677798 ], [ -97.745536804199205, 20.367637634277401 ], [ -97.749298095703097, 20.379070281982401 ], [ -97.761947631835895, 20.373399734497099 ], [ -97.768386840820298, 20.3312702178956 ], [ -97.779800415039105, 20.338470458984499 ], [ -97.800582885742202, 20.326679229736399 ], [ -97.846862792968807, 20.325080871582099 ], [ -97.883270263671903, 20.3084011077881 ], [ -97.891021728515597, 20.292310714721602 ], [ -97.939552307128906, 20.262590408325298 ], [ -97.945030212402301, 20.2764492034913 ], [ -97.977012634277301, 20.293260574340898 ], [ -97.961296081542997, 20.325149536132901 ], [ -97.963348388671804, 20.339790344238299 ], [ -97.931449890136705, 20.348300933838001 ], [ -97.906410217285099, 20.3797111511231 ], [ -97.881233215332003, 20.389450073242099 ], [ -97.8636474609375, 20.424840927124102 ], [ -97.828590393066307, 20.416530609130898 ], [ -97.736877441406193, 20.464218139648398 ], [ -97.708648681640597, 20.4576301574706 ], [ -97.712615966796804, 20.41162109375 ] ] ] } },
{ "type": "Feature", "properties": { "NAME_1": "Puebla", "NAME_2": "Xicotlán" }, "geometry": { "type": "GeometryCollection", "geometries": [ { "type": "Polygon", "coordinates": [ [ [ -97.444007873535199, 20.101610183715898 ], [ -97.514419555664006, 20.091169357299901 ], [ -97.526435852050696, 20.130598068237301 ], [ -97.495536804199205, 20.144050598144599 ], [ -97.439079284667898, 20.203861236572301 ], [ -97.407302856445298, 20.145309448242099 ], [ -97.422988891601506, 20.113290786743299 ], [ -97.444007873535199, 20.101610183715898 ] ] ] }, { "type": "Polygon", "coordinates": [ [ [ -98.684226989745994, 18.137670516967798 ], [ -98.700088500976605, 18.154159545898501 ], [ -98.6827392578125, 18.1779594421388 ], [ -98.667922973632699, 18.184539794921999 ], [ -98.651199340820298, 18.170640945434702 ], [ -98.632957458496094, 18.170740127563501 ], [ -98.631599426269503, 18.204139709472699 ], [ -98.654457092285099, 18.2210884094238 ], [ -98.687522888183594, 18.220041275024499 ], [ -98.697563171386705, 18.2383499145507 ], [ -98.691108703613295, 18.249069213867202 ], [ -98.636047363281193, 18.267461776733501 ], [ -98.563720703125, 18.236049652099702 ], [ -98.518760681152301, 18.2070827484131 ], [ -98.444976806640597, 18.190572738647599 ], [ -98.418632507324105, 18.197799682617202 ], [ -98.426147460937401, 18.162469863891499 ], [ -98.399665832519503, 18.0849304199219 ], [ -98.501266479492202, 18.087440490722798 ], [ -98.542320251464801, 18.1040725708007 ], [ -98.588127136230497, 18.100780487060501 ], [ -98.606986999511705, 18.1313095092775 ], [ -98.664382934570298, 18.141780853271499 ], [ -98.684226989745994, 18.137670516967798 ] ] ] } ] } },
{ "type": "Feature", "properties": { "NAME_1": "Puebla", "NAME_2": "Xiutetelco" }, "geometry": { "type": "Polygon", "coordinates": [ [ [ -97.312896728515597, 19.6662902832032 ], [ -97.326110839843807, 19.6461200714112 ], [ -97.338096618652301, 19.690000534057599 ], [ -97.350631713867202, 19.683170318603601 ], [ -97.362213134765597, 19.688390731811602 ], [ -97.330650329589801, 19.7522983551025 ], [ -97.246536254882798, 19.8790397644044 ], [ -97.249229431152301, 19.854579925537099 ], [ -97.239143371582003, 19.816198348999102 ], [ -97.277519226074205, 19.756811141967798 ], [ -97.312896728515597, 19.6662902832032 ] ] ] } },
{ "type": "Feature", "properties": { "NAME_1": "Puebla", "NAME_2": "Xochiapulco" }, "geometry": { "type": "Polygon", "coordinates": [ [ [ -97.539619445800696, 19.9381198883057 ], [ -97.540573120117102, 19.861030578613299 ], [ -97.566856384277301, 19.848859786987202 ], [ -97.549957275390597, 19.829839706420898 ], [ -97.559066772460895, 19.778181076049901 ], [ -97.613456726074205, 19.7824401855469 ], [ -97.613746643066406, 19.797910690307699 ], [ -97.624465942382798, 19.7912502288818 ], [ -97.663078308105497, 19.808540344238299 ], [ -97.663101196289006, 19.816270828247099 ], [ -97.628562927246094, 19.846500396728601 ], [ -97.614372253417898, 19.906400680542099 ], [ -97.580917358398395, 19.962049484253001 ], [ -97.561668395996094, 19.964860916137798 ], [ -97.563972473144503, 19.929611206054702 ], [ -97.539619445800696, 19.9381198883057 ] ] ] } },
{ "type": "Feature", "properties": { "NAME_1": "Puebla", "NAME_2": "Xochiltepec" }, "geometry": { "type": "Polygon", "coordinates": [ [ [ -98.268951416015597, 18.6621704101562 ], [ -98.2772216796875, 18.6881008148193 ], [ -98.297348022460895, 18.6979503631593 ], [ -98.283538818359403, 18.7170104980469 ], [ -98.2994384765625, 18.741899490356602 ], [ -98.231666564941406, 18.726490020752099 ], [ -98.227668762207003, 18.665580749511701 ], [ -98.268951416015597, 18.6621704101562 ] ] ] } },
{ "type": "Feature", "properties": { "NAME_1": "Puebla", "NAME_2": "Xochitlán de Vicente Suárez" }, "geometry": { "type": "Polygon", "coordinates": [ [ [ -97.695129394531193, 19.941829681396602 ], [ -97.624397277832003, 19.9711017608643 ], [ -97.617073059082003, 19.9815406799318 ], [ -97.622138977050795, 20.003810882568398 ], [ -97.5452880859375, 20.022172927856399 ], [ -97.543792724609304, 20.0148010253907 ], [ -97.530517578125, 20.0135211944581 ], [ -97.561668395996094, 19.964860916137798 ], [ -97.584075927734403, 19.957710266113299 ], [ -97.621856689453097, 19.884750366211101 ], [ -97.687110900878906, 19.9108505249025 ], [ -97.706047058105398, 19.933578491211101 ], [ -97.695129394531193, 19.941829681396602 ] ] ] } },
{ "type": "Feature", "properties": { "NAME_1": "Puebla", "NAME_2": "Xochitlán Todos Santos" }, "geometry": { "type": "Polygon", "coordinates": [ [ [ -97.681266784667997, 18.687650680542099 ], [ -97.698455810546903, 18.7434406280519 ], [ -97.740707397460895, 18.750709533691399 ], [ -97.741127014160099, 18.776090621948299 ], [ -97.694198608398395, 18.791059494018601 ], [ -97.6639404296875, 18.784309387207099 ], [ -97.649353027343807, 18.757482528686499 ], [ -97.637657165527301, 18.753280639648601 ], [ -97.644569396972699, 18.717420578002901 ], [ -97.632987976074205, 18.665210723876999 ], [ -97.669342041015597, 18.674169540405298 ], [ -97.681266784667997, 18.687650680542099 ] ] ] } },
{ "type": "Feature", "properties": { "NAME_1": "Puebla", "NAME_2": "Yaonáhuac" }, "geometry": { "type": "Polygon", "coordinates": [ [ [ -97.360603332519503, 20.031589508056602 ], [ -97.355781555175795, 20.047281265258899 ], [ -97.330009460449205, 20.055049896240199 ], [ -97.336273193359304, 20.035039901733398 ], [ -97.305610656738295, 20.0082511901857 ], [ -97.319992065429602, 19.921230316162202 ], [ -97.341293334960895, 19.9132480621338 ], [ -97.359512329101605, 19.918899536132798 ], [ -97.353752136230398, 19.943458557128999 ], [ -97.365882873535199, 19.998670578003001 ], [ -97.360603332519503, 20.031589508056602 ] ] ] } },
{ "type": "Feature", "properties": { "NAME_1": "Puebla", "NAME_2": "Yehualtepec" }, "geometry": { "type": "Polygon", "coordinates": [ [ [ -97.666862487792997, 18.784969329833999 ], [ -97.617988586425696, 18.81303024292 ], [ -97.608932495117102, 18.8255710601807 ], [ -97.581863403320298, 18.825780868530298 ], [ -97.579116821289105, 18.855489730835099 ], [ -97.524208068847699, 18.894550323486399 ], [ -97.517608642578097, 18.856002807617202 ], [ -97.508758544921903, 18.845138549804702 ], [ -97.448928833007798, 18.8478908538818 ], [ -97.409919738769503, 18.8201198577881 ], [ -97.455627441406193, 18.769840240478501 ], [ -97.501815795898395, 18.7516994476319 ], [ -97.510192871093807, 18.754421234130898 ], [ -97.511695861816406, 18.7877502441407 ], [ -97.522087097167997, 18.77299118042 ], [ -97.534538269042997, 18.7865600585938 ], [ -97.551261901855398, 18.768360137939499 ], [ -97.600296020507798, 18.7583408355712 ], [ -97.627853393554702, 18.7665004730225 ], [ -97.637657165527301, 18.753280639648601 ], [ -97.649353027343807, 18.757482528686499 ], [ -97.666862487792997, 18.784969329833999 ] ] ] } },
{ "type": "Feature", "properties": { "NAME_1": "Puebla", "NAME_2": "Zacapala" }, "geometry": { "type": "Polygon", "coordinates": [ [ [ -97.915100097656193, 18.571529388427699 ], [ -97.949668884277301, 18.554758071899499 ], [ -97.969757080078097, 18.556978225708001 ], [ -97.974357604980497, 18.57253074646 ], [ -98.003662109374901, 18.603590011596701 ], [ -97.9974365234375, 18.63334274292 ], [ -97.958183288574205, 18.651561737060501 ], [ -97.942527770995994, 18.646112442016701 ], [ -97.915077209472599, 18.659839630126999 ], [ -97.885612487792898, 18.691259384155401 ], [ -97.874717712402301, 18.7401103973388 ], [ -97.846771240234403, 18.763799667358398 ], [ -97.798561096191406, 18.779781341552699 ], [ -97.784286499023395, 18.715131759643501 ], [ -97.785881042480497, 18.670030593871999 ], [ -97.793731689453097, 18.660650253295898 ], [ -97.823326110839801, 18.6562309265137 ], [ -97.835350036620994, 18.646350860595799 ], [ -97.876441955566307, 18.646301269531399 ], [ -97.890441894531193, 18.6314010620118 ], [ -97.915100097656193, 18.571529388427699 ] ] ] } },
{ "type": "Feature", "properties": { "NAME_1": "Puebla", "NAME_2": "Zacapoaxtla" }, "geometry": { "type": "Polygon", "coordinates": [ [ [ -97.539619445800696, 19.9381198883057 ], [ -97.494712829589702, 19.9876308441163 ], [ -97.476387023925696, 19.974729537963999 ], [ -97.475067138671804, 19.886529922485298 ], [ -97.515823364257798, 19.826810836791999 ], [ -97.522750854492102, 19.780849456787202 ], [ -97.559066772460895, 19.778181076049901 ], [ -97.549957275390597, 19.829839706420898 ], [ -97.566856384277301, 19.848859786987202 ], [ -97.540573120117102, 19.861030578613299 ], [ -97.539619445800696, 19.9381198883057 ] ] ] } },
{ "type": "Feature", "properties": { "NAME_1": "Puebla", "NAME_2": "Zacatlán" }, "geometry": { "type": "Polygon", "coordinates": [ [ [ -97.795883178710795, 19.918521881103601 ], [ -97.809730529785199, 19.83736038208 ], [ -97.816802978515597, 19.8303508758544 ], [ -97.891708374023395, 19.847490310668899 ], [ -97.887138366699205, 19.860361099243299 ], [ -97.901542663574205, 19.890430450439499 ], [ -97.921882629394503, 19.901350021362301 ], [ -97.931808471679702, 19.917030334472699 ], [ -97.929931640625, 19.9327697753907 ], [ -97.943733215332003, 19.9739093780518 ], [ -98.013832092285199, 20.034240722656399 ], [ -98.049285888671903, 20.024429321289102 ], [ -98.074378967285199, 20.0306606292725 ], [ -98.083740234375, 20.0472507476807 ], [ -98.074836730957003, 20.057991027831999 ], [ -98.076599121093807, 20.0754299163819 ], [ -98.046936035156193, 20.072050094604499 ], [ -98.044960021972599, 20.103202819824201 ], [ -97.995429992675795, 20.1002082824707 ], [ -97.975280761718807, 20.109819412231602 ], [ -97.970268249511705, 20.085109710693501 ], [ -97.952445983886705, 20.078411102295 ], [ -97.844551086425795, 20.101539611816499 ], [ -97.838859558105398, 20.073270797729499 ], [ -97.864982604980497, 20.026809692382901 ], [ -97.859138488769503, 20.0093898773194 ], [ -97.785377502441307, 20.022750854492202 ], [ -97.767196655273395, 19.997959136962798 ], [ -97.787506103515597, 19.963830947876001 ], [ -97.795883178710795, 19.918521881103601 ] ] ] } },
{ "type": "Feature", "properties": { "NAME_1": "Puebla", "NAME_2": "Zapotitlán" }, "geometry": { "type": "Polygon", "coordinates": [ [ [ -97.302070617675696, 18.255897521972599 ], [ -97.385665893554702, 18.276502609252901 ], [ -97.436126708984304, 18.322151184082099 ], [ -97.441581726074205, 18.319919586181602 ], [ -97.461776733398395, 18.2817707061768 ], [ -97.506027221679602, 18.2588596343994 ], [ -97.497047424316406, 18.227399826049901 ], [ -97.4658203125, 18.224941253662099 ], [ -97.449836730957003, 18.2087326049806 ], [ -97.452552795410099, 18.166561126708999 ], [ -97.463401794433494, 18.142692565918001 ], [ -97.472526550292997, 18.139501571655199 ], [ -97.492507934570298, 18.186050415039201 ], [ -97.559532165527301, 18.237220764160199 ], [ -97.563827514648395, 18.248710632324201 ], [ -97.507400512695298, 18.291110992431602 ], [ -97.519287109374901, 18.378562927246101 ], [ -97.505348205566406, 18.396419525146499 ], [ -97.442115783691406, 18.4458198547363 ], [ -97.364273071289105, 18.470251083373999 ], [ -97.331260681152301, 18.441370010376001 ], [ -97.311607360839702, 18.303970336914102 ], [ -97.294891357421804, 18.2693996429443 ], [ -97.302070617675696, 18.255897521972599 ] ] ] } },
{ "type": "Feature", "properties": { "NAME_1": "Puebla", "NAME_2": "Zapotitlán de Méndez" }, "geometry": { "type": "Polygon", "coordinates": [ [ [ -97.622138977050795, 20.003810882568398 ], [ -97.658332824707003, 19.9915981292725 ], [ -97.670059204101506, 20.004640579223601 ], [ -97.697242736816307, 20.0048217773438 ], [ -97.706413269042898, 20.012781143188601 ], [ -97.678802490234403, 20.033990859985401 ], [ -97.620346069335895, 20.022092819213899 ], [ -97.564132690429602, 20.042539596557699 ], [ -97.566856384277301, 20.017780303955199 ], [ -97.622138977050795, 20.003810882568398 ] ] ] } },
{ "type": "Feature", "properties": { "NAME_1": "Puebla", "NAME_2": "Zaragoza" }, "geometry": { "type": "Polygon", "coordinates": [ [ [ -97.487602233886705, 19.761449813842901 ], [ -97.503967285156193, 19.779340744018601 ], [ -97.522750854492102, 19.780849456787202 ], [ -97.515823364257798, 19.826810836791999 ], [ -97.475067138671804, 19.886529922485298 ], [ -97.45556640625, 19.881599426269599 ], [ -97.453079223632798, 19.865921020507798 ], [ -97.465637207031193, 19.834270477295 ], [ -97.466522216796903, 19.801540374755898 ], [ -97.487602233886705, 19.761449813842901 ] ] ] } },
{ "type": "Feature", "properties": { "NAME_1": "Puebla", "NAME_2": "Zautla" }, "geometry": { "type": "Polygon", "coordinates": [ [ [ -97.531967163085895, 19.6769104003906 ], [ -97.553207397460895, 19.689540863037099 ], [ -97.569046020507798, 19.687639236450199 ], [ -97.584877014160199, 19.675270080566499 ], [ -97.598472595214702, 19.6490497589112 ], [ -97.612129211425795, 19.648048400878999 ], [ -97.636466979980497, 19.722272872924801 ], [ -97.614860534667898, 19.761739730835 ], [ -97.613456726074205, 19.7824401855469 ], [ -97.507392883300696, 19.780689239502099 ], [ -97.494438171386705, 19.770740509033299 ], [ -97.489273071289006, 19.7493896484375 ], [ -97.510017395019503, 19.691289901733501 ], [ -97.531967163085895, 19.6769104003906 ] ] ] } },
{ "type": "Feature", "properties": { "NAME_1": "Puebla", "NAME_2": "Zihuateutla" }, "geometry": { "type": "GeometryCollection", "geometries": [ { "type": "Polygon", "coordinates": [ [ [ -97.837738037109304, 20.269290924072301 ], [ -97.875556945800795, 20.2754917144775 ], [ -97.891021728515597, 20.292310714721602 ], [ -97.886466979980398, 20.305110931396499 ], [ -97.841476440429702, 20.326999664306602 ], [ -97.800582885742202, 20.326679229736399 ], [ -97.779800415039105, 20.338470458984499 ], [ -97.768386840820298, 20.3312702178956 ], [ -97.761947631835895, 20.373399734497099 ], [ -97.749298095703097, 20.379070281982401 ], [ -97.745536804199205, 20.367637634277401 ], [ -97.737518310546804, 20.366939544677798 ], [ -97.733291625976506, 20.399919509887798 ], [ -97.712615966796804, 20.41162109375 ], [ -97.708786010742102, 20.3491497039794 ], [ -97.788909912109304, 20.277940750122099 ], [ -97.837738037109304, 20.269290924072301 ] ] ] }, { "type": "Polygon", "coordinates": [ [ [ -97.742027282714801, 19.963569641113299 ], [ -97.745201110839801, 19.9970607757568 ], [ -97.704399108886705, 20.007978439331101 ], [ -97.670059204101506, 20.004640579223601 ], [ -97.658332824707003, 19.9915981292725 ], [ -97.742027282714801, 19.963569641113299 ] ] ] } ] } },
{ "type": "Feature", "properties": { "NAME_1": "Puebla", "NAME_2": "Zinacatepec" }, "geometry": { "type": "Polygon", "coordinates": [ [ [ -97.145057678222699, 18.3130397796632 ], [ -97.208801269531094, 18.346271514892599 ], [ -97.203453063964801, 18.369119644165099 ], [ -97.190971374511605, 18.377170562744102 ], [ -97.112007141113196, 18.3426399230957 ], [ -97.145057678222699, 18.3130397796632 ] ] ] } },
{ "type": "Feature", "properties": { "NAME_1": "Puebla", "NAME_2": "Zoquiapan" }, "geometry": { "type": "Polygon", "coordinates": [ [ [ -97.528182983398395, 20.060470581054702 ], [ -97.477432250976506, 20.061700820922901 ], [ -97.482902526855497, 20.032182693481499 ], [ -97.527915954589801, 20.013380050659201 ], [ -97.543792724609304, 20.0148010253907 ], [ -97.543586730957003, 20.0253009796143 ], [ -97.525177001953097, 20.041490554809599 ], [ -97.528182983398395, 20.060470581054702 ] ] ] } },
{ "type": "Feature", "properties": { "NAME_1": "Puebla", "NAME_2": "Zoquitlan" }, "geometry": { "type": "Polygon", "coordinates": [ [ [ -96.946556091308594, 18.3479404449463 ], [ -96.926345825195298, 18.389280319213899 ], [ -96.928779602050696, 18.4219894409181 ], [ -96.900146484375, 18.447860717773501 ], [ -96.874656677246094, 18.505569458007798 ], [ -96.850341796875, 18.470851898193398 ], [ -96.766326904296903, 18.4631576538087 ], [ -96.766853332519503, 18.449529647827202 ], [ -96.791976928710895, 18.428600311279201 ], [ -96.794692993164006, 18.3809299468994 ], [ -96.786163330078097, 18.3549709320069 ], [ -96.890937805175696, 18.348140716552699 ], [ -96.936576843261705, 18.312700271606499 ], [ -96.948799133300696, 18.321878433227699 ], [ -96.946556091308594, 18.3479404449463 ] ] ] } }
]
}
