{
"type": "FeatureCollection",
"name": "sinaloa",
"crs": { "type": "name", "properties": { "name": "urn:ogc:def:crs:OGC:1.3:CRS84" } },
"features": [
{ "type": "Feature", "properties": { "NAME_1": "Sinaloa", "NAME_2": "Ahome" }, "geometry": { "type": "GeometryCollection", "geometries": [ { "type": "Polygon", "coordinates": [ [ [ -109.114585876465, 25.586250305175799 ], [ -109.109580993652003, 25.592082977294901 ], [ -109.116806030272997, 25.6065273284913 ], [ -109.12735748291, 25.594305038452301 ], [ -109.119857788085994, 25.592082977294901 ], [ -109.118751525879006, 25.582361221313501 ], [ -109.10319519043, 25.570417404174901 ], [ -109.151527404785, 25.586526870727599 ], [ -109.159301757812003, 25.6081943511962 ], [ -109.152641296387003, 25.609582901001001 ], [ -109.154029846190994, 25.617082595825298 ], [ -109.161529541015994, 25.614585876465 ], [ -109.166809082030994, 25.629306793212901 ], [ -109.18514251709, 25.6429176330568 ], [ -109.172920227050994, 25.645139694213899 ], [ -109.169303894042997, 25.650693893432599 ], [ -109.190414428710994, 25.643194198608299 ], [ -109.186248779297003, 25.657638549804702 ], [ -109.175971984862997, 25.659027099609499 ], [ -109.203475952147997, 25.6570835113525 ], [ -109.207359313965, 25.665693283081001 ], [ -109.194030761719006, 25.677639007568501 ], [ -109.208190917969006, 25.669584274291999 ], [ -109.210693359375, 25.677639007568501 ], [ -109.234024047852003, 25.683750152588001 ], [ -109.237915039062003, 25.710971832275401 ], [ -109.242919921875, 25.698194503784201 ], [ -109.263748168945, 25.6962509155275 ], [ -109.248748779297003, 25.689306259155401 ], [ -109.253471374512003, 25.668750762939499 ], [ -109.233192443847997, 25.645694732666101 ], [ -109.264579772949006, 25.6490268707275 ], [ -109.266250610352003, 25.643749237060501 ], [ -109.222915649414006, 25.6462497711182 ], [ -109.229858398437003, 25.6390285491943 ], [ -109.188751220702997, 25.625139236450298 ], [ -109.180969238280994, 25.6154174804688 ], [ -109.19319152832, 25.612085342407301 ], [ -109.174026489257997, 25.603195190429702 ], [ -109.160697937012003, 25.560972213745199 ], [ -109.191528320312003, 25.603195190429702 ], [ -109.250137329102003, 25.635416030883899 ], [ -109.330139160155994, 25.646528244018601 ], [ -109.371803283690994, 25.636806488037202 ], [ -109.394859313965, 25.6373615264894 ], [ -109.377082824707003, 25.6398620605469 ], [ -109.362358093262003, 25.6545848846437 ], [ -109.355972290039006, 25.650693893432599 ], [ -109.319862365722997, 25.655136108398501 ], [ -109.334861755370994, 25.6579189300537 ], [ -109.375137329102003, 25.653192520141701 ], [ -109.373474121094006, 25.665138244628999 ], [ -109.355697631835994, 25.669307708740199 ], [ -109.299858093262003, 25.657361984252901 ], [ -109.305969238280994, 25.662359237671001 ], [ -109.304862976074006, 25.662639617919901 ], [ -109.296524047850994, 25.6554145812988 ], [ -109.316802978515994, 25.65625 ], [ -109.318473815917997, 25.653192520141701 ], [ -109.289306640625, 25.649583816528299 ], [ -109.295135498047003, 25.6554145812988 ], [ -109.285415649414006, 25.664863586425799 ], [ -109.290412902832003, 25.7051391601563 ], [ -109.282638549805, 25.714305877685501 ], [ -109.287635803222997, 25.7287502288819 ], [ -109.310974121094006, 25.730417251586999 ], [ -109.325691223144005, 25.7534713745118 ], [ -109.336524963379006, 25.742639541626101 ], [ -109.334861755370994, 25.755416870117202 ], [ -109.346252441405994, 25.7543048858643 ], [ -109.375137329102003, 25.776525497436499 ], [ -109.400970458984006, 25.760974884033299 ], [ -109.400413513184006, 25.712360382080199 ], [ -109.390975952147997, 25.6781921386719 ], [ -109.399024963379006, 25.679582595825199 ], [ -109.405693054199006, 25.743749618530298 ], [ -109.432640075684006, 25.803195953369102 ], [ -109.425971984862997, 25.8040275573731 ], [ -109.420692443847997, 25.894027709961101 ], [ -109.417915344237997, 25.887083053588999 ], [ -109.405975341797003, 25.893472671508899 ], [ -109.412086486815994, 25.892082214355501 ], [ -109.405693054199006, 25.8990287780762 ], [ -109.413749694824006, 25.894027709961101 ], [ -109.419303894042997, 25.899583816528398 ], [ -109.413475036620994, 25.9070835113525 ], [ -109.421806335449006, 25.9251384735107 ], [ -109.39958190918, 25.9315280914307 ], [ -109.421249389647997, 25.929306030273601 ], [ -109.426246643065994, 25.937084197998001 ], [ -109.430694580077997, 25.938749313354499 ], [ -109.424858093262003, 25.933193206787202 ], [ -109.422080993652003, 25.928472518921001 ], [ -109.423469543457003, 25.926805496215898 ], [ -109.444305419922003, 25.936250686645501 ], [ -109.447914123535, 25.948474884033299 ], [ -109.436531066895, 25.998193740844801 ], [ -109.404304504395, 25.996528625488299 ], [ -109.410972595215, 25.997917175293001 ], [ -109.404945373535, 26.002702713012798 ], [ -109.406112670897997, 26.004997253418001 ], [ -109.424446105957003, 26.004167556762699 ], [ -109.420280456542997, 26.010555267333999 ], [ -109.431945800780994, 26.0036106109619 ], [ -109.413024902344006, 26.047189712524499 ], [ -109.407775878905994, 26.035278320312599 ], [ -109.403610229492003, 26.0355548858643 ], [ -109.397224426269005, 26.0422248840332 ], [ -109.397499084472997, 26.049444198608501 ], [ -109.405555725097997, 26.057222366333001 ], [ -109.403610229492003, 26.060279846191499 ], [ -109.404441833495994, 26.062778472900401 ], [ -109.37833404541, 26.099996566772401 ], [ -109.376152038574006, 26.099456787109499 ], [ -109.380752563477003, 26.095823287963899 ], [ -109.379447937012003, 26.088888168335099 ], [ -109.380012512207003, 26.095869064331101 ], [ -109.358612060547003, 26.111944198608501 ], [ -109.360275268555, 26.116111755371101 ], [ -109.345840454102003, 26.119457244873001 ], [ -109.335830688477003, 26.1097221374512 ], [ -109.343330383300994, 26.108333587646602 ], [ -109.345558166504006, 26.106388092041101 ], [ -109.345001220702997, 26.1005554199219 ], [ -109.338333129882997, 26.095277786255 ], [ -109.329170227050994, 26.091943740844702 ], [ -109.345275878905994, 26.1041660308838 ], [ -109.33528137207, 26.1080532073975 ], [ -109.335220336914006, 26.111110687255898 ], [ -109.339447021484006, 26.1158332824707 ], [ -109.332221984862997, 26.122499465942401 ], [ -109.358055114745994, 26.118055343628001 ], [ -109.362503051757997, 26.114721298217798 ], [ -109.364166259765994, 26.109165191650401 ], [ -109.374725341797003, 26.1013908386231 ], [ -109.30305480957, 26.215278625488299 ], [ -109.289169311522997, 26.275833129882901 ], [ -109.248611450195, 26.315555572509801 ], [ -109.237503051757997, 26.312177658081101 ], [ -109.235000610352003, 26.298334121704102 ], [ -109.241386413574006, 26.298334121704102 ], [ -109.245552062987997, 26.276388168335099 ], [ -109.246948242187997, 26.2855548858643 ], [ -109.258056640625, 26.268333435058601 ], [ -109.272499084472997, 26.280832290649499 ], [ -109.277221679687997, 26.2744445800781 ], [ -109.303611755370994, 26.1686115264893 ], [ -109.304168701172003, 26.158056259155298 ], [ -109.297500610352003, 26.167222976684702 ], [ -109.28694152832, 26.149723052978601 ], [ -109.289443969727003, 26.1394443511963 ], [ -109.274169921875, 26.1550006866456 ], [ -109.259162902832003, 26.190000534057699 ], [ -109.270835876465, 26.216388702392599 ], [ -109.247497558594006, 26.215833663940401 ], [ -109.256385803222997, 26.206386566162099 ], [ -109.253051757812003, 26.200832366943501 ], [ -109.241668701172003, 26.219722747802798 ], [ -109.247779846190994, 26.2191677093507 ], [ -109.251113891602003, 26.238611221313501 ], [ -109.236389160155994, 26.229444503784201 ], [ -109.235000610352003, 26.250555038452099 ], [ -109.220275878905994, 26.263889312744201 ], [ -109.216110229492003, 26.323102951049901 ], [ -109.174446105957003, 26.318611145019599 ], [ -109.156669616699006, 26.305276870727699 ], [ -109.166114807129006, 26.278610229492202 ], [ -109.148330688477003, 26.273332595825199 ], [ -109.173332214355, 26.263334274291999 ], [ -109.179168701172003, 26.2500019073487 ], [ -109.168891906737997, 26.253889083862401 ], [ -109.166946411132997, 26.248611450195401 ], [ -109.155830383300994, 26.2574996948243 ], [ -109.161392211914006, 26.237777709960898 ], [ -109.133056640625, 26.234443664550799 ], [ -109.135559082030994, 26.224445343017699 ], [ -109.121948242187997, 26.2238883972169 ], [ -109.122497558594006, 26.214166641235401 ], [ -109.108055114745994, 26.210556030273501 ], [ -109.110321044922003, 26.186902999878001 ], [ -109.10221862793, 26.214166641235401 ], [ -109.122222900390994, 26.244165420532202 ], [ -109.101669311522997, 26.273332595825199 ], [ -109.092781066895, 26.264722824096701 ], [ -109.090278625487997, 26.282222747802798 ], [ -109.098335266112997, 26.286386489868299 ], [ -109.108612060547003, 26.276666641235501 ], [ -109.125274658202997, 26.284721374511701 ], [ -109.135833740234006, 26.297775268554702 ], [ -109.122497558594006, 26.298887252807699 ], [ -109.123611450195, 26.3088893890381 ], [ -109.140556335449006, 26.307500839233501 ], [ -109.14778137207, 26.3144435882568 ], [ -109.15055847168, 26.331943511962901 ], [ -109.135276794434006, 26.332777023315501 ], [ -109.133888244629006, 26.3399982452394 ], [ -109.158332824707003, 26.337776184082099 ], [ -109.152496337890994, 26.360000610351701 ], [ -109.163520812987997, 26.3507385253906 ], [ -109.170608520507997, 26.430070877075099 ], [ -109.161781311035, 26.440269470215 ], [ -109.14714050293, 26.41854095459 ], [ -109.147216796875, 26.368770599365298 ], [ -109.113212585449006, 26.374841690063501 ], [ -109.125358581542997, 26.402830123901499 ], [ -109.105476379394005, 26.3949794769288 ], [ -109.085891723632997, 26.374410629272599 ], [ -109.079086303710994, 26.3408603668213 ], [ -109.055686950684006, 26.3401794433593 ], [ -109.059898376465, 26.313571929931602 ], [ -109.046401977539006, 26.300621032714901 ], [ -109.023658752440994, 26.3196105957031 ], [ -108.903816223145, 26.379049301147401 ], [ -108.861778259277003, 26.331861495971701 ], [ -108.887657165527003, 26.310979843139599 ], [ -108.956489562987997, 26.2920017242432 ], [ -108.958625793457003, 26.2644996643068 ], [ -108.899551391602003, 26.252059936523398 ], [ -108.884490966797003, 26.240659713745199 ], [ -108.88981628418, 26.221551895141701 ], [ -108.924247741699006, 26.197191238403299 ], [ -108.839706420897997, 26.1349506378175 ], [ -108.805183410644005, 26.0830402374268 ], [ -108.803512573242003, 26.0477600097657 ], [ -108.782249450684006, 26.019701004028398 ], [ -108.824562072754006, 25.976081848144499 ], [ -108.875183105469006, 25.944900512695401 ], [ -108.893867492675994, 25.945808410644499 ], [ -108.946929931640994, 25.971452713012798 ], [ -108.962097167969006, 25.967729568481399 ], [ -108.952339172362997, 25.9485301971437 ], [ -108.875396728515994, 25.933559417724702 ], [ -108.876388549805, 25.9222297668457 ], [ -108.932716369629006, 25.875669479370199 ], [ -108.90788269043, 25.827800750732401 ], [ -108.897178649902003, 25.828510284423899 ], [ -108.884773254395, 25.8507404327393 ], [ -108.849830627440994, 25.883609771728601 ], [ -108.830108642577997, 25.85378074646 ], [ -108.80265045166, 25.8956203460694 ], [ -108.792770385742003, 25.897230148315501 ], [ -108.785270690917997, 25.880111694336101 ], [ -108.774917602539006, 25.8791618347169 ], [ -108.715606689452997, 25.927829742431701 ], [ -108.696083068847997, 25.929428100586001 ], [ -108.701187133789006, 25.9055709838868 ], [ -108.696136474609006, 25.8230800628662 ], [ -108.743240356445, 25.788522720336999 ], [ -108.771171569824006, 25.7481002807618 ], [ -108.798126220702997, 25.685520172119102 ], [ -108.784606933594006, 25.664529800415099 ], [ -108.758003234862997, 25.665781021118299 ], [ -108.730743408202997, 25.6784896850587 ], [ -108.716857910155994, 25.6697101593018 ], [ -108.761817932129006, 25.625310897827099 ], [ -108.774017333984006, 25.598690032959102 ], [ -108.777297973632997, 25.5624904632569 ], [ -108.76123046875, 25.5240287780762 ], [ -108.775970458984006, 25.53125 ], [ -108.777359008789006, 25.547084808349702 ], [ -108.785415649414006, 25.537361145019599 ], [ -108.788192749022997, 25.543193817138601 ], [ -108.80680847168, 25.540138244628999 ], [ -108.819030761719006, 25.526805877685501 ], [ -108.834587097167997, 25.544582366943398 ], [ -108.838752746582003, 25.564582824707099 ], [ -108.858192443847997, 25.563194274902301 ], [ -108.866806030272997, 25.575696945190401 ], [ -108.869583129882997, 25.5612506866456 ], [ -108.887916564940994, 25.5684719085693 ], [ -108.906524658202997, 25.559303283691499 ], [ -108.905136108397997, 25.538473129272401 ], [ -108.896247863769005, 25.535417556762798 ], [ -108.902641296387003, 25.522638320922901 ], [ -108.897918701172003, 25.515970230102599 ], [ -108.907363891602003, 25.5140285491944 ], [ -108.886253356932997, 25.5040283203125 ], [ -108.898193359375, 25.4823608398438 ], [ -108.914863586425994, 25.474582672119102 ], [ -108.914024353027003, 25.463193893432599 ], [ -108.933471679687997, 25.4523620605469 ], [ -108.939582824707003, 25.4526386260987 ], [ -108.933746337890994, 25.455139160156399 ], [ -108.936248779297003, 25.4762496948243 ], [ -108.955413818359006, 25.471527099609499 ], [ -108.962364196777003, 25.4779167175294 ], [ -108.945419311522997, 25.487083435058601 ], [ -108.943473815917997, 25.498472213745099 ], [ -108.958473205565994, 25.495971679687599 ], [ -108.975135803222997, 25.508472442627099 ], [ -108.99097442627, 25.507917404174901 ], [ -108.997917175292997, 25.498472213745099 ], [ -109.017082214355, 25.5043048858643 ], [ -109.026252746582003, 25.497917175293001 ], [ -109.027084350585994, 25.487638473510799 ], [ -109.010414123535, 25.470972061157301 ], [ -109.000694274902003, 25.471250534057699 ], [ -109.017364501952997, 25.462083816528299 ], [ -109.046806335449006, 25.479303359985401 ], [ -109.032363891602003, 25.460416793823399 ], [ -109.038192749022997, 25.4606952667237 ], [ -109.080413818359006, 25.491804122924801 ], [ -109.085418701172003, 25.510694503784201 ], [ -109.119857788085994, 25.5468063354493 ], [ -109.092086791992003, 25.545974731445298 ], [ -109.104309082030994, 25.542638778686602 ], [ -109.104309082030994, 25.5345859527588 ], [ -109.088752746582003, 25.522916793823299 ], [ -109.094306945800994, 25.541805267334102 ], [ -109.077079772949006, 25.5404167175294 ], [ -109.08097076416, 25.531803131103501 ], [ -109.075973510742003, 25.5284729003906 ], [ -109.069862365722997, 25.533472061157202 ], [ -109.076805114745994, 25.540971755981499 ], [ -109.082641601562003, 25.541805267334102 ], [ -109.08430480957, 25.5531940460206 ], [ -109.073196411132997, 25.5501384735107 ], [ -109.060417175292997, 25.536249160766701 ], [ -109.06485748291, 25.522916793823299 ], [ -109.062362670897997, 25.5184745788575 ], [ -109.057357788085994, 25.538473129272401 ], [ -109.070693969725994, 25.557638168335 ], [ -109.05347442627, 25.549028396606602 ], [ -109.051528930664006, 25.535417556762798 ], [ -109.048469543457003, 25.5487499237062 ], [ -109.026252746582003, 25.552637100219801 ], [ -109.047637939452997, 25.555416107177699 ], [ -109.063194274902003, 25.5693054199219 ], [ -109.048194885254006, 25.565139770507901 ], [ -109.053192138672003, 25.5751361846925 ], [ -109.047080993652003, 25.577917098999102 ], [ -109.054306030272997, 25.5801391601562 ], [ -109.046249389647997, 25.593194961547901 ], [ -109.039863586425994, 25.5784721374513 ], [ -109.033470153809006, 25.585693359375 ], [ -109.013748168945, 25.560695648193501 ], [ -109.002639770507997, 25.564306259155298 ], [ -109.002082824707003, 25.575696945190401 ], [ -108.989860534667997, 25.5748615264893 ], [ -108.995697021484006, 25.564306259155298 ], [ -108.989303588867003, 25.555139541626101 ], [ -108.998474121094006, 25.551805496215898 ], [ -108.982917785645, 25.5420837402344 ], [ -108.970413208007997, 25.569583892822301 ], [ -108.980140686035, 25.583194732666101 ], [ -108.96875, 25.612085342407301 ], [ -108.942642211914006, 25.6065273284913 ], [ -108.935417175292997, 25.617916107177798 ], [ -108.924583435059006, 25.619028091430799 ], [ -108.926803588867003, 25.649860382080099 ], [ -108.937919616699006, 25.672361373901499 ], [ -108.974586486815994, 25.6754169464112 ], [ -108.995697021484006, 25.6581935882569 ], [ -109.015419006347997, 25.657361984252901 ], [ -109.025413513184006, 25.627639770507798 ], [ -109.042358398437003, 25.607360839843899 ], [ -109.036529541015994, 25.602083206176701 ], [ -109.058471679687003, 25.594583511352599 ], [ -109.061805725097997, 25.5801391601562 ], [ -109.058197021484006, 25.602638244628899 ], [ -109.072639465332003, 25.5965270996094 ], [ -109.070693969725994, 25.602083206176701 ], [ -109.076805114745994, 25.6065273284913 ], [ -109.075141906737997, 25.596250534057699 ], [ -109.067916870117003, 25.592361450195298 ], [ -109.08097076416, 25.5884723663331 ], [ -109.080413818359006, 25.5793056488037 ], [ -109.091247558594006, 25.583194732666101 ], [ -109.087913513184006, 25.601528167724702 ], [ -109.103469848632997, 25.605972290039102 ], [ -109.111251831055, 25.6045837402344 ], [ -109.095413208007997, 25.593194961547901 ], [ -109.110694885254006, 25.5868034362794 ], [ -109.100692749022997, 25.5854167938232 ], [ -109.105415344237997, 25.582361221313501 ], [ -109.114585876465, 25.586250305175799 ] ] ] }, { "type": "Polygon", "coordinates": [ [ [ -109.141944885254006, 26.245557785034201 ], [ -109.142501831055, 26.246667861938501 ], [ -109.139999389647997, 26.247779846191499 ], [ -109.139442443847997, 26.246944427490298 ], [ -109.141944885254006, 26.245557785034201 ] ] ] }, { "type": "Polygon", "coordinates": [ [ [ -109.148056030272997, 26.2391662597657 ], [ -109.149169921875, 26.238611221313501 ], [ -109.150001525879006, 26.240278244018601 ], [ -109.149444580077997, 26.240554809570401 ], [ -109.148056030272997, 26.2391662597657 ] ] ] }, { "type": "Polygon", "coordinates": [ [ [ -109.410278320312003, 26.049999237060501 ], [ -109.410835266112997, 26.051389694213899 ], [ -109.409446716309006, 26.054721832275501 ], [ -109.404724121094006, 26.061111450195401 ], [ -109.410278320312003, 26.049999237060501 ] ] ] }, { "type": "Polygon", "coordinates": [ [ [ -109.405830383300994, 26.036945343017599 ], [ -109.409446716309006, 26.040277481079201 ], [ -109.407218933105, 26.056110382080099 ], [ -109.401390075684006, 26.043333053588999 ], [ -109.405830383300994, 26.036945343017599 ] ] ] }, { "type": "Polygon", "coordinates": [ [ [ -109.398330688477003, 26.042776107788001 ], [ -109.399719238280994, 26.044721603393601 ], [ -109.400833129882997, 26.0505561828613 ], [ -109.398056030272997, 26.0480556488038 ], [ -109.398330688477003, 26.042776107788001 ] ] ] } ] } },
{ "type": "Feature", "properties": { "NAME_1": "Sinaloa", "NAME_2": "Angostura" }, "geometry": { "type": "GeometryCollection", "geometries": [ { "type": "Polygon", "coordinates": [ [ [ -108.197914123535, 25.137083053588899 ], [ -108.22208404541, 25.159860610961999 ], [ -108.217086791992003, 25.165971755981499 ], [ -108.220413208007997, 25.174028396606602 ], [ -108.219863891602003, 25.1673603057862 ], [ -108.239028930664006, 25.167638778686602 ], [ -108.239585876465, 25.179306030273501 ], [ -108.24764251709, 25.1823635101319 ], [ -108.252082824707003, 25.198474884033299 ], [ -108.285972595215, 25.200971603393601 ], [ -108.290412902832003, 25.208471298217901 ], [ -108.297920227050994, 25.197639465332099 ], [ -108.283470153809006, 25.178472518921001 ], [ -108.305419921875, 25.2018051147462 ], [ -108.31819152832, 25.194026947021499 ], [ -108.316528320312003, 25.204584121704201 ], [ -108.323753356934006, 25.203750610351701 ], [ -108.332641601562003, 25.214582443237401 ], [ -108.315696716309006, 25.214027404785298 ], [ -108.314308166504006, 25.2423610687256 ], [ -108.359580993652003, 25.2534713745118 ], [ -108.366249084472997, 25.263473510742301 ], [ -108.373344421387003, 25.259475708007798 ], [ -108.396072387695, 25.285219192505 ], [ -108.389366149902003, 25.284549713134901 ], [ -108.403076171875, 25.353061676025401 ], [ -108.34871673584, 25.373390197753899 ], [ -108.374076843262003, 25.390382766723601 ], [ -108.372848510742003, 25.404779434204201 ], [ -108.336982727050994, 25.415252685546999 ], [ -108.296966552734006, 25.415451049804801 ], [ -108.230400085449006, 25.4452304840088 ], [ -108.210266113280994, 25.438299179077301 ], [ -108.146179199219006, 25.4374599456788 ], [ -108.116546630859006, 25.381940841674801 ], [ -108.105476379394005, 25.302898406982401 ], [ -108.09977722168, 25.310199737548899 ], [ -108.090759277344006, 25.299119949340898 ], [ -108.027130126952997, 25.194450378418001 ], [ -108.019065856934006, 25.153079986572301 ], [ -108.021018981934006, 25.105510711669901 ], [ -108.079246520995994, 25.088180541992301 ], [ -108.105140686035, 25.110694885253999 ], [ -108.134307861327997, 25.121805191040199 ], [ -108.128753662109006, 25.1012496948243 ], [ -108.141807556152003, 25.097637176513601 ], [ -108.164306640625, 25.1065273284912 ], [ -108.197914123535, 25.137083053588899 ] ] ] }, { "type": "Polygon", "coordinates": [ [ [ -108.290969848632997, 25.163749694824201 ], [ -108.278747558594006, 25.160972595214901 ], [ -108.270141601562003, 25.1454162597656 ], [ -108.355972290039006, 25.166805267333999 ], [ -108.35041809082, 25.1770839691162 ], [ -108.366249084472997, 25.1909713745118 ], [ -108.344863891602003, 25.1870841979982 ], [ -108.354583740234006, 25.183750152587901 ], [ -108.336807250977003, 25.172084808349599 ], [ -108.339859008789006, 25.185972213745199 ], [ -108.351806640625, 25.195970535278398 ], [ -108.359024047852003, 25.196805953979499 ], [ -108.352607727050994, 25.208517074585 ], [ -108.34041595459, 25.196805953979499 ], [ -108.308959960937003, 25.1901378631593 ], [ -108.317642211914006, 25.179582595825298 ], [ -108.300971984862997, 25.164028167724599 ], [ -108.31014251709, 25.160139083862401 ], [ -108.299308776855, 25.161806106567401 ], [ -108.300140380859006, 25.156803131103501 ], [ -108.289306640625, 25.152915954589801 ], [ -108.296806335449006, 25.161527633667099 ], [ -108.290969848632997, 25.163749694824201 ] ] ] }, { "type": "Polygon", "coordinates": [ [ [ -108.352638244629006, 25.1943054199219 ], [ -108.353469848632997, 25.192916870117099 ], [ -108.356246948242003, 25.1931953430175 ], [ -108.355140686035, 25.1943054199219 ], [ -108.352638244629006, 25.1943054199219 ] ] ] }, { "type": "Polygon", "coordinates": [ [ [ -108.270690917969006, 25.182081222534201 ], [ -108.257919311522997, 25.1743068695069 ], [ -108.24153137207, 25.177637100219801 ], [ -108.25569152832, 25.154027938842798 ], [ -108.272361755370994, 25.162361145019599 ], [ -108.270690917969006, 25.182081222534201 ] ] ] }, { "type": "Polygon", "coordinates": [ [ [ -108.249862670897997, 25.1590270996094 ], [ -108.249580383300994, 25.157081604003899 ], [ -108.253196716309006, 25.1534729003906 ], [ -108.251525878905994, 25.158750534057599 ], [ -108.249862670897997, 25.1590270996094 ] ] ] }, { "type": "Polygon", "coordinates": [ [ [ -108.362915039062003, 25.1556930541993 ], [ -108.364028930664006, 25.152360916137699 ], [ -108.368469238280994, 25.153194427490199 ], [ -108.36653137207, 25.1556930541993 ], [ -108.362915039062003, 25.1556930541993 ] ] ] }, { "type": "Polygon", "coordinates": [ [ [ -108.240417480469006, 25.1534729003906 ], [ -108.239028930664006, 25.149583816528398 ], [ -108.239028930664006, 25.1479167938232 ], [ -108.240974426269005, 25.148750305175799 ], [ -108.240417480469006, 25.1534729003906 ] ] ] }, { "type": "Polygon", "coordinates": [ [ [ -108.240135192870994, 25.1426391601563 ], [ -108.233474731445, 25.140138626098601 ], [ -108.233474731445, 25.1318054199219 ], [ -108.238746643065994, 25.135694503784201 ], [ -108.240135192870994, 25.1426391601563 ] ] ] }, { "type": "Polygon", "coordinates": [ [ [ -108.128196716309006, 25.0990276336669 ], [ -108.135696411132997, 25.096250534057699 ], [ -108.137359619140994, 25.097917556762798 ], [ -108.135139465332003, 25.0990276336669 ], [ -108.128196716309006, 25.0990276336669 ] ] ] }, { "type": "Polygon", "coordinates": [ [ [ -108.250694274902003, 25.098749160766602 ], [ -108.243469238280994, 25.0898628234863 ], [ -108.243751525879006, 25.087917327880799 ], [ -108.25235748291, 25.092916488647401 ], [ -108.250694274902003, 25.098749160766602 ] ] ] }, { "type": "Polygon", "coordinates": [ [ [ -108.235977172852003, 25.0865802764893 ], [ -108.225692749022997, 25.0773620605469 ], [ -108.227912902832003, 25.074306488037202 ], [ -108.237358093262003, 25.0829162597656 ], [ -108.235977172852003, 25.0865802764893 ] ] ] }, { "type": "Polygon", "coordinates": [ [ [ -108.230415344237997, 25.0856952667237 ], [ -108.229858398437997, 25.0837497711182 ], [ -108.232917785645, 25.084583282470799 ], [ -108.232917785645, 25.0856952667237 ], [ -108.230415344237997, 25.0856952667237 ] ] ] }, { "type": "Polygon", "coordinates": [ [ [ -108.220695495605, 25.0776386260987 ], [ -108.218475341797003, 25.074306488037202 ], [ -108.21875, 25.0723590850831 ], [ -108.222915649414006, 25.075973510742301 ], [ -108.220695495605, 25.0776386260987 ] ] ] }, { "type": "Polygon", "coordinates": [ [ [ -108.090141296387003, 24.873470306396602 ], [ -108.105697631835994, 24.928749084472599 ], [ -108.112083435059006, 24.933471679687599 ], [ -108.106246948242003, 24.9118061065675 ], [ -108.114028930664006, 24.909305572509801 ], [ -108.123191833495994, 24.933750152588001 ], [ -108.133750915527003, 24.947360992431602 ], [ -108.137359619140994, 24.9423637390138 ], [ -108.134864807129006, 24.9490261077881 ], [ -108.146530151367003, 24.961805343628001 ], [ -108.128471374512003, 24.962917327880898 ], [ -108.146530151367003, 24.9659729003906 ], [ -108.151802062987997, 24.960138320922901 ], [ -108.156806945800994, 24.966529846191399 ], [ -108.15576171875, 24.9807529449463 ], [ -108.144302368164006, 24.973472595214901 ], [ -108.132637023925994, 24.996528625488299 ], [ -108.145141601562003, 25.041528701782202 ], [ -108.140975952147997, 25.0506916046143 ], [ -108.117080688477003, 25.0187492370606 ], [ -108.093193054199006, 25.001527786254901 ], [ -108.072914123535, 25.008192062378001 ], [ -108.059028625487997, 24.995973587036101 ], [ -108.06014251709, 24.959306716918899 ], [ -108.039863586425994, 24.929027557373001 ], [ -108.039581298827997, 24.934583663940501 ], [ -108.035697937012003, 24.934583663940501 ], [ -108.049308776855, 24.8237495422363 ], [ -108.089859008789006, 24.837083816528299 ], [ -108.08763885498, 24.846248626708899 ], [ -108.077919006347997, 24.841249465942301 ], [ -108.075416564940994, 24.847639083862202 ], [ -108.08097076416, 24.856805801391701 ], [ -108.087364196777003, 24.853471755981399 ], [ -108.090141296387003, 24.873470306396602 ] ] ] }, { "type": "Polygon", "coordinates": [ [ [ -108.194580078125, 25.0159721374513 ], [ -108.191513061522997, 25.0134792327881 ], [ -108.18514251709, 25.001249313354499 ], [ -108.194580078125, 25.012638092041001 ], [ -108.194580078125, 25.0159721374513 ] ] ] }, { "type": "Polygon", "coordinates": [ [ [ -108.165969848632997, 24.979030609130898 ], [ -108.16236114502, 24.974861145019599 ], [ -108.164024353027003, 24.969863891601602 ], [ -108.170135498047003, 24.973749160766701 ], [ -108.165969848632997, 24.979030609130898 ] ] ] }, { "type": "Polygon", "coordinates": [ [ [ -108.148193359375, 24.9559726715088 ], [ -108.143196105957003, 24.9506950378419 ], [ -108.142639160155994, 24.9462509155275 ], [ -108.149307250977003, 24.9523601531982 ], [ -108.148193359375, 24.9559726715088 ] ] ] }, { "type": "Polygon", "coordinates": [ [ [ -108.03791809082, 24.897083282470799 ], [ -108.036804199219006, 24.895694732666001 ], [ -108.038749694824006, 24.894306182861399 ], [ -108.039024353027003, 24.895694732666001 ], [ -108.03791809082, 24.897083282470799 ] ] ] }, { "type": "Polygon", "coordinates": [ [ [ -108.097915649414006, 24.8693046569825 ], [ -108.094306945800994, 24.855138778686499 ], [ -108.097358703612997, 24.85013961792 ], [ -108.102912902832003, 24.862363815307599 ], [ -108.097915649414006, 24.8693046569825 ] ] ] }, { "type": "Polygon", "coordinates": [ [ [ -108.082084655762003, 24.8237495422363 ], [ -108.067916870117003, 24.815416336059599 ], [ -108.062637329102003, 24.807081222534201 ], [ -108.083473205565994, 24.820692062378001 ], [ -108.082084655762003, 24.8237495422363 ] ] ] }, { "type": "Polygon", "coordinates": [ [ [ -108.06014251709, 24.805141448974702 ], [ -108.056526184082003, 24.802360534668001 ], [ -108.057083129882997, 24.8012504577637 ], [ -108.062080383300994, 24.803472518921001 ], [ -108.06014251709, 24.805141448974702 ] ] ] } ] } },
{ "type": "Feature", "properties": { "NAME_1": "Sinaloa", "NAME_2": "Badiraguato" }, "geometry": { "type": "Polygon", "coordinates": [ [ [ -107.270446777344006, 25.123849868774499 ], [ -107.302307128905994, 25.121831893921001 ], [ -107.317657470702997, 25.1130809783937 ], [ -107.332496643065994, 25.130752563476602 ], [ -107.350036621094006, 25.130640029907202 ], [ -107.350357055664006, 25.1656208038331 ], [ -107.365463256835994, 25.163690567016701 ], [ -107.431282043457003, 25.148139953613299 ], [ -107.441070556640994, 25.138250350952202 ], [ -107.435417175292997, 25.129278182983501 ], [ -107.445198059082003, 25.128810882568398 ], [ -107.460540771484006, 25.112110137939599 ], [ -107.489059448242003, 25.128009796142599 ], [ -107.498107910155994, 25.113468170166001 ], [ -107.504432678222997, 25.1203002929688 ], [ -107.533256530762003, 25.100469589233501 ], [ -107.597702026367003, 25.1067714691163 ], [ -107.62525177002, 25.070190429687599 ], [ -107.651359558105, 25.0824508666993 ], [ -107.682266235352003, 25.052240371704102 ], [ -107.719116210937003, 25.040830612182699 ], [ -107.736671447754006, 25.062128067016602 ], [ -107.735458374022997, 25.137060165405298 ], [ -107.715187072754006, 25.1590900421143 ], [ -107.710586547852003, 25.182380676269599 ], [ -107.717636108397997, 25.227401733398601 ], [ -107.740127563475994, 25.248069763183601 ], [ -107.783058166504006, 25.244800567626999 ], [ -107.803398132324006, 25.255161285400501 ], [ -107.827713012695, 25.283649444580099 ], [ -107.846206665039006, 25.342849731445298 ], [ -107.862609863280994, 25.356010437011701 ], [ -107.842308044434006, 25.363399505615199 ], [ -107.844917297362997, 25.416551589965799 ], [ -107.837707519530994, 25.452142715454201 ], [ -107.799186706542997, 25.471981048583999 ], [ -107.79808807373, 25.492240905761701 ], [ -107.779747009277003, 25.506080627441499 ], [ -107.765632629395, 25.530929565429702 ], [ -107.748558044434006, 25.5400409698487 ], [ -107.736999511719006, 25.562259674072401 ], [ -107.709548950195, 25.574581146240298 ], [ -107.717308044434006, 25.596340179443398 ], [ -107.664428710937997, 25.627950668335 ], [ -107.660766601562003, 25.6703910827638 ], [ -107.717475891112997, 25.6781101226807 ], [ -107.740982055664006, 25.689968109130898 ], [ -107.778678894042997, 25.6915302276612 ], [ -107.795082092285, 25.716648101806701 ], [ -107.859687805175994, 25.752140045166101 ], [ -107.867546081542997, 25.769140243530298 ], [ -107.856002807617003, 25.7771911621094 ], [ -107.770416259765994, 25.780229568481399 ], [ -107.750617980957003, 25.791580200195401 ], [ -107.752349853515994, 25.8113498687744 ], [ -107.78328704834, 25.85671043396 ], [ -107.787940979004006, 25.8996810913087 ], [ -107.692756652832003, 25.974929809570298 ], [ -107.630996704102003, 26.062221527099599 ], [ -107.546676635742003, 26.0848083496094 ], [ -107.531616210937997, 26.098171234130898 ], [ -107.524963378905994, 26.1197509765625 ], [ -107.413856506347997, 26.105159759521499 ], [ -107.384010314940994, 26.090692520141701 ], [ -107.329978942870994, 25.9983005523682 ], [ -107.26863861084, 25.9144897460938 ], [ -107.244880676269005, 25.7975807189943 ], [ -107.159332275390994, 25.6963195800781 ], [ -107.157066345215, 25.672380447387798 ], [ -107.132606506347997, 25.679561614990298 ], [ -107.121292114257997, 25.665439605713001 ], [ -107.124710083007997, 25.648090362548899 ], [ -107.169372558594006, 25.623388290405298 ], [ -107.219009399414006, 25.579029083252099 ], [ -107.238403320312003, 25.543279647827099 ], [ -107.223190307617003, 25.519580841064499 ], [ -107.195365905762003, 25.520029067993299 ], [ -107.188911437987997, 25.509691238403398 ], [ -107.245727539062003, 25.378879547119201 ], [ -107.239181518555, 25.325067520141701 ], [ -107.248046875, 25.204740524291999 ], [ -107.270446777344006, 25.123849868774499 ] ] ] } },
{ "type": "Feature", "properties": { "NAME_1": "Sinaloa", "NAME_2": "Boca San Lorenzo" }, "geometry": { "type": "Polygon", "coordinates": [ [ [ -107.301193237305, 24.177423477172901 ], [ -107.217086791992003, 24.1245841979981 ], [ -107.198196411132997, 24.105415344238299 ], [ -107.402641296387003, 24.229305267333999 ], [ -107.409858703612997, 24.234861373901399 ], [ -107.410697937012003, 24.2370834350587 ], [ -107.364303588867003, 24.223749160766701 ], [ -107.301193237305, 24.177423477172901 ] ] ] } },
{ "type": "Feature", "properties": { "NAME_1": "Sinaloa", "NAME_2": "Choix" }, "geometry": { "type": "Polygon", "coordinates": [ [ [ -108.228088378905994, 26.228519439697301 ], [ -108.221626281737997, 26.249200820923001 ], [ -108.256561279297003, 26.314569473266701 ], [ -108.254753112792997, 26.3490505218507 ], [ -108.264358520507997, 26.396448135376101 ], [ -108.276512145995994, 26.401679992675799 ], [ -108.319129943847997, 26.3891906738282 ], [ -108.331176757812003, 26.398740768432599 ], [ -108.323806762695, 26.444599151611399 ], [ -108.279510498047003, 26.462471008300799 ], [ -108.274307250977003, 26.472040176391602 ], [ -108.292167663574006, 26.489080429077301 ], [ -108.285232543945, 26.505409240722699 ], [ -108.308326721190994, 26.511289596557599 ], [ -108.307846069335994, 26.5192184448243 ], [ -108.235290527344006, 26.5807704925538 ], [ -108.269317626952997, 26.6072597503663 ], [ -108.277442932129006, 26.6355209350587 ], [ -108.287841796875, 26.636602401733398 ], [ -108.307319641112997, 26.620309829711999 ], [ -108.393997192382997, 26.608940124511701 ], [ -108.425910949707003, 26.610460281372202 ], [ -108.449729919434006, 26.627622604370099 ], [ -108.464401245117003, 26.615480422973601 ], [ -108.466133117675994, 26.576400756836001 ], [ -108.494651794434006, 26.575691223144599 ], [ -108.491500854492003, 26.555049896240199 ], [ -108.601829528809006, 26.5883903503419 ], [ -108.537162780762003, 26.713171005249102 ], [ -108.452972412109006, 26.743280410766602 ], [ -108.472930908202997, 26.807970046997099 ], [ -108.470176696777003, 26.822870254516701 ], [ -108.42504119873, 26.876489639282301 ], [ -108.381385803222997, 26.913810729980501 ], [ -108.342247009277003, 26.9681205749513 ], [ -108.328765869140994, 27.0012111663819 ], [ -108.329742431640994, 27.0316905975343 ], [ -108.134712219237997, 27.039600372314499 ], [ -108.111785888672003, 27.030229568481499 ], [ -108.101356506347997, 27.012861251831001 ], [ -108.112892150879006, 26.947080612182599 ], [ -108.108207702637003, 26.928970336914201 ], [ -108.078163146972997, 26.913501739501999 ], [ -108.029716491699006, 26.924259185791101 ], [ -108.012016296387003, 26.8771705627443 ], [ -107.988609313965, 26.84375 ], [ -107.988616943359006, 26.815160751342798 ], [ -108.00456237793, 26.764640808105501 ], [ -107.985809326172003, 26.735868453979599 ], [ -107.981323242187997, 26.7082710266113 ], [ -108.003227233887003, 26.656600952148601 ], [ -108.00170135498, 26.640890121460099 ], [ -107.990249633789006, 26.6173610687256 ], [ -107.94677734375, 26.598939895629901 ], [ -107.933708190917997, 26.5844707489013 ], [ -107.92610168457, 26.561767578125099 ], [ -107.930732727050994, 26.516750335693398 ], [ -107.844741821289006, 26.402219772338899 ], [ -107.806488037109006, 26.336139678955099 ], [ -107.790596008300994, 26.299900054931602 ], [ -107.765907287597997, 26.1850109100343 ], [ -107.75, 26.156681060791101 ], [ -107.857749938965, 26.1671829223632 ], [ -107.910110473632997, 26.183010101318398 ], [ -107.946342468262003, 26.205270767211999 ], [ -107.983436584472997, 26.189292907715 ], [ -108.083473205565994, 26.204219818115298 ], [ -108.13102722168, 26.1796607971193 ], [ -108.176361083984006, 26.213960647583001 ], [ -108.228088378905994, 26.228519439697301 ] ] ] } },
{ "type": "Feature", "properties": { "NAME_1": "Sinaloa", "NAME_2": "Concordia" }, "geometry": { "type": "Polygon", "coordinates": [ [ [ -105.760238647460994, 23.4969997406007 ], [ -105.780609130859006, 23.431751251220799 ], [ -105.825286865234006, 23.384538650512798 ], [ -105.875602722167997, 23.344419479370199 ], [ -105.983451843262003, 23.291959762573399 ], [ -105.959426879882997, 23.179021835327202 ], [ -106.025276184082003, 23.151109695434702 ], [ -106.162055969237997, 23.127510070800799 ], [ -106.205276489257997, 23.109340667724702 ], [ -106.206176757812003, 23.181579589843899 ], [ -106.188949584960994, 23.253749847412202 ], [ -106.220886230469006, 23.338720321655401 ], [ -106.224182128905994, 23.389297485351701 ], [ -106.186737060547003, 23.539140701293899 ], [ -106.172180175780994, 23.550769805908299 ], [ -106.149063110352003, 23.5505485534669 ], [ -106.146026611327997, 23.572771072387798 ], [ -106.109703063965, 23.5647506713868 ], [ -106.098709106445, 23.590360641479499 ], [ -106.064552307129006, 23.603961944580199 ], [ -106.061637878417997, 23.634958267211999 ], [ -106.042701721190994, 23.640581130981399 ], [ -106.036163330077997, 23.6661701202393 ], [ -106.023727416992003, 23.677909851074201 ], [ -106.012390136719006, 23.7381916046144 ], [ -105.993370056152003, 23.741081237793001 ], [ -105.97730255127, 23.755069732666001 ], [ -105.953819274902003, 23.754150390625099 ], [ -105.931503295897997, 23.786201477050898 ], [ -105.876808166504006, 23.7269001007081 ], [ -105.846603393555, 23.6621913909913 ], [ -105.77806854248, 23.601360321044901 ], [ -105.760238647460994, 23.4969997406007 ] ] ] } },
{ "type": "Feature", "properties": { "NAME_1": "Sinaloa", "NAME_2": "Cosalá" }, "geometry": { "type": "Polygon", "coordinates": [ [ [ -106.839202880859006, 24.157131195068299 ], [ -106.832176208495994, 24.1805095672607 ], [ -106.860038757324006, 24.188110351562599 ], [ -106.870727539062003, 24.207950592041101 ], [ -106.902137756347997, 24.2093601226807 ], [ -106.911338806152003, 24.241561889648398 ], [ -106.934516906737997, 24.2494411468507 ], [ -106.969100952147997, 24.282630920410199 ], [ -107.000930786132997, 24.269870758056602 ], [ -107.036315917969006, 24.277900695800898 ], [ -107.080596923827997, 24.269201278686499 ], [ -107.201118469237997, 24.330610275268601 ], [ -107.223686218262003, 24.324140548706101 ], [ -107.263977050780994, 24.3462009429932 ], [ -107.263320922852003, 24.363559722900401 ], [ -107.211273193359006, 24.4621906280518 ], [ -107.217361450195, 24.509010314941499 ], [ -107.197006225585994, 24.5271511077882 ], [ -107.224403381347997, 24.654279708862301 ], [ -107.213661193847997, 24.662330627441399 ], [ -107.180610656737997, 24.6579399108888 ], [ -107.172988891602003, 24.669639587402401 ], [ -107.152709960937997, 24.6656608581543 ], [ -107.141181945800994, 24.680360794067401 ], [ -107.163009643555, 24.721799850463899 ], [ -107.179542541504006, 24.732429504394599 ], [ -107.211540222167997, 24.736801147461001 ], [ -107.215522766112997, 24.746828079223601 ], [ -107.198532104492003, 24.7752494812013 ], [ -107.095703125, 24.8271808624268 ], [ -107.076286315917997, 24.851789474487401 ], [ -107.043701171875, 24.842479705810501 ], [ -106.984573364257997, 24.843240737915099 ], [ -106.948829650879006, 24.747962951660199 ], [ -106.898956298827997, 24.740829467773601 ], [ -106.851547241210994, 24.6107501983643 ], [ -106.847473144530994, 24.573921203613398 ], [ -106.824913024902003, 24.566551208496101 ], [ -106.802337646484006, 24.581861495971701 ], [ -106.794647216797003, 24.575059890747099 ], [ -106.791809082030994, 24.536149978637798 ], [ -106.770210266112997, 24.4905395507813 ], [ -106.761817932129006, 24.421899795532301 ], [ -106.72257232666, 24.370479583740298 ], [ -106.703178405762003, 24.303310394287202 ], [ -106.689506530762003, 24.2988510131837 ], [ -106.665641784667997, 24.305259704589801 ], [ -106.634368896484006, 24.286979675293001 ], [ -106.649665832519005, 24.2698898315431 ], [ -106.778396606445, 24.248420715331999 ], [ -106.778022766112997, 24.230339050293001 ], [ -106.795890808105, 24.2128124237062 ], [ -106.797019958495994, 24.192430496215799 ], [ -106.815933227539006, 24.1751308441162 ], [ -106.818359375, 24.159328460693398 ], [ -106.839202880859006, 24.157131195068299 ] ] ] } },
{ "type": "Feature", "properties": { "NAME_1": "Sinaloa", "NAME_2": "Culiacán" }, "geometry": { "type": "GeometryCollection", "geometries": [ { "type": "Polygon", "coordinates": [ [ [ -107.552917480469006, 24.381250381469702 ], [ -107.556526184082003, 24.3893051147462 ], [ -107.506530761719006, 24.358472824096701 ], [ -107.490417480469006, 24.357639312744102 ], [ -107.489303588867003, 24.376806259155298 ], [ -107.509582519530994, 24.3693046569825 ], [ -107.512916564940994, 24.371528625488299 ], [ -107.509307861327997, 24.3801383972168 ], [ -107.481246948242003, 24.388471603393601 ], [ -107.478469848632997, 24.401527404785298 ], [ -107.490135192870994, 24.443748474121101 ], [ -107.514030456542997, 24.4834728240968 ], [ -107.553192138672003, 24.521804809570401 ], [ -107.578475952147997, 24.525972366333001 ], [ -107.614303588867003, 24.514305114746101 ], [ -107.617637634277003, 24.508750915527301 ], [ -107.594581604004006, 24.4962482452393 ], [ -107.572914123535, 24.4923610687256 ], [ -107.597640991210994, 24.485139846801701 ], [ -107.591247558594006, 24.479028701782301 ], [ -107.597640991210994, 24.4679164886475 ], [ -107.64680480957, 24.464860916137798 ], [ -107.641525268555, 24.454584121704201 ], [ -107.635414123535, 24.450416564941399 ], [ -107.642082214355, 24.4518051147462 ], [ -107.649024963379006, 24.461805343627901 ], [ -107.648193359375, 24.4690265655518 ], [ -107.658470153809006, 24.474306106567401 ], [ -107.647087097167997, 24.478193283081101 ], [ -107.670692443847997, 24.485969543457099 ], [ -107.685691833495994, 24.511529922485401 ], [ -107.710693359375, 24.491804122924901 ], [ -107.751251220702997, 24.498750686645501 ], [ -107.755142211914006, 24.5098590850831 ], [ -107.741249084472997, 24.520694732666001 ], [ -107.749031066895, 24.5223617553712 ], [ -107.742919921875, 24.530693054199201 ], [ -107.749862670897997, 24.5226364135743 ], [ -107.755973815917997, 24.525972366333001 ], [ -107.785697937012003, 24.564029693603501 ], [ -107.792640686035, 24.559860229492099 ], [ -107.834030151367003, 24.5937519073487 ], [ -107.868751525879006, 24.602636337280298 ], [ -107.873474121094006, 24.610416412353601 ], [ -107.887359619140994, 24.619028091430799 ], [ -107.895973205565994, 24.6140251159669 ], [ -107.907638549805, 24.619304656982401 ], [ -107.917915344237997, 24.6362495422363 ], [ -107.911247253417997, 24.620416641235401 ], [ -107.927360534667997, 24.6273612976075 ], [ -107.957641601562003, 24.653194427490298 ], [ -107.953193664550994, 24.657083511352599 ], [ -107.953193664550994, 24.6634731292725 ], [ -107.959587097167997, 24.6529140472412 ], [ -107.977912902832003, 24.659584045410298 ], [ -107.974029541015994, 24.670415878296001 ], [ -107.982360839844006, 24.672359466552699 ], [ -107.979026794432997, 24.687639236450298 ], [ -107.980140686035, 24.6909713745118 ], [ -107.984580993652003, 24.682083129882901 ], [ -107.983192443847997, 24.665138244628999 ], [ -107.976524353027003, 24.654027938842901 ], [ -107.980972290039006, 24.6529140472412 ], [ -107.957641601562003, 24.649305343627901 ], [ -107.929862976074006, 24.608749389648398 ], [ -107.919303894042997, 24.607915878295898 ], [ -107.895141601562003, 24.586250305175799 ], [ -107.933746337890994, 24.603471755981499 ], [ -108.004028320312003, 24.658470153808501 ], [ -108.015419006347997, 24.678472518920898 ], [ -108.016525268555, 24.730138778686499 ], [ -108.068748474120994, 24.782363891601602 ], [ -108.042083740234006, 24.7895832061768 ], [ -108.032638549805, 24.7687492370606 ], [ -108.012084960937003, 24.755973815918001 ], [ -108.000137329102003, 24.750972747802798 ], [ -108.005973815917997, 24.764030456543001 ], [ -107.995971679687003, 24.763748168945401 ], [ -107.995140075682997, 24.746805191040199 ], [ -107.987083435059006, 24.766527175903299 ], [ -107.967361450195, 24.781805038452301 ], [ -107.966804504394005, 24.790138244628899 ], [ -107.97486114502, 24.7987499237062 ], [ -107.969306945800994, 24.7965278625488 ], [ -107.965972900390994, 24.803472518921001 ], [ -107.977912902832003, 24.807081222534201 ], [ -107.970138549805, 24.802637100219801 ], [ -107.974586486815994, 24.7993068695069 ], [ -107.987358093262003, 24.809860229492301 ], [ -107.992080688477003, 24.806251525878999 ], [ -107.993751525879006, 24.830137252807599 ], [ -108.017364501952997, 24.8401393890382 ], [ -108.007919311522997, 24.842636108398501 ], [ -108.000968933105, 24.8601379394531 ], [ -108.006805419922003, 24.864027023315501 ], [ -107.987640380859006, 24.883193969726602 ], [ -108.021247863769005, 24.8945827484131 ], [ -108.017913818359006, 24.90625 ], [ -108.007637023925994, 24.902915954589901 ], [ -108.017913818359006, 24.9118061065675 ], [ -107.996803283690994, 24.9351387023925 ], [ -108.000694274902003, 24.945695877075298 ], [ -107.992919921875, 24.964027404785099 ], [ -108.010696411132997, 24.982639312744102 ], [ -108.039306640625, 24.993751525878999 ], [ -108.050140380859006, 25.068195343017599 ], [ -108.065414428710994, 25.0729160308838 ], [ -108.066253662109006, 25.082361221313501 ], [ -108.08763885498, 25.084583282470799 ], [ -108.100074768065994, 25.105737686157301 ], [ -108.079246520995994, 25.088180541992301 ], [ -107.935211181640994, 25.115369796753001 ], [ -107.918952941895, 25.0984210968018 ], [ -107.89266204834, 25.031009674072301 ], [ -107.818168640137003, 24.971162796020501 ], [ -107.784461975097997, 24.922729492187599 ], [ -107.76203918457, 24.928962707519499 ], [ -107.746307373047003, 24.9227104187013 ], [ -107.719772338867003, 24.9550895690919 ], [ -107.693618774414006, 24.971372604370199 ], [ -107.689987182617003, 24.995132446289102 ], [ -107.674140930175994, 25.0090007781982 ], [ -107.667655944824006, 25.033550262451101 ], [ -107.634307861327997, 25.053859710693398 ], [ -107.597702026367003, 25.1067714691163 ], [ -107.533256530762003, 25.100469589233501 ], [ -107.504432678222997, 25.1203002929688 ], [ -107.498107910155994, 25.113468170166001 ], [ -107.489059448242003, 25.128009796142599 ], [ -107.460540771484006, 25.112110137939599 ], [ -107.445198059082003, 25.128810882568398 ], [ -107.435417175292997, 25.129278182983501 ], [ -107.441070556640994, 25.138250350952202 ], [ -107.431282043457003, 25.148139953613299 ], [ -107.352157592772997, 25.165830612182599 ], [ -107.346786499022997, 25.127029418945401 ], [ -107.332496643065994, 25.130752563476602 ], [ -107.311828613280994, 25.1115207672119 ], [ -107.302307128905994, 25.121831893921001 ], [ -107.270446777344006, 25.123849868774499 ], [ -107.229179382324006, 25.099479675293001 ], [ -107.209976196289006, 25.033189773559599 ], [ -107.180023193359006, 25.009679794311602 ], [ -107.132476806640994, 24.928310394287099 ], [ -107.144752502440994, 24.866758346557599 ], [ -107.103607177734006, 24.835109710693398 ], [ -107.085395812987997, 24.838920593261701 ], [ -107.112991333007997, 24.816520690918001 ], [ -107.198532104492003, 24.7752494812013 ], [ -107.215522766112997, 24.746828079223601 ], [ -107.211540222167997, 24.736801147461001 ], [ -107.179542541504006, 24.732429504394599 ], [ -107.163009643555, 24.721799850463899 ], [ -107.141181945800994, 24.680360794067401 ], [ -107.152709960937997, 24.6656608581543 ], [ -107.172988891602003, 24.669639587402401 ], [ -107.180610656737997, 24.6579399108888 ], [ -107.213661193847997, 24.662330627441399 ], [ -107.224403381347997, 24.654279708862301 ], [ -107.197006225585994, 24.5271511077882 ], [ -107.217361450195, 24.509010314941499 ], [ -107.211273193359006, 24.4621906280518 ], [ -107.265396118164006, 24.351448059081999 ], [ -107.249862670897997, 24.3336696624756 ], [ -107.218307495117003, 24.323240280151399 ], [ -107.201118469237997, 24.330610275268601 ], [ -107.080596923827997, 24.269201278686499 ], [ -107.033058166504006, 24.277790069580099 ], [ -107.049842834472997, 24.258409500122099 ], [ -107.021461486815994, 24.196662902832099 ], [ -107.017242431640994, 24.168470382690401 ], [ -107.02271270752, 24.163000106811602 ], [ -107.041786193847997, 24.176612854003999 ], [ -107.048927307129006, 24.153980255126999 ], [ -107.081031799315994, 24.1534729003906 ], [ -107.096946716309006, 24.13431930542 ], [ -107.120826721190994, 24.126659393310501 ], [ -107.133750915527003, 24.103193283081001 ], [ -107.160140991210994, 24.113193511962901 ], [ -107.143753051757997, 24.142360687255898 ], [ -107.182914733887003, 24.159860610961999 ], [ -107.178192138672003, 24.144304275512599 ], [ -107.185417175292997, 24.128749847412099 ], [ -107.169860839844006, 24.1101398468019 ], [ -107.206802368164006, 24.120695114135899 ], [ -107.247085571289006, 24.159307479858398 ], [ -107.31819152832, 24.202640533447301 ], [ -107.327919006347997, 24.218751907348601 ], [ -107.329307556152003, 24.208749771118299 ], [ -107.354583740234006, 24.230972290039102 ], [ -107.377914428710994, 24.230140686035199 ], [ -107.398475646972997, 24.253196716308601 ], [ -107.403747558594006, 24.252916336059599 ], [ -107.39958190918, 24.2423610687256 ], [ -107.415969848632997, 24.243747711181602 ], [ -107.617362976074006, 24.390140533447301 ], [ -107.804580688477003, 24.497917175293001 ], [ -107.795692443847997, 24.499862670898501 ], [ -107.795692443847997, 24.5140285491944 ], [ -107.784301757812003, 24.5123615264894 ], [ -107.76847076416, 24.489305496215898 ], [ -107.73819732666, 24.480415344238299 ], [ -107.725975036620994, 24.465694427490298 ], [ -107.704307556152003, 24.460138320923001 ], [ -107.660972595215, 24.428747177124102 ], [ -107.64347076416, 24.427637100219801 ], [ -107.625419616699006, 24.400415420532301 ], [ -107.586250305175994, 24.396804809570298 ], [ -107.565139770507997, 24.365972518921001 ], [ -107.539863586425994, 24.368749618530298 ], [ -107.528198242187003, 24.358749389648501 ], [ -107.527084350585994, 24.346525192260899 ], [ -107.515419006347997, 24.338750839233299 ], [ -107.512916564940994, 24.342361450195401 ], [ -107.50846862793, 24.343471527099599 ], [ -107.516250610352003, 24.3356952667237 ], [ -107.511253356934006, 24.328193664550799 ], [ -107.498748779297003, 24.332639694213999 ], [ -107.486251831055, 24.326250076294102 ], [ -107.499031066894005, 24.3445835113525 ], [ -107.552917480469006, 24.381250381469702 ] ] ] }, { "type": "Polygon", "coordinates": [ [ [ -108.071250915527003, 25.0729160308838 ], [ -108.070137023925994, 25.073194503784201 ], [ -108.077079772949006, 25.070972442626999 ], [ -108.075141906737997, 25.0723590850831 ], [ -108.071250915527003, 25.0729160308838 ] ] ] }, { "type": "Polygon", "coordinates": [ [ [ -108.010971069335994, 24.978195190429702 ], [ -108.004585266112997, 24.9745826721193 ], [ -108.004585266112997, 24.973194122314499 ], [ -108.009307861327997, 24.97513961792 ], [ -108.010971069335994, 24.978195190429702 ] ] ] }, { "type": "Polygon", "coordinates": [ [ [ -108.004859924315994, 24.961250305175799 ], [ -108.002914428710994, 24.960695266723601 ], [ -108.006530761719006, 24.959306716918899 ], [ -108.005973815917997, 24.960971832275401 ], [ -108.004859924315994, 24.961250305175799 ] ] ] }, { "type": "Polygon", "coordinates": [ [ [ -108.006530761719006, 24.853471755981399 ], [ -108.009307861327997, 24.846248626708899 ], [ -108.017082214355, 24.844030380248999 ], [ -108.013473510742003, 24.850694656372099 ], [ -108.006530761719006, 24.853471755981399 ] ] ] }, { "type": "Polygon", "coordinates": [ [ [ -107.977912902832003, 24.7976379394532 ], [ -107.975692749022997, 24.795974731445401 ], [ -107.97819519043, 24.789304733276399 ], [ -107.980697631835994, 24.7920837402344 ], [ -107.977912902832003, 24.7976379394532 ] ] ] }, { "type": "Polygon", "coordinates": [ [ [ -107.972640991210994, 24.7904167175293 ], [ -107.969306945800994, 24.789026260376001 ], [ -107.970695495605, 24.7870826721193 ], [ -107.972640991210994, 24.78763961792 ], [ -107.972640991210994, 24.7904167175293 ] ] ] }, { "type": "Polygon", "coordinates": [ [ [ -107.980415344237997, 24.669584274291999 ], [ -107.976806640625, 24.667915344238299 ], [ -107.980697631835994, 24.6645832061769 ], [ -107.982086181640994, 24.6670837402344 ], [ -107.980415344237997, 24.669584274291999 ] ] ] }, { "type": "Polygon", "coordinates": [ [ [ -107.878471374512003, 24.612638473510899 ], [ -107.876525878905994, 24.605417251586999 ], [ -107.89013671875, 24.615419387817301 ], [ -107.882080078125, 24.614860534668001 ], [ -107.878471374512003, 24.612638473510899 ] ] ] }, { "type": "Polygon", "coordinates": [ [ [ -107.927635192870994, 24.611803054809599 ], [ -107.927360534667997, 24.613193511962901 ], [ -107.924858093262003, 24.611249923706101 ], [ -107.926528930664006, 24.610971450805799 ], [ -107.927635192870994, 24.611803054809599 ] ] ] }, { "type": "Polygon", "coordinates": [ [ [ -107.880416870117003, 24.583194732666101 ], [ -107.879585266112997, 24.5801391601562 ], [ -107.886253356934006, 24.5812492370606 ], [ -107.88346862793, 24.583471298217699 ], [ -107.880416870117003, 24.583194732666101 ] ] ] }, { "type": "Polygon", "coordinates": [ [ [ -107.873474121094006, 24.578193664550799 ], [ -107.872085571289006, 24.573472976684599 ], [ -107.864585876465, 24.567083358764599 ], [ -107.869895935059006, 24.567592620849599 ], [ -107.873474121094006, 24.572914123535199 ], [ -107.873474121094006, 24.578193664550799 ] ] ] }, { "type": "Polygon", "coordinates": [ [ [ -107.815696716309006, 24.5376377105713 ], [ -107.806251525879006, 24.534584045410199 ], [ -107.819305419922003, 24.529027938842798 ], [ -107.825973510742003, 24.5368061065675 ], [ -107.815696716309006, 24.5376377105713 ] ] ] }, { "type": "Polygon", "coordinates": [ [ [ -107.575973510742003, 24.5148620605469 ], [ -107.572364807129006, 24.512916564941499 ], [ -107.571807861327997, 24.5104160308838 ], [ -107.578193664550994, 24.511529922485401 ], [ -107.575973510742003, 24.5148620605469 ] ] ] }, { "type": "Polygon", "coordinates": [ [ [ -107.554580688477003, 24.507638931274499 ], [ -107.551803588867003, 24.5079154968262 ], [ -107.550971984862997, 24.5059719085694 ], [ -107.553474426269005, 24.506250381469801 ], [ -107.554580688477003, 24.507638931274499 ] ] ] }, { "type": "Polygon", "coordinates": [ [ [ -107.590972900390994, 24.506526947021602 ], [ -107.589027404785, 24.506526947021602 ], [ -107.589302062987997, 24.504583358764702 ], [ -107.590972900390994, 24.504583358764702 ], [ -107.590972900390994, 24.506526947021602 ] ] ] }, { "type": "Polygon", "coordinates": [ [ [ -107.579582214355, 24.506250381469801 ], [ -107.552635192870994, 24.4976406097412 ], [ -107.555969238280994, 24.4823608398438 ], [ -107.547920227050994, 24.483194351196399 ], [ -107.535415649414006, 24.475139617919901 ], [ -107.550971984862997, 24.480415344238299 ], [ -107.555137634277003, 24.472084045410298 ], [ -107.558471679687997, 24.4709701538087 ], [ -107.55680847168, 24.494026184082099 ], [ -107.571250915527003, 24.501806259155401 ], [ -107.589302062987997, 24.4995841979981 ], [ -107.579582214355, 24.506250381469801 ] ] ] }, { "type": "Polygon", "coordinates": [ [ [ -107.549308776855, 24.4931945800782 ], [ -107.548194885254006, 24.493473052978601 ], [ -107.548469543457003, 24.490417480468899 ], [ -107.549858093262003, 24.491249084472699 ], [ -107.549308776855, 24.4931945800782 ] ] ] }, { "type": "Polygon", "coordinates": [ [ [ -107.660415649414006, 24.4806938171387 ], [ -107.658752441405994, 24.480138778686499 ], [ -107.65958404541, 24.473194122314499 ], [ -107.661247253417997, 24.4762496948243 ], [ -107.660415649414006, 24.4806938171387 ] ] ] }, { "type": "Polygon", "coordinates": [ [ [ -107.566253662109006, 24.4795837402344 ], [ -107.562919616699006, 24.478471755981399 ], [ -107.563194274902003, 24.476804733276499 ], [ -107.567916870117003, 24.4787502288818 ], [ -107.566253662109006, 24.4795837402344 ] ] ] }, { "type": "Polygon", "coordinates": [ [ [ -107.548751831055, 24.477638244628999 ], [ -107.549858093262003, 24.4762496948243 ], [ -107.551803588867003, 24.476804733276499 ], [ -107.551246643065994, 24.4779167175294 ], [ -107.548751831055, 24.477638244628999 ] ] ] }, { "type": "Polygon", "coordinates": [ [ [ -107.549308776855, 24.467082977294901 ], [ -107.548469543457003, 24.4659729003907 ], [ -107.55069732666, 24.4643058776856 ], [ -107.551528930664006, 24.4662494659425 ], [ -107.549308776855, 24.467082977294901 ] ] ] }, { "type": "Polygon", "coordinates": [ [ [ -107.564308166504006, 24.463750839233398 ], [ -107.562637329102003, 24.462360382080099 ], [ -107.562919616699006, 24.459583282470799 ], [ -107.564308166504006, 24.460416793823399 ], [ -107.564308166504006, 24.463750839233398 ] ] ] }, { "type": "Polygon", "coordinates": [ [ [ -107.641807556152003, 24.459304809570401 ], [ -107.642364501952997, 24.462638854980501 ], [ -107.634864807129006, 24.454025268554702 ], [ -107.640975952147997, 24.454860687255799 ], [ -107.641807556152003, 24.459304809570401 ] ] ] }, { "type": "Polygon", "coordinates": [ [ [ -107.567916870117003, 24.459304809570401 ], [ -107.565414428710994, 24.4584693908693 ], [ -107.566253662109006, 24.454860687255799 ], [ -107.569305419922003, 24.456529617309499 ], [ -107.567916870117003, 24.459304809570401 ] ] ] }, { "type": "Polygon", "coordinates": [ [ [ -107.570693969727003, 24.4543056488038 ], [ -107.569030761719006, 24.4518051147462 ], [ -107.574028015137003, 24.4523620605469 ], [ -107.573196411132997, 24.4543056488038 ], [ -107.570693969727003, 24.4543056488038 ] ] ] }, { "type": "Polygon", "coordinates": [ [ [ -107.631530761719006, 24.4409713745118 ], [ -107.629859924315994, 24.4418048858644 ], [ -107.623474121094006, 24.439582824707099 ], [ -107.620697021484006, 24.4370841979982 ], [ -107.631530761719006, 24.4409713745118 ] ] ] }, { "type": "Polygon", "coordinates": [ [ [ -107.513748168945, 24.420972824096701 ], [ -107.511528015137003, 24.4190273284913 ], [ -107.512641906737997, 24.415695190429702 ], [ -107.514862060547003, 24.4198627471925 ], [ -107.513748168945, 24.420972824096701 ] ] ] }, { "type": "Polygon", "coordinates": [ [ [ -107.507362365722997, 24.414026260376001 ], [ -107.498191833495994, 24.410139083862301 ], [ -107.504302978515994, 24.401807785034201 ], [ -107.513473510742003, 24.409305572509801 ], [ -107.507362365722997, 24.414026260376001 ] ] ] }, { "type": "Polygon", "coordinates": [ [ [ -107.52180480957, 24.3979167938232 ], [ -107.521530151367003, 24.398750305175799 ], [ -107.519584655762003, 24.3970832824707 ], [ -107.52180480957, 24.396249771118299 ], [ -107.52180480957, 24.3979167938232 ] ] ] }, { "type": "Polygon", "coordinates": [ [ [ -107.517639160155994, 24.3970832824707 ], [ -107.511253356934006, 24.394861221313501 ], [ -107.516525268555, 24.384860992431602 ], [ -107.513748168945, 24.392362594604499 ], [ -107.517639160155994, 24.3970832824707 ] ] ] }, { "type": "Polygon", "coordinates": [ [ [ -107.51513671875, 24.382638931274499 ], [ -107.512641906737997, 24.382083892822301 ], [ -107.514862060547003, 24.378751754760899 ], [ -107.516525268555, 24.3818054199219 ], [ -107.51513671875, 24.382638931274499 ] ] ] }, { "type": "Polygon", "coordinates": [ [ [ -107.513473510742003, 24.367639541626101 ], [ -107.510971069335994, 24.367639541626101 ], [ -107.510971069335994, 24.366806030273601 ], [ -107.513748168945, 24.366249084472798 ], [ -107.513473510742003, 24.367639541626101 ] ] ] }, { "type": "Polygon", "coordinates": [ [ [ -107.397087097167997, 24.2431945800782 ], [ -107.387359619140994, 24.239860534668001 ], [ -107.384582519530994, 24.2340278625488 ], [ -107.394302368164006, 24.237361907958999 ], [ -107.397087097167997, 24.2431945800782 ] ] ] }, { "type": "Polygon", "coordinates": [ [ [ -107.364028930664006, 24.227918624878001 ], [ -107.358474731445, 24.225973129272599 ], [ -107.357086181640994, 24.2223606109619 ], [ -107.368751525879006, 24.226526260376001 ], [ -107.364028930664006, 24.227918624878001 ] ] ] }, { "type": "Polygon", "coordinates": [ [ [ -107.355972290039006, 24.2223606109619 ], [ -107.354858398437997, 24.223194122314499 ], [ -107.352638244629006, 24.220138549804801 ], [ -107.354583740234006, 24.220138549804801 ], [ -107.355972290039006, 24.2223606109619 ] ] ] }, { "type": "Polygon", "coordinates": [ [ [ -107.360717773437997, 24.219028472900401 ], [ -107.360420227050994, 24.219028472900401 ], [ -107.360420227050994, 24.218860626220799 ], [ -107.360717773437997, 24.2189464569093 ], [ -107.360717773437997, 24.219028472900401 ] ] ] }, { "type": "Polygon", "coordinates": [ [ [ -107.338447570800994, 24.206527709961001 ], [ -107.338195800780994, 24.206527709961001 ], [ -107.338195800780994, 24.206304550171001 ], [ -107.338447570800994, 24.206527709961001 ] ] ] }, { "type": "Polygon", "coordinates": [ [ [ -107.30143737793, 24.177640914916999 ], [ -107.301246643065994, 24.177640914916999 ], [ -107.301193237305, 24.177423477172901 ], [ -107.30143737793, 24.177640914916999 ] ] ] }, { "type": "Polygon", "coordinates": [ [ [ -107.301116943359006, 24.177413940429801 ], [ -107.30069732666, 24.177360534668001 ], [ -107.300743103027003, 24.177030563354499 ], [ -107.301116943359006, 24.177413940429801 ] ] ] }, { "type": "Polygon", "coordinates": [ [ [ -107.165969848632997, 24.136249542236399 ], [ -107.163749694824006, 24.136249542236399 ], [ -107.163749694824006, 24.1337509155275 ], [ -107.167083740234006, 24.1343078613282 ], [ -107.165969848632997, 24.136249542236399 ] ] ] }, { "type": "Polygon", "coordinates": [ [ [ -107.172637939452997, 24.133794784546001 ], [ -107.172637939452997, 24.1293048858643 ], [ -107.176528930664006, 24.129583358764599 ], [ -107.177085876465, 24.132085800171001 ], [ -107.172637939452997, 24.133794784546001 ] ] ] }, { "type": "Polygon", "coordinates": [ [ [ -107.170692443847997, 24.129861831665 ], [ -107.168472290039006, 24.1290283203125 ], [ -107.169860839844006, 24.125415802002099 ], [ -107.17236328125, 24.127082824706999 ], [ -107.170692443847997, 24.129861831665 ] ] ] }, { "type": "Polygon", "coordinates": [ [ [ -107.162086486815994, 24.127916336059599 ], [ -107.160415649414006, 24.125972747802798 ], [ -107.166526794434006, 24.123193740844702 ], [ -107.165969848632997, 24.1256942749025 ], [ -107.162086486815994, 24.127916336059599 ] ] ] } ] } },
{ "type": "Feature", "properties": { "NAME_1": "Sinaloa", "NAME_2": "El Fuerte" }, "geometry": { "type": "Polygon", "coordinates": [ [ [ -108.228088378905994, 26.228519439697301 ], [ -108.222061157227003, 26.203300476074201 ], [ -108.228477478027003, 26.1969299316407 ], [ -108.385986328125, 26.165491104126101 ], [ -108.416610717772997, 26.0990982055663 ], [ -108.452438354492003, 26.058540344238299 ], [ -108.49333190918, 25.982601165771602 ], [ -108.564811706542997, 25.957250595092798 ], [ -108.58952331543, 25.9179496765138 ], [ -108.591468811035, 25.896669387817401 ], [ -108.639228820800994, 25.863098144531399 ], [ -108.668991088867003, 25.8731803894043 ], [ -108.648826599120994, 25.909429550171001 ], [ -108.66187286377, 25.907569885253999 ], [ -108.697769165039006, 25.878829956054702 ], [ -108.696083068847997, 25.929428100586001 ], [ -108.706161499022997, 25.9327812194825 ], [ -108.774917602539006, 25.8791618347169 ], [ -108.785270690917997, 25.880111694336101 ], [ -108.792770385742003, 25.897230148315501 ], [ -108.80265045166, 25.8956203460694 ], [ -108.830108642577997, 25.85378074646 ], [ -108.849830627440994, 25.883609771728601 ], [ -108.884773254395, 25.8507404327393 ], [ -108.897178649902003, 25.828510284423899 ], [ -108.90788269043, 25.827800750732401 ], [ -108.932716369629006, 25.875669479370199 ], [ -108.876388549805, 25.9222297668457 ], [ -108.875396728515994, 25.933559417724702 ], [ -108.952339172362997, 25.9485301971437 ], [ -108.962097167969006, 25.967729568481399 ], [ -108.946929931640994, 25.971452713012798 ], [ -108.893867492675994, 25.945808410644499 ], [ -108.875183105469006, 25.944900512695401 ], [ -108.824562072754006, 25.976081848144499 ], [ -108.785186767577997, 26.0148811340331 ], [ -108.782356262207003, 26.027759552001999 ], [ -108.803512573242003, 26.0477600097657 ], [ -108.805183410644005, 26.0830402374268 ], [ -108.839706420897997, 26.1349506378175 ], [ -108.924247741699006, 26.197191238403299 ], [ -108.88981628418, 26.221551895141701 ], [ -108.884490966797003, 26.240659713745199 ], [ -108.899551391602003, 26.252059936523398 ], [ -108.958625793457003, 26.2644996643068 ], [ -108.960762023925994, 26.2860012054443 ], [ -108.887657165527003, 26.310979843139599 ], [ -108.861846923827997, 26.328639984130799 ], [ -108.903816223145, 26.379049301147401 ], [ -108.868881225585994, 26.409360885620199 ], [ -108.810661315917997, 26.418449401855501 ], [ -108.796127319335994, 26.4273281097412 ], [ -108.788146972655994, 26.468410491943501 ], [ -108.793395996094006, 26.5223808288575 ], [ -108.775382995605, 26.545959472656399 ], [ -108.679977416992003, 26.563529968261701 ], [ -108.601829528809006, 26.5883903503419 ], [ -108.491500854492003, 26.555049896240199 ], [ -108.494651794434006, 26.575691223144599 ], [ -108.466133117675994, 26.576400756836001 ], [ -108.464401245117003, 26.615480422973601 ], [ -108.449729919434006, 26.627622604370099 ], [ -108.425910949707003, 26.610460281372202 ], [ -108.393997192382997, 26.608940124511701 ], [ -108.307319641112997, 26.620309829711999 ], [ -108.287841796875, 26.636602401733398 ], [ -108.277442932129006, 26.6355209350587 ], [ -108.269317626952997, 26.6072597503663 ], [ -108.235290527344006, 26.5807704925538 ], [ -108.307846069335994, 26.5192184448243 ], [ -108.308326721190994, 26.511289596557599 ], [ -108.285232543945, 26.505409240722699 ], [ -108.292167663574006, 26.489080429077301 ], [ -108.274307250977003, 26.472040176391602 ], [ -108.279510498047003, 26.462471008300799 ], [ -108.323806762695, 26.444599151611399 ], [ -108.331176757812003, 26.398740768432599 ], [ -108.319129943847997, 26.3891906738282 ], [ -108.276512145995994, 26.401679992675799 ], [ -108.264358520507997, 26.396448135376101 ], [ -108.254753112792997, 26.3490505218507 ], [ -108.256561279297003, 26.314569473266701 ], [ -108.221626281737997, 26.249200820923001 ], [ -108.228088378905994, 26.228519439697301 ] ] ] } },
{ "type": "Feature", "properties": { "NAME_1": "Sinaloa", "NAME_2": "El Rosario" }, "geometry": { "type": "Polygon", "coordinates": [ [ [ -106.013191223144005, 22.821804046630898 ], [ -106.034858703612997, 22.8301391601562 ], [ -106.01180267334, 22.844028472900401 ], [ -106.040138244629006, 22.8354167938232 ], [ -106.129028320312003, 22.9434719085694 ], [ -106.224403381347997, 23.0404167175293 ], [ -106.208137512207003, 23.077779769897599 ], [ -106.217132568359006, 23.095560073852599 ], [ -106.209266662597997, 23.1070327758788 ], [ -106.162055969237997, 23.127510070800799 ], [ -106.025276184082003, 23.151109695434702 ], [ -105.959426879882997, 23.179021835327202 ], [ -105.983451843262003, 23.291959762573399 ], [ -105.875602722167997, 23.344419479370199 ], [ -105.825286865234006, 23.384538650512798 ], [ -105.780609130859006, 23.431751251220799 ], [ -105.760238647460994, 23.4969997406007 ], [ -105.720275878905994, 23.4032096862793 ], [ -105.729736328125, 23.364652633667099 ], [ -105.717231750487997, 23.319721221923899 ], [ -105.651329040527003, 23.242589950561602 ], [ -105.645652770995994, 23.158861160278398 ], [ -105.628616333007997, 23.1189708709718 ], [ -105.607040405272997, 23.1070327758788 ], [ -105.547836303710994, 23.104021072387798 ], [ -105.513481140137003, 23.126148223877099 ], [ -105.48747253418, 23.128639221191399 ], [ -105.397262573242003, 23.0453109741212 ], [ -105.43522644043, 23.015888214111399 ], [ -105.446990966797003, 22.965541839599702 ], [ -105.448402404785, 22.903150558471701 ], [ -105.488967895507997, 22.863660812377901 ], [ -105.567230224609006, 22.886461257934599 ], [ -105.600288391112997, 22.906589508056701 ], [ -105.657791137695, 22.889989852905298 ], [ -105.682601928710994, 22.867050170898601 ], [ -105.69563293457, 22.8644104003907 ], [ -105.735069274902003, 22.896310806274499 ], [ -105.762046813965, 22.9403190612794 ], [ -105.777267456055, 22.946290969848601 ], [ -105.78450012207, 22.910169601440401 ], [ -105.809059143065994, 22.871549606323299 ], [ -105.793357849120994, 22.82253074646 ], [ -105.765663146972997, 22.8041896820069 ], [ -105.770568847655994, 22.784641265869102 ], [ -105.778541564940994, 22.780220031738299 ], [ -105.798286437987997, 22.7901706695557 ], [ -105.799766540527003, 22.769041061401399 ], [ -105.808631896972997, 22.762550354003999 ], [ -105.843399047852003, 22.7698783874513 ], [ -105.862129211425994, 22.796779632568501 ], [ -105.882301330565994, 22.802330017089901 ], [ -105.896537780762003, 22.776830673217699 ], [ -105.895919799805, 22.732925415039102 ], [ -105.960975646972997, 22.790695190429702 ], [ -106.013191223144005, 22.821804046630898 ] ] ] } },
{ "type": "Feature", "properties": { "NAME_1": "Sinaloa", "NAME_2": "Elota" }, "geometry": { "type": "Polygon", "coordinates": [ [ [ -107.020416259765994, 23.959861755371101 ], [ -107.191802978515994, 24.0981941223144 ], [ -107.185417175292997, 24.102361679077202 ], [ -107.154304504395, 24.089027404785199 ], [ -107.112083435059006, 24.057083129882798 ], [ -107.106803894042997, 24.033750534057699 ], [ -107.088752746582003, 24.0184726715088 ], [ -107.072914123535, 24.01291847229 ], [ -107.064582824707003, 23.999584197998001 ], [ -107.020416259765994, 23.969861984253001 ], [ -107.050140380859006, 23.9979152679443 ], [ -107.062110900879006, 23.999860763549801 ], [ -107.06819152832, 24.0204162597657 ], [ -107.089027404785, 24.022638320922901 ], [ -107.093193054199006, 24.0331935882568 ], [ -107.106803894042997, 24.035972595214801 ], [ -107.102081298827997, 24.044305801391701 ], [ -107.11149597168, 24.062442779541101 ], [ -107.165412902832003, 24.103193283081001 ], [ -107.127639770507997, 24.094861984252901 ], [ -107.123748779297003, 24.081247329711999 ], [ -107.111526489257997, 24.0731945037843 ], [ -107.102363586425994, 24.069583892822202 ], [ -107.092361450195, 24.068195343017699 ], [ -107.082084655762003, 24.054029464721701 ], [ -107.057083129882997, 24.039026260376001 ], [ -107.086524963379006, 24.068750381469801 ], [ -107.105697631835994, 24.0720825195313 ], [ -107.134391784667997, 24.110019683837798 ], [ -107.081031799315994, 24.1534729003906 ], [ -107.048927307129006, 24.153980255126999 ], [ -107.041786193847997, 24.176612854003999 ], [ -107.02271270752, 24.163000106811602 ], [ -107.017242431640994, 24.168470382690401 ], [ -107.021461486815994, 24.196662902832099 ], [ -107.049842834472997, 24.258409500122099 ], [ -107.046417236327997, 24.267322540283299 ], [ -107.033058166504006, 24.277790069580099 ], [ -107.000930786132997, 24.269870758056602 ], [ -106.969100952147997, 24.282630920410199 ], [ -106.934516906737997, 24.2494411468507 ], [ -106.911338806152003, 24.241561889648398 ], [ -106.902137756347997, 24.2093601226807 ], [ -106.870727539062003, 24.207950592041101 ], [ -106.860038757324006, 24.188110351562599 ], [ -106.832176208495994, 24.1805095672607 ], [ -106.846221923827997, 24.151901245117202 ], [ -106.843772888182997, 24.085939407348601 ], [ -106.858200073242003, 24.0544128417968 ], [ -106.860527038574006, 23.989080429077301 ], [ -106.906608581542997, 23.8969211578369 ], [ -106.91284942627, 23.860694885253899 ], [ -107.020416259765994, 23.959861755371101 ] ] ] } },
{ "type": "Feature", "properties": { "NAME_1": "Sinaloa", "NAME_2": "Escuinapa" }, "geometry": { "type": "GeometryCollection", "geometries": [ { "type": "Polygon", "coordinates": [ [ [ -105.729583740234006, 22.712917327880898 ], [ -105.73486328125, 22.710138320923001 ], [ -105.716247558594006, 22.695972442626999 ], [ -105.720413208007997, 22.6781940460206 ], [ -105.706802368164006, 22.6373615264893 ], [ -105.684860229492003, 22.618749618530298 ], [ -105.687637329102003, 22.586248397827301 ], [ -105.707359313965, 22.559858322143601 ], [ -105.686531066895, 22.499860763549901 ], [ -105.687080383300994, 22.480417251586999 ], [ -105.695137023925994, 22.472085952758899 ], [ -105.722640991210994, 22.494028091430799 ], [ -105.745140075682997, 22.5476398468019 ], [ -105.762084960937003, 22.551527023315501 ], [ -105.784858703612997, 22.600973129272401 ], [ -105.823471069335994, 22.657638549804801 ], [ -105.895973205565994, 22.7326374053956 ], [ -105.896537780762003, 22.776830673217699 ], [ -105.888816833495994, 22.796100616455099 ], [ -105.870796203612997, 22.803108215332099 ], [ -105.843399047852003, 22.7698783874513 ], [ -105.808631896972997, 22.762550354003999 ], [ -105.799766540527003, 22.769041061401399 ], [ -105.798286437987997, 22.7901706695557 ], [ -105.778541564940994, 22.780220031738299 ], [ -105.770568847655994, 22.784641265869102 ], [ -105.765663146972997, 22.8041896820069 ], [ -105.793357849120994, 22.82253074646 ], [ -105.809059143065994, 22.871549606323299 ], [ -105.78450012207, 22.910169601440401 ], [ -105.777267456055, 22.946290969848601 ], [ -105.762046813965, 22.9403190612794 ], [ -105.735069274902003, 22.896310806274499 ], [ -105.700950622559006, 22.865739822387798 ], [ -105.682601928710994, 22.867050170898601 ], [ -105.649307250977003, 22.8937301635743 ], [ -105.600288391112997, 22.906589508056701 ], [ -105.567230224609006, 22.886461257934599 ], [ -105.488967895507997, 22.863660812377901 ], [ -105.520530700684006, 22.818651199340898 ], [ -105.533172607422003, 22.771900177001999 ], [ -105.515731811522997, 22.7329196929932 ], [ -105.466377258300994, 22.690301895141701 ], [ -105.455322265625, 22.634929656982401 ], [ -105.437431335449006, 22.616300582885799 ], [ -105.430366516112997, 22.545789718628001 ], [ -105.444801330565994, 22.512769699096701 ], [ -105.47038269043, 22.5127906799318 ], [ -105.504600524902003, 22.5283107757568 ], [ -105.583045959472997, 22.533971786499102 ], [ -105.659957885742003, 22.572229385376101 ], [ -105.666954040527003, 22.5801391601563 ], [ -105.657363891602003, 22.613470077514702 ], [ -105.661247253417997, 22.627641677856399 ], [ -105.676528930664006, 22.6479167938232 ], [ -105.702079772949006, 22.655694961547901 ], [ -105.717918395995994, 22.6779174804688 ], [ -105.706802368164006, 22.700416564941399 ], [ -105.65958404541, 22.697639465332099 ], [ -105.661804199219006, 22.7079162597657 ], [ -105.704025268555, 22.735416412353501 ], [ -105.729583740234006, 22.712917327880898 ] ] ] }, { "type": "Polygon", "coordinates": [ [ [ -105.68180847168, 22.600416183471701 ], [ -105.681526184082003, 22.6193046569825 ], [ -105.703193664550994, 22.637916564941499 ], [ -105.700416564940994, 22.647638320922901 ], [ -105.67569732666, 22.6426391601562 ], [ -105.659027099609006, 22.612361907958899 ], [ -105.666809082030994, 22.587083816528398 ], [ -105.676803588867003, 22.583471298217798 ], [ -105.68180847168, 22.600416183471701 ] ] ] }, { "type": "Polygon", "coordinates": [ [ [ -105.681251525879006, 22.4956951141357 ], [ -105.677360534667997, 22.487361907958999 ], [ -105.683197021484006, 22.475694656372202 ], [ -105.683471679687997, 22.494304656982401 ], [ -105.681251525879006, 22.4956951141357 ] ] ] }, { "type": "Polygon", "coordinates": [ [ [ -105.68514251709, 22.480140686035199 ], [ -105.685691833495994, 22.475694656372202 ], [ -105.68985748291, 22.474027633666999 ], [ -105.68985748291, 22.4754161834718 ], [ -105.68514251709, 22.480140686035199 ] ] ] } ] } },
{ "type": "Feature", "properties": { "NAME_1": "Sinaloa", "NAME_2": "Guasave" }, "geometry": { "type": "GeometryCollection", "geometries": [ { "type": "Polygon", "coordinates": [ [ [ -108.632637023925994, 25.354305267333999 ], [ -108.644859313965, 25.359027862548899 ], [ -108.66625213623, 25.392915725708001 ], [ -108.660415649414006, 25.394027709961001 ], [ -108.671806335449006, 25.4026393890382 ], [ -108.689582824707003, 25.4051399230957 ], [ -108.723747253417997, 25.3901386260987 ], [ -108.733474731445, 25.395971298217901 ], [ -108.740417480469006, 25.395139694213899 ], [ -108.725692749022997, 25.411249160766701 ], [ -108.740974426269005, 25.402360916137798 ], [ -108.737083435059006, 25.4134731292725 ], [ -108.746528625487997, 25.4073600769044 ], [ -108.764579772949006, 25.425695419311602 ], [ -108.764030456542997, 25.432361602783299 ], [ -108.742919921875, 25.432361602783299 ], [ -108.754028320312003, 25.437639236450298 ], [ -108.754302978515994, 25.459028244018601 ], [ -108.760696411132997, 25.4543056488038 ], [ -108.756530761719006, 25.443195343017699 ], [ -108.778198242187003, 25.4381923675537 ], [ -108.789581298827997, 25.417638778686602 ], [ -108.793746948242003, 25.4209728240968 ], [ -108.776527404785, 25.447916030883899 ], [ -108.778472900390994, 25.4570827484131 ], [ -108.765693664550994, 25.464027404785199 ], [ -108.790138244629006, 25.4643058776856 ], [ -108.764862060547003, 25.4923610687256 ], [ -108.769584655762003, 25.507917404174901 ], [ -108.777641296387003, 25.505973815918001 ], [ -108.78125, 25.5148601531982 ], [ -108.758193969727003, 25.521806716918899 ], [ -108.777297973632997, 25.5624904632569 ], [ -108.771530151367003, 25.606790542602599 ], [ -108.750930786132997, 25.638029098510899 ], [ -108.716697692870994, 25.6639308929444 ], [ -108.720642089844006, 25.6768703460694 ], [ -108.730743408202997, 25.6784896850587 ], [ -108.758003234862997, 25.665781021118299 ], [ -108.784606933594006, 25.664529800415099 ], [ -108.798126220702997, 25.685520172119102 ], [ -108.771171569824006, 25.7481002807618 ], [ -108.743240356445, 25.788522720336999 ], [ -108.696136474609006, 25.8230800628662 ], [ -108.697769165039006, 25.878829956054702 ], [ -108.655578613280994, 25.910230636596701 ], [ -108.648162841797003, 25.902530670166101 ], [ -108.668991088867003, 25.8731803894043 ], [ -108.640098571777003, 25.863500595092798 ], [ -108.642059326172003, 25.833972930908299 ], [ -108.623146057129006, 25.842649459838999 ], [ -108.610710144042997, 25.839229583740199 ], [ -108.631019592285, 25.809909820556602 ], [ -108.641006469727003, 25.773942947387599 ], [ -108.60188293457, 25.746740341186602 ], [ -108.520156860352003, 25.765689849853601 ], [ -108.496276855469006, 25.757610321044901 ], [ -108.463348388672003, 25.758672714233501 ], [ -108.455146789550994, 25.7799606323243 ], [ -108.439872741699006, 25.786661148071399 ], [ -108.375122070312003, 25.751750946045 ], [ -108.320655822754006, 25.7535800933838 ], [ -108.31037902832, 25.759199142456101 ], [ -108.306480407715, 25.7875881195068 ], [ -108.269432067870994, 25.781860351562599 ], [ -108.247589111327997, 25.803951263427699 ], [ -108.238716125487997, 25.801841735839901 ], [ -108.235046386719006, 25.7871398925782 ], [ -108.207527160644005, 25.7757797241212 ], [ -108.19507598877, 25.722339630126999 ], [ -108.198165893555, 25.7062892913819 ], [ -108.225997924805, 25.706428527831999 ], [ -108.231109619140994, 25.6979293823243 ], [ -108.213821411132997, 25.614730834961001 ], [ -108.193733215332003, 25.611850738525501 ], [ -108.148696899414006, 25.633489608764599 ], [ -108.117630004882997, 25.634370803833001 ], [ -108.099266052245994, 25.6108303070068 ], [ -108.023162841797003, 25.5578002929688 ], [ -108.046913146972997, 25.5629196166993 ], [ -108.121406555175994, 25.5577907562256 ], [ -108.192146301269005, 25.5331802368163 ], [ -108.233963012695, 25.512229919433601 ], [ -108.249816894530994, 25.488929748535099 ], [ -108.233207702637003, 25.4423503875732 ], [ -108.296966552734006, 25.415451049804801 ], [ -108.336982727050994, 25.415252685546999 ], [ -108.372848510742003, 25.404779434204201 ], [ -108.374076843262003, 25.390382766723601 ], [ -108.34871673584, 25.373390197753899 ], [ -108.393196105957003, 25.361152648925799 ], [ -108.403671264647997, 25.346410751342699 ], [ -108.389366149902003, 25.284549713134901 ], [ -108.396072387695, 25.285219192505 ], [ -108.370140075684006, 25.2576389312744 ], [ -108.377082824707003, 25.240972518920898 ], [ -108.383750915527003, 25.241807937622099 ], [ -108.382362365722997, 25.251249313354499 ], [ -108.38680267334, 25.2462482452393 ], [ -108.385414123535, 25.230417251586999 ], [ -108.373474121094006, 25.2198600769044 ], [ -108.38680267334, 25.185138702392699 ], [ -108.449028015137003, 25.255695343017599 ], [ -108.50235748291, 25.287916183471701 ], [ -108.497085571289006, 25.281528472900401 ], [ -108.540138244629006, 25.299583435058601 ], [ -108.534027099609006, 25.310138702392599 ], [ -108.565696716309006, 25.3212509155275 ], [ -108.56485748291, 25.3337497711182 ], [ -108.569580078125, 25.3418064117432 ], [ -108.574584960937003, 25.342916488647599 ], [ -108.567085266112997, 25.3337497711182 ], [ -108.569862365722997, 25.321527481079102 ], [ -108.57152557373, 25.320972442627099 ], [ -108.572639465332003, 25.322360992431602 ], [ -108.577919006347997, 25.322917938232401 ], [ -108.578193664550994, 25.322360992431602 ], [ -108.541809082030994, 25.305414199829201 ], [ -108.659858703612997, 25.346805572509801 ], [ -108.753196716309006, 25.367639541626101 ], [ -108.687637329102003, 25.3612499237062 ], [ -108.691253662109006, 25.3654174804688 ], [ -108.674308776855, 25.3618068695069 ], [ -108.662635803222997, 25.368471145629901 ], [ -108.621528625487997, 25.338750839233501 ], [ -108.621803283690994, 25.348472595214901 ], [ -108.632637023925994, 25.354305267333999 ] ] ] }, { "type": "Polygon", "coordinates": [ [ [ -108.75846862793, 25.372638702392699 ], [ -108.788475036620994, 25.387083053588899 ], [ -108.789581298827997, 25.399026870727599 ], [ -108.773475646972997, 25.383192062378001 ], [ -108.779586791992003, 25.398195266723601 ], [ -108.737358093262003, 25.3945827484131 ], [ -108.742080688477003, 25.382638931274499 ], [ -108.759307861327997, 25.3801383972168 ], [ -108.75846862793, 25.372638702392699 ] ] ] }, { "type": "Polygon", "coordinates": [ [ [ -108.733192443847997, 25.384584426879901 ], [ -108.732917785645, 25.383192062378001 ], [ -108.736251831055, 25.382083892822301 ], [ -108.735420227050994, 25.384304046631001 ], [ -108.733192443847997, 25.384584426879901 ] ] ] }, { "type": "Polygon", "coordinates": [ [ [ -108.730697631835994, 25.384584426879901 ], [ -108.721801757812003, 25.382360458374102 ], [ -108.720970153809006, 25.381250381469702 ], [ -108.724029541015994, 25.380416870117202 ], [ -108.730697631835994, 25.384584426879901 ] ] ] }, { "type": "Polygon", "coordinates": [ [ [ -108.705413818359006, 25.379028320312599 ], [ -108.701530456542997, 25.378749847412202 ], [ -108.701530456542997, 25.375694274902301 ], [ -108.705696105957003, 25.3773612976075 ], [ -108.705413818359006, 25.379028320312599 ] ] ] }, { "type": "Polygon", "coordinates": [ [ [ -108.999862670897997, 24.999860763549801 ], [ -109.000137329102003, 24.999860763549801 ], [ -109.000137329102003, 25.000139236450199 ], [ -108.999862670897997, 25.000139236450199 ], [ -108.999862670897997, 24.999860763549801 ] ] ] } ] } },
{ "type": "Feature", "properties": { "NAME_1": "Sinaloa", "NAME_2": "Isla Altamira" }, "geometry": { "type": "GeometryCollection", "geometries": [ { "type": "Polygon", "coordinates": [ [ [ -108.165412902832003, 24.9595832824707 ], [ -108.102638244629006, 24.883750915527301 ], [ -108.10652923584, 24.858749389648398 ], [ -108.095970153809006, 24.830415725708001 ], [ -108.103469848632997, 24.829584121704201 ], [ -108.092918395995994, 24.8273620605469 ], [ -108.100975036620994, 24.821805953979499 ], [ -108.090393066405994, 24.8223972320557 ], [ -108.089027404785, 24.814582824707099 ], [ -108.118469238280994, 24.829860687255898 ], [ -108.125419616699006, 24.856805801391701 ], [ -108.174583435059006, 24.942916870117202 ], [ -108.232635498047003, 25.026527404785199 ], [ -108.285415649414006, 25.0754165649413 ], [ -108.335418701172003, 25.107639312744201 ], [ -108.332916259765994, 25.124860763549901 ], [ -108.323753356934006, 25.123750686645501 ], [ -108.331527709960994, 25.114027023315501 ], [ -108.31819152832, 25.124584197998001 ], [ -108.319030761719006, 25.1101379394531 ], [ -108.275413513184006, 25.091527938842901 ], [ -108.254585266112997, 25.059858322143601 ], [ -108.235694885254006, 25.054307937622099 ], [ -108.23486328125, 25.044584274291999 ], [ -108.165412902832003, 24.9595832824707 ] ] ] }, { "type": "Polygon", "coordinates": [ [ [ -108.29402923584, 25.113752365112301 ], [ -108.295417785644005, 25.107639312744201 ], [ -108.305419921875, 25.109582901001101 ], [ -108.30347442627, 25.113470077514801 ], [ -108.29402923584, 25.113752365112301 ] ] ] } ] } },
{ "type": "Feature", "properties": { "NAME_1": "Sinaloa", "NAME_2": "Mazatlán" }, "geometry": { "type": "GeometryCollection", "geometries": [ { "type": "Polygon", "coordinates": [ [ [ -106.357635498047003, 23.1543064117432 ], [ -106.393753051757997, 23.183471679687599 ], [ -106.410415649414006, 23.187639236450199 ], [ -106.411804199219006, 23.1790275573732 ], [ -106.41902923584, 23.177639007568398 ], [ -106.405418395995994, 23.205692291259901 ], [ -106.398750305175994, 23.204582214355501 ], [ -106.401802062987997, 23.198194503784201 ], [ -106.400413513184006, 23.1926383972168 ], [ -106.379302978515994, 23.2095832824707 ], [ -106.374862670897997, 23.193750381469801 ], [ -106.355972290039006, 23.182083129882901 ], [ -106.353469848632997, 23.170972824096701 ], [ -106.345138549805, 23.173194885253999 ], [ -106.328193664550994, 23.1523628234863 ], [ -106.312919616699006, 23.150138854980401 ], [ -106.328750610352003, 23.153749465942401 ], [ -106.327362060547003, 23.1726398468019 ], [ -106.348472595215, 23.177639007568398 ], [ -106.387084960937997, 23.2206954956056 ], [ -106.388191223144005, 23.214027404785298 ], [ -106.405418395995994, 23.213193893432699 ], [ -106.415969848632997, 23.187084197998001 ], [ -106.423751831055, 23.184583663940501 ], [ -106.420135498047003, 23.179306030273601 ], [ -106.429862976074006, 23.177639007568398 ], [ -106.424308776855, 23.186250686645501 ], [ -106.430969238280994, 23.203752517700298 ], [ -106.422080993652003, 23.217081069946399 ], [ -106.454307556152003, 23.242639541626101 ], [ -106.467918395995994, 23.277917861938501 ], [ -106.494583129882997, 23.304307937621999 ], [ -106.480972290039006, 23.309860229492202 ], [ -106.483474731445, 23.332361221313501 ], [ -106.558746337890994, 23.4290275573731 ], [ -106.627082824707003, 23.4776382446288 ], [ -106.626808166504006, 23.49680519104 ], [ -106.682640075684006, 23.5406932830812 ], [ -106.69652557373, 23.570756912231399 ], [ -106.620635986327997, 23.589490890503001 ], [ -106.572807312012003, 23.617050170898601 ], [ -106.475517272949006, 23.6478500366212 ], [ -106.405479431152003, 23.611810684204102 ], [ -106.340042114257997, 23.620700836181701 ], [ -106.3134765625, 23.6574192047119 ], [ -106.320518493652003, 23.727319717407301 ], [ -106.30298614502, 23.757240295410298 ], [ -106.266036987305, 23.7994804382325 ], [ -106.144378662109006, 23.865070343017699 ], [ -106.090751647949006, 23.9275627136231 ], [ -106.045257568359006, 24.004510879516602 ], [ -106.033767700195, 24.016178131103501 ], [ -106.011177062987997, 24.022050857543899 ], [ -105.979759216309006, 23.927110671997099 ], [ -105.95125579834, 23.887580871581999 ], [ -105.931503295897997, 23.786201477050898 ], [ -105.953819274902003, 23.754150390625099 ], [ -105.97730255127, 23.755069732666001 ], [ -106.015068054199006, 23.735170364379801 ], [ -106.023727416992003, 23.677909851074201 ], [ -106.036163330077997, 23.6661701202393 ], [ -106.042701721190994, 23.640581130981399 ], [ -106.061637878417997, 23.634958267211999 ], [ -106.064552307129006, 23.603961944580199 ], [ -106.098709106445, 23.590360641479499 ], [ -106.109703063965, 23.5647506713868 ], [ -106.146026611327997, 23.572771072387798 ], [ -106.149063110352003, 23.5505485534669 ], [ -106.172180175780994, 23.550769805908299 ], [ -106.186737060547003, 23.539140701293899 ], [ -106.200538635254006, 23.4670104980469 ], [ -106.213790893555, 23.447748184204102 ], [ -106.223526000977003, 23.4033508300782 ], [ -106.220886230469006, 23.338720321655401 ], [ -106.188949584960994, 23.253749847412202 ], [ -106.206176757812003, 23.181579589843899 ], [ -106.205276489257997, 23.109340667724702 ], [ -106.217620849609006, 23.093570709228601 ], [ -106.208679199219006, 23.0736999511719 ], [ -106.224403381347997, 23.0404167175293 ], [ -106.357635498047003, 23.1543064117432 ] ] ] }, { "type": "Polygon", "coordinates": [ [ [ -106.474861145019005, 23.258470535278398 ], [ -106.473197937012003, 23.2523612976075 ], [ -106.479309082030994, 23.250139236450099 ], [ -106.479026794434006, 23.257360458374102 ], [ -106.474861145019005, 23.258470535278398 ] ] ] }, { "type": "Polygon", "coordinates": [ [ [ -106.466247558594006, 23.239305496215799 ], [ -106.463470458984006, 23.2368068695069 ], [ -106.463470458984006, 23.228748321533299 ], [ -106.470413208007997, 23.233192443847699 ], [ -106.466247558594006, 23.239305496215799 ] ] ] }, { "type": "Polygon", "coordinates": [ [ [ -106.463195800780994, 23.2279167175293 ], [ -106.46263885498, 23.2254161834718 ], [ -106.465698242187003, 23.223472595214901 ], [ -106.464859008789006, 23.226528167724599 ], [ -106.463195800780994, 23.2279167175293 ] ] ] } ] } },
{ "type": "Feature", "properties": { "NAME_1": "Sinaloa", "NAME_2": "Mocorito" }, "geometry": { "type": "Polygon", "coordinates": [ [ [ -107.62525177002, 25.070190429687599 ], [ -107.637031555175994, 25.051200866699201 ], [ -107.667655944824006, 25.033550262451101 ], [ -107.674140930175994, 25.0090007781982 ], [ -107.689987182617003, 24.995132446289102 ], [ -107.693618774414006, 24.971372604370199 ], [ -107.719772338867003, 24.9550895690919 ], [ -107.74341583252, 24.9246616363525 ], [ -107.76203918457, 24.928962707519499 ], [ -107.784461975097997, 24.922729492187599 ], [ -107.818168640137003, 24.971162796020501 ], [ -107.89266204834, 25.031009674072301 ], [ -107.918952941895, 25.0984210968018 ], [ -107.931732177734006, 25.112768173217798 ], [ -107.945297241210994, 25.1173496246338 ], [ -107.98380279541, 25.1049709320068 ], [ -108.021987915039006, 25.102880477905298 ], [ -108.021629333495994, 25.171688079833999 ], [ -107.999153137207003, 25.178888320922901 ], [ -107.982246398925994, 25.194820404052798 ], [ -107.984436035155994, 25.2323398590088 ], [ -107.977012634277003, 25.254489898681602 ], [ -107.985893249512003, 25.276950836181602 ], [ -108.011367797852003, 25.300979614257901 ], [ -108.005767822265994, 25.326259613037202 ], [ -108.012672424315994, 25.358182907104599 ], [ -107.940711975097997, 25.401451110839801 ], [ -107.932991027832003, 25.425308227539102 ], [ -107.938217163085994, 25.438341140747099 ], [ -107.969207763672003, 25.463220596313601 ], [ -108.027587890625, 25.4493103027344 ], [ -108.080406188965, 25.512100219726602 ], [ -108.030166625977003, 25.541019439697301 ], [ -108.022850036620994, 25.555521011352699 ], [ -108.027816772460994, 25.569301605224702 ], [ -108.002082824707003, 25.581590652465898 ], [ -107.981071472167997, 25.621030807495199 ], [ -107.956092834472997, 25.631538391113299 ], [ -107.964447021484006, 25.6408805847168 ], [ -107.964241027832003, 25.6562900543213 ], [ -107.990798950195, 25.661941528320298 ], [ -107.976173400879006, 25.723340988159201 ], [ -107.963256835937003, 25.7229099273682 ], [ -107.935401916504006, 25.700929641723601 ], [ -107.890701293945, 25.6904811859132 ], [ -107.837409973145, 25.6982612609863 ], [ -107.8037109375, 25.6837596893312 ], [ -107.778678894042997, 25.6915302276612 ], [ -107.740982055664006, 25.689968109130898 ], [ -107.717475891112997, 25.6781101226807 ], [ -107.660957336425994, 25.672441482544102 ], [ -107.664428710937997, 25.627950668335 ], [ -107.717308044434006, 25.596340179443398 ], [ -107.709548950195, 25.574581146240298 ], [ -107.736999511719006, 25.562259674072401 ], [ -107.748558044434006, 25.5400409698487 ], [ -107.765632629395, 25.530929565429702 ], [ -107.779747009277003, 25.506080627441499 ], [ -107.79808807373, 25.492240905761701 ], [ -107.799186706542997, 25.471981048583999 ], [ -107.837707519530994, 25.452142715454201 ], [ -107.844917297362997, 25.416551589965799 ], [ -107.842308044434006, 25.363399505615199 ], [ -107.862609863280994, 25.356010437011701 ], [ -107.846206665039006, 25.342849731445298 ], [ -107.827713012695, 25.283649444580099 ], [ -107.803398132324006, 25.255161285400501 ], [ -107.783058166504006, 25.244800567626999 ], [ -107.740127563475994, 25.248069763183601 ], [ -107.717636108397997, 25.227401733398601 ], [ -107.710586547852003, 25.182380676269599 ], [ -107.715187072754006, 25.1590900421143 ], [ -107.735458374022997, 25.137060165405298 ], [ -107.732536315917997, 25.054109573364201 ], [ -107.710083007812003, 25.040109634399499 ], [ -107.671997070312003, 25.0589904785157 ], [ -107.651359558105, 25.0824508666993 ], [ -107.62525177002, 25.070190429687599 ] ] ] } },
{ "type": "Feature", "properties": { "NAME_1": "Sinaloa", "NAME_2": "Salvador Alvarado" }, "geometry": { "type": "Polygon", "coordinates": [ [ [ -108.230400085449006, 25.4452304840088 ], [ -108.249816894530994, 25.488929748535099 ], [ -108.226196289062003, 25.517269134521499 ], [ -108.121406555175994, 25.5577907562256 ], [ -108.046913146972997, 25.5629196166993 ], [ -108.023162841797003, 25.5578002929688 ], [ -108.030166625977003, 25.541019439697301 ], [ -108.080642700195, 25.507789611816499 ], [ -108.027587890625, 25.4493103027344 ], [ -107.969207763672003, 25.463220596313601 ], [ -107.938217163085994, 25.438341140747099 ], [ -107.932991027832003, 25.425308227539102 ], [ -107.940711975097997, 25.401451110839801 ], [ -108.004806518555, 25.366279602050898 ], [ -108.013900756835994, 25.353361129760799 ], [ -108.005767822265994, 25.326259613037202 ], [ -108.011367797852003, 25.300979614257901 ], [ -107.985893249512003, 25.276950836181602 ], [ -107.977012634277003, 25.254489898681602 ], [ -107.984436035155994, 25.2323398590088 ], [ -107.980262756347997, 25.201190948486399 ], [ -107.988349914550994, 25.1861896514893 ], [ -108.021629333495994, 25.171688079833999 ], [ -108.050956726074006, 25.242059707641701 ], [ -108.09977722168, 25.310199737548899 ], [ -108.105476379394005, 25.302898406982401 ], [ -108.116546630859006, 25.381940841674801 ], [ -108.146179199219006, 25.4374599456788 ], [ -108.210266113280994, 25.438299179077301 ], [ -108.230400085449006, 25.4452304840088 ] ] ] } },
{ "type": "Feature", "properties": { "NAME_1": "Sinaloa", "NAME_2": "San Ignacio" }, "geometry": { "type": "Polygon", "coordinates": [ [ [ -106.771530151367003, 23.642084121704201 ], [ -106.784858703612997, 23.6306953430175 ], [ -106.788749694824006, 23.640693664550898 ], [ -106.810691833495994, 23.652360916137798 ], [ -106.809860229492003, 23.659305572509702 ], [ -106.801246643065994, 23.659582138061499 ], [ -106.804862976074006, 23.6670837402344 ], [ -106.79402923584, 23.670694351196399 ], [ -106.808471679687003, 23.7006931304932 ], [ -106.800140380859006, 23.706249237060501 ], [ -106.809860229492003, 23.7034721374512 ], [ -106.846801757812003, 23.7406921386719 ], [ -106.842918395995994, 23.753471374511701 ], [ -106.882080078125, 23.795692443847699 ], [ -106.888473510742003, 23.835138320922901 ], [ -106.91284942627, 23.860694885253899 ], [ -106.906608581542997, 23.8969211578369 ], [ -106.860527038574006, 23.989080429077301 ], [ -106.858200073242003, 24.0544128417968 ], [ -106.843772888182997, 24.085939407348601 ], [ -106.846221923827997, 24.151901245117202 ], [ -106.818359375, 24.159328460693398 ], [ -106.815933227539006, 24.1751308441162 ], [ -106.797019958495994, 24.192430496215799 ], [ -106.795890808105, 24.2128124237062 ], [ -106.778022766112997, 24.230339050293001 ], [ -106.781227111815994, 24.246339797973601 ], [ -106.746070861815994, 24.258752822876001 ], [ -106.649665832519005, 24.2698898315431 ], [ -106.614967346190994, 24.305950164794901 ], [ -106.560935974120994, 24.312191009521399 ], [ -106.536697387695, 24.338342666626001 ], [ -106.494873046875, 24.356870651245099 ], [ -106.463676452637003, 24.3881511688232 ], [ -106.445129394530994, 24.391952514648501 ], [ -106.418609619140994, 24.4303894042969 ], [ -106.25318145752, 24.385602951049901 ], [ -106.199256896972997, 24.351882934570401 ], [ -106.172348022460994, 24.305929183960099 ], [ -106.12629699707, 24.299039840698399 ], [ -106.109573364257997, 24.240329742431602 ], [ -106.047790527344006, 24.176111221313601 ], [ -106.041847229004006, 24.089059829711999 ], [ -106.032600402832003, 24.0755004882813 ], [ -106.005722045897997, 24.065280914306701 ], [ -106.003540039062003, 24.0412197113037 ], [ -106.011268615722997, 24.0218906402588 ], [ -106.033767700195, 24.016178131103501 ], [ -106.045257568359006, 24.004510879516602 ], [ -106.090751647949006, 23.9275627136231 ], [ -106.134925842285, 23.8737506866456 ], [ -106.266036987305, 23.7994804382325 ], [ -106.30298614502, 23.757240295410298 ], [ -106.320518493652003, 23.727319717407301 ], [ -106.312522888184006, 23.6635227203369 ], [ -106.327880859375, 23.631210327148398 ], [ -106.351989746094006, 23.6144905090331 ], [ -106.405479431152003, 23.611810684204102 ], [ -106.475517272949006, 23.6478500366212 ], [ -106.572807312012003, 23.617050170898601 ], [ -106.620635986327997, 23.589490890503001 ], [ -106.69652557373, 23.570756912231399 ], [ -106.69652557373, 23.5773601531982 ], [ -106.727912902832003, 23.5945854187012 ], [ -106.722358703612997, 23.601528167724599 ], [ -106.736808776855, 23.602638244628999 ], [ -106.726806640625, 23.599861145019599 ], [ -106.731803894042997, 23.5970859527587 ], [ -106.764305114745994, 23.613471984863299 ], [ -106.779586791992003, 23.6306953430175 ], [ -106.770141601562003, 23.62819480896 ], [ -106.771530151367003, 23.642084121704201 ] ] ] } },
{ "type": "Feature", "properties": { "NAME_1": "Sinaloa", "NAME_2": "Sinaloa" }, "geometry": { "type": "Polygon", "coordinates": [ [ [ -107.778678894042997, 25.6915302276612 ], [ -107.799736022949006, 25.683660507202099 ], [ -107.837409973145, 25.6982612609863 ], [ -107.890701293945, 25.6904811859132 ], [ -107.935401916504006, 25.700929641723601 ], [ -107.963256835937003, 25.7229099273682 ], [ -107.976173400879006, 25.723340988159201 ], [ -107.990798950195, 25.661941528320298 ], [ -107.964241027832003, 25.6562900543213 ], [ -107.964447021484006, 25.6408805847168 ], [ -107.956092834472997, 25.631538391113299 ], [ -107.984077453612997, 25.6179504394532 ], [ -108.002082824707003, 25.581590652465898 ], [ -108.027816772460994, 25.569301605224702 ], [ -108.023162841797003, 25.5578002929688 ], [ -108.099266052245994, 25.6108303070068 ], [ -108.117630004882997, 25.634370803833001 ], [ -108.148696899414006, 25.633489608764599 ], [ -108.193733215332003, 25.611850738525501 ], [ -108.213821411132997, 25.614730834961001 ], [ -108.231109619140994, 25.6979293823243 ], [ -108.225997924805, 25.706428527831999 ], [ -108.198165893555, 25.7062892913819 ], [ -108.19507598877, 25.722339630126999 ], [ -108.207527160644005, 25.7757797241212 ], [ -108.235046386719006, 25.7871398925782 ], [ -108.238716125487997, 25.801841735839901 ], [ -108.247589111327997, 25.803951263427699 ], [ -108.269432067870994, 25.781860351562599 ], [ -108.306480407715, 25.7875881195068 ], [ -108.31037902832, 25.759199142456101 ], [ -108.320655822754006, 25.7535800933838 ], [ -108.375122070312003, 25.751750946045 ], [ -108.439872741699006, 25.786661148071399 ], [ -108.455146789550994, 25.7799606323243 ], [ -108.463348388672003, 25.758672714233501 ], [ -108.496276855469006, 25.757610321044901 ], [ -108.520156860352003, 25.765689849853601 ], [ -108.596687316894005, 25.744819641113299 ], [ -108.641006469727003, 25.773942947387599 ], [ -108.631019592285, 25.809909820556602 ], [ -108.610710144042997, 25.839229583740199 ], [ -108.623146057129006, 25.842649459838999 ], [ -108.642059326172003, 25.833972930908299 ], [ -108.643218994140994, 25.857660293579201 ], [ -108.591468811035, 25.896669387817401 ], [ -108.58952331543, 25.9179496765138 ], [ -108.564811706542997, 25.957250595092798 ], [ -108.49333190918, 25.982601165771602 ], [ -108.452438354492003, 26.058540344238299 ], [ -108.416610717772997, 26.0990982055663 ], [ -108.385986328125, 26.165491104126101 ], [ -108.228477478027003, 26.1969299316407 ], [ -108.222061157227003, 26.203300476074201 ], [ -108.228088378905994, 26.228519439697301 ], [ -108.176361083984006, 26.213960647583001 ], [ -108.13102722168, 26.1796607971193 ], [ -108.083473205565994, 26.204219818115298 ], [ -107.983436584472997, 26.189292907715 ], [ -107.946342468262003, 26.205270767211999 ], [ -107.910110473632997, 26.183010101318398 ], [ -107.857749938965, 26.1671829223632 ], [ -107.746147155762003, 26.156900405883899 ], [ -107.605895996094006, 26.1267700195312 ], [ -107.524963378905994, 26.1197509765625 ], [ -107.531616210937997, 26.098171234130898 ], [ -107.546676635742003, 26.0848083496094 ], [ -107.630996704102003, 26.062221527099599 ], [ -107.692756652832003, 25.974929809570298 ], [ -107.787940979004006, 25.8996810913087 ], [ -107.78328704834, 25.85671043396 ], [ -107.752349853515994, 25.8113498687744 ], [ -107.750617980957003, 25.791580200195401 ], [ -107.770416259765994, 25.780229568481399 ], [ -107.856002807617003, 25.7771911621094 ], [ -107.867546081542997, 25.769140243530298 ], [ -107.859687805175994, 25.752140045166101 ], [ -107.795082092285, 25.716648101806701 ], [ -107.778678894042997, 25.6915302276612 ] ] ] } }
]
}
