{
"type": "FeatureCollection",
"name": "sonora",
"crs": { "type": "name", "properties": { "name": "urn:ogc:def:crs:OGC:1.3:CRS84" } },
"features": [
{ "type": "Feature", "properties": { "NAME_1": "Sonora", "NAME_2": "Aconchi" }, "geometry": { "type": "Polygon", "coordinates": [ [ [ -110.049850463867003, 29.776178359985401 ], [ -110.135330200195, 29.758409500122099 ], [ -110.218727111815994, 29.770191192626999 ], [ -110.274040222167997, 29.756259918212901 ], [ -110.308357238769005, 29.793119430541999 ], [ -110.304382324219006, 29.815851211547901 ], [ -110.31494140625, 29.837789535522599 ], [ -110.289016723632997, 29.8449401855468 ], [ -110.282379150390994, 29.865760803222699 ], [ -110.236343383789006, 29.843341827392599 ], [ -110.186782836914006, 29.8497829437256 ], [ -110.140777587890994, 29.883649826049801 ], [ -110.115676879882997, 29.851499557495199 ], [ -110.103057861327997, 29.810689926147599 ], [ -110.049850463867003, 29.776178359985401 ] ] ] } },
{ "type": "Feature", "properties": { "NAME_1": "Sonora", "NAME_2": "Agua Prieta" }, "geometry": { "type": "Polygon", "coordinates": [ [ [ -108.747688293457003, 30.929620742797901 ], [ -108.795722961425994, 30.9303207397462 ], [ -108.845077514647997, 30.901269912719702 ], [ -108.907768249512003, 30.8948497772218 ], [ -108.937812805175994, 30.903640747070401 ], [ -108.95378112793, 30.8990802764893 ], [ -109.026382446289006, 30.7872028350831 ], [ -109.044425964355, 30.746580123901399 ], [ -109.060241699219006, 30.7317008972169 ], [ -109.07975769043, 30.728490829467798 ], [ -109.083427429199006, 30.744749069213999 ], [ -109.126846313477003, 30.7928695678712 ], [ -109.167709350585994, 30.8194808959962 ], [ -109.201728820800994, 30.8241996765137 ], [ -109.216621398925994, 30.872150421142599 ], [ -109.255409240722997, 30.918449401855501 ], [ -109.266090393065994, 30.947360992431701 ], [ -109.254768371582003, 30.9735927581788 ], [ -109.252838134765994, 31.006839752197301 ], [ -109.282562255859006, 31.089250564575298 ], [ -109.334739685059006, 31.089340209960898 ], [ -109.381866455077997, 31.075950622558601 ], [ -109.426071166992003, 31.0842514038087 ], [ -109.472717285155994, 31.113531112670898 ], [ -109.482437133789006, 31.1308612823487 ], [ -109.485153198242003, 31.167430877685501 ], [ -109.498657226562003, 31.179161071777301 ], [ -109.518356323242003, 31.174390792846701 ], [ -109.546966552734006, 31.141981124878001 ], [ -109.577499389647997, 31.134622573852599 ], [ -109.612586975097997, 31.094181060791001 ], [ -109.616340637207003, 31.0624504089357 ], [ -109.632827758789006, 31.057319641113299 ], [ -109.681022644042997, 31.1390705108644 ], [ -109.689216613769005, 31.183830261230501 ], [ -109.75659942627, 31.306232452392699 ], [ -109.758529663085994, 31.3324375152588 ], [ -108.77214050293, 31.332765579223601 ], [ -108.728439331055, 31.294559478759901 ], [ -108.728973388672003, 31.2865009307862 ], [ -108.768058776855, 31.2530708312988 ], [ -108.747200012207003, 31.187370300293001 ], [ -108.703926086425994, 31.134950637817401 ], [ -108.68628692627, 31.101112365722599 ], [ -108.671882629395, 31.0428581237793 ], [ -108.693061828612997, 30.981939315796001 ], [ -108.684432983397997, 30.947330474853501 ], [ -108.688690185547003, 30.930580139160298 ], [ -108.747688293457003, 30.929620742797901 ] ] ] } },
{ "type": "Feature", "properties": { "NAME_1": "Sonora", "NAME_2": "Álamos" }, "geometry": { "type": "Polygon", "coordinates": [ [ [ -108.985427856445, 26.5567111968994 ], [ -108.920829772949006, 26.573368072509801 ], [ -108.90714263916, 26.591289520263601 ], [ -108.865196228027003, 26.603549957275401 ], [ -108.863792419434006, 26.618650436401399 ], [ -108.924652099609006, 26.6219196319581 ], [ -108.926010131835994, 26.630439758300898 ], [ -108.906028747559006, 26.638790130615199 ], [ -108.909980773925994, 26.6478195190431 ], [ -108.984420776367003, 26.6828498840332 ], [ -108.979667663574006, 26.6970310211182 ], [ -108.957305908202997, 26.706550598144599 ], [ -108.951499938965, 26.7211399078369 ], [ -108.991508483887003, 26.803382873535199 ], [ -109.055252075195, 26.838388442993299 ], [ -109.066940307617003, 26.873050689697301 ], [ -109.097381591797003, 26.89621925354 ], [ -109.108489990234006, 26.900030136108501 ], [ -109.122131347655994, 26.883569717407301 ], [ -109.15461730957, 26.896039962768601 ], [ -109.154266357422003, 26.9345512390138 ], [ -109.171096801757997, 26.984479904174801 ], [ -109.155220031737997, 27.007602691650501 ], [ -109.176406860352003, 27.0264606475831 ], [ -109.178749084472997, 27.049518585205099 ], [ -109.161781311035, 27.073520660400401 ], [ -109.178337097167997, 27.090049743652401 ], [ -109.141326904297003, 27.1003818511963 ], [ -109.143951416015994, 27.122259140014702 ], [ -109.138168334960994, 27.1237697601319 ], [ -109.071891784667997, 27.1124496459962 ], [ -109.08487701416, 27.157209396362401 ], [ -109.082550048827997, 27.177801132202301 ], [ -109.099296569824006, 27.186872482299801 ], [ -109.104469299315994, 27.210821151733501 ], [ -109.048545837402003, 27.199670791626101 ], [ -109.042671203612997, 27.204790115356602 ], [ -109.045600891112997, 27.2334709167482 ], [ -109.033668518065994, 27.2383003234863 ], [ -109.061813354492003, 27.284860610961999 ], [ -109.085746765137003, 27.281549453735401 ], [ -109.097106933594006, 27.2970409393312 ], [ -109.162628173827997, 27.310831069946399 ], [ -109.14729309082, 27.3625812530518 ], [ -109.126602172852003, 27.374008178710898 ], [ -109.111717224120994, 27.402450561523398 ], [ -109.031791687012003, 27.393579483032301 ], [ -109.03524017334, 27.422010421752901 ], [ -109.015617370605, 27.420932769775501 ], [ -108.977981567382997, 27.446151733398501 ], [ -108.953407287597997, 27.453039169311602 ], [ -108.882637023925994, 27.508689880371101 ], [ -108.89331817627, 27.530740737915199 ], [ -108.884231567382997, 27.555419921875 ], [ -108.908081054687003, 27.5472507476807 ], [ -108.91382598877, 27.557950973510899 ], [ -108.884628295897997, 27.5695495605469 ], [ -108.876792907715, 27.586980819702099 ], [ -108.909378051757997, 27.586009979248001 ], [ -108.941772460937997, 27.562902450561602 ], [ -108.974426269530994, 27.569360733032202 ], [ -108.975570678710994, 27.575109481811602 ], [ -108.92601776123, 27.6107997894288 ], [ -108.914436340332003, 27.649951934814499 ], [ -108.922027587890994, 27.6609497070313 ], [ -108.940826416015994, 27.6651210784913 ], [ -108.967620849609006, 27.645891189575298 ], [ -108.97811126709, 27.6467399597169 ], [ -108.957176208495994, 27.672359466552798 ], [ -108.949447631835994, 27.6957302093506 ], [ -108.971900939940994, 27.7209796905518 ], [ -108.953666687012003, 27.733690261840898 ], [ -108.94287109375, 27.763071060180799 ], [ -108.976051330565994, 27.8304119110107 ], [ -108.977111816405994, 27.859809875488299 ], [ -108.966316223145, 27.898960113525298 ], [ -108.949417114257997, 27.9196395874025 ], [ -108.896186828612997, 27.949661254882798 ], [ -108.852149963379006, 27.953720092773501 ], [ -108.812606811522997, 27.9169025421143 ], [ -108.796752929687997, 27.863929748535298 ], [ -108.825675964355, 27.7706527709962 ], [ -108.804779052734006, 27.747688293457099 ], [ -108.750205993652003, 27.727340698242301 ], [ -108.687469482422003, 27.682071685791101 ], [ -108.66690826416, 27.613002777099702 ], [ -108.62377166748, 27.5536193847657 ], [ -108.559036254882997, 27.4063110351563 ], [ -108.565277099609006, 27.3443298339844 ], [ -108.58674621582, 27.280950546264702 ], [ -108.612396240234006, 27.2363605499268 ], [ -108.611122131347997, 27.198118209838899 ], [ -108.590270996094006, 27.129962921142599 ], [ -108.603149414062003, 27.109582901001001 ], [ -108.625022888184006, 27.1043510437013 ], [ -108.625328063965, 27.093441009521602 ], [ -108.60383605957, 27.07550239563 ], [ -108.494293212890994, 27.026840209960898 ], [ -108.468231201172003, 27.023710250854599 ], [ -108.394660949707003, 27.0458908081056 ], [ -108.329742431640994, 27.0316905975343 ], [ -108.328048706055, 27.008449554443398 ], [ -108.336212158202997, 26.978330612182599 ], [ -108.381385803222997, 26.913810729980501 ], [ -108.42504119873, 26.876489639282301 ], [ -108.470176696777003, 26.822870254516701 ], [ -108.472930908202997, 26.807970046997099 ], [ -108.453201293945, 26.754209518432699 ], [ -108.455429077147997, 26.739509582519599 ], [ -108.514068603515994, 26.726369857788001 ], [ -108.537162780762003, 26.713171005249102 ], [ -108.595092773437003, 26.5964584350587 ], [ -108.611938476562003, 26.580869674682599 ], [ -108.651168823242003, 26.577882766723601 ], [ -108.679977416992003, 26.563529968261701 ], [ -108.783332824707003, 26.540218353271499 ], [ -108.793395996094006, 26.5223808288575 ], [ -108.791473388672003, 26.437770843505898 ], [ -108.801460266112997, 26.422620773315501 ], [ -108.868881225585994, 26.409360885620199 ], [ -108.934616088867003, 26.3596706390381 ], [ -108.917846679687997, 26.440151214599702 ], [ -108.926773071289006, 26.4476108551025 ], [ -108.963241577147997, 26.442640304565501 ], [ -109.013381958007997, 26.501319885253999 ], [ -108.985427856445, 26.5567111968994 ] ] ] } },
{ "type": "Feature", "properties": { "NAME_1": "Sonora", "NAME_2": "Altar" }, "geometry": { "type": "Polygon", "coordinates": [ [ [ -111.703880310059006, 31.0165901184082 ], [ -111.722778320312003, 30.973140716552798 ], [ -111.746086120605, 30.8501300811769 ], [ -111.752532958984006, 30.709859848022599 ], [ -111.700828552245994, 30.640592575073399 ], [ -111.64501953125, 30.610040664672901 ], [ -111.5947265625, 30.559738159179702 ], [ -111.64274597168, 30.539709091186602 ], [ -111.743309020995994, 30.5335197448731 ], [ -111.80867767334, 30.555189132690401 ], [ -111.863479614257997, 30.5584526062012 ], [ -111.907722473145, 30.574010848999102 ], [ -111.920631408690994, 30.5819702148438 ], [ -111.93611907959, 30.6095294952393 ], [ -111.940582275390994, 30.657709121703999 ], [ -111.962882995605, 30.695110321045 ], [ -111.994888305664006, 30.7139625549318 ], [ -112.054840087890994, 30.719411849975501 ], [ -112.07763671875, 30.7512397766113 ], [ -112.092666625977003, 30.8801498413087 ], [ -112.065132141112997, 31.0194625854493 ], [ -112.079650878905994, 31.026239395141602 ], [ -112.10498046875, 31.019569396972699 ], [ -112.175025939940994, 31.040340423584102 ], [ -112.182891845702997, 31.0487804412843 ], [ -112.166168212890994, 31.083011627197301 ], [ -112.173156738280994, 31.108039855956999 ], [ -112.151542663574006, 31.2753601074219 ], [ -112.155647277832003, 31.305881500244102 ], [ -112.185729980469006, 31.379350662231499 ], [ -112.186378479004006, 31.409732818603601 ], [ -112.182670593262003, 31.433650970459102 ], [ -112.152076721190994, 31.467920303344801 ], [ -112.144096374512003, 31.534240722656399 ], [ -112.134231567382997, 31.557199478149499 ], [ -112.177886962890994, 31.604000091552699 ], [ -112.128410339355, 31.6443881988525 ], [ -112.122657775879006, 31.664270401001001 ], [ -111.687202453612997, 31.5267524719238 ], [ -111.697647094727003, 31.5076408386232 ], [ -111.688667297362997, 31.4724006652832 ], [ -111.645736694335994, 31.450170516967798 ], [ -111.616081237792997, 31.403930664062599 ], [ -111.563423156737997, 31.368379592895501 ], [ -111.55509185791, 31.3421516418457 ], [ -111.572875976562003, 31.317209243774499 ], [ -111.578918457030994, 31.2893295288087 ], [ -111.603736877440994, 31.272890090942401 ], [ -111.610916137695, 31.250310897827202 ], [ -111.637725830077997, 31.225599288940501 ], [ -111.652770996094006, 31.193330764770501 ], [ -111.661186218262003, 31.1634006500244 ], [ -111.659782409667997, 31.073738098144599 ], [ -111.685417175292997, 31.056819915771499 ], [ -111.703880310059006, 31.0165901184082 ] ] ] } },
{ "type": "Feature", "properties": { "NAME_1": "Sonora", "NAME_2": "Arizpe" }, "geometry": { "type": "Polygon", "coordinates": [ [ [ -110.422988891602003, 30.1660976409912 ], [ -110.426856994629006, 30.2103500366212 ], [ -110.407333374022997, 30.236312866211101 ], [ -110.390342712402003, 30.301559448242099 ], [ -110.356422424315994, 30.329572677612301 ], [ -110.353279113769005, 30.3412990570069 ], [ -110.381118774414006, 30.382072448730501 ], [ -110.424842834472997, 30.4010410308838 ], [ -110.448112487792997, 30.4287509918213 ], [ -110.465751647949006, 30.485929489135899 ], [ -110.453765869140994, 30.525030136108501 ], [ -110.463249206542997, 30.591062545776399 ], [ -110.444313049315994, 30.6242694854737 ], [ -110.423522949219006, 30.624950408935501 ], [ -110.414543151855, 30.635669708251999 ], [ -110.420501708984006, 30.652549743652301 ], [ -110.444671630859006, 30.675411224365298 ], [ -110.433052062987997, 30.692539215087901 ], [ -110.398788452147997, 30.7135105133057 ], [ -110.406723022460994, 30.741228103637798 ], [ -110.39338684082, 30.743350982666101 ], [ -110.381469726562003, 30.757221221923899 ], [ -110.35237121582, 30.761621475219801 ], [ -110.347747802734006, 30.790519714355501 ], [ -110.337089538574006, 30.7972507476807 ], [ -110.317260742187997, 30.7911701202394 ], [ -110.28914642334, 30.747920989990298 ], [ -110.26611328125, 30.740600585937599 ], [ -110.242073059082003, 30.752321243286101 ], [ -110.227058410645, 30.698909759521602 ], [ -110.162246704102003, 30.637500762939599 ], [ -110.139350891112997, 30.6020107269288 ], [ -110.119758605957003, 30.5907306671144 ], [ -110.111656188965, 30.566377639770501 ], [ -110.075172424315994, 30.5468425750732 ], [ -110.053688049315994, 30.521419525146499 ], [ -110.045059204102003, 30.4917297363281 ], [ -110.000297546387003, 30.479230880737401 ], [ -109.959808349609006, 30.481990814208999 ], [ -109.917167663574006, 30.467350006103601 ], [ -109.848686218262003, 30.481510162353501 ], [ -109.823722839355, 30.4792995452881 ], [ -109.817039489745994, 30.459051132202099 ], [ -109.765502929687997, 30.4457607269287 ], [ -109.783050537109006, 30.404241561889702 ], [ -109.776702880859006, 30.365089416503899 ], [ -109.765190124512003, 30.352939605713001 ], [ -109.725517272949006, 30.337471008300799 ], [ -109.810417175292997, 30.300819396972699 ], [ -110.002182006835994, 30.285270690918001 ], [ -110.027626037597997, 30.2199611663819 ], [ -110.057266235352003, 30.224870681762798 ], [ -110.064498901367003, 30.1823406219482 ], [ -110.081329345702997, 30.144630432128899 ], [ -110.132507324219006, 30.133750915527301 ], [ -110.135955810547003, 30.1266593933106 ], [ -110.15168762207, 30.134149551391602 ], [ -110.206237792969006, 30.131269454956101 ], [ -110.241561889647997, 30.096240997314499 ], [ -110.267852783202997, 30.085081100463899 ], [ -110.309013366699006, 30.091670989990199 ], [ -110.320190429687003, 30.112190246581999 ], [ -110.41340637207, 30.152811050415199 ], [ -110.422988891602003, 30.1660976409912 ] ] ] } },
{ "type": "Feature", "properties": { "NAME_1": "Sonora", "NAME_2": "Atil" }, "geometry": { "type": "Polygon", "coordinates": [ [ [ -111.458137512207003, 30.681680679321399 ], [ -111.48860168457, 30.6916904449463 ], [ -111.495101928710994, 30.701112747192401 ], [ -111.49690246582, 30.765331268310501 ], [ -111.511032104492003, 30.788749694824201 ], [ -111.535232543945, 30.785190582275401 ], [ -111.55989074707, 30.751472473144599 ], [ -111.587707519530994, 30.7605495452882 ], [ -111.603897094727003, 30.778198242187401 ], [ -111.592529296875, 30.808639526367202 ], [ -111.592056274414006, 30.8360290527344 ], [ -111.569847106934006, 30.872940063476701 ], [ -111.555892944335994, 30.928899765014599 ], [ -111.544357299805, 30.9445896148682 ], [ -111.526885986327997, 30.932929992675799 ], [ -111.523170471190994, 30.912479400634801 ], [ -111.492706298827997, 30.925479888916101 ], [ -111.477737426757997, 30.920480728149499 ], [ -111.476036071777003, 30.870340347290199 ], [ -111.447929382324006, 30.857570648193398 ], [ -111.434906005859006, 30.837142944335898 ], [ -111.367973327637003, 30.804449081421001 ], [ -111.359848022460994, 30.725299835205099 ], [ -111.419822692870994, 30.70876121521 ], [ -111.458137512207003, 30.681680679321399 ] ] ] } },
{ "type": "Feature", "properties": { "NAME_1": "Sonora", "NAME_2": "Bacadéhuachi" }, "geometry": { "type": "Polygon", "coordinates": [ [ [ -109.127326965332003, 29.7988395690919 ], [ -109.130111694335994, 29.810300827026399 ], [ -109.115997314452997, 29.829820632934599 ], [ -109.107582092285, 29.862100601196399 ], [ -109.127388000487997, 29.877542495727699 ], [ -109.175437927245994, 29.874320983886701 ], [ -109.216735839844006, 29.881910324096701 ], [ -109.209091186522997, 29.895460128784201 ], [ -109.211296081542997, 29.911750793456999 ], [ -109.249153137207003, 29.966819763183501 ], [ -109.254432678222997, 30.023679733276399 ], [ -109.230667114257997, 30.045070648193501 ], [ -109.226036071777003, 30.0809326171875 ], [ -109.215843200682997, 30.0844211578369 ], [ -109.200950622559006, 30.076850891113398 ], [ -109.174392700195, 30.087970733642699 ], [ -109.149368286132997, 30.079509735107401 ], [ -109.146553039550994, 30.068292617798001 ], [ -109.162368774414006, 30.036590576171999 ], [ -109.153259277344006, 30.01469039917 ], [ -109.13996887207, 30.009269714355501 ], [ -109.10814666748, 30.0146198272706 ], [ -109.078475952147997, 30.045759201049801 ], [ -109.021209716797003, 30.066759109497202 ], [ -108.984771728515994, 30.062971115112401 ], [ -108.928230285645, 30.029680252075199 ], [ -108.924781799315994, 30.005220413208001 ], [ -108.888572692870994, 29.947950363159201 ], [ -108.907051086425994, 29.955400466919102 ], [ -108.950889587402003, 29.9351406097412 ], [ -109.049789428710994, 29.81907081604 ], [ -109.055946350097997, 29.777418136596701 ], [ -109.064346313477003, 29.766670227050799 ], [ -109.098793029785, 29.76123046875 ], [ -109.10986328125, 29.769590377807599 ], [ -109.115112304687003, 29.7952899932862 ], [ -109.127326965332003, 29.7988395690919 ] ] ] } },
{ "type": "Feature", "properties": { "NAME_1": "Sonora", "NAME_2": "Bacanora" }, "geometry": { "type": "Polygon", "coordinates": [ [ [ -109.238418579102003, 28.637620925903398 ], [ -109.26537322998, 28.532819747924702 ], [ -109.277450561522997, 28.5123291015625 ], [ -109.28694152832, 28.5133590698243 ], [ -109.305076599120994, 28.5295009613038 ], [ -109.332412719727003, 28.585380554199201 ], [ -109.340461730957003, 28.640569686889801 ], [ -109.369895935059006, 28.661199569702099 ], [ -109.379592895507997, 28.691390991210898 ], [ -109.52490234375, 28.8933296203613 ], [ -109.518035888672003, 28.936670303344801 ], [ -109.503807067870994, 28.9476203918456 ], [ -109.495796203612997, 28.981079101562599 ], [ -109.477699279785, 28.986169815063501 ], [ -109.474533081055, 29.030031204223601 ], [ -109.453956604004006, 29.0388698577881 ], [ -109.44563293457, 29.084430694580099 ], [ -109.417472839355, 29.0753097534181 ], [ -109.396476745605, 29.084358215332099 ], [ -109.40225982666, 29.095560073852699 ], [ -109.413726806640994, 29.085161209106399 ], [ -109.439453125, 29.0914115905763 ], [ -109.426193237305, 29.125289916992099 ], [ -109.304092407227003, 29.207170486450099 ], [ -109.262672424315994, 29.204540252685501 ], [ -109.245613098145, 29.121721267700099 ], [ -109.320350646972997, 29.0884094238282 ], [ -109.331558227539006, 29.071121215820298 ], [ -109.332077026367003, 29.043380737304702 ], [ -109.316513061522997, 29.010229110717699 ], [ -109.266967773437997, 28.9793300628662 ], [ -109.248092651367003, 28.9544410705568 ], [ -109.255355834960994, 28.833732604980501 ], [ -109.235420227050994, 28.761949539184702 ], [ -109.239646911620994, 28.713439941406399 ], [ -109.191223144530994, 28.712142944336101 ], [ -109.181053161620994, 28.70512008667 ], [ -109.223731994629006, 28.667060852050799 ], [ -109.238418579102003, 28.637620925903398 ] ] ] } },
{ "type": "Feature", "properties": { "NAME_1": "Sonora", "NAME_2": "Bacerac" }, "geometry": { "type": "Polygon", "coordinates": [ [ [ -109.187080383300994, 30.319169998168899 ], [ -109.202751159667997, 30.325710296630898 ], [ -109.21996307373, 30.351341247558501 ], [ -109.233856201172003, 30.3556118011475 ], [ -109.238792419434006, 30.376581192016602 ], [ -109.212989807129006, 30.392360687255898 ], [ -109.18106842041, 30.3991508483887 ], [ -109.080741882324006, 30.3785095214844 ], [ -108.95442199707, 30.3748512268068 ], [ -108.874069213867003, 30.3518295288087 ], [ -108.846733093262003, 30.351110458373999 ], [ -108.809150695800994, 30.409339904785199 ], [ -108.765632629395, 30.422540664672901 ], [ -108.779960632324006, 30.4528503417969 ], [ -108.766647338867003, 30.463090896606499 ], [ -108.645149230957003, 30.428289413452301 ], [ -108.602966308594006, 30.431129455566399 ], [ -108.56421661377, 30.444322586059599 ], [ -108.523902893065994, 30.385370254516602 ], [ -108.504272460937003, 30.309461593628001 ], [ -108.502746582030994, 30.271560668945401 ], [ -108.515296936035, 30.246770858764599 ], [ -108.552040100097997, 30.223751068115298 ], [ -108.544425964355, 30.196311950683601 ], [ -108.586799621582003, 30.1389484405518 ], [ -108.598976135254006, 30.1067829132081 ], [ -108.62198638916, 30.098611831665199 ], [ -108.669532775879006, 30.117692947387798 ], [ -108.673416137695, 30.148450851440501 ], [ -108.686996459960994, 30.163948059082099 ], [ -108.748336791992003, 30.1874809265137 ], [ -108.762359619140994, 30.242420196533299 ], [ -108.854110717772997, 30.2355976104737 ], [ -108.882522583007997, 30.2623291015625 ], [ -108.900810241699006, 30.26762008667 ], [ -109.008117675780994, 30.258489608764702 ], [ -109.140029907225994, 30.310909271240298 ], [ -109.169715881347997, 30.308652877807699 ], [ -109.187080383300994, 30.319169998168899 ] ] ] } },
{ "type": "Feature", "properties": { "NAME_1": "Sonora", "NAME_2": "Bacoachi" }, "geometry": { "type": "Polygon", "coordinates": [ [ [ -110.242073059082003, 30.752321243286101 ], [ -110.207046508789006, 30.7704582214357 ], [ -110.167266845702997, 30.810480117797798 ], [ -110.150390625, 30.8167629241944 ], [ -110.119232177734006, 30.813709259033299 ], [ -110.009742736815994, 30.875789642333999 ], [ -109.997581481934006, 30.866491317748999 ], [ -109.992652893065994, 30.838569641113299 ], [ -109.97728729248, 30.8326110839844 ], [ -109.930168151855, 30.838079452514599 ], [ -109.908866882324006, 30.8243312835693 ], [ -109.864440917969006, 30.849540710449201 ], [ -109.832908630370994, 30.851261138916101 ], [ -109.821548461914006, 30.8276901245118 ], [ -109.832557678222997, 30.7910900115968 ], [ -109.810150146484006, 30.7209701538087 ], [ -109.812561035155994, 30.6672897338868 ], [ -109.799392700195, 30.647300720215 ], [ -109.811492919922003, 30.6355304718019 ], [ -109.853736877440994, 30.639930725097699 ], [ -109.86287689209, 30.6315002441407 ], [ -109.84593963623, 30.601049423217798 ], [ -109.801582336425994, 30.5795497894288 ], [ -109.788398742675994, 30.5652999877931 ], [ -109.802726745605, 30.503910064697301 ], [ -109.823722839355, 30.4792995452881 ], [ -109.848686218262003, 30.481510162353501 ], [ -109.892196655272997, 30.4675006866456 ], [ -109.942642211914006, 30.4711208343506 ], [ -109.959808349609006, 30.481990814208999 ], [ -110.000297546387003, 30.479230880737401 ], [ -110.037818908690994, 30.487171173095799 ], [ -110.049629211425994, 30.496219635009801 ], [ -110.051277160645, 30.516750335693501 ], [ -110.075172424315994, 30.5468425750732 ], [ -110.111656188965, 30.566377639770501 ], [ -110.119758605957003, 30.5907306671144 ], [ -110.139350891112997, 30.6020107269288 ], [ -110.162246704102003, 30.637500762939599 ], [ -110.227058410645, 30.698909759521602 ], [ -110.242073059082003, 30.752321243286101 ] ] ] } },
{ "type": "Feature", "properties": { "NAME_1": "Sonora", "NAME_2": "Bácum" }, "geometry": { "type": "GeometryCollection", "geometries": [ { "type": "Polygon", "coordinates": [ [ [ -110.15446472168, 27.120609283447301 ], [ -110.14803314209, 27.118465423584102 ], [ -110.14444732666, 27.118333816528398 ], [ -110.133056640625, 27.125833511352699 ], [ -110.129096984862997, 27.120344161987401 ], [ -110.117523193359006, 27.122779846191399 ], [ -110.133491516112997, 27.127908706665199 ], [ -110.146423339844006, 27.118579864501999 ], [ -110.15421295166, 27.1215114593506 ], [ -110.123916625977003, 27.1969108581543 ], [ -110.145370483397997, 27.235490798950298 ], [ -110.166046142577997, 27.352149963378999 ], [ -110.164489746094006, 27.422298431396602 ], [ -110.180557250977003, 27.4822902679443 ], [ -110.176559448242003, 27.491380691528299 ], [ -110.074195861815994, 27.553922653198399 ], [ -110.06859588623, 27.575290679931602 ], [ -110.082008361815994, 27.6083602905275 ], [ -110.103866577147997, 27.622810363769599 ], [ -110.141311645507997, 27.670309066772599 ], [ -110.146537780762003, 27.6832599639893 ], [ -110.140586853027003, 27.728040695190501 ], [ -110.16089630127, 27.793270111084102 ], [ -110.166175842285, 27.8784999847413 ], [ -110.179702758789006, 27.8886108398438 ], [ -110.184387207030994, 27.913600921631001 ], [ -110.208297729492003, 27.921100616455099 ], [ -110.214691162109006, 27.930559158325298 ], [ -110.204849243164006, 27.943361282348601 ], [ -110.144760131835994, 27.9328212738037 ], [ -110.122749328612997, 27.947280883789201 ], [ -110.112800598145, 27.966091156006001 ], [ -110.118186950684006, 27.9845790863038 ], [ -110.109588623047003, 28.002660751342798 ], [ -110.117767333984006, 28.015129089355501 ], [ -110.109626770019005, 28.024650573730501 ], [ -110.060127258300994, 27.9609909057618 ], [ -109.996246337890994, 27.929542541503999 ], [ -110.003898620605, 27.905921936035099 ], [ -110.022926330565994, 27.891731262207099 ], [ -110.069862365722997, 27.793582916259801 ], [ -110.073028564452997, 27.7194309234619 ], [ -110.083587646484006, 27.689250946045 ], [ -110.049537658690994, 27.6762409210206 ], [ -110.013702392577997, 27.682012557983398 ], [ -110.007789611815994, 27.697090148925799 ], [ -109.998207092285, 27.699691772461101 ], [ -109.974678039550994, 27.6910095214844 ], [ -109.964698791504006, 27.677850723266499 ], [ -109.961936950684006, 27.516630172729499 ], [ -109.973999023437003, 27.500339508056602 ], [ -110.04931640625, 27.504011154174801 ], [ -110.071823120117003, 27.4959602355957 ], [ -110.062492370605, 27.3937206268312 ], [ -110.070289611815994, 27.253892898559599 ], [ -110.057762145995994, 27.166440963745099 ], [ -110.066909790039006, 27.1108207702638 ], [ -110.080902099609006, 27.099609375000099 ], [ -110.060874938965, 27.0804862976075 ], [ -110.101669311522997, 27.107742309570298 ], [ -110.153968811035, 27.119056701660199 ], [ -110.15446472168, 27.120609283447301 ] ] ] }, { "type": "Polygon", "coordinates": [ [ [ -110.125831604004006, 27.123334884643601 ], [ -110.124725341797003, 27.121665954589801 ], [ -110.128890991210994, 27.121944427490199 ], [ -110.128608703612997, 27.122499465942401 ], [ -110.125831604004006, 27.123334884643601 ] ] ] } ] } },
{ "type": "Feature", "properties": { "NAME_1": "Sonora", "NAME_2": "Banámichi" }, "geometry": { "type": "Polygon", "coordinates": [ [ [ -110.081329345702997, 30.144630432128899 ], [ -110.095771789550994, 30.1001300811769 ], [ -110.129089355469006, 30.0701007843018 ], [ -110.117973327637003, 30.024299621582099 ], [ -110.124366760254006, 30.0086994171143 ], [ -110.168792724609006, 29.9899005889894 ], [ -110.210472106934006, 29.995950698852599 ], [ -110.251083374022997, 29.982458114623999 ], [ -110.327438354492003, 29.9880905151368 ], [ -110.387046813965, 30.0067882537843 ], [ -110.423377990722997, 30.027271270751999 ], [ -110.431053161620994, 30.0252418518068 ], [ -110.436279296875, 30.002080917358398 ], [ -110.465118408202997, 30.0017910003663 ], [ -110.487373352050994, 30.012590408325298 ], [ -110.532897949219006, 30.010602951049901 ], [ -110.531356811522997, 30.0371913909912 ], [ -110.511848449707003, 30.058210372924901 ], [ -110.50057220459, 30.086000442504901 ], [ -110.451278686522997, 30.145490646362202 ], [ -110.422988891602003, 30.1660976409912 ], [ -110.41340637207, 30.152811050415199 ], [ -110.320190429687003, 30.112190246581999 ], [ -110.309013366699006, 30.091670989990199 ], [ -110.275817871094006, 30.083570480346701 ], [ -110.241561889647997, 30.096240997314499 ], [ -110.206237792969006, 30.131269454956101 ], [ -110.15168762207, 30.134149551391602 ], [ -110.135955810547003, 30.1266593933106 ], [ -110.132507324219006, 30.133750915527301 ], [ -110.081329345702997, 30.144630432128899 ] ] ] } },
{ "type": "Feature", "properties": { "NAME_1": "Sonora", "NAME_2": "Baviácora" }, "geometry": { "type": "Polygon", "coordinates": [ [ [ -109.995552062987997, 29.571281433105501 ], [ -110.023933410645, 29.567501068115298 ], [ -110.06120300293, 29.534561157226701 ], [ -110.119743347167997, 29.515119552612301 ], [ -110.132247924805, 29.496700286865298 ], [ -110.20287322998, 29.527200698852699 ], [ -110.22338104248, 29.542341232299901 ], [ -110.264633178710994, 29.598190307617202 ], [ -110.315979003905994, 29.642879486083999 ], [ -110.303703308105, 29.722150802612401 ], [ -110.259796142577997, 29.740520477294901 ], [ -110.258155822754006, 29.759559631347699 ], [ -110.218727111815994, 29.770191192626999 ], [ -110.135330200195, 29.758409500122099 ], [ -110.049850463867003, 29.776178359985401 ], [ -109.96369934082, 29.742130279541101 ], [ -109.95182800293, 29.7276916503906 ], [ -109.952697753905994, 29.7152004241943 ], [ -110.022659301757997, 29.645469665527301 ], [ -109.995552062987997, 29.571281433105501 ] ] ] } },
{ "type": "Feature", "properties": { "NAME_1": "Sonora", "NAME_2": "Bavispe" }, "geometry": { "type": "Polygon", "coordinates": [ [ [ -109.200912475585994, 30.395570755004901 ], [ -109.195640563965, 30.423040390014599 ], [ -109.21215057373, 30.479059219360401 ], [ -109.196922302245994, 30.516731262206999 ], [ -109.199768066405994, 30.5352897644044 ], [ -109.177856445312003, 30.628480911255 ], [ -109.177688598632997, 30.6644096374513 ], [ -109.186729431152003, 30.677659988403398 ], [ -109.228523254394005, 30.68318939209 ], [ -109.263290405272997, 30.706649780273601 ], [ -109.212882995605, 30.777910232543899 ], [ -109.201477050780994, 30.818212509155199 ], [ -109.167709350585994, 30.8194808959962 ], [ -109.126846313477003, 30.7928695678712 ], [ -109.083427429199006, 30.744749069213999 ], [ -109.082420349120994, 30.730890274048001 ], [ -109.070678710937003, 30.727470397949201 ], [ -109.044425964355, 30.746580123901399 ], [ -109.026382446289006, 30.7872028350831 ], [ -108.95378112793, 30.8990802764893 ], [ -108.937812805175994, 30.903640747070401 ], [ -108.907768249512003, 30.8948497772218 ], [ -108.845077514647997, 30.901269912719702 ], [ -108.795722961425994, 30.9303207397462 ], [ -108.747688293457003, 30.929620742797901 ], [ -108.756317138672003, 30.915189743041999 ], [ -108.743980407715, 30.887161254882798 ], [ -108.700996398925994, 30.864580154418999 ], [ -108.677871704102003, 30.833972930908299 ], [ -108.645523071289006, 30.813550949096701 ], [ -108.642150878905994, 30.729740142822301 ], [ -108.601440429687997, 30.704019546508899 ], [ -108.627532958984006, 30.6421298980713 ], [ -108.628150939940994, 30.6231594085694 ], [ -108.579986572265994, 30.573829650878999 ], [ -108.586517333984006, 30.534349441528299 ], [ -108.556617736815994, 30.4794006347657 ], [ -108.553321838379006, 30.435552597046001 ], [ -108.567100524902003, 30.444391250610401 ], [ -108.602966308594006, 30.431129455566399 ], [ -108.645149230957003, 30.428289413452301 ], [ -108.766647338867003, 30.463090896606499 ], [ -108.779960632324006, 30.4528503417969 ], [ -108.765632629395, 30.422540664672901 ], [ -108.804077148437997, 30.413568496703999 ], [ -108.838470458984006, 30.3554592132569 ], [ -108.853897094727003, 30.3502006530762 ], [ -108.95442199707, 30.3748512268068 ], [ -109.080741882324006, 30.3785095214844 ], [ -109.161827087402003, 30.398139953613299 ], [ -109.200912475585994, 30.395570755004901 ] ] ] } },
{ "type": "Feature", "properties": { "NAME_1": "Sonora", "NAME_2": "Benjamín Hill" }, "geometry": { "type": "Polygon", "coordinates": [ [ [ -111.255966186522997, 29.9458618164062 ], [ -111.275382995605, 30.033039093017699 ], [ -111.289520263672003, 30.041110992431602 ], [ -111.302680969237997, 30.073520660400501 ], [ -111.322166442870994, 30.086671829223601 ], [ -111.332679748535, 30.115129470825199 ], [ -111.347923278809006, 30.127590179443398 ], [ -111.345596313477003, 30.141731262206999 ], [ -111.323272705077997, 30.154541015625 ], [ -111.334007263184006, 30.170480728149499 ], [ -111.268409729004006, 30.2002983093262 ], [ -111.246826171875, 30.1957206726075 ], [ -111.224006652832003, 30.204570770263601 ], [ -111.221412658690994, 30.257770538330199 ], [ -111.210098266602003, 30.2769775390625 ], [ -111.212692260742003, 30.3049411773682 ], [ -111.199340820312003, 30.332920074463001 ], [ -111.199668884277003, 30.374500274658299 ], [ -111.161476135254006, 30.447731018066499 ], [ -111.120452880859006, 30.464841842651399 ], [ -111.123062133789006, 30.429990768432699 ], [ -111.095558166504006, 30.415460586548001 ], [ -111.073547363280994, 30.3891410827638 ], [ -111.098106384277003, 30.372280120849599 ], [ -111.094223022460994, 30.349420547485501 ], [ -111.030517578125, 30.357030868530298 ], [ -111.011077880859006, 30.349861145019499 ], [ -110.996307373047003, 30.2923183441163 ], [ -110.966171264647997, 30.2740192413331 ], [ -110.938400268555, 30.2876205444337 ], [ -110.923500061035, 30.283439636230401 ], [ -110.907173156737997, 30.263299942016602 ], [ -110.896507263182997, 30.2147102355957 ], [ -110.931060791015994, 30.1821403503419 ], [ -110.947692871094006, 30.1157417297363 ], [ -110.986976623535, 30.116720199585 ], [ -110.995887756347997, 30.0931110382081 ], [ -111.013336181640994, 30.078760147094801 ], [ -111.076080322265994, 30.086420059204201 ], [ -111.095176696777003, 30.0797004699707 ], [ -111.091026306152003, 30.038450241088999 ], [ -111.101852416992003, 30.0201301574706 ], [ -111.086616516112997, 29.9976501464844 ], [ -111.11213684082, 29.9622611999512 ], [ -111.195343017577997, 29.975019454956101 ], [ -111.255966186522997, 29.9458618164062 ] ] ] } },
{ "type": "Feature", "properties": { "NAME_1": "Sonora", "NAME_2": "Caborca" }, "geometry": { "type": "Polygon", "coordinates": [ [ [ -112.758796691895, 30.194778442382798 ], [ -112.775482177734006, 30.22487449646 ], [ -112.809616088867003, 30.258422851562599 ], [ -112.837623596190994, 30.270736694336001 ], [ -112.857223510742003, 30.263055801391701 ], [ -112.864723205565994, 30.268611907959102 ], [ -112.851173400879006, 30.287269592285199 ], [ -112.846885681152003, 30.348108291626101 ], [ -112.856666564940994, 30.395832061767699 ], [ -112.892219543457003, 30.4527778625488 ], [ -112.883331298827997, 30.446945190429702 ], [ -112.879447937012003, 30.447778701782301 ], [ -112.961669921875, 30.5191669464112 ], [ -112.992500305175994, 30.5347213745118 ], [ -113.082221984862997, 30.672500610351701 ], [ -113.12801361084, 30.813219070434599 ], [ -113.108329772949006, 30.860460281371999 ], [ -113.055557250977003, 30.878099441528398 ], [ -113.007553100585994, 30.927900314331101 ], [ -112.976852416992003, 30.9450397491456 ], [ -112.95140838623, 30.9823207855225 ], [ -112.909606933594006, 31.0163898468018 ], [ -112.853378295897997, 31.104379653930799 ], [ -112.804466247559006, 31.155099868774499 ], [ -112.787742614745994, 31.215620040893601 ], [ -112.726806640625, 31.252281188964901 ], [ -112.729110717772997, 31.2931308746338 ], [ -112.719673156737997, 31.308641433715898 ], [ -112.627647399902003, 31.330551147461101 ], [ -112.593933105469006, 31.314121246337901 ], [ -112.576370239257997, 31.3649806976319 ], [ -112.513366699219006, 31.4357299804688 ], [ -112.510818481445, 31.476121902465898 ], [ -112.533065795897997, 31.533109664916999 ], [ -112.525497436522997, 31.5937099456788 ], [ -112.532623291015994, 31.6273708343506 ], [ -112.526428222655994, 31.647609710693501 ], [ -112.544136047362997, 31.671901702880898 ], [ -112.553512573242003, 31.715690612793001 ], [ -112.537216186522997, 31.7417106628418 ], [ -112.545196533202997, 31.759740829467798 ], [ -112.539321899414006, 31.794998168945401 ], [ -112.122657775879006, 31.664270401001001 ], [ -112.128410339355, 31.6443881988525 ], [ -112.177886962890994, 31.604000091552699 ], [ -112.134231567382997, 31.557199478149499 ], [ -112.144096374512003, 31.534240722656399 ], [ -112.152076721190994, 31.467920303344801 ], [ -112.182670593262003, 31.433650970459102 ], [ -112.186378479004006, 31.409732818603601 ], [ -112.185729980469006, 31.379350662231499 ], [ -112.155647277832003, 31.305881500244102 ], [ -112.151542663574006, 31.2753601074219 ], [ -112.173156738280994, 31.108039855956999 ], [ -112.166168212890994, 31.083011627197301 ], [ -112.182891845702997, 31.0487804412843 ], [ -112.175025939940994, 31.040340423584102 ], [ -112.10498046875, 31.019569396972699 ], [ -112.079650878905994, 31.026239395141602 ], [ -112.065132141112997, 31.0194625854493 ], [ -112.092666625977003, 30.8801498413087 ], [ -112.079612731934006, 30.759290695190401 ], [ -112.054252624512003, 30.71342086792 ], [ -112.075576782227003, 30.6786098480225 ], [ -112.099990844727003, 30.656679153442401 ], [ -112.123947143555, 30.6102619171143 ], [ -112.133293151855, 30.575750350952301 ], [ -112.164970397949006, 30.5164604187012 ], [ -112.171112060547003, 30.475919723510799 ], [ -112.199241638184006, 30.4320793151857 ], [ -112.200157165527003, 30.4063606262206 ], [ -112.243637084960994, 30.363420486450199 ], [ -112.280128479004006, 30.299169540405401 ], [ -112.30046081543, 30.280330657958999 ], [ -112.325675964355, 30.2772026062013 ], [ -112.38883972168, 30.300678253173899 ], [ -112.466957092285, 30.292812347412202 ], [ -112.494110107422003, 30.3047199249268 ], [ -112.502136230469006, 30.2941398620606 ], [ -112.575721740722997, 30.281621932983501 ], [ -112.584815979004006, 30.266130447387599 ], [ -112.582916259765994, 30.251981735229499 ], [ -112.5947265625, 30.244350433349702 ], [ -112.627922058105, 30.2777404785156 ], [ -112.637580871582003, 30.303430557251001 ], [ -112.649551391600994, 30.303810119628999 ], [ -112.65796661377, 30.289150238037202 ], [ -112.628028869629006, 30.214960098266701 ], [ -112.632362365722997, 30.1909999847413 ], [ -112.620697021484006, 30.145269393921001 ], [ -112.624061584472997, 30.126970291137798 ], [ -112.660896301269005, 30.097681045532301 ], [ -112.695861816405994, 30.0926494598388 ], [ -112.755271911620994, 30.051572799682699 ], [ -112.761772155762003, 30.063135147094801 ], [ -112.752365112305, 30.1527385711669 ], [ -112.758796691895, 30.194778442382798 ] ] ] } },
{ "type": "Feature", "properties": { "NAME_1": "Sonora", "NAME_2": "Cajeme" }, "geometry": { "type": "GeometryCollection", "geometries": [ { "type": "Polygon", "coordinates": [ [ [ -110.109626770019005, 28.024650573730501 ], [ -110.102439880370994, 28.0394897460938 ], [ -110.079063415527003, 28.047910690307699 ], [ -110.064056396484006, 28.070859909057599 ], [ -110.041679382324006, 28.083192825317401 ], [ -110.030387878417997, 28.107040405273501 ], [ -109.993156433105, 28.1009006500244 ], [ -109.996276855469006, 28.128860473632901 ], [ -110.013732910155994, 28.151000976562599 ], [ -110.037117004394005, 28.2191181182862 ], [ -110.01252746582, 28.240659713745099 ], [ -110.004013061522997, 28.289421081543001 ], [ -109.952758789062003, 28.277019500732401 ], [ -109.881248474120994, 28.2140502929688 ], [ -109.86190032959, 28.2115211486818 ], [ -109.847640991210994, 28.217769622802798 ], [ -109.827110290527003, 28.268560409546001 ], [ -109.800659179687997, 28.285640716552699 ], [ -109.77596282959, 28.291629791259901 ], [ -109.731880187987997, 28.270570755004901 ], [ -109.68839263916, 28.273820877075298 ], [ -109.619895935059006, 28.307180404663001 ], [ -109.594749450684006, 28.305690765380898 ], [ -109.536010742187997, 28.34135055542 ], [ -109.540840148925994, 28.322891235351602 ], [ -109.527206420897997, 28.2829895019532 ], [ -109.533889770507997, 28.264318466186499 ], [ -109.577667236327997, 28.226938247680799 ], [ -109.582656860352003, 28.187271118164102 ], [ -109.606163024902003, 28.1242904663087 ], [ -109.611389160155994, 28.070920944213899 ], [ -109.60521697998, 28.052000045776399 ], [ -109.572647094727003, 28.019531250000099 ], [ -109.563659667969006, 27.998971939086999 ], [ -109.515502929687997, 27.9628505706788 ], [ -109.515823364257997, 27.947208404541101 ], [ -109.502693176269005, 27.937641143798899 ], [ -109.476692199707003, 27.8690509796143 ], [ -109.50373840332, 27.850679397583001 ], [ -109.560859680175994, 27.853551864624102 ], [ -109.598007202147997, 27.861230850219801 ], [ -109.61937713623, 27.8762607574463 ], [ -109.629600524902003, 27.873950958252099 ], [ -109.61548614502, 27.809038162231602 ], [ -109.617851257324006, 27.783170700073299 ], [ -109.635108947754006, 27.7563705444337 ], [ -109.684379577637003, 27.7498703002931 ], [ -109.699806213379006, 27.737840652465898 ], [ -109.674652099609006, 27.703189849853601 ], [ -109.668128967285, 27.6303806304932 ], [ -109.722099304199006, 27.549110412597699 ], [ -109.710395812987997, 27.411220550537202 ], [ -109.715492248535, 27.375320434570298 ], [ -109.682456970215, 27.329830169677699 ], [ -109.704780578612997, 27.3089103698731 ], [ -109.689849853515994, 27.285810470581101 ], [ -109.735977172850994, 27.260381698608501 ], [ -109.767967224120994, 27.205530166626001 ], [ -109.810997009277003, 27.1651706695557 ], [ -109.872596740722997, 27.137149810791101 ], [ -109.883453369140994, 27.118972778320298 ], [ -109.863868713379006, 27.099622726440501 ], [ -109.886253356934006, 27.094810485839901 ], [ -109.917129516602003, 27.063531875610401 ], [ -109.968421936035, 27.102022171020501 ], [ -109.974571228027003, 27.098850250244102 ], [ -109.971641540527003, 27.106590270996101 ], [ -109.98902130127, 27.1168632507325 ], [ -110.005554199219006, 27.1033325195312 ], [ -110.006942749022997, 27.112777709961001 ], [ -110.019165039062003, 27.115352630615298 ], [ -110.013053894042997, 27.127222061157202 ], [ -110.032371520995994, 27.108516693115298 ], [ -110.030914306640994, 27.128190994262699 ], [ -110.040000915527003, 27.113056182861399 ], [ -110.049751281737997, 27.123340606689499 ], [ -110.04704284668, 27.114418029785199 ], [ -110.034553527832003, 27.110559463501101 ], [ -110.04573059082, 27.091768264770501 ], [ -110.05997467041, 27.0855827331544 ], [ -110.058334350585994, 27.079166412353601 ], [ -110.080902099609006, 27.099609375000099 ], [ -110.066909790039006, 27.1108207702638 ], [ -110.057762145995994, 27.166440963745099 ], [ -110.070289611815994, 27.253892898559599 ], [ -110.062492370605, 27.3937206268312 ], [ -110.071823120117003, 27.4959602355957 ], [ -110.057289123535, 27.5034904479981 ], [ -109.986183166504006, 27.499570846557699 ], [ -109.96459197998, 27.506191253662202 ], [ -109.961311340332003, 27.6655998229981 ], [ -109.974678039550994, 27.6910095214844 ], [ -109.998207092285, 27.699691772461101 ], [ -110.007789611815994, 27.697090148925799 ], [ -110.013702392577997, 27.682012557983398 ], [ -110.049537658690994, 27.6762409210206 ], [ -110.083587646484006, 27.689250946045 ], [ -110.073028564452997, 27.7194309234619 ], [ -110.069862365722997, 27.793582916259801 ], [ -110.022926330565994, 27.891731262207099 ], [ -110.003898620605, 27.905921936035099 ], [ -109.996246337890994, 27.929542541503999 ], [ -110.060127258300994, 27.9609909057618 ], [ -110.109626770019005, 28.024650573730501 ] ] ] }, { "type": "Polygon", "coordinates": [ [ [ -110.02278137207, 27.1122226715088 ], [ -110.024444580077997, 27.112777709961001 ], [ -110.021667480469006, 27.113611221313601 ], [ -110.022239685059006, 27.112354278564599 ], [ -110.02278137207, 27.1122226715088 ] ] ] }, { "type": "Polygon", "coordinates": [ [ [ -110.037780761719006, 27.089445114135799 ], [ -110.016998291015994, 27.081056594848601 ], [ -110.013916015625, 27.086061477661101 ], [ -109.973838806152003, 27.064924240112202 ], [ -109.954917907715, 27.048526763916001 ], [ -109.938987731934006, 27.019575119018601 ], [ -109.96875, 27.055549621582099 ], [ -110.046112060547003, 27.0841674804688 ], [ -110.037780761719006, 27.089445114135799 ] ] ] } ] } },
{ "type": "Feature", "properties": { "NAME_1": "Sonora", "NAME_2": "Cananea" }, "geometry": { "type": "Polygon", "coordinates": [ [ [ -110.381469726562003, 30.757221221923899 ], [ -110.409858703612997, 30.767040252685501 ], [ -110.435676574707003, 30.791980743408299 ], [ -110.470771789550994, 30.806650161743299 ], [ -110.49308013916, 30.826208114624102 ], [ -110.532371520995994, 30.835790634155298 ], [ -110.537780761719006, 30.8443412780762 ], [ -110.504257202147997, 30.8838195800782 ], [ -110.520332336425994, 30.920530319213899 ], [ -110.552497863769005, 30.9339294433594 ], [ -110.529457092285, 30.982219696044901 ], [ -110.534286499022997, 31.011680603027301 ], [ -110.551856994629006, 31.033670425415 ], [ -110.531669616699006, 31.044742584228601 ], [ -110.481956481934006, 31.044660568237301 ], [ -110.463302612305, 31.053861618041999 ], [ -110.443367004395, 31.098140716552798 ], [ -110.44255065918, 31.156669616699201 ], [ -110.421752929687003, 31.199060440063501 ], [ -110.393836975097997, 31.228469848632901 ], [ -110.35555267334, 31.2441215515137 ], [ -110.328376770019005, 31.276201248169102 ], [ -110.313621520995994, 31.279590606689499 ], [ -110.265747070312003, 31.249980926513601 ], [ -110.227729797362997, 31.2452697753907 ], [ -110.190132141112997, 31.224929809570298 ], [ -110.157508850097997, 31.223699569702301 ], [ -110.138038635254006, 31.2147312164307 ], [ -110.123123168945, 31.2010612487794 ], [ -110.125366210937003, 31.171089172363398 ], [ -110.110931396484006, 31.146890640258899 ], [ -110.09578704834, 31.142137527465898 ], [ -110.056831359862997, 31.170892715454201 ], [ -110.045219421387003, 31.170570373535199 ], [ -110.029457092285, 31.149499893188501 ], [ -110.009178161620994, 31.141822814941499 ], [ -109.976097106934006, 31.1115112304688 ], [ -109.959632873535, 31.1078090667725 ], [ -109.956886291504006, 31.0997009277344 ], [ -110.006782531737997, 31.088569641113299 ], [ -110.014541625977003, 31.0725116729737 ], [ -110.000717163085994, 31.056980133056602 ], [ -109.933670043945, 31.024030685424801 ], [ -109.921997070312003, 31.003021240234499 ], [ -109.944328308105, 30.981920242309702 ], [ -109.997627258300994, 30.957128524780298 ], [ -110.009742736815994, 30.875789642333999 ], [ -110.119232177734006, 30.813709259033299 ], [ -110.150390625, 30.8167629241944 ], [ -110.167266845702997, 30.810480117797798 ], [ -110.207046508789006, 30.7704582214357 ], [ -110.254867553710994, 30.7424507141113 ], [ -110.28914642334, 30.747920989990298 ], [ -110.30638885498, 30.765460968017699 ], [ -110.312683105469006, 30.7860412597656 ], [ -110.331741333007997, 30.797388076782202 ], [ -110.347747802734006, 30.790519714355501 ], [ -110.35237121582, 30.761621475219801 ], [ -110.381469726562003, 30.757221221923899 ] ] ] } },
{ "type": "Feature", "properties": { "NAME_1": "Sonora", "NAME_2": "Carbó" }, "geometry": { "type": "Polygon", "coordinates": [ [ [ -111.344673156737997, 29.674768447876001 ], [ -111.335243225097997, 29.703710556030401 ], [ -111.323471069335994, 29.7140216827393 ], [ -111.261329650879006, 29.710109710693398 ], [ -111.244506835937997, 29.723678588867202 ], [ -111.260711669922003, 29.763650894165099 ], [ -111.286003112792997, 29.7930908203125 ], [ -111.352386474609006, 29.804420471191499 ], [ -111.346778869629006, 29.821662902831999 ], [ -111.320892333984006, 29.8489894866944 ], [ -111.326499938965, 29.860120773315501 ], [ -111.352638244629006, 29.855819702148398 ], [ -111.35237121582, 29.8695297241212 ], [ -111.300170898437003, 29.932010650634702 ], [ -111.240798950195, 29.948459625244102 ], [ -111.195343017577997, 29.975019454956101 ], [ -111.069206237792997, 29.9487209320069 ], [ -111.067047119140994, 29.936191558838001 ], [ -111.078163146972997, 29.9111328125 ], [ -111.052352905272997, 29.892560958862401 ], [ -110.983291625975994, 29.907159805297798 ], [ -110.946166992187003, 29.928230285644599 ], [ -110.823600769042997, 29.923061370849599 ], [ -110.781745910644005, 29.939380645751999 ], [ -110.752349853515994, 29.940650939941499 ], [ -110.690055847167997, 29.924350738525501 ], [ -110.677307128905994, 29.902469635009801 ], [ -110.635429382324006, 29.876689910888601 ], [ -110.657371520995994, 29.862430572509801 ], [ -110.669311523437003, 29.879440307617301 ], [ -110.704277038574006, 29.888910293579102 ], [ -110.73787689209, 29.869119644165099 ], [ -110.767456054687003, 29.813512802124102 ], [ -110.741996765137003, 29.743009567260899 ], [ -110.74015045166, 29.714410781860401 ], [ -110.764808654785, 29.6875514984131 ], [ -110.769866943359006, 29.665018081665099 ], [ -110.808036804199006, 29.6644611358643 ], [ -110.82258605957, 29.6998596191407 ], [ -110.835052490234006, 29.700822830200199 ], [ -110.845420837402003, 29.689920425415 ], [ -110.840156555175994, 29.656192779541101 ], [ -110.850273132324006, 29.632022857666001 ], [ -110.835136413574006, 29.532819747924901 ], [ -110.844528198242003, 29.506290435791001 ], [ -110.836669921875, 29.481571197509801 ], [ -110.86328125, 29.466711044311499 ], [ -111.040939331055, 29.456010818481499 ], [ -111.061882019042997, 29.4734706878663 ], [ -111.094039916992003, 29.4848308563232 ], [ -111.105911254882997, 29.506719589233299 ], [ -111.156562805175994, 29.503778457641602 ], [ -111.223846435547003, 29.533840179443398 ], [ -111.259712219237997, 29.5668010711669 ], [ -111.294708251952997, 29.5582294464112 ], [ -111.29810333252, 29.575241088867099 ], [ -111.270706176757997, 29.6115207672119 ], [ -111.270118713379006, 29.6262111663819 ], [ -111.307121276855, 29.649339675903299 ], [ -111.33406829834, 29.653619766235501 ], [ -111.344673156737997, 29.674768447876001 ] ] ] } },
{ "type": "Feature", "properties": { "NAME_1": "Sonora", "NAME_2": "Cucurpe" }, "geometry": { "type": "Polygon", "coordinates": [ [ [ -110.422988891602003, 30.1660976409912 ], [ -110.480842590332003, 30.182071685791001 ], [ -110.618156433105, 30.158870697021499 ], [ -110.73966217041, 30.191789627075199 ], [ -110.760452270507997, 30.210620880127099 ], [ -110.760223388672003, 30.297599792480501 ], [ -110.776130676269005, 30.332799911498999 ], [ -110.780158996582003, 30.3751106262207 ], [ -110.809967041015994, 30.389280319213899 ], [ -110.816482543945, 30.406389236450298 ], [ -110.756561279297003, 30.440900802612401 ], [ -110.76708984375, 30.4621696472169 ], [ -110.758407592772997, 30.4704704284668 ], [ -110.753067016602003, 30.497470855712901 ], [ -110.72940826416, 30.5200595855713 ], [ -110.760589599609006, 30.536970138549901 ], [ -110.764472961425994, 30.554981231689499 ], [ -110.736946105957003, 30.590480804443398 ], [ -110.677192687987997, 30.584348678588999 ], [ -110.657341003417997, 30.592599868774499 ], [ -110.606338500977003, 30.5907707214357 ], [ -110.540367126465, 30.618940353393601 ], [ -110.515510559082003, 30.637639999389599 ], [ -110.48388671875, 30.645879745483501 ], [ -110.444313049315994, 30.6242694854737 ], [ -110.463249206542997, 30.591062545776399 ], [ -110.453765869140994, 30.525030136108501 ], [ -110.465751647949006, 30.485929489135899 ], [ -110.456199645995994, 30.449369430541999 ], [ -110.429626464844006, 30.404779434204201 ], [ -110.396865844727003, 30.393569946289102 ], [ -110.372566223145, 30.373189926147599 ], [ -110.352722167969006, 30.334600448608501 ], [ -110.390342712402003, 30.301559448242099 ], [ -110.407333374022997, 30.236312866211101 ], [ -110.428970336914006, 30.204349517822401 ], [ -110.422988891602003, 30.1660976409912 ] ] ] } },
{ "type": "Feature", "properties": { "NAME_1": "Sonora", "NAME_2": "Cumpas" }, "geometry": { "type": "Polygon", "coordinates": [ [ [ -109.487449645995994, 30.165199279785199 ], [ -109.528266906737997, 30.117019653320401 ], [ -109.551391601562003, 30.1066493988038 ], [ -109.587516784667997, 30.073471069335898 ], [ -109.590522766112997, 30.031339645385799 ], [ -109.566802978515994, 30.0176906585693 ], [ -109.569892883300994, 29.999809265136701 ], [ -109.563285827637003, 29.9893798828125 ], [ -109.553436279297003, 29.982282638549801 ], [ -109.534111022949006, 29.990512847900501 ], [ -109.521575927734006, 29.9839897155762 ], [ -109.543930053710994, 29.968500137329201 ], [ -109.545486450195, 29.943620681762699 ], [ -109.596488952637003, 29.922550201416101 ], [ -109.663299560547003, 29.926519393920799 ], [ -109.670021057129006, 29.920999526977599 ], [ -109.667266845702997, 29.835140228271499 ], [ -109.681922912597997, 29.776960372924901 ], [ -109.707191467285, 29.785509109497099 ], [ -109.92195892334, 29.786180496215898 ], [ -109.96964263916, 29.8231296539307 ], [ -110.007682800292997, 29.823392868041999 ], [ -110.018501281737997, 29.838479995727699 ], [ -110.050079345702997, 29.8508014678956 ], [ -110.052528381347997, 29.912460327148398 ], [ -110.061279296875, 29.918909072876001 ], [ -110.082809448242003, 29.9207782745362 ], [ -110.115791320800994, 29.907110214233398 ], [ -110.13671875, 29.9099807739257 ], [ -110.106979370117003, 29.925460815429702 ], [ -110.101081848145, 29.9480304718018 ], [ -110.129211425780994, 29.9763908386232 ], [ -110.169578552245994, 29.9871311187744 ], [ -110.124366760254006, 30.0086994171143 ], [ -110.117973327637003, 30.024299621582099 ], [ -110.126678466797003, 30.0767612457275 ], [ -110.090431213379006, 30.1085624694825 ], [ -110.057266235352003, 30.224870681762798 ], [ -110.027626037597997, 30.2199611663819 ], [ -110.002182006835994, 30.285270690918001 ], [ -109.810417175292997, 30.300819396972699 ], [ -109.725517272949006, 30.337471008300799 ], [ -109.698020935057997, 30.303279876708999 ], [ -109.669906616210994, 30.2877101898194 ], [ -109.540863037109006, 30.2806110382081 ], [ -109.53687286377, 30.1886711120606 ], [ -109.487449645995994, 30.165199279785199 ] ] ] } },
{ "type": "Feature", "properties": { "NAME_1": "Sonora", "NAME_2": "Divisaderos" }, "geometry": { "type": "Polygon", "coordinates": [ [ [ -109.178886413574006, 29.7724208831787 ], [ -109.159378051757997, 29.735670089721701 ], [ -109.157516479492003, 29.715450286865298 ], [ -109.138298034667997, 29.698389053344801 ], [ -109.111846923827997, 29.648571014404201 ], [ -109.10311126709, 29.609970092773398 ], [ -109.06468963623, 29.598520278930799 ], [ -109.049591064452997, 29.628650665283299 ], [ -109.021011352539006, 29.618120193481499 ], [ -109.007446289062003, 29.6003704071044 ], [ -109.003326416015994, 29.575620651245099 ], [ -109.027679443359006, 29.516920089721701 ], [ -109.01587677002, 29.459619522094801 ], [ -109.022521972655994, 29.428632736206101 ], [ -109.043617248535, 29.4386291503907 ], [ -109.107887268065994, 29.443891525268601 ], [ -109.133796691894005, 29.4538803100587 ], [ -109.18879699707, 29.493911743164102 ], [ -109.243690490722997, 29.5100803375244 ], [ -109.279777526855, 29.5390224456788 ], [ -109.369079589844006, 29.557359695434499 ], [ -109.391716003417997, 29.579179763793999 ], [ -109.413139343262003, 29.572700500488398 ], [ -109.435676574707003, 29.582929611206101 ], [ -109.454856872559006, 29.5643196105957 ], [ -109.536636352539006, 29.569339752197301 ], [ -109.572128295897997, 29.587419509887798 ], [ -109.607597351074006, 29.632789611816499 ], [ -109.610733032227003, 29.663909912109499 ], [ -109.585441589355, 29.708959579467798 ], [ -109.566947937012003, 29.767440795898601 ], [ -109.522392272949006, 29.78782081604 ], [ -109.449340820312003, 29.797941207885899 ], [ -109.371658325195, 29.7925128936769 ], [ -109.320213317870994, 29.805749893188501 ], [ -109.229232788085994, 29.800340652465898 ], [ -109.178886413574006, 29.7724208831787 ] ] ] } },
{ "type": "Feature", "properties": { "NAME_1": "Sonora", "NAME_2": "Empalme" }, "geometry": { "type": "GeometryCollection", "geometries": [ { "type": "Polygon", "coordinates": [ [ [ -110.574478149414006, 27.879722595214901 ], [ -110.610176086425994, 27.887832641601602 ], [ -110.631713867187997, 27.882038116455099 ], [ -110.643692016602003, 27.888589859008899 ], [ -110.641670227050994, 27.899999618530298 ], [ -110.654502868652003, 27.9044094085693 ], [ -110.663192749022997, 27.898847579956101 ], [ -110.619163513184006, 27.871110916137699 ], [ -110.617225646972997, 27.860834121704102 ], [ -110.656356811522997, 27.889400482177798 ], [ -110.679840087890994, 27.889787673950199 ], [ -110.722587585449006, 27.907192230224599 ], [ -110.791946411132997, 27.9186115264893 ], [ -110.841888427734006, 27.910039901733501 ], [ -110.854263305664006, 27.913629531860401 ], [ -110.796516418457003, 27.923629760742301 ], [ -110.750267028809006, 27.977422714233398 ], [ -110.684852600097997, 28.1059894561768 ], [ -110.661972045897997, 28.132240295410199 ], [ -110.640716552734006, 28.138269424438601 ], [ -110.606468200684006, 28.130491256713899 ], [ -110.584297180175994, 28.100770950317401 ], [ -110.540451049805, 28.063369750976602 ], [ -110.521331787109006, 28.030139923095799 ], [ -110.492073059082003, 28.007448196411101 ], [ -110.491996765137003, 27.989580154418899 ], [ -110.557891845702997, 27.9220504760743 ], [ -110.574478149414006, 27.879722595214901 ] ] ] }, { "type": "Polygon", "coordinates": [ [ [ -110.612854003905994, 27.8600177764893 ], [ -110.610847473144005, 27.8594455718994 ], [ -110.610275268555, 27.858612060546999 ], [ -110.613334655762003, 27.858335494995199 ], [ -110.612854003905994, 27.8600177764893 ] ] ] } ] } },
{ "type": "Feature", "properties": { "NAME_1": "Sonora", "NAME_2": "Etchojoa" }, "geometry": { "type": "GeometryCollection", "geometries": [ { "type": "Polygon", "coordinates": [ [ [ -109.932502746582003, 26.9872226715088 ], [ -109.917778015137003, 26.965833663940501 ], [ -109.895553588867003, 26.9483337402344 ], [ -109.898056030272997, 26.943056106567401 ], [ -109.897224426269005, 26.9369430541993 ], [ -109.884719848632997, 26.938333511352699 ], [ -109.896110534667997, 26.9413871765137 ], [ -109.890274047852003, 26.949445724487401 ], [ -109.900276184082003, 26.960556030273501 ], [ -109.889999389647997, 26.9619445800782 ], [ -109.900001525879006, 26.969444274902301 ], [ -109.888885498047003, 26.970832824707099 ], [ -109.894256591797003, 26.9736633300781 ], [ -109.889167785645, 26.980833053588899 ], [ -109.898612976074006, 26.982221603393601 ], [ -109.901390075684006, 26.975000381469702 ], [ -109.896942138672003, 26.9925003051757 ], [ -109.918891906737997, 26.996387481689599 ], [ -109.912780761719006, 27.0050277709962 ], [ -109.906944274902003, 26.99666595459 ], [ -109.896110534667997, 26.997499465942301 ], [ -109.909721374512003, 27.002222061157301 ], [ -109.902328491210994, 27.016366958618299 ], [ -109.911712646484006, 27.0216598510743 ], [ -109.917129516602003, 27.063531875610401 ], [ -109.886253356934006, 27.094810485839901 ], [ -109.863868713379006, 27.099622726440501 ], [ -109.882232666015994, 27.1245517730713 ], [ -109.872596740722997, 27.137149810791101 ], [ -109.829086303710994, 27.151609420776399 ], [ -109.770362854004006, 27.205060958862401 ], [ -109.730506896972997, 27.197149276733398 ], [ -109.705696105957003, 27.2204303741456 ], [ -109.69319152832, 27.2158508300781 ], [ -109.67830657959, 27.190900802612401 ], [ -109.665267944335994, 27.186780929565501 ], [ -109.532356262207003, 27.1721515655518 ], [ -109.536636352539006, 27.114271163940501 ], [ -109.528396606445, 27.108499526977699 ], [ -109.486167907715, 27.1118392944337 ], [ -109.500785827637003, 27.048618316650501 ], [ -109.498512268065994, 27.0231609344482 ], [ -109.489349365234006, 27.011840820312599 ], [ -109.496696472167997, 26.9900512695312 ], [ -109.46768951416, 26.987590789795 ], [ -109.443832397460994, 26.945972442626999 ], [ -109.451690673827997, 26.9346103668213 ], [ -109.477836608887003, 26.925970077514702 ], [ -109.476272583007997, 26.872699737548899 ], [ -109.493057250977003, 26.820520401001001 ], [ -109.558776855469006, 26.810020446777301 ], [ -109.579368591309006, 26.8177909851075 ], [ -109.584297180175994, 26.830280303955 ], [ -109.578269958495994, 26.849332809448299 ], [ -109.588577270507997, 26.857620239257901 ], [ -109.630256652832003, 26.855531692504901 ], [ -109.654518127440994, 26.865119934081999 ], [ -109.700813293457003, 26.8613395690919 ], [ -109.719657897949006, 26.9055194854737 ], [ -109.745040893555, 26.923681259155298 ], [ -109.762641906737997, 26.918439865112202 ], [ -109.809288024902003, 26.870719909668001 ], [ -109.867774963379006, 26.850004196166999 ], [ -109.892219543457003, 26.926111221313601 ], [ -109.946113586425994, 26.9927768707275 ], [ -109.941337585449006, 27.009874343872202 ], [ -109.932502746582003, 26.9872226715088 ] ] ] }, { "type": "Polygon", "coordinates": [ [ [ -109.925834655762003, 26.985277175903398 ], [ -109.920555114745994, 26.978054046631001 ], [ -109.920829772949006, 26.974166870117301 ], [ -109.935836791992003, 27.003778457641701 ], [ -109.925834655762003, 26.985277175903398 ] ] ] }, { "type": "Polygon", "coordinates": [ [ [ -109.894950866699006, 26.973939895629901 ], [ -109.894996643065994, 26.97194480896 ], [ -109.904998779297003, 26.970832824707099 ], [ -109.897499084472997, 26.976667404174801 ], [ -109.894950866699006, 26.973939895629901 ] ] ] } ] } },
{ "type": "Feature", "properties": { "NAME_1": "Sonora", "NAME_2": "Fronteras" }, "geometry": { "type": "Polygon", "coordinates": [ [ [ -110.009742736815994, 30.875789642333999 ], [ -109.997627258300994, 30.957128524780298 ], [ -109.944328308105, 30.981920242309702 ], [ -109.921997070312003, 31.003021240234499 ], [ -109.933670043945, 31.024030685424801 ], [ -110.007759094237997, 31.062690734863299 ], [ -110.014541625977003, 31.0725116729737 ], [ -110.006782531737997, 31.088569641113299 ], [ -109.952850341797003, 31.101640701293999 ], [ -109.916625976562003, 31.097309112548899 ], [ -109.873992919922003, 31.110862731933601 ], [ -109.856666564940994, 31.106849670410199 ], [ -109.838897705077997, 31.126657485961999 ], [ -109.802711486815994, 31.143329620361399 ], [ -109.719673156737997, 31.130832672119102 ], [ -109.664558410645, 31.108417510986399 ], [ -109.644737243652003, 31.087102890014801 ], [ -109.636871337890994, 31.061822891235501 ], [ -109.622276306152003, 31.056711196899499 ], [ -109.612586975097997, 31.094181060791001 ], [ -109.596397399902003, 31.116521835327099 ], [ -109.577499389647997, 31.134622573852599 ], [ -109.546966552734006, 31.141981124878001 ], [ -109.518356323242003, 31.174390792846701 ], [ -109.498657226562003, 31.179161071777301 ], [ -109.485153198242003, 31.167430877685501 ], [ -109.482437133789006, 31.1308612823487 ], [ -109.472717285155994, 31.113531112670898 ], [ -109.426071166992003, 31.0842514038087 ], [ -109.381866455077997, 31.075950622558601 ], [ -109.334739685059006, 31.089340209960898 ], [ -109.282562255859006, 31.089250564575298 ], [ -109.252838134765994, 31.006839752197301 ], [ -109.262901306152003, 30.933900833129901 ], [ -109.216621398925994, 30.872150421142599 ], [ -109.197982788085994, 30.822221755981499 ], [ -109.212882995605, 30.777910232543899 ], [ -109.287826538085994, 30.675380706787202 ], [ -109.317398071289006, 30.666418075561499 ], [ -109.387413024902003, 30.701400756835898 ], [ -109.440376281737997, 30.7099304199219 ], [ -109.461929321289006, 30.7015781402587 ], [ -109.46785736084, 30.692390441894499 ], [ -109.458511352539006, 30.671550750732401 ], [ -109.467002868652003, 30.627952575683601 ], [ -109.525398254394005, 30.620130538940501 ], [ -109.547012329102003, 30.593830108642699 ], [ -109.550331115722997, 30.5642795562744 ], [ -109.559516906737997, 30.552442550659201 ], [ -109.610328674315994, 30.564529418945401 ], [ -109.640998840332003, 30.561100006103501 ], [ -109.679588317870994, 30.51469039917 ], [ -109.683151245117003, 30.489280700683601 ], [ -109.708740234375, 30.470661163330099 ], [ -109.715530395507997, 30.442819595336999 ], [ -109.730316162109006, 30.440591812133899 ], [ -109.819976806640994, 30.461219787597699 ], [ -109.823722839355, 30.4792995452881 ], [ -109.800025939940994, 30.510259628296001 ], [ -109.788398742675994, 30.5652999877931 ], [ -109.801582336425994, 30.5795497894288 ], [ -109.84593963623, 30.601049423217798 ], [ -109.861267089844006, 30.622940063476499 ], [ -109.853736877440994, 30.639930725097699 ], [ -109.811492919922003, 30.6355304718019 ], [ -109.799392700195, 30.647300720215 ], [ -109.812561035155994, 30.6672897338868 ], [ -109.810150146484006, 30.7209701538087 ], [ -109.832557678222997, 30.7910900115968 ], [ -109.821548461914006, 30.8276901245118 ], [ -109.832908630370994, 30.851261138916101 ], [ -109.864440917969006, 30.849540710449201 ], [ -109.908866882324006, 30.8243312835693 ], [ -109.930168151855, 30.838079452514599 ], [ -109.97728729248, 30.8326110839844 ], [ -109.992652893065994, 30.838569641113299 ], [ -109.997581481934006, 30.866491317748999 ], [ -110.009742736815994, 30.875789642333999 ] ] ] } },
{ "type": "Feature", "properties": { "NAME_1": "Sonora", "NAME_2": "Granados" }, "geometry": { "type": "Polygon", "coordinates": [ [ [ -109.127326965332003, 29.7988395690919 ], [ -109.178886413574006, 29.7724208831787 ], [ -109.229232788085994, 29.800340652465898 ], [ -109.320213317870994, 29.805749893188501 ], [ -109.385528564452997, 29.794269561767699 ], [ -109.353576660155994, 29.830337524414102 ], [ -109.358909606934006, 29.854850769042901 ], [ -109.378211975097997, 29.873720169067401 ], [ -109.37882232666, 29.892700195312599 ], [ -109.386276245117003, 29.895572662353501 ], [ -109.366287231445, 29.913192749023601 ], [ -109.282028198242003, 29.894729614257798 ], [ -109.249992370605, 29.8697319030762 ], [ -109.216735839844006, 29.881910324096701 ], [ -109.175437927245994, 29.874320983886701 ], [ -109.127388000487997, 29.877542495727699 ], [ -109.107116699219006, 29.8560485839844 ], [ -109.130111694335994, 29.810300827026399 ], [ -109.127326965332003, 29.7988395690919 ] ] ] } },
{ "type": "Feature", "properties": { "NAME_1": "Sonora", "NAME_2": "Guaymas" }, "geometry": { "type": "GeometryCollection", "geometries": [ { "type": "Polygon", "coordinates": [ [ [ -110.585571289062003, 27.795764923095799 ], [ -110.593704223632997, 27.798303604126001 ], [ -110.589164733887003, 27.810832977295 ], [ -110.605003356934006, 27.8099994659425 ], [ -110.586738586425994, 27.832578659057699 ], [ -110.590370178222997, 27.8452339172363 ], [ -110.578239440917997, 27.835140228271499 ], [ -110.567497253417997, 27.841388702392599 ], [ -110.548591613769005, 27.834644317627099 ], [ -110.546928405762003, 27.841436386108398 ], [ -110.528678894042997, 27.8415126800538 ], [ -110.517654418945, 27.855524063110401 ], [ -110.537498474120994, 27.853055953979499 ], [ -110.574676513672003, 27.884595870971701 ], [ -110.557891845702997, 27.9220504760743 ], [ -110.490196228027003, 27.997249603271499 ], [ -110.494567871094006, 28.013692855835 ], [ -110.521331787109006, 28.030139923095799 ], [ -110.540451049805, 28.063369750976602 ], [ -110.584297180175994, 28.100770950317401 ], [ -110.606468200684006, 28.130491256713899 ], [ -110.64737701416, 28.138900756836001 ], [ -110.661972045897997, 28.132240295410199 ], [ -110.684852600097997, 28.1059894561768 ], [ -110.750267028809006, 27.977422714233398 ], [ -110.796516418457003, 27.923629760742301 ], [ -110.811386108397997, 27.9219436645507 ], [ -110.82194519043, 27.9483337402344 ], [ -110.831390380859006, 27.953874588012699 ], [ -110.853576660155994, 27.947139739990298 ], [ -110.866386413574006, 27.915000915527401 ], [ -110.890129089355, 27.921043395996101 ], [ -110.906272888184006, 27.893348693847699 ], [ -110.88606262207, 27.905139923095799 ], [ -110.884017944335994, 27.896986007690501 ], [ -110.855690002440994, 27.9006252288819 ], [ -110.866386413574006, 27.895555496215898 ], [ -110.859031677245994, 27.895206451416001 ], [ -110.870277404785, 27.8841667175294 ], [ -110.863143920897997, 27.883277893066399 ], [ -110.870277404785, 27.8649997711182 ], [ -110.881225585937003, 27.8633117675782 ], [ -110.875511169434006, 27.851011276245099 ], [ -110.883613586425994, 27.83913230896 ], [ -110.89111328125, 27.840000152588001 ], [ -110.891654968262003, 27.854404449462901 ], [ -110.902763366699006, 27.8561725616456 ], [ -110.903358459472997, 27.866725921630799 ], [ -110.924575805664006, 27.867210388183501 ], [ -110.933052062987997, 27.881111145019599 ], [ -110.95043182373, 27.868457794189499 ], [ -110.949584960937997, 27.889379501342798 ], [ -110.966667175292997, 27.905555725097699 ], [ -110.947242736815994, 27.911933898925799 ], [ -110.945854187012003, 27.9191493988038 ], [ -110.951126098632997, 27.9276428222657 ], [ -110.971069335937003, 27.928745269775401 ], [ -110.979370117187003, 27.946447372436602 ], [ -110.97102355957, 27.953992843627901 ], [ -110.973243713379006, 27.970808029174901 ], [ -110.984336853027003, 27.967300415039201 ], [ -110.973594665527003, 27.958332061767599 ], [ -110.982299804687003, 27.9587421417237 ], [ -110.977890014647997, 27.9531574249268 ], [ -110.997222900390994, 27.962499618530401 ], [ -111.024925231934006, 27.962509155273501 ], [ -111.049217224120994, 27.9501628875732 ], [ -111.051445007324006, 27.938648223876999 ], [ -111.058052062987997, 27.938053131103601 ], [ -111.065277099609006, 27.9527778625488 ], [ -111.060012817382997, 27.927221298217901 ], [ -111.066436767577997, 27.940240859985401 ], [ -111.105278015137003, 27.9358310699463 ], [ -111.104446411132997, 27.9441661834718 ], [ -111.093887329102003, 27.947778701782202 ], [ -111.09992980957, 27.961666107177798 ], [ -111.111946105957003, 27.966110229492202 ], [ -111.116668701172003, 27.959999084472699 ], [ -111.121124267577997, 27.978052139282301 ], [ -111.13143157959, 27.974681854248001 ], [ -111.136909484862997, 27.9845676422119 ], [ -111.173965454102003, 27.9912414550781 ], [ -111.189605712890994, 28.021713256835898 ], [ -111.212142944335994, 28.041793823242202 ], [ -111.242500305175994, 28.0497226715088 ], [ -111.241859436035, 28.057846069336001 ], [ -111.254722595215, 28.053611755371101 ], [ -111.251678466797003, 28.0629291534425 ], [ -111.277778625487997, 28.084999084472798 ], [ -111.205459594727003, 28.171159744262699 ], [ -111.101615905762003, 28.2554225921631 ], [ -111.068580627440994, 28.304391860961999 ], [ -111.027656555175994, 28.328708648681602 ], [ -111.007041931152003, 28.390359878540099 ], [ -111.035346984862997, 28.405849456787202 ], [ -111.039405822754006, 28.425991058349599 ], [ -110.981742858887003, 28.471969604492301 ], [ -110.920745849609006, 28.5051994323731 ], [ -110.912567138672003, 28.535730361938601 ], [ -110.924217224120994, 28.5541896820068 ], [ -110.922706604004006, 28.574600219726701 ], [ -110.845993041992003, 28.642650604248001 ], [ -110.832595825195, 28.645500183105501 ], [ -110.810096740722997, 28.622129440307599 ], [ -110.768249511719006, 28.621280670166001 ], [ -110.767562866210994, 28.560630798339901 ], [ -110.741806030272997, 28.5030708312988 ], [ -110.65779876709, 28.492862701416101 ], [ -110.62866973877, 28.472469329834102 ], [ -110.548843383789006, 28.448511123657301 ], [ -110.405296325684006, 28.4905395507812 ], [ -110.367782592772997, 28.515220642089901 ], [ -110.310806274414006, 28.538330078125099 ], [ -110.296226501465, 28.557559967041101 ], [ -110.275939941405994, 28.5553092956543 ], [ -110.247833251952997, 28.531141281127901 ], [ -110.231567382812003, 28.558670043945298 ], [ -110.200332641602003, 28.583919525146499 ], [ -110.161926269530994, 28.580301284790099 ], [ -110.114036560059006, 28.5642318725587 ], [ -110.093482971190994, 28.566789627075298 ], [ -110.061073303222997, 28.554370880126999 ], [ -110.047271728515994, 28.529920578003001 ], [ -110.063842773437003, 28.511440277099599 ], [ -110.061141967772997, 28.4823627471925 ], [ -110.068397521972997, 28.457189559936602 ], [ -110.06120300293, 28.447269439697401 ], [ -110.017112731934006, 28.428630828857401 ], [ -110.012367248535, 28.382230758666999 ], [ -110.048492431640994, 28.344539642333999 ], [ -110.036338806152003, 28.318460464477599 ], [ -110.004013061522997, 28.289421081543001 ], [ -110.01252746582, 28.240659713745099 ], [ -110.037117004394005, 28.2191181182862 ], [ -110.013732910155994, 28.151000976562599 ], [ -109.996276855469006, 28.128860473632901 ], [ -109.993156433105, 28.1009006500244 ], [ -110.030387878417997, 28.107040405273501 ], [ -110.041679382324006, 28.083192825317401 ], [ -110.064056396484006, 28.070859909057599 ], [ -110.071823120117003, 28.053260803222699 ], [ -110.108383178710994, 28.0336799621582 ], [ -110.117767333984006, 28.015129089355501 ], [ -110.109588623047003, 28.002660751342798 ], [ -110.118186950684006, 27.9845790863038 ], [ -110.112800598145, 27.966091156006001 ], [ -110.122749328612997, 27.947280883789201 ], [ -110.144760131835994, 27.9328212738037 ], [ -110.204849243164006, 27.943361282348601 ], [ -110.214691162109006, 27.930559158325298 ], [ -110.208297729492003, 27.921100616455099 ], [ -110.184387207030994, 27.913600921631001 ], [ -110.179702758789006, 27.8886108398438 ], [ -110.166175842285, 27.8784999847413 ], [ -110.16089630127, 27.793270111084102 ], [ -110.140586853027003, 27.728040695190501 ], [ -110.146537780762003, 27.6832599639893 ], [ -110.141311645507997, 27.670309066772599 ], [ -110.103866577147997, 27.622810363769599 ], [ -110.082008361815994, 27.6083602905275 ], [ -110.06859588623, 27.575290679931602 ], [ -110.074195861815994, 27.553922653198399 ], [ -110.176559448242003, 27.491380691528299 ], [ -110.180557250977003, 27.4822902679443 ], [ -110.164489746094006, 27.422298431396602 ], [ -110.166046142577997, 27.352149963378999 ], [ -110.145370483397997, 27.235490798950298 ], [ -110.123916625977003, 27.1969108581543 ], [ -110.15421295166, 27.1215114593506 ], [ -110.162002563477003, 27.1208171844482 ], [ -110.220832824707003, 27.136667251586999 ], [ -110.227699279785, 27.135026931762599 ], [ -110.267616271972997, 27.141849517822301 ], [ -110.278602600097997, 27.1460475921631 ], [ -110.228698730469006, 27.139833450317401 ], [ -110.242866516112997, 27.151292800903299 ], [ -110.252540588379006, 27.146295547485401 ], [ -110.26732635498, 27.153303146362301 ], [ -110.261108398437997, 27.144443511962901 ], [ -110.301109313965, 27.152500152587901 ], [ -110.300834655762003, 27.164167404174801 ], [ -110.291297912597997, 27.1707859039307 ], [ -110.2978515625, 27.174623489379901 ], [ -110.297103881835994, 27.1668300628662 ], [ -110.308807373047003, 27.160249710083001 ], [ -110.315277099609006, 27.165832519531399 ], [ -110.308052062987997, 27.170833587646499 ], [ -110.319458007812003, 27.166929244995199 ], [ -110.319999694824006, 27.174165725708001 ], [ -110.324996948242003, 27.1766662597657 ], [ -110.319999694824006, 27.175834655761701 ], [ -110.31916809082, 27.178056716918999 ], [ -110.329444885254006, 27.180555343627901 ], [ -110.320938110352003, 27.1648063659669 ], [ -110.304405212402003, 27.155714035034102 ], [ -110.307556152344006, 27.1549263000488 ], [ -110.335556030272997, 27.1747245788575 ], [ -110.426940917969006, 27.2636108398438 ], [ -110.475440979004006, 27.2850856781006 ], [ -110.521446228027003, 27.289854049682599 ], [ -110.523612976074006, 27.297500610351602 ], [ -110.503890991210994, 27.304445266723601 ], [ -110.473892211914006, 27.293888092041101 ], [ -110.44416809082, 27.3016662597657 ], [ -110.474723815917997, 27.312221527099702 ], [ -110.463333129882997, 27.325555801391701 ], [ -110.481956481934006, 27.326416015625099 ], [ -110.474914550780994, 27.347009658813501 ], [ -110.482498168945, 27.361112594604599 ], [ -110.475280761719006, 27.363889694213899 ], [ -110.47966003418, 27.373540878295799 ], [ -110.498054504394005, 27.38138961792 ], [ -110.495277404785, 27.384445190429801 ], [ -110.506942749022997, 27.3861103057862 ], [ -110.534446716309006, 27.37166595459 ], [ -110.527221679687003, 27.381944656372099 ], [ -110.535003662109006, 27.383611679077301 ], [ -110.559722900390994, 27.3697223663331 ], [ -110.547225952147997, 27.388612747192401 ], [ -110.539169311522997, 27.387220382690501 ], [ -110.523887634277003, 27.396387100219702 ], [ -110.517776489257997, 27.3941669464112 ], [ -110.521667480469006, 27.389999389648398 ], [ -110.513336181640994, 27.3930568695068 ], [ -110.525276184082003, 27.39972114563 ], [ -110.513885498047003, 27.407222747802798 ], [ -110.518890380859006, 27.4113883972169 ], [ -110.52222442627, 27.404722213745199 ], [ -110.526947021484006, 27.408889770507798 ], [ -110.528053283690994, 27.396944046020501 ], [ -110.530555725097997, 27.403053283691499 ], [ -110.54027557373, 27.3919467926025 ], [ -110.548614501952997, 27.3950004577638 ], [ -110.553977966309006, 27.392942428588999 ], [ -110.55583190918, 27.400831222534201 ], [ -110.563613891602003, 27.414442062378001 ], [ -110.547233581542997, 27.412145614624102 ], [ -110.538887023925994, 27.4169425964357 ], [ -110.551940917969006, 27.4177780151368 ], [ -110.540832519530994, 27.431388854980501 ], [ -110.548057556152003, 27.4319458007812 ], [ -110.556648254395, 27.417200088501001 ], [ -110.563613891602003, 27.427778244018601 ], [ -110.558609008789006, 27.4402770996094 ], [ -110.574447631835994, 27.4400024414062 ], [ -110.567222595215, 27.456388473510799 ], [ -110.553886413574006, 27.451665878296001 ], [ -110.54027557373, 27.458335876464801 ], [ -110.565277099609006, 27.458889007568501 ], [ -110.565277099609006, 27.469165802001999 ], [ -110.576110839844006, 27.479444503784201 ], [ -110.566139221190994, 27.459754943847798 ], [ -110.584442138672003, 27.454444885253999 ], [ -110.591163635254006, 27.440046310424901 ], [ -110.590835571289006, 27.525556564331001 ], [ -110.574165344237997, 27.504999160766701 ], [ -110.575645446777003, 27.5216083526612 ], [ -110.580276489257997, 27.540000915527401 ], [ -110.589958190917997, 27.539709091186499 ], [ -110.590789794922003, 27.530120849609499 ], [ -110.598281860352003, 27.5579223632813 ], [ -110.595588684082003, 27.551830291748001 ], [ -110.589996337890994, 27.5444450378418 ], [ -110.584167480469006, 27.546667098999102 ], [ -110.605278015137003, 27.567777633666999 ], [ -110.595832824707003, 27.5980548858643 ], [ -110.599967956542997, 27.5944633483887 ], [ -110.606109619140994, 27.606946945190501 ], [ -110.604721069335994, 27.584444046020501 ], [ -110.613052368164006, 27.582778930664201 ], [ -110.601463317870994, 27.556171417236399 ], [ -110.618942260742003, 27.588846206665 ], [ -110.613052368164006, 27.587499618530401 ], [ -110.619743347167997, 27.596185684204201 ], [ -110.613052368164006, 27.5930576324463 ], [ -110.613334655762003, 27.601110458373999 ], [ -110.622619628905994, 27.600643157959102 ], [ -110.627777099609006, 27.624166488647401 ], [ -110.625274658202997, 27.6269435882569 ], [ -110.625274658202997, 27.621667861938501 ], [ -110.623886108397997, 27.619167327880898 ], [ -110.617774963379006, 27.619722366333001 ], [ -110.624725341797003, 27.622779846191499 ], [ -110.626502990722997, 27.639038085937599 ], [ -110.623519897460994, 27.652122497558601 ], [ -110.616386413574006, 27.6494445800781 ], [ -110.617782592772997, 27.668441772461101 ], [ -110.609107971190994, 27.652633666992099 ], [ -110.57527923584, 27.657777786255 ], [ -110.566947937012003, 27.668888092041101 ], [ -110.577774047852003, 27.658889770507901 ], [ -110.594444274902003, 27.660833358764599 ], [ -110.585830688477003, 27.672775268554702 ], [ -110.568115234375, 27.674741744995099 ], [ -110.568885803222997, 27.686386108398398 ], [ -110.582221984862997, 27.6947212219238 ], [ -110.589988708495994, 27.688030242919901 ], [ -110.598335266112997, 27.6933326721193 ], [ -110.600509643555, 27.662517547607401 ], [ -110.608573913574006, 27.6628112792969 ], [ -110.602149963379006, 27.721532821655298 ], [ -110.589683532715, 27.718055725097599 ], [ -110.585830688477003, 27.731666564941499 ], [ -110.56404876709, 27.720373153686602 ], [ -110.552169799805, 27.731391906738398 ], [ -110.567497253417997, 27.746944427490199 ], [ -110.57495880127, 27.7319431304932 ], [ -110.588607788085994, 27.732221603393601 ], [ -110.587173461914006, 27.739955902099599 ], [ -110.601737976074006, 27.7342948913575 ], [ -110.598609924315994, 27.751388549804801 ], [ -110.606285095215, 27.756137847900401 ], [ -110.606315612792997, 27.727460861206101 ], [ -110.615676879882997, 27.779863357544102 ], [ -110.61222076416, 27.773332595825298 ], [ -110.593887329102003, 27.786945343017699 ], [ -110.580558776855, 27.7855548858643 ], [ -110.585571289062003, 27.795764923095799 ] ] ] }, { "type": "Polygon", "coordinates": [ [ [ -111.366111755370994, 27.955278396606499 ], [ -111.381385803222997, 27.959999084472699 ], [ -111.388938903809006, 27.985443115234499 ], [ -111.373954772949006, 27.971269607543899 ], [ -111.366111755370994, 27.955278396606499 ] ] ] }, { "type": "Polygon", "coordinates": [ [ [ -111.122779846190994, 27.951942443847699 ], [ -111.124168395995994, 27.953334808349599 ], [ -111.11833190918, 27.960832595825298 ], [ -111.119773864745994, 27.954423904418899 ], [ -111.122779846190994, 27.951942443847699 ] ] ] }, { "type": "Polygon", "coordinates": [ [ [ -110.97403717041, 27.9556808471681 ], [ -110.973007202147997, 27.952335357666101 ], [ -110.977333068847997, 27.953647613525501 ], [ -110.977401733397997, 27.955747604370199 ], [ -110.97403717041, 27.9556808471681 ] ] ] }, { "type": "Polygon", "coordinates": [ [ [ -111.028053283690994, 27.952499389648398 ], [ -111.02889251709, 27.9486103057862 ], [ -111.032325744629006, 27.946712493896499 ], [ -111.03084564209, 27.950969696045 ], [ -111.028053283690994, 27.952499389648398 ] ] ] }, { "type": "Polygon", "coordinates": [ [ [ -110.854164123535, 27.9369430541993 ], [ -110.85221862793, 27.9358310699463 ], [ -110.857391357422003, 27.936115264892699 ], [ -110.856796264647997, 27.9369430541993 ], [ -110.854164123535, 27.9369430541993 ] ] ] }, { "type": "Polygon", "coordinates": [ [ [ -110.99055480957, 27.9358310699463 ], [ -110.989723205565994, 27.9330558776857 ], [ -110.991111755370994, 27.9322223663331 ], [ -110.99333190918, 27.934999465942401 ], [ -110.99055480957, 27.9358310699463 ] ] ] }, { "type": "Polygon", "coordinates": [ [ [ -111.058624267577997, 27.9293937683106 ], [ -111.059783935547003, 27.929721832275401 ], [ -111.059448242187997, 27.930833816528299 ], [ -111.058700561522997, 27.9300651550293 ], [ -111.058624267577997, 27.9293937683106 ] ] ] }, { "type": "Polygon", "coordinates": [ [ [ -110.869445800780994, 27.911943435668899 ], [ -110.870834350585994, 27.907777786254901 ], [ -110.875274658202997, 27.906944274902301 ], [ -110.874725341797003, 27.911666870117202 ], [ -110.869445800780994, 27.911943435668899 ] ] ] }, { "type": "Polygon", "coordinates": [ [ [ -110.879447937012003, 27.907499313354499 ], [ -110.881942749022997, 27.908332824707099 ], [ -110.88111114502, 27.910554885864201 ], [ -110.87833404541, 27.9097213745118 ], [ -110.879447937012003, 27.907499313354499 ] ] ] }, { "type": "Polygon", "coordinates": [ [ [ -110.969169616699006, 27.908056259155298 ], [ -110.970832824707003, 27.908889770507901 ], [ -110.970558166504006, 27.909444808960099 ], [ -110.968330383300994, 27.908889770507901 ], [ -110.969169616699006, 27.908056259155298 ] ] ] }, { "type": "Polygon", "coordinates": [ [ [ -110.880317687987997, 27.900220870971701 ], [ -110.883247375487997, 27.901336669921999 ], [ -110.883316040039006, 27.903041839599702 ], [ -110.87914276123, 27.902450561523601 ], [ -110.880317687987997, 27.900220870971701 ] ] ] }, { "type": "Polygon", "coordinates": [ [ [ -110.833053588867003, 27.9002780914307 ], [ -110.841941833495994, 27.887222290039201 ], [ -110.847221374512003, 27.886667251586999 ], [ -110.839164733887003, 27.899164199829102 ], [ -110.833053588867003, 27.9002780914307 ] ] ] }, { "type": "Polygon", "coordinates": [ [ [ -110.859535217285, 27.878385543823399 ], [ -110.859680175780994, 27.877010345459102 ], [ -110.86547088623, 27.874122619628899 ], [ -110.860252380370994, 27.880491256713999 ], [ -110.859535217285, 27.878385543823399 ] ] ] }, { "type": "Polygon", "coordinates": [ [ [ -110.571418762207003, 27.867916107177699 ], [ -110.572517395019005, 27.868179321289102 ], [ -110.569587707519005, 27.871984481811499 ], [ -110.56893157959, 27.871131896972699 ], [ -110.571418762207003, 27.867916107177699 ] ] ] }, { "type": "Polygon", "coordinates": [ [ [ -110.577201843262003, 27.861682891845799 ], [ -110.577934265137003, 27.8622741699219 ], [ -110.573616027832003, 27.865554809570298 ], [ -110.573539733887003, 27.864831924438501 ], [ -110.577201843262003, 27.861682891845799 ] ] ] }, { "type": "Polygon", "coordinates": [ [ [ -110.571495056152003, 27.847511291503999 ], [ -110.573104858397997, 27.850202560424801 ], [ -110.571784973145, 27.8555812835693 ], [ -110.572441101074006, 27.850399017333999 ], [ -110.571495056152003, 27.847511291503999 ] ] ] }, { "type": "Polygon", "coordinates": [ [ [ -110.585647583007997, 27.846664428710898 ], [ -110.587219238280994, 27.847221374511701 ], [ -110.584442138672003, 27.8497219085694 ], [ -110.583885192870994, 27.848611831665 ], [ -110.585647583007997, 27.846664428710898 ] ] ] }, { "type": "Polygon", "coordinates": [ [ [ -110.569297790527003, 27.841936111450199 ], [ -110.57105255127, 27.843248367309599 ], [ -110.571273803710994, 27.846595764160298 ], [ -110.570320129394005, 27.8459377288819 ], [ -110.569297790527003, 27.841936111450199 ] ] ] }, { "type": "Polygon", "coordinates": [ [ [ -110.616142272949006, 27.800458908081101 ], [ -110.616577148437003, 27.7961940765382 ], [ -110.617385864257997, 27.802425384521602 ], [ -110.616088867187003, 27.821323394775501 ], [ -110.611389160155994, 27.8297214508057 ], [ -110.616142272949006, 27.800458908081101 ] ] ] }, { "type": "Polygon", "coordinates": [ [ [ -110.602081298827997, 27.803308486938601 ], [ -110.603477478027003, 27.807182312011701 ], [ -110.601791381835994, 27.8077068328857 ], [ -110.600547790527003, 27.8040981292725 ], [ -110.602081298827997, 27.803308486938601 ] ] ] }, { "type": "Polygon", "coordinates": [ [ [ -110.603149414062003, 27.8033657073975 ], [ -110.597724914550994, 27.802707672119102 ], [ -110.587776184082003, 27.7888889312744 ], [ -110.606941223144005, 27.7972221374512 ], [ -110.610000610352003, 27.788333892822202 ], [ -110.612503051757997, 27.8005561828613 ], [ -110.603149414062003, 27.8033657073975 ] ] ] }, { "type": "Polygon", "coordinates": [ [ [ -110.613647460937003, 27.783939361572401 ], [ -110.616355895995994, 27.7885971069337 ], [ -110.614524841309006, 27.795551300048899 ], [ -110.615478515625, 27.791810989379901 ], [ -110.613647460937003, 27.783939361572401 ] ] ] }, { "type": "Polygon", "coordinates": [ [ [ -110.556922912597997, 27.731906890869102 ], [ -110.555603027344006, 27.7315788269044 ], [ -110.555313110352003, 27.730922698974599 ], [ -110.557731628417997, 27.730333328247099 ], [ -110.556922912597997, 27.731906890869102 ] ] ] }, { "type": "Polygon", "coordinates": [ [ [ -110.596572875975994, 27.660139083862401 ], [ -110.598594665527003, 27.662796020507798 ], [ -110.597343444824006, 27.670269012451101 ], [ -110.59610748291, 27.669443130493299 ], [ -110.596572875975994, 27.660139083862401 ] ] ] }, { "type": "Polygon", "coordinates": [ [ [ -110.578056335449006, 27.452777862548899 ], [ -110.572998046875, 27.4461860656738 ], [ -110.581108093262003, 27.438888549804702 ], [ -110.58528137207, 27.450834274291999 ], [ -110.578056335449006, 27.452777862548899 ] ] ] }, { "type": "Polygon", "coordinates": [ [ [ -110.580322265625, 27.431749343872202 ], [ -110.580757141112997, 27.431749343872202 ], [ -110.581787109375, 27.4356193542482 ], [ -110.580322265625, 27.433914184570298 ], [ -110.580322265625, 27.431749343872202 ] ] ] }, { "type": "Polygon", "coordinates": [ [ [ -110.586311340332003, 27.4234733581543 ], [ -110.588218688965, 27.424720764160199 ], [ -110.587928771972997, 27.4300346374512 ], [ -110.587043762207003, 27.429903030395501 ], [ -110.586311340332003, 27.4234733581543 ] ] ] }, { "type": "Polygon", "coordinates": [ [ [ -110.553436279297003, 27.413974761962901 ], [ -110.55394744873, 27.4144992828369 ], [ -110.552848815917997, 27.4161396026612 ], [ -110.55248260498, 27.4158115386963 ], [ -110.553436279297003, 27.413974761962901 ] ] ] }, { "type": "Polygon", "coordinates": [ [ [ -110.590835571289006, 27.416112899780298 ], [ -110.60221862793, 27.365556716918999 ], [ -110.57795715332, 27.338529586791999 ], [ -110.584358215332003, 27.321954727172901 ], [ -110.531044006347997, 27.301452636718899 ], [ -110.539100646972997, 27.2869548797607 ], [ -110.586936950684006, 27.3045253753662 ], [ -110.602546691894005, 27.3195724487306 ], [ -110.603538513182997, 27.330837249755898 ], [ -110.595520019530994, 27.319753646850501 ], [ -110.604446411132997, 27.3323783874512 ], [ -110.605758666992003, 27.3552227020263 ], [ -110.597129821777003, 27.412553787231399 ], [ -110.590835571289006, 27.416112899780298 ] ] ] }, { "type": "Polygon", "coordinates": [ [ [ -110.558334350585994, 27.401943206787099 ], [ -110.557220458984006, 27.3994445800782 ], [ -110.558609008789006, 27.397222518920898 ], [ -110.559448242187003, 27.400831222534201 ], [ -110.558334350585994, 27.401943206787099 ] ] ] }, { "type": "Polygon", "coordinates": [ [ [ -110.532775878905994, 27.3958339691163 ], [ -110.535003662109006, 27.390834808349702 ], [ -110.541114807129006, 27.388612747192401 ], [ -110.547500610352003, 27.3902778625488 ], [ -110.552497863769005, 27.384721755981399 ], [ -110.550277709960994, 27.3930568695068 ], [ -110.540000915527003, 27.390556335449201 ], [ -110.532775878905994, 27.3958339691163 ] ] ] }, { "type": "Polygon", "coordinates": [ [ [ -110.481506347655994, 27.365474700927699 ], [ -110.481727600097997, 27.3680324554443 ], [ -110.479232788085994, 27.368099212646602 ], [ -110.481285095215, 27.3674430847168 ], [ -110.481506347655994, 27.365474700927699 ] ] ] }, { "type": "Polygon", "coordinates": [ [ [ -110.482498168945, 27.323335647583001 ], [ -110.47721862793, 27.3183326721193 ], [ -110.479164123535, 27.308612823486399 ], [ -110.485275268555, 27.311388015747099 ], [ -110.482498168945, 27.323335647583001 ] ] ] }, { "type": "Polygon", "coordinates": [ [ [ -110.155448913574006, 27.120664596557599 ], [ -110.155136108397997, 27.120826721191499 ], [ -110.15446472168, 27.120609283447301 ], [ -110.154518127440994, 27.120420455932699 ], [ -110.155448913574006, 27.120664596557599 ] ] ] } ] } },
{ "type": "Feature", "properties": { "NAME_1": "Sonora", "NAME_2": "Hermosillo" }, "geometry": { "type": "GeometryCollection", "geometries": [ { "type": "Polygon", "coordinates": [ [ [ -111.393890380859006, 28.273656845092798 ], [ -111.408348083495994, 28.272905349731602 ], [ -111.413696289062003, 28.2858695983887 ], [ -111.425277709960994, 28.2863883972168 ], [ -111.459167480469006, 28.316944122314499 ], [ -111.453140258789006, 28.324579238891701 ], [ -111.460762023925994, 28.3360290527343 ], [ -111.457778930664006, 28.357221603393601 ], [ -111.452774047852003, 28.363889694213899 ], [ -111.447776794434006, 28.3552761077881 ], [ -111.434722900390994, 28.359443664550898 ], [ -111.442497253417997, 28.368610382080099 ], [ -111.434997558594006, 28.3713893890381 ], [ -111.448890686035, 28.374444961547901 ], [ -111.458885192870994, 28.361389160156399 ], [ -111.504722595215, 28.392505645751999 ], [ -111.582221984862997, 28.414722442626999 ], [ -111.644996643065994, 28.443611145019499 ], [ -111.710609436035, 28.4571208953857 ], [ -111.71509552002, 28.493036270141701 ], [ -111.738037109375, 28.522565841674801 ], [ -111.776107788085994, 28.608888626098601 ], [ -111.908058166504006, 28.7019443511963 ], [ -111.910552978515994, 28.712223052978601 ], [ -111.926391601562003, 28.718610763549801 ], [ -111.931945800780994, 28.741666793823399 ], [ -111.952499389647997, 28.759168624878001 ], [ -111.929725646972997, 28.7619438171387 ], [ -111.899719238280994, 28.786945343017599 ], [ -111.901947021484006, 28.782777786254801 ], [ -111.890594482422003, 28.773536682128999 ], [ -111.888038635254006, 28.7593383789062 ], [ -111.880104064940994, 28.746261596679801 ], [ -111.876388549805, 28.744443893432699 ], [ -111.878051757812003, 28.750001907348601 ], [ -111.854164123535, 28.760280609131001 ], [ -111.864723205565994, 28.779443740844801 ], [ -111.84886932373, 28.796493530273398 ], [ -111.889785766602003, 28.7934970855713 ], [ -111.874725341797003, 28.8105564117432 ], [ -111.89444732666, 28.821388244628999 ], [ -111.892295837402003, 28.804895401001101 ], [ -111.907218933105, 28.793333053588999 ], [ -111.91194152832, 28.798887252807699 ], [ -111.906387329102003, 28.7961120605469 ], [ -111.901664733887003, 28.812221527099599 ], [ -111.913368225097997, 28.810937881469801 ], [ -111.91805267334, 28.8208332061768 ], [ -111.926391601562003, 28.8144435882569 ], [ -111.915290832519005, 28.790321350097798 ], [ -111.963417053222997, 28.838886260986399 ], [ -112.031669616699006, 28.859443664550799 ], [ -112.03524017334, 28.880273818969702 ], [ -112.051376342772997, 28.8889350891113 ], [ -112.049392700195, 28.9004516601562 ], [ -112.086669921875, 28.9255561828613 ], [ -112.103530883789006, 28.956026077270501 ], [ -112.171752929687003, 28.967857360839901 ], [ -112.153106689452997, 28.984977722168001 ], [ -112.151428222655994, 28.996034622192401 ], [ -112.168243408202997, 29.025253295898501 ], [ -112.170555114745994, 29.071945190429702 ], [ -112.188331604004006, 29.0733337402344 ], [ -112.16529083252, 29.114131927490199 ], [ -112.184501647949006, 29.152055740356399 ], [ -112.200088500977003, 29.156614303588899 ], [ -112.19416809082, 29.168333053588999 ], [ -112.202499389647997, 29.178613662719702 ], [ -112.226387023925994, 29.180555343627901 ], [ -112.211250305175994, 29.218759536743299 ], [ -112.162086486815994, 29.2152194976807 ], [ -112.120727539062003, 29.223249435424901 ], [ -112.102996826172003, 29.235801696777401 ], [ -112.062660217285, 29.232500076294102 ], [ -111.99006652832, 29.258649826049901 ], [ -111.923011779785, 29.297571182250898 ], [ -111.873229980469006, 29.357509613037099 ], [ -111.88720703125, 29.421831130981499 ], [ -111.860046386719006, 29.447551727294901 ], [ -111.855850219727003, 29.489099502563501 ], [ -111.833847045897997, 29.513759613037099 ], [ -111.831748962402003, 29.537908554077202 ], [ -111.748626708984006, 29.527030944824201 ], [ -111.731147766112997, 29.533330917358501 ], [ -111.745391845702997, 29.562639236450298 ], [ -111.73210144043, 29.581739425659201 ], [ -111.672897338867003, 29.573299407958999 ], [ -111.644691467285, 29.582950592041101 ], [ -111.549819946289006, 29.592769622802798 ], [ -111.457626342772997, 29.6208610534669 ], [ -111.344673156737997, 29.674768447876001 ], [ -111.33406829834, 29.653619766235501 ], [ -111.307121276855, 29.649339675903299 ], [ -111.270118713379006, 29.6262111663819 ], [ -111.270706176757997, 29.6115207672119 ], [ -111.29810333252, 29.575241088867099 ], [ -111.294708251952997, 29.5582294464112 ], [ -111.256782531737997, 29.5658798217775 ], [ -111.223846435547003, 29.533840179443398 ], [ -111.156562805175994, 29.503778457641602 ], [ -111.105911254882997, 29.506719589233299 ], [ -111.094039916992003, 29.4848308563232 ], [ -111.044380187987997, 29.4604396820069 ], [ -111.026573181152003, 29.373901367187599 ], [ -111.046546936035, 29.338132858276399 ], [ -111.051376342772997, 29.302150726318501 ], [ -111.020156860352003, 29.306888580322301 ], [ -111.002098083495994, 29.301549911498999 ], [ -110.971122741699006, 29.314430236816499 ], [ -110.954216003417997, 29.296470642089901 ], [ -110.8603515625, 29.295291900634901 ], [ -110.845916748047003, 29.307630538940401 ], [ -110.815170288085994, 29.298950195312599 ], [ -110.78466796875, 29.3331699371338 ], [ -110.754386901855, 29.338670730590898 ], [ -110.743019104004006, 29.332330703735401 ], [ -110.727996826172003, 29.276758193969801 ], [ -110.696449279785, 29.279199600219801 ], [ -110.660736083984006, 29.2683010101318 ], [ -110.642631530762003, 29.281959533691499 ], [ -110.644172668457003, 29.329309463501001 ], [ -110.62629699707, 29.353441238403398 ], [ -110.609046936035, 29.360557556152401 ], [ -110.556297302245994, 29.288860321044901 ], [ -110.534721374512003, 29.2735404968263 ], [ -110.532012939452997, 29.207761764526399 ], [ -110.548606872557997, 29.182701110839801 ], [ -110.552146911620994, 29.1379299163819 ], [ -110.56600189209, 29.100919723510799 ], [ -110.556999206542997, 29.072380065918001 ], [ -110.534973144530994, 29.052160263061602 ], [ -110.468719482422003, 29.065641403198299 ], [ -110.421485900879006, 29.032070159912202 ], [ -110.386878967285, 29.0335903167725 ], [ -110.360542297362997, 29.027940750122099 ], [ -110.354309082030994, 29.018770217895501 ], [ -110.388710021972997, 28.9822807312013 ], [ -110.398559570312003, 28.950878143310501 ], [ -110.516151428222997, 28.934368133545 ], [ -110.57495880127, 28.9557495117188 ], [ -110.602226257324006, 28.957532882690501 ], [ -110.601776123047003, 28.929258346557699 ], [ -110.693061828612997, 28.950639724731399 ], [ -110.725738525390994, 28.950019836425799 ], [ -110.74520111084, 28.945381164550898 ], [ -110.779441833495994, 28.911031723022599 ], [ -110.814826965332003, 28.891849517822301 ], [ -110.83837890625, 28.8494682312012 ], [ -110.799186706542997, 28.801517486572202 ], [ -110.791427612305, 28.7710895538331 ], [ -110.833152770995994, 28.67267036438 ], [ -110.832595825195, 28.645500183105501 ], [ -110.850578308105, 28.640060424804599 ], [ -110.890167236327997, 28.596790313720799 ], [ -110.922706604004006, 28.574600219726701 ], [ -110.924217224120994, 28.5541896820068 ], [ -110.912567138672003, 28.535730361938601 ], [ -110.920745849609006, 28.5051994323731 ], [ -110.981742858887003, 28.471969604492301 ], [ -111.039405822754006, 28.425991058349599 ], [ -111.035346984862997, 28.405849456787202 ], [ -111.007041931152003, 28.390359878540099 ], [ -111.027656555175994, 28.328708648681602 ], [ -111.068580627440994, 28.304391860961999 ], [ -111.101615905762003, 28.2554225921631 ], [ -111.205459594727003, 28.171159744262699 ], [ -111.274063110350994, 28.090183258056701 ], [ -111.282218933105, 28.089721679687599 ], [ -111.293334960937997, 28.130556106567401 ], [ -111.33194732666, 28.158332824706999 ], [ -111.33130645752, 28.187934875488299 ], [ -111.343612670897997, 28.208887100219702 ], [ -111.358329772949006, 28.219722747802798 ], [ -111.377502441405994, 28.219165802002099 ], [ -111.373611450195, 28.233333587646499 ], [ -111.388610839844006, 28.248886108398398 ], [ -111.386154174805, 28.261707305908299 ], [ -111.393890380859006, 28.273656845092798 ] ] ] }, { "type": "Polygon", "coordinates": [ [ [ -112.163955688477003, 29.012407302856602 ], [ -112.164100646972997, 29.0116271972656 ], [ -112.167205810547003, 29.010198593139801 ], [ -112.167060852050994, 29.0116271972656 ], [ -112.163955688477003, 29.012407302856602 ] ] ] }, { "type": "Polygon", "coordinates": [ [ [ -111.918891906737997, 28.8088893890381 ], [ -111.923889160155994, 28.812780380249102 ], [ -111.921669006347997, 28.816667556762798 ], [ -111.918334960937003, 28.811666488647599 ], [ -111.918891906737997, 28.8088893890381 ] ] ] }, { "type": "Polygon", "coordinates": [ [ [ -111.966644287109006, 28.808351516723601 ], [ -111.972442626952997, 28.8099555969238 ], [ -111.963729858397997, 28.8160095214844 ], [ -111.964164733887003, 28.811944961548001 ], [ -111.966644287109006, 28.808351516723601 ] ] ] }, { "type": "Polygon", "coordinates": [ [ [ -111.911560058594006, 28.806594848632798 ], [ -111.908493041992003, 28.805522918701101 ], [ -111.908493041992003, 28.804349899291999 ], [ -111.909301757812003, 28.803825378418001 ], [ -111.911560058594006, 28.806594848632798 ] ] ] }, { "type": "Polygon", "coordinates": [ [ [ -111.911392211914006, 28.802778244018601 ], [ -111.914169311522997, 28.799444198608501 ], [ -111.916946411132997, 28.802219390869201 ], [ -111.911430358887003, 28.804683685302798 ], [ -111.911392211914006, 28.802778244018601 ] ] ] }, { "type": "Polygon", "coordinates": [ [ [ -111.896430969237997, 28.794784545898398 ], [ -111.897247314452997, 28.7970066070557 ], [ -111.894226074219006, 28.796155929565501 ], [ -111.894889831542997, 28.795238494873001 ], [ -111.896430969237997, 28.794784545898398 ] ] ] }, { "type": "Polygon", "coordinates": [ [ [ -111.912544250487997, 28.792671203613299 ], [ -111.913497924805, 28.793521881103501 ], [ -111.914016723632997, 28.796327590942301 ], [ -111.91283416748, 28.794500350952301 ], [ -111.912544250487997, 28.792671203613299 ] ] ] }, { "type": "Polygon", "coordinates": [ [ [ -111.895835876465, 28.783054351806602 ], [ -111.898330688477003, 28.783889770507798 ], [ -111.89778137207, 28.7855548858643 ], [ -111.896110534667997, 28.784166336059599 ], [ -111.895835876465, 28.783054351806602 ] ] ] }, { "type": "Polygon", "coordinates": [ [ [ -112.306037902832003, 28.390996932983501 ], [ -112.297027587890994, 28.3859481811525 ], [ -112.29972076416, 28.3722229003907 ], [ -112.320274353027003, 28.375833511352599 ], [ -112.306037902832003, 28.390996932983501 ] ] ] }, { "type": "Polygon", "coordinates": [ [ [ -112.296508789062003, 28.386571884155298 ], [ -112.29768371582, 28.387681961059599 ], [ -112.296508789062003, 28.388727188110298 ], [ -112.296287536620994, 28.387159347534201 ], [ -112.296508789062003, 28.386571884155298 ] ] ] }, { "type": "Polygon", "coordinates": [ [ [ -111.453330993652003, 28.367221832275298 ], [ -111.451110839844006, 28.366388320923001 ], [ -111.450553894042997, 28.365554809570401 ], [ -111.453056335449006, 28.364444732666101 ], [ -111.453330993652003, 28.367221832275298 ] ] ] } ] } },
{ "type": "Feature", "properties": { "NAME_1": "Sonora", "NAME_2": "Huachinera" }, "geometry": { "type": "Polygon", "coordinates": [ [ [ -108.536376953125, 30.016990661621101 ], [ -108.577445983887003, 29.9829998016357 ], [ -108.621368408202997, 29.9039001464844 ], [ -108.635131835937003, 29.900142669677798 ], [ -108.661392211914006, 29.909349441528398 ], [ -108.683700561522997, 29.899171829223601 ], [ -108.711853027344006, 29.929380416870099 ], [ -108.764366149902003, 29.915910720825298 ], [ -108.783897399902003, 29.900369644165099 ], [ -108.805549621582003, 29.9269199371338 ], [ -108.839317321777003, 29.9175205230713 ], [ -108.892486572265994, 29.952512741088899 ], [ -108.924781799315994, 30.005220413208001 ], [ -108.928230285645, 30.029680252075199 ], [ -108.984771728515994, 30.062971115112401 ], [ -109.044166564940994, 30.0623798370362 ], [ -109.078475952147997, 30.045759201049801 ], [ -109.10814666748, 30.0146198272706 ], [ -109.145568847655994, 30.010658264160298 ], [ -109.162368774414006, 30.036590576171999 ], [ -109.146553039550994, 30.068292617798001 ], [ -109.149368286132997, 30.079509735107401 ], [ -109.174392700195, 30.087970733642699 ], [ -109.200950622559006, 30.076850891113398 ], [ -109.215843200682997, 30.0844211578369 ], [ -109.226036071777003, 30.0809326171875 ], [ -109.224006652832003, 30.096330642700298 ], [ -109.250923156737997, 30.135370254516701 ], [ -109.23934173584, 30.144121170043899 ], [ -109.234092712402003, 30.161912918090898 ], [ -109.252738952637003, 30.201269149780298 ], [ -109.254058837890994, 30.2352695465088 ], [ -109.264289855957003, 30.2599411010743 ], [ -109.187080383300994, 30.319169998168899 ], [ -109.169715881347997, 30.308652877807699 ], [ -109.140029907225994, 30.310909271240298 ], [ -109.008117675780994, 30.258489608764702 ], [ -108.900810241699006, 30.26762008667 ], [ -108.882522583007997, 30.2623291015625 ], [ -108.854110717772997, 30.2355976104737 ], [ -108.770011901855, 30.2452201843262 ], [ -108.759468078612997, 30.24001121521 ], [ -108.748336791992003, 30.1874809265137 ], [ -108.686996459960994, 30.163948059082099 ], [ -108.673416137695, 30.148450851440501 ], [ -108.669532775879006, 30.117692947387798 ], [ -108.62198638916, 30.098611831665199 ], [ -108.598976135254006, 30.1067829132081 ], [ -108.586799621582003, 30.1389484405518 ], [ -108.544425964355, 30.196311950683601 ], [ -108.481163024902003, 30.138349533081101 ], [ -108.485107421875, 30.109371185302798 ], [ -108.536376953125, 30.016990661621101 ] ] ] } },
{ "type": "Feature", "properties": { "NAME_1": "Sonora", "NAME_2": "Huásabas" }, "geometry": { "type": "Polygon", "coordinates": [ [ [ -109.386276245117003, 29.895572662353501 ], [ -109.427047729492003, 29.882289886474599 ], [ -109.436332702637003, 29.889850616455 ], [ -109.432952880859006, 29.906351089477699 ], [ -109.407791137695, 29.93438911438 ], [ -109.410598754882997, 29.948379516601602 ], [ -109.420166015625, 29.953870773315501 ], [ -109.485778808594006, 29.976739883423001 ], [ -109.514495849609006, 29.967300415039102 ], [ -109.528762817382997, 29.990289688110501 ], [ -109.558776855469006, 29.984809875488299 ], [ -109.569892883300994, 29.999809265136701 ], [ -109.566802978515994, 30.0176906585693 ], [ -109.590522766112997, 30.031339645385799 ], [ -109.587516784667997, 30.073471069335898 ], [ -109.551391601562003, 30.1066493988038 ], [ -109.528266906737997, 30.117019653320401 ], [ -109.474243164062003, 30.1750411987306 ], [ -109.399108886719006, 30.185520172119102 ], [ -109.312362670897997, 30.1793212890625 ], [ -109.296379089355, 30.1691703796387 ], [ -109.278762817382997, 30.1349391937257 ], [ -109.250923156737997, 30.135370254516701 ], [ -109.224006652832003, 30.096330642700298 ], [ -109.230667114257997, 30.045070648193501 ], [ -109.254432678222997, 30.023679733276399 ], [ -109.256523132324006, 30.002042770385899 ], [ -109.242370605469006, 29.9514904022218 ], [ -109.215476989745994, 29.920249938965 ], [ -109.209091186522997, 29.895460128784201 ], [ -109.216735839844006, 29.881910324096701 ], [ -109.249992370605, 29.8697319030762 ], [ -109.282028198242003, 29.894729614257798 ], [ -109.328392028809006, 29.906930923461999 ], [ -109.366287231445, 29.913192749023601 ], [ -109.386276245117003, 29.895572662353501 ] ] ] } },
{ "type": "Feature", "properties": { "NAME_1": "Sonora", "NAME_2": "Huatabampo" }, "geometry": { "type": "GeometryCollection", "geometries": [ { "type": "Polygon", "coordinates": [ [ [ -109.254165649414006, 26.442777633666999 ], [ -109.273887634277003, 26.5155563354493 ], [ -109.310279846190994, 26.565834045410199 ], [ -109.357223510742003, 26.5980548858644 ], [ -109.382225036620994, 26.634445190429801 ], [ -109.410278320312003, 26.658889770507901 ], [ -109.485557556152003, 26.683055877685501 ], [ -109.430000305175994, 26.672775268554801 ], [ -109.43138885498, 26.6891689300538 ], [ -109.441947937012003, 26.694166183471701 ], [ -109.438613891602003, 26.712776184082099 ], [ -109.473892211914006, 26.718055725097699 ], [ -109.483055114745994, 26.743890762329102 ], [ -109.508331298827997, 26.721666336059702 ], [ -109.511108398437997, 26.7566661834718 ], [ -109.527778625487997, 26.758611679077099 ], [ -109.55583190918, 26.716943740844702 ], [ -109.543891906737997, 26.705833435058601 ], [ -109.529342651367003, 26.703411102295 ], [ -109.536666870117003, 26.708889007568398 ], [ -109.527778625487997, 26.7119445800781 ], [ -109.508613586425994, 26.704444885253999 ], [ -109.541389465332003, 26.690834045410199 ], [ -109.55583190918, 26.691270828247099 ], [ -109.564720153809006, 26.7002773284912 ], [ -109.556114196777003, 26.6902770996094 ], [ -109.493614196777003, 26.678333282470799 ], [ -109.49388885498, 26.670833587646499 ], [ -109.561668395995994, 26.6894435882569 ], [ -109.645278930664006, 26.696111679077099 ], [ -109.662780761719006, 26.687498092651399 ], [ -109.664077758789006, 26.673767089843899 ], [ -109.682777404785, 26.6749973297119 ], [ -109.768890380859006, 26.7091674804688 ], [ -109.794723510742003, 26.729444503784201 ], [ -109.779724121094006, 26.729722976684599 ], [ -109.778335571289006, 26.7319450378419 ], [ -109.79027557373, 26.730556488037099 ], [ -109.790557861327997, 26.743608474731602 ], [ -109.792778015137003, 26.730279922485298 ], [ -109.817726135254006, 26.748638153076101 ], [ -109.834999084472997, 26.7672214508057 ], [ -109.830558776855, 26.7636108398437 ], [ -109.824165344237997, 26.7652778625488 ], [ -109.822219848632997, 26.7672214508057 ], [ -109.824996948242003, 26.773332595825298 ], [ -109.84593963623, 26.7855548858644 ], [ -109.825561523437997, 26.772748947143601 ], [ -109.835403442382997, 26.769119262695401 ], [ -109.853332519530994, 26.794721603393601 ], [ -109.864440917969006, 26.84055519104 ], [ -109.859008789062003, 26.821786880493299 ], [ -109.851112365722997, 26.8252773284913 ], [ -109.867774963379006, 26.850004196166999 ], [ -109.809288024902003, 26.870719909668001 ], [ -109.762641906737997, 26.918439865112202 ], [ -109.745040893555, 26.923681259155298 ], [ -109.719657897949006, 26.9055194854737 ], [ -109.700813293457003, 26.8613395690919 ], [ -109.654518127440994, 26.865119934081999 ], [ -109.630256652832003, 26.855531692504901 ], [ -109.588577270507997, 26.857620239257901 ], [ -109.578269958495994, 26.849332809448299 ], [ -109.584297180175994, 26.830280303955 ], [ -109.572402954102003, 26.8129596710206 ], [ -109.493057250977003, 26.820520401001001 ], [ -109.437370300292997, 26.8024196624757 ], [ -109.434379577637003, 26.7753295898438 ], [ -109.422462463379006, 26.758930206298899 ], [ -109.404670715332003, 26.758060455322301 ], [ -109.382209777832003, 26.7771186828613 ], [ -109.372901916504006, 26.760931015014599 ], [ -109.310356140137003, 26.774959564208899 ], [ -109.269508361815994, 26.770380020141602 ], [ -109.116546630859006, 26.616609573364201 ], [ -109.101142883300994, 26.6457328796387 ], [ -109.096862792969006, 26.675069808959901 ], [ -109.080497741699006, 26.6874809265137 ], [ -108.976089477539006, 26.625680923461999 ], [ -108.987396240234006, 26.550050735473601 ], [ -109.013381958007997, 26.501319885253999 ], [ -108.963241577147997, 26.442640304565501 ], [ -108.926773071289006, 26.4476108551025 ], [ -108.917503356934006, 26.432540893554702 ], [ -108.930335998535, 26.402948379516701 ], [ -108.934616088867003, 26.3596706390381 ], [ -109.023658752440994, 26.3196105957031 ], [ -109.046401977539006, 26.300621032714901 ], [ -109.059898376465, 26.313571929931602 ], [ -109.055686950684006, 26.3401794433593 ], [ -109.079086303710994, 26.3408603668213 ], [ -109.085891723632997, 26.374410629272599 ], [ -109.105476379394005, 26.3949794769288 ], [ -109.125358581542997, 26.402830123901499 ], [ -109.113212585449006, 26.374841690063501 ], [ -109.147216796875, 26.368770599365298 ], [ -109.14714050293, 26.41854095459 ], [ -109.158653259277003, 26.440040588378999 ], [ -109.170608520507997, 26.430070877075099 ], [ -109.164512634277003, 26.377254486084102 ], [ -109.18138885498, 26.385555267333999 ], [ -109.183052062987997, 26.396110534668001 ], [ -109.19750213623, 26.397499084472699 ], [ -109.199722290039006, 26.405275344848601 ], [ -109.207496643065994, 26.408611297607401 ], [ -109.181663513184006, 26.377500534057699 ], [ -109.188613891602003, 26.3580551147462 ], [ -109.200836181640994, 26.364444732666101 ], [ -109.238891601562003, 26.402778625488299 ], [ -109.242500305175994, 26.4430541992188 ], [ -109.236114501952997, 26.453611373901499 ], [ -109.250274658202997, 26.474445343017599 ], [ -109.258331298827997, 26.470277786255 ], [ -109.247222900390994, 26.456111907958999 ], [ -109.253051757812003, 26.452499389648601 ], [ -109.248336791992003, 26.366668701171999 ], [ -109.259162902832003, 26.319166183471701 ], [ -109.254165649414006, 26.442777633666999 ] ] ] }, { "type": "Polygon", "coordinates": [ [ [ -109.824165344237997, 26.765832901001001 ], [ -109.827224731445, 26.765832901001001 ], [ -109.826385498047003, 26.769720077514599 ], [ -109.823059082030994, 26.767499923706101 ], [ -109.824165344237997, 26.765832901001001 ] ] ] }, { "type": "Polygon", "coordinates": [ [ [ -109.244445800780994, 26.424444198608299 ], [ -109.241111755370994, 26.4169445037843 ], [ -109.241668701172003, 26.411945343017699 ], [ -109.248336791992003, 26.419998168945401 ], [ -109.244445800780994, 26.424444198608299 ] ] ] }, { "type": "Polygon", "coordinates": [ [ [ -109.245643615722997, 26.4017848968506 ], [ -109.24666595459, 26.401388168335 ], [ -109.24666595459, 26.404443740844801 ], [ -109.245712280272997, 26.403398513793899 ], [ -109.245643615722997, 26.4017848968506 ] ] ] }, { "type": "Polygon", "coordinates": [ [ [ -109.242225646972997, 26.344165802001999 ], [ -109.250556945800994, 26.3369445800781 ], [ -109.241386413574006, 26.403055191040099 ], [ -109.229721069335994, 26.365276336669901 ], [ -109.242225646972997, 26.344165802001999 ] ] ] }, { "type": "Polygon", "coordinates": [ [ [ -109.163520812987997, 26.3507385253906 ], [ -109.166946411132997, 26.3516654968263 ], [ -109.163887023925994, 26.3677787780762 ], [ -109.163223266602003, 26.353910446166999 ], [ -109.163520812987997, 26.3507385253906 ] ] ] }, { "type": "Polygon", "coordinates": [ [ [ -109.188331604004006, 26.352779388427798 ], [ -109.190551757812003, 26.354722976684499 ], [ -109.190277099609006, 26.3569450378419 ], [ -109.1875, 26.354997634887798 ], [ -109.188331604004006, 26.352779388427798 ] ] ] }, { "type": "Polygon", "coordinates": [ [ [ -109.202774047852003, 26.346944808960099 ], [ -109.21028137207, 26.344165802001999 ], [ -109.212501525879006, 26.344722747802699 ], [ -109.209442138672003, 26.3505554199219 ], [ -109.202774047852003, 26.346944808960099 ] ] ] }, { "type": "Polygon", "coordinates": [ [ [ -109.216110229492003, 26.323102951049901 ], [ -109.212501525879006, 26.3416671752931 ], [ -109.201942443847997, 26.344999313354499 ], [ -109.175064086914006, 26.318767547607401 ], [ -109.216110229492003, 26.323102951049901 ] ] ] } ] } },
{ "type": "Feature", "properties": { "NAME_1": "Sonora", "NAME_2": "Huépac" }, "geometry": { "type": "Polygon", "coordinates": [ [ [ -110.429176330565994, 29.8833408355713 ], [ -110.435279846190994, 29.892671585083001 ], [ -110.45588684082, 29.897670745849599 ], [ -110.472106933594006, 29.9428405761719 ], [ -110.524307250977003, 29.9828395843506 ], [ -110.532897949219006, 30.010602951049901 ], [ -110.487373352050994, 30.012590408325298 ], [ -110.465118408202997, 30.0017910003663 ], [ -110.436279296875, 30.002080917358398 ], [ -110.431053161620994, 30.0252418518068 ], [ -110.423377990722997, 30.027271270751999 ], [ -110.387046813965, 30.0067882537843 ], [ -110.327438354492003, 29.9880905151368 ], [ -110.251083374022997, 29.982458114623999 ], [ -110.214447021484006, 29.995790481567401 ], [ -110.173561096190994, 29.990909576416101 ], [ -110.129211425780994, 29.9763908386232 ], [ -110.098976135254006, 29.9396495819093 ], [ -110.106979370117003, 29.925460815429702 ], [ -110.13671875, 29.9099807739257 ], [ -110.140777587890994, 29.883649826049801 ], [ -110.147453308105, 29.879920959472699 ], [ -110.177963256835994, 29.889739990234499 ], [ -110.212966918945, 29.881740570068398 ], [ -110.317329406737997, 29.912820816040099 ], [ -110.333740234375, 29.907890319824201 ], [ -110.340606689452997, 29.891241073608299 ], [ -110.369979858397997, 29.8938312530518 ], [ -110.429176330565994, 29.8833408355713 ] ] ] } },
{ "type": "Feature", "properties": { "NAME_1": "Sonora", "NAME_2": "Imuris" }, "geometry": { "type": "Polygon", "coordinates": [ [ [ -110.444313049315994, 30.6242694854737 ], [ -110.48388671875, 30.645879745483501 ], [ -110.515510559082003, 30.637639999389599 ], [ -110.540367126465, 30.618940353393601 ], [ -110.606338500977003, 30.5907707214357 ], [ -110.657341003417997, 30.592599868774499 ], [ -110.677192687987997, 30.584348678588999 ], [ -110.736946105957003, 30.590480804443398 ], [ -110.754386901855, 30.609430313110501 ], [ -110.756469726562003, 30.659040451049901 ], [ -110.767723083495994, 30.668968200683601 ], [ -110.768257141112997, 30.6950302124025 ], [ -110.787857055664006, 30.7162494659425 ], [ -110.880180358887003, 30.733140945434599 ], [ -110.943946838379006, 30.760812759399499 ], [ -111.015502929687003, 30.8802700042725 ], [ -111.064407348632997, 30.9239406585693 ], [ -111.065986633300994, 30.944179534912202 ], [ -111.120292663574006, 30.971260070800799 ], [ -111.127906799315994, 31.006202697753999 ], [ -111.1103515625, 31.025999069213899 ], [ -111.11206817627, 31.035190582275501 ], [ -111.076362609862997, 31.0488090515137 ], [ -111.04402923584, 31.0148105621338 ], [ -111.025321960449006, 31.007022857666001 ], [ -110.95036315918, 31.068498611450298 ], [ -110.893676757812003, 31.0202312469482 ], [ -110.87850189209, 31.018621444702301 ], [ -110.858451843262003, 31.052440643310501 ], [ -110.8359375, 31.0606994628906 ], [ -110.757919311522997, 31.1449508666993 ], [ -110.631736755370994, 31.065998077392599 ], [ -110.588012695312003, 31.0176601409913 ], [ -110.549499511719006, 31.036872863769499 ], [ -110.534286499022997, 31.011680603027301 ], [ -110.529457092285, 30.982219696044901 ], [ -110.552497863769005, 30.9339294433594 ], [ -110.520332336425994, 30.920530319213899 ], [ -110.503959655762003, 30.8808307647706 ], [ -110.536689758300994, 30.841119766235401 ], [ -110.520851135254006, 30.829471588134801 ], [ -110.49308013916, 30.826208114624102 ], [ -110.470771789550994, 30.806650161743299 ], [ -110.435676574707003, 30.791980743408299 ], [ -110.409858703612997, 30.767040252685501 ], [ -110.381469726562003, 30.757221221923899 ], [ -110.408042907715, 30.7382507324219 ], [ -110.398788452147997, 30.7135105133057 ], [ -110.433052062987997, 30.692539215087901 ], [ -110.444671630859006, 30.675411224365298 ], [ -110.420501708984006, 30.652549743652301 ], [ -110.417686462402003, 30.628339767456101 ], [ -110.444313049315994, 30.6242694854737 ] ] ] } },
{ "type": "Feature", "properties": { "NAME_1": "Sonora", "NAME_2": "Isla Tiburon" }, "geometry": { "type": "GeometryCollection", "geometries": [ { "type": "Polygon", "coordinates": [ [ [ -112.458610534667997, 29.2736110687257 ], [ -112.455558776855, 29.268611907959102 ], [ -112.461944580077997, 29.265832901001001 ], [ -112.46305847168, 29.274166107177699 ], [ -112.458610534667997, 29.2736110687257 ] ] ] }, { "type": "Polygon", "coordinates": [ [ [ -112.498054504395, 28.831943511962901 ], [ -112.55574798584, 28.867900848388601 ], [ -112.58472442627, 28.876665115356399 ], [ -112.514389038085994, 28.917938232421999 ], [ -112.487731933594006, 28.956499099731602 ], [ -112.490875244140994, 28.9837322235107 ], [ -112.50666809082, 29.013334274291999 ], [ -112.500946044922003, 29.049207687377901 ], [ -112.506385803222997, 29.063056945800898 ], [ -112.494300842285, 29.073478698730501 ], [ -112.47777557373, 29.167499542236399 ], [ -112.448890686035, 29.199857711791999 ], [ -112.407577514647997, 29.1867904663087 ], [ -112.360557556152003, 29.220556259155401 ], [ -112.298057556152003, 29.223611831665 ], [ -112.272079467772997, 29.2451171875 ], [ -112.265357971190994, 29.2459411621094 ], [ -112.275695800780994, 29.2393798828125 ], [ -112.27392578125, 29.2328777313232 ], [ -112.283203125, 29.233261108398398 ], [ -112.292503356934006, 29.221666336059499 ], [ -112.280281066894005, 29.2211112976075 ], [ -112.279441833495994, 29.2069416046144 ], [ -112.260833740234006, 29.193056106567301 ], [ -112.270835876465, 29.184444427490298 ], [ -112.264167785644005, 29.178613662719702 ], [ -112.274444580077997, 29.165830612182699 ], [ -112.274719238280994, 29.138612747192401 ], [ -112.233055114745994, 29.092222213745199 ], [ -112.203887939452997, 29.024999618530298 ], [ -112.195259094237997, 29.0218009948732 ], [ -112.194999694824006, 29.0052776336669 ], [ -112.211669921875, 28.993055343628001 ], [ -112.215835571289006, 28.960277557373001 ], [ -112.196662902832003, 28.978889465332099 ], [ -112.189163208007997, 28.976942062378001 ], [ -112.214447021484006, 28.957221984863398 ], [ -112.229446411132997, 28.903610229492301 ], [ -112.241889953612997, 28.8902778625488 ], [ -112.238891601562003, 28.871665954589801 ], [ -112.256469726562003, 28.857578277588001 ], [ -112.274459838867003, 28.8168621063232 ], [ -112.273025512695, 28.783863067626999 ], [ -112.252479553222997, 28.767442703247099 ], [ -112.278991699219006, 28.768764495849599 ], [ -112.312774658202997, 28.746944427490298 ], [ -112.328056335449006, 28.763055801391701 ], [ -112.359275817870994, 28.759569168090799 ], [ -112.365234375, 28.773515701293999 ], [ -112.384674072265994, 28.7762374877931 ], [ -112.407218933105, 28.799444198608501 ], [ -112.460556030272997, 28.8016662597656 ], [ -112.471389770507997, 28.820554733276399 ], [ -112.49388885498, 28.821945190429702 ], [ -112.498054504395, 28.831943511962901 ] ] ] }, { "type": "Polygon", "coordinates": [ [ [ -112.280212402344006, 29.2304191589356 ], [ -112.281845092772997, 29.230329513549901 ], [ -112.281692504882997, 29.2315883636475 ], [ -112.281105041504006, 29.231328964233398 ], [ -112.280212402344006, 29.2304191589356 ] ] ] }, { "type": "Polygon", "coordinates": [ [ [ -112.274147033690994, 29.219560623168899 ], [ -112.276588439940994, 29.218067169189599 ], [ -112.277473449707003, 29.219625473022599 ], [ -112.274223327637003, 29.221315383911101 ], [ -112.274147033690994, 29.219560623168899 ] ] ] }, { "type": "Polygon", "coordinates": [ [ [ -112.274368286132997, 29.216703414916999 ], [ -112.267646789550994, 29.216117858886701 ], [ -112.266906738280994, 29.2155990600587 ], [ -112.272521972655994, 29.2145595550537 ], [ -112.274368286132997, 29.216703414916999 ] ] ] }, { "type": "Polygon", "coordinates": [ [ [ -112.263275146484006, 29.180486679077202 ], [ -112.264755249022997, 29.18074798584 ], [ -112.264602661132997, 29.1827602386475 ], [ -112.261428833007997, 29.181331634521499 ], [ -112.263275146484006, 29.180486679077202 ] ] ] }, { "type": "Polygon", "coordinates": [ [ [ -112.304725646972997, 28.7363891601562 ], [ -112.306945800780994, 28.736665725708001 ], [ -112.305953979492003, 28.739322662353601 ], [ -112.303886413574006, 28.7380561828613 ], [ -112.304725646972997, 28.7363891601562 ] ] ] }, { "type": "Polygon", "coordinates": [ [ [ -112.298614501952997, 28.736112594604599 ], [ -112.282501220702997, 28.714721679687599 ], [ -112.285835266112997, 28.7091674804688 ], [ -112.291130065917997, 28.712465286254901 ], [ -112.298614501952997, 28.736112594604599 ] ] ] } ] } },
{ "type": "Feature", "properties": { "NAME_1": "Sonora", "NAME_2": "La Colorada" }, "geometry": { "type": "Polygon", "coordinates": [ [ [ -109.74983215332, 28.749088287353501 ], [ -109.812850952147997, 28.7381896972657 ], [ -109.83039855957, 28.7245693206787 ], [ -109.801948547362997, 28.6774406433106 ], [ -109.822959899902003, 28.6415195465088 ], [ -109.793792724609006, 28.627500534057699 ], [ -109.783798217772997, 28.611320495605501 ], [ -109.815902709960994, 28.572690963745099 ], [ -109.796478271484006, 28.557149887085 ], [ -109.793296813965, 28.5424098968506 ], [ -109.808082580565994, 28.519470214843899 ], [ -109.858238220215, 28.493310928344702 ], [ -109.959838867187997, 28.4639911651612 ], [ -110.06714630127, 28.4634609222412 ], [ -110.063842773437003, 28.511440277099599 ], [ -110.047271728515994, 28.529920578003001 ], [ -110.061073303222997, 28.554370880126999 ], [ -110.093482971190994, 28.566789627075298 ], [ -110.114036560059006, 28.5642318725587 ], [ -110.161926269530994, 28.580301284790099 ], [ -110.200332641602003, 28.583919525146499 ], [ -110.231567382812003, 28.558670043945298 ], [ -110.247833251952997, 28.531141281127901 ], [ -110.275939941405994, 28.5553092956543 ], [ -110.296226501465, 28.557559967041101 ], [ -110.310806274414006, 28.538330078125099 ], [ -110.367782592772997, 28.515220642089901 ], [ -110.405296325684006, 28.4905395507812 ], [ -110.548843383789006, 28.448511123657301 ], [ -110.62866973877, 28.472469329834102 ], [ -110.65779876709, 28.492862701416101 ], [ -110.747589111327997, 28.5070400238038 ], [ -110.769996643065994, 28.572330474853601 ], [ -110.768249511719006, 28.621280670166001 ], [ -110.810096740722997, 28.622129440307599 ], [ -110.832595825195, 28.645500183105501 ], [ -110.833152770995994, 28.67267036438 ], [ -110.790946960449006, 28.783740997314599 ], [ -110.837738037109006, 28.856491088867301 ], [ -110.814826965332003, 28.891849517822301 ], [ -110.779441833495994, 28.911031723022599 ], [ -110.736923217772997, 28.948169708252099 ], [ -110.693061828612997, 28.950639724731399 ], [ -110.601776123047003, 28.929258346557699 ], [ -110.602226257324006, 28.957532882690501 ], [ -110.57495880127, 28.9557495117188 ], [ -110.516151428222997, 28.934368133545 ], [ -110.372901916504006, 28.955049514770501 ], [ -110.367988586425994, 28.945898056030401 ], [ -110.376678466797003, 28.924060821533299 ], [ -110.412826538085994, 28.860000610351602 ], [ -110.410423278809006, 28.841760635376001 ], [ -110.320892333984006, 28.863838195800799 ], [ -110.274406433105, 28.894840240478501 ], [ -110.27717590332, 28.9047527313232 ], [ -110.293975830077997, 28.911010742187599 ], [ -110.289916992187997, 28.9214591979982 ], [ -110.243377685547003, 28.936620712280298 ], [ -110.215560913085994, 28.929040908813601 ], [ -110.139106750487997, 28.8710002899169 ], [ -110.12370300293, 28.7769298553468 ], [ -110.107582092285, 28.761962890625 ], [ -109.998611450195, 28.7834396362306 ], [ -109.949081420897997, 28.8211898803712 ], [ -109.872169494629006, 28.8568210601807 ], [ -109.862152099609006, 28.858329772949201 ], [ -109.83959197998, 28.834222793579201 ], [ -109.75358581543, 28.8637218475343 ], [ -109.753112792969006, 28.808731079101602 ], [ -109.74040222168, 28.779199600219702 ], [ -109.74983215332, 28.749088287353501 ] ] ] } },
{ "type": "Feature", "properties": { "NAME_1": "Sonora", "NAME_2": "Magdalena" }, "geometry": { "type": "Polygon", "coordinates": [ [ [ -110.76708984375, 30.4621696472169 ], [ -110.777076721190994, 30.452259063720799 ], [ -110.816696166992003, 30.464130401611399 ], [ -110.860649108887003, 30.451749801635899 ], [ -110.932151794434006, 30.495010375976602 ], [ -110.982681274414006, 30.503129959106499 ], [ -110.986991882324006, 30.509822845458999 ], [ -110.975135803222997, 30.548110961914102 ], [ -110.983757019042997, 30.586620330810501 ], [ -111.037590026855, 30.603450775146499 ], [ -111.066627502440994, 30.661060333251999 ], [ -111.115768432617003, 30.6838283538819 ], [ -111.144912719727003, 30.675510406494102 ], [ -111.17472076416, 30.678470611572301 ], [ -111.198539733887003, 30.669000625610401 ], [ -111.20580291748, 30.6763591766357 ], [ -111.207862854004006, 30.6933994293213 ], [ -111.198303222655994, 30.7182807922363 ], [ -111.219512939452997, 30.8036403656006 ], [ -111.220161437987997, 30.922340393066499 ], [ -111.251571655272997, 30.9445896148682 ], [ -111.251907348632997, 30.971950531005898 ], [ -111.26008605957, 30.987342834472699 ], [ -111.250480651855, 31.046220779419102 ], [ -111.260917663574006, 31.0514812469482 ], [ -111.265663146972997, 31.068710327148398 ], [ -111.217498779297003, 31.066280364990298 ], [ -111.154106140137003, 31.0795001983643 ], [ -111.129852294922003, 31.074031829833999 ], [ -111.110679626465, 31.030139923095799 ], [ -111.127906799315994, 31.006202697753999 ], [ -111.120292663574006, 30.971260070800799 ], [ -111.065986633300994, 30.944179534912202 ], [ -111.064407348632997, 30.9239406585693 ], [ -111.015502929687003, 30.8802700042725 ], [ -110.943946838379006, 30.760812759399499 ], [ -110.880180358887003, 30.733140945434599 ], [ -110.830657958984006, 30.7208995819093 ], [ -110.797218322754006, 30.722030639648501 ], [ -110.774452209472997, 30.7030982971193 ], [ -110.767723083495994, 30.668968200683601 ], [ -110.756469726562003, 30.659040451049901 ], [ -110.751098632812003, 30.599510192871101 ], [ -110.736946105957003, 30.590480804443398 ], [ -110.761360168457003, 30.5630607604981 ], [ -110.763336181640994, 30.5475883483887 ], [ -110.754173278809006, 30.530960083007901 ], [ -110.72940826416, 30.5200595855713 ], [ -110.753067016602003, 30.497470855712901 ], [ -110.758407592772997, 30.4704704284668 ], [ -110.76708984375, 30.4621696472169 ] ] ] } },
{ "type": "Feature", "properties": { "NAME_1": "Sonora", "NAME_2": "Mazatán" }, "geometry": { "type": "Polygon", "coordinates": [ [ [ -110.177932739257997, 29.092069625854499 ], [ -110.16268157959, 29.059930801391602 ], [ -110.139106750487997, 29.050819396972699 ], [ -110.104393005370994, 29.052871704101602 ], [ -110.100273132324006, 29.043649673461999 ], [ -110.113288879395, 29.028671264648501 ], [ -110.107536315917997, 29.024520874023501 ], [ -110.05150604248, 29.031650543212901 ], [ -110.040229797362997, 29.003770828247099 ], [ -110.003402709960994, 28.983190536498999 ], [ -109.990989685057997, 28.9640407562257 ], [ -109.923461914062003, 28.9378890991212 ], [ -109.855888366699006, 28.8931598663331 ], [ -109.824928283690994, 28.886358261108501 ], [ -109.822540283202997, 28.868209838867202 ], [ -109.83959197998, 28.834222793579201 ], [ -109.865829467772997, 28.8586025238037 ], [ -109.949081420897997, 28.8211898803712 ], [ -109.998611450195, 28.7834396362306 ], [ -110.107582092285, 28.761962890625 ], [ -110.12370300293, 28.7769298553468 ], [ -110.139106750487997, 28.8710002899169 ], [ -110.215560913085994, 28.929040908813601 ], [ -110.243377685547003, 28.936620712280298 ], [ -110.289916992187997, 28.9214591979982 ], [ -110.293975830077997, 28.911010742187599 ], [ -110.27717590332, 28.9047527313232 ], [ -110.274406433105, 28.894840240478501 ], [ -110.320892333984006, 28.863838195800799 ], [ -110.413825988769005, 28.844600677490298 ], [ -110.412826538085994, 28.860000610351602 ], [ -110.367988586425994, 28.945898056030401 ], [ -110.369743347167997, 28.9545497894287 ], [ -110.394317626952997, 28.952239990234499 ], [ -110.388710021972997, 28.9822807312013 ], [ -110.346000671387003, 29.031507492065501 ], [ -110.314422607422003, 29.053340911865199 ], [ -110.310401916504006, 29.089929580688501 ], [ -110.286430358887003, 29.087810516357401 ], [ -110.275718688965, 29.0778999328613 ], [ -110.238586425780994, 29.0761108398438 ], [ -110.177932739257997, 29.092069625854499 ] ] ] } },
{ "type": "Feature", "properties": { "NAME_1": "Sonora", "NAME_2": "Moctezuma" }, "geometry": { "type": "Polygon", "coordinates": [ [ [ -110.049850463867003, 29.776178359985401 ], [ -110.107299804687997, 29.816331863403398 ], [ -110.115676879882997, 29.851499557495199 ], [ -110.14266204834, 29.888639450073299 ], [ -110.13671875, 29.9099807739257 ], [ -110.115791320800994, 29.907110214233398 ], [ -110.082809448242003, 29.9207782745362 ], [ -110.061279296875, 29.918909072876001 ], [ -110.052528381347997, 29.912460327148398 ], [ -110.050079345702997, 29.8508014678956 ], [ -110.018501281737997, 29.838479995727699 ], [ -110.007682800292997, 29.823392868041999 ], [ -109.96964263916, 29.8231296539307 ], [ -109.92195892334, 29.786180496215898 ], [ -109.707191467285, 29.785509109497099 ], [ -109.681922912597997, 29.776960372924901 ], [ -109.667266845702997, 29.835140228271499 ], [ -109.670021057129006, 29.920999526977599 ], [ -109.663299560547003, 29.926519393920799 ], [ -109.596488952637003, 29.922550201416101 ], [ -109.554382324219006, 29.935890197753999 ], [ -109.545486450195, 29.943620681762699 ], [ -109.543930053710994, 29.968500137329201 ], [ -109.523498535155994, 29.9792175292968 ], [ -109.514495849609006, 29.967300415039102 ], [ -109.485778808594006, 29.976739883423001 ], [ -109.410598754882997, 29.948379516601602 ], [ -109.407791137695, 29.93438911438 ], [ -109.432952880859006, 29.906351089477699 ], [ -109.436332702637003, 29.889850616455 ], [ -109.427047729492003, 29.882289886474599 ], [ -109.381706237792997, 29.895370483398501 ], [ -109.380561828612997, 29.8789081573487 ], [ -109.358909606934006, 29.854850769042901 ], [ -109.353576660155994, 29.830337524414102 ], [ -109.385528564452997, 29.794269561767699 ], [ -109.49292755127, 29.795150756835898 ], [ -109.562362670897997, 29.772340774536101 ], [ -109.612686157227003, 29.6549701690675 ], [ -109.603439331055, 29.624530792236399 ], [ -109.582542419434006, 29.608671188354499 ], [ -109.572128295897997, 29.587419509887798 ], [ -109.609306335449006, 29.576379776001101 ], [ -109.656303405762003, 29.519109725952099 ], [ -109.714706420897997, 29.505670547485298 ], [ -109.738082885742003, 29.509019851684599 ], [ -109.804176330565994, 29.5424499511719 ], [ -109.84398651123, 29.547140121460099 ], [ -109.873252868652003, 29.5412502288818 ], [ -109.903877258300994, 29.559259414672798 ], [ -109.921546936035, 29.539550781250099 ], [ -109.965812683105, 29.541112899780298 ], [ -109.98494720459, 29.533201217651499 ], [ -109.986839294434006, 29.567369461059599 ], [ -110.004211425780994, 29.585411071777301 ], [ -110.022659301757997, 29.645469665527301 ], [ -109.949752807617003, 29.720220565796001 ], [ -109.96369934082, 29.742130279541101 ], [ -110.049850463867003, 29.776178359985401 ] ] ] } },
{ "type": "Feature", "properties": { "NAME_1": "Sonora", "NAME_2": "Naco" }, "geometry": { "type": "Polygon", "coordinates": [ [ [ -110.321708679199006, 31.2818107604982 ], [ -110.346572875977003, 31.2964782714844 ], [ -110.364151000977003, 31.3318805694581 ], [ -109.758529663085994, 31.3324375152588 ], [ -109.75659942627, 31.306232452392699 ], [ -109.709320068359006, 31.2306003570557 ], [ -109.664558410645, 31.108417510986399 ], [ -109.719673156737997, 31.130832672119102 ], [ -109.802711486815994, 31.143329620361399 ], [ -109.838897705077997, 31.126657485961999 ], [ -109.856666564940994, 31.106849670410199 ], [ -109.873992919922003, 31.110862731933601 ], [ -109.916625976562003, 31.097309112548899 ], [ -109.955001831055, 31.101020812988299 ], [ -110.029457092285, 31.149499893188501 ], [ -110.045219421387003, 31.170570373535199 ], [ -110.056831359862997, 31.170892715454201 ], [ -110.09578704834, 31.142137527465898 ], [ -110.110931396484006, 31.146890640258899 ], [ -110.125366210937003, 31.171089172363398 ], [ -110.123123168945, 31.2010612487794 ], [ -110.138038635254006, 31.2147312164307 ], [ -110.157508850097997, 31.223699569702301 ], [ -110.190132141112997, 31.224929809570298 ], [ -110.227729797362997, 31.2452697753907 ], [ -110.265747070312003, 31.249980926513601 ], [ -110.321708679199006, 31.2818107604982 ] ] ] } },
{ "type": "Feature", "properties": { "NAME_1": "Sonora", "NAME_2": "Nácori Chico" }, "geometry": { "type": "Polygon", "coordinates": [ [ [ -109.178886413574006, 29.7724208831787 ], [ -109.127326965332003, 29.7988395690919 ], [ -109.115112304687003, 29.7952899932862 ], [ -109.10986328125, 29.769590377807599 ], [ -109.098793029785, 29.76123046875 ], [ -109.064346313477003, 29.766670227050799 ], [ -109.055946350097997, 29.777418136596701 ], [ -109.054443359375, 29.809310913085898 ], [ -109.035957336425994, 29.8379306793212 ], [ -108.950889587402003, 29.9351406097412 ], [ -108.907051086425994, 29.955400466919102 ], [ -108.861366271972997, 29.936460494995099 ], [ -108.839317321777003, 29.9175205230713 ], [ -108.799751281737997, 29.924392700195401 ], [ -108.786796569824006, 29.9009399414063 ], [ -108.764366149902003, 29.915910720825298 ], [ -108.715538024902003, 29.929510116577202 ], [ -108.683700561522997, 29.899171829223601 ], [ -108.661392211914006, 29.909349441528398 ], [ -108.630111694335994, 29.899990081787099 ], [ -108.609840393065994, 29.918880462646499 ], [ -108.577445983887003, 29.9829998016357 ], [ -108.536376953125, 30.016990661621101 ], [ -108.543746948242003, 29.899959564208899 ], [ -108.560913085937997, 29.834400177001999 ], [ -108.545936584472997, 29.813940048217901 ], [ -108.505867004395, 29.8036994934082 ], [ -108.494827270507997, 29.7847595214844 ], [ -108.48738861084, 29.666940689086999 ], [ -108.467185974120994, 29.567100524902301 ], [ -108.463645935059006, 29.498249053955199 ], [ -108.467247009277003, 29.472030639648601 ], [ -108.501541137695, 29.431909561157202 ], [ -108.501586914062003, 29.268730163574201 ], [ -108.658157348632997, 29.277109146118299 ], [ -108.690727233887003, 29.312562942504901 ], [ -108.718940734862997, 29.316400527954201 ], [ -108.735908508300994, 29.341680526733501 ], [ -108.762130737305, 29.353441238403398 ], [ -108.7734375, 29.370990753173899 ], [ -108.787033081055, 29.3660697937013 ], [ -108.8046875, 29.342191696166999 ], [ -108.828132629395, 29.3773307800294 ], [ -108.846031188965, 29.355518341064499 ], [ -108.870056152344006, 29.374519348144599 ], [ -108.926322937012003, 29.358470916748001 ], [ -108.963920593262003, 29.392879486083999 ], [ -108.986091613769005, 29.399749755859499 ], [ -109.018623352050994, 29.42405128479 ], [ -109.024971008300994, 29.440790176391701 ], [ -109.01587677002, 29.459619522094801 ], [ -109.027679443359006, 29.516920089721701 ], [ -109.003326416015994, 29.575620651245099 ], [ -109.007446289062003, 29.6003704071044 ], [ -109.021011352539006, 29.618120193481499 ], [ -109.049591064452997, 29.628650665283299 ], [ -109.06468963623, 29.598520278930799 ], [ -109.10311126709, 29.609970092773398 ], [ -109.111846923827997, 29.648571014404201 ], [ -109.138298034667997, 29.698389053344801 ], [ -109.157516479492003, 29.715450286865298 ], [ -109.159378051757997, 29.735670089721701 ], [ -109.178886413574006, 29.7724208831787 ] ] ] } },
{ "type": "Feature", "properties": { "NAME_1": "Sonora", "NAME_2": "Nacozari de García" }, "geometry": { "type": "Polygon", "coordinates": [ [ [ -109.765502929687997, 30.4457607269287 ], [ -109.715530395507997, 30.442819595336999 ], [ -109.708740234375, 30.470661163330099 ], [ -109.683151245117003, 30.489280700683601 ], [ -109.679588317870994, 30.51469039917 ], [ -109.640998840332003, 30.561100006103501 ], [ -109.610328674315994, 30.564529418945401 ], [ -109.559516906737997, 30.552442550659201 ], [ -109.550331115722997, 30.5642795562744 ], [ -109.547012329102003, 30.593830108642699 ], [ -109.525398254394005, 30.620130538940501 ], [ -109.467002868652003, 30.627952575683601 ], [ -109.458511352539006, 30.671550750732401 ], [ -109.46785736084, 30.692390441894499 ], [ -109.45140838623, 30.7064609527588 ], [ -109.387413024902003, 30.701400756835898 ], [ -109.317398071289006, 30.666418075561499 ], [ -109.287826538085994, 30.675380706787202 ], [ -109.263290405272997, 30.706649780273601 ], [ -109.228523254394005, 30.68318939209 ], [ -109.186729431152003, 30.677659988403398 ], [ -109.177688598632997, 30.6644096374513 ], [ -109.177856445312003, 30.628480911255 ], [ -109.199768066405994, 30.5352897644044 ], [ -109.196922302245994, 30.516731262206999 ], [ -109.21215057373, 30.479059219360401 ], [ -109.196487426757997, 30.416151046752901 ], [ -109.200912475585994, 30.395570755004901 ], [ -109.235847473144005, 30.377149581909201 ], [ -109.31810760498, 30.419500350952202 ], [ -109.351226806640994, 30.44460105896 ], [ -109.361839294434006, 30.4657707214356 ], [ -109.37956237793, 30.463731765746999 ], [ -109.41187286377, 30.449380874633899 ], [ -109.429756164550994, 30.415319442749102 ], [ -109.423126220702997, 30.3555908203125 ], [ -109.477676391602003, 30.346750259399499 ], [ -109.483848571777003, 30.301130294799702 ], [ -109.493041992187003, 30.289520263671999 ], [ -109.546768188475994, 30.279701232910199 ], [ -109.584571838379006, 30.287651062011701 ], [ -109.650871276855, 30.283300399780298 ], [ -109.68839263916, 30.295780181884801 ], [ -109.720970153809006, 30.3343105316162 ], [ -109.765190124512003, 30.352939605713001 ], [ -109.776702880859006, 30.365089416503899 ], [ -109.783050537109006, 30.404241561889702 ], [ -109.765502929687997, 30.4457607269287 ] ] ] } },
{ "type": "Feature", "properties": { "NAME_1": "Sonora", "NAME_2": "Navojoa" }, "geometry": { "type": "Polygon", "coordinates": [ [ [ -108.985427856445, 26.5567111968994 ], [ -108.974769592285, 26.615079879760799 ], [ -108.979866027832003, 26.631031036376999 ], [ -109.080497741699006, 26.6874809265137 ], [ -109.096862792969006, 26.675069808959901 ], [ -109.101142883300994, 26.6457328796387 ], [ -109.116546630859006, 26.616609573364201 ], [ -109.269508361815994, 26.770380020141602 ], [ -109.310356140137003, 26.774959564208899 ], [ -109.372901916504006, 26.760931015014599 ], [ -109.382209777832003, 26.7771186828613 ], [ -109.414649963379006, 26.7568683624268 ], [ -109.431396484375, 26.7681598663331 ], [ -109.437370300292997, 26.8024196624757 ], [ -109.491058349609006, 26.816350936889801 ], [ -109.493316650390994, 26.830940246581999 ], [ -109.476272583007997, 26.872699737548899 ], [ -109.477836608887003, 26.925970077514702 ], [ -109.451690673827997, 26.9346103668213 ], [ -109.443832397460994, 26.945972442626999 ], [ -109.46768951416, 26.987590789795 ], [ -109.496696472167997, 26.9900512695312 ], [ -109.489349365234006, 27.011840820312599 ], [ -109.498512268065994, 27.0231609344482 ], [ -109.500785827637003, 27.048618316650501 ], [ -109.486167907715, 27.1118392944337 ], [ -109.528396606445, 27.108499526977699 ], [ -109.536636352539006, 27.114271163940501 ], [ -109.532356262207003, 27.1721515655518 ], [ -109.665267944335994, 27.186780929565501 ], [ -109.67830657959, 27.190900802612401 ], [ -109.69319152832, 27.2158508300781 ], [ -109.705696105957003, 27.2204303741456 ], [ -109.730506896972997, 27.197149276733398 ], [ -109.767967224120994, 27.205530166626001 ], [ -109.740837097167997, 27.255491256713899 ], [ -109.689849853515994, 27.285810470581101 ], [ -109.704780578612997, 27.3089103698731 ], [ -109.682456970215, 27.329830169677699 ], [ -109.715492248535, 27.375320434570298 ], [ -109.710395812987997, 27.411220550537202 ], [ -109.722099304199006, 27.549110412597699 ], [ -109.668128967285, 27.6303806304932 ], [ -109.674652099609006, 27.703189849853601 ], [ -109.699806213379006, 27.737840652465898 ], [ -109.684379577637003, 27.7498703002931 ], [ -109.635108947754006, 27.7563705444337 ], [ -109.617851257324006, 27.783170700073299 ], [ -109.616401672362997, 27.815740585327202 ], [ -109.630516052245994, 27.867250442504801 ], [ -109.625633239745994, 27.876489639282301 ], [ -109.587371826172003, 27.858680725097699 ], [ -109.50373840332, 27.850679397583001 ], [ -109.50422668457, 27.764980316162202 ], [ -109.52131652832, 27.733682632446399 ], [ -109.554336547852003, 27.7115497589112 ], [ -109.556091308594006, 27.703229904174901 ], [ -109.533836364745994, 27.631839752197301 ], [ -109.541130065917997, 27.5830802917482 ], [ -109.520278930664006, 27.557661056518601 ], [ -109.523712158202997, 27.531549453735501 ], [ -109.515022277832003, 27.498960494995199 ], [ -109.477821350097997, 27.470760345458899 ], [ -109.506828308105, 27.455511093139801 ], [ -109.509536743164006, 27.4150505065919 ], [ -109.475982666015994, 27.387090682983398 ], [ -109.471672058105, 27.346168518066399 ], [ -109.459541320800994, 27.328599929809702 ], [ -109.41764831543, 27.301559448242202 ], [ -109.383743286132997, 27.291612625121999 ], [ -109.356002807617003, 27.3234596252443 ], [ -109.348457336425994, 27.3460597991944 ], [ -109.329002380370994, 27.3544807434082 ], [ -109.315048217772997, 27.372350692749102 ], [ -109.301742553710994, 27.372922897338999 ], [ -109.272720336914006, 27.3413009643556 ], [ -109.235046386719006, 27.333219528198299 ], [ -109.182823181152003, 27.288278579711999 ], [ -109.176612854004006, 27.285882949829201 ], [ -109.162628173827997, 27.310831069946399 ], [ -109.125946044922003, 27.304580688476602 ], [ -109.097106933594006, 27.2970409393312 ], [ -109.085746765137003, 27.281549453735401 ], [ -109.061813354492003, 27.284860610961999 ], [ -109.041915893555, 27.256900787353601 ], [ -109.033668518065994, 27.2383003234863 ], [ -109.047073364257997, 27.229120254516602 ], [ -109.044326782227003, 27.201400756835898 ], [ -109.104469299315994, 27.210821151733501 ], [ -109.099296569824006, 27.186872482299801 ], [ -109.082550048827997, 27.177801132202301 ], [ -109.08487701416, 27.157209396362401 ], [ -109.071891784667997, 27.1124496459962 ], [ -109.143951416015994, 27.122259140014702 ], [ -109.141326904297003, 27.1003818511963 ], [ -109.176696777344006, 27.093481063842901 ], [ -109.161781311035, 27.073520660400401 ], [ -109.178749084472997, 27.049518585205099 ], [ -109.176406860352003, 27.0264606475831 ], [ -109.155220031737997, 27.007602691650501 ], [ -109.171096801757997, 26.984479904174801 ], [ -109.154266357422003, 26.9345512390138 ], [ -109.15461730957, 26.896039962768601 ], [ -109.122131347655994, 26.883569717407301 ], [ -109.108489990234006, 26.900030136108501 ], [ -109.097381591797003, 26.89621925354 ], [ -109.066940307617003, 26.873050689697301 ], [ -109.055252075195, 26.838388442993299 ], [ -108.991508483887003, 26.803382873535199 ], [ -108.951499938965, 26.7211399078369 ], [ -108.957305908202997, 26.706550598144599 ], [ -108.979667663574006, 26.6970310211182 ], [ -108.984420776367003, 26.6828498840332 ], [ -108.909980773925994, 26.6478195190431 ], [ -108.906028747559006, 26.638790130615199 ], [ -108.926010131835994, 26.630439758300898 ], [ -108.924652099609006, 26.6219196319581 ], [ -108.863792419434006, 26.618650436401399 ], [ -108.865196228027003, 26.603549957275401 ], [ -108.90714263916, 26.591289520263601 ], [ -108.920829772949006, 26.573368072509801 ], [ -108.985427856445, 26.5567111968994 ] ] ] } },
{ "type": "Feature", "properties": { "NAME_1": "Sonora", "NAME_2": "Nogales" }, "geometry": { "type": "Polygon", "coordinates": [ [ [ -111.265663146972997, 31.068710327148398 ], [ -111.275100708007997, 31.079259872436602 ], [ -111.276947021484006, 31.098110198974702 ], [ -111.310096740722997, 31.101049423217901 ], [ -111.278762817382997, 31.135339736938501 ], [ -111.222496032715, 31.163511276245199 ], [ -111.235153198242003, 31.176580429077301 ], [ -111.291976928710994, 31.189550399780401 ], [ -111.287796020507997, 31.215539932251001 ], [ -111.273948669434006, 31.234420776367301 ], [ -111.194938659667997, 31.273210525512599 ], [ -111.193626403809006, 31.2959804534913 ], [ -111.181137084960994, 31.316921234131001 ], [ -111.182823181152003, 31.342439651489201 ], [ -111.172500610350994, 31.361680984497202 ], [ -111.072807312012003, 31.329170227050799 ], [ -110.823760986327997, 31.331253051757901 ], [ -110.803016662597997, 31.3047904968262 ], [ -110.771766662597997, 31.299890518188601 ], [ -110.756820678710994, 31.275711059570401 ], [ -110.736457824707003, 31.268051147460898 ], [ -110.743827819824006, 31.192480087280298 ], [ -110.761596679687997, 31.162660598754901 ], [ -110.757919311522997, 31.1449508666993 ], [ -110.8359375, 31.0606994628906 ], [ -110.858451843262003, 31.052440643310501 ], [ -110.87850189209, 31.018621444702301 ], [ -110.893676757812003, 31.0202312469482 ], [ -110.95036315918, 31.068498611450298 ], [ -111.025321960449006, 31.007022857666001 ], [ -111.04402923584, 31.0148105621338 ], [ -111.076362609862997, 31.0488090515137 ], [ -111.11206817627, 31.035190582275501 ], [ -111.136009216309006, 31.077690124511701 ], [ -111.217498779297003, 31.066280364990298 ], [ -111.265663146972997, 31.068710327148398 ] ] ] } },
{ "type": "Feature", "properties": { "NAME_1": "Sonora", "NAME_2": "Onavas" }, "geometry": { "type": "Polygon", "coordinates": [ [ [ -109.547126770019005, 28.337671279907202 ], [ -109.54955291748, 28.3736782073975 ], [ -109.566482543945, 28.381799697876101 ], [ -109.570411682129006, 28.4091396331788 ], [ -109.594276428222997, 28.438449859619201 ], [ -109.59635925293, 28.467590332031399 ], [ -109.608978271484006, 28.481340408325298 ], [ -109.621391296387003, 28.535169601440401 ], [ -109.60750579834, 28.547042846679702 ], [ -109.530166625977003, 28.555610656738299 ], [ -109.517593383789006, 28.6062412261963 ], [ -109.503776550292997, 28.610889434814499 ], [ -109.470100402832003, 28.592809677124102 ], [ -109.42253112793, 28.59547996521 ], [ -109.351921081542997, 28.537530899047901 ], [ -109.305076599120994, 28.5295009613038 ], [ -109.280647277832003, 28.511529922485501 ], [ -109.288749694824006, 28.501399993896499 ], [ -109.282928466797003, 28.490940093994201 ], [ -109.230056762695, 28.460260391235401 ], [ -109.224983215332003, 28.440719604492301 ], [ -109.193870544434006, 28.406061172485501 ], [ -109.225112915039006, 28.3578701019288 ], [ -109.27702331543, 28.359542846679702 ], [ -109.280860900879006, 28.317640304565501 ], [ -109.388816833495994, 28.333839416503999 ], [ -109.404823303222997, 28.361700057983501 ], [ -109.42700958252, 28.370780944824201 ], [ -109.472152709960994, 28.351600646972699 ], [ -109.478462219237997, 28.377370834350501 ], [ -109.506927490234006, 28.3496704101563 ], [ -109.547126770019005, 28.337671279907202 ] ] ] } },
{ "type": "Feature", "properties": { "NAME_1": "Sonora", "NAME_2": "Opodepe" }, "geometry": { "type": "Polygon", "coordinates": [ [ [ -110.45588684082, 29.897670745849599 ], [ -110.490303039550994, 29.9155292510987 ], [ -110.536315917969006, 29.916259765625099 ], [ -110.584159851074006, 29.9049396514893 ], [ -110.592071533202997, 29.894529342651399 ], [ -110.617729187012003, 29.890739440918001 ], [ -110.635429382324006, 29.876689910888601 ], [ -110.677307128905994, 29.902469635009801 ], [ -110.685028076172003, 29.9203796386719 ], [ -110.703857421875, 29.9316101074219 ], [ -110.759498596190994, 29.940910339355501 ], [ -110.823600769042997, 29.923061370849599 ], [ -110.946166992187003, 29.928230285644599 ], [ -110.983291625975994, 29.907159805297798 ], [ -111.042778015137003, 29.891870498657301 ], [ -111.061386108397997, 29.895120620727699 ], [ -111.078163146972997, 29.9111328125 ], [ -111.067337036132997, 29.947099685668999 ], [ -111.11213684082, 29.9622611999512 ], [ -111.086616516112997, 29.9976501464844 ], [ -111.101852416992003, 30.0201301574706 ], [ -111.091026306152003, 30.038450241088999 ], [ -111.095176696777003, 30.0797004699707 ], [ -111.076080322265994, 30.086420059204201 ], [ -111.013336181640994, 30.078760147094801 ], [ -110.995887756347997, 30.0931110382081 ], [ -110.986976623535, 30.116720199585 ], [ -110.947692871094006, 30.1157417297363 ], [ -110.928703308105, 30.186540603637798 ], [ -110.906303405762003, 30.210098266601602 ], [ -110.887237548827997, 30.217231750488398 ], [ -110.787040710449006, 30.224359512328999 ], [ -110.73966217041, 30.191789627075199 ], [ -110.60888671875, 30.157899856567401 ], [ -110.474472045897997, 30.180641174316399 ], [ -110.429611206055, 30.163379669189499 ], [ -110.50057220459, 30.086000442504901 ], [ -110.511848449707003, 30.058210372924901 ], [ -110.531356811522997, 30.0371913909912 ], [ -110.533126831055, 30.013759613037202 ], [ -110.524307250977003, 29.9828395843506 ], [ -110.472106933594006, 29.9428405761719 ], [ -110.45588684082, 29.897670745849599 ] ] ] } },
{ "type": "Feature", "properties": { "NAME_1": "Sonora", "NAME_2": "Oquitoa" }, "geometry": { "type": "Polygon", "coordinates": [ [ [ -111.458137512207003, 30.681680679321399 ], [ -111.553962707519005, 30.569950103759801 ], [ -111.5947265625, 30.559738159179702 ], [ -111.64501953125, 30.610040664672901 ], [ -111.68871307373, 30.629369735717901 ], [ -111.727256774902003, 30.667850494384901 ], [ -111.731727600097997, 30.686952590942401 ], [ -111.752532958984006, 30.709859848022599 ], [ -111.746086120605, 30.8501300811769 ], [ -111.722778320312003, 30.973140716552798 ], [ -111.703880310059006, 31.0165901184082 ], [ -111.649726867675994, 31.016309738159201 ], [ -111.621955871582003, 31.034368515014599 ], [ -111.572906494140994, 31.032300949096701 ], [ -111.566062927245994, 30.975540161132901 ], [ -111.544357299805, 30.9445896148682 ], [ -111.555892944335994, 30.928899765014599 ], [ -111.569847106934006, 30.872940063476701 ], [ -111.592056274414006, 30.8360290527344 ], [ -111.592529296875, 30.808639526367202 ], [ -111.603897094727003, 30.778198242187401 ], [ -111.587707519530994, 30.7605495452882 ], [ -111.55989074707, 30.751472473144599 ], [ -111.535232543945, 30.785190582275401 ], [ -111.511032104492003, 30.788749694824201 ], [ -111.49690246582, 30.765331268310501 ], [ -111.495101928710994, 30.701112747192401 ], [ -111.48860168457, 30.6916904449463 ], [ -111.458137512207003, 30.681680679321399 ] ] ] } },
{ "type": "Feature", "properties": { "NAME_1": "Sonora", "NAME_2": "Pitiquito" }, "geometry": { "type": "Polygon", "coordinates": [ [ [ -112.375, 29.326112747192401 ], [ -112.406616210937003, 29.3404541015625 ], [ -112.421379089355, 29.3750934600831 ], [ -112.381561279297003, 29.451278686523398 ], [ -112.378135681152003, 29.4791278839112 ], [ -112.38444519043, 29.493055343628001 ], [ -112.430145263672003, 29.5193061828613 ], [ -112.429092407227003, 29.546537399292099 ], [ -112.436668395995994, 29.560556411743299 ], [ -112.507125854492003, 29.620426177978601 ], [ -112.543334960937997, 29.688888549804801 ], [ -112.580558776855, 29.7114868164062 ], [ -112.606391906737997, 29.778888702392599 ], [ -112.651962280272997, 29.834989547729499 ], [ -112.651107788085994, 29.863889694213899 ], [ -112.665000915527003, 29.890834808349599 ], [ -112.70361328125, 29.9097213745118 ], [ -112.730407714844006, 29.9028129577638 ], [ -112.745834350585994, 29.912500381469702 ], [ -112.732780456542997, 30.0 ], [ -112.760597229004006, 30.057935714721602 ], [ -112.755271911620994, 30.051572799682699 ], [ -112.695861816405994, 30.0926494598388 ], [ -112.660896301269005, 30.097681045532301 ], [ -112.624061584472997, 30.126970291137798 ], [ -112.620697021484006, 30.145269393921001 ], [ -112.632362365722997, 30.1909999847413 ], [ -112.628028869629006, 30.214960098266701 ], [ -112.65796661377, 30.289150238037202 ], [ -112.649551391600994, 30.303810119628999 ], [ -112.637580871582003, 30.303430557251001 ], [ -112.627922058105, 30.2777404785156 ], [ -112.5947265625, 30.244350433349702 ], [ -112.582916259765994, 30.251981735229499 ], [ -112.584815979004006, 30.266130447387599 ], [ -112.575721740722997, 30.281621932983501 ], [ -112.502136230469006, 30.2941398620606 ], [ -112.494110107422003, 30.3047199249268 ], [ -112.466957092285, 30.292812347412202 ], [ -112.38883972168, 30.300678253173899 ], [ -112.325675964355, 30.2772026062013 ], [ -112.30046081543, 30.280330657958999 ], [ -112.280128479004006, 30.299169540405401 ], [ -112.243637084960994, 30.363420486450199 ], [ -112.200157165527003, 30.4063606262206 ], [ -112.199241638184006, 30.4320793151857 ], [ -112.171112060547003, 30.475919723510799 ], [ -112.164970397949006, 30.5164604187012 ], [ -112.099990844727003, 30.656679153442401 ], [ -112.059730529785, 30.699529647827301 ], [ -112.054840087890994, 30.719411849975501 ], [ -111.994888305664006, 30.7139625549318 ], [ -111.970970153809006, 30.701950073242202 ], [ -111.947723388672003, 30.6770210266113 ], [ -111.940216064452997, 30.619421005249102 ], [ -111.920631408690994, 30.5819702148438 ], [ -111.869636535644005, 30.560010910034201 ], [ -111.799026489257997, 30.551111221313501 ], [ -111.774276733397997, 30.499820709228501 ], [ -111.756683349609006, 30.4031505584718 ], [ -111.783966064452997, 30.3247509002687 ], [ -111.76114654541, 30.257568359375099 ], [ -111.759956359862997, 30.230712890625099 ], [ -111.803596496582003, 30.179330825805799 ], [ -111.808311462402003, 30.146800994873001 ], [ -111.782577514647997, 30.134048461914201 ], [ -111.732086181640994, 30.149339675903398 ], [ -111.706130981445, 30.141670227050898 ], [ -111.70361328125, 30.107120513916001 ], [ -111.665885925292997, 30.0949001312257 ], [ -111.630271911620994, 30.068950653076101 ], [ -111.605606079102003, 30.030139923095799 ], [ -111.567337036132997, 29.993959426879901 ], [ -111.545387268065994, 29.954149246215799 ], [ -111.537117004395, 29.965600967407301 ], [ -111.534507751465, 30.006029129028299 ], [ -111.515640258789006, 30.043291091919102 ], [ -111.4638671875, 30.046840667724599 ], [ -111.277519226074006, 30.035579681396399 ], [ -111.255966186522997, 29.9458618164062 ], [ -111.300170898437003, 29.932010650634702 ], [ -111.339576721190994, 29.890052795410199 ], [ -111.352638244629006, 29.855819702148398 ], [ -111.326499938965, 29.860120773315501 ], [ -111.320892333984006, 29.8489894866944 ], [ -111.346778869629006, 29.821662902831999 ], [ -111.352386474609006, 29.804420471191499 ], [ -111.286003112792997, 29.7930908203125 ], [ -111.260711669922003, 29.763650894165099 ], [ -111.244506835937997, 29.723678588867202 ], [ -111.261329650879006, 29.710109710693398 ], [ -111.323471069335994, 29.7140216827393 ], [ -111.335243225097997, 29.703710556030401 ], [ -111.344673156737997, 29.674768447876001 ], [ -111.496467590332003, 29.6081829071044 ], [ -111.672897338867003, 29.573299407958999 ], [ -111.73210144043, 29.581739425659201 ], [ -111.745391845702997, 29.562639236450298 ], [ -111.729751586914006, 29.539430618286101 ], [ -111.736541748047003, 29.530450820923001 ], [ -111.760452270507997, 29.526180267333999 ], [ -111.812660217285, 29.540258407592901 ], [ -111.831748962402003, 29.537908554077202 ], [ -111.833847045897997, 29.513759613037099 ], [ -111.855850219727003, 29.489099502563501 ], [ -111.860046386719006, 29.447551727294901 ], [ -111.88720703125, 29.421831130981499 ], [ -111.874649047852003, 29.3720417022706 ], [ -111.878746032715, 29.3466300964357 ], [ -111.923011779785, 29.297571182250898 ], [ -111.99006652832, 29.258649826049901 ], [ -112.062660217285, 29.232500076294102 ], [ -112.102996826172003, 29.235801696777401 ], [ -112.120727539062003, 29.223249435424901 ], [ -112.162086486815994, 29.2152194976807 ], [ -112.211250305175994, 29.218759536743299 ], [ -112.228019714355, 29.1793022155762 ], [ -112.208679199219006, 29.244178771972699 ], [ -112.237815856934006, 29.313554763794102 ], [ -112.274810791015994, 29.332036972045898 ], [ -112.333610534667997, 29.3199996948243 ], [ -112.28694152832, 29.333887100219801 ], [ -112.281387329102003, 29.339723587036101 ], [ -112.29305267334, 29.333055496215799 ], [ -112.303611755370994, 29.3386135101319 ], [ -112.307220458984006, 29.332221984863398 ], [ -112.318611145019005, 29.3386135101319 ], [ -112.316337585449006, 29.332330703735401 ], [ -112.337776184082003, 29.3252773284913 ], [ -112.344444274902003, 29.313613891601602 ], [ -112.332496643065994, 29.301389694213899 ], [ -112.33528137207, 29.2916679382325 ], [ -112.353332519530994, 29.3208332061769 ], [ -112.375, 29.326112747192401 ] ] ] } },
{ "type": "Feature", "properties": { "NAME_1": "Sonora", "NAME_2": "Puerto Peñasco" }, "geometry": { "type": "GeometryCollection", "geometries": [ { "type": "Polygon", "coordinates": [ [ [ -113.226387023925994, 31.239444732666101 ], [ -113.419998168945, 31.275278091430799 ], [ -113.428886413574006, 31.281389236450298 ], [ -113.406669616699006, 31.282222747802699 ], [ -113.438888549805, 31.293888092041001 ], [ -113.451667785644005, 31.290277481079201 ], [ -113.436668395995994, 31.285833358764801 ], [ -113.442497253417997, 31.278888702392599 ], [ -113.545280456542997, 31.295833587646499 ], [ -113.553337097167997, 31.304723739624102 ], [ -113.545280456542997, 31.304166793823399 ], [ -113.544166564940994, 31.305835723877099 ], [ -113.561111450195, 31.318889617919901 ], [ -113.624168395995994, 31.3272228240968 ], [ -113.644721984862997, 31.343889236450298 ], [ -113.611389160155994, 31.342220306396499 ], [ -113.613891601562003, 31.377500534057599 ], [ -113.636665344237997, 31.431943893432699 ], [ -113.635276794434006, 31.438888549804801 ], [ -113.632774353027003, 31.4258346557618 ], [ -113.630279541015994, 31.4230556488037 ], [ -113.634162902832003, 31.459997177124102 ], [ -113.656944274902003, 31.4927768707275 ], [ -113.703056335449006, 31.524723052978601 ], [ -113.784446716309006, 31.554998397827301 ], [ -113.777778625487997, 31.5633335113525 ], [ -113.803886413574006, 31.5613727569581 ], [ -113.848335266112997, 31.585556030273601 ], [ -113.840278625487997, 31.587499618530298 ], [ -113.847434997559006, 31.590280532836999 ], [ -113.844444274902003, 31.599723815918001 ], [ -113.875831604004006, 31.5877780914307 ], [ -113.876663208007997, 31.6052761077881 ], [ -113.882499694824006, 31.6030578613282 ], [ -113.876388549805, 31.609443664550799 ], [ -113.897224426269005, 31.599445343017599 ], [ -113.903053283690994, 31.6241664886475 ], [ -113.921943664550994, 31.627222061157202 ], [ -113.91194152832, 31.6124992370606 ], [ -113.920280456542997, 31.601667404174901 ], [ -113.935836791992003, 31.6052761077881 ], [ -113.948608398437003, 31.6230564117432 ], [ -113.958610534667997, 31.6152782440187 ], [ -113.959442138672003, 31.631111145019599 ], [ -113.964721679687997, 31.625553131103501 ], [ -113.968330383300994, 31.633611679077099 ], [ -113.963607788085994, 31.644721984863299 ], [ -113.976951599120994, 31.639715194702099 ], [ -113.975791931152003, 31.652811050415 ], [ -114.017700195312003, 31.711912155151399 ], [ -114.015022277832003, 31.739629745483501 ], [ -113.883483886719006, 31.8466815948487 ], [ -113.868682861327997, 31.869979858398398 ], [ -113.795738220215, 31.937879562377901 ], [ -113.646911621094006, 32.0454711914062 ], [ -113.638122558594006, 32.084899902343899 ], [ -113.668487548827997, 32.143951416015703 ], [ -112.539321899414006, 31.794998168945401 ], [ -112.545196533202997, 31.759740829467798 ], [ -112.537216186522997, 31.7417106628418 ], [ -112.553512573242003, 31.715690612793001 ], [ -112.544136047362997, 31.671901702880898 ], [ -112.526428222655994, 31.647609710693501 ], [ -112.532623291015994, 31.6273708343506 ], [ -112.525497436522997, 31.5937099456788 ], [ -112.533065795897997, 31.533109664916999 ], [ -112.510818481445, 31.476121902465898 ], [ -112.513366699219006, 31.4357299804688 ], [ -112.576370239257997, 31.3649806976319 ], [ -112.593933105469006, 31.314121246337901 ], [ -112.627647399902003, 31.330551147461101 ], [ -112.719673156737997, 31.308641433715898 ], [ -112.729110717772997, 31.2931308746338 ], [ -112.726806640625, 31.252281188964901 ], [ -112.787742614745994, 31.215620040893601 ], [ -112.804466247559006, 31.155099868774499 ], [ -112.853378295897997, 31.104379653930799 ], [ -112.909606933594006, 31.0163898468018 ], [ -112.95140838623, 30.9823207855225 ], [ -112.976852416992003, 30.9450397491456 ], [ -113.007553100585994, 30.927900314331101 ], [ -113.055557250977003, 30.878099441528398 ], [ -113.108329772949006, 30.860460281371999 ], [ -113.093330383300994, 30.9638862609863 ], [ -113.128890991210994, 31.056667327880898 ], [ -113.123336791992003, 31.065555572509801 ], [ -113.114440917969006, 31.0363883972168 ], [ -113.106391906737997, 31.030834197998001 ], [ -113.105834960937997, 31.019998550415099 ], [ -113.098892211914006, 31.011388778686602 ], [ -113.096664428710994, 30.9958305358887 ], [ -113.088607788085994, 30.9827785491944 ], [ -113.090225219727003, 30.991176605224599 ], [ -113.05638885498, 31.032497406006001 ], [ -113.054725646972997, 31.0680541992188 ], [ -113.074996948242003, 31.136110305786101 ], [ -113.07527923584, 31.144443511962901 ], [ -113.068336486815994, 31.138334274291999 ], [ -113.06916809082, 31.144443511962901 ], [ -113.076942443847997, 31.1524982452393 ], [ -113.065277099609006, 31.151945114135899 ], [ -113.061111450195, 31.1569442749025 ], [ -113.086669921875, 31.157499313354599 ], [ -113.101669311522997, 31.1986103057862 ], [ -113.115280151367003, 31.209722518921001 ], [ -113.122779846190994, 31.208612442016602 ], [ -113.128608703612997, 31.216110229492301 ], [ -113.132225036620994, 31.215833663940501 ], [ -113.129447937012003, 31.209999084472798 ], [ -113.114723205565994, 31.1986103057862 ], [ -113.113334655762003, 31.1836128234863 ], [ -113.189445495605, 31.218887329101602 ], [ -113.209167480469006, 31.2355556488037 ], [ -113.216667175292997, 31.259721755981399 ], [ -113.232223510742003, 31.267778396606499 ], [ -113.241943359375, 31.2627773284913 ], [ -113.253608703612997, 31.2761135101319 ], [ -113.251388549805, 31.281665802001999 ], [ -113.25611114502, 31.285278320312599 ], [ -113.253608703612997, 31.278888702392599 ], [ -113.260559082030994, 31.2808341979982 ], [ -113.252502441405994, 31.261390686035199 ], [ -113.271667480469006, 31.2608337402344 ], [ -113.274169921875, 31.258333206176701 ], [ -113.22110748291, 31.245832443237202 ], [ -113.226387023925994, 31.239444732666101 ] ] ] }, { "type": "Polygon", "coordinates": [ [ [ -113.970275878905994, 31.632223129272599 ], [ -113.967781066894005, 31.630556106567401 ], [ -113.965278625487997, 31.618888854980501 ], [ -113.974166870117003, 31.625278472900401 ], [ -113.974998474120994, 31.636667251586999 ], [ -113.968612670897997, 31.640556335449201 ], [ -113.970275878905994, 31.632223129272599 ] ] ] }, { "type": "Polygon", "coordinates": [ [ [ -113.926940917969006, 31.5916671752931 ], [ -113.92805480957, 31.588333129882901 ], [ -113.931114196777003, 31.590555191040199 ], [ -113.930274963379006, 31.591388702392699 ], [ -113.926940917969006, 31.5916671752931 ] ] ] }, { "type": "Polygon", "coordinates": [ [ [ -113.127220153809006, 31.212499618530298 ], [ -113.126663208007997, 31.210556030273601 ], [ -113.129722595215, 31.214445114135799 ], [ -113.128890991210994, 31.214721679687599 ], [ -113.127220153809006, 31.212499618530298 ] ] ] }, { "type": "Polygon", "coordinates": [ [ [ -113.248611450195, 31.019168853759901 ], [ -113.243057250977003, 31.0155563354493 ], [ -113.242500305175994, 31.004722595214901 ], [ -113.250274658202997, 31.019443511962901 ], [ -113.249168395995994, 31.021390914916999 ], [ -113.248611450195, 31.019168853759901 ] ] ] } ] } },
{ "type": "Feature", "properties": { "NAME_1": "Sonora", "NAME_2": "Quiriego" }, "geometry": { "type": "Polygon", "coordinates": [ [ [ -109.162628173827997, 27.310831069946399 ], [ -109.176612854004006, 27.285882949829201 ], [ -109.182823181152003, 27.288278579711999 ], [ -109.235046386719006, 27.333219528198299 ], [ -109.272720336914006, 27.3413009643556 ], [ -109.308242797852003, 27.373899459838999 ], [ -109.354057312012003, 27.340311050415 ], [ -109.356002807617003, 27.3234596252443 ], [ -109.383743286132997, 27.291612625121999 ], [ -109.445732116699006, 27.3165912628175 ], [ -109.471672058105, 27.346168518066399 ], [ -109.475982666015994, 27.387090682983398 ], [ -109.510238647460994, 27.418979644775401 ], [ -109.506828308105, 27.455511093139801 ], [ -109.477821350097997, 27.470760345458899 ], [ -109.515022277832003, 27.498960494995199 ], [ -109.523712158202997, 27.531549453735501 ], [ -109.520278930664006, 27.557661056518601 ], [ -109.541130065917997, 27.5830802917482 ], [ -109.533836364745994, 27.631839752197301 ], [ -109.556091308594006, 27.703229904174901 ], [ -109.5078125, 27.755540847778299 ], [ -109.50373840332, 27.850679397583001 ], [ -109.476692199707003, 27.8690509796143 ], [ -109.465072631835994, 27.861549377441399 ], [ -109.459777832030994, 27.828609466552699 ], [ -109.450119018555, 27.815160751342798 ], [ -109.391548156737997, 27.8255805969238 ], [ -109.36808013916, 27.8212604522706 ], [ -109.296501159667997, 27.777839660644599 ], [ -109.282196044922003, 27.728969573974702 ], [ -109.210571289062003, 27.7088928222656 ], [ -109.176856994629006, 27.712980270385799 ], [ -109.145492553710994, 27.738990783691499 ], [ -109.108512878417997, 27.736190795898398 ], [ -109.083229064940994, 27.7784309387207 ], [ -109.060516357422003, 27.792209625244102 ], [ -109.040969848632997, 27.824752807617202 ], [ -108.989723205565994, 27.801820755005 ], [ -108.972328186035, 27.8222980499268 ], [ -108.962600708007997, 27.812339782714801 ], [ -108.94287109375, 27.763071060180799 ], [ -108.953666687012003, 27.733690261840898 ], [ -108.971900939940994, 27.7209796905518 ], [ -108.949447631835994, 27.6957302093506 ], [ -108.957176208495994, 27.672359466552798 ], [ -108.97811126709, 27.6467399597169 ], [ -108.967620849609006, 27.645891189575298 ], [ -108.940826416015994, 27.6651210784913 ], [ -108.922027587890994, 27.6609497070313 ], [ -108.914436340332003, 27.649951934814499 ], [ -108.92601776123, 27.6107997894288 ], [ -108.975570678710994, 27.575109481811602 ], [ -108.974426269530994, 27.569360733032202 ], [ -108.941772460937997, 27.562902450561602 ], [ -108.909378051757997, 27.586009979248001 ], [ -108.883262634277003, 27.5908927917482 ], [ -108.876792907715, 27.586980819702099 ], [ -108.879249572754006, 27.574110031128001 ], [ -108.91382598877, 27.557950973510899 ], [ -108.908081054687003, 27.5472507476807 ], [ -108.884231567382997, 27.555419921875 ], [ -108.89331817627, 27.530740737915199 ], [ -108.880676269530994, 27.513162612915099 ], [ -108.953407287597997, 27.453039169311602 ], [ -108.977981567382997, 27.446151733398501 ], [ -109.015617370605, 27.420932769775501 ], [ -109.03524017334, 27.422010421752901 ], [ -109.031791687012003, 27.393579483032301 ], [ -109.111717224120994, 27.402450561523398 ], [ -109.126602172852003, 27.374008178710898 ], [ -109.14729309082, 27.3625812530518 ], [ -109.162628173827997, 27.310831069946399 ] ] ] } },
{ "type": "Feature", "properties": { "NAME_1": "Sonora", "NAME_2": "Rayón" }, "geometry": { "type": "Polygon", "coordinates": [ [ [ -110.635429382324006, 29.876689910888601 ], [ -110.571472167969006, 29.909500122070401 ], [ -110.490303039550994, 29.9155292510987 ], [ -110.435279846190994, 29.892671585083001 ], [ -110.426521301269005, 29.864019393920898 ], [ -110.393997192382997, 29.830570220947301 ], [ -110.35856628418, 29.8237915039062 ], [ -110.314422607422003, 29.835229873657301 ], [ -110.304382324219006, 29.815851211547901 ], [ -110.308357238769005, 29.793119430541999 ], [ -110.274040222167997, 29.756259918212901 ], [ -110.259498596190994, 29.754922866821399 ], [ -110.257125854492003, 29.744440078735501 ], [ -110.301567077637003, 29.725160598755 ], [ -110.328239440917997, 29.739589691162099 ], [ -110.39372253418, 29.743089675903398 ], [ -110.40217590332, 29.7205715179443 ], [ -110.416175842285, 29.709270477294901 ], [ -110.458686828612997, 29.740980148315401 ], [ -110.473220825195, 29.737350463867301 ], [ -110.483016967772997, 29.7050895690918 ], [ -110.506790161132997, 29.7003803253175 ], [ -110.52530670166, 29.675159454345799 ], [ -110.509216308594006, 29.6557312011718 ], [ -110.514251708984006, 29.6397209167481 ], [ -110.499221801757997, 29.6202907562256 ], [ -110.505355834960994, 29.587989807128999 ], [ -110.556976318359006, 29.552101135253999 ], [ -110.590042114257997, 29.547220230102699 ], [ -110.635749816894005, 29.572200775146499 ], [ -110.659568786620994, 29.574211120605501 ], [ -110.67643737793, 29.606410980224702 ], [ -110.676162719727003, 29.6226997375488 ], [ -110.690437316895, 29.631612777710099 ], [ -110.695686340332003, 29.663509368896499 ], [ -110.73567199707, 29.6727828979493 ], [ -110.755256652832003, 29.694721221923899 ], [ -110.74015045166, 29.714410781860401 ], [ -110.739082336425994, 29.731380462646499 ], [ -110.767456054687003, 29.813512802124102 ], [ -110.73787689209, 29.869119644165099 ], [ -110.704277038574006, 29.888910293579102 ], [ -110.669311523437003, 29.879440307617301 ], [ -110.657371520995994, 29.862430572509801 ], [ -110.635429382324006, 29.876689910888601 ] ] ] } },
{ "type": "Feature", "properties": { "NAME_1": "Sonora", "NAME_2": "Rosario" }, "geometry": { "type": "Polygon", "coordinates": [ [ [ -109.536010742187997, 28.34135055542 ], [ -109.506927490234006, 28.3496704101563 ], [ -109.485603332519005, 28.375940322875898 ], [ -109.475616455077997, 28.374790191650501 ], [ -109.472152709960994, 28.351600646972699 ], [ -109.42700958252, 28.370780944824201 ], [ -109.404823303222997, 28.361700057983501 ], [ -109.388816833495994, 28.333839416503999 ], [ -109.270896911620994, 28.314338684081999 ], [ -109.229957580565994, 28.2725524902344 ], [ -109.217666625977003, 28.2787094116212 ], [ -109.214607238769005, 28.297279357910298 ], [ -109.204071044922003, 28.306909561157202 ], [ -109.151962280272997, 28.300119400024499 ], [ -109.112892150879006, 28.310621261596602 ], [ -109.061813354492003, 28.272790908813501 ], [ -109.033157348632997, 28.215410232543899 ], [ -108.960922241210994, 28.17094039917 ], [ -108.959701538085994, 28.146560668945401 ], [ -108.984916687012003, 28.101261138916101 ], [ -108.981590270995994, 28.06768989563 ], [ -108.952560424805, 28.038030624389801 ], [ -108.895767211914006, 28.022609710693398 ], [ -108.852149963379006, 27.953720092773501 ], [ -108.90950012207, 27.9445495605469 ], [ -108.96053314209, 27.908279418945298 ], [ -108.977111816405994, 27.859809875488299 ], [ -108.972328186035, 27.8222980499268 ], [ -108.985206604004006, 27.802780151367202 ], [ -109.040969848632997, 27.824752807617202 ], [ -109.060516357422003, 27.792209625244102 ], [ -109.083229064940994, 27.7784309387207 ], [ -109.101272583007997, 27.741880416870099 ], [ -109.12198638916, 27.732990264892699 ], [ -109.145492553710994, 27.738990783691499 ], [ -109.185333251952997, 27.7104797363281 ], [ -109.234619140625, 27.712490081787099 ], [ -109.278060913085994, 27.7263507843018 ], [ -109.296501159667997, 27.777839660644599 ], [ -109.36808013916, 27.8212604522706 ], [ -109.391548156737997, 27.8255805969238 ], [ -109.450119018555, 27.815160751342798 ], [ -109.459777832030994, 27.828609466552699 ], [ -109.465072631835994, 27.861549377441399 ], [ -109.485511779785, 27.884099960327301 ], [ -109.488639831542997, 27.909431457519599 ], [ -109.501472473144005, 27.920610427856602 ], [ -109.502693176269005, 27.937641143798899 ], [ -109.515823364257997, 27.947208404541101 ], [ -109.515502929687997, 27.9628505706788 ], [ -109.563659667969006, 27.998971939086999 ], [ -109.572647094727003, 28.019531250000099 ], [ -109.60521697998, 28.052000045776399 ], [ -109.611389160155994, 28.070920944213899 ], [ -109.606163024902003, 28.1242904663087 ], [ -109.582656860352003, 28.187271118164102 ], [ -109.577667236327997, 28.226938247680799 ], [ -109.533889770507997, 28.264318466186499 ], [ -109.527206420897997, 28.2829895019532 ], [ -109.540840148925994, 28.322891235351602 ], [ -109.536010742187997, 28.34135055542 ] ] ] } },
{ "type": "Feature", "properties": { "NAME_1": "Sonora", "NAME_2": "Sahuaripa" }, "geometry": { "type": "Polygon", "coordinates": [ [ [ -109.262672424315994, 29.204540252685501 ], [ -109.296058654785, 29.255750656127901 ], [ -109.309127807617003, 29.331800460815501 ], [ -109.468193054199006, 29.563949584961101 ], [ -109.447631835937997, 29.565860748291001 ], [ -109.441566467285, 29.581100463867301 ], [ -109.413139343262003, 29.572700500488398 ], [ -109.391716003417997, 29.579179763793999 ], [ -109.369079589844006, 29.557359695434499 ], [ -109.279777526855, 29.5390224456788 ], [ -109.243690490722997, 29.5100803375244 ], [ -109.18879699707, 29.493911743164102 ], [ -109.144897460937997, 29.459022521972798 ], [ -109.107887268065994, 29.443891525268601 ], [ -109.043617248535, 29.4386291503907 ], [ -108.986091613769005, 29.399749755859499 ], [ -108.963920593262003, 29.392879486083999 ], [ -108.926322937012003, 29.358470916748001 ], [ -108.870056152344006, 29.374519348144599 ], [ -108.846031188965, 29.355518341064499 ], [ -108.828132629395, 29.3773307800294 ], [ -108.8046875, 29.342191696166999 ], [ -108.787033081055, 29.3660697937013 ], [ -108.7734375, 29.370990753173899 ], [ -108.762130737305, 29.353441238403398 ], [ -108.735908508300994, 29.341680526733501 ], [ -108.718940734862997, 29.316400527954201 ], [ -108.690727233887003, 29.312562942504901 ], [ -108.658157348632997, 29.277109146118299 ], [ -108.501586914062003, 29.268730163574201 ], [ -108.497436523437003, 29.1981296539307 ], [ -108.551170349120994, 29.177852630615199 ], [ -108.561912536620994, 29.1670608520507 ], [ -108.56965637207, 29.137008666992202 ], [ -108.565795898437003, 29.0725708007813 ], [ -108.616203308105, 29.042341232299801 ], [ -108.62491607666, 29.028551101684599 ], [ -108.624389648437997, 28.993680953979499 ], [ -108.603622436522997, 28.946170806884801 ], [ -108.632843017577997, 28.912479400634901 ], [ -108.639808654785, 28.884750366211101 ], [ -108.622489929199006, 28.816440582275401 ], [ -108.608657836914006, 28.800859451294102 ], [ -108.629470825195, 28.778480529785298 ], [ -108.674446105957003, 28.6845817565919 ], [ -108.669738769530994, 28.641839981079102 ], [ -108.637130737305, 28.5890502929688 ], [ -108.651412963867003, 28.556230545043899 ], [ -108.702423095702997, 28.579128265380799 ], [ -108.741630554199006, 28.6131401062012 ], [ -108.773361206055, 28.6002311706544 ], [ -108.76904296875, 28.57253074646 ], [ -108.789962768555, 28.549371719360401 ], [ -108.808853149414006, 28.553861618041999 ], [ -108.851463317870994, 28.583501815796001 ], [ -108.92308807373, 28.585830688476602 ], [ -108.9482421875, 28.595830917358398 ], [ -108.973960876465, 28.5935783386232 ], [ -109.098831176757997, 28.618629455566499 ], [ -109.128646850585994, 28.634229660034201 ], [ -109.138061523437997, 28.650550842285099 ], [ -109.168312072754006, 28.636360168457099 ], [ -109.238418579102003, 28.637620925903398 ], [ -109.223731994629006, 28.667060852050799 ], [ -109.181053161620994, 28.70512008667 ], [ -109.191223144530994, 28.712142944336101 ], [ -109.239646911620994, 28.713439941406399 ], [ -109.235420227050994, 28.761949539184702 ], [ -109.255355834960994, 28.833732604980501 ], [ -109.248092651367003, 28.9544410705568 ], [ -109.266967773437997, 28.9793300628662 ], [ -109.316513061522997, 29.010229110717699 ], [ -109.334190368652003, 29.058248519897599 ], [ -109.310638427734006, 29.0959796905518 ], [ -109.245613098145, 29.121721267700099 ], [ -109.262672424315994, 29.204540252685501 ] ] ] } },
{ "type": "Feature", "properties": { "NAME_1": "Sonora", "NAME_2": "San Felipe de Jesús" }, "geometry": { "type": "Polygon", "coordinates": [ [ [ -110.429176330565994, 29.8833408355713 ], [ -110.369979858397997, 29.8938312530518 ], [ -110.340606689452997, 29.891241073608299 ], [ -110.333740234375, 29.907890319824201 ], [ -110.317329406737997, 29.912820816040099 ], [ -110.212966918945, 29.881740570068398 ], [ -110.177963256835994, 29.889739990234499 ], [ -110.147453308105, 29.879920959472699 ], [ -110.186782836914006, 29.8497829437256 ], [ -110.211967468262003, 29.844841003418001 ], [ -110.247200012207003, 29.845350265503001 ], [ -110.282379150390994, 29.865760803222699 ], [ -110.289016723632997, 29.8449401855468 ], [ -110.35856628418, 29.8237915039062 ], [ -110.402976989745994, 29.836900711059599 ], [ -110.426521301269005, 29.864019393920898 ], [ -110.429176330565994, 29.8833408355713 ] ] ] } },
{ "type": "Feature", "properties": { "NAME_1": "Sonora", "NAME_2": "San Javier" }, "geometry": { "type": "Polygon", "coordinates": [ [ [ -109.608978271484006, 28.481340408325298 ], [ -109.671806335449006, 28.466049194336001 ], [ -109.706428527832003, 28.467159271240199 ], [ -109.73412322998, 28.488349914550799 ], [ -109.759819030762003, 28.4888000488282 ], [ -109.791351318359006, 28.516849517822301 ], [ -109.808082580565994, 28.519470214843899 ], [ -109.792877197265994, 28.5518398284913 ], [ -109.812088012695, 28.565071105957099 ], [ -109.813659667969006, 28.581649780273601 ], [ -109.783798217772997, 28.611320495605501 ], [ -109.793792724609006, 28.627500534057699 ], [ -109.822959899902003, 28.6415195465088 ], [ -109.801948547362997, 28.6774406433106 ], [ -109.829231262207003, 28.714450836181701 ], [ -109.825576782227003, 28.730730056762699 ], [ -109.784339904785, 28.7459011077881 ], [ -109.743278503417997, 28.747150421142699 ], [ -109.721389770507997, 28.765132904052699 ], [ -109.70231628418, 28.755399703979599 ], [ -109.671249389647997, 28.754339218139702 ], [ -109.668083190917997, 28.739631652831999 ], [ -109.651596069335994, 28.731510162353601 ], [ -109.643676757812003, 28.7169303894044 ], [ -109.610038757324006, 28.7116107940675 ], [ -109.589828491210994, 28.6770706176757 ], [ -109.585090637207003, 28.647689819335898 ], [ -109.570129394530994, 28.630420684814599 ], [ -109.5947265625, 28.5962219238281 ], [ -109.553451538085994, 28.5783500671388 ], [ -109.560485839844006, 28.568231582641602 ], [ -109.591873168945, 28.5659503936768 ], [ -109.596687316895, 28.548429489135899 ], [ -109.621391296387003, 28.535169601440401 ], [ -109.608978271484006, 28.481340408325298 ] ] ] } },
{ "type": "Feature", "properties": { "NAME_1": "Sonora", "NAME_2": "San Luis Río Colorado" }, "geometry": { "type": "GeometryCollection", "geometries": [ { "type": "Polygon", "coordinates": [ [ [ -114.278221130370994, 31.5463066101075 ], [ -114.325012207030994, 31.582275390625099 ], [ -114.333618164062003, 31.597898483276499 ], [ -114.444725036620994, 31.648889541626001 ], [ -114.463592529297003, 31.670337677002099 ], [ -114.49333190918, 31.6758327484131 ], [ -114.528877258300994, 31.699722290039102 ], [ -114.552780151367003, 31.734167098998999 ], [ -114.586380004882997, 31.753934860229599 ], [ -114.621337890625, 31.7627773284912 ], [ -114.685005187987997, 31.761177062988299 ], [ -114.708183288574006, 31.769464492798001 ], [ -114.726890563965, 31.780187606811602 ], [ -114.756942749022997, 31.816110610961999 ], [ -114.811889648437003, 31.8233032226562 ], [ -114.84619140625, 31.85528755188 ], [ -114.969787597655994, 31.923095703125099 ], [ -114.98828125, 31.9188842773438 ], [ -115.026184082030994, 31.9511108398438 ], [ -115.028503417969006, 31.9625244140625 ], [ -115.002075195312003, 31.984312057495199 ], [ -115.012023925780994, 32.0175170898438 ], [ -114.996704101562003, 32.0667114257813 ], [ -114.994873046875, 32.108520507812599 ], [ -115.006713867187003, 32.147277832031399 ], [ -114.981994628905994, 32.2092895507812 ], [ -114.992370605469006, 32.233093261718899 ], [ -115.0283203125, 32.2612915039063 ], [ -115.039428710937003, 32.284912109375099 ], [ -114.981506347655994, 32.335876464843899 ], [ -114.96556854248, 32.3595199584962 ], [ -114.963500976562003, 32.404907226562599 ], [ -114.94458770752, 32.421749114990298 ], [ -114.945671081542997, 32.438629150390703 ], [ -114.926727294922003, 32.464019775390703 ], [ -114.920593261719006, 32.4912719726563 ], [ -114.870178222655994, 32.492492675781399 ], [ -114.84228515625, 32.4774780273438 ], [ -114.822875976562003, 32.484497070312599 ], [ -114.815460205077997, 32.496078491211001 ], [ -113.668579101562003, 32.1441040039062 ], [ -113.638122558594006, 32.084899902343899 ], [ -113.646911621094006, 32.0454711914062 ], [ -113.795738220215, 31.937879562377901 ], [ -113.868682861327997, 31.869979858398398 ], [ -113.883483886719006, 31.8466815948487 ], [ -113.954963684082003, 31.7942714691163 ], [ -114.018188476562003, 31.733886718750099 ], [ -114.017700195312003, 31.711912155151399 ], [ -113.974189758300994, 31.6469001770019 ], [ -113.980003356934006, 31.6258316040038 ], [ -113.974975585937997, 31.594726562500099 ], [ -113.984664916992003, 31.584144592285199 ], [ -113.995231628417997, 31.592828750610501 ], [ -113.998611450195, 31.589721679687599 ], [ -113.982009887695, 31.576322555542099 ], [ -113.988609313965, 31.571388244628999 ], [ -113.980278015137003, 31.573610305786101 ], [ -113.995277404785, 31.567222595215 ], [ -113.968612670897997, 31.578332901001101 ], [ -113.959762573242003, 31.5614318847657 ], [ -113.979721069335994, 31.5472221374512 ], [ -113.984725952147997, 31.530277252197301 ], [ -114.005836486815994, 31.5236110687256 ], [ -114.013893127440994, 31.536945343017599 ], [ -114.031387329102003, 31.542499542236399 ], [ -114.011901855469006, 31.532777786255 ], [ -114.030830383300994, 31.5091667175294 ], [ -114.019409179687003, 31.520874023437599 ], [ -114.026107788085994, 31.4919452667237 ], [ -114.133888244629006, 31.491666793823399 ], [ -114.17472076416, 31.4988899230956 ], [ -114.278221130370994, 31.5463066101075 ] ] ] }, { "type": "Polygon", "coordinates": [ [ [ -114.803100585937003, 31.787475585937599 ], [ -114.803886413574006, 31.803888320922901 ], [ -114.792221069335994, 31.818611145019599 ], [ -114.751113891602003, 31.806943893432699 ], [ -114.722503662109006, 31.757778167724599 ], [ -114.663055419922003, 31.7199993133544 ], [ -114.643615722655994, 31.6838989257813 ], [ -114.647499084472997, 31.6630554199219 ], [ -114.654724121094006, 31.660833358764801 ], [ -114.687774658202997, 31.6847229003907 ], [ -114.689163208007997, 31.674999237060501 ], [ -114.720275878905994, 31.681110382080099 ], [ -114.771385192870994, 31.708335876464901 ], [ -114.80249786377, 31.747547149658299 ], [ -114.803100585937003, 31.787475585937599 ] ] ] }, { "type": "Polygon", "coordinates": [ [ [ -114.637222290039006, 31.757221221923899 ], [ -114.607177734375, 31.754516601562599 ], [ -114.598083496094006, 31.740867614746101 ], [ -114.607498168945, 31.730831146240199 ], [ -114.626945495605, 31.731946945190501 ], [ -114.676391601562003, 31.7555561065675 ], [ -114.637222290039006, 31.757221221923899 ] ] ] } ] } },
{ "type": "Feature", "properties": { "NAME_1": "Sonora", "NAME_2": "San Miguel de Horcasitas" }, "geometry": { "type": "Polygon", "coordinates": [ [ [ -110.659568786620994, 29.574211120605501 ], [ -110.655891418457003, 29.560922622680799 ], [ -110.623657226562003, 29.538841247558601 ], [ -110.631546020507997, 29.4769611358643 ], [ -110.607086181640994, 29.436502456665099 ], [ -110.621459960937003, 29.417961120605501 ], [ -110.609046936035, 29.360557556152401 ], [ -110.62629699707, 29.353441238403398 ], [ -110.644172668457003, 29.329309463501001 ], [ -110.641258239745994, 29.289421081543001 ], [ -110.65145111084, 29.2712802886963 ], [ -110.669227600097997, 29.267410278320298 ], [ -110.696449279785, 29.279199600219801 ], [ -110.727996826172003, 29.276758193969801 ], [ -110.743019104004006, 29.332330703735401 ], [ -110.7607421875, 29.3391628265381 ], [ -110.78466796875, 29.3331699371338 ], [ -110.815170288085994, 29.298950195312599 ], [ -110.845916748047003, 29.307630538940401 ], [ -110.8603515625, 29.295291900634901 ], [ -110.954216003417997, 29.296470642089901 ], [ -110.971122741699006, 29.314430236816499 ], [ -111.002098083495994, 29.301549911498999 ], [ -111.020156860352003, 29.306888580322301 ], [ -111.051376342772997, 29.302150726318501 ], [ -111.046546936035, 29.338132858276399 ], [ -111.026573181152003, 29.373901367187599 ], [ -111.040939331055, 29.456010818481499 ], [ -110.870719909667997, 29.4650993347168 ], [ -110.836669921875, 29.481571197509801 ], [ -110.844528198242003, 29.506290435791001 ], [ -110.835136413574006, 29.532819747924901 ], [ -110.850273132324006, 29.632022857666001 ], [ -110.840156555175994, 29.656192779541101 ], [ -110.840896606445, 29.6971206665038 ], [ -110.82258605957, 29.6998596191407 ], [ -110.812812805175994, 29.6709899902343 ], [ -110.796112060547003, 29.6613998413087 ], [ -110.769866943359006, 29.665018081665099 ], [ -110.755592346190994, 29.699022293090898 ], [ -110.742286682129006, 29.676530838012798 ], [ -110.701766967772997, 29.667720794677798 ], [ -110.659568786620994, 29.574211120605501 ] ] ] } },
{ "type": "Feature", "properties": { "NAME_1": "Sonora", "NAME_2": "San Pedro de la Cueva" }, "geometry": { "type": "Polygon", "coordinates": [ [ [ -109.770751953125, 28.970731735229599 ], [ -109.792831420897997, 28.995161056518501 ], [ -109.837661743164006, 29.016050338745199 ], [ -109.858329772949006, 29.050270080566499 ], [ -109.862686157227003, 29.103031158447401 ], [ -109.884941101074006, 29.118030548095799 ], [ -109.898147583007997, 29.139530181884801 ], [ -109.88720703125, 29.196170806884801 ], [ -109.902770996094006, 29.2492294311525 ], [ -109.880378723145, 29.292140960693398 ], [ -109.835960388184006, 29.337642669677798 ], [ -109.839172363280994, 29.3590908050537 ], [ -109.843612670897997, 29.3668727874757 ], [ -109.874328613280994, 29.3667812347412 ], [ -109.94132232666, 29.4239597320557 ], [ -109.978080749512003, 29.4261875152588 ], [ -109.986328125, 29.454959869384901 ], [ -109.971740722655994, 29.4927291870118 ], [ -109.98494720459, 29.533201217651499 ], [ -109.965812683105, 29.541112899780298 ], [ -109.921546936035, 29.539550781250099 ], [ -109.903877258300994, 29.559259414672798 ], [ -109.873252868652003, 29.5412502288818 ], [ -109.84398651123, 29.547140121460099 ], [ -109.804176330565994, 29.5424499511719 ], [ -109.738082885742003, 29.509019851684599 ], [ -109.705917358397997, 29.5069904327394 ], [ -109.708137512207003, 29.499191284179702 ], [ -109.738876342772997, 29.483329772949201 ], [ -109.755706787109006, 29.4498081207275 ], [ -109.751953125, 29.429290771484499 ], [ -109.760116577147997, 29.411701202392599 ], [ -109.705688476562003, 29.365619659423899 ], [ -109.569351196289006, 29.347900390625 ], [ -109.536926269530994, 29.292070388793899 ], [ -109.501731872559006, 29.2819519042969 ], [ -109.419403076172003, 29.2923107147218 ], [ -109.384552001952997, 29.276170730590898 ], [ -109.354263305664006, 29.274269104003899 ], [ -109.298721313475994, 29.286331176757798 ], [ -109.296058654785, 29.255750656127901 ], [ -109.262672424315994, 29.204540252685501 ], [ -109.291847229004006, 29.208259582519499 ], [ -109.319625854492003, 29.200759887695401 ], [ -109.354766845702997, 29.1673698425293 ], [ -109.420486450195, 29.132360458373999 ], [ -109.439453125, 29.0914115905763 ], [ -109.413726806640994, 29.085161209106399 ], [ -109.40225982666, 29.095560073852699 ], [ -109.396476745605, 29.084358215332099 ], [ -109.417472839355, 29.0753097534181 ], [ -109.44563293457, 29.084430694580099 ], [ -109.453956604004006, 29.0388698577881 ], [ -109.474533081055, 29.030031204223601 ], [ -109.477699279785, 28.986169815063501 ], [ -109.495796203612997, 28.981079101562599 ], [ -109.503807067870994, 28.9476203918456 ], [ -109.518035888672003, 28.936670303344801 ], [ -109.525115966797003, 28.895851135253899 ], [ -109.55623626709, 28.915952682495199 ], [ -109.593078613280994, 28.960138320923001 ], [ -109.656730651855, 28.981941223144599 ], [ -109.6826171875, 28.983722686767599 ], [ -109.730987548827997, 28.963769912719801 ], [ -109.770751953125, 28.970731735229599 ] ] ] } },
{ "type": "Feature", "properties": { "NAME_1": "Sonora", "NAME_2": "Santa Ana" }, "geometry": { "type": "Polygon", "coordinates": [ [ [ -111.161476135254006, 30.447731018066499 ], [ -111.167572021484006, 30.473331451416001 ], [ -111.186309814452997, 30.458311080932599 ], [ -111.205757141112997, 30.463130950927798 ], [ -111.217567443847997, 30.475341796875 ], [ -111.200080871582003, 30.509050369262798 ], [ -111.219856262207003, 30.520780563354499 ], [ -111.209739685059006, 30.545700073242099 ], [ -111.241645812987997, 30.597511291503999 ], [ -111.251396179199006, 30.6391906738281 ], [ -111.24382019043, 30.650720596313501 ], [ -111.179496765137003, 30.677310943603601 ], [ -111.111236572265994, 30.682920455932699 ], [ -111.063682556152003, 30.658290863037202 ], [ -111.046897888182997, 30.630420684814599 ], [ -111.045921325684006, 30.613130569458001 ], [ -111.032775878905994, 30.599769592285199 ], [ -110.983757019042997, 30.586620330810501 ], [ -110.975135803222997, 30.548110961914102 ], [ -110.986991882324006, 30.509822845458999 ], [ -110.982681274414006, 30.503129959106499 ], [ -110.932151794434006, 30.495010375976602 ], [ -110.860649108887003, 30.451749801635899 ], [ -110.816696166992003, 30.464130401611399 ], [ -110.787956237792997, 30.4534397125244 ], [ -110.777076721190994, 30.452259063720799 ], [ -110.76708984375, 30.4621696472169 ], [ -110.762268066405994, 30.457080841064599 ], [ -110.760223388672003, 30.4351310729982 ], [ -110.816482543945, 30.406389236450298 ], [ -110.809967041015994, 30.389280319213899 ], [ -110.780158996582003, 30.3751106262207 ], [ -110.776130676269005, 30.332799911498999 ], [ -110.760223388672003, 30.297599792480501 ], [ -110.760452270507997, 30.210620880127099 ], [ -110.79419708252, 30.225080490112301 ], [ -110.896507263182997, 30.2147102355957 ], [ -110.907173156737997, 30.263299942016602 ], [ -110.923500061035, 30.283439636230401 ], [ -110.938400268555, 30.2876205444337 ], [ -110.966171264647997, 30.2740192413331 ], [ -110.996307373047003, 30.2923183441163 ], [ -111.011077880859006, 30.349861145019499 ], [ -111.030517578125, 30.357030868530298 ], [ -111.094223022460994, 30.349420547485501 ], [ -111.098106384277003, 30.372280120849599 ], [ -111.073547363280994, 30.3891410827638 ], [ -111.095558166504006, 30.415460586548001 ], [ -111.123062133789006, 30.429990768432699 ], [ -111.120452880859006, 30.464841842651399 ], [ -111.161476135254006, 30.447731018066499 ] ] ] } },
{ "type": "Feature", "properties": { "NAME_1": "Sonora", "NAME_2": "Santa Cruz" }, "geometry": { "type": "Polygon", "coordinates": [ [ [ -110.823760986327997, 31.331253051757901 ], [ -110.364151000977003, 31.3318805694581 ], [ -110.346572875977003, 31.2964782714844 ], [ -110.321708679199006, 31.2818107604982 ], [ -110.35555267334, 31.2441215515137 ], [ -110.387420654297003, 31.232950210571399 ], [ -110.421752929687003, 31.199060440063501 ], [ -110.44255065918, 31.156669616699201 ], [ -110.443367004395, 31.098140716552798 ], [ -110.463302612305, 31.053861618041999 ], [ -110.481956481934006, 31.044660568237301 ], [ -110.531669616699006, 31.044742584228601 ], [ -110.588012695312003, 31.0176601409913 ], [ -110.631736755370994, 31.065998077392599 ], [ -110.757919311522997, 31.1449508666993 ], [ -110.761596679687997, 31.162660598754901 ], [ -110.743827819824006, 31.192480087280298 ], [ -110.736457824707003, 31.268051147460898 ], [ -110.756820678710994, 31.275711059570401 ], [ -110.771766662597997, 31.299890518188601 ], [ -110.803016662597997, 31.3047904968262 ], [ -110.823760986327997, 31.331253051757901 ] ] ] } },
{ "type": "Feature", "properties": { "NAME_1": "Sonora", "NAME_2": "Sáric" }, "geometry": { "type": "Polygon", "coordinates": [ [ [ -111.310096740722997, 31.101049423217901 ], [ -111.358978271484006, 31.043420791626001 ], [ -111.368560791015994, 31.0220127105712 ], [ -111.367897033690994, 30.971429824829201 ], [ -111.378257751465, 30.969789505004901 ], [ -111.472160339355, 31.067420959472699 ], [ -111.477752685547003, 31.088319778442401 ], [ -111.506500244140994, 31.0877494812012 ], [ -111.535736083984006, 31.063270568847699 ], [ -111.574691772460994, 31.067930221557599 ], [ -111.588798522949006, 31.087869644165 ], [ -111.609657287597997, 31.093290328979499 ], [ -111.658348083495994, 31.1291618347169 ], [ -111.661186218262003, 31.1634006500244 ], [ -111.642936706542997, 31.216842651367301 ], [ -111.610916137695, 31.250310897827202 ], [ -111.600326538085994, 31.277040481567401 ], [ -111.578918457030994, 31.2893295288087 ], [ -111.554122924805, 31.349752426147599 ], [ -111.577178955077997, 31.3826198577881 ], [ -111.616081237792997, 31.403930664062599 ], [ -111.641426086425994, 31.4465007781982 ], [ -111.688667297362997, 31.4724006652832 ], [ -111.697647094727003, 31.5076408386232 ], [ -111.687202453612997, 31.5267524719238 ], [ -111.172500610350994, 31.361680984497202 ], [ -111.182823181152003, 31.342439651489201 ], [ -111.181137084960994, 31.316921234131001 ], [ -111.193626403809006, 31.2959804534913 ], [ -111.194938659667997, 31.273210525512599 ], [ -111.273948669434006, 31.234420776367301 ], [ -111.287796020507997, 31.215539932251001 ], [ -111.291976928710994, 31.189550399780401 ], [ -111.235153198242003, 31.176580429077301 ], [ -111.222496032715, 31.163511276245199 ], [ -111.278762817382997, 31.135339736938501 ], [ -111.310096740722997, 31.101049423217901 ] ] ] } },
{ "type": "Feature", "properties": { "NAME_1": "Sonora", "NAME_2": "Soyopa" }, "geometry": { "type": "Polygon", "coordinates": [ [ [ -109.74983215332, 28.749088287353501 ], [ -109.74040222168, 28.779199600219702 ], [ -109.753112792969006, 28.808731079101602 ], [ -109.752166748047003, 28.870109558105501 ], [ -109.759826660155994, 28.886960983276499 ], [ -109.777336120605, 28.896650314331101 ], [ -109.775459289550994, 28.917230606079201 ], [ -109.791526794434006, 28.9378890991212 ], [ -109.788551330565994, 28.961429595947301 ], [ -109.770751953125, 28.970731735229599 ], [ -109.730987548827997, 28.963769912719801 ], [ -109.675186157227003, 28.984910964965898 ], [ -109.593078613280994, 28.960138320923001 ], [ -109.55623626709, 28.915952682495199 ], [ -109.525115966797003, 28.895851135253899 ], [ -109.379592895507997, 28.691390991210898 ], [ -109.369895935059006, 28.661199569702099 ], [ -109.340461730957003, 28.640569686889801 ], [ -109.332412719727003, 28.585380554199201 ], [ -109.305076599120994, 28.5295009613038 ], [ -109.351921081542997, 28.537530899047901 ], [ -109.42253112793, 28.59547996521 ], [ -109.470100402832003, 28.592809677124102 ], [ -109.503776550292997, 28.610889434814499 ], [ -109.517593383789006, 28.6062412261963 ], [ -109.530166625977003, 28.555610656738299 ], [ -109.596687316895, 28.548429489135899 ], [ -109.591873168945, 28.5659503936768 ], [ -109.560485839844006, 28.568231582641602 ], [ -109.553451538085994, 28.5783500671388 ], [ -109.5947265625, 28.5962219238281 ], [ -109.570129394530994, 28.630420684814599 ], [ -109.585090637207003, 28.647689819335898 ], [ -109.589828491210994, 28.6770706176757 ], [ -109.606941223144005, 28.707880020141602 ], [ -109.643676757812003, 28.7169303894044 ], [ -109.651596069335994, 28.731510162353601 ], [ -109.668083190917997, 28.739631652831999 ], [ -109.671249389647997, 28.754339218139702 ], [ -109.683029174805, 28.758930206298899 ], [ -109.70231628418, 28.755399703979599 ], [ -109.721389770507997, 28.765132904052699 ], [ -109.739295959472997, 28.748468399047901 ], [ -109.74983215332, 28.749088287353501 ] ] ] } },
{ "type": "Feature", "properties": { "NAME_1": "Sonora", "NAME_2": "Suaqui Grande" }, "geometry": { "type": "Polygon", "coordinates": [ [ [ -110.06714630127, 28.4634609222412 ], [ -109.959838867187997, 28.4639911651612 ], [ -109.881950378417997, 28.4845504760743 ], [ -109.808082580565994, 28.519470214843899 ], [ -109.791351318359006, 28.516849517822301 ], [ -109.759819030762003, 28.4888000488282 ], [ -109.73412322998, 28.488349914550799 ], [ -109.706428527832003, 28.467159271240199 ], [ -109.671806335449006, 28.466049194336001 ], [ -109.619186401367003, 28.483810424804801 ], [ -109.59635925293, 28.467590332031399 ], [ -109.597030639647997, 28.4462890625 ], [ -109.570411682129006, 28.4091396331788 ], [ -109.566482543945, 28.381799697876101 ], [ -109.54955291748, 28.3736782073975 ], [ -109.547126770019005, 28.337671279907202 ], [ -109.594749450684006, 28.305690765380898 ], [ -109.619895935059006, 28.307180404663001 ], [ -109.68839263916, 28.273820877075298 ], [ -109.731880187987997, 28.270570755004901 ], [ -109.77596282959, 28.291629791259901 ], [ -109.800659179687997, 28.285640716552699 ], [ -109.835426330565994, 28.256780624389801 ], [ -109.84977722168, 28.215459823608398 ], [ -109.871086120605, 28.210830688476602 ], [ -109.952758789062003, 28.277019500732401 ], [ -110.004013061522997, 28.289421081543001 ], [ -110.036338806152003, 28.318460464477599 ], [ -110.048492431640994, 28.344539642333999 ], [ -110.01513671875, 28.3732299804687 ], [ -110.015632629395, 28.422630310058501 ], [ -110.021507263182997, 28.432550430298001 ], [ -110.06120300293, 28.447269439697401 ], [ -110.06714630127, 28.4634609222412 ] ] ] } },
{ "type": "Feature", "properties": { "NAME_1": "Sonora", "NAME_2": "Tepache" }, "geometry": { "type": "Polygon", "coordinates": [ [ [ -109.298721313475994, 29.286331176757798 ], [ -109.354263305664006, 29.274269104003899 ], [ -109.384552001952997, 29.276170730590898 ], [ -109.419403076172003, 29.2923107147218 ], [ -109.493759155272997, 29.281440734863299 ], [ -109.527679443359006, 29.287879943847699 ], [ -109.550476074219006, 29.309392929077202 ], [ -109.569351196289006, 29.347900390625 ], [ -109.61466217041, 29.3584308624268 ], [ -109.698013305664006, 29.363040924072202 ], [ -109.715446472167997, 29.371282577514801 ], [ -109.759880065917997, 29.408449172973601 ], [ -109.751373291015994, 29.434829711914201 ], [ -109.755706787109006, 29.4498081207275 ], [ -109.734039306640994, 29.488260269165199 ], [ -109.708137512207003, 29.499191284179702 ], [ -109.705917358397997, 29.5069904327394 ], [ -109.656303405762003, 29.519109725952099 ], [ -109.640556335449006, 29.545619964599599 ], [ -109.618286132812003, 29.558670043945298 ], [ -109.602333068847997, 29.5798110961913 ], [ -109.572128295897997, 29.587419509887798 ], [ -109.536636352539006, 29.569339752197301 ], [ -109.468193054199006, 29.563949584961101 ], [ -109.309127807617003, 29.331800460815501 ], [ -109.298721313475994, 29.286331176757798 ] ] ] } },
{ "type": "Feature", "properties": { "NAME_1": "Sonora", "NAME_2": "Trincheras" }, "geometry": { "type": "Polygon", "coordinates": [ [ [ -111.161476135254006, 30.447731018066499 ], [ -111.203559875487997, 30.362251281738299 ], [ -111.199340820312003, 30.332920074463001 ], [ -111.211410522460994, 30.311178207397599 ], [ -111.210098266602003, 30.2769775390625 ], [ -111.221412658690994, 30.257770538330199 ], [ -111.219779968262003, 30.211280822753999 ], [ -111.236717224120994, 30.197597503662202 ], [ -111.268409729004006, 30.2002983093262 ], [ -111.334007263184006, 30.170480728149499 ], [ -111.323272705077997, 30.154541015625 ], [ -111.345596313477003, 30.141731262206999 ], [ -111.347923278809006, 30.127590179443398 ], [ -111.332679748535, 30.115129470825199 ], [ -111.322166442870994, 30.086671829223601 ], [ -111.302680969237997, 30.073520660400501 ], [ -111.289520263672003, 30.041110992431602 ], [ -111.515640258789006, 30.043291091919102 ], [ -111.534507751465, 30.006029129028299 ], [ -111.537117004395, 29.965600967407301 ], [ -111.545387268065994, 29.954149246215799 ], [ -111.567337036132997, 29.993959426879901 ], [ -111.605606079102003, 30.030139923095799 ], [ -111.630271911620994, 30.068950653076101 ], [ -111.665885925292997, 30.0949001312257 ], [ -111.70361328125, 30.107120513916001 ], [ -111.706130981445, 30.141670227050898 ], [ -111.732086181640994, 30.149339675903398 ], [ -111.782577514647997, 30.134048461914201 ], [ -111.808311462402003, 30.146800994873001 ], [ -111.803596496582003, 30.179330825805799 ], [ -111.759956359862997, 30.230712890625099 ], [ -111.784027099609006, 30.335172653198299 ], [ -111.756683349609006, 30.4031505584718 ], [ -111.774276733397997, 30.499820709228501 ], [ -111.795806884765994, 30.549289703369102 ], [ -111.743309020995994, 30.5335197448731 ], [ -111.666481018065994, 30.5372600555419 ], [ -111.621452331542997, 30.5446796417237 ], [ -111.590156555175994, 30.563310623168899 ], [ -111.553962707519005, 30.569950103759801 ], [ -111.458137512207003, 30.681680679321399 ], [ -111.419822692870994, 30.70876121521 ], [ -111.368537902832003, 30.717901229858398 ], [ -111.372009277344006, 30.646961212158299 ], [ -111.381652832030994, 30.626419067382798 ], [ -111.407279968262003, 30.607442855834901 ], [ -111.400230407715, 30.570821762084901 ], [ -111.385787963867003, 30.563720703125099 ], [ -111.364517211914006, 30.565860748291001 ], [ -111.334648132324006, 30.586000442504901 ], [ -111.304580688475994, 30.586999893188501 ], [ -111.268272399902003, 30.599990844726602 ], [ -111.241645812987997, 30.597511291503999 ], [ -111.226959228515994, 30.56595993042 ], [ -111.211952209472997, 30.553989410400298 ], [ -111.219856262207003, 30.520780563354499 ], [ -111.200080871582003, 30.509050369262798 ], [ -111.217567443847997, 30.475341796875 ], [ -111.205757141112997, 30.463130950927798 ], [ -111.186309814452997, 30.458311080932599 ], [ -111.167572021484006, 30.473331451416001 ], [ -111.161476135254006, 30.447731018066499 ] ] ] } },
{ "type": "Feature", "properties": { "NAME_1": "Sonora", "NAME_2": "Tubutama" }, "geometry": { "type": "Polygon", "coordinates": [ [ [ -111.198539733887003, 30.669000625610401 ], [ -111.249862670897997, 30.644731521606399 ], [ -111.241645812987997, 30.597511291503999 ], [ -111.268272399902003, 30.599990844726602 ], [ -111.304580688475994, 30.586999893188501 ], [ -111.334648132324006, 30.586000442504901 ], [ -111.364517211914006, 30.565860748291001 ], [ -111.385787963867003, 30.563720703125099 ], [ -111.400230407715, 30.570821762084901 ], [ -111.407279968262003, 30.607442855834901 ], [ -111.374076843262003, 30.641189575195401 ], [ -111.37336730957, 30.6976203918456 ], [ -111.357788085937003, 30.7310600280762 ], [ -111.370147705077997, 30.809270858764599 ], [ -111.434906005859006, 30.837142944335898 ], [ -111.447929382324006, 30.857570648193398 ], [ -111.476036071777003, 30.870340347290199 ], [ -111.477737426757997, 30.920480728149499 ], [ -111.492706298827997, 30.925479888916101 ], [ -111.523170471190994, 30.912479400634801 ], [ -111.526885986327997, 30.932929992675799 ], [ -111.55403137207, 30.950759887695401 ], [ -111.566062927245994, 30.975540161132901 ], [ -111.572906494140994, 31.032300949096701 ], [ -111.621955871582003, 31.034368515014599 ], [ -111.649726867675994, 31.016309738159201 ], [ -111.703880310059006, 31.0165901184082 ], [ -111.685417175292997, 31.056819915771499 ], [ -111.659782409667997, 31.073738098144599 ], [ -111.658348083495994, 31.1291618347169 ], [ -111.609657287597997, 31.093290328979499 ], [ -111.588798522949006, 31.087869644165 ], [ -111.574691772460994, 31.067930221557599 ], [ -111.535736083984006, 31.063270568847699 ], [ -111.506500244140994, 31.0877494812012 ], [ -111.477752685547003, 31.088319778442401 ], [ -111.472160339355, 31.067420959472699 ], [ -111.378257751465, 30.969789505004901 ], [ -111.367897033690994, 30.971429824829201 ], [ -111.368560791015994, 31.0220127105712 ], [ -111.350875854492003, 31.054929733276399 ], [ -111.310096740722997, 31.101049423217901 ], [ -111.273712158202997, 31.095130920410199 ], [ -111.275100708007997, 31.079259872436602 ], [ -111.260917663574006, 31.0514812469482 ], [ -111.250480651855, 31.046220779419102 ], [ -111.26008605957, 30.987342834472699 ], [ -111.251907348632997, 30.971950531005898 ], [ -111.251571655272997, 30.9445896148682 ], [ -111.220161437987997, 30.922340393066499 ], [ -111.219512939452997, 30.8036403656006 ], [ -111.198303222655994, 30.7182807922363 ], [ -111.208320617675994, 30.686952590942401 ], [ -111.198539733887003, 30.669000625610401 ] ] ] } },
{ "type": "Feature", "properties": { "NAME_1": "Sonora", "NAME_2": "Ures" }, "geometry": { "type": "Polygon", "coordinates": [ [ [ -110.132247924805, 29.496700286865298 ], [ -110.091247558594006, 29.4616203308107 ], [ -110.024887084960994, 29.426929473877099 ], [ -110.024749755859006, 29.410648345947301 ], [ -110.048706054687997, 29.352220535278398 ], [ -110.03067779541, 29.327930450439599 ], [ -110.014312744140994, 29.327632904052699 ], [ -110.007881164550994, 29.339849472045898 ], [ -109.981323242187003, 29.3544406890869 ], [ -109.959808349609006, 29.336771011352599 ], [ -109.972602844237997, 29.2658596038818 ], [ -110.011177062987997, 29.203710556030298 ], [ -110.011039733887003, 29.162008285522599 ], [ -110.07935333252, 29.148981094360501 ], [ -110.104446411132997, 29.166540145874102 ], [ -110.114547729492003, 29.122512817382901 ], [ -110.163047790527003, 29.108739852905298 ], [ -110.177932739257997, 29.092069625854499 ], [ -110.204612731932997, 29.0806694030762 ], [ -110.275718688965, 29.0778999328613 ], [ -110.308006286620994, 29.0917701721193 ], [ -110.314422607422003, 29.053340911865199 ], [ -110.354309082030994, 29.018770217895501 ], [ -110.360542297362997, 29.027940750122099 ], [ -110.386878967285, 29.0335903167725 ], [ -110.421485900879006, 29.032070159912202 ], [ -110.468719482422003, 29.065641403198299 ], [ -110.540512084960994, 29.0529003143312 ], [ -110.56273651123, 29.081760406494102 ], [ -110.56600189209, 29.100919723510799 ], [ -110.552146911620994, 29.1379299163819 ], [ -110.548606872557997, 29.182701110839801 ], [ -110.532012939452997, 29.207761764526399 ], [ -110.534721374512003, 29.2735404968263 ], [ -110.556297302245994, 29.288860321044901 ], [ -110.609046936035, 29.360557556152401 ], [ -110.621459960937003, 29.417961120605501 ], [ -110.607086181640994, 29.436502456665099 ], [ -110.631546020507997, 29.4769611358643 ], [ -110.623657226562003, 29.538841247558601 ], [ -110.655891418457003, 29.560922622680799 ], [ -110.659568786620994, 29.574211120605501 ], [ -110.635749816894005, 29.572200775146499 ], [ -110.590042114257997, 29.547220230102699 ], [ -110.556976318359006, 29.552101135253999 ], [ -110.501907348632997, 29.594480514526399 ], [ -110.499221801757997, 29.6202907562256 ], [ -110.514251708984006, 29.6397209167481 ], [ -110.509216308594006, 29.6557312011718 ], [ -110.52530670166, 29.675159454345799 ], [ -110.506790161132997, 29.7003803253175 ], [ -110.483016967772997, 29.7050895690918 ], [ -110.473220825195, 29.737350463867301 ], [ -110.458686828612997, 29.740980148315401 ], [ -110.416175842285, 29.709270477294901 ], [ -110.40217590332, 29.7205715179443 ], [ -110.39372253418, 29.743089675903398 ], [ -110.328239440917997, 29.739589691162099 ], [ -110.301567077637003, 29.725160598755 ], [ -110.317016601562003, 29.649408340454201 ], [ -110.310707092285, 29.6332912445069 ], [ -110.264633178710994, 29.598190307617202 ], [ -110.217613220215, 29.536220550537202 ], [ -110.132247924805, 29.496700286865298 ] ] ] } },
{ "type": "Feature", "properties": { "NAME_1": "Sonora", "NAME_2": "Villa Hidalgo" }, "geometry": { "type": "Polygon", "coordinates": [ [ [ -109.250923156737997, 30.135370254516701 ], [ -109.278762817382997, 30.1349391937257 ], [ -109.296379089355, 30.1691703796387 ], [ -109.319313049315994, 30.180999755859499 ], [ -109.415199279785, 30.184352874755799 ], [ -109.474243164062003, 30.1750411987306 ], [ -109.487449645995994, 30.165199279785199 ], [ -109.53687286377, 30.1886711120606 ], [ -109.540863037109006, 30.2806110382081 ], [ -109.488731384277003, 30.292800903320298 ], [ -109.483390808105, 30.333391189575298 ], [ -109.473358154297003, 30.350490570068398 ], [ -109.423126220702997, 30.3555908203125 ], [ -109.429756164550994, 30.415319442749102 ], [ -109.402160644530994, 30.456590652465898 ], [ -109.361839294434006, 30.4657707214356 ], [ -109.344818115234006, 30.438350677490298 ], [ -109.24437713623, 30.381650924682599 ], [ -109.233856201172003, 30.3556118011475 ], [ -109.21996307373, 30.351341247558501 ], [ -109.202751159667997, 30.325710296630898 ], [ -109.187080383300994, 30.319169998168899 ], [ -109.264289855957003, 30.2599411010743 ], [ -109.254058837890994, 30.2352695465088 ], [ -109.252738952637003, 30.201269149780298 ], [ -109.234092712402003, 30.161912918090898 ], [ -109.23934173584, 30.144121170043899 ], [ -109.250923156737997, 30.135370254516701 ] ] ] } },
{ "type": "Feature", "properties": { "NAME_1": "Sonora", "NAME_2": "Villa Pesqueira" }, "geometry": { "type": "Polygon", "coordinates": [ [ [ -109.75358581543, 28.8637218475343 ], [ -109.83959197998, 28.834222793579201 ], [ -109.822540283202997, 28.868209838867202 ], [ -109.824928283690994, 28.886358261108501 ], [ -109.855888366699006, 28.8931598663331 ], [ -109.923461914062003, 28.9378890991212 ], [ -109.990989685057997, 28.9640407562257 ], [ -110.003402709960994, 28.983190536498999 ], [ -110.040229797362997, 29.003770828247099 ], [ -110.05150604248, 29.031650543212901 ], [ -110.107536315917997, 29.024520874023501 ], [ -110.113288879395, 29.028671264648501 ], [ -110.100273132324006, 29.043649673461999 ], [ -110.104393005370994, 29.052871704101602 ], [ -110.139106750487997, 29.050819396972699 ], [ -110.16268157959, 29.059930801391602 ], [ -110.177932739257997, 29.092069625854499 ], [ -110.163047790527003, 29.108739852905298 ], [ -110.114547729492003, 29.122512817382901 ], [ -110.104446411132997, 29.166540145874102 ], [ -110.07935333252, 29.148981094360501 ], [ -110.011039733887003, 29.162008285522599 ], [ -110.011177062987997, 29.203710556030298 ], [ -109.970993041992003, 29.270250320434702 ], [ -109.959861755370994, 29.330490112304801 ], [ -109.964233398437997, 29.343610763549901 ], [ -109.985298156737997, 29.353580474853601 ], [ -110.014312744140994, 29.327632904052699 ], [ -110.03067779541, 29.327930450439599 ], [ -110.048706054687997, 29.352220535278398 ], [ -110.024749755859006, 29.410648345947301 ], [ -110.024887084960994, 29.426929473877099 ], [ -110.091247558594006, 29.4616203308107 ], [ -110.132247924805, 29.496700286865298 ], [ -110.119743347167997, 29.515119552612301 ], [ -110.06120300293, 29.534561157226701 ], [ -110.017021179199006, 29.570369720458899 ], [ -109.986839294434006, 29.567369461059599 ], [ -109.983726501465, 29.517379760742202 ], [ -109.971740722655994, 29.4927291870118 ], [ -109.986022949219006, 29.460760116577099 ], [ -109.978080749512003, 29.4261875152588 ], [ -109.94132232666, 29.4239597320557 ], [ -109.874328613280994, 29.3667812347412 ], [ -109.843612670897997, 29.3668727874757 ], [ -109.834022521972997, 29.345951080322301 ], [ -109.880378723145, 29.292140960693398 ], [ -109.902770996094006, 29.2492294311525 ], [ -109.88720703125, 29.196170806884801 ], [ -109.898147583007997, 29.139530181884801 ], [ -109.884941101074006, 29.118030548095799 ], [ -109.862686157227003, 29.103031158447401 ], [ -109.858329772949006, 29.050270080566499 ], [ -109.837661743164006, 29.016050338745199 ], [ -109.803031921387003, 29.001518249511701 ], [ -109.771469116210994, 28.975320816040099 ], [ -109.788551330565994, 28.961429595947301 ], [ -109.791526794434006, 28.9378890991212 ], [ -109.775459289550994, 28.917230606079201 ], [ -109.777336120605, 28.896650314331101 ], [ -109.754913330077997, 28.880920410156399 ], [ -109.75358581543, 28.8637218475343 ] ] ] } },
{ "type": "Feature", "properties": { "NAME_1": "Sonora", "NAME_2": "Yécora" }, "geometry": { "type": "Polygon", "coordinates": [ [ [ -109.280647277832003, 28.511529922485501 ], [ -109.26537322998, 28.532819747924702 ], [ -109.238418579102003, 28.637620925903398 ], [ -109.168312072754006, 28.636360168457099 ], [ -109.138061523437997, 28.650550842285099 ], [ -109.128646850585994, 28.634229660034201 ], [ -109.098831176757997, 28.618629455566499 ], [ -108.973960876465, 28.5935783386232 ], [ -108.9482421875, 28.595830917358398 ], [ -108.92308807373, 28.585830688476602 ], [ -108.851463317870994, 28.583501815796001 ], [ -108.808853149414006, 28.553861618041999 ], [ -108.789962768555, 28.549371719360401 ], [ -108.76904296875, 28.57253074646 ], [ -108.773361206055, 28.6002311706544 ], [ -108.741630554199006, 28.6131401062012 ], [ -108.702423095702997, 28.579128265380799 ], [ -108.651412963867003, 28.556230545043899 ], [ -108.658920288085994, 28.500850677490298 ], [ -108.615859985352003, 28.4487400054932 ], [ -108.505332946777003, 28.401639938354499 ], [ -108.530715942382997, 28.364681243896602 ], [ -108.57341003418, 28.357812881469801 ], [ -108.615379333495994, 28.3118629455568 ], [ -108.660057067870994, 28.312219619751101 ], [ -108.713180541992003, 28.2745895385743 ], [ -108.734657287597997, 28.2782802581788 ], [ -108.807670593262003, 28.3261108398437 ], [ -108.830070495605, 28.326900482177798 ], [ -108.888153076172003, 28.2970294952393 ], [ -108.988998413085994, 28.279462814331101 ], [ -109.030670166015994, 28.2303180694581 ], [ -109.02774810791, 28.214830398559599 ], [ -109.033157348632997, 28.215410232543899 ], [ -109.061813354492003, 28.272790908813501 ], [ -109.112892150879006, 28.310621261596602 ], [ -109.151962280272997, 28.300119400024499 ], [ -109.204071044922003, 28.306909561157202 ], [ -109.214607238769005, 28.297279357910298 ], [ -109.217666625977003, 28.2787094116212 ], [ -109.229957580565994, 28.2725524902344 ], [ -109.280860900879006, 28.317640304565501 ], [ -109.27702331543, 28.359542846679702 ], [ -109.225112915039006, 28.3578701019288 ], [ -109.193870544434006, 28.406061172485501 ], [ -109.224983215332003, 28.440719604492301 ], [ -109.230056762695, 28.460260391235401 ], [ -109.282928466797003, 28.490940093994201 ], [ -109.288749694824006, 28.501399993896499 ], [ -109.280647277832003, 28.511529922485501 ] ] ] } }
]
}
