{
"type": "FeatureCollection",
"name": "tamaulipas",
"crs": { "type": "name", "properties": { "name": "urn:ogc:def:crs:OGC:1.3:CRS84" } },
"features": [
{ "type": "Feature", "properties": { "NAME_1": "Tamaulipas", "NAME_2": "Abasolo" }, "geometry": { "type": "Polygon", "coordinates": [ [ [ -98.070800781249901, 24.3369140625 ], [ -98.073974609374901, 24.330078125 ], [ -98.020080566406193, 24.261108398437599 ], [ -98.049926757812401, 24.252073287963899 ], [ -98.037292480468807, 24.157472610473601 ], [ -98.063171386718693, 24.1284790039062 ], [ -98.062705993652301, 24.089370727539102 ], [ -98.080810546874901, 24.080688476562599 ], [ -98.126457214355497, 24.081729888916101 ], [ -98.166603088378906, 24.120670318603601 ], [ -98.215721130371094, 24.133792877197301 ], [ -98.218627929687401, 24.121520996093899 ], [ -98.196105957031193, 24.076293945312599 ], [ -98.223388671874901, 24.0662841796875 ], [ -98.229309082031193, 24.040708541870199 ], [ -98.252426147460895, 24.0293712615968 ], [ -98.2572021484375, 23.9677124023438 ], [ -98.339599609375, 23.9669189453125 ], [ -98.3782958984375, 23.9268798828125 ], [ -98.4324951171875, 23.9462890625 ], [ -98.443176269531193, 23.9375019073487 ], [ -98.450988769531193, 23.9093017578125 ], [ -98.4716796875, 23.903320312500099 ], [ -98.481193542480398, 23.887285232543999 ], [ -98.490257263183594, 23.888690948486399 ], [ -98.528610229492202, 23.9475498199463 ], [ -98.508171081542898, 23.970830917358299 ], [ -98.497291564941307, 24.011539459228601 ], [ -98.468193054199205, 24.0236701965332 ], [ -98.458602905273395, 24.062570571899499 ], [ -98.445365905761705, 24.064550399780298 ], [ -98.462677001953097, 24.1084098815919 ], [ -98.484580993652301, 24.125949859619201 ], [ -98.488082885742202, 24.145900726318398 ], [ -98.468940734863295, 24.1414394378663 ], [ -98.435272216796903, 24.178808212280298 ], [ -98.417686462402301, 24.174579620361399 ], [ -98.405357360839801, 24.197639465332099 ], [ -98.371566772460895, 24.213712692260799 ], [ -98.366531372070298, 24.2310905456544 ], [ -98.345207214355497, 24.2424201965332 ], [ -98.328742980957003, 24.267520904541101 ], [ -98.305931091308594, 24.2676105499268 ], [ -98.279296874999901, 24.2976894378663 ], [ -98.265861511230497, 24.334039688110501 ], [ -98.249427795410099, 24.3502082824707 ], [ -98.247177124023395, 24.414108276367301 ], [ -98.276260375976605, 24.4739799499512 ], [ -98.271507263183594, 24.4863510131837 ], [ -98.242301940917997, 24.493391036987401 ], [ -98.25, 24.5106811523438 ], [ -98.151794433593594, 24.474487304687599 ], [ -98.0994873046875, 24.4160766601562 ], [ -98.070800781249901, 24.3369140625 ] ] ] } },
{ "type": "Feature", "properties": { "NAME_1": "Tamaulipas", "NAME_2": "Aldama" }, "geometry": { "type": "GeometryCollection", "geometries": [ { "type": "Polygon", "coordinates": [ [ [ -97.804306030273395, 22.75319480896 ], [ -97.839859008789105, 22.6743068695069 ], [ -97.845970153808594, 22.685693740844801 ], [ -97.837364196777301, 22.684305191040099 ], [ -97.828193664550696, 22.701250076293899 ], [ -97.823753356933594, 22.712638854980501 ], [ -97.826530456542997, 22.709583282470799 ], [ -97.832916259765597, 22.709863662719801 ], [ -97.817642211914105, 22.729305267333999 ], [ -97.814025878906193, 22.748193740844801 ], [ -97.802360534667898, 22.7598590850831 ], [ -97.786804199218693, 22.801805496215898 ], [ -97.767364501953097, 22.892915725708001 ], [ -97.767639160156193, 22.945417404174901 ], [ -97.776802062988196, 22.910417556762798 ], [ -97.769302368164105, 22.890415191650501 ], [ -97.789024353027301, 22.845972061157202 ], [ -97.788475036621094, 22.814306259155298 ], [ -97.805419921874901, 22.785694122314599 ], [ -97.802635192870994, 22.7784748077393 ], [ -97.833190917968807, 22.761529922485401 ], [ -97.851524353027301, 22.7259731292725 ], [ -97.854026794433494, 22.700416564941399 ], [ -97.893196105957003, 22.640140533447301 ], [ -97.896530151367202, 22.593193054199201 ], [ -97.872085571289105, 22.574306488037202 ], [ -97.871803283691406, 22.5676383972169 ], [ -97.865974426269503, 22.5531959533693 ], [ -97.864860534667997, 22.5523605346681 ], [ -97.855140686035199, 22.6229152679443 ], [ -97.858474731445298, 22.630416870117202 ], [ -97.849861145019403, 22.646804809570298 ], [ -97.855972290039105, 22.650693893432699 ], [ -97.849029541015597, 22.653194427490199 ], [ -97.84375, 22.6781940460206 ], [ -97.860977172851605, 22.543479919433601 ], [ -97.877601623535099, 22.550752639770501 ], [ -97.89111328125, 22.543519973754901 ], [ -97.901306152343807, 22.5577602386475 ], [ -97.903297424316406, 22.621330261230501 ], [ -97.935935974121094, 22.681238174438501 ], [ -97.957733154296903, 22.668991088867202 ], [ -97.977302551269503, 22.6822395324707 ], [ -97.992095947265597, 22.659669876098601 ], [ -98.008583068847699, 22.6580810546875 ], [ -98.008132934570298, 22.645969390869102 ], [ -98.026199340820298, 22.6266994476319 ], [ -98.026908874511705, 22.5998210906982 ], [ -98.051818847656193, 22.614330291748001 ], [ -98.072792053222699, 22.6123580932618 ], [ -98.068572998046903, 22.6403102874756 ], [ -98.048927307128906, 22.6450099945069 ], [ -98.060173034667997, 22.668180465698299 ], [ -98.056007385253906, 22.696090698242202 ], [ -98.061607360839801, 22.712339401245199 ], [ -98.083496093749901, 22.707641601562401 ], [ -98.101631164550696, 22.7192897796631 ], [ -98.130767822265597, 22.721849441528299 ], [ -98.133872985839801, 22.692499160766701 ], [ -98.151779174804602, 22.679220199585 ], [ -98.133430480957003, 22.655969619751101 ], [ -98.137306213378906, 22.6473102569581 ], [ -98.150115966796903, 22.655370712280298 ], [ -98.146339416503807, 22.631732940673899 ], [ -98.203407287597699, 22.657100677490298 ], [ -98.225875854492102, 22.687320709228501 ], [ -98.258209228515597, 22.769939422607401 ], [ -98.307060241699205, 22.789899826049901 ], [ -98.334953308105497, 22.825580596923899 ], [ -98.314506530761705, 22.8232097625732 ], [ -98.297187805175795, 22.858392715454102 ], [ -98.306938171386705, 22.916299819946399 ], [ -98.290702819824205, 22.9433898925781 ], [ -98.312416076660199, 22.989810943603601 ], [ -98.308776855468807, 23.034011840820298 ], [ -98.326126098632699, 23.054252624511701 ], [ -98.336830139160199, 23.1313800811768 ], [ -98.316650390624901, 23.1845207214357 ], [ -98.329170227050696, 23.232500076293999 ], [ -98.311904907226506, 23.273424148559599 ], [ -98.275833129882798, 23.292341232299901 ], [ -98.250617980957003, 23.293151855468899 ], [ -98.203323364257798, 23.337152481079102 ], [ -98.1317138671875, 23.350526809692401 ], [ -98.0740966796875, 23.3483295440675 ], [ -98.0537109375, 23.339111328125099 ], [ -98.029296875, 23.347900390625099 ], [ -98.008972167968807, 23.32373046875 ], [ -97.978271484375, 23.3139038085938 ], [ -97.966316223144503, 23.2925300598144 ], [ -97.9442138671875, 23.319274902343899 ], [ -97.893836975097699, 23.316940307617202 ], [ -97.867980957031094, 23.325927734375099 ], [ -97.811836242675795, 23.312721252441499 ], [ -97.770202636718693, 23.318750381469801 ], [ -97.769302368164105, 23.2743034362794 ], [ -97.780136108398395, 23.2740268707275 ], [ -97.769302368164105, 23.270971298217901 ], [ -97.768470764160199, 23.230970382690401 ], [ -97.773475646972699, 23.232915878295898 ], [ -97.774864196777301, 23.232082366943398 ], [ -97.770973205566307, 23.215139389038001 ], [ -97.769584655761705, 23.229305267333999 ], [ -97.767913818359304, 23.223194122314499 ], [ -97.761802673339801, 23.082359313964901 ], [ -97.765975952148395, 22.899305343627901 ], [ -97.784584045410199, 22.804861068725501 ], [ -97.804306030273395, 22.75319480896 ] ] ] }, { "type": "Polygon", "coordinates": [ [ [ -97.785140991210895, 22.8276386260987 ], [ -97.784858703613295, 22.8237495422363 ], [ -97.785697937011705, 22.822639465332099 ], [ -97.787086486816307, 22.8268051147462 ], [ -97.785140991210895, 22.8276386260987 ] ] ] }, { "type": "Polygon", "coordinates": [ [ [ -97.791252136230497, 22.795415878296001 ], [ -97.790412902832003, 22.792638778686602 ], [ -97.794303894042997, 22.791528701782301 ], [ -97.792640686035, 22.795415878296001 ], [ -97.791252136230497, 22.795415878296001 ] ] ] }, { "type": "Polygon", "coordinates": [ [ [ -97.839584350585895, 22.695140838623001 ], [ -97.839302062988295, 22.6918048858644 ], [ -97.842636108398395, 22.6926383972169 ], [ -97.842361450195298, 22.6943054199219 ], [ -97.839584350585895, 22.695140838623001 ] ] ] }, { "type": "Polygon", "coordinates": [ [ [ -97.844024658203097, 22.6918048858644 ], [ -97.844306945800696, 22.690416336059599 ], [ -97.846801757812401, 22.689861297607401 ], [ -97.846252441406193, 22.691526412963999 ], [ -97.844024658203097, 22.6918048858644 ] ] ] }, { "type": "Polygon", "coordinates": [ [ [ -97.846527099609403, 22.681804656982401 ], [ -97.845695495605497, 22.679859161377099 ], [ -97.847358703613196, 22.6790275573731 ], [ -97.848747253417997, 22.681251525878999 ], [ -97.846527099609403, 22.681804656982401 ] ] ] }, { "type": "Polygon", "coordinates": [ [ [ -97.859863281249901, 22.653194427490199 ], [ -97.859580993652301, 22.652082443237202 ], [ -97.861251831054702, 22.650138854980501 ], [ -97.861251831054702, 22.652082443237202 ], [ -97.859863281249901, 22.653194427490199 ] ] ] }, { "type": "Polygon", "coordinates": [ [ [ -97.859863281249901, 22.627082824707099 ], [ -97.859306335449205, 22.624027252197301 ], [ -97.871803283691406, 22.618473052978501 ], [ -97.867362976074205, 22.623472213745099 ], [ -97.859863281249901, 22.627082824707099 ] ] ] } ] } },
{ "type": "Feature", "properties": { "NAME_1": "Tamaulipas", "NAME_2": "Altamira" }, "geometry": { "type": "Polygon", "coordinates": [ [ [ -97.840698242187401, 22.391250610351602 ], [ -97.808746337890597, 22.297157287597798 ], [ -97.834106445312401, 22.2902317047119 ], [ -97.846527099609403, 22.275810241699201 ], [ -97.876327514648395, 22.272701263427699 ], [ -97.890083312988196, 22.278100967407301 ], [ -97.899192810058594, 22.299230575561499 ], [ -97.914756774902301, 22.300380706787099 ], [ -97.937110900878807, 22.2682094573975 ], [ -97.950447082519503, 22.300800323486399 ], [ -97.998321533203097, 22.340112686157301 ], [ -98.017372131347699, 22.347471237182699 ], [ -98.052581787109304, 22.346290588378999 ], [ -98.115402221679702, 22.390869140625 ], [ -98.161338806152301, 22.405300140380898 ], [ -98.190422058105497, 22.453710556030401 ], [ -98.223648071289105, 22.453660964965799 ], [ -98.255241394042898, 22.440670013427798 ], [ -98.283752441406193, 22.445909500122099 ], [ -98.2955322265625, 22.4356403350831 ], [ -98.308959960937401, 22.4552898406982 ], [ -98.306709289550795, 22.504360198974702 ], [ -98.346893310546804, 22.545810699462901 ], [ -98.333381652832003, 22.5630607604981 ], [ -98.342926025390597, 22.615259170532301 ], [ -98.357040405273395, 22.6366081237793 ], [ -98.342300415039105, 22.640661239623999 ], [ -98.342140197753807, 22.656810760498001 ], [ -98.334602355957003, 22.661699295044102 ], [ -98.306236267089801, 22.650978088378999 ], [ -98.215026855468807, 22.650140762329102 ], [ -98.19921875, 22.656629562378001 ], [ -98.146339416503807, 22.631732940673899 ], [ -98.150115966796903, 22.655370712280298 ], [ -98.137306213378906, 22.6473102569581 ], [ -98.133430480957003, 22.655969619751101 ], [ -98.151779174804602, 22.679220199585 ], [ -98.135826110839801, 22.688970565796001 ], [ -98.125442504882798, 22.7252712249757 ], [ -98.087013244628807, 22.708379745483398 ], [ -98.058906555175696, 22.709569931030298 ], [ -98.060173034667997, 22.668180465698299 ], [ -98.048927307128906, 22.6450099945069 ], [ -98.068572998046903, 22.6403102874756 ], [ -98.072792053222699, 22.6123580932618 ], [ -98.051818847656193, 22.614330291748001 ], [ -98.026908874511705, 22.5998210906982 ], [ -98.026199340820298, 22.6266994476319 ], [ -98.008132934570298, 22.645969390869102 ], [ -98.008583068847699, 22.6580810546875 ], [ -97.992095947265597, 22.659669876098601 ], [ -97.977302551269503, 22.6822395324707 ], [ -97.957733154296903, 22.668991088867202 ], [ -97.933937072753906, 22.6802997589112 ], [ -97.903297424316406, 22.621330261230501 ], [ -97.901306152343807, 22.5577602386475 ], [ -97.89111328125, 22.543519973754901 ], [ -97.877601623535099, 22.550752639770501 ], [ -97.869079589843807, 22.542760848999102 ], [ -97.859580993652301, 22.545425415039102 ], [ -97.857635498046903, 22.497083663940401 ], [ -97.847915649414105, 22.492359161377099 ], [ -97.888748168945298, 22.485694885253999 ], [ -97.884864807128906, 22.467361450195298 ], [ -97.885696411132798, 22.483472824096602 ], [ -97.878753662109304, 22.486803054809702 ], [ -97.848747253417997, 22.4826393127443 ], [ -97.857086181640597, 22.480417251586999 ], [ -97.857360839843693, 22.468469619751101 ], [ -97.869308471679602, 22.480140686035199 ], [ -97.873191833495994, 22.466529846191499 ], [ -97.865417480468807, 22.435972213745199 ], [ -97.873474121093807, 22.432638168335 ], [ -97.848747253417997, 22.356250762939499 ], [ -97.837364196777301, 22.3593063354493 ], [ -97.855140686035199, 22.4554157257081 ], [ -97.840698242187401, 22.391250610351602 ] ] ] } },
{ "type": "Feature", "properties": { "NAME_1": "Tamaulipas", "NAME_2": "Antiguo Morelos" }, "geometry": { "type": "Polygon", "coordinates": [ [ [ -98.937248229980497, 22.379240036010799 ], [ -99.031700134277301, 22.374942779541001 ], [ -99.086090087890597, 22.387660980224702 ], [ -99.13427734375, 22.387029647827099 ], [ -99.157760620117202, 22.439369201660199 ], [ -99.180000305175795, 22.538080215454201 ], [ -99.224166870117102, 22.593719482421999 ], [ -99.230926513671903, 22.61452293396 ], [ -99.233177185058594, 22.663511276245199 ], [ -99.226142883300795, 22.680931091308501 ], [ -99.205596923828097, 22.6950302124025 ], [ -99.196586608886705, 22.7264099121094 ], [ -99.179626464843807, 22.7286911010743 ], [ -99.187202453613295, 22.743852615356499 ], [ -99.165016174316406, 22.756259918212901 ], [ -99.140007019042997, 22.694070816040099 ], [ -99.085258483886705, 22.634141921997099 ], [ -99.023918151855398, 22.5962219238282 ], [ -99.008392333984403, 22.610410690307699 ], [ -98.995758056640597, 22.6068305969238 ], [ -98.950126647949205, 22.482080459594702 ], [ -98.9564208984375, 22.4728107452393 ], [ -98.968162536621094, 22.4912204742432 ], [ -98.976097106933594, 22.491550445556701 ], [ -98.937248229980497, 22.379240036010799 ] ] ] } },
{ "type": "Feature", "properties": { "NAME_1": "Tamaulipas", "NAME_2": "Burgos" }, "geometry": { "type": "Polygon", "coordinates": [ [ [ -98.495773315429602, 24.917270660400401 ], [ -98.538803100585895, 24.872400283813501 ], [ -98.534973144531193, 24.8544101715087 ], [ -98.568351745605398, 24.830978393554702 ], [ -98.574371337890597, 24.820888519287099 ], [ -98.567832946777301, 24.8123798370362 ], [ -98.575813293457003, 24.807348251342901 ], [ -98.5960693359375, 24.804540634155298 ], [ -98.636436462402301, 24.830400466918899 ], [ -98.696502685546804, 24.792119979858501 ], [ -98.707977294921804, 24.800319671630898 ], [ -98.724372863769503, 24.798120498657301 ], [ -98.733291625976605, 24.818450927734499 ], [ -98.767601013183594, 24.806699752807699 ], [ -98.782508850097699, 24.790109634399499 ], [ -98.802169799804602, 24.801887512207099 ], [ -98.847427368164105, 24.802650451660298 ], [ -98.908256530761705, 24.7947311401368 ], [ -98.905517578125, 24.784330368041999 ], [ -98.915641784667997, 24.781009674072401 ], [ -98.943420410156193, 24.791379928588899 ], [ -98.946952819824205, 24.807809829711999 ], [ -98.963493347167997, 24.819339752197401 ], [ -98.970832824707003, 24.838319778442401 ], [ -98.992507934570298, 24.8449611663818 ], [ -99.004402160644503, 24.875659942626999 ], [ -99.000320434570298, 24.8825302124025 ], [ -99.011047363281193, 24.8932209014893 ], [ -99.020027160644503, 24.897340774536101 ], [ -99.030670166015597, 24.884639739990199 ], [ -99.049667358398395, 24.898950576782301 ], [ -99.092681884765597, 24.906259536743299 ], [ -99.119087219238196, 24.9493007659912 ], [ -99.172927856445298, 24.98069190979 ], [ -99.190795898437401, 25.027070999145501 ], [ -99.193710327148395, 25.0591716766357 ], [ -99.183479309081903, 25.073900222778398 ], [ -99.125053405761705, 25.094640731811499 ], [ -99.069717407226605, 25.161460876464801 ], [ -99.049346923828097, 25.154130935668999 ], [ -99.030220031738196, 25.116210937500099 ], [ -98.929885864257798, 25.1066608428956 ], [ -98.854553222656193, 25.1319084167481 ], [ -98.838806152343693, 25.117902755737202 ], [ -98.771957397460895, 25.1579494476319 ], [ -98.685989379882798, 25.112440109252901 ], [ -98.689765930175795, 25.097141265869201 ], [ -98.662139892578097, 25.089731216430799 ], [ -98.657417297363196, 25.076330184936499 ], [ -98.639549255371094, 25.066591262817401 ], [ -98.624176025390597, 25.075719833374102 ], [ -98.564247131347599, 25.080499649047901 ], [ -98.531921386718693, 25.0126953125 ], [ -98.511596679687401, 24.9967041015625 ], [ -98.516906738281193, 24.98388671875 ], [ -98.492492675781193, 24.951902389526399 ], [ -98.5013427734375, 24.924602508545 ], [ -98.495773315429602, 24.917270660400401 ] ] ] } },
{ "type": "Feature", "properties": { "NAME_1": "Tamaulipas", "NAME_2": "Bustamante" }, "geometry": { "type": "Polygon", "coordinates": [ [ [ -100.116676330565994, 23.2482604980469 ], [ -100.102378845215, 23.262199401855501 ], [ -100.099792480469006, 23.276590347290199 ], [ -100.12068939209, 23.316829681396499 ], [ -100.11612701416, 23.332801818847699 ], [ -100.07430267334, 23.3568000793456 ], [ -100.042747497559006, 23.3443508148194 ], [ -99.989677429199205, 23.3465805053712 ], [ -99.966140747070298, 23.337459564208999 ], [ -99.957946777343693, 23.402921676635799 ], [ -99.962593078613295, 23.4368495941163 ], [ -99.917633056640597, 23.450410842895501 ], [ -99.875717163085895, 23.438671112060501 ], [ -99.855209350585895, 23.509250640869102 ], [ -99.829521179199205, 23.509168624878001 ], [ -99.783012390136705, 23.461828231811602 ], [ -99.744895935058494, 23.480161666870199 ], [ -99.735977172851605, 23.500179290771602 ], [ -99.714523315429702, 23.498052597045898 ], [ -99.658050537109403, 23.449710845947301 ], [ -99.635696411132798, 23.420780181884801 ], [ -99.673637390136705, 23.375009536743299 ], [ -99.693046569824205, 23.334989547729499 ], [ -99.719223022460895, 23.328950881958001 ], [ -99.728919982910199, 23.311449050903398 ], [ -99.748626708984304, 23.331808090210099 ], [ -99.760589599609403, 23.325941085815501 ], [ -99.758316040039105, 23.3079319000244 ], [ -99.735122680664105, 23.28231048584 ], [ -99.723396301269503, 23.2387504577637 ], [ -99.737342834472599, 23.221960067749102 ], [ -99.720779418945199, 23.182401657104499 ], [ -99.742958068847699, 23.163030624389801 ], [ -99.861045837402301, 23.216699600219801 ], [ -99.878005981445298, 23.253910064697301 ], [ -99.897689819335895, 23.260280609131001 ], [ -99.952697753906193, 23.195440292358501 ], [ -100.015953063965, 23.1627311706544 ], [ -100.078247070312003, 23.1603107452393 ], [ -100.082946777344006, 23.2174892425537 ], [ -100.116676330565994, 23.2482604980469 ] ] ] } },
{ "type": "Feature", "properties": { "NAME_1": "Tamaulipas", "NAME_2": "Camargo" }, "geometry": { "type": "Polygon", "coordinates": [ [ [ -98.799263000488295, 26.006019592285099 ], [ -98.863861083984403, 25.964969635009801 ], [ -98.903579711914105, 25.9580307006837 ], [ -98.932769775390597, 25.976480484008899 ], [ -98.974067687988295, 26.054531097412202 ], [ -98.998916625976506, 26.078290939331101 ], [ -99.069541931152301, 26.081909179687599 ], [ -99.093101501464801, 26.091880798339801 ], [ -99.063026428222599, 26.090579986572401 ], [ -99.030769348144503, 26.100418090820401 ], [ -99.024787902831903, 26.128110885620199 ], [ -99.004432678222699, 26.1451206207275 ], [ -99.000587463378906, 26.191238403320298 ], [ -98.969841003417898, 26.232742309570401 ], [ -98.990180969238295, 26.331180572509801 ], [ -98.973953247070298, 26.362930297851602 ], [ -98.969963073730497, 26.399391174316499 ], [ -98.955757141113295, 26.394710540771499 ], [ -98.956481933593693, 26.376230239868299 ], [ -98.945442199706903, 26.3701095581056 ], [ -98.936851501464801, 26.3709506988525 ], [ -98.933601379394503, 26.388481140136701 ], [ -98.924461364745994, 26.392549514770501 ], [ -98.924148559570298, 26.376829147338899 ], [ -98.902030944824205, 26.369199752807699 ], [ -98.898162841796903, 26.355289459228601 ], [ -98.880348205566406, 26.366199493408299 ], [ -98.840530395507798, 26.3606681823732 ], [ -98.823249816894503, 26.369260787963999 ], [ -98.802581787109304, 26.3667106628419 ], [ -98.783927917480497, 26.328130722045898 ], [ -98.750076293945298, 26.330499649047798 ], [ -98.734077453613196, 26.3201408386231 ], [ -98.733245849609304, 26.308111190795898 ], [ -98.753433227539006, 26.308349609375 ], [ -98.753036499023395, 26.299560546874901 ], [ -98.723815917968807, 26.296899795532301 ], [ -98.698806762695298, 26.282247543335 ], [ -98.720611572265597, 26.274660110473601 ], [ -98.696571350097699, 26.267179489135799 ], [ -98.722106933593807, 26.253280639648501 ], [ -98.719779968261705, 26.243881225585898 ], [ -98.729087829589801, 26.2343215942382 ], [ -98.706947326660199, 26.2087211608887 ], [ -98.738113403320199, 26.202480316162202 ], [ -98.753677368164105, 26.169731140136701 ], [ -98.732620239257798, 26.1491203308107 ], [ -98.743667602539105, 26.1344604492188 ], [ -98.728088378906193, 26.1154594421387 ], [ -98.753646850585895, 26.0723094940187 ], [ -98.735252380370994, 26.0524997711182 ], [ -98.767005920410099, 26.016279220581101 ], [ -98.799263000488295, 26.006019592285099 ] ] ] } },
{ "type": "Feature", "properties": { "NAME_1": "Tamaulipas", "NAME_2": "Casas" }, "geometry": { "type": "Polygon", "coordinates": [ [ [ -99.087615966796804, 23.4923400878906 ], [ -99.088897705078097, 23.527820587158299 ], [ -99.076896667480497, 23.571701049804702 ], [ -99.083702087402301, 23.601739883422901 ], [ -99.076438903808594, 23.613590240478501 ], [ -99.024528503417997, 23.603889465332099 ], [ -98.988059997558494, 23.650770187377901 ], [ -98.960906982421903, 23.666709899902301 ], [ -98.938240051269503, 23.654760360717901 ], [ -98.899497985839801, 23.6882629394531 ], [ -98.838027954101506, 23.700210571289201 ], [ -98.753150939941307, 23.729459762573299 ], [ -98.731399536132798, 23.728452682495099 ], [ -98.716262817382798, 23.7595100402832 ], [ -98.718643188476506, 23.7706909179688 ], [ -98.733116149902301, 23.7764701843262 ], [ -98.738571166992102, 23.8118000030519 ], [ -98.715171813964801, 23.803270339965799 ], [ -98.71142578125, 23.833469390869102 ], [ -98.699821472167997, 23.843000411987401 ], [ -98.703231811523395, 23.881860733032202 ], [ -98.685890197753906, 23.925840377807599 ], [ -98.624328613281193, 23.934448242187401 ], [ -98.605262756347599, 23.952640533447401 ], [ -98.600112915039006, 23.928358078002901 ], [ -98.586196899414105, 23.914222717285099 ], [ -98.569496154785099, 23.917631149291999 ], [ -98.552688598632798, 23.906480789184599 ], [ -98.533538818359304, 23.914739608764801 ], [ -98.523536682128807, 23.9392108917237 ], [ -98.490257263183594, 23.888690948486399 ], [ -98.481193542480398, 23.887285232543999 ], [ -98.475402832031193, 23.834289550781399 ], [ -98.455993652343693, 23.7968769073487 ], [ -98.468078613281193, 23.781919479370199 ], [ -98.428894042968807, 23.7114868164062 ], [ -98.415077209472599, 23.7009391784668 ], [ -98.4324951171875, 23.6746826171875 ], [ -98.434082031249901, 23.6569213867187 ], [ -98.4342041015625, 23.5299072265625 ], [ -98.418701171874901, 23.5175170898438 ], [ -98.420104980468807, 23.495727539062599 ], [ -98.4578857421875, 23.434326171875099 ], [ -98.545272827148395, 23.338621139526399 ], [ -98.588493347167997, 23.323749542236399 ], [ -98.621398925781193, 23.332298278808501 ], [ -98.632759094238295, 23.317720413208001 ], [ -98.619445800781193, 23.292791366577099 ], [ -98.631752014160099, 23.278009414672901 ], [ -98.755516052246094, 23.360889434814499 ], [ -98.774169921875, 23.349840164184702 ], [ -98.789321899414006, 23.3195610046388 ], [ -98.812866210937401, 23.315788269043001 ], [ -98.824638366699205, 23.3559284210206 ], [ -98.848571777343807, 23.381811141967901 ], [ -98.862075805664006, 23.385139465331999 ], [ -98.893966674804702, 23.3709602355957 ], [ -98.888626098632798, 23.400590896606602 ], [ -98.973907470703097, 23.418941497802798 ], [ -98.982666015625, 23.434970855713001 ], [ -98.977493286132798, 23.445369720458999 ], [ -98.954757690429602, 23.466619491577202 ], [ -98.911781311035199, 23.476671218872202 ], [ -98.905540466308594, 23.4864101409912 ], [ -98.917266845703097, 23.4971618652344 ], [ -98.961616516113295, 23.487800598144499 ], [ -99.033126831054702, 23.506219863891701 ], [ -99.078468322753807, 23.488349914550799 ], [ -99.087615966796804, 23.4923400878906 ] ] ] } },
{ "type": "Feature", "properties": { "NAME_1": "Tamaulipas", "NAME_2": "Ciudad Madero" }, "geometry": { "type": "Polygon", "coordinates": [ [ [ -97.793197631835895, 22.249610900878999 ], [ -97.824768066406193, 22.2228202819825 ], [ -97.844566345214801, 22.255710601806602 ], [ -97.845092773437401, 22.27885055542 ], [ -97.834106445312401, 22.2902317047119 ], [ -97.808746337890597, 22.297157287597798 ], [ -97.787635803222699, 22.2643051147462 ], [ -97.772918701171903, 22.267084121703999 ], [ -97.792083740234403, 22.262083053588899 ], [ -97.774581909179602, 22.264026641845799 ], [ -97.789024353027301, 22.260139465332099 ], [ -97.793197631835895, 22.249610900878999 ] ] ] } },
{ "type": "Feature", "properties": { "NAME_1": "Tamaulipas", "NAME_2": "Cruillas" }, "geometry": { "type": "Polygon", "coordinates": [ [ [ -98.276260375976605, 24.4739799499512 ], [ -98.2989501953125, 24.484769821166999 ], [ -98.309165954589801, 24.4804382324219 ], [ -98.318168640136705, 24.489549636840799 ], [ -98.371063232421903, 24.477870941162202 ], [ -98.411956787109304, 24.435871124267599 ], [ -98.443466186523395, 24.454332351684599 ], [ -98.490776062011705, 24.4539508819581 ], [ -98.549377441406193, 24.441059112548899 ], [ -98.579017639160099, 24.448049545288001 ], [ -98.576217651367202, 24.488601684570401 ], [ -98.600028991699205, 24.5417499542237 ], [ -98.602798461914105, 24.582639694213899 ], [ -98.620658874511705, 24.598510742187599 ], [ -98.618232727050696, 24.6291007995606 ], [ -98.631546020507798, 24.646369934082099 ], [ -98.655982971191307, 24.6478290557862 ], [ -98.663497924804702, 24.692050933837901 ], [ -98.684371948242202, 24.704401016235401 ], [ -98.683776855468807, 24.729110717773398 ], [ -98.698806762695298, 24.747800827026399 ], [ -98.699417114257798, 24.7924499511719 ], [ -98.677513122558594, 24.798540115356399 ], [ -98.663871765136705, 24.815610885620099 ], [ -98.636436462402301, 24.830400466918899 ], [ -98.592086791992102, 24.803239822387798 ], [ -98.568748474121094, 24.810020446777401 ], [ -98.573356628417997, 24.824440002441399 ], [ -98.534973144531193, 24.8544101715087 ], [ -98.538803100585895, 24.872400283813501 ], [ -98.495773315429602, 24.917270660400401 ], [ -98.486717224120994, 24.916301727294901 ], [ -98.444717407226605, 24.949705123901399 ], [ -98.437408447265597, 24.946161270141602 ], [ -98.435249328613295, 24.922950744628999 ], [ -98.421195983886705, 24.924230575561602 ], [ -98.409912109375, 24.911499023437599 ], [ -98.398551940917997, 24.914178848266701 ], [ -98.394409179687401, 24.928710937500099 ], [ -98.385681152343807, 24.927125930786101 ], [ -98.356086730957003, 24.875135421752901 ], [ -98.333137512207003, 24.8676776885987 ], [ -98.312805175781193, 24.871276855468899 ], [ -98.298400878906193, 24.8519287109375 ], [ -98.269790649414105, 24.8613395690918 ], [ -98.235290527343807, 24.817871093750099 ], [ -98.298400878906193, 24.747070312500099 ], [ -98.328582763671804, 24.730180740356602 ], [ -98.357406616210795, 24.727626800537099 ], [ -98.347595214843807, 24.7147235870362 ], [ -98.35498046875, 24.6954956054688 ], [ -98.348510742187401, 24.680299758911101 ], [ -98.364685058593807, 24.6431274414063 ], [ -98.359497070312401, 24.632507324218899 ], [ -98.332809448242202, 24.6329116821288 ], [ -98.3331298828125, 24.596679687499901 ], [ -98.319702148437401, 24.583311080932599 ], [ -98.311096191406193, 24.555908203125 ], [ -98.292175292968594, 24.543882369995199 ], [ -98.279609680175795, 24.5205192565918 ], [ -98.25, 24.5106811523438 ], [ -98.242301940917997, 24.493391036987401 ], [ -98.271507263183594, 24.4863510131837 ], [ -98.276260375976605, 24.4739799499512 ] ] ] } },
{ "type": "Feature", "properties": { "NAME_1": "Tamaulipas", "NAME_2": "El Mante" }, "geometry": { "type": "Polygon", "coordinates": [ [ [ -99.165016174316406, 22.756259918212901 ], [ -99.179206848144503, 22.790061950683601 ], [ -99.124237060546804, 22.7901802062988 ], [ -99.091926574706903, 22.824760437011701 ], [ -99.046737670898395, 22.852130889892599 ], [ -99.009407043457003, 22.852190017700298 ], [ -98.984840393066406, 22.8430194854737 ], [ -98.965881347656193, 22.8496608734132 ], [ -98.943809509277301, 22.838449478149499 ], [ -98.926536560058494, 22.8526515960694 ], [ -98.911178588867102, 22.8431091308594 ], [ -98.884490966796804, 22.851949691772599 ], [ -98.866661071777301, 22.8407802581787 ], [ -98.825019836425795, 22.756410598754901 ], [ -98.895210266113295, 22.685979843139801 ], [ -98.907676696777202, 22.6498203277588 ], [ -98.925178527832003, 22.637931823730501 ], [ -98.931091308593807, 22.6138000488281 ], [ -98.924812316894503, 22.592710494995199 ], [ -98.893516540527301, 22.591180801391602 ], [ -98.884757995605398, 22.5714206695557 ], [ -98.861381530761705, 22.574541091919102 ], [ -98.834426879882798, 22.561620712280401 ], [ -98.741539001464801, 22.6127223968506 ], [ -98.713142395019503, 22.6210403442382 ], [ -98.685867309570298, 22.6160907745362 ], [ -98.642196655273395, 22.588739395141701 ], [ -98.547576904296903, 22.5656929016113 ], [ -98.539810180664006, 22.5500202178956 ], [ -98.557800292968807, 22.539289474487401 ], [ -98.553932189941307, 22.5305404663087 ], [ -98.534126281738295, 22.525230407714901 ], [ -98.529136657714801, 22.506391525268601 ], [ -98.548286437988295, 22.501632690429801 ], [ -98.533203125, 22.4764709472656 ], [ -98.527839660644503, 22.4464206695557 ], [ -98.492408752441406, 22.443611145019599 ], [ -98.488021850585895, 22.417989730835 ], [ -98.640426635742102, 22.411090850830199 ], [ -98.703529357910199, 22.3737907409668 ], [ -98.7417373657225, 22.380220413208001 ], [ -98.835083007812401, 22.3632507324219 ], [ -98.85888671875, 22.370941162109499 ], [ -98.906051635742102, 22.408901214599599 ], [ -98.936286926269403, 22.379989624023398 ], [ -98.975929260253807, 22.4840202331543 ], [ -98.971366882324205, 22.493089675903398 ], [ -98.9564208984375, 22.4728107452393 ], [ -98.949699401855398, 22.4745407104493 ], [ -98.994041442871094, 22.604080200195298 ], [ -99.003410339355398, 22.6119499206544 ], [ -99.023918151855398, 22.5962219238282 ], [ -99.090187072753807, 22.638080596923899 ], [ -99.140007019042997, 22.694070816040099 ], [ -99.165016174316406, 22.756259918212901 ] ] ] } },
{ "type": "Feature", "properties": { "NAME_1": "Tamaulipas", "NAME_2": "Gómez Farias" }, "geometry": { "type": "Polygon", "coordinates": [ [ [ -99.139656066894503, 22.791032791137599 ], [ -99.152946472167898, 22.8598403930663 ], [ -99.176856994628906, 22.855739593505799 ], [ -99.256118774414006, 22.9390602111818 ], [ -99.363136291503807, 23.022739410400401 ], [ -99.370780944824105, 23.052669525146499 ], [ -99.401817321777301, 23.097129821777301 ], [ -99.377891540527301, 23.101060867309599 ], [ -99.343559265136705, 23.077550888061602 ], [ -99.303466796875, 23.069480895996101 ], [ -99.248359680175795, 23.0854606628419 ], [ -99.241355895995994, 23.095661163330199 ], [ -99.247268676757798, 23.1162509918213 ], [ -99.225646972656193, 23.096900939941499 ], [ -99.205917358398395, 23.1090602874757 ], [ -99.192230224609304, 23.107120513916101 ], [ -99.155403137207003, 23.088769912719702 ], [ -99.109146118164105, 23.008911132812599 ], [ -99.044532775878906, 22.980199813842798 ], [ -99.039268493652301, 22.939268112182699 ], [ -99.045867919921903, 22.8715305328369 ], [ -99.040008544921903, 22.8532009124756 ], [ -99.091926574706903, 22.824760437011701 ], [ -99.120986938476506, 22.792200088501001 ], [ -99.139656066894503, 22.791032791137599 ] ] ] } },
{ "type": "Feature", "properties": { "NAME_1": "Tamaulipas", "NAME_2": "González" }, "geometry": { "type": "Polygon", "coordinates": [ [ [ -98.2955322265625, 22.4356403350831 ], [ -98.307426452636705, 22.4167499542237 ], [ -98.295127868652301, 22.393978118896399 ], [ -98.373077392578097, 22.3707294464112 ], [ -98.384666442870994, 22.396921157836999 ], [ -98.400810241699205, 22.390171051025401 ], [ -98.425796508789105, 22.411188125610401 ], [ -98.488021850585895, 22.417989730835 ], [ -98.492408752441406, 22.443611145019599 ], [ -98.525627136230398, 22.443868637085 ], [ -98.548286437988295, 22.501632690429801 ], [ -98.529136657714801, 22.506391525268601 ], [ -98.534126281738295, 22.525230407714901 ], [ -98.553932189941307, 22.5305404663087 ], [ -98.557800292968807, 22.539289474487401 ], [ -98.539810180664006, 22.5500202178956 ], [ -98.547576904296903, 22.5656929016113 ], [ -98.642196655273395, 22.588739395141701 ], [ -98.685867309570298, 22.6160907745362 ], [ -98.713142395019503, 22.6210403442382 ], [ -98.741539001464801, 22.6127223968506 ], [ -98.834426879882798, 22.561620712280401 ], [ -98.861381530761705, 22.574541091919102 ], [ -98.884757995605398, 22.5714206695557 ], [ -98.890800476074205, 22.590000152588001 ], [ -98.920616149902301, 22.5896911621094 ], [ -98.929946899414105, 22.602830886840799 ], [ -98.926940917968594, 22.634761810302798 ], [ -98.907676696777202, 22.6498203277588 ], [ -98.897468566894503, 22.6832695007325 ], [ -98.825019836425795, 22.756410598754901 ], [ -98.866661071777301, 22.8407802581787 ], [ -98.854637145995994, 22.8502426147462 ], [ -98.834053039550696, 22.8424606323243 ], [ -98.802101135253807, 22.88849067688 ], [ -98.759986877441406, 22.887689590454201 ], [ -98.746398925781193, 22.903089523315401 ], [ -98.753776550292997, 22.9213886260987 ], [ -98.750160217285199, 22.9391307830812 ], [ -98.789451599121094, 22.9403781890869 ], [ -98.767280578613196, 22.970848083496001 ], [ -98.819480895996094, 23.003139495849702 ], [ -98.824195861816307, 23.015632629394599 ], [ -98.779296874999901, 23.017152786254901 ], [ -98.774467468261705, 23.038749694824201 ], [ -98.789077758789105, 23.058010101318398 ], [ -98.784622192382798, 23.0672206878663 ], [ -98.729927062988295, 23.043598175048899 ], [ -98.714920043945298, 23.109521865844801 ], [ -98.698753356933594, 23.134729385376101 ], [ -98.681472778320298, 23.1251106262207 ], [ -98.639511108398395, 23.124782562255898 ], [ -98.624732971191406, 23.133560180664102 ], [ -98.590621948242202, 23.1244602203369 ], [ -98.568733215332003, 23.1313705444337 ], [ -98.548187255859403, 23.1208095550538 ], [ -98.546966552734304, 23.175041198730501 ], [ -98.479347229003807, 23.232049942016602 ], [ -98.428146362304602, 23.219650268554702 ], [ -98.385070800781193, 23.230714797973601 ], [ -98.319183349609403, 23.201749801635899 ], [ -98.316772460937401, 23.193361282348601 ], [ -98.336830139160199, 23.1313800811768 ], [ -98.326126098632699, 23.054252624511701 ], [ -98.308776855468807, 23.034011840820298 ], [ -98.312416076660199, 22.989810943603601 ], [ -98.290702819824205, 22.9433898925781 ], [ -98.306938171386705, 22.916299819946399 ], [ -98.297187805175795, 22.858392715454102 ], [ -98.314506530761705, 22.8232097625732 ], [ -98.334953308105497, 22.825580596923899 ], [ -98.307060241699205, 22.789899826049901 ], [ -98.258209228515597, 22.769939422607401 ], [ -98.225875854492102, 22.687320709228501 ], [ -98.203407287597699, 22.657100677490298 ], [ -98.215026855468807, 22.650140762329102 ], [ -98.306236267089801, 22.650978088378999 ], [ -98.334602355957003, 22.661699295044102 ], [ -98.342140197753807, 22.656810760498001 ], [ -98.342300415039105, 22.640661239623999 ], [ -98.357040405273395, 22.6366081237793 ], [ -98.342926025390597, 22.615259170532301 ], [ -98.333381652832003, 22.5630607604981 ], [ -98.346893310546804, 22.545810699462901 ], [ -98.306709289550795, 22.504360198974702 ], [ -98.308959960937401, 22.4552898406982 ], [ -98.2955322265625, 22.4356403350831 ] ] ] } },
{ "type": "Feature", "properties": { "NAME_1": "Tamaulipas", "NAME_2": "Güémez" }, "geometry": { "type": "Polygon", "coordinates": [ [ [ -99.371086120605497, 23.791990280151399 ], [ -99.434150695800795, 23.781620025634801 ], [ -99.464256286621094, 23.815631866455099 ], [ -99.494720458984403, 23.9015998840332 ], [ -99.471771240234304, 23.9338607788087 ], [ -99.469551086425696, 23.968469619751001 ], [ -99.459686279296903, 23.981460571289102 ], [ -99.297950744628906, 23.9992694854737 ], [ -99.257881164550795, 23.988950729370099 ], [ -99.222366333007798, 23.991489410400401 ], [ -99.205467224121094, 24.001010894775401 ], [ -99.204757690429702, 24.030771255493299 ], [ -99.185043334960895, 24.035690307617301 ], [ -99.154556274414006, 24.023830413818398 ], [ -99.097846984863295, 24.020969390869102 ], [ -99.063636779785199, 23.978809356689499 ], [ -99.022689819335795, 23.956809997558601 ], [ -98.967346191406193, 23.945861816406399 ], [ -98.916236877441307, 23.897809982299801 ], [ -98.899978637695298, 23.908781051635899 ], [ -98.869499206542898, 23.883020401001001 ], [ -98.847061157226605, 23.894660949707099 ], [ -98.832778930664006, 23.892139434814599 ], [ -98.829566955566307, 23.882150650024499 ], [ -98.807998657226506, 23.8846111297607 ], [ -98.802032470703097, 23.900011062622099 ], [ -98.773391723632798, 23.906490325927798 ], [ -98.709053039550795, 23.9514484405519 ], [ -98.679100036621094, 23.945461273193398 ], [ -98.677909851074205, 23.935510635376001 ], [ -98.696212768554602, 23.910480499267699 ], [ -98.706100463867202, 23.868009567260899 ], [ -98.699821472167997, 23.843000411987401 ], [ -98.71142578125, 23.833469390869102 ], [ -98.715171813964801, 23.803270339965799 ], [ -98.738571166992102, 23.8118000030519 ], [ -98.733116149902301, 23.7764701843262 ], [ -98.718643188476506, 23.7706909179688 ], [ -98.716262817382798, 23.7595100402832 ], [ -98.731399536132798, 23.728452682495099 ], [ -98.753150939941307, 23.729459762573299 ], [ -98.838027954101506, 23.700210571289201 ], [ -98.899497985839801, 23.6882629394531 ], [ -98.938240051269503, 23.654760360717901 ], [ -98.958831787109403, 23.667169570922901 ], [ -98.988059997558494, 23.650770187377901 ], [ -98.9869384765625, 23.668678283691499 ], [ -99.074043273925795, 23.825941085815501 ], [ -99.083892822265597, 23.819501876831101 ], [ -99.089233398437401, 23.794719696045 ], [ -99.099418640136705, 23.7982406616212 ], [ -99.109275817870994, 23.819852828979499 ], [ -99.124816894531193, 23.808780670166101 ], [ -99.135513305664105, 23.812770843505898 ], [ -99.113533020019503, 23.894609451294102 ], [ -99.118896484374901, 23.900650024414201 ], [ -99.137481689453097, 23.891040802002099 ], [ -99.163612365722599, 23.9463710784913 ], [ -99.247711181640597, 23.9509506225587 ], [ -99.315040588378906, 23.93044090271 ], [ -99.366577148437401, 23.867759704589901 ], [ -99.370368957519503, 23.839889526367202 ], [ -99.381523132324205, 23.821769714355501 ], [ -99.371086120605497, 23.791990280151399 ] ] ] } },
{ "type": "Feature", "properties": { "NAME_1": "Tamaulipas", "NAME_2": "Guerrero" }, "geometry": { "type": "Polygon", "coordinates": [ [ [ -99.166656494140597, 26.577280044555799 ], [ -99.171066284179602, 26.5531826019287 ], [ -99.195747375488196, 26.5307312011718 ], [ -99.201217651367102, 26.541589736938601 ], [ -99.196395874023395, 26.5553894042969 ], [ -99.215240478515597, 26.557300567627099 ], [ -99.210372924804602, 26.542030334472699 ], [ -99.258796691894503, 26.538681030273601 ], [ -99.259010314941307, 26.521802902221701 ], [ -99.266082763671903, 26.5177116394043 ], [ -99.285209655761705, 26.527540206909201 ], [ -99.303276062011705, 26.5186691284181 ], [ -99.319038391113295, 26.536251068115298 ], [ -99.337371826171804, 26.532850265503001 ], [ -99.354217529296903, 26.5524711608887 ], [ -99.4056396484375, 26.558210372924801 ], [ -99.422401428222699, 26.547519683837901 ], [ -99.415267944335895, 26.536348342895501 ], [ -99.419708251953097, 26.529291152954102 ], [ -99.439163208007798, 26.539329528808601 ], [ -99.466766357421903, 26.5395908355713 ], [ -99.477981567382798, 26.553951263427699 ], [ -99.503128051757798, 26.553749084472798 ], [ -99.524818420410199, 26.565380096435501 ], [ -99.546859741210895, 26.559022903442401 ], [ -99.568443298339801, 26.581800460815401 ], [ -99.594779968261705, 26.637771606445298 ], [ -99.622467041015597, 26.644161224365199 ], [ -99.648841857910099, 26.6314506530762 ], [ -99.671485900878906, 26.64554977417 ], [ -99.681442260742202, 26.670099258422901 ], [ -99.670860290527301, 26.725521087646602 ], [ -99.674842834472699, 26.759809494018601 ], [ -99.652786254882798, 26.830360412597798 ], [ -99.673522949218807, 26.850772857666101 ], [ -99.723793029785199, 26.874122619628999 ], [ -99.777488708495994, 26.8684597015382 ], [ -99.787429809570298, 26.888179779052798 ], [ -99.774665832519503, 26.956560134887699 ], [ -99.755027770996094, 26.997970581054801 ], [ -99.689376831054602, 27.047479629516499 ], [ -99.685287475585895, 27.059921264648501 ], [ -99.7071533203125, 27.110532760620099 ], [ -99.706398010253906, 27.1615905761719 ], [ -99.747695922851605, 27.193660736083999 ], [ -99.760246276855398, 27.242200851440501 ], [ -99.740898132324205, 27.2451400756837 ], [ -99.708328247070298, 27.269069671630898 ], [ -99.629920959472699, 27.2783527374268 ], [ -99.624008178710895, 27.276319503784201 ], [ -99.627151489257798, 27.263231277465799 ], [ -99.603729248046804, 27.265050888061499 ], [ -99.536926269531193, 27.236209869384801 ], [ -99.523483276367202, 27.244800567626999 ], [ -99.492591857910199, 27.245981216430799 ], [ -99.472251892089702, 27.2659015655518 ], [ -99.448318481445298, 27.258399963378899 ], [ -99.448036193847699, 27.2228908538818 ], [ -99.429466247558594, 27.177150726318398 ], [ -99.442398071289006, 27.148170471191399 ], [ -99.433357238769503, 27.128749847412202 ], [ -99.443161010742102, 27.109439849853601 ], [ -99.431076049804702, 27.088619232177798 ], [ -99.452133178710895, 27.061050415039102 ], [ -99.445251464843693, 27.0218105316163 ], [ -99.434631347656193, 27.012531280517599 ], [ -99.414772033691406, 27.015649795532202 ], [ -99.381477355957003, 26.9757804870607 ], [ -99.393302917480497, 26.958320617675898 ], [ -99.387817382812401, 26.943061828613398 ], [ -99.327522277832003, 26.917310714721701 ], [ -99.324790954589801, 26.8766803741456 ], [ -99.276260375976506, 26.8491306304932 ], [ -99.243827819824205, 26.783351898193299 ], [ -99.246101379394503, 26.755210876465 ], [ -99.210952758789105, 26.717550277710099 ], [ -99.211181640625, 26.691699981689499 ], [ -99.1949462890625, 26.6375408172607 ], [ -99.173316955566406, 26.622592926025401 ], [ -99.178199768066307, 26.588920593261701 ], [ -99.166656494140597, 26.577280044555799 ] ] ] } },
{ "type": "Feature", "properties": { "NAME_1": "Tamaulipas", "NAME_2": "Gustavo Díaz Ordáz" }, "geometry": { "type": "Polygon", "coordinates": [ [ [ -98.696571350097699, 26.267179489135799 ], [ -98.684440612792997, 26.264961242675799 ], [ -98.677062988281193, 26.252389907836999 ], [ -98.659927368164105, 26.251241683960099 ], [ -98.659568786621094, 26.241992950439599 ], [ -98.676666259765597, 26.244979858398601 ], [ -98.667221069335895, 26.236070632934702 ], [ -98.632797241210895, 26.244880676269499 ], [ -98.649330139160199, 26.252029418945401 ], [ -98.647666931152301, 26.261259078979499 ], [ -98.620956420898395, 26.259981155395501 ], [ -98.617118835449205, 26.247900009155298 ], [ -98.5947265625, 26.259630203247099 ], [ -98.579696655273395, 26.253871917724599 ], [ -98.582015991210895, 26.235410690307699 ], [ -98.566329956054602, 26.238889694213899 ], [ -98.562042236328097, 26.223569869995199 ], [ -98.549736022949205, 26.235879898071399 ], [ -98.555625915527301, 26.2456798553468 ], [ -98.542587280273395, 26.240867614746101 ], [ -98.536766052245994, 26.227380752563501 ], [ -98.522071838378807, 26.2322597503663 ], [ -98.5247802734375, 26.2212028503419 ], [ -98.513916015625, 26.2261695861818 ], [ -98.546463012695298, 26.068050384521602 ], [ -98.547126770019503, 26.030830383300799 ], [ -98.647163391113295, 26.0289916992188 ], [ -98.745719909667898, 26.007240295410199 ], [ -98.767005920410099, 26.016279220581101 ], [ -98.735252380370994, 26.0524997711182 ], [ -98.753646850585895, 26.0723094940187 ], [ -98.728088378906193, 26.1154594421387 ], [ -98.743667602539105, 26.1344604492188 ], [ -98.733116149902301, 26.151880264282301 ], [ -98.752868652343693, 26.17453956604 ], [ -98.738113403320199, 26.202480316162202 ], [ -98.708251953124901, 26.2064304351807 ], [ -98.707199096679602, 26.214220046997099 ], [ -98.729087829589801, 26.2343215942382 ], [ -98.719779968261705, 26.243881225585898 ], [ -98.722106933593807, 26.253280639648501 ], [ -98.696571350097699, 26.267179489135799 ] ] ] } },
{ "type": "Feature", "properties": { "NAME_1": "Tamaulipas", "NAME_2": "Hidalgo" }, "geometry": { "type": "Polygon", "coordinates": [ [ [ -99.641456604003906, 24.388490676879901 ], [ -99.627693176269503, 24.405941009521499 ], [ -99.609748840332003, 24.4127292633057 ], [ -99.586242675781193, 24.396900177001999 ], [ -99.559806823730497, 24.400880813598601 ], [ -99.516082763671903, 24.391130447387699 ], [ -99.431892395019503, 24.4079895019532 ], [ -99.403877258300795, 24.431949615478601 ], [ -99.349151611328097, 24.441520690918001 ], [ -99.317802429199205, 24.427089691162202 ], [ -99.284332275390597, 24.434022903442301 ], [ -99.269851684570298, 24.417129516601602 ], [ -99.204292297363295, 24.392969131469801 ], [ -99.111518859863295, 24.3153991699219 ], [ -99.105468749999901, 24.302240371704102 ], [ -99.108970642089801, 24.2641105651857 ], [ -99.066986083984403, 24.203212738037202 ], [ -99.045150756835895, 24.140590667724599 ], [ -99.077186584472699, 24.127548217773501 ], [ -99.103469848632798, 24.147169113159201 ], [ -99.131446838378906, 24.1461906433106 ], [ -99.144027709960895, 24.124509811401499 ], [ -99.117156982421903, 24.114730834960898 ], [ -99.138458251953097, 24.068149566650401 ], [ -99.184646606445298, 24.055149078369102 ], [ -99.185043334960895, 24.035690307617301 ], [ -99.208427429199205, 24.024610519409102 ], [ -99.210693359375, 23.995080947876001 ], [ -99.249336242675795, 23.988220214843899 ], [ -99.297950744628906, 23.9992694854737 ], [ -99.457351684570298, 23.9823608398438 ], [ -99.469551086425696, 23.968469619751001 ], [ -99.471771240234304, 23.9338607788087 ], [ -99.494720458984403, 23.9015998840332 ], [ -99.506576538085895, 23.9115104675293 ], [ -99.530776977539006, 23.9139003753663 ], [ -99.549156188964801, 23.930259704589801 ], [ -99.558158874511705, 23.9657096862794 ], [ -99.605056762695298, 24.0636806488038 ], [ -99.666587829589801, 24.125608444213899 ], [ -99.678611755370994, 24.150180816650401 ], [ -99.675666809082003, 24.206501007080199 ], [ -99.640388488769503, 24.345769882202301 ], [ -99.641456604003906, 24.388490676879901 ] ] ] } },
{ "type": "Feature", "properties": { "NAME_1": "Tamaulipas", "NAME_2": "Jaumave" }, "geometry": { "type": "Polygon", "coordinates": [ [ [ -99.401817321777301, 23.097129821777301 ], [ -99.414520263671804, 23.096540451049801 ], [ -99.416336059570298, 23.067369461059702 ], [ -99.431579589843807, 23.045141220092901 ], [ -99.508842468261705, 23.026319503784201 ], [ -99.532119750976506, 23.093931198120199 ], [ -99.527542114257798, 23.159532546996999 ], [ -99.549201965332003, 23.184051513671999 ], [ -99.544708251953097, 23.1970195770263 ], [ -99.531745910644503, 23.192609786987401 ], [ -99.526512145995994, 23.1998691558838 ], [ -99.527236938476605, 23.221990585327301 ], [ -99.542190551757798, 23.223209381103601 ], [ -99.538948059082003, 23.245761871338001 ], [ -99.518760681152301, 23.2362995147706 ], [ -99.510040283203097, 23.248792648315501 ], [ -99.515762329101605, 23.3354606628418 ], [ -99.501052856445199, 23.3718700408937 ], [ -99.502578735351406, 23.393770217895501 ], [ -99.520812988281193, 23.4303607940675 ], [ -99.558456420898395, 23.4056911468506 ], [ -99.591880798339801, 23.409509658813501 ], [ -99.626052856445298, 23.400550842285298 ], [ -99.635696411132798, 23.420780181884801 ], [ -99.609123229980497, 23.432849884033299 ], [ -99.605682373046903, 23.461790084838899 ], [ -99.656608581542997, 23.4811706542969 ], [ -99.673171997070298, 23.524560928344801 ], [ -99.703208923339801, 23.561161041259801 ], [ -99.689956665039006, 23.593942642211999 ], [ -99.683746337890597, 23.731702804565401 ], [ -99.643028259277301, 23.740770339965799 ], [ -99.582000732421804, 23.772970199585 ], [ -99.569923400878906, 23.792680740356499 ], [ -99.568550109863196, 23.828161239623999 ], [ -99.560928344726506, 23.831689834594702 ], [ -99.47110748291, 23.811351776123001 ], [ -99.464256286621094, 23.815631866455099 ], [ -99.441535949707003, 23.784889221191499 ], [ -99.418052673339801, 23.780902862548899 ], [ -99.389236450195298, 23.7841110229493 ], [ -99.328292846679702, 23.8165798187256 ], [ -99.295372009277301, 23.817670822143501 ], [ -99.263397216796804, 23.832229614257798 ], [ -99.276657104492202, 23.776718139648398 ], [ -99.272003173828097, 23.746700286865199 ], [ -99.290519714355497, 23.720211029052699 ], [ -99.282409667968807, 23.715541839599702 ], [ -99.257476806640597, 23.730150222778398 ], [ -99.252822875976605, 23.724559783935501 ], [ -99.312446594238295, 23.667030334472599 ], [ -99.316627502441406, 23.6132926940919 ], [ -99.311653137206903, 23.570802688598601 ], [ -99.285346984863295, 23.521390914916999 ], [ -99.282676696777301, 23.4987010955812 ], [ -99.259559631347599, 23.470790863037202 ], [ -99.248748779296903, 23.4307594299318 ], [ -99.237007141113295, 23.412080764770501 ], [ -99.194259643554702, 23.379579544067401 ], [ -99.210037231445298, 23.3627109527588 ], [ -99.202827453613196, 23.3514804840088 ], [ -99.223747253417997, 23.3307609558106 ], [ -99.238296508789006, 23.285938262939499 ], [ -99.225807189941307, 23.236160278320298 ], [ -99.199440002441406, 23.2016716003419 ], [ -99.204940795898395, 23.192359924316399 ], [ -99.230155944824205, 23.1832008361818 ], [ -99.260818481445298, 23.182069778442401 ], [ -99.258918762207003, 23.140069961548001 ], [ -99.275871276855398, 23.1431694030763 ], [ -99.278869628906193, 23.137041091918899 ], [ -99.262252807617102, 23.079999923706101 ], [ -99.303466796875, 23.069480895996101 ], [ -99.343559265136705, 23.077550888061602 ], [ -99.377891540527301, 23.101060867309599 ], [ -99.401817321777301, 23.097129821777301 ] ] ] } },
{ "type": "Feature", "properties": { "NAME_1": "Tamaulipas", "NAME_2": "Jiménez" }, "geometry": { "type": "Polygon", "coordinates": [ [ [ -98.523536682128807, 23.9392108917237 ], [ -98.533538818359304, 23.914739608764801 ], [ -98.552688598632798, 23.906480789184599 ], [ -98.569496154785099, 23.917631149291999 ], [ -98.586196899414105, 23.914222717285099 ], [ -98.600112915039006, 23.928358078002901 ], [ -98.605262756347599, 23.952640533447401 ], [ -98.624328613281193, 23.934448242187401 ], [ -98.685890197753906, 23.925840377807599 ], [ -98.677909851074205, 23.935510635376001 ], [ -98.679969787597699, 23.948249816894599 ], [ -98.709228515625, 23.9516201019287 ], [ -98.679206848144503, 23.983499526977699 ], [ -98.656341552734403, 23.993669509887699 ], [ -98.655662536621094, 24.0177116394043 ], [ -98.680870056152301, 24.0428199768068 ], [ -98.713088989257798, 24.104141235351701 ], [ -98.776626586914006, 24.111789703369102 ], [ -98.774566650390597, 24.175180435180799 ], [ -98.758262634277301, 24.221439361572301 ], [ -98.753692626953097, 24.293699264526499 ], [ -98.760017395019503, 24.316669464111399 ], [ -98.786880493164105, 24.3443107604981 ], [ -98.783576965332003, 24.389169692993299 ], [ -98.765121459960895, 24.408491134643601 ], [ -98.775978088378906, 24.4249801635743 ], [ -98.772560119628906, 24.4621181488038 ], [ -98.752265930175795, 24.4641418457031 ], [ -98.756233215331903, 24.476619720458999 ], [ -98.750221252441307, 24.4877700805663 ], [ -98.714653015136605, 24.479459762573399 ], [ -98.687957763671903, 24.4975299835206 ], [ -98.648971557617202, 24.491001129150401 ], [ -98.608963012695298, 24.526670455932599 ], [ -98.590232849121094, 24.519170761108501 ], [ -98.582908630371094, 24.5071296691894 ], [ -98.575386047363196, 24.4812908172607 ], [ -98.581497192382798, 24.451799392700199 ], [ -98.567070007324205, 24.442640304565501 ], [ -98.443466186523395, 24.454332351684599 ], [ -98.411956787109304, 24.435871124267599 ], [ -98.376258850097599, 24.4752197265625 ], [ -98.318168640136705, 24.489549636840799 ], [ -98.309165954589801, 24.4804382324219 ], [ -98.2989501953125, 24.484769821166999 ], [ -98.276260375976605, 24.4739799499512 ], [ -98.246437072753906, 24.409990310668899 ], [ -98.249961853027301, 24.347690582275401 ], [ -98.265861511230497, 24.334039688110501 ], [ -98.276679992675795, 24.302490234375099 ], [ -98.298393249511705, 24.272380828857401 ], [ -98.328742980957003, 24.267520904541101 ], [ -98.345207214355497, 24.2424201965332 ], [ -98.366531372070298, 24.2310905456544 ], [ -98.371566772460895, 24.213712692260799 ], [ -98.405357360839801, 24.197639465332099 ], [ -98.417686462402301, 24.174579620361399 ], [ -98.435272216796903, 24.178808212280298 ], [ -98.468940734863295, 24.1414394378663 ], [ -98.488082885742202, 24.145900726318398 ], [ -98.484580993652301, 24.125949859619201 ], [ -98.462677001953097, 24.1084098815919 ], [ -98.445365905761705, 24.064550399780298 ], [ -98.458602905273395, 24.062570571899499 ], [ -98.468193054199205, 24.0236701965332 ], [ -98.497291564941307, 24.011539459228601 ], [ -98.508171081542898, 23.970830917358299 ], [ -98.528610229492202, 23.9475498199463 ], [ -98.523536682128807, 23.9392108917237 ] ] ] } },
{ "type": "Feature", "properties": { "NAME_1": "Tamaulipas", "NAME_2": "Llera" }, "geometry": { "type": "Polygon", "coordinates": [ [ [ -99.262252807617102, 23.079999923706101 ], [ -99.278869628906193, 23.137041091918899 ], [ -99.275871276855398, 23.1431694030763 ], [ -99.258918762207003, 23.140069961548001 ], [ -99.260818481445298, 23.182069778442401 ], [ -99.230155944824205, 23.1832008361818 ], [ -99.204940795898395, 23.192359924316399 ], [ -99.199440002441406, 23.2016716003419 ], [ -99.225807189941307, 23.236160278320298 ], [ -99.237762451171903, 23.281600952148398 ], [ -99.223747253417997, 23.3307609558106 ], [ -99.184478759765597, 23.360330581665199 ], [ -99.144203186035199, 23.341230392456101 ], [ -99.120666503906193, 23.342830657959102 ], [ -99.118263244628906, 23.3496704101562 ], [ -99.137847900390597, 23.4085502624512 ], [ -99.143386840820298, 23.475620269775501 ], [ -99.136146545410099, 23.4833984375 ], [ -99.078468322753807, 23.488349914550799 ], [ -99.033126831054702, 23.506219863891701 ], [ -98.961616516113295, 23.487800598144499 ], [ -98.917266845703097, 23.4971618652344 ], [ -98.905540466308594, 23.4864101409912 ], [ -98.911781311035199, 23.476671218872202 ], [ -98.954757690429602, 23.466619491577202 ], [ -98.977493286132798, 23.445369720458999 ], [ -98.982666015625, 23.434970855713001 ], [ -98.973907470703097, 23.418941497802798 ], [ -98.888626098632798, 23.400590896606602 ], [ -98.893966674804702, 23.3709602355957 ], [ -98.862075805664006, 23.385139465331999 ], [ -98.848571777343807, 23.381811141967901 ], [ -98.824638366699205, 23.3559284210206 ], [ -98.812866210937401, 23.315788269043001 ], [ -98.789321899414006, 23.3195610046388 ], [ -98.774169921875, 23.349840164184702 ], [ -98.755516052246094, 23.360889434814499 ], [ -98.634567260742202, 23.278261184692401 ], [ -98.619445800781193, 23.292791366577099 ], [ -98.632759094238295, 23.317720413208001 ], [ -98.621398925781193, 23.332298278808501 ], [ -98.597732543945199, 23.323799133300799 ], [ -98.561546325683594, 23.328018188476602 ], [ -98.518753051757798, 23.3626804351807 ], [ -98.478881835937401, 23.4088745117188 ], [ -98.468811035156193, 23.389099121093899 ], [ -98.469177246093594, 23.267082214355501 ], [ -98.448303222656193, 23.2457809448243 ], [ -98.444427490234403, 23.225791931152401 ], [ -98.479347229003807, 23.232049942016602 ], [ -98.536003112792898, 23.187690734863398 ], [ -98.549308776855497, 23.167430877685501 ], [ -98.543037414550795, 23.129520416259801 ], [ -98.548187255859403, 23.1208095550538 ], [ -98.568733215332003, 23.1313705444337 ], [ -98.590621948242202, 23.1244602203369 ], [ -98.624732971191406, 23.133560180664102 ], [ -98.639511108398395, 23.124782562255898 ], [ -98.681472778320298, 23.1251106262207 ], [ -98.693649291992102, 23.135339736938501 ], [ -98.714920043945298, 23.109521865844801 ], [ -98.811546325683494, 23.117599487304702 ], [ -98.818206787109304, 23.1142902374269 ], [ -98.808799743652301, 23.097459793090898 ], [ -98.816627502441406, 23.090400695800898 ], [ -98.840286254882798, 23.0936698913575 ], [ -98.889541625976506, 23.081630706787099 ], [ -98.905952453613196, 23.088989257812599 ], [ -98.919822692871094, 23.111860275268601 ], [ -98.989212036132798, 23.178300857543999 ], [ -98.992111206054702, 23.154912948608398 ], [ -99.031288146972699, 23.137750625610501 ], [ -99.028266906738295, 23.1030597686769 ], [ -99.034736633300795, 23.094089508056701 ], [ -99.094337463378906, 23.091190338134801 ], [ -99.114112854003807, 23.071969985961999 ], [ -99.196212768554702, 23.108301162719801 ], [ -99.225646972656193, 23.096900939941499 ], [ -99.245033264160199, 23.1166896820069 ], [ -99.250282287597699, 23.111028671264599 ], [ -99.242607116699105, 23.0913391113282 ], [ -99.262252807617102, 23.079999923706101 ] ] ] } },
{ "type": "Feature", "properties": { "NAME_1": "Tamaulipas", "NAME_2": "Mainero" }, "geometry": { "type": "Polygon", "coordinates": [ [ [ -99.757637023925795, 24.5497512817382 ], [ -99.746116638183494, 24.568069458007798 ], [ -99.693649291992202, 24.592138290405298 ], [ -99.666748046875, 24.617080688476499 ], [ -99.600601196289006, 24.635440826416101 ], [ -99.559806823730497, 24.657592773437599 ], [ -99.499877929687401, 24.741590499877901 ], [ -99.487571716308494, 24.747310638427699 ], [ -99.468986511230398, 24.742309570312599 ], [ -99.483497619628807, 24.731870651245099 ], [ -99.489021301269503, 24.704460144043001 ], [ -99.484786987304702, 24.651210784912202 ], [ -99.464073181152301, 24.626771926879901 ], [ -99.462257385253906, 24.5985202789307 ], [ -99.486541748046804, 24.603969573974702 ], [ -99.489646911621094, 24.5804328918457 ], [ -99.477081298828097, 24.560371398925799 ], [ -99.487968444824205, 24.543319702148398 ], [ -99.5087890625, 24.541429519653299 ], [ -99.554573059082003, 24.575330734252901 ], [ -99.569313049316307, 24.573780059814499 ], [ -99.585845947265597, 24.558771133422798 ], [ -99.598838806152301, 24.569709777832099 ], [ -99.616012573242202, 24.556390762329201 ], [ -99.632537841796804, 24.557540893554801 ], [ -99.615837097167997, 24.539270401001101 ], [ -99.621582031249901, 24.513881683349702 ], [ -99.679428100585895, 24.515060424804702 ], [ -99.703346252441406, 24.485082626342798 ], [ -99.760009765625, 24.4805297851562 ], [ -99.773811340332003, 24.4909896850587 ], [ -99.757637023925795, 24.5497512817382 ] ] ] } },
{ "type": "Feature", "properties": { "NAME_1": "Tamaulipas", "NAME_2": "Matamoros" }, "geometry": { "type": "GeometryCollection", "geometries": [ { "type": "Polygon", "coordinates": [ [ [ -97.554580688476506, 25.345138549804702 ], [ -97.555969238281193, 25.351804733276399 ], [ -97.557640075683494, 25.342081069946399 ], [ -97.549308776855497, 25.348194122314499 ], [ -97.552917480468807, 25.339027404785199 ], [ -97.5443115234375, 25.339027404785199 ], [ -97.554306030273395, 25.3329162597656 ], [ -97.540412902832003, 25.337917327881001 ], [ -97.543746948242202, 25.322639465331999 ], [ -97.532638549804602, 25.3345832824707 ], [ -97.530700683593807, 25.322875976562599 ], [ -97.539863586425795, 25.320417404174901 ], [ -97.527923583984403, 25.320695877075298 ], [ -97.530136108398395, 25.309583663940501 ], [ -97.531806945800696, 25.3173427581788 ], [ -97.554031372070199, 25.319026947021602 ], [ -97.555946350097699, 25.3154811859132 ], [ -97.549583435058594, 25.308471679687599 ], [ -97.536247253417997, 25.3048610687256 ], [ -97.537635803222699, 25.310417175293001 ], [ -97.527641296386705, 25.307916641235501 ], [ -97.525413513183494, 25.319860458374102 ], [ -97.522087097167997, 25.314582824707099 ], [ -97.532081604003807, 25.288471221923899 ], [ -97.557357788085895, 25.279027938842901 ], [ -97.570693969726506, 25.285972595215 ], [ -97.570693969726506, 25.291528701782301 ], [ -97.562637329101605, 25.2895812988282 ], [ -97.564880371093693, 25.301805496215898 ], [ -97.574028015136705, 25.2968063354493 ], [ -97.5665283203125, 25.311250686645501 ], [ -97.575416564941406, 25.315694808959901 ], [ -97.571525573730497, 25.320972442627099 ], [ -97.575691223144503, 25.3265285491944 ], [ -97.567359924316307, 25.3240261077881 ], [ -97.571807861328097, 25.329860687255898 ], [ -97.587638854980497, 25.318473815918001 ], [ -97.577079772949205, 25.319026947021602 ], [ -97.584587097167997, 25.30930519104 ], [ -97.588470458984403, 25.3168048858643 ], [ -97.611526489257798, 25.307638168335099 ], [ -97.615417480468693, 25.318750381469801 ], [ -97.605697631835895, 25.314582824707099 ], [ -97.610137939453097, 25.309583663940501 ], [ -97.601249694824205, 25.317081451416101 ], [ -97.608749389648395, 25.318473815918001 ], [ -97.605972290039006, 25.3256950378419 ], [ -97.613471984863295, 25.320138931274499 ], [ -97.620697021484403, 25.323472976684599 ], [ -97.617622375488196, 25.329025268554702 ], [ -97.637916564941406, 25.332639694213999 ], [ -97.622085571289105, 25.347360610961999 ], [ -97.624862670898395, 25.357915878295898 ], [ -97.6168212890625, 25.3690795898438 ], [ -97.636802673339801, 25.358474731445298 ], [ -97.644302368164105, 25.358192443847699 ], [ -97.636596679687401, 25.363523483276499 ], [ -97.644859313964801, 25.364860534668001 ], [ -97.640136718749901, 25.369581222534201 ], [ -97.648475646972699, 25.379304885864201 ], [ -97.656524658203097, 25.3645839691162 ], [ -97.675140380859304, 25.377916336059702 ], [ -97.6934814453125, 25.3779315948487 ], [ -97.710418701171804, 25.363193511962901 ], [ -97.692359924316406, 25.370138168335 ], [ -97.691223144531193, 25.36212348938 ], [ -97.709030151367202, 25.35013961792 ], [ -97.714561462402301, 25.3551464080812 ], [ -97.725975036620994, 25.3329162597656 ], [ -97.707916259765597, 25.310138702392599 ], [ -97.690696716308594, 25.339582443237301 ], [ -97.720413208007798, 25.2829189300537 ], [ -97.71875, 25.260498046875 ], [ -97.726013183593807, 25.254077911376999 ], [ -97.72802734375, 25.269287109375099 ], [ -97.817077636718807, 25.3458862304687 ], [ -97.928405761718807, 25.355714797973601 ], [ -97.918701171874901, 25.402282714843899 ], [ -97.9033203125, 25.4035034179688 ], [ -97.891410827636705, 25.443300247192401 ], [ -97.84521484375, 25.443115234375099 ], [ -97.817077636718807, 25.451721191406399 ], [ -97.809692382812401, 25.4982929229737 ], [ -97.774719238281193, 25.5076904296875 ], [ -97.770385742187401, 25.5156860351562 ], [ -97.766296386718693, 25.557922363281399 ], [ -97.778686523437401, 25.6071166992188 ], [ -97.780822753906193, 25.792480468750099 ], [ -97.763488769531193, 25.823486328124901 ], [ -97.796287536621094, 25.876951217651399 ], [ -97.818618774414105, 25.8849697113038 ], [ -97.831298828125, 25.899110794067401 ], [ -97.864196777343807, 25.894897460937599 ], [ -97.906005859374901, 25.914918899536101 ], [ -97.9329833984375, 25.9102783203125 ], [ -97.924598693847599, 25.9569206237793 ], [ -97.934020996093807, 26.002929687500099 ], [ -97.919006347656193, 26.057495117187599 ], [ -97.898376464843693, 26.0601196289063 ], [ -97.899597167968807, 26.048889160156399 ], [ -97.886253356933594, 26.063938140869102 ], [ -97.865631103515597, 26.063102722168001 ], [ -97.86279296875, 26.055591583251999 ], [ -97.837806701660199, 26.048131942748999 ], [ -97.820976257324205, 26.057489395141701 ], [ -97.817199707031193, 26.045471191406399 ], [ -97.804725646972599, 26.061275482177699 ], [ -97.7919921875, 26.0494995117187 ], [ -97.800697326660199, 26.0431804656982 ], [ -97.798400878906193, 26.034912109375099 ], [ -97.778808593749901, 26.0311298370362 ], [ -97.779022216796903, 26.0445766448975 ], [ -97.771911621093693, 26.047729492187599 ], [ -97.764915466308594, 26.026262283325298 ], [ -97.742156982421804, 26.030349731445401 ], [ -97.732749938964702, 26.0245895385743 ], [ -97.731506347656193, 26.0338745117188 ], [ -97.717132568359403, 26.025171279907202 ], [ -97.709815979003906, 26.035190582275401 ], [ -97.694549560546903, 26.022819519043001 ], [ -97.69482421875, 26.0311298370362 ], [ -97.681884765624901, 26.027284622192401 ], [ -97.672607421875, 26.0335083007812 ], [ -97.665588378906193, 26.030885696411101 ], [ -97.669456481933594, 26.020401000976602 ], [ -97.656921386718693, 26.018678665161101 ], [ -97.646629333495994, 26.0277519226075 ], [ -97.643226623535199, 26.004529953003001 ], [ -97.621116638183594, 26.003559112548899 ], [ -97.636062622070298, 25.990480422973601 ], [ -97.612251281738295, 25.9783611297607 ], [ -97.6112060546875, 25.961730957031399 ], [ -97.587547302246094, 25.962511062622099 ], [ -97.582969665527301, 25.9461994171143 ], [ -97.5701904296875, 25.952880859375099 ], [ -97.587265014648395, 25.934867858886701 ], [ -97.564880371093693, 25.9273071289062 ], [ -97.556037902832003, 25.938619613647599 ], [ -97.540664672851506, 25.931297302246101 ], [ -97.54541015625, 25.9223022460938 ], [ -97.533866882324205, 25.922359466552798 ], [ -97.536659240722599, 25.9127006530762 ], [ -97.523277282714801, 25.888299942016701 ], [ -97.501426696777301, 25.897039413452301 ], [ -97.498779296874901, 25.8812866210938 ], [ -97.471008300781193, 25.888488769531399 ], [ -97.474906921386705, 25.8755493164062 ], [ -97.456481933593807, 25.8853149414062 ], [ -97.459411621093693, 25.868286132812599 ], [ -97.447509765624901, 25.867494583129901 ], [ -97.454879760742202, 25.8565406799318 ], [ -97.429199218749901, 25.8411254882813 ], [ -97.4166259765625, 25.842712402343899 ], [ -97.4105224609375, 25.8615112304688 ], [ -97.40087890625, 25.847288131713899 ], [ -97.407211303710895, 25.838211059570298 ], [ -97.380676269531193, 25.841308593750099 ], [ -97.369079589843693, 25.850708007812599 ], [ -97.375, 25.858276367187599 ], [ -97.359924316406193, 25.8737182617188 ], [ -97.376281738281193, 25.8790893554688 ], [ -97.361999511718807, 25.887510299682699 ], [ -97.3734130859375, 25.9110717773438 ], [ -97.345123291015597, 25.932020187377901 ], [ -97.340896606445298, 25.921730041503899 ], [ -97.32861328125, 25.91827583313 ], [ -97.320388793945298, 25.932712554931602 ], [ -97.308578491210895, 25.9269104003906 ], [ -97.303756713867102, 25.936500549316499 ], [ -97.281707763671903, 25.9345397949219 ], [ -97.287460327148395, 25.9596881866456 ], [ -97.255126953124901, 25.9483032226563 ], [ -97.210906982421903, 25.963670730590898 ], [ -97.193550109863295, 25.956251144409201 ], [ -97.159591674804602, 25.9645805358887 ], [ -97.159523010253906, 25.9516201019287 ], [ -97.146247863769503, 25.9659729003906 ], [ -97.14990234375, 25.830139160156399 ], [ -97.182640075683494, 25.675138473510799 ], [ -97.250419616699205, 25.541805267334102 ], [ -97.380973815917997, 25.323472976684599 ], [ -97.421249389648395, 25.236251831054702 ], [ -97.456527709960895, 25.243473052978601 ], [ -97.445137023925795, 25.259027481079201 ], [ -97.447639465332003, 25.246528625488299 ], [ -97.440124511718807, 25.254089355468899 ], [ -97.423469543457003, 25.281528472900401 ], [ -97.4093017578125, 25.310417175293001 ], [ -97.413475036621094, 25.320138931274499 ], [ -97.398193359374901, 25.3259716033937 ], [ -97.399864196777301, 25.335416793823299 ], [ -97.391250610351605, 25.342363357543899 ], [ -97.386779785156193, 25.337890625 ], [ -97.392082214355398, 25.348472595214901 ], [ -97.379585266113196, 25.349027633667099 ], [ -97.376525878906193, 25.351528167724599 ], [ -97.386253356933494, 25.351528167724599 ], [ -97.380691528320298, 25.3556938171388 ], [ -97.389579772949205, 25.355138778686602 ], [ -97.387641906738295, 25.363193511962901 ], [ -97.382080078124901, 25.358749389648501 ], [ -97.37451171875, 25.36212348938 ], [ -97.378128051757798, 25.368185043335 ], [ -97.401252746581903, 25.368749618530298 ], [ -97.402915954589801, 25.362918853759901 ], [ -97.414581298828097, 25.3565273284912 ], [ -97.410140991210895, 25.3495826721193 ], [ -97.420135498046804, 25.337917327881001 ], [ -97.419860839843807, 25.326805114746001 ], [ -97.410415649414105, 25.325138092041101 ], [ -97.419029235839801, 25.317916870117202 ], [ -97.416252136230497, 25.310487747192401 ], [ -97.424308776855398, 25.304334640503001 ], [ -97.423225402832003, 25.3218078613282 ], [ -97.429306030273395, 25.327638626098601 ], [ -97.445968627929602, 25.300138473510799 ], [ -97.427917480468807, 25.3520832061768 ], [ -97.424026489257798, 25.329860687255898 ], [ -97.417358398437401, 25.359027862548899 ], [ -97.396247863769503, 25.374860763549801 ], [ -97.410140991210895, 25.376249313354499 ], [ -97.406806945800795, 25.369304656982401 ], [ -97.417358398437401, 25.362361907959102 ], [ -97.414863586425696, 25.370693206787202 ], [ -97.415695190429702, 25.371528625488299 ], [ -97.424308776855398, 25.3626384735107 ], [ -97.429580688476406, 25.360971450805799 ], [ -97.414863586425696, 25.373472213745199 ], [ -97.419303894042997, 25.377916336059702 ], [ -97.437919616699205, 25.3601379394532 ], [ -97.443191528320298, 25.3612499237062 ], [ -97.438468933105497, 25.367082595825298 ], [ -97.448196411132798, 25.3556938171388 ], [ -97.451248168945298, 25.362361907959102 ], [ -97.429306030273395, 25.3801383972168 ], [ -97.410697937011605, 25.379583358764801 ], [ -97.410972595214801, 25.387083053588899 ], [ -97.392082214355398, 25.401807785034201 ], [ -97.408752441406193, 25.422916412353601 ], [ -97.424583435058494, 25.415971755981399 ], [ -97.4415283203125, 25.427639007568398 ], [ -97.444030761718807, 25.4181938171387 ], [ -97.452880859375, 25.4213256835938 ], [ -97.456802368164105, 25.415138244628899 ], [ -97.440971374511705, 25.4413166046143 ], [ -97.443748474121094, 25.447916030883899 ], [ -97.452636718749901, 25.4395847320556 ], [ -97.464027404785199, 25.441528320312599 ], [ -97.476806640625, 25.424581527710099 ], [ -97.475135803222599, 25.4381923675537 ], [ -97.469306945800795, 25.436527252197401 ], [ -97.466491699218807, 25.4404907226562 ], [ -97.496246337890597, 25.4506931304932 ], [ -97.510971069335895, 25.446527481079201 ], [ -97.505973815917997, 25.454027175903398 ], [ -97.520416259765597, 25.453750610351602 ], [ -97.525115966796804, 25.4665222167969 ], [ -97.534027099609403, 25.460971832275501 ], [ -97.537918090820298, 25.461805343627901 ], [ -97.536209106445298, 25.471523284912099 ], [ -97.523750305175795, 25.4679164886475 ], [ -97.524581909179702, 25.473472595215 ], [ -97.5408935546875, 25.471527099609499 ], [ -97.5504150390625, 25.4587497711182 ], [ -97.557579040527301, 25.461835861206101 ], [ -97.562080383300795, 25.4409713745118 ], [ -97.570968627929702, 25.446805953979499 ], [ -97.576530456542898, 25.444583892822202 ], [ -97.567085266113196, 25.4426383972169 ], [ -97.573974609375, 25.4334716796875 ], [ -97.562919616699205, 25.430416107177798 ], [ -97.537902832031193, 25.4401245117188 ], [ -97.544860839843693, 25.4290275573731 ], [ -97.541526794433494, 25.424863815307599 ], [ -97.537635803222699, 25.431804656982401 ], [ -97.537902832031193, 25.418518066406399 ], [ -97.514305114746094, 25.395971298217901 ], [ -97.507362365722599, 25.411249160766701 ], [ -97.505691528320298, 25.4009723663331 ], [ -97.521247863769503, 25.379304885864201 ], [ -97.501846313476506, 25.391485214233398 ], [ -97.505691528320298, 25.370138168335 ], [ -97.495697021484403, 25.376527786254901 ], [ -97.497642517089801, 25.360971450805799 ], [ -97.482131958007798, 25.358240127563501 ], [ -97.492637634277301, 25.351528167724599 ], [ -97.493469238281193, 25.357082366943398 ], [ -97.514862060546903, 25.358749389648501 ], [ -97.504859924316406, 25.363193511962901 ], [ -97.521247863769503, 25.370693206787202 ], [ -97.511253356933594, 25.371303558349702 ], [ -97.514030456542997, 25.375694274902301 ], [ -97.524871826171903, 25.376813888549901 ], [ -97.545974731445298, 25.367082595825298 ], [ -97.548751831054602, 25.3573627471925 ], [ -97.536193847656193, 25.359315872192401 ], [ -97.541809082031193, 25.354305267333999 ], [ -97.552085876464801, 25.355138778686602 ], [ -97.549011230468807, 25.3690795898438 ], [ -97.552085876464801, 25.370973587036101 ], [ -97.556808471679702, 25.355417251586999 ], [ -97.549026489257798, 25.350416183471602 ], [ -97.554580688476506, 25.345138549804702 ] ] ] }, { "type": "Polygon", "coordinates": [ [ [ -97.524314880371094, 25.454559326171999 ], [ -97.524024963378906, 25.4490280151368 ], [ -97.544029235839801, 25.445417404174801 ], [ -97.536804199218807, 25.451293945312599 ], [ -97.524314880371094, 25.454559326171999 ] ] ] }, { "type": "Polygon", "coordinates": [ [ [ -97.480140686035199, 25.443195343017699 ], [ -97.481246948242102, 25.436252593994102 ], [ -97.532913208007798, 25.427360534668001 ], [ -97.516250610351506, 25.441806793212901 ], [ -97.480140686035199, 25.443195343017699 ] ] ] }, { "type": "Polygon", "coordinates": [ [ [ -97.455413818359304, 25.437709808349702 ], [ -97.451225280761605, 25.432867050170898 ], [ -97.467361450195298, 25.4190273284913 ], [ -97.461250305175795, 25.425695419311602 ], [ -97.466247558593807, 25.435693740844801 ], [ -97.455413818359304, 25.437709808349702 ] ] ] }, { "type": "Polygon", "coordinates": [ [ [ -97.494331359863196, 25.427360534668001 ], [ -97.492614746093594, 25.422912597656399 ], [ -97.4959716796875, 25.4181938171387 ], [ -97.497352600097599, 25.4209728240968 ], [ -97.494331359863196, 25.427360534668001 ] ] ] }, { "type": "Polygon", "coordinates": [ [ [ -97.460136413574205, 25.420595169067401 ], [ -97.459030151367102, 25.417638778686602 ], [ -97.464027404785199, 25.411806106567401 ], [ -97.475135803222599, 25.411806106567401 ], [ -97.460136413574205, 25.420595169067401 ] ] ] }, { "type": "Polygon", "coordinates": [ [ [ -97.447639465332003, 25.418090820312599 ], [ -97.443191528320298, 25.41263961792 ], [ -97.452079772949205, 25.408470153808601 ], [ -97.4576416015625, 25.410692214965898 ], [ -97.447639465332003, 25.418090820312599 ] ] ] }, { "type": "Polygon", "coordinates": [ [ [ -97.494857788085895, 25.417676925659201 ], [ -97.493713378906193, 25.4135131835938 ], [ -97.496803283691307, 25.41263961792 ], [ -97.497642517089801, 25.414028167724702 ], [ -97.494857788085895, 25.417676925659201 ] ] ] }, { "type": "Polygon", "coordinates": [ [ [ -97.510971069335895, 25.417638778686602 ], [ -97.509307861328097, 25.415971755981399 ], [ -97.511253356933594, 25.413196563720799 ], [ -97.511802673339801, 25.4162502288818 ], [ -97.510971069335895, 25.417638778686602 ] ] ] }, { "type": "Polygon", "coordinates": [ [ [ -97.420135498046804, 25.414936065673899 ], [ -97.417640686035099, 25.4113159179688 ], [ -97.427917480468807, 25.4043064117432 ], [ -97.439857482910099, 25.4026393890382 ], [ -97.420135498046804, 25.414936065673899 ] ] ] }, { "type": "Polygon", "coordinates": [ [ [ -97.477912902832003, 25.4122924804688 ], [ -97.477638244628807, 25.407638549804801 ], [ -97.484580993652301, 25.405971527099702 ], [ -97.484863281249901, 25.4073600769044 ], [ -97.477912902832003, 25.4122924804688 ] ] ] }, { "type": "Polygon", "coordinates": [ [ [ -97.465972900390597, 25.410417556762699 ], [ -97.463470458984403, 25.4081935882569 ], [ -97.470092773437401, 25.407287597656399 ], [ -97.469802856445298, 25.409030914306701 ], [ -97.465972900390597, 25.410417556762699 ] ] ] }, { "type": "Polygon", "coordinates": [ [ [ -97.443473815917898, 25.4098606109619 ], [ -97.441787719726406, 25.4099311828613 ], [ -97.440971374511705, 25.407638549804801 ], [ -97.443748474121094, 25.4081935882569 ], [ -97.443473815917898, 25.4098606109619 ] ] ] }, { "type": "Polygon", "coordinates": [ [ [ -97.495697021484403, 25.408470153808601 ], [ -97.494857788085895, 25.405517578125099 ], [ -97.499862670898295, 25.3926391601562 ], [ -97.502357482910199, 25.392915725708001 ], [ -97.502639770507798, 25.405694961547901 ], [ -97.495697021484403, 25.408470153808601 ] ] ] }, { "type": "Polygon", "coordinates": [ [ [ -97.456802368164105, 25.407917022705199 ], [ -97.455696105957003, 25.4073600769044 ], [ -97.456527709960895, 25.404027938842798 ], [ -97.457916259765597, 25.4054164886475 ], [ -97.456802368164105, 25.407917022705199 ] ] ] }, { "type": "Polygon", "coordinates": [ [ [ -97.472640991210895, 25.404861450195298 ], [ -97.470695495605497, 25.399585723876999 ], [ -97.4798583984375, 25.3965282440187 ], [ -97.481246948242102, 25.3993034362794 ], [ -97.472640991210895, 25.404861450195298 ] ] ] }, { "type": "Polygon", "coordinates": [ [ [ -97.443191528320298, 25.404708862304702 ], [ -97.443191528320298, 25.4009723663331 ], [ -97.445137023925795, 25.400138854980501 ], [ -97.446807861328097, 25.4026393890382 ], [ -97.443191528320298, 25.404708862304702 ] ] ] }, { "type": "Polygon", "coordinates": [ [ [ -97.451248168945298, 25.404201507568398 ], [ -97.449584960937401, 25.401807785034201 ], [ -97.451530456542997, 25.3993034362794 ], [ -97.463195800781193, 25.400417327880898 ], [ -97.451248168945298, 25.404201507568398 ] ] ] }, { "type": "Polygon", "coordinates": [ [ [ -97.424026489257798, 25.4006958007813 ], [ -97.422912597656193, 25.396484375 ], [ -97.4254150390625, 25.396249771118299 ], [ -97.426803588867102, 25.400138854980501 ], [ -97.424026489257798, 25.4006958007813 ] ] ] }, { "type": "Polygon", "coordinates": [ [ [ -97.437362670898395, 25.3966083526612 ], [ -97.4415283203125, 25.3909721374513 ], [ -97.447364807128906, 25.394027709961001 ], [ -97.447364807128906, 25.3954162597657 ], [ -97.437362670898395, 25.3966083526612 ] ] ] }, { "type": "Polygon", "coordinates": [ [ [ -97.457916259765597, 25.3947448730469 ], [ -97.455696105957003, 25.384862899780298 ], [ -97.460693359375, 25.379583358764801 ], [ -97.463195800781193, 25.390693664550898 ], [ -97.457916259765597, 25.3947448730469 ] ] ] }, { "type": "Polygon", "coordinates": [ [ [ -97.483749389648395, 25.394306182861399 ], [ -97.481246948242102, 25.393194198608398 ], [ -97.484580993652301, 25.3898620605469 ], [ -97.490135192870994, 25.390693664550898 ], [ -97.483749389648395, 25.394306182861399 ] ] ] }, { "type": "Polygon", "coordinates": [ [ [ -97.494583129882798, 25.3937492370606 ], [ -97.492080688476605, 25.387697219848601 ], [ -97.497642517089801, 25.382638931274499 ], [ -97.498748779296903, 25.387083053588899 ], [ -97.494583129882798, 25.3937492370606 ] ] ] }, { "type": "Polygon", "coordinates": [ [ [ -97.476806640625, 25.3913078308106 ], [ -97.484580993652301, 25.382083892822301 ], [ -97.492080688476605, 25.382083892822301 ], [ -97.480972290039006, 25.390693664550898 ], [ -97.476806640625, 25.3913078308106 ] ] ] }, { "type": "Polygon", "coordinates": [ [ [ -97.467636108398395, 25.391311645507798 ], [ -97.466011047363295, 25.3890476226807 ], [ -97.467895507812401, 25.3878784179688 ], [ -97.469024658203097, 25.390693664550898 ], [ -97.467636108398395, 25.391311645507798 ] ] ] }, { "type": "Polygon", "coordinates": [ [ [ -97.472915649414105, 25.3881225585938 ], [ -97.471801757812401, 25.383752822876001 ], [ -97.476196289062401, 25.383729934692401 ], [ -97.475975036621094, 25.3873615264893 ], [ -97.472915649414105, 25.3881225585938 ] ] ] }, { "type": "Polygon", "coordinates": [ [ [ -97.446525573730398, 25.387638092041101 ], [ -97.444305419921903, 25.381250381469702 ], [ -97.449302673339801, 25.378749847412202 ], [ -97.449584960937401, 25.379861831665199 ], [ -97.446525573730398, 25.387638092041101 ] ] ] }, { "type": "Polygon", "coordinates": [ [ [ -97.465972900390597, 25.385978698730501 ], [ -97.464027404785199, 25.384304046631001 ], [ -97.465415954589801, 25.382638931274499 ], [ -97.467895507812401, 25.3834857940675 ], [ -97.465972900390597, 25.385978698730501 ] ] ] }, { "type": "Polygon", "coordinates": [ [ [ -97.470695495605497, 25.381103515625099 ], [ -97.469024658203097, 25.375972747802699 ], [ -97.474861145019503, 25.370973587036101 ], [ -97.477363586425795, 25.3737506866456 ], [ -97.470695495605497, 25.381103515625099 ] ] ] }, { "type": "Polygon", "coordinates": [ [ [ -97.479026794433594, 25.3803100585938 ], [ -97.477638244628807, 25.376806259155298 ], [ -97.480140686035199, 25.376249313354499 ], [ -97.480972290039006, 25.379304885864201 ], [ -97.479026794433594, 25.3803100585938 ] ] ] }, { "type": "Polygon", "coordinates": [ [ [ -97.486526489257798, 25.376249313354499 ], [ -97.485420227050795, 25.370138168335 ], [ -97.494026184082003, 25.365972518921001 ], [ -97.493194580078097, 25.3754177093506 ], [ -97.486526489257798, 25.376249313354499 ] ] ] }, { "type": "Polygon", "coordinates": [ [ [ -97.522918701171804, 25.375629425048899 ], [ -97.521804809570298, 25.3729171752931 ], [ -97.524024963378906, 25.371803283691499 ], [ -97.524864196777301, 25.374584197998001 ], [ -97.522918701171804, 25.375629425048899 ] ] ] }, { "type": "Polygon", "coordinates": [ [ [ -97.676803588867202, 25.373907089233398 ], [ -97.670974731445298, 25.3685283660888 ], [ -97.687362670898395, 25.371803283691499 ], [ -97.680694580078097, 25.374029159546001 ], [ -97.676803588867202, 25.373907089233398 ] ] ] }, { "type": "Polygon", "coordinates": [ [ [ -97.5281982421875, 25.371528625488299 ], [ -97.521804809570298, 25.365972518921001 ], [ -97.532638549804602, 25.3573627471925 ], [ -97.533195495605497, 25.367916107177699 ], [ -97.5281982421875, 25.371528625488299 ] ] ] }, { "type": "Polygon", "coordinates": [ [ [ -97.480697631835895, 25.371284484863299 ], [ -97.478752136230398, 25.368471145629901 ], [ -97.481246948242102, 25.366806030273601 ], [ -97.482917785644503, 25.368749618530298 ], [ -97.480697631835895, 25.371284484863299 ] ] ] }, { "type": "Polygon", "coordinates": [ [ [ -97.544029235839801, 25.366806030273601 ], [ -97.542083740234304, 25.365972518921001 ], [ -97.542640686035199, 25.364028930664102 ], [ -97.544586181640597, 25.364305496215799 ], [ -97.544029235839801, 25.366806030273601 ] ] ] }, { "type": "Polygon", "coordinates": [ [ [ -97.540138244628906, 25.366249084472798 ], [ -97.534912109375, 25.3640747070313 ], [ -97.536804199218807, 25.360971450805799 ], [ -97.540969848632798, 25.3618068695069 ], [ -97.540138244628906, 25.366249084472798 ] ] ] }, { "type": "Polygon", "coordinates": [ [ [ -97.474586486816307, 25.3626384735107 ], [ -97.471008300781193, 25.356805801391499 ], [ -97.477912902832003, 25.3529167175294 ], [ -97.480140686035199, 25.3556938171388 ], [ -97.474586486816307, 25.3626384735107 ] ] ] }, { "type": "Polygon", "coordinates": [ [ [ -97.389579772949205, 25.3618068695069 ], [ -97.389862060546903, 25.359922409057699 ], [ -97.390975952148395, 25.359584808349599 ], [ -97.391525268554602, 25.362361907959102 ], [ -97.389579772949205, 25.3618068695069 ] ] ] }, { "type": "Polygon", "coordinates": [ [ [ -97.419860839843807, 25.3565273284912 ], [ -97.420104980468693, 25.3515014648438 ], [ -97.423469543457003, 25.3493061065675 ], [ -97.423194885253906, 25.3565273284912 ], [ -97.419860839843807, 25.3565273284912 ] ] ] }, { "type": "Polygon", "coordinates": [ [ [ -97.510414123535099, 25.357082366943398 ], [ -97.498191833496094, 25.352361679077099 ], [ -97.506248474120994, 25.351249694824201 ], [ -97.497917175292997, 25.346250534057599 ], [ -97.507637023925795, 25.347917556762798 ], [ -97.509025573730497, 25.338750839233501 ], [ -97.495697021484403, 25.339860916137699 ], [ -97.497642517089801, 25.3493061065675 ], [ -97.477638244628807, 25.349027633667099 ], [ -97.477081298828097, 25.335971832275401 ], [ -97.509864807128807, 25.337917327881001 ], [ -97.519584655761705, 25.345417022705099 ], [ -97.510139465332003, 25.345138549804702 ], [ -97.510414123535099, 25.357082366943398 ] ] ] }, { "type": "Polygon", "coordinates": [ [ [ -97.408195495605398, 25.3568344116212 ], [ -97.407081604003906, 25.355417251586999 ], [ -97.410140991210895, 25.354028701782301 ], [ -97.410415649414105, 25.3548603057862 ], [ -97.408195495605398, 25.3568344116212 ] ] ] }, { "type": "Polygon", "coordinates": [ [ [ -97.481796264648395, 25.3562622070313 ], [ -97.480712890625, 25.354028701782301 ], [ -97.481246948242102, 25.351249694824201 ], [ -97.483192443847699, 25.352361679077099 ], [ -97.481796264648395, 25.3562622070313 ] ] ] }, { "type": "Polygon", "coordinates": [ [ [ -97.391502380370994, 25.3562526702881 ], [ -97.389862060546903, 25.3515014648438 ], [ -97.397087097167997, 25.350973129272599 ], [ -97.396247863769503, 25.3556938171388 ], [ -97.391502380370994, 25.3562526702881 ] ] ] }, { "type": "Polygon", "coordinates": [ [ [ -97.529861450195298, 25.3544921875 ], [ -97.529029846191307, 25.351528167724599 ], [ -97.532913208007798, 25.350694656371999 ], [ -97.533195495605497, 25.353471755981499 ], [ -97.529861450195298, 25.3544921875 ] ] ] }, { "type": "Polygon", "coordinates": [ [ [ -97.525695800781193, 25.3541584014893 ], [ -97.525413513183494, 25.345417022705099 ], [ -97.535972595214801, 25.3470859527588 ], [ -97.525970458984304, 25.348474502563501 ], [ -97.525695800781193, 25.3541584014893 ] ] ] }, { "type": "Polygon", "coordinates": [ [ [ -97.537361145019503, 25.353910446166999 ], [ -97.540412902832003, 25.3419189453125 ], [ -97.545417785644503, 25.341527938842798 ], [ -97.541809082031193, 25.351804733276399 ], [ -97.537361145019503, 25.353910446166999 ] ] ] }, { "type": "Polygon", "coordinates": [ [ [ -97.394027709960895, 25.349027633667099 ], [ -97.394287109374901, 25.340698242187599 ], [ -97.396804809570298, 25.339860916137699 ], [ -97.397361755371094, 25.346805572509801 ], [ -97.394027709960895, 25.349027633667099 ] ] ] }, { "type": "Polygon", "coordinates": [ [ [ -97.400970458984304, 25.347747802734499 ], [ -97.398818969726605, 25.345972061157202 ], [ -97.400413513183594, 25.341249465942401 ], [ -97.4031982421875, 25.344303131103501 ], [ -97.400970458984304, 25.347747802734499 ] ] ] }, { "type": "Polygon", "coordinates": [ [ [ -97.533470153808594, 25.3461303710938 ], [ -97.531524658202997, 25.3401393890381 ], [ -97.537086486816406, 25.335695266723601 ], [ -97.539581298828097, 25.3384723663331 ], [ -97.533470153808594, 25.3461303710938 ] ] ] }, { "type": "Polygon", "coordinates": [ [ [ -97.643753051757798, 25.3437519073487 ], [ -97.641769409179602, 25.343200683593899 ], [ -97.640136718749901, 25.336805343628001 ], [ -97.645973205566406, 25.339860916137699 ], [ -97.643753051757798, 25.3437519073487 ] ] ] }, { "type": "Polygon", "coordinates": [ [ [ -97.717636108398395, 25.338621139526399 ], [ -97.714027404785099, 25.336250305175799 ], [ -97.714584350585895, 25.334861755371101 ], [ -97.717361450195298, 25.335695266723601 ], [ -97.717636108398395, 25.338621139526399 ] ] ] }, { "type": "Polygon", "coordinates": [ [ [ -97.711524963378906, 25.338193893432699 ], [ -97.709793090820298, 25.337625503540099 ], [ -97.7100830078125, 25.3363056182862 ], [ -97.712585449218807, 25.3363056182862 ], [ -97.711524963378906, 25.338193893432699 ] ] ] }, { "type": "Polygon", "coordinates": [ [ [ -97.401802062988196, 25.3380451202393 ], [ -97.400970458984304, 25.334028244018601 ], [ -97.405418395995994, 25.331527709961101 ], [ -97.405975341796903, 25.335138320922901 ], [ -97.401802062988196, 25.3380451202393 ] ] ] }, { "type": "Polygon", "coordinates": [ [ [ -97.409027099609403, 25.33770942688 ], [ -97.4093017578125, 25.328752517700298 ], [ -97.410972595214801, 25.327638626098601 ], [ -97.411529541015597, 25.336250305175799 ], [ -97.409027099609403, 25.33770942688 ] ] ] }, { "type": "Polygon", "coordinates": [ [ [ -97.438461303710895, 25.336757659912202 ], [ -97.437362670898395, 25.334028244018601 ], [ -97.441223144531193, 25.3314819335938 ], [ -97.441253662109403, 25.3337497711182 ], [ -97.438461303710895, 25.336757659912202 ] ] ] }, { "type": "Polygon", "coordinates": [ [ [ -97.418197631835895, 25.3329162597656 ], [ -97.417083740234304, 25.3329162597656 ], [ -97.417358398437401, 25.329860687255898 ], [ -97.418212890624901, 25.32989692688 ], [ -97.418197631835895, 25.3329162597656 ] ] ] }, { "type": "Polygon", "coordinates": [ [ [ -97.405418395995994, 25.3289184570312 ], [ -97.403472900390597, 25.3265285491944 ], [ -97.404586791992102, 25.324306488037202 ], [ -97.407638549804602, 25.326248168945298 ], [ -97.405418395995994, 25.3289184570312 ] ] ] }, { "type": "Polygon", "coordinates": [ [ [ -97.637641906738196, 25.326805114746001 ], [ -97.631523132324205, 25.325733184814599 ], [ -97.630691528320298, 25.3240261077881 ], [ -97.640693664550696, 25.323749542236399 ], [ -97.637641906738196, 25.326805114746001 ] ] ] }, { "type": "Polygon", "coordinates": [ [ [ -97.500137329101506, 25.287639617919901 ], [ -97.507362365722599, 25.284860610961999 ], [ -97.492919921875, 25.3031921386719 ], [ -97.499595642089801, 25.308507919311499 ], [ -97.476806640625, 25.322917938232401 ], [ -97.500137329101506, 25.287639617919901 ] ] ] }, { "type": "Polygon", "coordinates": [ [ [ -97.626525878906193, 25.3217163085938 ], [ -97.618194580078097, 25.311527252197301 ], [ -97.635139465332003, 25.305414199829201 ], [ -97.628471374511705, 25.311527252197301 ], [ -97.626525878906193, 25.3217163085938 ] ] ] }, { "type": "Polygon", "coordinates": [ [ [ -97.652641296386605, 25.319717407226701 ], [ -97.646804809570298, 25.319585800171001 ], [ -97.645385742187401, 25.3134765625 ], [ -97.653747558593807, 25.318195343017599 ], [ -97.652641296386605, 25.319717407226701 ] ] ] }, { "type": "Polygon", "coordinates": [ [ [ -97.550971984863196, 25.31768989563 ], [ -97.549026489257798, 25.315141677856499 ], [ -97.54931640625, 25.3142700195312 ], [ -97.553474426269503, 25.316249847412099 ], [ -97.550971984863196, 25.31768989563 ] ] ] }, { "type": "Polygon", "coordinates": [ [ [ -97.427085876464801, 25.3175048828125 ], [ -97.426803588867102, 25.315694808959901 ], [ -97.433197021484304, 25.306249618530298 ], [ -97.432083129882798, 25.312639236450298 ], [ -97.427085876464801, 25.3175048828125 ] ] ] }, { "type": "Polygon", "coordinates": [ [ [ -97.591247558593807, 25.313209533691499 ], [ -97.591804504394503, 25.308195114135799 ], [ -97.5968017578125, 25.30930519104 ], [ -97.592918395995994, 25.311250686645501 ], [ -97.591247558593807, 25.313209533691499 ] ] ] }, { "type": "Polygon", "coordinates": [ [ [ -97.6024169921875, 25.3052978515625 ], [ -97.602363586425696, 25.302082061767699 ], [ -97.613746643066406, 25.2981948852538 ], [ -97.611526489257798, 25.303474426269599 ], [ -97.6024169921875, 25.3052978515625 ] ] ] }, { "type": "Polygon", "coordinates": [ [ [ -97.504882812499901, 25.3026733398438 ], [ -97.503196716308494, 25.301527023315501 ], [ -97.505676269531193, 25.2999267578125 ], [ -97.504859924316406, 25.300970077514801 ], [ -97.504882812499901, 25.3026733398438 ] ] ] }, { "type": "Polygon", "coordinates": [ [ [ -97.618751525878807, 25.3009567260743 ], [ -97.6151123046875, 25.300970077514801 ], [ -97.614585876464801, 25.299583435058601 ], [ -97.617919921874901, 25.299028396606399 ], [ -97.618751525878807, 25.3009567260743 ] ] ] }, { "type": "Polygon", "coordinates": [ [ [ -97.423751831054602, 25.2981948852538 ], [ -97.4254150390625, 25.294584274291999 ], [ -97.425971984863295, 25.294305801391602 ], [ -97.426246643066406, 25.297082901001101 ], [ -97.423751831054602, 25.2981948852538 ] ] ] }, { "type": "Polygon", "coordinates": [ [ [ -97.501808166503906, 25.297082901001101 ], [ -97.501808166503906, 25.295417785644599 ], [ -97.503196716308494, 25.294584274291999 ], [ -97.503753662109304, 25.296527862548899 ], [ -97.501808166503906, 25.297082901001101 ] ] ] }, { "type": "Polygon", "coordinates": [ [ [ -97.575691223144503, 25.295417785644599 ], [ -97.57763671875, 25.293472290039102 ], [ -97.583190917968693, 25.294584274291999 ], [ -97.576530456542898, 25.2948608398438 ], [ -97.575691223144503, 25.295417785644599 ] ] ] }, { "type": "Polygon", "coordinates": [ [ [ -97.421806335449205, 25.295555114746101 ], [ -97.420135498046804, 25.2940273284913 ], [ -97.420974731445298, 25.2920856475831 ], [ -97.422637939453097, 25.2929172515869 ], [ -97.421806335449205, 25.295555114746101 ] ] ] }, { "type": "Polygon", "coordinates": [ [ [ -97.4798583984375, 25.2948608398438 ], [ -97.478195190429602, 25.293195724487202 ], [ -97.480972290039006, 25.291528701782301 ], [ -97.482917785644503, 25.294584274291999 ], [ -97.4798583984375, 25.2948608398438 ] ] ] }, { "type": "Polygon", "coordinates": [ [ [ -97.505142211914105, 25.2948608398438 ], [ -97.504302978515597, 25.2940273284913 ], [ -97.506530761718693, 25.2920856475831 ], [ -97.506530761718693, 25.293472290039102 ], [ -97.505142211914105, 25.2948608398438 ] ] ] }, { "type": "Polygon", "coordinates": [ [ [ -97.610420227050795, 25.291803359985401 ], [ -97.608482360839801, 25.2888793945312 ], [ -97.611526489257798, 25.287359237671001 ], [ -97.6129150390625, 25.289863586425799 ], [ -97.610420227050795, 25.291803359985401 ] ] ] }, { "type": "Polygon", "coordinates": [ [ [ -97.509025573730497, 25.287082672119102 ], [ -97.5120849609375, 25.2820835113525 ], [ -97.517364501953097, 25.287639617919901 ], [ -97.508209228515597, 25.2887496948243 ], [ -97.509025573730497, 25.287082672119102 ] ] ] }, { "type": "Polygon", "coordinates": [ [ [ -97.630859375, 25.268194198608501 ], [ -97.594863891601605, 25.2792987823487 ], [ -97.599304199218693, 25.284912109375 ], [ -97.588470458984403, 25.284305572509801 ], [ -97.591796874999901, 25.2799072265625 ], [ -97.601806640624901, 25.275417327880898 ], [ -97.639305114746094, 25.2615280151368 ], [ -97.655136108398395, 25.2595825195313 ], [ -97.633750915527301, 25.270971298217798 ], [ -97.622360229492202, 25.272916793823399 ], [ -97.630859375, 25.268194198608501 ] ] ] }, { "type": "Polygon", "coordinates": [ [ [ -97.425697326660199, 25.284305572509801 ], [ -97.4254150390625, 25.282361984252901 ], [ -97.427360534667898, 25.281528472900401 ], [ -97.427360534667898, 25.283750534057699 ], [ -97.425697326660199, 25.284305572509801 ] ] ] }, { "type": "Polygon", "coordinates": [ [ [ -97.433746337890597, 25.281711578369102 ], [ -97.432914733886605, 25.278320312500099 ], [ -97.435691833496094, 25.276527404785199 ], [ -97.436531066894503, 25.279861450195401 ], [ -97.433746337890597, 25.281711578369102 ] ] ] }, { "type": "Polygon", "coordinates": [ [ [ -97.439308166503807, 25.2744750976563 ], [ -97.4381103515625, 25.2720947265625 ], [ -97.440429687499901, 25.271484375000099 ], [ -97.4415283203125, 25.2740268707275 ], [ -97.439308166503807, 25.2744750976563 ] ] ] }, { "type": "Polygon", "coordinates": [ [ [ -97.443191528320298, 25.2730712890625 ], [ -97.442085266113295, 25.270694732666001 ], [ -97.444305419921903, 25.269861221313501 ], [ -97.444862365722699, 25.271528244018601 ], [ -97.443191528320298, 25.2730712890625 ] ] ] }, { "type": "Polygon", "coordinates": [ [ [ -97.437377929687401, 25.2713012695312 ], [ -97.435417175292997, 25.266250610351602 ], [ -97.439308166503807, 25.265417098999102 ], [ -97.440696716308594, 25.268194198608501 ], [ -97.437377929687401, 25.2713012695312 ] ] ] }, { "type": "Polygon", "coordinates": [ [ [ -97.444824218749901, 25.266296386718899 ], [ -97.442916870117102, 25.263750076293899 ], [ -97.446525573730398, 25.262081146240199 ], [ -97.446250915527301, 25.2648620605469 ], [ -97.444824218749901, 25.266296386718899 ] ] ] }, { "type": "Polygon", "coordinates": [ [ [ -97.693473815917997, 25.2334728240968 ], [ -97.686531066894503, 25.2415275573731 ], [ -97.694305419921804, 25.229028701782202 ], [ -97.662109375, 25.258193969726602 ], [ -97.695137023925795, 25.225416183471701 ], [ -97.693473815917997, 25.2334728240968 ] ] ] }, { "type": "Polygon", "coordinates": [ [ [ -97.460975646972699, 25.2480182647706 ], [ -97.456542968749901, 25.246528625488299 ], [ -97.456527709960895, 25.245416641235298 ], [ -97.463752746582003, 25.2456951141357 ], [ -97.460975646972699, 25.2480182647706 ] ] ] }, { "type": "Polygon", "coordinates": [ [ [ -97.459594726562401, 25.2421264648437 ], [ -97.456787109375, 25.240722656250099 ], [ -97.464584350585895, 25.240695953369102 ], [ -97.464027404785199, 25.241807937622099 ], [ -97.459594726562401, 25.2421264648437 ] ] ] }, { "type": "Polygon", "coordinates": [ [ [ -97.454025268554702, 25.241699218750099 ], [ -97.451805114746094, 25.239860534668001 ], [ -97.460975646972699, 25.2287502288818 ], [ -97.457916259765597, 25.2379169464112 ], [ -97.454025268554702, 25.241699218750099 ] ] ] }, { "type": "Polygon", "coordinates": [ [ [ -97.498474121093807, 25.125972747802798 ], [ -97.500137329101506, 25.1418056488037 ], [ -97.494857788085895, 25.140970230102599 ], [ -97.485694885253906, 25.1554164886475 ], [ -97.450965881347699, 25.238197326660199 ], [ -97.423233032226605, 25.233749389648398 ], [ -97.444862365722699, 25.204584121704201 ], [ -97.5423583984375, 24.9806938171388 ], [ -97.54736328125, 24.9868068695069 ], [ -97.542335510253906, 25.003152847290199 ], [ -97.555969238281193, 25.017084121704201 ], [ -97.542915344238295, 25.009862899780298 ], [ -97.553474426269503, 25.019859313965 ], [ -97.543472290039105, 25.013471603393601 ], [ -97.542907714843807, 25.019027709960898 ], [ -97.553749084472699, 25.0359706878663 ], [ -97.535140991210895, 25.0701389312744 ], [ -97.528747558593693, 25.057638168334901 ], [ -97.524024963378906, 25.054307937622099 ], [ -97.532913208007798, 25.075973510742301 ], [ -97.519584655761705, 25.080972671508899 ], [ -97.522361755370994, 25.0884704589844 ], [ -97.510139465332003, 25.0784721374512 ], [ -97.520973205566406, 25.098194122314599 ], [ -97.513191223144503, 25.0904140472413 ], [ -97.505416870117202, 25.098194122314599 ], [ -97.515419006347699, 25.098194122314599 ], [ -97.517639160156193, 25.1065273284912 ], [ -97.509864807128807, 25.103473663330099 ], [ -97.504608154296804, 25.106250762939499 ], [ -97.518470764160199, 25.1101379394531 ], [ -97.506805419921804, 25.133472442627099 ], [ -97.501808166503906, 25.122083663940501 ], [ -97.498474121093807, 25.125972747802798 ] ] ] }, { "type": "Polygon", "coordinates": [ [ [ -97.46875, 25.227422714233398 ], [ -97.468193054199205, 25.2259731292725 ], [ -97.473747253417997, 25.2259731292725 ], [ -97.473747253417997, 25.226806640625099 ], [ -97.46875, 25.227422714233398 ] ] ] }, { "type": "Polygon", "coordinates": [ [ [ -97.464027404785199, 25.224584579467798 ], [ -97.462913513183594, 25.224306106567401 ], [ -97.464027404785199, 25.2206935882569 ], [ -97.467086791992202, 25.218194961547901 ], [ -97.464027404785199, 25.224584579467798 ] ] ] }, { "type": "Polygon", "coordinates": [ [ [ -97.492080688476605, 25.171112060546999 ], [ -97.490135192870994, 25.162361145019599 ], [ -97.500137329101506, 25.151805877685501 ], [ -97.496246337890597, 25.166248321533299 ], [ -97.482917785644503, 25.195970535278398 ], [ -97.46728515625, 25.216308593750099 ], [ -97.485694885253906, 25.1870841979982 ], [ -97.492080688476605, 25.171112060546999 ] ] ] }, { "type": "Polygon", "coordinates": [ [ [ -97.483749389648395, 25.1852798461913 ], [ -97.482635498046903, 25.1790275573732 ], [ -97.486251831054702, 25.176528930664102 ], [ -97.486808776855497, 25.1790275573732 ], [ -97.483749389648395, 25.1852798461913 ] ] ] }, { "type": "Polygon", "coordinates": [ [ [ -97.488746643066406, 25.171699523925898 ], [ -97.489028930664105, 25.1690273284912 ], [ -97.490974426269503, 25.1690273284912 ], [ -97.490112304687401, 25.171873092651499 ], [ -97.488746643066406, 25.171699523925898 ] ] ] }, { "type": "Polygon", "coordinates": [ [ [ -97.496246337890597, 25.150550842285298 ], [ -97.494583129882798, 25.145696640014801 ], [ -97.4998779296875, 25.1456909179688 ], [ -97.498191833496094, 25.149583816528398 ], [ -97.496246337890597, 25.150550842285298 ] ] ] }, { "type": "Polygon", "coordinates": [ [ [ -97.502975463867102, 25.143205642700199 ], [ -97.502914428710795, 25.144861221313601 ], [ -97.502120971679602, 25.145971298217798 ], [ -97.501525878906193, 25.144306182861399 ], [ -97.502975463867102, 25.143205642700199 ] ] ] }, { "type": "Polygon", "coordinates": [ [ [ -97.502975463867102, 25.143205642700199 ], [ -97.503196716308494, 25.1393051147462 ], [ -97.506805419921804, 25.135417938232401 ], [ -97.505142211914105, 25.141252517700298 ], [ -97.502975463867102, 25.143205642700199 ] ] ] }, { "type": "Polygon", "coordinates": [ [ [ -97.524566650390597, 25.100694656372099 ], [ -97.523498535156193, 25.0993041992188 ], [ -97.528747558593693, 25.0909748077393 ], [ -97.529029846191307, 25.0956935882569 ], [ -97.524566650390597, 25.100694656372099 ] ] ] }, { "type": "Polygon", "coordinates": [ [ [ -97.532913208007798, 25.0912494659425 ], [ -97.529304504394503, 25.0884704589844 ], [ -97.538475036620994, 25.074306488037202 ], [ -97.537361145019503, 25.085416793823299 ], [ -97.532913208007798, 25.0912494659425 ] ] ] } ] } },
{ "type": "Feature", "properties": { "NAME_1": "Tamaulipas", "NAME_2": "Méndez" }, "geometry": { "type": "Polygon", "coordinates": [ [ [ -98.908851623535199, 25.1186618804932 ], [ -98.880798339843807, 25.195070266723601 ], [ -98.848472595214801, 25.223459243774499 ], [ -98.826210021972599, 25.233600616455199 ], [ -98.674011230468693, 25.254470825195401 ], [ -98.634368896484403, 25.295312881469801 ], [ -98.603118896484403, 25.298601150512798 ], [ -98.548690795898395, 25.3506793975831 ], [ -98.498947143554702, 25.3732795715332 ], [ -98.469711303710895, 25.4314403533937 ], [ -98.418586730957003, 25.4650802612306 ], [ -98.418678283691406, 25.5033702850343 ], [ -98.388481140136705, 25.5056591033937 ], [ -98.368972778320298, 25.497900009155298 ], [ -98.365661621093807, 25.514970779418899 ], [ -98.334030151367102, 25.500860214233501 ], [ -98.312629699707003, 25.484210968017699 ], [ -98.323867797851605, 25.4792194366456 ], [ -98.275596618652301, 25.436550140381001 ], [ -98.232429504394503, 25.425321578979599 ], [ -98.225219726562401, 25.3803100585938 ], [ -98.21630859375, 25.3673095703125 ], [ -98.154174804687401, 25.359315872192401 ], [ -98.162475585937401, 25.3319072723388 ], [ -98.131683349609403, 25.305360794067401 ], [ -98.151611328125, 25.2941284179688 ], [ -98.189025878906193, 25.311523437500099 ], [ -98.219299316406193, 25.300476074218899 ], [ -98.208679199218807, 25.254882812500099 ], [ -98.213966369628807, 25.227249145507798 ], [ -98.249084472656193, 25.241088867187599 ], [ -98.257507324218807, 25.2396850585938 ], [ -98.264442443847699, 25.224021911621101 ], [ -98.305786132812401, 25.2188720703125 ], [ -98.322425842285199, 25.231901168823299 ], [ -98.378570556640597, 25.236551284790099 ], [ -98.395736694335895, 25.2239208221437 ], [ -98.4591064453125, 25.2222919464112 ], [ -98.466003417968693, 25.134521484375099 ], [ -98.496597290039105, 25.137428283691399 ], [ -98.515197753906193, 25.119079589843899 ], [ -98.488708496093693, 25.112915039062599 ], [ -98.464599609374901, 25.076112747192401 ], [ -98.4453125, 25.078920364379901 ], [ -98.433593749999901, 25.0653095245362 ], [ -98.415710449218807, 25.061096191406399 ], [ -98.4185791015625, 25.052673339843899 ], [ -98.446769714355497, 25.045719146728601 ], [ -98.455993652343693, 25.024290084838899 ], [ -98.471336364745994, 25.025180816650401 ], [ -98.479736328124901, 25.040790557861399 ], [ -98.507080078125, 25.016479492187401 ], [ -98.533966064453097, 25.016099929809702 ], [ -98.564247131347599, 25.080499649047901 ], [ -98.624176025390597, 25.075719833374102 ], [ -98.639549255371094, 25.066591262817401 ], [ -98.657417297363196, 25.076330184936499 ], [ -98.662139892578097, 25.089731216430799 ], [ -98.689765930175795, 25.097141265869201 ], [ -98.685989379882798, 25.112440109252901 ], [ -98.771957397460895, 25.1579494476319 ], [ -98.838806152343693, 25.117902755737202 ], [ -98.850730895995994, 25.132272720336999 ], [ -98.908851623535199, 25.1186618804932 ] ] ] } },
{ "type": "Feature", "properties": { "NAME_1": "Tamaulipas", "NAME_2": "Mier" }, "geometry": { "type": "Polygon", "coordinates": [ [ [ -99.368247985839801, 26.328109741211101 ], [ -99.428512573242202, 26.4050312042237 ], [ -99.466766357421903, 26.5395908355713 ], [ -99.439163208007798, 26.539329528808601 ], [ -99.417602539062401, 26.529741287231499 ], [ -99.422401428222699, 26.547519683837901 ], [ -99.4056396484375, 26.558210372924801 ], [ -99.354217529296903, 26.5524711608887 ], [ -99.337371826171804, 26.532850265503001 ], [ -99.319038391113295, 26.536251068115298 ], [ -99.303276062011705, 26.5186691284181 ], [ -99.285209655761705, 26.527540206909201 ], [ -99.266082763671903, 26.5177116394043 ], [ -99.259010314941307, 26.521802902221701 ], [ -99.258796691894503, 26.538681030273601 ], [ -99.210372924804602, 26.542030334472699 ], [ -99.215240478515597, 26.557300567627099 ], [ -99.197402954101406, 26.556552886963001 ], [ -99.199401855468693, 26.531270980835 ], [ -99.171066284179602, 26.5531826019287 ], [ -99.168067932128906, 26.536180496215799 ], [ -99.130737304687401, 26.524780273437599 ], [ -99.108680725097599, 26.505661010742202 ], [ -99.093353271484304, 26.472719192504901 ], [ -99.113517761230497, 26.42852973938 ], [ -99.099266052245994, 26.4163513183594 ], [ -99.141197204589801, 26.419570922851602 ], [ -99.158706665039105, 26.409330368042099 ], [ -99.144866943359403, 26.390111923217699 ], [ -99.163681030273395, 26.371410369873001 ], [ -99.149948120117202, 26.314701080322401 ], [ -99.157035827636705, 26.298030853271499 ], [ -99.173011779785199, 26.299900054931602 ], [ -99.165977478027301, 26.285699844360401 ], [ -99.179122924804702, 26.269729614257901 ], [ -99.172317504882798, 26.247299194335898 ], [ -99.205497741699205, 26.247158050537202 ], [ -99.227226257324205, 26.222560882568501 ], [ -99.250411987304602, 26.223890304565501 ], [ -99.299301147460895, 26.2784729003907 ], [ -99.299430847167898, 26.319932937622099 ], [ -99.345687866210895, 26.312850952148601 ], [ -99.368247985839801, 26.328109741211101 ] ] ] } },
{ "type": "Feature", "properties": { "NAME_1": "Tamaulipas", "NAME_2": "Miguel Alemán" }, "geometry": { "type": "Polygon", "coordinates": [ [ [ -99.144256591796804, 26.102159500122202 ], [ -99.152008056640497, 26.122390747070298 ], [ -99.186401367187401, 26.134750366211101 ], [ -99.147277832031193, 26.154790878295898 ], [ -99.179618835449205, 26.202938079834102 ], [ -99.165367126464801, 26.225320816040099 ], [ -99.179039001464801, 26.2653903961182 ], [ -99.165977478027301, 26.285699844360401 ], [ -99.174186706542997, 26.296239852905401 ], [ -99.168266296386705, 26.302627563476602 ], [ -99.154922485351605, 26.299390792846701 ], [ -99.149948120117202, 26.314701080322401 ], [ -99.163681030273395, 26.371410369873001 ], [ -99.144866943359403, 26.390111923217699 ], [ -99.157661437988295, 26.4004211425782 ], [ -99.1566162109375, 26.4129829406738 ], [ -99.141197204589801, 26.419570922851602 ], [ -99.099266052245994, 26.4163513183594 ], [ -99.074440002441307, 26.3963012695312 ], [ -99.032333374023395, 26.413021087646499 ], [ -99.009826660156193, 26.391548156738299 ], [ -98.969963073730497, 26.399391174316499 ], [ -98.973953247070298, 26.362930297851602 ], [ -98.990180969238295, 26.331180572509801 ], [ -98.969841003417898, 26.232742309570401 ], [ -99.000587463378906, 26.191238403320298 ], [ -99.004432678222699, 26.1451206207275 ], [ -99.024787902831903, 26.128110885620199 ], [ -99.026039123535199, 26.105440139770501 ], [ -99.046173095703097, 26.093370437622202 ], [ -99.074966430664105, 26.089490890503001 ], [ -99.144256591796804, 26.102159500122202 ] ] ] } },
{ "type": "Feature", "properties": { "NAME_1": "Tamaulipas", "NAME_2": "Miquihuana" }, "geometry": { "type": "Polygon", "coordinates": [ [ [ -99.635696411132798, 23.420780181884801 ], [ -99.658050537109403, 23.449710845947301 ], [ -99.714523315429702, 23.498052597045898 ], [ -99.735977172851605, 23.500179290771602 ], [ -99.744895935058494, 23.480161666870199 ], [ -99.783012390136705, 23.461828231811602 ], [ -99.807281494140597, 23.491319656372099 ], [ -99.836273193359403, 23.511470794677798 ], [ -99.859687805175795, 23.5053901672363 ], [ -99.875717163085895, 23.438671112060501 ], [ -99.917633056640597, 23.450410842895501 ], [ -99.962593078613295, 23.4368495941163 ], [ -99.976486206054702, 23.480800628662099 ], [ -99.969032287597699, 23.5223197937013 ], [ -99.960060119628906, 23.542890548706101 ], [ -99.901283264160099, 23.608190536499102 ], [ -99.885910034179702, 23.689691543579201 ], [ -99.874977111816307, 23.711429595947301 ], [ -99.809837341308494, 23.750810623168899 ], [ -99.782371520995994, 23.7571105957031 ], [ -99.683746337890597, 23.731702804565401 ], [ -99.689956665039006, 23.593942642211999 ], [ -99.703208923339801, 23.561161041259801 ], [ -99.673171997070298, 23.524560928344801 ], [ -99.656608581542997, 23.4811706542969 ], [ -99.605682373046903, 23.461790084838899 ], [ -99.609123229980497, 23.432849884033299 ], [ -99.635696411132798, 23.420780181884801 ] ] ] } },
{ "type": "Feature", "properties": { "NAME_1": "Tamaulipas", "NAME_2": "Nuevo Laredo" }, "geometry": { "type": "Polygon", "coordinates": [ [ [ -99.760246276855398, 27.242200851440501 ], [ -99.749443054199205, 27.320739746093899 ], [ -99.753120422363295, 27.3396911621094 ], [ -99.806503295898395, 27.3744411468507 ], [ -99.7569580078125, 27.421091079711999 ], [ -99.758842468261705, 27.452642440796001 ], [ -99.848342895507798, 27.4515895843506 ], [ -99.929443359374901, 27.4631881713868 ], [ -99.942787170410099, 27.475389480590898 ], [ -99.928802490234403, 27.513250350952202 ], [ -99.938339233398395, 27.546190261840898 ], [ -99.914939880370994, 27.565980911254901 ], [ -99.870613098144503, 27.5706291198731 ], [ -99.841056823730497, 27.5896110534668 ], [ -99.794570922851506, 27.599279403686602 ], [ -99.771606445312401, 27.634571075439599 ], [ -99.7796630859375, 27.667039871215799 ], [ -99.748725891113295, 27.655981063842901 ], [ -99.726409912109403, 27.668109893798899 ], [ -99.712799072265597, 27.654760360717798 ], [ -99.695327758789105, 27.666681289672901 ], [ -99.662567138671903, 27.652309417724702 ], [ -99.664703369140497, 27.6325206756593 ], [ -99.640129089355497, 27.626447677612202 ], [ -99.629867553710895, 27.629642486572202 ], [ -99.629310607910099, 27.64022064209 ], [ -99.599586486816406, 27.640581130981499 ], [ -99.593002319335895, 27.624429702758899 ], [ -99.579711914062401, 27.618400573730501 ], [ -99.585418701171804, 27.602760314941499 ], [ -99.552589416503906, 27.611841201782301 ], [ -99.515960693359403, 27.566999435424801 ], [ -99.528106689453097, 27.498420715332099 ], [ -99.499961853027301, 27.5005912780762 ], [ -99.484680175781193, 27.4894618988038 ], [ -99.482719421386705, 27.476100921630799 ], [ -99.498779296875, 27.4406929016113 ], [ -99.490287780761705, 27.407020568847699 ], [ -99.509490966796903, 27.355489730835 ], [ -99.508049011230497, 27.3402805328369 ], [ -99.514228820800795, 27.331090927124102 ], [ -99.538261413574205, 27.325210571289102 ], [ -99.541893005371094, 27.316001892089801 ], [ -99.530708312988196, 27.305810928344801 ], [ -99.493972778320298, 27.302881240844702 ], [ -99.499282836914105, 27.269250869751101 ], [ -99.485809326171903, 27.259046554565501 ], [ -99.4892578125, 27.250160217285298 ], [ -99.540496826171903, 27.236658096313601 ], [ -99.594062805175795, 27.262130737304702 ], [ -99.627151489257798, 27.263231277465799 ], [ -99.624008178710895, 27.276319503784201 ], [ -99.629920959472699, 27.2783527374268 ], [ -99.708328247070298, 27.269069671630898 ], [ -99.740898132324205, 27.2451400756837 ], [ -99.760246276855398, 27.242200851440501 ] ] ] } },
{ "type": "Feature", "properties": { "NAME_1": "Tamaulipas", "NAME_2": "Nuevo Morelos" }, "geometry": { "type": "Polygon", "coordinates": [ [ [ -99.13427734375, 22.387029647827099 ], [ -99.178176879882798, 22.3802795410157 ], [ -99.200050354003807, 22.391250610351602 ], [ -99.281799316406193, 22.5122509002687 ], [ -99.298980712890597, 22.5595302581788 ], [ -99.281166076660199, 22.5666198730469 ], [ -99.269996643066406, 22.5873908996582 ], [ -99.237396240234403, 22.613460540771602 ], [ -99.230926513671903, 22.61452293396 ], [ -99.224166870117102, 22.593719482421999 ], [ -99.180000305175795, 22.538080215454201 ], [ -99.157760620117202, 22.439369201660199 ], [ -99.13427734375, 22.387029647827099 ] ] ] } },
{ "type": "Feature", "properties": { "NAME_1": "Tamaulipas", "NAME_2": "Ocampo" }, "geometry": { "type": "Polygon", "coordinates": [ [ [ -99.230926513671903, 22.61452293396 ], [ -99.269996643066406, 22.5873908996582 ], [ -99.281166076660199, 22.5666198730469 ], [ -99.298980712890597, 22.5595302581788 ], [ -99.311607360839801, 22.590280532836999 ], [ -99.339073181152301, 22.624122619628899 ], [ -99.393936157226506, 22.6639118194581 ], [ -99.467453002929602, 22.688261032104499 ], [ -99.499031066894503, 22.738521575927798 ], [ -99.520080566406193, 22.743810653686602 ], [ -99.534217834472599, 22.761449813842798 ], [ -99.533287048339702, 22.801309585571399 ], [ -99.549133300781193, 22.825910568237301 ], [ -99.559387207031193, 22.884138107299901 ], [ -99.552398681640597, 22.892620086669901 ], [ -99.532012939453097, 22.884740829467901 ], [ -99.522537231445298, 22.891809463501001 ], [ -99.535087585449205, 22.938350677490199 ], [ -99.568878173828097, 22.966161727905298 ], [ -99.537536621093807, 22.9974899291993 ], [ -99.533256530761705, 22.9880905151368 ], [ -99.527587890625, 22.9986495971681 ], [ -99.503669738769503, 23.003730773925799 ], [ -99.476287841796903, 22.9953308105469 ], [ -99.475761413574205, 23.005119323730501 ], [ -99.508842468261705, 23.026319503784201 ], [ -99.431579589843807, 23.045141220092901 ], [ -99.416336059570298, 23.067369461059702 ], [ -99.412528991699205, 23.098350524902401 ], [ -99.401817321777301, 23.097129821777301 ], [ -99.370780944824105, 23.052669525146499 ], [ -99.363136291503807, 23.022739410400401 ], [ -99.256118774414006, 22.9390602111818 ], [ -99.176856994628906, 22.855739593505799 ], [ -99.1517333984375, 22.856859207153299 ], [ -99.139656066894503, 22.791032791137599 ], [ -99.180473327636705, 22.7884826660157 ], [ -99.165016174316406, 22.756259918212901 ], [ -99.187202453613295, 22.743852615356499 ], [ -99.179626464843807, 22.7286911010743 ], [ -99.196586608886705, 22.7264099121094 ], [ -99.205596923828097, 22.6950302124025 ], [ -99.226142883300795, 22.680931091308501 ], [ -99.233177185058594, 22.663511276245199 ], [ -99.230926513671903, 22.61452293396 ] ] ] } },
{ "type": "Feature", "properties": { "NAME_1": "Tamaulipas", "NAME_2": "Padilla" }, "geometry": { "type": "Polygon", "coordinates": [ [ [ -98.709053039550795, 23.9514484405519 ], [ -98.773391723632798, 23.906490325927798 ], [ -98.802032470703097, 23.900011062622099 ], [ -98.807998657226506, 23.8846111297607 ], [ -98.829566955566307, 23.882150650024499 ], [ -98.832778930664006, 23.892139434814599 ], [ -98.847061157226605, 23.894660949707099 ], [ -98.869499206542898, 23.883020401001001 ], [ -98.899978637695298, 23.908781051635899 ], [ -98.916236877441307, 23.897809982299801 ], [ -98.967346191406193, 23.945861816406399 ], [ -99.022689819335795, 23.956809997558601 ], [ -99.063636779785199, 23.978809356689499 ], [ -99.097846984863295, 24.020969390869102 ], [ -99.182731628417997, 24.032009124755799 ], [ -99.185958862304602, 24.053550720214901 ], [ -99.138458251953097, 24.068149566650401 ], [ -99.117156982421903, 24.114730834960898 ], [ -99.144027709960895, 24.124509811401499 ], [ -99.131446838378906, 24.1461906433106 ], [ -99.119247436523395, 24.148860931396499 ], [ -99.103469848632798, 24.147169113159201 ], [ -99.077186584472699, 24.127548217773501 ], [ -99.045150756835895, 24.140590667724599 ], [ -99.010848999023395, 24.124040603637798 ], [ -98.948966979980398, 24.075750350952099 ], [ -98.904342651367202, 24.0813102722169 ], [ -98.845077514648395, 24.065080642700298 ], [ -98.828292846679702, 24.0736198425293 ], [ -98.812522888183594, 24.101110458373999 ], [ -98.794181823730398, 24.109870910644599 ], [ -98.721603393554602, 24.108770370483398 ], [ -98.704086303710895, 24.0942497253418 ], [ -98.680870056152301, 24.0428199768068 ], [ -98.654663085937401, 24.0142707824706 ], [ -98.656341552734403, 23.993669509887699 ], [ -98.679206848144503, 23.983499526977699 ], [ -98.709053039550795, 23.9514484405519 ] ] ] } },
{ "type": "Feature", "properties": { "NAME_1": "Tamaulipas", "NAME_2": "Palmillas" }, "geometry": { "type": "Polygon", "coordinates": [ [ [ -99.532119750976506, 23.093931198120199 ], [ -99.553802490234403, 23.0842609405518 ], [ -99.552101135253906, 23.0612411499025 ], [ -99.578475952148395, 23.0741710662843 ], [ -99.599418640136705, 23.071790695190501 ], [ -99.640953063964801, 23.123510360717798 ], [ -99.661018371582003, 23.118101119995099 ], [ -99.667846679687401, 23.138710021972699 ], [ -99.689422607421903, 23.152830123901399 ], [ -99.692741394042898, 23.169349670410298 ], [ -99.713806152343693, 23.1722011566163 ], [ -99.733856201171903, 23.206750869751001 ], [ -99.736839294433594, 23.225370407104499 ], [ -99.723396301269503, 23.2387504577637 ], [ -99.735122680664105, 23.28231048584 ], [ -99.758316040039105, 23.3079319000244 ], [ -99.760589599609403, 23.325941085815501 ], [ -99.748626708984304, 23.331808090210099 ], [ -99.728919982910199, 23.311449050903398 ], [ -99.719223022460895, 23.328950881958001 ], [ -99.693046569824205, 23.334989547729499 ], [ -99.673637390136705, 23.375009536743299 ], [ -99.635696411132798, 23.420780181884801 ], [ -99.624046325683494, 23.399860382080199 ], [ -99.591880798339801, 23.409509658813501 ], [ -99.563697814941307, 23.404809951782301 ], [ -99.520812988281193, 23.4303607940675 ], [ -99.502578735351406, 23.393770217895501 ], [ -99.501052856445199, 23.3718700408937 ], [ -99.515762329101605, 23.3354606628418 ], [ -99.510040283203097, 23.248792648315501 ], [ -99.518760681152301, 23.2362995147706 ], [ -99.538948059082003, 23.245761871338001 ], [ -99.542190551757798, 23.223209381103601 ], [ -99.527236938476605, 23.221990585327301 ], [ -99.526512145995994, 23.1998691558838 ], [ -99.531745910644503, 23.192609786987401 ], [ -99.544708251953097, 23.1970195770263 ], [ -99.5489501953125, 23.189060211181701 ], [ -99.526802062988196, 23.156110763549901 ], [ -99.532119750976506, 23.093931198120199 ] ] ] } },
{ "type": "Feature", "properties": { "NAME_1": "Tamaulipas", "NAME_2": "Reynosa" }, "geometry": { "type": "Polygon", "coordinates": [ [ [ -98.180946350097599, 26.064029693603601 ], [ -98.178840637207003, 26.062879562378001 ], [ -98.180877685546804, 26.036119461059599 ], [ -98.162330627441406, 26.022871017456101 ], [ -98.170982360839801, 25.9954319000244 ], [ -98.191169738769503, 25.999860763549702 ], [ -98.196571350097699, 25.9928302764893 ], [ -98.195098876953097, 25.8373203277588 ], [ -98.210662841796903, 25.7951393127443 ], [ -98.203330993652301, 25.7810382843018 ], [ -98.210182189941406, 25.7687702178956 ], [ -98.159866333007798, 25.6926994323732 ], [ -98.154777526855497, 25.6167297363281 ], [ -98.162178039550696, 25.602390289306602 ], [ -98.184371948242202, 25.591699600219801 ], [ -98.157730102539105, 25.552040100097798 ], [ -98.157058715820298, 25.5168895721437 ], [ -98.169128417968693, 25.503051757812401 ], [ -98.148857116699205, 25.488399505615298 ], [ -98.148971557617202, 25.4379405975343 ], [ -98.209747314453097, 25.4368705749512 ], [ -98.222976684570298, 25.444671630859499 ], [ -98.228622436523395, 25.423713684081999 ], [ -98.275596618652301, 25.436550140381001 ], [ -98.325431823730398, 25.482181549072301 ], [ -98.312629699707003, 25.484210968017699 ], [ -98.3592529296875, 25.513650894165 ], [ -98.370666503906193, 25.5147209167482 ], [ -98.368972778320298, 25.497900009155298 ], [ -98.388481140136705, 25.5056591033937 ], [ -98.418678283691406, 25.5033702850343 ], [ -98.500389099121094, 25.5271110534669 ], [ -98.546928405761705, 25.553180694580099 ], [ -98.549240112304702, 25.5677928924562 ], [ -98.533805847167898, 25.590019226074201 ], [ -98.561378479003807, 25.647399902343899 ], [ -98.554412841796804, 25.6722011566162 ], [ -98.557312011718807, 25.7092208862306 ], [ -98.533142089843693, 25.754400253295898 ], [ -98.558097839355497, 25.804990768432599 ], [ -98.546669006347699, 25.933500289916999 ], [ -98.573883056640597, 25.951839447021499 ], [ -98.583030700683494, 26.015659332275401 ], [ -98.592262268066307, 26.027692794799901 ], [ -98.545768737792997, 26.03351020813 ], [ -98.546463012695298, 26.068050384521602 ], [ -98.512077331542898, 26.226568222046001 ], [ -98.502586364746094, 26.221799850463899 ], [ -98.506828308105398, 26.2093811035156 ], [ -98.490631103515597, 26.2133083343506 ], [ -98.483238220214801, 26.2034912109375 ], [ -98.476905822753906, 26.219579696655401 ], [ -98.443077087402301, 26.222312927246001 ], [ -98.442497253417997, 26.198261260986399 ], [ -98.406089782714801, 26.177812576293999 ], [ -98.388366699218693, 26.154872894287202 ], [ -98.369697570800696, 26.156431198120199 ], [ -98.361892700195298, 26.169260025024499 ], [ -98.353698730468807, 26.149700164795 ], [ -98.337806701660199, 26.1637897491456 ], [ -98.334396362304602, 26.131820678711001 ], [ -98.307243347167898, 26.103620529174702 ], [ -98.299606323242102, 26.107660293579201 ], [ -98.306350708007798, 26.123500823974702 ], [ -98.283622741699205, 26.1268215179444 ], [ -98.268341064453097, 26.110380172729499 ], [ -98.289131164550795, 26.102859497070401 ], [ -98.248962402343693, 26.072111129760899 ], [ -98.220252990722599, 26.073471069336001 ], [ -98.195503234863295, 26.053150177001999 ], [ -98.180946350097599, 26.064029693603601 ] ] ] } },
{ "type": "Feature", "properties": { "NAME_1": "Tamaulipas", "NAME_2": "Río Bravo" }, "geometry": { "type": "Polygon", "coordinates": [ [ [ -98.180946350097599, 26.064029693603601 ], [ -98.176986694335895, 26.072250366210898 ], [ -98.161056518554702, 26.0636405944825 ], [ -98.164306640625, 26.0530605316163 ], [ -98.149261474609403, 26.050481796264702 ], [ -98.136695861816307, 26.072919845581001 ], [ -98.129890441894503, 26.061700820923001 ], [ -98.1041259765625, 26.065851211547901 ], [ -98.096206665039105, 26.059690475463899 ], [ -98.082893371582003, 26.070550918579102 ], [ -98.072296142578097, 26.048610687256001 ], [ -98.080169677734304, 26.034410476684599 ], [ -98.065376281738196, 26.042930603027401 ], [ -98.038742065429702, 26.041959762573399 ], [ -98.030197143554602, 26.064010620117202 ], [ -98.015106201171804, 26.063259124755898 ], [ -98.011253356933594, 26.056240081787202 ], [ -97.984336853027301, 26.066360473632901 ], [ -97.970542907714801, 26.053600311279201 ], [ -97.954231262207003, 26.0625305175781 ], [ -97.940811157226506, 26.055322647094702 ], [ -97.938568115234403, 26.065000534057699 ], [ -97.918991088867102, 26.0573635101319 ], [ -97.934020996093807, 26.002929687500099 ], [ -97.924598693847599, 25.9569206237793 ], [ -97.934509277343807, 25.916322708129901 ], [ -97.928894042968693, 25.908079147338999 ], [ -97.918243408203097, 25.9115524291993 ], [ -97.925346374511705, 25.907600402831999 ], [ -97.928237915039006, 25.852840423583999 ], [ -97.935852050781193, 25.834592819213899 ], [ -97.988388061523395, 25.8247394561768 ], [ -97.989875793457003, 25.7869682312012 ], [ -97.984680175781193, 25.768449783325199 ], [ -97.970718383789105, 25.757169723510799 ], [ -97.967117309570298, 25.709938049316499 ], [ -97.988197326660199, 25.704410552978501 ], [ -97.948028564453097, 25.6055297851562 ], [ -97.935043334960895, 25.526119232177798 ], [ -97.911605834960895, 25.520879745483501 ], [ -97.902336120605497, 25.534990310668899 ], [ -97.892143249511705, 25.5200901031494 ], [ -97.873687744140597, 25.527200698852599 ], [ -97.862876892089801, 25.515129089355501 ], [ -97.851028442382798, 25.520299911499102 ], [ -97.811531066894503, 25.495620727539102 ], [ -97.817077636718807, 25.451721191406399 ], [ -97.84521484375, 25.443115234375099 ], [ -97.891410827636705, 25.443300247192401 ], [ -97.9033203125, 25.4035034179688 ], [ -97.993179321289006, 25.403709411621101 ], [ -98.079849243164105, 25.4186496734619 ], [ -98.089668273925795, 25.4073810577393 ], [ -98.113227844238295, 25.407264709472798 ], [ -98.133178710937401, 25.427673339843899 ], [ -98.150962829589801, 25.433464050293001 ], [ -98.148857116699205, 25.488399505615298 ], [ -98.169128417968693, 25.503051757812401 ], [ -98.157058715820298, 25.5168895721437 ], [ -98.157730102539105, 25.552040100097798 ], [ -98.184371948242202, 25.591699600219801 ], [ -98.162178039550696, 25.602390289306602 ], [ -98.154777526855497, 25.6167297363281 ], [ -98.159866333007798, 25.6926994323732 ], [ -98.210182189941406, 25.7687702178956 ], [ -98.203330993652301, 25.7810382843018 ], [ -98.210662841796903, 25.7951393127443 ], [ -98.195098876953097, 25.8373203277588 ], [ -98.196571350097699, 25.9928302764893 ], [ -98.191169738769503, 25.999860763549702 ], [ -98.170982360839801, 25.9954319000244 ], [ -98.162330627441406, 26.022871017456101 ], [ -98.180877685546804, 26.036119461059599 ], [ -98.180946350097599, 26.064029693603601 ] ] ] } },
{ "type": "Feature", "properties": { "NAME_1": "Tamaulipas", "NAME_2": "San Carlos" }, "geometry": { "type": "Polygon", "coordinates": [ [ [ -99.284332275390597, 24.434022903442301 ], [ -99.261871337890497, 24.4651794433594 ], [ -99.238426208496094, 24.480159759521499 ], [ -99.239242553710895, 24.503280639648398 ], [ -99.229019165039105, 24.5228481292725 ], [ -99.244155883789105, 24.5337009429932 ], [ -99.219673156738295, 24.544599533081101 ], [ -99.2086181640625, 24.560358047485401 ], [ -99.206916809082003, 24.590950012206999 ], [ -99.230636596679702, 24.602310180664102 ], [ -99.230895996093807, 24.6126308441163 ], [ -99.179771423339801, 24.670391082763601 ], [ -99.206146240234304, 24.7110195159913 ], [ -99.220329284667997, 24.7138080596925 ], [ -99.222679138183594, 24.750740051269599 ], [ -99.209457397460895, 24.764360427856602 ], [ -99.229110717773395, 24.783252716064599 ], [ -99.217308044433494, 24.798120498657301 ], [ -99.249046325683594, 24.8178310394288 ], [ -99.222602844238295, 24.8854885101319 ], [ -99.200576782226605, 24.898870468139702 ], [ -99.1578369140625, 24.903930664062599 ], [ -99.143096923828097, 24.9646701812744 ], [ -99.114006042480497, 24.943840026855501 ], [ -99.092681884765597, 24.906259536743299 ], [ -99.049667358398395, 24.898950576782301 ], [ -99.030670166015597, 24.884639739990199 ], [ -99.016311645507798, 24.89674949646 ], [ -99.002357482910099, 24.885250091552798 ], [ -98.992507934570298, 24.8449611663818 ], [ -98.970832824707003, 24.838319778442401 ], [ -98.935630798339801, 24.782720565796001 ], [ -98.961326599121094, 24.724140167236399 ], [ -98.937370300292997, 24.7086696624756 ], [ -98.928611755371094, 24.682380676269499 ], [ -98.910240173339801, 24.669031143188501 ], [ -98.896469116210895, 24.628421783447401 ], [ -98.877830505371094, 24.644901275634801 ], [ -98.873138427734304, 24.6155300140381 ], [ -98.813713073730398, 24.582250595092798 ], [ -98.818687438964801, 24.5617694854737 ], [ -98.795059204101605, 24.5280494689943 ], [ -98.781303405761705, 24.5204982757569 ], [ -98.770240783691307, 24.486230850219801 ], [ -98.752792358398395, 24.472110748291101 ], [ -98.754898071288906, 24.461839675903398 ], [ -98.772560119628906, 24.4621181488038 ], [ -98.775978088378906, 24.4249801635743 ], [ -98.765121459960895, 24.408491134643601 ], [ -98.783576965332003, 24.389169692993299 ], [ -98.787033081054602, 24.349859237670898 ], [ -98.786186218261705, 24.3398628234863 ], [ -98.760017395019503, 24.316669464111399 ], [ -98.753692626953097, 24.293699264526499 ], [ -98.758262634277301, 24.221439361572301 ], [ -98.774566650390597, 24.175180435180799 ], [ -98.776626586914006, 24.111789703369102 ], [ -98.812522888183594, 24.101110458373999 ], [ -98.841209411621094, 24.065050125122099 ], [ -98.904342651367202, 24.0813102722169 ], [ -98.948966979980398, 24.075750350952099 ], [ -98.959793090820298, 24.081090927123999 ], [ -98.998199462890597, 24.115238189697301 ], [ -99.0484619140625, 24.1439208984375 ], [ -99.059692382812401, 24.189029693603501 ], [ -99.108970642089801, 24.2641105651857 ], [ -99.105468749999901, 24.302240371704102 ], [ -99.114501953124901, 24.318708419799901 ], [ -99.204292297363295, 24.392969131469801 ], [ -99.269851684570298, 24.417129516601602 ], [ -99.284332275390597, 24.434022903442301 ] ] ] } },
{ "type": "Feature", "properties": { "NAME_1": "Tamaulipas", "NAME_2": "San Fernando" }, "geometry": { "type": "GeometryCollection", "geometries": [ { "type": "Polygon", "coordinates": [ [ [ -97.732765197753906, 24.667360305786101 ], [ -97.725402832031193, 24.673522949218899 ], [ -97.715972900390597, 24.653749465942301 ], [ -97.714027404785099, 24.662082672119201 ], [ -97.707916259765597, 24.6581935882569 ], [ -97.732635498046804, 24.558471679687599 ], [ -97.742080688476506, 24.4879169464112 ], [ -97.766250610351605, 24.4887504577637 ], [ -97.759010314941406, 24.495990753173899 ], [ -97.773498535156193, 24.5040893554688 ], [ -97.773750305175696, 24.5404167175294 ], [ -97.763191223144503, 24.544305801391602 ], [ -97.772918701171903, 24.5440273284912 ], [ -97.762916564941406, 24.5484714508056 ], [ -97.771530151367102, 24.5531940460206 ], [ -97.769584655761705, 24.559860229492099 ], [ -97.819305419921903, 24.549026489257798 ], [ -97.812080383300696, 24.555973052978501 ], [ -97.816223144531193, 24.5740985870362 ], [ -97.823196411132798, 24.554582595825199 ], [ -97.835975646972699, 24.5712509155275 ], [ -97.823196411132798, 24.582361221313601 ], [ -97.836250305175795, 24.5854167938232 ], [ -97.844306945800696, 24.583194732666101 ], [ -97.840698242187401, 24.5759716033937 ], [ -97.849304199218807, 24.568195343017599 ], [ -97.839302062988295, 24.558193206787202 ], [ -97.839027404785199, 24.535972595215 ], [ -97.833747863769503, 24.5412502288819 ], [ -97.838684082031193, 24.5328979492188 ], [ -97.844863891601605, 24.53125 ], [ -97.848197937011705, 24.5351371765138 ], [ -97.841804504394503, 24.5335407257081 ], [ -97.850692749023395, 24.563194274902401 ], [ -97.864585876464801, 24.5520839691163 ], [ -97.852912902831903, 24.536247253418001 ], [ -97.861808776855497, 24.531528472900501 ], [ -97.855140686035199, 24.531528472900501 ], [ -97.857086181640597, 24.528749465942401 ], [ -97.855972290039105, 24.524858474731399 ], [ -97.864860534667997, 24.5284729003907 ], [ -97.867637634277301, 24.520971298217798 ], [ -97.861259460449205, 24.523694992065501 ], [ -97.857917785644503, 24.510972976684599 ], [ -97.845970153808594, 24.5043048858643 ], [ -97.844024658203097, 24.510137557983501 ], [ -97.835975646972699, 24.5168056488038 ], [ -97.843475341796903, 24.495695114135899 ], [ -97.814857482910099, 24.5140285491944 ], [ -97.853752136230398, 24.474861145019499 ], [ -97.853752136230398, 24.445417404174801 ], [ -97.833473205566406, 24.417640686035199 ], [ -97.798751831054702, 24.4145832061768 ], [ -97.793395996093693, 24.410400390625099 ], [ -97.829864501953097, 24.41263961792 ], [ -97.8533935546875, 24.435728073120199 ], [ -97.909179687499901, 24.429075241088899 ], [ -97.9385986328125, 24.4122924804688 ], [ -98.010925292968693, 24.337280273437401 ], [ -98.070800781249901, 24.3369140625 ], [ -98.0994873046875, 24.4160766601562 ], [ -98.151794433593594, 24.474487304687599 ], [ -98.279609680175795, 24.5205192565918 ], [ -98.331176757812401, 24.5921020507812 ], [ -98.330383300781193, 24.6296997070312 ], [ -98.361511230468807, 24.633729934692301 ], [ -98.363876342773395, 24.6503505706788 ], [ -98.348510742187401, 24.680299758911101 ], [ -98.35498046875, 24.6954956054688 ], [ -98.347595214843807, 24.7147235870362 ], [ -98.357406616210795, 24.727626800537099 ], [ -98.328582763671804, 24.730180740356602 ], [ -98.298400878906193, 24.747070312500099 ], [ -98.2349853515625, 24.822509765624901 ], [ -98.272277832031193, 24.862913131713899 ], [ -98.298400878906193, 24.8519287109375 ], [ -98.312805175781193, 24.871276855468899 ], [ -98.333137512207003, 24.8676776885987 ], [ -98.356086730957003, 24.875135421752901 ], [ -98.388610839843807, 24.928892135620099 ], [ -98.40380859375, 24.911073684692401 ], [ -98.421195983886705, 24.924230575561602 ], [ -98.435249328613295, 24.922950744628999 ], [ -98.442260742187401, 24.949409484863299 ], [ -98.492881774902301, 24.915279388427798 ], [ -98.5013427734375, 24.924602508545 ], [ -98.492492675781193, 24.951902389526399 ], [ -98.5186767578125, 24.987119674682599 ], [ -98.511596679687401, 24.9967041015625 ], [ -98.533859252929702, 25.0160808563232 ], [ -98.507080078125, 25.016479492187401 ], [ -98.479736328124901, 25.040790557861399 ], [ -98.471336364745994, 25.025180816650401 ], [ -98.455993652343693, 25.024290084838899 ], [ -98.446769714355497, 25.045719146728601 ], [ -98.416809082031193, 25.056518554687599 ], [ -98.4453125, 25.078920364379901 ], [ -98.469909667968693, 25.0792846679688 ], [ -98.488708496093693, 25.112915039062599 ], [ -98.515197753906193, 25.119079589843899 ], [ -98.496597290039105, 25.137428283691399 ], [ -98.466003417968693, 25.134521484375099 ], [ -98.4591064453125, 25.2222919464112 ], [ -98.395736694335895, 25.2239208221437 ], [ -98.378570556640597, 25.236551284790099 ], [ -98.322425842285199, 25.231901168823299 ], [ -98.305786132812401, 25.2188720703125 ], [ -98.264442443847699, 25.224021911621101 ], [ -98.257507324218807, 25.2396850585938 ], [ -98.249084472656193, 25.241088867187599 ], [ -98.213966369628807, 25.227249145507798 ], [ -98.208679199218807, 25.254882812500099 ], [ -98.219299316406193, 25.300476074218899 ], [ -98.192176818847699, 25.3117294311525 ], [ -98.158508300781193, 25.3026733398438 ], [ -98.151611328125, 25.2941284179688 ], [ -98.131591796875, 25.301881790161101 ], [ -98.135925292968807, 25.3145141601563 ], [ -98.162475585937401, 25.3319072723388 ], [ -98.150993347167997, 25.352779388427798 ], [ -98.160400390625, 25.364927291870099 ], [ -98.201156616210895, 25.361129760742301 ], [ -98.2200927734375, 25.370483398437401 ], [ -98.232429504394503, 25.425321578979599 ], [ -98.2244873046875, 25.426696777343899 ], [ -98.225280761718807, 25.443908691406399 ], [ -98.143310546875, 25.43212890625 ], [ -98.113227844238295, 25.407264709472798 ], [ -98.089668273925795, 25.4073810577393 ], [ -98.079849243164105, 25.4186496734619 ], [ -97.993179321289006, 25.403709411621101 ], [ -97.918701171874901, 25.402282714843899 ], [ -97.928405761718807, 25.355714797973601 ], [ -97.817077636718807, 25.3458862304687 ], [ -97.72802734375, 25.269287109375099 ], [ -97.726013183593807, 25.254077911376999 ], [ -97.732635498046804, 25.2695827484131 ], [ -97.751525878906193, 25.272638320923001 ], [ -97.749031066894503, 25.279861450195401 ], [ -97.766807556152301, 25.278753280639599 ], [ -97.774597167968693, 25.2879028320312 ], [ -97.793197631835895, 25.295972824096701 ], [ -97.776802062988196, 25.276805877685501 ], [ -97.769027709960895, 25.279861450195401 ], [ -97.783752441406193, 25.263473510742301 ], [ -97.772087097167997, 25.257917404174801 ], [ -97.761253356933494, 25.2643032073975 ], [ -97.747085571289105, 25.244861602783299 ], [ -97.736785888671903, 25.2432041168213 ], [ -97.732917785644503, 25.230138778686602 ], [ -97.722358703613295, 25.239585876465 ], [ -97.704856872558594, 25.240749359130898 ], [ -97.698196411132798, 25.2262496948243 ], [ -97.705970764160199, 25.197639465332099 ], [ -97.670417785644503, 25.170288085937599 ], [ -97.702919006347699, 25.134027481078999 ], [ -97.702079772949205, 25.083520889282202 ], [ -97.710418701171804, 25.0820827484131 ], [ -97.718994140624901, 25.071470260620199 ], [ -97.738197326660199, 25.081527709960898 ], [ -97.752357482910199, 25.0723590850831 ], [ -97.719863891601506, 25.070972442626999 ], [ -97.717086791992102, 25.067916870117202 ], [ -97.7239990234375, 25.0598754882813 ], [ -97.722915649414006, 25.0587482452393 ], [ -97.707916259765597, 25.079584121704201 ], [ -97.70263671875, 25.076250076293899 ], [ -97.729583740234304, 25.040971755981399 ], [ -97.720413208007798, 25.039028167724702 ], [ -97.7396240234375, 25.038696289062599 ], [ -97.742614746093807, 25.0307006835938 ], [ -97.720970153808594, 25.036806106567401 ], [ -97.724311828613295, 25.017360687255898 ], [ -97.729309082031193, 25.019859313965 ], [ -97.733192443847599, 25.014583587646499 ], [ -97.720413208007798, 25.018194198608398 ], [ -97.715415954589801, 25.013471603393601 ], [ -97.740974426269503, 25.004028320312599 ], [ -97.753196716308594, 24.9823627471925 ], [ -97.749862670898395, 24.9745826721193 ], [ -97.771530151367102, 24.957361221313601 ], [ -97.747627258300696, 24.974580764770501 ], [ -97.7379150390625, 24.966249465942401 ], [ -97.731246948242202, 24.973472595214901 ], [ -97.730415344238295, 24.9651412963868 ], [ -97.722915649414006, 24.973194122314499 ], [ -97.699882507324205, 24.9595832824707 ], [ -97.692382812499901, 24.9401245117188 ], [ -97.667297363281193, 24.9379272460938 ], [ -97.650413513183494, 24.9190273284912 ], [ -97.669303894042898, 24.928749084472599 ], [ -97.674583435058594, 24.903194427490298 ], [ -97.682083129882798, 24.9081935882569 ], [ -97.677085876464801, 24.896804809570401 ], [ -97.691810607910099, 24.913486480712901 ], [ -97.712081909179702, 24.8845825195313 ], [ -97.715972900390597, 24.9023628234863 ], [ -97.718193054199205, 24.9023628234863 ], [ -97.716804504394503, 24.8998622894288 ], [ -97.717918395996094, 24.896804809570401 ], [ -97.719306945800795, 24.8962497711182 ], [ -97.720657348632798, 24.900983810424901 ], [ -97.732360839843693, 24.905416488647599 ], [ -97.720695495605497, 24.895694732666001 ], [ -97.738471984863196, 24.8881950378419 ], [ -97.7218017578125, 24.875139236450298 ], [ -97.735137939453097, 24.864305496215898 ], [ -97.728195190429702, 24.860694885253899 ], [ -97.722915649414006, 24.867082595825298 ], [ -97.723785400390497, 24.858242034912202 ], [ -97.751808166503807, 24.8512496948243 ], [ -97.731529235839801, 24.8448600769044 ], [ -97.736526489257798, 24.835973739624102 ], [ -97.739585876464801, 24.844030380248999 ], [ -97.749580383300795, 24.842361450195298 ], [ -97.751808166503807, 24.840694427490298 ], [ -97.742980957031193, 24.842100143432599 ], [ -97.751525878906193, 24.8318061828613 ], [ -97.737083435058594, 24.833923339843899 ], [ -97.740974426269503, 24.8273620605469 ], [ -97.742919921874901, 24.830741882324201 ], [ -97.745971679687401, 24.829027175903398 ], [ -97.746246337890597, 24.8276386260987 ], [ -97.728401184082003, 24.8223571777344 ], [ -97.739028930664006, 24.811527252197401 ], [ -97.729858398437401, 24.8120841979982 ], [ -97.721527099609403, 24.820692062378001 ], [ -97.718193054199205, 24.8073616027832 ], [ -97.708747863769503, 24.808750152587901 ], [ -97.744308471679702, 24.782917022705199 ], [ -97.747360229492202, 24.768194198608501 ], [ -97.768196105957003, 24.770694732666101 ], [ -97.749031066894503, 24.765417098999102 ], [ -97.729309082031193, 24.7895832061768 ], [ -97.71630859375, 24.785972595214901 ], [ -97.735420227050696, 24.770139694213999 ], [ -97.735969543457003, 24.7659702301025 ], [ -97.717086791992102, 24.779029846191399 ], [ -97.723197937011705, 24.771804809570298 ], [ -97.707916259765597, 24.771804809570298 ], [ -97.731246948242202, 24.7623615264893 ], [ -97.708190917968807, 24.7543048858643 ], [ -97.718193054199205, 24.7568054199219 ], [ -97.728195190429702, 24.749027252197301 ], [ -97.719581604003807, 24.748472213745099 ], [ -97.719306945800795, 24.732639312744102 ], [ -97.714607238769503, 24.7431964874269 ], [ -97.715415954589801, 24.7343063354493 ], [ -97.707916259765597, 24.735416412353601 ], [ -97.719863891601506, 24.731250762939499 ], [ -97.731803894042997, 24.6909713745118 ], [ -97.720695495605497, 24.704584121704201 ], [ -97.719863891601506, 24.697986602783299 ], [ -97.738197326660199, 24.6781959533693 ], [ -97.7418212890625, 24.6793212890625 ], [ -97.747085571289105, 24.677917480468899 ], [ -97.749305725097699, 24.685417175293001 ], [ -97.760971069335895, 24.6881942749025 ], [ -97.769302368164105, 24.669584274291999 ], [ -97.752914428710895, 24.667638778686499 ], [ -97.7620849609375, 24.673194885253899 ], [ -97.756248474121094, 24.686252593994102 ], [ -97.748748779296804, 24.676527023315501 ], [ -97.733474731445298, 24.674304962158299 ], [ -97.733192443847599, 24.680139541626001 ], [ -97.709030151367202, 24.686527252197301 ], [ -97.732635498046804, 24.671251296997202 ], [ -97.741531372070298, 24.6529140472412 ], [ -97.732765197753906, 24.667360305786101 ] ] ] }, { "type": "Polygon", "coordinates": [ [ [ -97.716529846191307, 25.025417327880898 ], [ -97.719863891601506, 25.0215282440187 ], [ -97.722640991210795, 25.022081375122099 ], [ -97.7161865234375, 25.0263061523438 ], [ -97.716529846191307, 25.025417327880898 ] ] ] }, { "type": "Polygon", "coordinates": [ [ [ -97.691802978515597, 25.00390625 ], [ -97.692359924316406, 25.001806259155298 ], [ -97.697364807128807, 24.999860763549801 ], [ -97.695968627929702, 25.0023612976075 ], [ -97.691802978515597, 25.00390625 ] ] ] }, { "type": "Polygon", "coordinates": [ [ [ -97.576805114745994, 25.000415802001999 ], [ -97.575141906738295, 25.000694274902301 ], [ -97.574302673339801, 24.998472213745199 ], [ -97.576530456542898, 24.997917175293001 ], [ -97.576805114745994, 25.000415802001999 ] ] ] }, { "type": "Polygon", "coordinates": [ [ [ -97.653198242187401, 24.9995841979982 ], [ -97.651527404785199, 24.997638702392699 ], [ -97.657913208007798, 24.993471145629901 ], [ -97.659301757812401, 24.981805801391701 ], [ -97.659301757812401, 24.995138168335 ], [ -97.653198242187401, 24.9995841979982 ] ] ] }, { "type": "Polygon", "coordinates": [ [ [ -97.687919616699205, 24.996900558471701 ], [ -97.685142517089801, 24.992916107177798 ], [ -97.689308166503906, 24.9915275573731 ], [ -97.687927246093594, 24.995117187499901 ], [ -97.687919616699205, 24.996900558471701 ] ] ] }, { "type": "Polygon", "coordinates": [ [ [ -97.652084350585895, 24.9962768554688 ], [ -97.641525268554702, 24.986528396606602 ], [ -97.641807556152301, 24.9851379394532 ], [ -97.649024963378906, 24.988193511962901 ], [ -97.652084350585895, 24.9962768554688 ] ] ] }, { "type": "Polygon", "coordinates": [ [ [ -97.599304199218693, 24.996109008789102 ], [ -97.597915649414105, 24.991247177124102 ], [ -97.600135803222699, 24.9904174804688 ], [ -97.602081298828097, 24.995416641235401 ], [ -97.599304199218693, 24.996109008789102 ] ] ] }, { "type": "Polygon", "coordinates": [ [ [ -97.60986328125, 24.9935989379882 ], [ -97.607917785644503, 24.9895839691162 ], [ -97.609306335449205, 24.987361907959102 ], [ -97.611808776855398, 24.992082595825298 ], [ -97.60986328125, 24.9935989379882 ] ] ] }, { "type": "Polygon", "coordinates": [ [ [ -97.675971984863196, 24.992082595825298 ], [ -97.673194885253906, 24.989305496215799 ], [ -97.672637939453097, 24.984584808349599 ], [ -97.679016113281193, 24.990722656250099 ], [ -97.675971984863196, 24.992082595825298 ] ] ] }, { "type": "Polygon", "coordinates": [ [ [ -97.561920166015597, 24.918195724487401 ], [ -97.573471069335895, 24.907638549804702 ], [ -97.554306030273395, 24.954584121704102 ], [ -97.564025878906193, 24.9770832061768 ], [ -97.558692932128807, 24.984594345092798 ], [ -97.544586181640597, 24.974119186401399 ], [ -97.551475524902301, 24.976823806762798 ], [ -97.54736328125, 24.9591083526612 ], [ -97.561920166015597, 24.918195724487401 ] ] ] }, { "type": "Polygon", "coordinates": [ [ [ -97.640975952148395, 24.9837455749513 ], [ -97.634307861328097, 24.977638244628899 ], [ -97.634025573730398, 24.974027633666999 ], [ -97.641525268554702, 24.982639312744102 ], [ -97.640975952148395, 24.9837455749513 ] ] ] }, { "type": "Polygon", "coordinates": [ [ [ -97.643196105957003, 24.9818553924562 ], [ -97.639579772949205, 24.9795837402344 ], [ -97.647087097167898, 24.971250534057599 ], [ -97.646804809570298, 24.974861145019599 ], [ -97.643196105957003, 24.9818553924562 ] ] ] }, { "type": "Polygon", "coordinates": [ [ [ -97.669029235839801, 24.9808959960938 ], [ -97.668472290038906, 24.977361679077099 ], [ -97.670135498046903, 24.977361679077099 ], [ -97.671524047851406, 24.980140686035199 ], [ -97.669029235839801, 24.9808959960938 ] ] ] }, { "type": "Polygon", "coordinates": [ [ [ -97.588470458984403, 24.973472595214901 ], [ -97.580696105957003, 24.9679164886475 ], [ -97.584861755371094, 24.960695266723601 ], [ -97.590972900390597, 24.9659729003906 ], [ -97.588470458984403, 24.973472595214901 ] ] ] }, { "type": "Polygon", "coordinates": [ [ [ -97.568191528320298, 24.970849990844801 ], [ -97.565971374511705, 24.9668064117432 ], [ -97.568748474121094, 24.965694427490199 ], [ -97.5698623657225, 24.970138549804599 ], [ -97.568191528320298, 24.970849990844801 ] ] ] }, { "type": "Polygon", "coordinates": [ [ [ -97.666526794433594, 24.957902908325298 ], [ -97.663192749023395, 24.9570846557618 ], [ -97.664306640625, 24.953193664550799 ], [ -97.667083740234403, 24.9559726715088 ], [ -97.666526794433594, 24.957902908325298 ] ] ] }, { "type": "Polygon", "coordinates": [ [ [ -97.681808471679602, 24.9570922851563 ], [ -97.680137634277301, 24.9570846557618 ], [ -97.680694580078097, 24.954584121704102 ], [ -97.682357788085895, 24.955692291259901 ], [ -97.681808471679602, 24.9570922851563 ] ] ] }, { "type": "Polygon", "coordinates": [ [ [ -97.677360534667997, 24.9554157257081 ], [ -97.674835205078097, 24.955165863037099 ], [ -97.673751831054702, 24.9523601531982 ], [ -97.675415039062401, 24.952917098998999 ], [ -97.677360534667997, 24.9554157257081 ] ] ] }, { "type": "Polygon", "coordinates": [ [ [ -97.587081909179702, 24.955413818359499 ], [ -97.585136413574205, 24.953470230102599 ], [ -97.586524963378807, 24.9518051147462 ], [ -97.588470458984403, 24.954027175903299 ], [ -97.587081909179702, 24.955413818359499 ] ] ] }, { "type": "Polygon", "coordinates": [ [ [ -97.608749389648395, 24.9523601531982 ], [ -97.594909667968693, 24.941284179687599 ], [ -97.606529235839801, 24.930416107177699 ], [ -97.612640380859403, 24.938749313354599 ], [ -97.608749389648395, 24.9523601531982 ] ] ] }, { "type": "Polygon", "coordinates": [ [ [ -97.659858703613196, 24.948339462280199 ], [ -97.658195495605497, 24.9470825195312 ], [ -97.658470153808594, 24.945972442627099 ], [ -97.661804199218807, 24.946804046630898 ], [ -97.659858703613196, 24.948339462280199 ] ] ] }, { "type": "Polygon", "coordinates": [ [ [ -97.57763671875, 24.947706222534201 ], [ -97.573791503906193, 24.9434814453125 ], [ -97.576248168945298, 24.940141677856499 ], [ -97.578193664550795, 24.943750381469801 ], [ -97.57763671875, 24.947706222534201 ] ] ] }, { "type": "Polygon", "coordinates": [ [ [ -97.584304809570298, 24.945138931274499 ], [ -97.581802368164105, 24.939027786254901 ], [ -97.584861755371094, 24.934028625488398 ], [ -97.585418701171903, 24.937637329101602 ], [ -97.584304809570298, 24.945138931274499 ] ] ] }, { "type": "Polygon", "coordinates": [ [ [ -97.601249694824205, 24.9345092773438 ], [ -97.601013183593693, 24.9312744140625 ], [ -97.602363586425696, 24.930139541626001 ], [ -97.602363586425696, 24.933195114135799 ], [ -97.601249694824205, 24.9345092773438 ] ] ] }, { "type": "Polygon", "coordinates": [ [ [ -97.614860534667898, 24.929584503173899 ], [ -97.613151550292898, 24.9293422698975 ], [ -97.611251831054602, 24.925693511962901 ], [ -97.614807128906193, 24.925109863281399 ], [ -97.614860534667898, 24.929584503173899 ] ] ] }, { "type": "Polygon", "coordinates": [ [ [ -97.605972290039006, 24.9279174804688 ], [ -97.602401733398395, 24.926845550537202 ], [ -97.60986328125, 24.921527862548899 ], [ -97.606506347656193, 24.925109863281399 ], [ -97.605972290039006, 24.9279174804688 ] ] ] }, { "type": "Polygon", "coordinates": [ [ [ -97.614585876464801, 24.9230651855469 ], [ -97.614028930664105, 24.9190273284912 ], [ -97.616806030273395, 24.918750762939499 ], [ -97.615974426269503, 24.922361373901499 ], [ -97.614585876464801, 24.9230651855469 ] ] ] }, { "type": "Polygon", "coordinates": [ [ [ -97.617919921874901, 24.912359237670898 ], [ -97.616806030273395, 24.905416488647599 ], [ -97.618751525878807, 24.904584884643601 ], [ -97.621246337890597, 24.9068069458007 ], [ -97.617919921874901, 24.912359237670898 ] ] ] }, { "type": "Polygon", "coordinates": [ [ [ -97.568473815917997, 24.906528472900298 ], [ -97.573196411132798, 24.885971069336101 ], [ -97.579307556152301, 24.881526947021602 ], [ -97.583473205566307, 24.891527175903398 ], [ -97.568473815917997, 24.906528472900298 ] ] ] }, { "type": "Polygon", "coordinates": [ [ [ -97.692359924316406, 24.906528472900298 ], [ -97.694030761718594, 24.902915954589901 ], [ -97.697059631347599, 24.902349472046001 ], [ -97.695419311523395, 24.905416488647599 ], [ -97.692359924316406, 24.906528472900298 ] ] ] }, { "type": "Polygon", "coordinates": [ [ [ -97.689025878906193, 24.900878906250099 ], [ -97.685424804687401, 24.8850708007812 ], [ -97.681251525878807, 24.8909721374512 ], [ -97.674858093261705, 24.8826389312744 ], [ -97.698753356933594, 24.886251449585 ], [ -97.700973510742102, 24.898748397827099 ], [ -97.689025878906193, 24.900878906250099 ] ] ] }, { "type": "Polygon", "coordinates": [ [ [ -97.650695800781193, 24.893283843994201 ], [ -97.649864196777301, 24.8898620605469 ], [ -97.654861450195298, 24.8881950378419 ], [ -97.655418395996094, 24.889583587646499 ], [ -97.650695800781193, 24.893283843994201 ] ] ] }, { "type": "Polygon", "coordinates": [ [ [ -97.726249694824205, 24.887733459472599 ], [ -97.724029541015597, 24.886251449585 ], [ -97.723472595214801, 24.882917404174702 ], [ -97.728469848632798, 24.8845825195313 ], [ -97.726249694824205, 24.887733459472599 ] ] ] }, { "type": "Polygon", "coordinates": [ [ [ -97.707916259765597, 24.883193969726602 ], [ -97.688751220703097, 24.8756942749025 ], [ -97.709861755370994, 24.857360839843899 ], [ -97.713180541992102, 24.878196716308501 ], [ -97.707916259765597, 24.883193969726602 ] ] ] }, { "type": "Polygon", "coordinates": [ [ [ -97.581245422363295, 24.880949020385799 ], [ -97.576530456542898, 24.879583358764702 ], [ -97.579025268554702, 24.873193740844801 ], [ -97.583747863769503, 24.876527786254801 ], [ -97.581245422363295, 24.880949020385799 ] ] ] }, { "type": "Polygon", "coordinates": [ [ [ -97.664024353027301, 24.880489349365298 ], [ -97.664863586425795, 24.877084732055799 ], [ -97.669586181640597, 24.873752593994102 ], [ -97.667083740234403, 24.878749847412202 ], [ -97.664024353027301, 24.880489349365298 ] ] ] }, { "type": "Polygon", "coordinates": [ [ [ -97.581802368164105, 24.874305725097699 ], [ -97.581802368164105, 24.871530532836999 ], [ -97.584587097167997, 24.872358322143601 ], [ -97.583747863769503, 24.875139236450298 ], [ -97.581802368164105, 24.874305725097699 ] ] ] }, { "type": "Polygon", "coordinates": [ [ [ -97.672363281249901, 24.8722324371338 ], [ -97.672912597656193, 24.870117187500099 ], [ -97.680137634277301, 24.866804122924901 ], [ -97.683746337890597, 24.8673610687256 ], [ -97.672363281249901, 24.8722324371338 ] ] ] }, { "type": "Polygon", "coordinates": [ [ [ -97.717918395996094, 24.8712482452393 ], [ -97.713752746582003, 24.8629169464112 ], [ -97.723197937011705, 24.854028701782202 ], [ -97.717918395996094, 24.859582901001001 ], [ -97.717918395996094, 24.8712482452393 ] ] ] }, { "type": "Polygon", "coordinates": [ [ [ -97.684585571289006, 24.870967864990298 ], [ -97.682632446289105, 24.870151519775401 ], [ -97.682357788085895, 24.8693046569825 ], [ -97.685142517089801, 24.869026184082099 ], [ -97.684585571289006, 24.870967864990298 ] ] ] }, { "type": "Polygon", "coordinates": [ [ [ -97.687080383300795, 24.8709716796875 ], [ -97.684860229492102, 24.866804122924901 ], [ -97.692642211914105, 24.864585876464901 ], [ -97.692085266113295, 24.866804122924901 ], [ -97.687080383300795, 24.8709716796875 ] ] ] }, { "type": "Polygon", "coordinates": [ [ [ -97.584365844726605, 24.8707180023193 ], [ -97.580696105957003, 24.870695114135899 ], [ -97.580413818359304, 24.8693046569825 ], [ -97.582359313964801, 24.8693046569825 ], [ -97.584365844726605, 24.8707180023193 ] ] ] }, { "type": "Polygon", "coordinates": [ [ [ -97.582916259765597, 24.868749618530401 ], [ -97.580139160156193, 24.867082595825298 ], [ -97.586250305175696, 24.865972518920898 ], [ -97.585693359374901, 24.868473052978601 ], [ -97.582916259765597, 24.868749618530401 ] ] ] }, { "type": "Polygon", "coordinates": [ [ [ -97.728469848632798, 24.8663043975831 ], [ -97.728210449218807, 24.864074707031399 ], [ -97.729858398437401, 24.864305496215898 ], [ -97.730415344238295, 24.866527557373001 ], [ -97.728469848632798, 24.8663043975831 ] ] ] }, { "type": "Polygon", "coordinates": [ [ [ -97.584304809570298, 24.864585876464901 ], [ -97.580970764160199, 24.858194351196399 ], [ -97.588752746582003, 24.848749160766602 ], [ -97.590972900390597, 24.8554172515869 ], [ -97.584304809570298, 24.864585876464901 ] ] ] }, { "type": "Polygon", "coordinates": [ [ [ -97.702919006347699, 24.858074188232401 ], [ -97.702079772949205, 24.854028701782202 ], [ -97.70263671875, 24.8529167175294 ], [ -97.705696105957003, 24.8545837402344 ], [ -97.702919006347699, 24.858074188232401 ] ] ] }, { "type": "Polygon", "coordinates": [ [ [ -97.677635192871094, 24.857540130615199 ], [ -97.677917480468807, 24.855138778686499 ], [ -97.679580688476605, 24.8545837402344 ], [ -97.679580688476605, 24.856250762939499 ], [ -97.677635192871094, 24.857540130615199 ] ] ] }, { "type": "Polygon", "coordinates": [ [ [ -97.680694580078097, 24.853881835937599 ], [ -97.680694580078097, 24.851804733276499 ], [ -97.684303283691307, 24.849861145019599 ], [ -97.703193664550795, 24.843748092651399 ], [ -97.712081909179702, 24.842636108398501 ], [ -97.725975036620994, 24.850694656372099 ], [ -97.703193664550795, 24.844583511352599 ], [ -97.680694580078097, 24.853881835937599 ] ] ] }, { "type": "Polygon", "coordinates": [ [ [ -97.587364196777301, 24.8480834960938 ], [ -97.586807250976506, 24.8448600769044 ], [ -97.591247558593807, 24.846248626708899 ], [ -97.5906982421875, 24.847917556762599 ], [ -97.587364196777301, 24.8480834960938 ] ] ] }, { "type": "Polygon", "coordinates": [ [ [ -97.599861145019503, 24.821252822876001 ], [ -97.589584350585895, 24.843748092651399 ], [ -97.586524963378807, 24.839027404785199 ], [ -97.617919921874901, 24.739305496215898 ], [ -97.618194580078097, 24.759027481079201 ], [ -97.611534118652301, 24.7615261077881 ], [ -97.619583129882798, 24.764030456543001 ], [ -97.606529235839801, 24.7831935882568 ], [ -97.599861145019503, 24.821252822876001 ] ] ] }, { "type": "Polygon", "coordinates": [ [ [ -97.728469848632798, 24.842636108398501 ], [ -97.725975036620994, 24.842361450195298 ], [ -97.724861145019503, 24.839582443237401 ], [ -97.729583740234304, 24.8393058776856 ], [ -97.728469848632798, 24.842636108398501 ] ] ] }, { "type": "Polygon", "coordinates": [ [ [ -97.722358703613295, 24.839948654174901 ], [ -97.722084045410199, 24.838750839233501 ], [ -97.7200927734375, 24.8363037109375 ], [ -97.723747253417997, 24.836250305175799 ], [ -97.722358703613295, 24.839948654174901 ] ] ] }, { "type": "Polygon", "coordinates": [ [ [ -97.730415344238295, 24.8389282226562 ], [ -97.729309082031193, 24.835691452026399 ], [ -97.733192443847599, 24.833469390869102 ], [ -97.732917785644503, 24.8381958007812 ], [ -97.730415344238295, 24.8389282226562 ] ] ] }, { "type": "Polygon", "coordinates": [ [ [ -97.717636108398395, 24.837917327880898 ], [ -97.708465576171903, 24.837055206298899 ], [ -97.707359313964801, 24.8320827484131 ], [ -97.717361450195298, 24.827915191650501 ], [ -97.717636108398395, 24.837917327880898 ] ] ] }, { "type": "Polygon", "coordinates": [ [ [ -97.727363586425795, 24.834583282470799 ], [ -97.721252441406193, 24.8327026367188 ], [ -97.738197326660199, 24.8268051147462 ], [ -97.737609863281193, 24.830686569213899 ], [ -97.727363586425795, 24.834583282470799 ] ] ] }, { "type": "Polygon", "coordinates": [ [ [ -97.659027099609304, 24.8293056488038 ], [ -97.657363891601605, 24.817638397216701 ], [ -97.662361145019503, 24.8073616027832 ], [ -97.669303894042898, 24.806251525878999 ], [ -97.664863586425795, 24.808473587036101 ], [ -97.668472290038906, 24.810417175293001 ], [ -97.662635803222599, 24.815139770507901 ], [ -97.664024353027301, 24.817083358764801 ], [ -97.669586181640597, 24.809860229492301 ], [ -97.681526184082003, 24.8040275573731 ], [ -97.659027099609304, 24.8293056488038 ] ] ] }, { "type": "Polygon", "coordinates": [ [ [ -97.708473205566406, 24.829578399658299 ], [ -97.706527709960895, 24.829860687255898 ], [ -97.705696105957003, 24.828750610351701 ], [ -97.708747863769503, 24.8284721374513 ], [ -97.708473205566406, 24.829578399658299 ] ] ] }, { "type": "Polygon", "coordinates": [ [ [ -97.67431640625, 24.818479537963899 ], [ -97.672920227050696, 24.817916870117301 ], [ -97.677085876464801, 24.814306259155298 ], [ -97.686279296874901, 24.813474655151499 ], [ -97.67431640625, 24.818479537963899 ] ] ] }, { "type": "Polygon", "coordinates": [ [ [ -97.707084655761705, 24.817083358764801 ], [ -97.707084655761705, 24.815139770507901 ], [ -97.714584350585895, 24.814582824707099 ], [ -97.712081909179702, 24.8168048858644 ], [ -97.707084655761705, 24.817083358764801 ] ] ] }, { "type": "Polygon", "coordinates": [ [ [ -97.730140686035099, 24.8168048858644 ], [ -97.728752136230497, 24.8159713745118 ], [ -97.730972290039105, 24.814306259155298 ], [ -97.731246948242202, 24.81569480896 ], [ -97.730140686035099, 24.8168048858644 ] ] ] }, { "type": "Polygon", "coordinates": [ [ [ -97.689025878906193, 24.815416336059599 ], [ -97.694030761718594, 24.8112506866456 ], [ -97.691535949707003, 24.807683944702202 ], [ -97.694305419921804, 24.804306030273501 ], [ -97.695137023925795, 24.811805725097798 ], [ -97.689025878906193, 24.815416336059599 ] ] ] }, { "type": "Polygon", "coordinates": [ [ [ -97.697082519531094, 24.809190750122202 ], [ -97.695968627929702, 24.807916641235401 ], [ -97.702362060546903, 24.8031940460206 ], [ -97.700141906738295, 24.806804656982401 ], [ -97.697082519531094, 24.809190750122202 ] ] ] }, { "type": "Polygon", "coordinates": [ [ [ -97.605697631835895, 24.803913116455 ], [ -97.607086181640597, 24.800693511962901 ], [ -97.610420227050795, 24.8001384735107 ], [ -97.60986328125, 24.802360534668001 ], [ -97.605697631835895, 24.803913116455 ] ] ] }, { "type": "Polygon", "coordinates": [ [ [ -97.611701965332003, 24.7982292175293 ], [ -97.610969543457003, 24.796249389648398 ], [ -97.616249084472699, 24.792917251586999 ], [ -97.615974426269503, 24.795974731445401 ], [ -97.611701965332003, 24.7982292175293 ] ] ] }, { "type": "Polygon", "coordinates": [ [ [ -97.699302673339801, 24.797155380248999 ], [ -97.693473815917997, 24.797084808349599 ], [ -97.693191528320298, 24.795415878295898 ], [ -97.695968627929702, 24.7940273284913 ], [ -97.699302673339801, 24.797155380248999 ] ] ] }, { "type": "Polygon", "coordinates": [ [ [ -97.684860229492102, 24.7944946289062 ], [ -97.687919616699205, 24.792358398437599 ], [ -97.690696716308594, 24.7920837402344 ], [ -97.690139770507798, 24.7931938171388 ], [ -97.684860229492102, 24.7944946289062 ] ] ] }, { "type": "Polygon", "coordinates": [ [ [ -97.616806030273395, 24.788591384887798 ], [ -97.618469238281193, 24.787361145019599 ], [ -97.616271972656193, 24.7913208007813 ], [ -97.615966796875, 24.790277481079201 ], [ -97.616806030273395, 24.788591384887798 ] ] ] }, { "type": "Polygon", "coordinates": [ [ [ -97.618751525878807, 24.785612106323399 ], [ -97.618103027343693, 24.782899856567401 ], [ -97.620971679687401, 24.779859542846701 ], [ -97.621528625488196, 24.782917022705199 ], [ -97.618751525878807, 24.785612106323399 ] ] ] }, { "type": "Polygon", "coordinates": [ [ [ -97.694282531738196, 24.777868270873999 ], [ -97.695968627929702, 24.776250839233501 ], [ -97.692893981933594, 24.780410766601602 ], [ -97.693748474121094, 24.778194427490199 ], [ -97.694282531738196, 24.777868270873999 ] ] ] }, { "type": "Polygon", "coordinates": [ [ [ -97.700141906738295, 24.7677097320557 ], [ -97.697082519531094, 24.7634716033937 ], [ -97.704025268554602, 24.757917404174901 ], [ -97.704307556152301, 24.762916564941499 ], [ -97.700141906738295, 24.7677097320557 ] ] ] }, { "type": "Polygon", "coordinates": [ [ [ -97.712364196777301, 24.766407012939499 ], [ -97.711807250976605, 24.764583587646602 ], [ -97.714286804199205, 24.763748168945401 ], [ -97.714302062988295, 24.7648601531982 ], [ -97.712364196777301, 24.766407012939499 ] ] ] }, { "type": "Polygon", "coordinates": [ [ [ -97.693191528320298, 24.7643051147462 ], [ -97.691802978515597, 24.762916564941499 ], [ -97.696525573730497, 24.7623615264893 ], [ -97.694862365722599, 24.763748168945401 ], [ -97.693191528320298, 24.7643051147462 ] ] ] }, { "type": "Polygon", "coordinates": [ [ [ -97.687080383300795, 24.763916015625099 ], [ -97.668472290038906, 24.759304046630898 ], [ -97.675140380859304, 24.755973815918001 ], [ -97.667419433593693, 24.7576904296875 ], [ -97.659790039062401, 24.7512817382813 ], [ -97.662918090820298, 24.7443046569825 ], [ -97.6673583984375, 24.7548637390138 ], [ -97.673217773437401, 24.742919921875099 ], [ -97.673225402832003, 24.750415802001999 ], [ -97.675140380859304, 24.7548637390138 ], [ -97.690139770507798, 24.759027481079201 ], [ -97.687080383300795, 24.763916015625099 ] ] ] }, { "type": "Polygon", "coordinates": [ [ [ -97.693191528320298, 24.758300781250099 ], [ -97.694580078124901, 24.755126953125099 ], [ -97.700141906738295, 24.754028320312401 ], [ -97.698974609374901, 24.755416870117202 ], [ -97.693191528320298, 24.758300781250099 ] ] ] }, { "type": "Polygon", "coordinates": [ [ [ -97.689308166503906, 24.7576904296875 ], [ -97.688789367675795, 24.7554626464844 ], [ -97.691528320312401, 24.754583358764599 ], [ -97.691802978515597, 24.755416870117202 ], [ -97.689308166503906, 24.7576904296875 ] ] ] }, { "type": "Polygon", "coordinates": [ [ [ -97.713752746582003, 24.7496948242188 ], [ -97.7139892578125, 24.7465209960938 ], [ -97.717590332031193, 24.7462768554688 ], [ -97.717590332031193, 24.747360229492099 ], [ -97.713752746582003, 24.7496948242188 ] ] ] }, { "type": "Polygon", "coordinates": [ [ [ -97.685974121093807, 24.748113632202099 ], [ -97.684303283691307, 24.745695114135799 ], [ -97.689582824707003, 24.743749618530298 ], [ -97.689582824707003, 24.746805191040199 ], [ -97.685974121093807, 24.748113632202099 ] ] ] }, { "type": "Polygon", "coordinates": [ [ [ -97.677635192871094, 24.747507095336999 ], [ -97.6748046875, 24.7465209960938 ], [ -97.673469543457003, 24.745124816894499 ], [ -97.677085876464801, 24.745138168335 ], [ -97.677635192871094, 24.747507095336999 ] ] ] }, { "type": "Polygon", "coordinates": [ [ [ -97.693191528320298, 24.745695114135799 ], [ -97.691802978515597, 24.744583129882901 ], [ -97.695137023925795, 24.7431945800781 ], [ -97.694885253906193, 24.7454833984375 ], [ -97.693191528320298, 24.745695114135799 ] ] ] }, { "type": "Polygon", "coordinates": [ [ [ -97.706481933593807, 24.744583129882901 ], [ -97.704582214355398, 24.7440280914307 ], [ -97.705413818359403, 24.741249084472599 ], [ -97.707359313964801, 24.7431945800781 ], [ -97.706481933593807, 24.744583129882901 ] ] ] }, { "type": "Polygon", "coordinates": [ [ [ -97.678192138671804, 24.7436027526857 ], [ -97.676803588867202, 24.742916107177699 ], [ -97.679862976074205, 24.741249084472599 ], [ -97.680137634277301, 24.741806030273601 ], [ -97.678192138671804, 24.7436027526857 ] ] ] }, { "type": "Polygon", "coordinates": [ [ [ -97.663780212402301, 24.741819381713899 ], [ -97.662635803222599, 24.7415275573732 ], [ -97.664581298828097, 24.739305496215898 ], [ -97.664863586425795, 24.740140914916999 ], [ -97.663780212402301, 24.741819381713899 ] ] ] }, { "type": "Polygon", "coordinates": [ [ [ -97.692642211914105, 24.7415275573732 ], [ -97.691223144531193, 24.7399291992188 ], [ -97.695137023925795, 24.7376384735107 ], [ -97.695419311523395, 24.739027023315501 ], [ -97.692642211914105, 24.7415275573732 ] ] ] }, { "type": "Polygon", "coordinates": [ [ [ -97.622917175292997, 24.7402954101562 ], [ -97.617919921874901, 24.738525390625099 ], [ -97.617919921874901, 24.7376384735107 ], [ -97.625968933105497, 24.7395839691163 ], [ -97.622917175292997, 24.7402954101562 ] ] ] }, { "type": "Polygon", "coordinates": [ [ [ -97.623191833496094, 24.737083435058601 ], [ -97.619354248046804, 24.7368049621582 ], [ -97.618751525878807, 24.735416412353601 ], [ -97.623466491699205, 24.734930038452099 ], [ -97.623191833496094, 24.737083435058601 ] ] ] }, { "type": "Polygon", "coordinates": [ [ [ -97.672920227050696, 24.7359714508057 ], [ -97.671524047851406, 24.7327270507812 ], [ -97.674583435058594, 24.729583740234499 ], [ -97.672637939453097, 24.7323608398438 ], [ -97.672920227050696, 24.7359714508057 ] ] ] }, { "type": "Polygon", "coordinates": [ [ [ -97.690696716308594, 24.7339057922363 ], [ -97.696807861328097, 24.725694656372099 ], [ -97.687927246093594, 24.723518371581999 ], [ -97.695419311523395, 24.7206935882569 ], [ -97.701530456542898, 24.730138778686499 ], [ -97.690696716308594, 24.7339057922363 ] ] ] }, { "type": "Polygon", "coordinates": [ [ [ -97.627639770507798, 24.6958732604981 ], [ -97.641807556152301, 24.6462516784669 ], [ -97.645973205566406, 24.6454162597657 ], [ -97.633193969726605, 24.687639236450298 ], [ -97.636802673339801, 24.693195343017599 ], [ -97.635696411132798, 24.7023620605469 ], [ -97.634582519531193, 24.694583892822401 ], [ -97.620140075683594, 24.732915878296001 ], [ -97.627639770507798, 24.6958732604981 ] ] ] }, { "type": "Polygon", "coordinates": [ [ [ -97.687080383300795, 24.730329513549702 ], [ -97.687622070312401, 24.728515625 ], [ -97.689582824707003, 24.7287502288819 ], [ -97.689025878906193, 24.729860305786101 ], [ -97.687080383300795, 24.730329513549702 ] ] ] }, { "type": "Polygon", "coordinates": [ [ [ -97.685974121093807, 24.726701736450298 ], [ -97.684860229492102, 24.725694656372099 ], [ -97.685691833496094, 24.722919464111399 ], [ -97.687080383300795, 24.726251602172901 ], [ -97.685974121093807, 24.726701736450298 ] ] ] }, { "type": "Polygon", "coordinates": [ [ [ -97.701805114746094, 24.719861984252901 ], [ -97.699859619140597, 24.71875 ], [ -97.705139160156193, 24.718193054199201 ], [ -97.703750610351506, 24.719861984252901 ], [ -97.701805114746094, 24.719861984252901 ] ] ] }, { "type": "Polygon", "coordinates": [ [ [ -97.641525268554702, 24.719116210937599 ], [ -97.640693664550696, 24.7159748077393 ], [ -97.650970458984403, 24.7023620605469 ], [ -97.646804809570298, 24.7148628234863 ], [ -97.641525268554702, 24.719116210937599 ] ] ] }, { "type": "Polygon", "coordinates": [ [ [ -97.692916870117202, 24.718532562255898 ], [ -97.692916870117202, 24.717361450195401 ], [ -97.696807861328097, 24.717361450195401 ], [ -97.6956787109375, 24.718505859375099 ], [ -97.692916870117202, 24.718532562255898 ] ] ] }, { "type": "Polygon", "coordinates": [ [ [ -97.631248474120994, 24.7158813476562 ], [ -97.630142211914105, 24.713752746582099 ], [ -97.634582519531193, 24.708471298217798 ], [ -97.634307861328097, 24.711805343628001 ], [ -97.631248474120994, 24.7158813476562 ] ] ] }, { "type": "Polygon", "coordinates": [ [ [ -97.708496093749901, 24.714904785156399 ], [ -97.707641601562401, 24.713193893432599 ], [ -97.712364196777301, 24.708471298217798 ], [ -97.717132568359403, 24.708208084106499 ], [ -97.716804504394503, 24.7051391601563 ], [ -97.722084045410199, 24.707361221313501 ], [ -97.708496093749901, 24.714904785156399 ] ] ] }, { "type": "Polygon", "coordinates": [ [ [ -97.698471069335895, 24.710416793823299 ], [ -97.697685241699205, 24.70902633667 ], [ -97.696250915527301, 24.699306488037202 ], [ -97.699302673339801, 24.7043056488038 ], [ -97.698471069335895, 24.710416793823299 ] ] ] }, { "type": "Polygon", "coordinates": [ [ [ -97.637359619140597, 24.7079162597656 ], [ -97.635154724120994, 24.707304000854499 ], [ -97.636474609375, 24.7042846679688 ], [ -97.638191223144503, 24.704860687256001 ], [ -97.637359619140597, 24.7079162597656 ] ] ] }, { "type": "Polygon", "coordinates": [ [ [ -97.702079772949205, 24.7070827484131 ], [ -97.702079772949205, 24.705972671508899 ], [ -97.704864501953097, 24.7054157257081 ], [ -97.703750610351506, 24.707361221313501 ], [ -97.702079772949205, 24.7070827484131 ] ] ] }, { "type": "Polygon", "coordinates": [ [ [ -97.699089050292997, 24.699319839477699 ], [ -97.697639465332003, 24.699029922485401 ], [ -97.696807861328097, 24.695972442626999 ], [ -97.701530456542898, 24.692916870117202 ], [ -97.699089050292997, 24.699319839477699 ] ] ] }, { "type": "Polygon", "coordinates": [ [ [ -97.700973510742102, 24.6922283172607 ], [ -97.700416564941307, 24.682361602783299 ], [ -97.710418701171804, 24.675693511963001 ], [ -97.704025268554602, 24.689584732055799 ], [ -97.700973510742102, 24.6922283172607 ] ] ] }, { "type": "Polygon", "coordinates": [ [ [ -97.698486328124901, 24.689086914062599 ], [ -97.697914123535099, 24.68430519104 ], [ -97.699028015136705, 24.6834716796875 ], [ -97.6995849609375, 24.686527252197301 ], [ -97.698486328124901, 24.689086914062599 ] ] ] }, { "type": "Polygon", "coordinates": [ [ [ -97.697082519531094, 24.678165435791101 ], [ -97.699028015136705, 24.6754169464112 ], [ -97.699859619140597, 24.6754169464112 ], [ -97.697639465332003, 24.680139541626001 ], [ -97.697082519531094, 24.678165435791101 ] ] ] }, { "type": "Polygon", "coordinates": [ [ [ -97.705703735351605, 24.676807403564499 ], [ -97.703750610351506, 24.673889160156399 ], [ -97.708747863769503, 24.662109375 ], [ -97.720138549804602, 24.667360305786101 ], [ -97.705703735351605, 24.676807403564499 ] ] ] }, { "type": "Polygon", "coordinates": [ [ [ -97.701805114746094, 24.6750507354737 ], [ -97.699028015136705, 24.672916412353501 ], [ -97.700691223144503, 24.6701374053956 ], [ -97.704025268554602, 24.672082901001001 ], [ -97.701805114746094, 24.6750507354737 ] ] ] }, { "type": "Polygon", "coordinates": [ [ [ -97.697380065917997, 24.667640686035199 ], [ -97.700691223144503, 24.660417556762798 ], [ -97.704582214355398, 24.661527633666999 ], [ -97.701530456542898, 24.6654167175294 ], [ -97.697380065917997, 24.667640686035199 ] ] ] }, { "type": "Polygon", "coordinates": [ [ [ -97.705413818359403, 24.659584045410298 ], [ -97.702919006347699, 24.659305572509901 ], [ -97.705139160156193, 24.656248092651399 ], [ -97.706253051757798, 24.659027099609499 ], [ -97.705413818359403, 24.659584045410298 ] ] ] }, { "type": "Polygon", "coordinates": [ [ [ -97.699859619140597, 24.6583671569825 ], [ -97.703163146972599, 24.647352218628001 ], [ -97.705970764160199, 24.646804809570401 ], [ -97.705413818359403, 24.650417327880898 ], [ -97.699859619140597, 24.6583671569825 ] ] ] }, { "type": "Polygon", "coordinates": [ [ [ -97.703750610351506, 24.6566772460938 ], [ -97.704277038574205, 24.652359008789201 ], [ -97.705413818359403, 24.651527404785199 ], [ -97.705413818359403, 24.655136108398501 ], [ -97.703750610351506, 24.6566772460938 ] ] ] }, { "type": "Polygon", "coordinates": [ [ [ -97.694862365722599, 24.652360916137798 ], [ -97.6934814453125, 24.652099609375099 ], [ -97.693191528320298, 24.649860382080099 ], [ -97.696525573730497, 24.651527404785199 ], [ -97.694862365722599, 24.652360916137798 ] ] ] }, { "type": "Polygon", "coordinates": [ [ [ -97.692642211914105, 24.645740509033299 ], [ -97.691253662109304, 24.645694732666101 ], [ -97.689308166503906, 24.643194198608398 ], [ -97.692085266113295, 24.642360687255799 ], [ -97.692642211914105, 24.645740509033299 ] ] ] }, { "type": "Polygon", "coordinates": [ [ [ -97.644897460937401, 24.63427734375 ], [ -97.664024353027301, 24.5540275573732 ], [ -97.671524047851406, 24.533750534057599 ], [ -97.679306030273395, 24.542360305786101 ], [ -97.668746948242102, 24.551805496215898 ], [ -97.656494140625, 24.6243286132812 ], [ -97.643470764160099, 24.6443061828613 ], [ -97.644897460937401, 24.63427734375 ] ] ] }, { "type": "Polygon", "coordinates": [ [ [ -97.705413818359403, 24.643194198608398 ], [ -97.703475952148395, 24.641250610351701 ], [ -97.709861755370994, 24.6318054199219 ], [ -97.708190917968807, 24.638471603393601 ], [ -97.705413818359403, 24.643194198608398 ] ] ] }, { "type": "Polygon", "coordinates": [ [ [ -97.712364196777301, 24.6245841979982 ], [ -97.714584350585895, 24.619583129882798 ], [ -97.716491699218807, 24.618530273437599 ], [ -97.7119140625, 24.6273612976075 ], [ -97.712364196777301, 24.6245841979982 ] ] ] }, { "type": "Polygon", "coordinates": [ [ [ -97.687950134277301, 24.620975494384901 ], [ -97.686531066894503, 24.618473052978601 ], [ -97.688751220703097, 24.6165275573731 ], [ -97.689582824707003, 24.617916107177798 ], [ -97.687950134277301, 24.620975494384901 ] ] ] }, { "type": "Polygon", "coordinates": [ [ [ -97.717361450195298, 24.613471984863299 ], [ -97.707359313964801, 24.607084274292099 ], [ -97.720970153808594, 24.598194122314499 ], [ -97.715972900390597, 24.6055297851563 ], [ -97.717361450195298, 24.613471984863299 ] ] ] }, { "type": "Polygon", "coordinates": [ [ [ -97.692085266113295, 24.607307434082099 ], [ -97.689025878906193, 24.606805801391701 ], [ -97.700141906738295, 24.603195190429702 ], [ -97.697914123535099, 24.6065273284913 ], [ -97.692085266113295, 24.607307434082099 ] ] ] }, { "type": "Polygon", "coordinates": [ [ [ -97.712081909179702, 24.5884723663331 ], [ -97.710418701171804, 24.585695266723601 ], [ -97.714584350585895, 24.583194732666101 ], [ -97.713195800781193, 24.5885028839112 ], [ -97.709808349609403, 24.5895709991456 ], [ -97.712081909179702, 24.5884723663331 ] ] ] }, { "type": "Polygon", "coordinates": [ [ [ -97.719024658203097, 24.576248168945401 ], [ -97.717636108398395, 24.5759716033937 ], [ -97.724609374999901, 24.569093704223601 ], [ -97.723472595214801, 24.572639465331999 ], [ -97.719024658203097, 24.576248168945401 ] ] ] }, { "type": "Polygon", "coordinates": [ [ [ -97.670143127441406, 24.575416564941499 ], [ -97.669303894042898, 24.574306488037099 ], [ -97.670974731445298, 24.568473815918001 ], [ -97.672363281249901, 24.567684173583999 ], [ -97.670143127441406, 24.575416564941499 ] ] ] }, { "type": "Polygon", "coordinates": [ [ [ -97.726249694824205, 24.565416336059702 ], [ -97.726524353027301, 24.563747406006001 ], [ -97.727081298828097, 24.563747406006001 ], [ -97.727638244628906, 24.566528320312599 ], [ -97.726249694824205, 24.565416336059702 ] ] ] }, { "type": "Polygon", "coordinates": [ [ [ -97.855972290039105, 24.527082443237401 ], [ -97.852294921875, 24.529907226562599 ], [ -97.851249694824205, 24.524902343750099 ], [ -97.855140686035199, 24.525972366333001 ], [ -97.855972290039105, 24.527082443237401 ] ] ] }, { "type": "Polygon", "coordinates": [ [ [ -97.812416076660199, 24.525987625122099 ], [ -97.810974121093807, 24.518472671508899 ], [ -97.812919616699205, 24.516527175903398 ], [ -97.812080383300696, 24.519304275512699 ], [ -97.812416076660199, 24.525987625122099 ] ] ] }, { "type": "Polygon", "coordinates": [ [ [ -97.675140380859304, 24.525329589843899 ], [ -97.674583435058594, 24.520971298217798 ], [ -97.684844970703097, 24.518741607666101 ], [ -97.682083129882798, 24.5229187011719 ], [ -97.675140380859304, 24.525329589843899 ] ] ] }, { "type": "Polygon", "coordinates": [ [ [ -97.850135803222599, 24.524492263793899 ], [ -97.850135803222599, 24.5223617553712 ], [ -97.852600097656193, 24.522094726562401 ], [ -97.852600097656193, 24.5234985351562 ], [ -97.850135803222599, 24.524492263793899 ] ] ] }, { "type": "Polygon", "coordinates": [ [ [ -97.852912902831903, 24.517360687255898 ], [ -97.848815917968807, 24.515693664550799 ], [ -97.851501464843807, 24.511474609375 ], [ -97.854026794433494, 24.513471603393501 ], [ -97.852912902831903, 24.517360687255898 ] ] ] }, { "type": "Polygon", "coordinates": [ [ [ -97.676528930664105, 24.513305664062599 ], [ -97.677635192871094, 24.5098590850831 ], [ -97.684303283691307, 24.509027481079102 ], [ -97.682914733886705, 24.511529922485401 ], [ -97.676528930664105, 24.513305664062599 ] ] ] }, { "type": "Polygon", "coordinates": [ [ [ -97.677917480468807, 24.506303787231602 ], [ -97.676803588867202, 24.504583358764702 ], [ -97.677917480468807, 24.502084732055799 ], [ -97.682922363281193, 24.5006713867188 ], [ -97.677917480468807, 24.506303787231602 ] ] ] }, { "type": "Polygon", "coordinates": [ [ [ -97.679031372070298, 24.499027252197301 ], [ -97.680694580078097, 24.480138778686499 ], [ -97.690979003906094, 24.478515625000099 ], [ -97.682914733886705, 24.498472213745199 ], [ -97.679031372070298, 24.499027252197301 ] ] ] }, { "type": "Polygon", "coordinates": [ [ [ -97.698753356933594, 24.4759731292725 ], [ -97.697044372558594, 24.4759941101075 ], [ -97.695968627929702, 24.473749160766602 ], [ -97.699302673339801, 24.474306106567401 ], [ -97.698753356933594, 24.4759731292725 ] ] ] } ] } },
{ "type": "Feature", "properties": { "NAME_1": "Tamaulipas", "NAME_2": "San Nicolás" }, "geometry": { "type": "Polygon", "coordinates": [ [ [ -98.756233215331903, 24.476619720458999 ], [ -98.770240783691307, 24.486230850219801 ], [ -98.781303405761705, 24.5204982757569 ], [ -98.795059204101605, 24.5280494689943 ], [ -98.818687438964801, 24.5617694854737 ], [ -98.813713073730398, 24.582250595092798 ], [ -98.873138427734304, 24.6155300140381 ], [ -98.877830505371094, 24.644901275634801 ], [ -98.896469116210895, 24.628421783447401 ], [ -98.910240173339801, 24.669031143188501 ], [ -98.928611755371094, 24.682380676269499 ], [ -98.937370300292997, 24.7086696624756 ], [ -98.961326599121094, 24.724140167236399 ], [ -98.936706542968807, 24.786628723144599 ], [ -98.910858154296903, 24.780639648437599 ], [ -98.908256530761705, 24.7947311401368 ], [ -98.847427368164105, 24.802650451660298 ], [ -98.802169799804602, 24.801887512207099 ], [ -98.782508850097699, 24.790109634399499 ], [ -98.767601013183594, 24.806699752807699 ], [ -98.733291625976605, 24.818450927734499 ], [ -98.724372863769503, 24.798120498657301 ], [ -98.707977294921804, 24.800319671630898 ], [ -98.699417114257798, 24.7924499511719 ], [ -98.698806762695298, 24.747800827026399 ], [ -98.683776855468807, 24.729110717773398 ], [ -98.684371948242202, 24.704401016235401 ], [ -98.663497924804702, 24.692050933837901 ], [ -98.655982971191307, 24.6478290557862 ], [ -98.635520935058594, 24.648340225219801 ], [ -98.620002746582003, 24.633850097656399 ], [ -98.621726989746094, 24.602291107177798 ], [ -98.602798461914105, 24.582639694213899 ], [ -98.600028991699205, 24.5417499542237 ], [ -98.590232849121094, 24.519170761108501 ], [ -98.611526489257798, 24.526252746582099 ], [ -98.648971557617202, 24.491001129150401 ], [ -98.683319091796903, 24.4981594085694 ], [ -98.712066650390597, 24.4798908233643 ], [ -98.747131347656193, 24.4881896972656 ], [ -98.756233215331903, 24.476619720458999 ] ] ] } },
{ "type": "Feature", "properties": { "NAME_1": "Tamaulipas", "NAME_2": "Soto La Marina" }, "geometry": { "type": "GeometryCollection", "geometries": [ { "type": "Polygon", "coordinates": [ [ [ -97.705970764160199, 24.378751754760899 ], [ -97.688194274902301, 24.468748092651399 ], [ -97.6956787109375, 24.475708007812599 ], [ -97.682312011718807, 24.4771118164062 ], [ -97.711524963378906, 24.279304504394499 ], [ -97.7139892578125, 24.2951374053956 ], [ -97.720397949218807, 24.2807006835938 ], [ -97.708473205566406, 24.345138549804702 ], [ -97.718193054199205, 24.3593044281007 ], [ -97.705078124999901, 24.3593139648438 ], [ -97.713752746582003, 24.363193511962901 ], [ -97.703750610351506, 24.369060516357401 ], [ -97.713195800781193, 24.3690280914307 ], [ -97.705970764160199, 24.378751754760899 ] ] ] }, { "type": "Polygon", "coordinates": [ [ [ -97.807914733886705, 24.0981941223144 ], [ -97.810691833496094, 24.078750610351602 ], [ -97.802307128906193, 24.077087402343899 ], [ -97.801528930664105, 24.064861297607401 ], [ -97.802085876464801, 24.061527252197401 ], [ -97.808471679687401, 24.062082290649499 ], [ -97.8109130859375, 24.0576782226562 ], [ -97.8004150390625, 24.0584716796875 ], [ -97.799583435058494, 24.0476379394532 ], [ -97.790969848632798, 24.048194885253999 ], [ -97.799858093261705, 24.029029846191499 ], [ -97.793197631835895, 24.023750305175799 ], [ -97.789863586425696, 24.059305191040099 ], [ -97.774307250976506, 24.0676364898682 ], [ -97.773750305175696, 23.980138778686602 ], [ -97.782897949218693, 23.981323242187599 ], [ -97.789581298828097, 23.970972061157202 ], [ -97.770416259765597, 23.975694656371999 ], [ -97.775695800781193, 23.9543056488038 ], [ -97.760971069335895, 23.841249465942401 ], [ -97.767913818359304, 23.836250305175799 ], [ -97.768470764160199, 23.8548603057862 ], [ -97.772361755371094, 23.788473129272599 ], [ -97.752357482910199, 23.791805267333999 ], [ -97.7454833984375, 23.804077148437599 ], [ -97.750968933105497, 23.789028167724599 ], [ -97.738197326660199, 23.789028167724599 ], [ -97.738471984863196, 23.812360763549801 ], [ -97.744583129882798, 23.807081222534201 ], [ -97.737358093261705, 23.821804046631001 ], [ -97.738197326660199, 23.869028091430799 ], [ -97.742919921874901, 23.865972518920898 ], [ -97.746246337890597, 23.8681945800782 ], [ -97.736808776855497, 23.892360687256001 ], [ -97.731201171874901, 23.7706909179688 ], [ -97.770080566406193, 23.787109375000099 ], [ -97.780693054199205, 23.780138015747202 ], [ -97.7509765625, 23.764114379882798 ], [ -97.7540283203125, 23.762916564941499 ], [ -97.755416870117102, 23.758195877075298 ], [ -97.758468627929602, 23.758472442627099 ], [ -97.766807556152301, 23.721805572509801 ], [ -97.764579772949205, 23.627639770507901 ], [ -97.752357482910199, 23.6479167938232 ], [ -97.750694274902301, 23.629861831665199 ], [ -97.747642517089801, 23.6362495422363 ], [ -97.740417480468807, 23.7270812988282 ], [ -97.756530761718807, 23.7356948852538 ], [ -97.748191833495994, 23.744306564331101 ], [ -97.757080078125, 23.746250152588001 ], [ -97.756530761718807, 23.756526947021602 ], [ -97.748748779296804, 23.762638092041101 ], [ -97.750450134277301, 23.765975952148601 ], [ -97.739303588867102, 23.762083053588899 ], [ -97.743751525878906, 23.773195266723601 ], [ -97.732322692871094, 23.767627716064599 ], [ -97.766807556152301, 23.408750534057599 ], [ -97.770355224609403, 23.432373046875099 ], [ -97.773750305175696, 23.410417556762699 ], [ -97.791809082031193, 23.414304733276399 ], [ -97.766807556152301, 23.4043064117432 ], [ -97.769859313964801, 23.337709426879901 ], [ -97.777641296386705, 23.335971832275501 ], [ -97.770416259765597, 23.332361221313501 ], [ -97.770401000976506, 23.318691253662099 ], [ -97.811836242675795, 23.312721252441499 ], [ -97.867980957031094, 23.325927734375099 ], [ -97.893836975097699, 23.316940307617202 ], [ -97.9442138671875, 23.319274902343899 ], [ -97.966316223144503, 23.2925300598144 ], [ -97.978271484375, 23.3139038085938 ], [ -98.008972167968807, 23.32373046875 ], [ -98.029296875, 23.347900390625099 ], [ -98.0537109375, 23.339111328125099 ], [ -98.08251953125, 23.349485397338899 ], [ -98.1356201171875, 23.35009765625 ], [ -98.203323364257798, 23.337152481079102 ], [ -98.250617980957003, 23.293151855468899 ], [ -98.275833129882798, 23.292341232299901 ], [ -98.310401916503906, 23.2747898101807 ], [ -98.329170227050696, 23.232500076293999 ], [ -98.319183349609403, 23.201749801635899 ], [ -98.385070800781193, 23.230714797973601 ], [ -98.421516418457003, 23.2198390960694 ], [ -98.444427490234403, 23.225791931152401 ], [ -98.448303222656193, 23.2457809448243 ], [ -98.469177246093594, 23.267082214355501 ], [ -98.467712402343693, 23.3837280273438 ], [ -98.478881835937401, 23.4088745117188 ], [ -98.420104980468807, 23.495727539062599 ], [ -98.418701171874901, 23.5175170898438 ], [ -98.4342041015625, 23.5299072265625 ], [ -98.434082031249901, 23.6569213867187 ], [ -98.4324951171875, 23.6746826171875 ], [ -98.415077209472599, 23.7009391784668 ], [ -98.428894042968807, 23.7114868164062 ], [ -98.468078613281193, 23.781919479370199 ], [ -98.455993652343693, 23.7968769073487 ], [ -98.475402832031193, 23.834289550781399 ], [ -98.481193542480398, 23.887285232543999 ], [ -98.4716796875, 23.903320312500099 ], [ -98.450988769531193, 23.9093017578125 ], [ -98.443176269531193, 23.9375019073487 ], [ -98.4324951171875, 23.9462890625 ], [ -98.3782958984375, 23.9268798828125 ], [ -98.339599609375, 23.9669189453125 ], [ -98.2572021484375, 23.9677124023438 ], [ -98.252426147460895, 24.0293712615968 ], [ -98.229309082031193, 24.040708541870199 ], [ -98.223388671874901, 24.0662841796875 ], [ -98.196105957031193, 24.076293945312599 ], [ -98.218627929687401, 24.121520996093899 ], [ -98.215721130371094, 24.133792877197301 ], [ -98.166603088378906, 24.120670318603601 ], [ -98.126457214355497, 24.081729888916101 ], [ -98.080810546874901, 24.080688476562599 ], [ -98.062705993652301, 24.089370727539102 ], [ -98.063171386718693, 24.1284790039062 ], [ -98.037292480468807, 24.157472610473601 ], [ -98.049926757812401, 24.252073287963899 ], [ -98.020080566406193, 24.261108398437599 ], [ -98.074989318847599, 24.33673286438 ], [ -98.010925292968693, 24.337280273437401 ], [ -97.9276123046875, 24.4194946289062 ], [ -97.901916503906193, 24.431091308593899 ], [ -97.8533935546875, 24.435728073120199 ], [ -97.828964233398395, 24.409042358398398 ], [ -97.836524963378906, 24.401250839233501 ], [ -97.827079772949205, 24.393194198608501 ], [ -97.831253051757798, 24.388471603393601 ], [ -97.824028015136705, 24.392362594604499 ], [ -97.805137634277301, 24.378194808960099 ], [ -97.820137023925795, 24.359861373901399 ], [ -97.813751220703097, 24.352638244628999 ], [ -97.800086975097699, 24.3546028137207 ], [ -97.794029235839801, 24.318195343017599 ], [ -97.793746948242202, 24.370971679687599 ], [ -97.787086486816307, 24.376247406006001 ], [ -97.785972595214801, 24.3954162597657 ], [ -97.789863586425696, 24.382917404174901 ], [ -97.792640686035, 24.385139465332099 ], [ -97.778472900390597, 24.4181938171388 ], [ -97.790969848632798, 24.4090270996094 ], [ -97.791252136230497, 24.4137496948243 ], [ -97.774024963378807, 24.425138473510899 ], [ -97.768531799316406, 24.442380905151399 ], [ -97.747085571289105, 24.452083587646499 ], [ -97.744857788085895, 24.442361831665199 ], [ -97.751251220702997, 24.4370841979982 ], [ -97.748779296875, 24.445972442626999 ], [ -97.752914428710895, 24.447082519531399 ], [ -97.755142211914006, 24.4334716796875 ], [ -97.7540283203125, 24.432083129882798 ], [ -97.751220703124901, 24.435485839843899 ], [ -97.749031066894503, 24.434860229492202 ], [ -97.759025573730497, 24.422361373901399 ], [ -97.749580383300795, 24.4201393127443 ], [ -97.752914428710895, 24.355417251586999 ], [ -97.743469238281193, 24.317361831665 ], [ -97.747093200683594, 24.326261520385799 ], [ -97.752082824707003, 24.280971527099599 ], [ -97.74658203125, 24.289306640625099 ], [ -97.742980957031193, 24.268194198608398 ], [ -97.747634887695298, 24.279024124145501 ], [ -97.763748168945298, 24.206527709961001 ], [ -97.766525268554702, 24.180139541626101 ], [ -97.760139465332003, 24.172361373901399 ], [ -97.771247863769503, 24.1384716033937 ], [ -97.772087097167997, 24.086250305175898 ], [ -97.793197631835895, 24.066249847412202 ], [ -97.797080993652301, 24.073749542236399 ], [ -97.787086486816307, 24.083194732666101 ], [ -97.794029235839801, 24.080694198608299 ], [ -97.797302246093693, 24.083194732666101 ], [ -97.786315917968693, 24.105712890625099 ], [ -97.800971984863295, 24.100139617919901 ], [ -97.8037109375, 24.0906982421875 ], [ -97.806251525878807, 24.104303359985401 ], [ -97.825973510742202, 24.103471755981602 ], [ -97.807914733886705, 24.0981941223144 ] ] ] }, { "type": "Polygon", "coordinates": [ [ [ -97.794677734375, 24.410459518432699 ], [ -97.812080383300696, 24.4037475585938 ], [ -97.799377441406193, 24.412107467651399 ], [ -97.827919006347599, 24.407638549804801 ], [ -97.827362060546903, 24.412361145019599 ], [ -97.799377441406193, 24.412904739379901 ], [ -97.794677734375, 24.410459518432699 ] ] ] }, { "type": "Polygon", "coordinates": [ [ [ -97.793159484863295, 24.410699844360501 ], [ -97.791809082031193, 24.409582138061499 ], [ -97.792083740234403, 24.407127380371101 ], [ -97.794586181640597, 24.410139083862301 ], [ -97.793159484863295, 24.410699844360501 ] ] ] }, { "type": "Polygon", "coordinates": [ [ [ -97.705696105957003, 24.410278320312599 ], [ -97.704025268554602, 24.407638549804801 ], [ -97.704589843749901, 24.397888183593899 ], [ -97.707084655761705, 24.402915954589801 ], [ -97.705696105957003, 24.410278320312599 ] ] ] }, { "type": "Polygon", "coordinates": [ [ [ -97.788200378417997, 24.4034442901612 ], [ -97.788475036621094, 24.401489257812599 ], [ -97.794006347656193, 24.398681640625099 ], [ -97.793472290039006, 24.4009723663331 ], [ -97.788200378417997, 24.4034442901612 ] ] ] }, { "type": "Polygon", "coordinates": [ [ [ -97.816192626953097, 24.401823043823299 ], [ -97.815696716308494, 24.397638320922901 ], [ -97.819580078125, 24.3945827484132 ], [ -97.819030761718693, 24.398471832275401 ], [ -97.816192626953097, 24.401823043823299 ] ] ] }, { "type": "Polygon", "coordinates": [ [ [ -97.719581604003807, 24.354583740234499 ], [ -97.717636108398395, 24.3509731292725 ], [ -97.721527099609403, 24.35013961792 ], [ -97.7218017578125, 24.351804733276399 ], [ -97.719017028808494, 24.355970382690401 ], [ -97.719581604003807, 24.354583740234499 ] ] ] }, { "type": "Polygon", "coordinates": [ [ [ -97.723693847656193, 24.345703125 ], [ -97.721015930175696, 24.339305877685501 ], [ -97.722358703613295, 24.3377075195312 ], [ -97.724861145019503, 24.340415954589901 ], [ -97.723693847656193, 24.345703125 ] ] ] }, { "type": "Polygon", "coordinates": [ [ [ -97.714859008789105, 24.3354187011719 ], [ -97.714294433593807, 24.3348999023438 ], [ -97.714027404785099, 24.329027175903398 ], [ -97.717086791992102, 24.333194732666001 ], [ -97.714859008789105, 24.3354187011719 ] ] ] }, { "type": "Polygon", "coordinates": [ [ [ -97.719284057617102, 24.334033966064499 ], [ -97.718994140624901, 24.3314819335938 ], [ -97.7218017578125, 24.330972671508899 ], [ -97.7218017578125, 24.332639694213999 ], [ -97.719284057617102, 24.334033966064499 ] ] ] }, { "type": "Polygon", "coordinates": [ [ [ -97.719299316406193, 24.328491210937599 ], [ -97.718200683593807, 24.323730468749901 ], [ -97.721252441406193, 24.3223590850831 ], [ -97.722084045410199, 24.327638626098601 ], [ -97.719299316406193, 24.328491210937599 ] ] ] }, { "type": "Polygon", "coordinates": [ [ [ -97.741531372070298, 24.315536499023398 ], [ -97.740692138671903, 24.314306259155401 ], [ -97.744026184082003, 24.313749313354599 ], [ -97.743728637695298, 24.314579010009801 ], [ -97.741531372070298, 24.315536499023398 ] ] ] }, { "type": "Polygon", "coordinates": [ [ [ -97.724304199218807, 24.30930519104 ], [ -97.724861145019503, 24.299922943115298 ], [ -97.725975036620994, 24.299304962158299 ], [ -97.727363586425795, 24.303472518920799 ], [ -97.724304199218807, 24.30930519104 ] ] ] }, { "type": "Polygon", "coordinates": [ [ [ -97.747085571289105, 24.3023605346681 ], [ -97.7462158203125, 24.3001098632812 ], [ -97.748474121093693, 24.295694351196399 ], [ -97.749031066894503, 24.2973613739013 ], [ -97.747085571289105, 24.3023605346681 ] ] ] }, { "type": "Polygon", "coordinates": [ [ [ -97.729309082031193, 24.297916412353501 ], [ -97.726524353027301, 24.2951374053956 ], [ -97.732917785644503, 24.288194656372099 ], [ -97.732635498046804, 24.2948608398438 ], [ -97.729309082031193, 24.297916412353501 ] ] ] }, { "type": "Polygon", "coordinates": [ [ [ -97.741027832031193, 24.2904167175294 ], [ -97.738220214843807, 24.2864971160888 ], [ -97.730697631835895, 24.2815265655518 ], [ -97.740974426269503, 24.281248092651399 ], [ -97.741027832031193, 24.2904167175294 ] ] ] }, { "type": "Polygon", "coordinates": [ [ [ -97.723197937011705, 24.283920288085898 ], [ -97.722084045410199, 24.2829189300537 ], [ -97.724586486816406, 24.281806945800799 ], [ -97.724586486816406, 24.283472061157301 ], [ -97.723197937011705, 24.283920288085898 ] ] ] }, { "type": "Polygon", "coordinates": [ [ [ -97.722084045410199, 24.2744674682618 ], [ -97.719863891601506, 24.2779140472412 ], [ -97.739585876464801, 24.221250534057699 ], [ -97.739585876464801, 24.228471755981399 ], [ -97.722084045410199, 24.2744674682618 ] ] ] }, { "type": "Polygon", "coordinates": [ [ [ -97.724304199218807, 24.130416870117202 ], [ -97.735694885253807, 23.995971679687599 ], [ -97.738197326660199, 23.8945827484131 ], [ -97.738197326660199, 23.9651393890381 ], [ -97.748191833495994, 23.949583053588899 ], [ -97.747642517089801, 23.934028625488398 ], [ -97.751808166503807, 23.947360992431602 ], [ -97.739860534667997, 23.9681930541993 ], [ -97.7401123046875, 24.0740966796875 ], [ -97.734580993652301, 24.076250076293899 ], [ -97.737083435058594, 24.1101398468019 ], [ -97.730697631835895, 24.1201362609863 ], [ -97.728752136230497, 24.135694503784201 ], [ -97.733192443847599, 24.164304733276399 ], [ -97.729858398437401, 24.1601371765138 ], [ -97.724586486816406, 24.178749084472798 ], [ -97.731246948242202, 24.166528701782301 ], [ -97.732635498046804, 24.173196792602599 ], [ -97.716529846191307, 24.2768058776856 ], [ -97.711486816406193, 24.2742900848388 ], [ -97.724304199218807, 24.130416870117202 ] ] ] }, { "type": "Polygon", "coordinates": [ [ [ -97.742637634277301, 24.2615280151368 ], [ -97.743194580078097, 24.258752822876001 ], [ -97.745140075683494, 24.259305953979499 ], [ -97.743751525878906, 24.261249542236399 ], [ -97.742637634277301, 24.2615280151368 ] ] ] }, { "type": "Polygon", "coordinates": [ [ [ -97.762573242187401, 24.155450820922901 ], [ -97.759582519531193, 24.155138015747202 ], [ -97.760971069335895, 24.151527404785199 ], [ -97.763977050781193, 24.1535034179688 ], [ -97.762573242187401, 24.155450820922901 ] ] ] }, { "type": "Polygon", "coordinates": [ [ [ -97.759025573730497, 24.151527404785199 ], [ -97.757637023925696, 24.148750305175799 ], [ -97.759582519531193, 24.146804809570401 ], [ -97.760696411132798, 24.150417327881001 ], [ -97.759025573730497, 24.151527404785199 ] ] ] }, { "type": "Polygon", "coordinates": [ [ [ -97.736808776855497, 24.148750305175799 ], [ -97.738471984863196, 24.143194198608501 ], [ -97.737625122070298, 24.1373615264893 ], [ -97.738471984863196, 24.135694503784201 ], [ -97.739303588867102, 24.1434726715088 ], [ -97.736808776855497, 24.148750305175799 ] ] ] }, { "type": "Polygon", "coordinates": [ [ [ -97.755691528320298, 24.144027709961101 ], [ -97.756805419921903, 24.139305114746101 ], [ -97.758193969726506, 24.1390991210937 ], [ -97.757919311523395, 24.1437492370607 ], [ -97.755691528320298, 24.144027709961101 ] ] ] }, { "type": "Polygon", "coordinates": [ [ [ -97.753196716308594, 24.1409721374512 ], [ -97.752914428710895, 24.139305114746101 ], [ -97.754302978515497, 24.137638092041101 ], [ -97.755142211914006, 24.140138626098601 ], [ -97.753196716308594, 24.1409721374512 ] ] ] }, { "type": "Polygon", "coordinates": [ [ [ -97.732917785644503, 24.137510299682699 ], [ -97.732635498046804, 24.1201362609863 ], [ -97.739303588867102, 24.108194351196399 ], [ -97.737640380859403, 24.103471755981602 ], [ -97.743469238281193, 24.0956935882569 ], [ -97.732917785644503, 24.137510299682699 ] ] ] }, { "type": "Polygon", "coordinates": [ [ [ -97.750968933105497, 24.133861541748001 ], [ -97.749305725097699, 24.1301383972169 ], [ -97.749305725097699, 24.1256942749025 ], [ -97.751808166503807, 24.131250381469801 ], [ -97.750968933105497, 24.133861541748001 ] ] ] }, { "type": "Polygon", "coordinates": [ [ [ -97.743194580078097, 24.118324279785199 ], [ -97.742126464843807, 24.117126464843899 ], [ -97.742362976074205, 24.114582061767699 ], [ -97.744583129882798, 24.115972518920799 ], [ -97.743194580078097, 24.118324279785199 ] ] ] }, { "type": "Polygon", "coordinates": [ [ [ -97.748512268066406, 24.114263534545799 ], [ -97.749305725097699, 24.104028701782301 ], [ -97.753753662109403, 24.098749160766602 ], [ -97.754859924316307, 24.100694656372099 ], [ -97.748512268066406, 24.114263534545799 ] ] ] }, { "type": "Polygon", "coordinates": [ [ [ -97.755973815917997, 24.108747482299801 ], [ -97.754859924316307, 24.104028701782301 ], [ -97.760414123535199, 24.098749160766602 ], [ -97.759864807128906, 24.106525421142699 ], [ -97.755973815917997, 24.108747482299801 ] ] ] }, { "type": "Polygon", "coordinates": [ [ [ -97.796775817871094, 24.0954284667968 ], [ -97.794586181640597, 24.093471527099599 ], [ -97.795417785644503, 24.092082977294901 ], [ -97.799308776855398, 24.093748092651399 ], [ -97.796775817871094, 24.0954284667968 ] ] ] }, { "type": "Polygon", "coordinates": [ [ [ -97.750694274902301, 24.0877571105957 ], [ -97.749031066894503, 24.083194732666101 ], [ -97.756805419921903, 24.067083358764702 ], [ -97.757637023925696, 24.0776386260987 ], [ -97.750694274902301, 24.0877571105957 ] ] ] }, { "type": "Polygon", "coordinates": [ [ [ -97.737976074218693, 24.088193893432599 ], [ -97.736251831054602, 24.085416793823399 ], [ -97.738471984863196, 24.081247329711999 ], [ -97.738746643066307, 24.087638854980501 ], [ -97.737976074218693, 24.088193893432599 ] ] ] }, { "type": "Polygon", "coordinates": [ [ [ -97.768196105957003, 23.9743061065675 ], [ -97.764259338378906, 23.969591140746999 ], [ -97.765380859375, 23.965087890625099 ], [ -97.770416259765597, 23.967916488647599 ], [ -97.768196105957003, 23.9743061065675 ] ] ] }, { "type": "Polygon", "coordinates": [ [ [ -97.741485595703097, 23.951822280883899 ], [ -97.740417480468807, 23.949583053588899 ], [ -97.740692138671903, 23.948749542236399 ], [ -97.743469238281193, 23.951250076294102 ], [ -97.741485595703097, 23.951822280883899 ] ] ] }, { "type": "Polygon", "coordinates": [ [ [ -97.763191223144503, 23.948472976684599 ], [ -97.769859313964801, 23.945415496826101 ], [ -97.770973205566307, 23.947360992431602 ], [ -97.762359619140597, 23.950138092041101 ], [ -97.763191223144503, 23.948472976684599 ] ] ] }, { "type": "Polygon", "coordinates": [ [ [ -97.7509765625, 23.9307250976563 ], [ -97.744583129882798, 23.920972824096701 ], [ -97.752357482910199, 23.922916412353501 ], [ -97.753753662109403, 23.915971755981602 ], [ -97.7509765625, 23.9307250976563 ] ] ] }, { "type": "Polygon", "coordinates": [ [ [ -97.765419006347699, 23.899583816528299 ], [ -97.762405395507798, 23.887916564941399 ], [ -97.762359619140597, 23.879861831665099 ], [ -97.764305114745994, 23.8809719085694 ], [ -97.765419006347699, 23.899583816528299 ] ] ] }, { "type": "Polygon", "coordinates": [ [ [ -97.757362365722699, 23.8754158020019 ], [ -97.758193969726506, 23.8706951141357 ], [ -97.759864807128906, 23.8706951141357 ], [ -97.759582519531193, 23.874027252197401 ], [ -97.757362365722699, 23.8754158020019 ] ] ] }, { "type": "Polygon", "coordinates": [ [ [ -97.759307861328097, 23.865972518920898 ], [ -97.759582519531193, 23.862638473510899 ], [ -97.760414123535199, 23.8620834350587 ], [ -97.760971069335895, 23.865695953369102 ], [ -97.758728027343807, 23.8690795898438 ], [ -97.759307861328097, 23.865972518920898 ] ] ] }, { "type": "Polygon", "coordinates": [ [ [ -97.746528625488295, 23.865524291992202 ], [ -97.748474121093693, 23.8590278625488 ], [ -97.751808166503807, 23.8584728240968 ], [ -97.753196716308594, 23.862361907958999 ], [ -97.746528625488295, 23.865524291992202 ] ] ] }, { "type": "Polygon", "coordinates": [ [ [ -97.742919921874901, 23.861528396606499 ], [ -97.744026184082003, 23.859861373901399 ], [ -97.746528625488295, 23.8609714508057 ], [ -97.7423095703125, 23.862670898437599 ], [ -97.742919921874901, 23.861528396606499 ] ] ] }, { "type": "Polygon", "coordinates": [ [ [ -97.765983581542997, 23.8334484100343 ], [ -97.765419006347699, 23.8329162597657 ], [ -97.765075683593693, 23.830688476562401 ], [ -97.767364501953097, 23.831527709961001 ], [ -97.765983581542997, 23.8334484100343 ] ] ] }, { "type": "Polygon", "coordinates": [ [ [ -97.760696411132798, 23.8312492370606 ], [ -97.764030456542898, 23.820417404174901 ], [ -97.762641906738295, 23.8090839385987 ], [ -97.763488769531193, 23.804321289062599 ], [ -97.767364501953097, 23.821804046631001 ], [ -97.760696411132798, 23.8312492370606 ] ] ] }, { "type": "Polygon", "coordinates": [ [ [ -97.740692138671903, 23.821283340454201 ], [ -97.740692138671903, 23.8201293945313 ], [ -97.744308471679702, 23.819860458374102 ], [ -97.743469238281193, 23.821250915527401 ], [ -97.740692138671903, 23.821283340454201 ] ] ] }, { "type": "Polygon", "coordinates": [ [ [ -97.754570007324205, 23.811807632446399 ], [ -97.754302978515497, 23.8073616027832 ], [ -97.755416870117102, 23.8073616027832 ], [ -97.758178710937401, 23.811523437500099 ], [ -97.754570007324205, 23.811807632446399 ] ] ] }, { "type": "Polygon", "coordinates": [ [ [ -97.766517639160199, 23.799869537353601 ], [ -97.765197753906193, 23.798469543456999 ], [ -97.765419006347699, 23.7948608398438 ], [ -97.766525268554702, 23.796249389648501 ], [ -97.766517639160199, 23.799869537353601 ] ] ] }, { "type": "Polygon", "coordinates": [ [ [ -97.761253356933494, 23.797538757324201 ], [ -97.760696411132798, 23.796249389648501 ], [ -97.762641906738295, 23.794582366943398 ], [ -97.762916564941406, 23.795692443847699 ], [ -97.761253356933494, 23.797538757324201 ] ] ] }, { "type": "Polygon", "coordinates": [ [ [ -97.759864807128906, 23.742914199829201 ], [ -97.760414123535199, 23.743749618530298 ], [ -97.759582519531193, 23.744583129882901 ], [ -97.757362365722699, 23.744583129882901 ], [ -97.759864807128906, 23.742914199829201 ] ] ] }, { "type": "Polygon", "coordinates": [ [ [ -97.756805419921903, 23.7423610687256 ], [ -97.756805419921903, 23.7398605346681 ], [ -97.758750915527301, 23.739582061767699 ], [ -97.759025573730497, 23.740972518921001 ], [ -97.756805419921903, 23.7423610687256 ] ] ] }, { "type": "Polygon", "coordinates": [ [ [ -97.756248474121094, 23.737361907958999 ], [ -97.757919311523395, 23.737638473510799 ], [ -97.755142211914006, 23.7398605346681 ], [ -97.755416870117102, 23.738193511962901 ], [ -97.756248474121094, 23.737361907958999 ] ] ] } ] } },
{ "type": "Feature", "properties": { "NAME_1": "Tamaulipas", "NAME_2": "Tampico" }, "geometry": { "type": "Polygon", "coordinates": [ [ [ -97.880187988281094, 22.202939987182599 ], [ -97.933647155761705, 22.2582111358643 ], [ -97.937110900878807, 22.2682094573975 ], [ -97.914756774902301, 22.300380706787099 ], [ -97.899192810058594, 22.299230575561499 ], [ -97.884307861328097, 22.273910522460898 ], [ -97.846527099609403, 22.275810241699201 ], [ -97.841140747070298, 22.246549606323399 ], [ -97.824768066406193, 22.2228202819825 ], [ -97.857658386230398, 22.198881149292099 ], [ -97.880187988281094, 22.202939987182599 ] ] ] } },
{ "type": "Feature", "properties": { "NAME_1": "Tamaulipas", "NAME_2": "Tula" }, "geometry": { "type": "Polygon", "coordinates": [ [ [ -100.078247070312003, 23.1603107452393 ], [ -100.015953063965, 23.1627311706544 ], [ -99.952697753906193, 23.195440292358501 ], [ -99.897689819335895, 23.260280609131001 ], [ -99.878005981445298, 23.253910064697301 ], [ -99.861045837402301, 23.216699600219801 ], [ -99.817687988281193, 23.192670822143601 ], [ -99.745697021484403, 23.162418365478601 ], [ -99.720779418945199, 23.182401657104499 ], [ -99.712066650390597, 23.1710510253907 ], [ -99.694740295410099, 23.171411514282202 ], [ -99.689422607421903, 23.152830123901399 ], [ -99.667846679687401, 23.138710021972699 ], [ -99.661018371582003, 23.118101119995099 ], [ -99.640953063964801, 23.123510360717798 ], [ -99.599418640136705, 23.071790695190501 ], [ -99.578475952148395, 23.0741710662843 ], [ -99.552101135253906, 23.0612411499025 ], [ -99.553802490234403, 23.0842609405518 ], [ -99.532119750976506, 23.093931198120199 ], [ -99.508842468261705, 23.026319503784201 ], [ -99.473037719726605, 22.999629974365298 ], [ -99.479278564453097, 22.994430541992202 ], [ -99.503669738769503, 23.003730773925799 ], [ -99.527587890625, 22.9986495971681 ], [ -99.533256530761705, 22.9880905151368 ], [ -99.537536621093807, 22.9974899291993 ], [ -99.568878173828097, 22.966161727905298 ], [ -99.535087585449205, 22.938350677490199 ], [ -99.522056579589801, 22.887132644653398 ], [ -99.549156188964801, 22.8927497863769 ], [ -99.559143066406193, 22.886571884155298 ], [ -99.549133300781193, 22.825910568237301 ], [ -99.533287048339702, 22.801309585571399 ], [ -99.534927368164105, 22.763919830322301 ], [ -99.520080566406193, 22.743810653686602 ], [ -99.541763305664006, 22.724399566650401 ], [ -99.559898376464801, 22.7204704284669 ], [ -99.554306030273395, 22.697069168090799 ], [ -99.559677124023395, 22.677841186523601 ], [ -99.581787109375, 22.669929504394499 ], [ -99.6650390625, 22.696630477905298 ], [ -99.800010681152301, 22.706560134887699 ], [ -99.870117187499901, 22.734331130981602 ], [ -99.967880249023395, 22.757392883300898 ], [ -99.996627807617202, 22.775390625 ], [ -100.018035888672003, 22.810462951660199 ], [ -100.028396606445, 22.927190780639599 ], [ -100.014869689940994, 23.061740875244102 ], [ -100.034187316895, 23.104131698608299 ], [ -100.075347900390994, 23.133268356323399 ], [ -100.078247070312003, 23.1603107452393 ] ] ] } },
{ "type": "Feature", "properties": { "NAME_1": "Tamaulipas", "NAME_2": "Valle Hermoso" }, "geometry": { "type": "Polygon", "coordinates": [ [ [ -97.918243408203097, 25.9115524291993 ], [ -97.906005859374901, 25.914918899536101 ], [ -97.864196777343807, 25.894897460937599 ], [ -97.831298828125, 25.899110794067401 ], [ -97.818618774414105, 25.8849697113038 ], [ -97.796287536621094, 25.876951217651399 ], [ -97.763488769531193, 25.823486328124901 ], [ -97.780822753906193, 25.792480468750099 ], [ -97.778686523437401, 25.6071166992188 ], [ -97.766906738281193, 25.565917968750099 ], [ -97.7681884765625, 25.525695800781399 ], [ -97.774719238281193, 25.5076904296875 ], [ -97.811531066894503, 25.495620727539102 ], [ -97.851028442382798, 25.520299911499102 ], [ -97.862876892089801, 25.515129089355501 ], [ -97.873687744140597, 25.527200698852599 ], [ -97.892143249511705, 25.5200901031494 ], [ -97.902336120605497, 25.534990310668899 ], [ -97.911605834960895, 25.520879745483501 ], [ -97.935043334960895, 25.526119232177798 ], [ -97.948028564453097, 25.6055297851562 ], [ -97.987281799316307, 25.700351715088001 ], [ -97.984947204589801, 25.7092399597169 ], [ -97.967117309570298, 25.709938049316499 ], [ -97.970718383789105, 25.757169723510799 ], [ -97.984680175781193, 25.768449783325199 ], [ -97.989875793457003, 25.7869682312012 ], [ -97.988388061523395, 25.8247394561768 ], [ -97.933067321777301, 25.837961196899499 ], [ -97.921089172363196, 25.895200729370099 ], [ -97.925346374511705, 25.907600402831999 ], [ -97.918243408203097, 25.9115524291993 ] ] ] } },
{ "type": "Feature", "properties": { "NAME_1": "Tamaulipas", "NAME_2": "Victoria" }, "geometry": { "type": "Polygon", "coordinates": [ [ [ -99.371086120605497, 23.791990280151399 ], [ -99.381523132324205, 23.821769714355501 ], [ -99.370368957519503, 23.839889526367202 ], [ -99.366577148437401, 23.867759704589901 ], [ -99.315040588378906, 23.93044090271 ], [ -99.247711181640597, 23.9509506225587 ], [ -99.167427062988196, 23.9475498199463 ], [ -99.154266357421804, 23.936399459838899 ], [ -99.137481689453097, 23.891040802002099 ], [ -99.118896484374901, 23.900650024414201 ], [ -99.113533020019503, 23.894609451294102 ], [ -99.135513305664105, 23.812770843505898 ], [ -99.124816894531193, 23.808780670166101 ], [ -99.109275817870994, 23.819852828979499 ], [ -99.099418640136705, 23.7982406616212 ], [ -99.089233398437401, 23.794719696045 ], [ -99.083892822265597, 23.819501876831101 ], [ -99.074043273925795, 23.825941085815501 ], [ -99.029136657714801, 23.7350597381593 ], [ -99.011627197265497, 23.7159519195557 ], [ -98.9869384765625, 23.668678283691499 ], [ -98.991561889648395, 23.642652511596701 ], [ -99.024528503417997, 23.603889465332099 ], [ -99.070442199707003, 23.614271163940501 ], [ -99.080238342285199, 23.610111236572301 ], [ -99.076896667480497, 23.571701049804702 ], [ -99.088897705078097, 23.527820587158299 ], [ -99.087615966796804, 23.4923400878906 ], [ -99.102676391601506, 23.483169555663999 ], [ -99.142745971679602, 23.4788417816163 ], [ -99.137847900390597, 23.4085502624512 ], [ -99.1209716796875, 23.3642807006837 ], [ -99.120666503906193, 23.342830657959102 ], [ -99.148376464843693, 23.342191696166999 ], [ -99.181793212890597, 23.360530853271499 ], [ -99.202827453613196, 23.3514804840088 ], [ -99.209663391113295, 23.357549667358501 ], [ -99.194259643554702, 23.379579544067401 ], [ -99.241096496582003, 23.416519165039102 ], [ -99.259559631347599, 23.470790863037202 ], [ -99.282676696777301, 23.4987010955812 ], [ -99.285346984863295, 23.521390914916999 ], [ -99.311653137206903, 23.570802688598601 ], [ -99.314666748046903, 23.6621608734132 ], [ -99.252822875976605, 23.724559783935501 ], [ -99.257476806640597, 23.730150222778398 ], [ -99.282409667968807, 23.715541839599702 ], [ -99.290519714355497, 23.720211029052699 ], [ -99.272003173828097, 23.746700286865199 ], [ -99.276657104492202, 23.776718139648398 ], [ -99.264343261718693, 23.8347911834718 ], [ -99.295372009277301, 23.817670822143501 ], [ -99.328292846679702, 23.8165798187256 ], [ -99.371086120605497, 23.791990280151399 ] ] ] } },
{ "type": "Feature", "properties": { "NAME_1": "Tamaulipas", "NAME_2": "Villagrán" }, "geometry": { "type": "Polygon", "coordinates": [ [ [ -99.641456604003906, 24.388490676879901 ], [ -99.675537109375, 24.472040176391602 ], [ -99.703346252441406, 24.485082626342798 ], [ -99.679428100585895, 24.515060424804702 ], [ -99.621582031249901, 24.513881683349702 ], [ -99.615837097167997, 24.539270401001101 ], [ -99.632537841796804, 24.557540893554801 ], [ -99.616012573242202, 24.556390762329201 ], [ -99.598838806152301, 24.569709777832099 ], [ -99.585845947265597, 24.558771133422798 ], [ -99.569313049316307, 24.573780059814499 ], [ -99.554573059082003, 24.575330734252901 ], [ -99.506599426269503, 24.540409088134801 ], [ -99.484458923339702, 24.546361923217798 ], [ -99.477081298828097, 24.560371398925799 ], [ -99.489646911621094, 24.5804328918457 ], [ -99.486541748046804, 24.603969573974702 ], [ -99.464309692382798, 24.5949611663818 ], [ -99.4617919921875, 24.604530334472699 ], [ -99.464073181152301, 24.626771926879901 ], [ -99.484786987304702, 24.651210784912202 ], [ -99.489112854003807, 24.709539413452099 ], [ -99.480171203613295, 24.735652923583999 ], [ -99.468986511230398, 24.742309570312599 ], [ -99.449371337890597, 24.7341995239257 ], [ -99.429702758789006, 24.737529754638601 ], [ -99.384902954101605, 24.795780181884801 ], [ -99.338851928710895, 24.8136100769044 ], [ -99.326736450195298, 24.847589492797901 ], [ -99.3135986328125, 24.857368469238398 ], [ -99.294326782226605, 24.8005294799806 ], [ -99.249046325683594, 24.8178310394288 ], [ -99.217308044433494, 24.798120498657301 ], [ -99.229110717773395, 24.783252716064599 ], [ -99.209457397460895, 24.764360427856602 ], [ -99.222679138183594, 24.750740051269599 ], [ -99.220329284667997, 24.7138080596925 ], [ -99.206146240234304, 24.7110195159913 ], [ -99.179771423339801, 24.670391082763601 ], [ -99.230895996093807, 24.6126308441163 ], [ -99.230636596679702, 24.602310180664102 ], [ -99.206916809082003, 24.590950012206999 ], [ -99.2086181640625, 24.560358047485401 ], [ -99.219673156738295, 24.544599533081101 ], [ -99.244155883789105, 24.5337009429932 ], [ -99.229019165039105, 24.5228481292725 ], [ -99.239242553710895, 24.503280639648398 ], [ -99.238426208496094, 24.480159759521499 ], [ -99.261871337890497, 24.4651794433594 ], [ -99.284332275390597, 24.434022903442301 ], [ -99.317802429199205, 24.427089691162202 ], [ -99.349151611328097, 24.441520690918001 ], [ -99.403877258300795, 24.431949615478601 ], [ -99.431892395019503, 24.4079895019532 ], [ -99.516082763671903, 24.391130447387699 ], [ -99.559806823730497, 24.400880813598601 ], [ -99.586242675781193, 24.396900177001999 ], [ -99.609748840332003, 24.4127292633057 ], [ -99.627693176269503, 24.405941009521499 ], [ -99.641456604003906, 24.388490676879901 ] ] ] } },
{ "type": "Feature", "properties": { "NAME_1": "Tamaulipas", "NAME_2": "Xicoténcatl" }, "geometry": { "type": "Polygon", "coordinates": [ [ [ -98.866661071777301, 22.8407802581787 ], [ -98.890708923339801, 22.8531608581544 ], [ -98.911178588867102, 22.8431091308594 ], [ -98.926536560058494, 22.8526515960694 ], [ -98.943809509277301, 22.838449478149499 ], [ -98.965881347656193, 22.8496608734132 ], [ -98.984840393066406, 22.8430194854737 ], [ -99.009407043457003, 22.852190017700298 ], [ -99.038276672363295, 22.8515911102294 ], [ -99.045867919921903, 22.8715305328369 ], [ -99.042793273925696, 22.9769897460938 ], [ -99.112869262695298, 23.012599945068398 ], [ -99.155403137207003, 23.088769912719702 ], [ -99.114112854003807, 23.071969985961999 ], [ -99.094337463378906, 23.091190338134801 ], [ -99.034736633300795, 23.094089508056701 ], [ -99.028266906738295, 23.1030597686769 ], [ -99.031288146972699, 23.137750625610501 ], [ -98.992111206054702, 23.154912948608398 ], [ -98.989212036132798, 23.178300857543999 ], [ -98.919822692871094, 23.111860275268601 ], [ -98.905952453613196, 23.088989257812599 ], [ -98.889541625976506, 23.081630706787099 ], [ -98.840286254882798, 23.0936698913575 ], [ -98.816627502441406, 23.090400695800898 ], [ -98.808799743652301, 23.097459793090898 ], [ -98.818206787109304, 23.1142902374269 ], [ -98.811546325683494, 23.117599487304702 ], [ -98.714920043945298, 23.109521865844801 ], [ -98.729927062988295, 23.043598175048899 ], [ -98.784622192382798, 23.0672206878663 ], [ -98.789077758789105, 23.058010101318398 ], [ -98.774467468261705, 23.038749694824201 ], [ -98.779296874999901, 23.017152786254901 ], [ -98.821182250976605, 23.018430709838999 ], [ -98.824859619140597, 23.0130310058594 ], [ -98.767280578613196, 22.970848083496001 ], [ -98.789451599121094, 22.9403781890869 ], [ -98.750160217285199, 22.9391307830812 ], [ -98.747467041015597, 22.899940490722699 ], [ -98.759986877441406, 22.887689590454201 ], [ -98.802101135253807, 22.88849067688 ], [ -98.834053039550696, 22.8424606323243 ], [ -98.854637145995994, 22.8502426147462 ], [ -98.866661071777301, 22.8407802581787 ] ] ] } }
]
}
