{
"type": "FeatureCollection",
"name": "veracruz",
"crs": { "type": "name", "properties": { "name": "urn:ogc:def:crs:OGC:1.3:CRS84" } },
"features": [
{ "type": "Feature", "properties": { "NAME_1": "Veracruz", "NAME_2": "Acajete" }, "geometry": { "type": "Polygon", "coordinates": [ [ [ -96.986976623535, 19.6314907073975 ], [ -97.020256042480398, 19.636430740356602 ], [ -97.006080627441406, 19.661199569702099 ], [ -96.990882873535099, 19.669612884521499 ], [ -96.971290588378906, 19.7118225097656 ], [ -96.950111389160199, 19.675912857055799 ], [ -96.922805786132798, 19.660480499267599 ], [ -96.921829223632798, 19.642789840698299 ], [ -96.933837890624901, 19.625970840454201 ], [ -96.986976623535, 19.6314907073975 ] ] ] } },
{ "type": "Feature", "properties": { "NAME_1": "Veracruz", "NAME_2": "Acatlán" }, "geometry": { "type": "Polygon", "coordinates": [ [ [ -96.794982910156193, 19.699579238891701 ], [ -96.785263061523395, 19.714830398559702 ], [ -96.807640075683594, 19.732660293579102 ], [ -96.807601928710895, 19.761350631713899 ], [ -96.796562194824205, 19.763900756835898 ], [ -96.780471801757798, 19.758928298950099 ], [ -96.758987426757798, 19.7340717315675 ], [ -96.733192443847599, 19.697240829467798 ], [ -96.730041503906193, 19.677860260009901 ], [ -96.768035888671903, 19.6568317413331 ], [ -96.794982910156193, 19.699579238891701 ] ] ] } },
{ "type": "Feature", "properties": { "NAME_1": "Veracruz", "NAME_2": "Acayucan" }, "geometry": { "type": "Polygon", "coordinates": [ [ [ -95.050086975097699, 17.9374694824219 ], [ -95.0894775390625, 17.9734001159669 ], [ -95.113327026367202, 17.9654006958007 ], [ -95.191078186035099, 17.977119445800799 ], [ -95.193412780761705, 17.986530303955099 ], [ -95.219436645507699, 17.997699737548899 ], [ -95.234863281249901, 18.0153484344482 ], [ -95.266899108886705, 18.085380554199201 ], [ -95.140701293945298, 18.100072860717798 ], [ -95.097846984863196, 18.0811882019044 ], [ -94.980010986328097, 18.070360183715799 ], [ -94.916572570800795, 18.0440406799318 ], [ -94.843399047851506, 18.039211273193398 ], [ -94.870277404785099, 18.015569686889599 ], [ -94.925552368164105, 17.986621856689599 ], [ -94.928146362304702, 17.972179412841701 ], [ -94.916603088378906, 17.957149505615199 ], [ -94.955871582031193, 17.940809249877901 ], [ -94.982398986816406, 17.909070968628001 ], [ -94.992942810058494, 17.923700332641602 ], [ -95.050086975097699, 17.9374694824219 ] ] ] } },
{ "type": "Feature", "properties": { "NAME_1": "Veracruz", "NAME_2": "Actopan" }, "geometry": { "type": "GeometryCollection", "geometries": [ { "type": "Polygon", "coordinates": [ [ [ -96.377082824707003, 19.573474884033299 ], [ -96.329437255859403, 19.490341186523398 ], [ -96.387451171875, 19.482219696044901 ], [ -96.407989501953097, 19.486499786376999 ], [ -96.447517395019503, 19.461780548095799 ], [ -96.477691650390597, 19.466960906982401 ], [ -96.489967346191406, 19.481140136718899 ], [ -96.530296325683594, 19.4711608886719 ], [ -96.580589294433494, 19.471939086914102 ], [ -96.617828369140597, 19.481590270996101 ], [ -96.743316650390497, 19.553770065307699 ], [ -96.760841369628807, 19.5913314819337 ], [ -96.750961303710895, 19.588830947876001 ], [ -96.739906311035199, 19.598699569702202 ], [ -96.717437744140597, 19.583938598632901 ], [ -96.692581176757699, 19.5835781097412 ], [ -96.650321960449205, 19.607639312744201 ], [ -96.558448791503906, 19.633010864257798 ], [ -96.527496337890497, 19.623020172119102 ], [ -96.492202758789006, 19.638942718506001 ], [ -96.472473144531094, 19.630479812622099 ], [ -96.445198059081903, 19.670560836791999 ], [ -96.404861450195298, 19.694374084472798 ], [ -96.396530151367102, 19.677360534668001 ], [ -96.397087097167997, 19.6454162597656 ], [ -96.371528625488295, 19.6054172515869 ], [ -96.379302978515597, 19.589860916137798 ], [ -96.393196105957003, 19.5929164886475 ], [ -96.386802673339801, 19.5837497711182 ], [ -96.377914428710895, 19.587360382080099 ], [ -96.377082824707003, 19.573474884033299 ] ] ] }, { "type": "Polygon", "coordinates": [ [ [ -96.393173217773395, 19.6793117523193 ], [ -96.391250610351605, 19.6779174804688 ], [ -96.392364501952997, 19.675693511962901 ], [ -96.3951416015625, 19.677082061767599 ], [ -96.393173217773395, 19.6793117523193 ] ] ] } ] } },
{ "type": "Feature", "properties": { "NAME_1": "Veracruz", "NAME_2": "Acula" }, "geometry": { "type": "Polygon", "coordinates": [ [ [ -95.678848266601605, 18.6508312225343 ], [ -95.687828063964801, 18.638389587402401 ], [ -95.715400695800795, 18.6321105957032 ], [ -95.715927124023395, 18.587530136108299 ], [ -95.744346618652301, 18.5820026397706 ], [ -95.732887268066307, 18.5353012084962 ], [ -95.722396850585895, 18.527570724487401 ], [ -95.7086181640625, 18.5342712402344 ], [ -95.708549499511705, 18.5246601104737 ], [ -95.718353271484403, 18.517351150512798 ], [ -95.764518737792997, 18.5225925445556 ], [ -95.803298950195298, 18.514408111572401 ], [ -95.810096740722699, 18.5377101898194 ], [ -95.797508239746094, 18.5656509399413 ], [ -95.797515869140597, 18.597000122070401 ], [ -95.851936340332003, 18.658739089965898 ], [ -95.860908508300795, 18.6879692077638 ], [ -95.895095825195298, 18.727109909057699 ], [ -95.894676208496094, 18.745521545410199 ], [ -95.866790771484304, 18.752820968628001 ], [ -95.859580993652301, 18.715694427490199 ], [ -95.788757324218693, 18.708509445190401 ], [ -95.775321960449205, 18.692930221557699 ], [ -95.763267517089801, 18.692790985107401 ], [ -95.7635498046875, 18.685411453247099 ], [ -95.758895874023395, 18.690309524536101 ], [ -95.751792907714801, 18.679950714111399 ], [ -95.678848266601605, 18.6508312225343 ] ] ] } },
{ "type": "Feature", "properties": { "NAME_1": "Veracruz", "NAME_2": "Acultzingo" }, "geometry": { "type": "Polygon", "coordinates": [ [ [ -97.243751525878906, 18.742002487182699 ], [ -97.246467590332003, 18.833509445190501 ], [ -97.210456848144503, 18.8231716156006 ], [ -97.135696411132798, 18.779382705688501 ], [ -97.120132446289105, 18.778419494628999 ], [ -97.101531982421903, 18.743841171264702 ], [ -97.130210876464801, 18.7341709136963 ], [ -97.157546997070298, 18.693290710449201 ], [ -97.171913146972699, 18.687099456787099 ], [ -97.168296813964801, 18.662559509277301 ], [ -97.195953369140597, 18.6670112609863 ], [ -97.224510192870994, 18.6876106262206 ], [ -97.240882873535199, 18.715621948242202 ], [ -97.243751525878906, 18.742002487182699 ] ] ] } },
{ "type": "Feature", "properties": { "NAME_1": "Veracruz", "NAME_2": "Alpatláhuac" }, "geometry": { "type": "Polygon", "coordinates": [ [ [ -96.983078002929702, 19.099391937256001 ], [ -97.056655883789006, 19.0914192199707 ], [ -97.068336486816406, 19.099359512328999 ], [ -97.072135925292898, 19.1197624206544 ], [ -97.006072998046903, 19.127050399780298 ], [ -96.983078002929702, 19.099391937256001 ] ] ] } },
{ "type": "Feature", "properties": { "NAME_1": "Veracruz", "NAME_2": "Alto Lucero de Gutiérrez Barrios" }, "geometry": { "type": "Polygon", "coordinates": [ [ [ -96.429306030273395, 19.794584274291999 ], [ -96.406524658203097, 19.7487506866456 ], [ -96.399024963378807, 19.716249465942401 ], [ -96.407913208007798, 19.714582443237202 ], [ -96.404861450195298, 19.694374084472798 ], [ -96.445198059081903, 19.670560836791999 ], [ -96.472473144531094, 19.630479812622099 ], [ -96.492202758789006, 19.638942718506001 ], [ -96.527496337890497, 19.623020172119102 ], [ -96.558448791503906, 19.633010864257798 ], [ -96.650321960449205, 19.607639312744201 ], [ -96.669273376464801, 19.591791152954201 ], [ -96.698341369628906, 19.582870483398398 ], [ -96.717437744140597, 19.583938598632901 ], [ -96.739906311035199, 19.598699569702202 ], [ -96.724555969238295, 19.6007308959962 ], [ -96.694183349609304, 19.638910293579201 ], [ -96.671333312988295, 19.705760955810501 ], [ -96.609992980956903, 19.7352409362794 ], [ -96.585983276367202, 19.7551498413087 ], [ -96.567321777343807, 19.7553405761719 ], [ -96.555938720703097, 19.770030975341701 ], [ -96.5343017578125, 19.8022193908693 ], [ -96.508407592773395, 19.904720306396499 ], [ -96.447364807128807, 19.845972061157301 ], [ -96.4368057250975, 19.800138473510799 ], [ -96.429306030273395, 19.794584274291999 ] ] ] } },
{ "type": "Feature", "properties": { "NAME_1": "Veracruz", "NAME_2": "Altotonga" }, "geometry": { "type": "Polygon", "coordinates": [ [ [ -97.201705932617202, 19.667770385742202 ], [ -97.189079284667997, 19.7328186035157 ], [ -97.213401794433594, 19.796110153198299 ], [ -97.203788757324205, 19.822940826416101 ], [ -97.167587280273395, 19.813779830932599 ], [ -97.094306945800795, 19.824110031127901 ], [ -96.968406677246094, 19.889280319213999 ], [ -96.91015625, 19.929059982299901 ], [ -96.858612060546804, 19.949480056762699 ], [ -96.839767456054702, 19.930610656738299 ], [ -96.824966430664105, 19.882350921631001 ], [ -96.810401916503906, 19.862380981445401 ], [ -96.808036804199205, 19.8401699066163 ], [ -96.935333251953097, 19.820629119873001 ], [ -96.984886169433594, 19.802490234375099 ], [ -97.102241516113196, 19.729200363159201 ], [ -97.158782958984403, 19.7079486846925 ], [ -97.185089111328097, 19.668180465698399 ], [ -97.195953369140597, 19.661090850830199 ], [ -97.201705932617202, 19.667770385742202 ] ] ] } },
{ "type": "Feature", "properties": { "NAME_1": "Veracruz", "NAME_2": "Alvarado" }, "geometry": { "type": "GeometryCollection", "geometries": [ { "type": "Polygon", "coordinates": [ [ [ -95.868469238281193, 19.172916412353601 ], [ -95.862358093261705, 19.171806335449201 ], [ -95.852912902832003, 19.160417556762699 ], [ -95.842918395995994, 19.1570854187012 ], [ -95.836524963378807, 19.153749465942401 ], [ -95.835418701171804, 19.151527404785298 ], [ -95.853195190429702, 19.159585952758899 ], [ -95.868469238281193, 19.172916412353601 ] ] ] }, { "type": "Polygon", "coordinates": [ [ [ -95.939308166503906, 19.114582061767599 ], [ -95.936805725097699, 19.114027023315501 ], [ -95.928474426269503, 19.1045856475831 ], [ -95.935142517089801, 19.109027862548899 ], [ -95.939308166503906, 19.114582061767599 ] ] ] }, { "type": "Polygon", "coordinates": [ [ [ -95.939025878906193, 19.1023635864257 ], [ -95.936805725097699, 19.1023635864257 ], [ -95.937919616699205, 19.099859237670898 ], [ -95.939582824707003, 19.100694656371999 ], [ -95.939025878906193, 19.1023635864257 ] ] ] }, { "type": "Polygon", "coordinates": [ [ [ -95.96875, 19.097917556762798 ], [ -95.964302062988295, 19.095972061157202 ], [ -95.958473205566406, 19.0918064117432 ], [ -95.957359313964801, 19.089862823486399 ], [ -95.96875, 19.097917556762798 ] ] ] }, { "type": "Polygon", "coordinates": [ [ [ -95.845138549804602, 19.089027404785199 ], [ -95.837364196777301, 19.077638626098601 ], [ -95.830696105957003, 19.063749313354599 ], [ -95.836807250976605, 19.070138931274499 ], [ -95.845138549804602, 19.089027404785199 ] ] ] }, { "type": "Polygon", "coordinates": [ [ [ -95.954864501953097, 19.079860687255898 ], [ -95.953750610351506, 19.0801391601563 ], [ -95.953193664550696, 19.079027175903398 ], [ -95.955696105957003, 19.0784721374512 ], [ -95.954864501953097, 19.079860687255898 ] ] ] }, { "type": "Polygon", "coordinates": [ [ [ -95.866790771484304, 18.752820968628001 ], [ -95.885032653808594, 18.771789550781399 ], [ -95.909233093261605, 18.7807712554932 ], [ -95.934692382812401, 18.816480636596701 ], [ -95.999427795410099, 18.859489440918001 ], [ -96.024406433105398, 18.9058017730713 ], [ -96.049972534179602, 18.9050102233888 ], [ -96.0570068359375, 18.9314498901368 ], [ -96.044929504394503, 18.969409942626999 ], [ -96.053016662597599, 19.006191253662099 ], [ -96.0677490234375, 19.028339385986399 ], [ -96.046928405761705, 19.022850036621101 ], [ -96.009590148925795, 19.056249618530298 ], [ -95.98819732666, 19.063749313354599 ], [ -95.974029541015597, 19.057916641235501 ], [ -95.959861755370994, 18.962638854980501 ], [ -95.932357788085895, 18.891527175903299 ], [ -95.865692138671903, 18.8337516784668 ], [ -95.782638549804702, 18.799028396606399 ], [ -95.749580383300696, 18.7951393127443 ], [ -95.758750915527301, 18.7929172515869 ], [ -95.751525878906193, 18.7848606109619 ], [ -95.757919311523395, 18.764583587646499 ], [ -95.797080993652202, 18.790695190429801 ], [ -95.810417175292898, 18.7884731292725 ], [ -95.838752746581903, 18.81569480896 ], [ -95.852912902832003, 18.810417175293001 ], [ -95.851249694824105, 18.8168048858643 ], [ -95.8629150390625, 18.8240280151368 ], [ -95.874305725097599, 18.820417404174702 ], [ -95.878753662109403, 18.806249618530401 ], [ -95.854309082031193, 18.8056945800782 ], [ -95.865135192870994, 18.7976379394531 ], [ -95.865974426269503, 18.782363891601602 ], [ -95.831253051757798, 18.7651386260987 ], [ -95.818473815917997, 18.741249084472699 ], [ -95.823196411132798, 18.7323608398438 ], [ -95.833190917968693, 18.734306335449201 ], [ -95.837913513183594, 18.7270812988282 ], [ -95.844024658203097, 18.742639541626101 ], [ -95.860427856445298, 18.737634658813501 ], [ -95.866790771484304, 18.752820968628001 ] ] ] }, { "type": "Polygon", "coordinates": [ [ [ -95.826530456542898, 19.062360763549901 ], [ -95.823753356933494, 19.060970306396499 ], [ -95.824028015136705, 19.052639007568501 ], [ -95.825691223144403, 19.0531959533693 ], [ -95.826530456542898, 19.062360763549901 ] ] ] }, { "type": "Polygon", "coordinates": [ [ [ -95.587974548339801, 18.721805572509801 ], [ -95.600517272949205, 18.701271057128899 ], [ -95.585105895996094, 18.68217086792 ], [ -95.599571228027202, 18.6878890991212 ], [ -95.590530395507798, 18.672269821166999 ], [ -95.601669311523295, 18.679170608520501 ], [ -95.599662780761705, 18.6687908172607 ], [ -95.604316711425696, 18.690248489379801 ], [ -95.621940612792997, 18.6933097839357 ], [ -95.616630554199205, 18.639738082885899 ], [ -95.675216674804702, 18.649391174316399 ], [ -95.751792907714801, 18.679950714111399 ], [ -95.758895874023395, 18.690309524536101 ], [ -95.7635498046875, 18.685411453247099 ], [ -95.763267517089801, 18.692790985107401 ], [ -95.775321960449205, 18.692930221557699 ], [ -95.788757324218693, 18.708509445190401 ], [ -95.829322814941406, 18.7170505523682 ], [ -95.809303283691406, 18.720138549804599 ], [ -95.814025878906193, 18.7404174804688 ], [ -95.806251525878906, 18.750137329101602 ], [ -95.78125, 18.749027252197202 ], [ -95.773750305175795, 18.755416870117099 ], [ -95.757362365722699, 18.744583129882798 ], [ -95.745414733886705, 18.747638702392599 ], [ -95.751525878906193, 18.7704162597657 ], [ -95.742637634277301, 18.790971755981399 ], [ -95.729026794433594, 18.773471832275401 ], [ -95.699859619140597, 18.757085800170799 ], [ -95.587974548339801, 18.721805572509801 ] ] ] }, { "type": "Polygon", "coordinates": [ [ [ -95.833473205566307, 18.730972290039201 ], [ -95.830970764160199, 18.729028701782202 ], [ -95.832641601562401, 18.7254161834718 ], [ -95.835136413574205, 18.727363586425898 ], [ -95.833473205566307, 18.730972290039201 ] ] ] }, { "type": "Polygon", "coordinates": [ [ [ -95.829582214355398, 18.717168807983501 ], [ -95.829582214355398, 18.717361450195401 ], [ -95.829307556152301, 18.717361450195401 ], [ -95.829322814941406, 18.7170505523682 ], [ -95.829582214355398, 18.717168807983501 ] ] ] } ] } },
{ "type": "Feature", "properties": { "NAME_1": "Veracruz", "NAME_2": "Amatitlán" }, "geometry": { "type": "Polygon", "coordinates": [ [ [ -95.652046203613295, 18.435489654541001 ], [ -95.718017578124901, 18.4021301269532 ], [ -95.7386474609375, 18.3836383819581 ], [ -95.746612548828097, 18.410369873046999 ], [ -95.787109375, 18.4388103485107 ], [ -95.803298950195298, 18.514408111572401 ], [ -95.764518737792997, 18.5225925445556 ], [ -95.718353271484403, 18.517351150512798 ], [ -95.706092834472599, 18.528749465942401 ], [ -95.666007995605398, 18.491489410400501 ], [ -95.664115905761705, 18.458930969238299 ], [ -95.652046203613295, 18.435489654541001 ] ] ] } },
{ "type": "Feature", "properties": { "NAME_1": "Veracruz", "NAME_2": "Amatitlán de los Reyes" }, "geometry": { "type": "Polygon", "coordinates": [ [ [ -96.725456237792898, 18.8833198547363 ], [ -96.753273010253906, 18.8296909332275 ], [ -96.790130615234304, 18.812370300293001 ], [ -96.810081481933594, 18.790180206298899 ], [ -96.834922790527301, 18.798759460449201 ], [ -96.873809814453097, 18.8354606628418 ], [ -96.865982055664105, 18.8684310913087 ], [ -96.835632324218594, 18.873710632324201 ], [ -96.813102722167898, 18.897039413452301 ], [ -96.811691284179602, 18.9198207855225 ], [ -96.769859313964801, 18.917762756347699 ], [ -96.753890991210895, 18.890090942382798 ], [ -96.725456237792898, 18.8833198547363 ] ] ] } },
{ "type": "Feature", "properties": { "NAME_1": "Veracruz", "NAME_2": "Amatlan Tuxpan" }, "geometry": { "type": "Polygon", "coordinates": [ [ [ -97.546760559082003, 21.341560363769599 ], [ -97.553497314453097, 21.329540252685501 ], [ -97.551658630371094, 21.3038005828857 ], [ -97.567970275878906, 21.293518066406399 ], [ -97.657676696777301, 21.302270889282301 ], [ -97.675918579101605, 21.278169631958001 ], [ -97.692459106445298, 21.274610519409201 ], [ -97.725616455078097, 21.277811050415 ], [ -97.772766113281193, 21.300979614257798 ], [ -97.762069702148395, 21.330560684204201 ], [ -97.735687255859304, 21.324808120727699 ], [ -97.705421447753906, 21.348430633544901 ], [ -97.654006958007798, 21.335710525512798 ], [ -97.562393188476506, 21.3496608734131 ], [ -97.546760559082003, 21.341560363769599 ] ] ] } },
{ "type": "Feature", "properties": { "NAME_1": "Veracruz", "NAME_2": "Ángel R. Cabada" }, "geometry": { "type": "GeometryCollection", "geometries": [ { "type": "Polygon", "coordinates": [ [ [ -95.288749694824205, 18.716278076171999 ], [ -95.288749694824205, 18.716527938842798 ], [ -95.288619995117202, 18.716527938842798 ], [ -95.288749694824205, 18.716278076171999 ] ] ] }, { "type": "Polygon", "coordinates": [ [ [ -95.290069580078097, 18.7137680053712 ], [ -95.290138244628906, 18.714027404785099 ], [ -95.289894104003807, 18.714027404785099 ], [ -95.290069580078097, 18.7137680053712 ] ] ] }, { "type": "Polygon", "coordinates": [ [ [ -95.290069580078097, 18.7137680053712 ], [ -95.316017150878807, 18.632881164550799 ], [ -95.333686828613196, 18.607538223266701 ], [ -95.365890502929602, 18.58304977417 ], [ -95.326087951660199, 18.559770584106399 ], [ -95.313133239746094, 18.5425529479981 ], [ -95.332092285156193, 18.529619216919102 ], [ -95.343711853027301, 18.506740570068398 ], [ -95.369026184082003, 18.499719619751001 ], [ -95.406349182128807, 18.518899917602599 ], [ -95.495376586914105, 18.525930404663001 ], [ -95.498741149902301, 18.548152923584102 ], [ -95.487586975097599, 18.614820480346701 ], [ -95.492256164550696, 18.625791549682699 ], [ -95.472579956054702, 18.635931015014801 ], [ -95.470756530761705, 18.644109725952202 ], [ -95.482666015625, 18.711799621581999 ], [ -95.290069580078097, 18.7137680053712 ] ] ] } ] } },
{ "type": "Feature", "properties": { "NAME_1": "Veracruz", "NAME_2": "Apazapan" }, "geometry": { "type": "Polygon", "coordinates": [ [ [ -96.557647705078097, 19.3058700561525 ], [ -96.600959777832003, 19.268600463867202 ], [ -96.656593322753807, 19.309448242187599 ], [ -96.656005859375, 19.3194904327393 ], [ -96.629852294921903, 19.354101181030298 ], [ -96.580749511718807, 19.351179122924901 ], [ -96.568840026855497, 19.341539382934702 ], [ -96.557647705078097, 19.3058700561525 ] ] ] } },
{ "type": "Feature", "properties": { "NAME_1": "Veracruz", "NAME_2": "Aquila" }, "geometry": { "type": "Polygon", "coordinates": [ [ [ -97.190551757812401, 18.844430923461999 ], [ -97.199516296386705, 18.838069915771602 ], [ -97.201110839843807, 18.818250656128001 ], [ -97.246467590332003, 18.833509445190501 ], [ -97.244216918945298, 18.850709915161101 ], [ -97.220481872558594, 18.882970809936499 ], [ -97.190551757812401, 18.844430923461999 ] ] ] } },
{ "type": "Feature", "properties": { "NAME_1": "Veracruz", "NAME_2": "Astacinga" }, "geometry": { "type": "Polygon", "coordinates": [ [ [ -96.975006103515597, 18.5411605834962 ], [ -97.008026123046804, 18.514232635498001 ], [ -97.035446166992202, 18.5696411132812 ], [ -96.980216979980497, 18.597330093383899 ], [ -96.966346740722599, 18.571771621704201 ], [ -96.980979919433594, 18.5600700378418 ], [ -96.975006103515597, 18.5411605834962 ] ] ] } },
{ "type": "Feature", "properties": { "NAME_1": "Veracruz", "NAME_2": "Atlahuilco" }, "geometry": { "type": "Polygon", "coordinates": [ [ [ -96.950691223144503, 18.687820434570401 ], [ -96.965576171875, 18.667020797729599 ], [ -97.002700805664006, 18.655260086059599 ], [ -97.030487060546903, 18.715070724487401 ], [ -97.043861389160199, 18.7103996276856 ], [ -97.066360473632798, 18.730140686035199 ], [ -97.047203063964801, 18.754102706909201 ], [ -96.950691223144503, 18.687820434570401 ] ] ] } },
{ "type": "Feature", "properties": { "NAME_1": "Veracruz", "NAME_2": "Atoyac" }, "geometry": { "type": "Polygon", "coordinates": [ [ [ -96.655342102050795, 18.891162872314499 ], [ -96.659835815429602, 18.862901687622099 ], [ -96.681968688964801, 18.841831207275401 ], [ -96.683929443359403, 18.861209869384801 ], [ -96.700988769531193, 18.878400802612202 ], [ -96.753890991210895, 18.890090942382798 ], [ -96.769859313964801, 18.917762756347699 ], [ -96.811691284179602, 18.9198207855225 ], [ -96.841667175292997, 18.972410202026499 ], [ -96.778137207031193, 19.002159118652401 ], [ -96.748321533203097, 18.996990203857401 ], [ -96.7100830078125, 18.938640594482401 ], [ -96.655342102050795, 18.891162872314499 ] ] ] } },
{ "type": "Feature", "properties": { "NAME_1": "Veracruz", "NAME_2": "Atzacan" }, "geometry": { "type": "Polygon", "coordinates": [ [ [ -97.004806518554602, 18.888801574706999 ], [ -97.030197143554702, 18.910081863403398 ], [ -97.034309387207003, 18.9427299499512 ], [ -97.048240661621094, 18.960172653198399 ], [ -97.026016235351605, 18.951259613037099 ], [ -96.984016418457003, 18.963720321655298 ], [ -96.968208312988295, 18.9533710479737 ], [ -96.962509155273395, 18.939210891723601 ], [ -96.984062194824205, 18.936170578003001 ], [ -96.986587524414006, 18.8968009948732 ], [ -97.004806518554602, 18.888801574706999 ] ] ] } },
{ "type": "Feature", "properties": { "NAME_1": "Veracruz", "NAME_2": "Atzalan" }, "geometry": { "type": "Polygon", "coordinates": [ [ [ -97.178047180175795, 19.816759109497099 ], [ -97.180061340332003, 19.861129760742202 ], [ -97.162666320800795, 19.933000564575298 ], [ -97.169258117675795, 19.979858398437599 ], [ -97.119003295898395, 19.997562408447401 ], [ -97.069068908691307, 20.040241241455099 ], [ -97.044616699218807, 20.077249526977699 ], [ -97.021728515625, 20.0767402648925 ], [ -96.972526550292997, 20.008640289306602 ], [ -96.925636291503807, 19.998010635376001 ], [ -96.896072387695298, 19.977098464965898 ], [ -96.880760192871094, 19.975400924682699 ], [ -96.858612060546804, 19.949480056762699 ], [ -96.918792724609304, 19.925411224365298 ], [ -96.968406677246094, 19.889280319213999 ], [ -97.088348388671804, 19.826150894165099 ], [ -97.178047180175795, 19.816759109497099 ] ] ] } },
{ "type": "Feature", "properties": { "NAME_1": "Veracruz", "NAME_2": "Ayahualulco" }, "geometry": { "type": "Polygon", "coordinates": [ [ [ -97.058921813964801, 19.432609558105501 ], [ -97.039993286132798, 19.365859985351602 ], [ -97.058059692382798, 19.3719596862794 ], [ -97.082946777343807, 19.363702774048001 ], [ -97.149353027343693, 19.3807811737062 ], [ -97.110862731933494, 19.464418411255 ], [ -97.080276489257798, 19.464292526245199 ], [ -97.058921813964801, 19.432609558105501 ] ] ] } },
{ "type": "Feature", "properties": { "NAME_1": "Veracruz", "NAME_2": "Banderilla" }, "geometry": { "type": "Polygon", "coordinates": [ [ [ -96.835952758789105, 19.615150451660199 ], [ -96.867141723632798, 19.601341247558601 ], [ -96.884910583495994, 19.6202411651612 ], [ -96.872756958007798, 19.646631240844702 ], [ -96.866119384765597, 19.647260665893601 ], [ -96.851028442382798, 19.641468048095799 ], [ -96.835952758789105, 19.615150451660199 ] ] ] } },
{ "type": "Feature", "properties": { "NAME_1": "Veracruz", "NAME_2": "Benito Juárez" }, "geometry": { "type": "Polygon", "coordinates": [ [ [ -98.068908691406193, 20.926580429077202 ], [ -98.067115783691406, 20.8814296722413 ], [ -98.085906982421903, 20.830690383911101 ], [ -98.067207336425795, 20.7835197448731 ], [ -98.068511962890597, 20.721700668335 ], [ -98.185096740722699, 20.737489700317401 ], [ -98.188339233398395, 20.758420944213999 ], [ -98.246406555175795, 20.818330764770501 ], [ -98.188819885253906, 20.8355102539063 ], [ -98.187179565429702, 20.8531818389893 ], [ -98.2093505859375, 20.892780303955099 ], [ -98.199043273925795, 20.935159683227699 ], [ -98.167449951171903, 20.923759460449201 ], [ -98.121856689453097, 20.920549392700199 ], [ -98.068908691406193, 20.926580429077202 ] ] ] } },
{ "type": "Feature", "properties": { "NAME_1": "Veracruz", "NAME_2": "Boca del Río" }, "geometry": { "type": "GeometryCollection", "geometries": [ { "type": "Polygon", "coordinates": [ [ [ -96.058425903320298, 19.2310276031494 ], [ -96.054031372070298, 19.229305267333899 ], [ -96.049026489257798, 19.223192214965799 ], [ -96.063232421874901, 19.2292575836181 ], [ -96.058425903320298, 19.2310276031494 ] ] ] }, { "type": "Polygon", "coordinates": [ [ [ -96.095138549804702, 19.229028701782301 ], [ -96.093193054199105, 19.227361679077202 ], [ -96.093475341796804, 19.225139617919901 ], [ -96.094581604003906, 19.2254142761231 ], [ -96.095138549804702, 19.229028701782301 ] ] ] }, { "type": "Polygon", "coordinates": [ [ [ -96.069305419921903, 19.2087497711182 ], [ -96.065414428710895, 19.2068061828613 ], [ -96.062637329101605, 19.202083587646499 ], [ -96.071525573730398, 19.207359313964901 ], [ -96.069305419921903, 19.2087497711182 ] ] ] }, { "type": "Polygon", "coordinates": [ [ [ -96.066574096679602, 19.200971603393601 ], [ -96.065414428710895, 19.199306488037202 ], [ -96.067642211914105, 19.197639465332099 ], [ -96.067619323730398, 19.199922561645501 ], [ -96.066574096679602, 19.200971603393601 ] ] ] }, { "type": "Polygon", "coordinates": [ [ [ -96.09375, 19.195692062378001 ], [ -96.082916259765597, 19.188749313354499 ], [ -96.081802368164105, 19.184303283691499 ], [ -96.096252441406193, 19.194583892822202 ], [ -96.09375, 19.195692062378001 ] ] ] }, { "type": "Polygon", "coordinates": [ [ [ -96.093193054199105, 19.181249618530401 ], [ -96.089302062988295, 19.178472518920898 ], [ -96.089027404785199, 19.175138473510899 ], [ -96.094306945800696, 19.180416107177798 ], [ -96.093193054199105, 19.181249618530401 ] ] ] }, { "type": "Polygon", "coordinates": [ [ [ -96.091804504394503, 19.176805496215799 ], [ -96.090972900390597, 19.1745834350587 ], [ -96.094024658203097, 19.173749923706101 ], [ -96.092636108398395, 19.176528930664201 ], [ -96.091804504394503, 19.176805496215799 ] ] ] }, { "type": "Polygon", "coordinates": [ [ [ -96.093498229980497, 19.149269104003999 ], [ -96.105972290038906, 19.127082824707099 ], [ -96.0999755859375, 19.1023635864257 ], [ -96.117279052734403, 19.131040573120199 ], [ -96.122207641601605, 19.172622680664102 ], [ -96.093498229980497, 19.149269104003999 ] ] ] }, { "type": "Polygon", "coordinates": [ [ [ -96.0677490234375, 19.028339385986399 ], [ -96.070510864257798, 19.0465908050538 ], [ -96.088836669921903, 19.065740585327099 ], [ -96.097091674804602, 19.092081069946399 ], [ -96.055419921874901, 19.062360763549901 ], [ -96.009590148925795, 19.056249618530298 ], [ -96.046928405761705, 19.022850036621101 ], [ -96.0677490234375, 19.028339385986399 ] ] ] } ] } },
{ "type": "Feature", "properties": { "NAME_1": "Veracruz", "NAME_2": "Calcahualco" }, "geometry": { "type": "Polygon", "coordinates": [ [ [ -97.068336486816406, 19.099359512328999 ], [ -97.118377685546804, 19.070550918579201 ], [ -97.168556213378807, 19.0672626495362 ], [ -97.173759460449205, 19.1355304718018 ], [ -97.189201354980497, 19.202640533447301 ], [ -97.180587768554702, 19.229820251464801 ], [ -97.011291503906193, 19.22585105896 ], [ -96.990646362304702, 19.190191268921001 ], [ -96.912467956542898, 19.101129531860401 ], [ -96.92813873291, 19.083440780639599 ], [ -96.968353271484304, 19.0919609069825 ], [ -97.011932373046804, 19.128160476684499 ], [ -97.069267272949205, 19.124620437622099 ], [ -97.068336486816406, 19.099359512328999 ] ] ] } },
{ "type": "Feature", "properties": { "NAME_1": "Veracruz", "NAME_2": "Camarón de Tejada" }, "geometry": { "type": "Polygon", "coordinates": [ [ [ -96.577171325683494, 18.9804210662843 ], [ -96.607040405273395, 19.000181198120199 ], [ -96.622810363769503, 19.027191162109499 ], [ -96.590072631835895, 19.035480499267699 ], [ -96.568687438964801, 19.0826206207275 ], [ -96.534393310546903, 19.074239730835099 ], [ -96.444816589355398, 19.028030395507798 ], [ -96.466766357421903, 18.9793205261231 ], [ -96.521430969238295, 18.989490509033299 ], [ -96.553207397460895, 19.005632400512798 ], [ -96.577171325683494, 18.9804210662843 ] ] ] } },
{ "type": "Feature", "properties": { "NAME_1": "Veracruz", "NAME_2": "Camerino Z. Mendoza" }, "geometry": { "type": "Polygon", "coordinates": [ [ [ -97.120132446289105, 18.778419494628999 ], [ -97.126213073730398, 18.791200637817401 ], [ -97.121887207031193, 18.803281784057599 ], [ -97.094276428222699, 18.7936401367188 ], [ -97.090660095214801, 18.779689788818501 ], [ -97.105529785156193, 18.767320632934599 ], [ -97.113746643066406, 18.7659511566163 ], [ -97.120132446289105, 18.778419494628999 ] ] ] } },
{ "type": "Feature", "properties": { "NAME_1": "Veracruz", "NAME_2": "Carrillo Puerto" }, "geometry": { "type": "Polygon", "coordinates": [ [ [ -96.655342102050795, 18.891162872314499 ], [ -96.612297058105497, 18.897550582885799 ], [ -96.578712463378807, 18.950759887695298 ], [ -96.577171325683494, 18.9804210662843 ], [ -96.553207397460895, 19.005632400512798 ], [ -96.521430969238295, 18.989490509033299 ], [ -96.484550476074205, 18.987421035766602 ], [ -96.470596313476605, 18.978889465332099 ], [ -96.456703186035099, 18.982681274414102 ], [ -96.408142089843807, 18.905410766601602 ], [ -96.420516967773395, 18.844430923461999 ], [ -96.490028381347699, 18.795919418335 ], [ -96.532211303710895, 18.7865104675294 ], [ -96.559661865234403, 18.791679382324201 ], [ -96.603302001953097, 18.842769622802798 ], [ -96.634330749511705, 18.8636798858643 ], [ -96.657432556152301, 18.868139266967798 ], [ -96.655342102050795, 18.891162872314499 ] ] ] } },
{ "type": "Feature", "properties": { "NAME_1": "Veracruz", "NAME_2": "Castillo de Teayo" }, "geometry": { "type": "Polygon", "coordinates": [ [ [ -97.5234375, 20.787290573120099 ], [ -97.545616149902301, 20.758680343627901 ], [ -97.584136962890597, 20.7303695678712 ], [ -97.603813171386605, 20.658740997314499 ], [ -97.627220153808594, 20.6220302581788 ], [ -97.678131103515597, 20.664310455322301 ], [ -97.684471130370994, 20.695930480957099 ], [ -97.670082092285099, 20.727430343627901 ], [ -97.675140380859304, 20.737321853637798 ], [ -97.696449279785199, 20.7500400543213 ], [ -97.744819641113295, 20.745920181274499 ], [ -97.727836608886705, 20.765989303588899 ], [ -97.694366455078097, 20.7823905944825 ], [ -97.698020935058494, 20.8049411773682 ], [ -97.641777038574205, 20.833349227905298 ], [ -97.636161804199205, 20.8300895690919 ], [ -97.639877319335895, 20.817850112915199 ], [ -97.612686157226605, 20.8131599426269 ], [ -97.582450866699105, 20.833618164062599 ], [ -97.559432983398395, 20.832649230957099 ], [ -97.5234375, 20.787290573120099 ] ] ] } },
{ "type": "Feature", "properties": { "NAME_1": "Veracruz", "NAME_2": "Catemaco" }, "geometry": { "type": "Polygon", "coordinates": [ [ [ -94.906806945800696, 18.547367095947301 ], [ -94.900619506835895, 18.546300888061602 ], [ -94.943153381347599, 18.477930068969801 ], [ -94.928260803222599, 18.466930389404201 ], [ -94.924156188964801, 18.447219848632798 ], [ -94.909973144531094, 18.4339294433594 ], [ -94.907730102539105, 18.4098606109619 ], [ -94.952438354492202, 18.327659606933601 ], [ -94.985382080078097, 18.295259475708001 ], [ -94.987998962402301, 18.269001007080099 ], [ -95.064376831054702, 18.2902297973632 ], [ -95.146881103515597, 18.284530639648398 ], [ -95.197875976562401, 18.3025207519532 ], [ -95.194808959960895, 18.367031097412099 ], [ -95.180961608886705, 18.4020080566406 ], [ -95.066047668457003, 18.479530334472699 ], [ -95.016731262207003, 18.530691146850501 ], [ -95.017150878906193, 18.551509857177798 ], [ -94.974861145019503, 18.558471679687599 ], [ -94.906806945800696, 18.547367095947301 ] ] ] } },
{ "type": "Feature", "properties": { "NAME_1": "Veracruz", "NAME_2": "Cazones de Herrera" }, "geometry": { "type": "Polygon", "coordinates": [ [ [ -97.152641296386705, 20.624862670898398 ], [ -97.149024963378906, 20.6118049621582 ], [ -97.137641906738196, 20.608749389648601 ], [ -97.120140075683594, 20.587265014648398 ], [ -97.172966003417997, 20.6002407073975 ], [ -97.214607238769503, 20.626340866088899 ], [ -97.245903015136605, 20.5948200225831 ], [ -97.294036865234304, 20.596361160278398 ], [ -97.309516906738295, 20.576320648193398 ], [ -97.316116333007798, 20.600629806518601 ], [ -97.358757019042997, 20.625869750976602 ], [ -97.382659912109304, 20.6291313171387 ], [ -97.367095947265597, 20.648920059204102 ], [ -97.371597290038906, 20.6733493804932 ], [ -97.380531311035099, 20.684879302978601 ], [ -97.390190124511605, 20.683969497680799 ], [ -97.396011352538906, 20.6993427276612 ], [ -97.364288330078097, 20.726762771606399 ], [ -97.279167175292898, 20.761030197143601 ], [ -97.203750610351406, 20.758346557617202 ], [ -97.193473815917997, 20.7395839691162 ], [ -97.200691223144503, 20.726526260375898 ], [ -97.190139770507798, 20.689027786254901 ], [ -97.152641296386705, 20.624862670898398 ] ] ] } },
{ "type": "Feature", "properties": { "NAME_1": "Veracruz", "NAME_2": "Cerro Azul" }, "geometry": { "type": "Polygon", "coordinates": [ [ [ -97.712341308593594, 21.0837707519531 ], [ -97.783187866210895, 21.141550064086999 ], [ -97.814697265625, 21.194749832153398 ], [ -97.703689575195298, 21.178390502929702 ], [ -97.688476562499901, 21.134050369262798 ], [ -97.693450927734304, 21.112541198730501 ], [ -97.686622619628906, 21.086950302123999 ], [ -97.692199707031193, 21.080640792846701 ], [ -97.712341308593594, 21.0837707519531 ] ] ] } },
{ "type": "Feature", "properties": { "NAME_1": "Veracruz", "NAME_2": "Chacaltianguis" }, "geometry": { "type": "Polygon", "coordinates": [ [ [ -95.740760803222699, 18.344100952148501 ], [ -95.705856323242202, 18.268020629882901 ], [ -95.759185791015597, 18.245389938354499 ], [ -95.726287841796804, 18.233121871948399 ], [ -95.800941467285199, 18.1758518218994 ], [ -95.811950683593693, 18.174728393554702 ], [ -95.833717346191406, 18.1956481933594 ], [ -95.876792907714801, 18.1856403350831 ], [ -95.871910095214801, 18.232349395751999 ], [ -95.883316040039105, 18.284429550171001 ], [ -95.895317077636705, 18.301040649414201 ], [ -95.923156738281094, 18.298040390014599 ], [ -95.932373046874901, 18.309251785278398 ], [ -95.928878784179602, 18.3266410827637 ], [ -95.870552062988295, 18.331300735473601 ], [ -95.864418029785199, 18.3572807312012 ], [ -95.854690551757798, 18.366521835327099 ], [ -95.813369750976506, 18.3456707000732 ], [ -95.740760803222699, 18.344100952148501 ] ] ] } },
{ "type": "Feature", "properties": { "NAME_1": "Veracruz", "NAME_2": "Chalma" }, "geometry": { "type": "Polygon", "coordinates": [ [ [ -98.415512084960895, 21.2065029144287 ], [ -98.436149597167898, 21.2723808288575 ], [ -98.424842834472699, 21.296199798583999 ], [ -98.400588989257798, 21.298700332641701 ], [ -98.384506225585895, 21.292480468750099 ], [ -98.363533020019503, 21.263999938964801 ], [ -98.332237243652301, 21.257310867309702 ], [ -98.289466857910199, 21.218999862671001 ], [ -98.312110900878906, 21.190290451049702 ], [ -98.326446533203097, 21.185749053955099 ], [ -98.372589111328097, 21.186580657959102 ], [ -98.415512084960895, 21.2065029144287 ] ] ] } },
{ "type": "Feature", "properties": { "NAME_1": "Veracruz", "NAME_2": "Chiconamel" }, "geometry": { "type": "Polygon", "coordinates": [ [ [ -98.415512084960895, 21.2065029144287 ], [ -98.445098876953097, 21.224460601806701 ], [ -98.506057739257798, 21.282890319824201 ], [ -98.488006591796903, 21.359420776367202 ], [ -98.46337890625, 21.353830337524499 ], [ -98.424842834472699, 21.296199798583999 ], [ -98.436088562011705, 21.268610000610401 ], [ -98.415512084960895, 21.2065029144287 ] ] ] } },
{ "type": "Feature", "properties": { "NAME_1": "Veracruz", "NAME_2": "Chiconquiaco" }, "geometry": { "type": "Polygon", "coordinates": [ [ [ -96.734100341796903, 19.798620223999102 ], [ -96.730567932128906, 19.767879486084102 ], [ -96.765380859375, 19.741569519043001 ], [ -96.782516479492202, 19.760440826416101 ], [ -96.800888061523395, 19.7633476257325 ], [ -96.779258728027301, 19.801389694213899 ], [ -96.764312744140597, 19.793880462646399 ], [ -96.734100341796903, 19.798620223999102 ] ] ] } },
{ "type": "Feature", "properties": { "NAME_1": "Veracruz", "NAME_2": "Chicontepec" }, "geometry": { "type": "Polygon", "coordinates": [ [ [ -98.188690185546804, 21.1756496429443 ], [ -98.168167114257798, 21.174869537353601 ], [ -98.108551025390597, 21.206449508667099 ], [ -98.058898925781193, 21.191890716552798 ], [ -98.026069641113196, 21.173151016235401 ], [ -97.987846374511705, 21.1697502136231 ], [ -97.968948364257798, 21.1507797241212 ], [ -97.945846557617202, 21.159498214721701 ], [ -97.935569763183494, 21.1550807952881 ], [ -97.899627685546804, 21.13450050354 ], [ -97.881156921386705, 21.0335998535156 ], [ -97.894218444824205, 21.0189304351807 ], [ -97.931381225585895, 21.005508422851701 ], [ -97.990966796875, 20.964090347290099 ], [ -98.033638000488295, 20.9243907928468 ], [ -98.121856689453097, 20.920549392700199 ], [ -98.167449951171903, 20.923759460449201 ], [ -98.199043273925795, 20.935159683227699 ], [ -98.167762756347699, 21.002609252929801 ], [ -98.110031127929702, 21.061830520629801 ], [ -98.127136230468807, 21.0942401885987 ], [ -98.186851501464801, 21.157302856445401 ], [ -98.188690185546804, 21.1756496429443 ] ] ] } },
{ "type": "Feature", "properties": { "NAME_1": "Veracruz", "NAME_2": "Chinameca" }, "geometry": { "type": "Polygon", "coordinates": [ [ [ -94.604682922363196, 18.085760116577099 ], [ -94.626701354980398, 18.0394401550294 ], [ -94.679527282714801, 18.0057907104493 ], [ -94.749397277832003, 18.011310577392599 ], [ -94.782463073730398, 18.0281982421875 ], [ -94.7952880859375, 18.045669555664201 ], [ -94.763366699218693, 18.101749420166001 ], [ -94.746307373046804, 18.0652599334718 ], [ -94.719436645507798, 18.083820343017599 ], [ -94.656005859374901, 18.101539611816499 ], [ -94.604682922363196, 18.085760116577099 ] ] ] } },
{ "type": "Feature", "properties": { "NAME_1": "Veracruz", "NAME_2": "Chinampa de Gorostiza" }, "geometry": { "type": "Polygon", "coordinates": [ [ [ -97.762069702148395, 21.330560684204201 ], [ -97.728332519531193, 21.3665695190431 ], [ -97.667030334472599, 21.377040863037099 ], [ -97.572135925292898, 21.379489898681602 ], [ -97.535865783691406, 21.365230560302798 ], [ -97.546981811523395, 21.357040405273398 ], [ -97.546760559082003, 21.341560363769599 ], [ -97.562393188476506, 21.3496608734131 ], [ -97.654006958007798, 21.335710525512798 ], [ -97.700836181640597, 21.3490009307862 ], [ -97.735687255859304, 21.324808120727699 ], [ -97.762069702148395, 21.330560684204201 ] ] ] } },
{ "type": "Feature", "properties": { "NAME_1": "Veracruz", "NAME_2": "Chocomán" }, "geometry": { "type": "Polygon", "coordinates": [ [ [ -97.051345825195298, 18.979099273681602 ], [ -97.048812866210895, 19.000980377197401 ], [ -96.9954833984375, 19.0305404663087 ], [ -96.973472595214801, 19.0513496398925 ], [ -96.912727355957003, 19.057382583618299 ], [ -96.912216186523395, 19.0400505065919 ], [ -96.930992126464801, 19.016920089721701 ], [ -96.927398681640597, 19.003000259399499 ], [ -96.913986206054602, 18.998792648315401 ], [ -96.919860839843807, 18.985639572143601 ], [ -97.019012451171804, 18.9729309082032 ], [ -97.051345825195298, 18.979099273681602 ] ] ] } },
{ "type": "Feature", "properties": { "NAME_1": "Veracruz", "NAME_2": "Chontla" }, "geometry": { "type": "Polygon", "coordinates": [ [ [ -97.888031005859403, 21.244268417358299 ], [ -97.908836364746094, 21.234781265258899 ], [ -97.950622558593807, 21.242240905761701 ], [ -98.029411315917898, 21.3419799804687 ], [ -98.083999633789105, 21.353530883789102 ], [ -98.091026306152301, 21.387569427490298 ], [ -98.021606445312401, 21.4539909362794 ], [ -98.018669128417997, 21.514551162719801 ], [ -98.031936645507798, 21.534950256347798 ], [ -98.019203186035099, 21.558031082153398 ], [ -97.996536254882699, 21.5661010742188 ], [ -97.991737365722599, 21.503467559814499 ], [ -97.977752685546903, 21.448961257934599 ], [ -97.981163024902301, 21.422960281372099 ], [ -97.94522857666, 21.390941619873001 ], [ -97.911537170410099, 21.2832984924318 ], [ -97.888031005859403, 21.244268417358299 ] ] ] } },
{ "type": "Feature", "properties": { "NAME_1": "Veracruz", "NAME_2": "Chumatlán" }, "geometry": { "type": "Polygon", "coordinates": [ [ [ -97.517807006835895, 20.276969909668001 ], [ -97.516151428222599, 20.255929946899499 ], [ -97.540100097656193, 20.2281208038331 ], [ -97.544296264648395, 20.210901260376001 ], [ -97.572837829589801, 20.195859909057599 ], [ -97.578239440917898, 20.203729629516602 ], [ -97.563507080078097, 20.2252807617188 ], [ -97.560043334960895, 20.270969390869102 ], [ -97.517807006835895, 20.276969909668001 ] ] ] } },
{ "type": "Feature", "properties": { "NAME_1": "Veracruz", "NAME_2": "Citlaltépetl" }, "geometry": { "type": "Polygon", "coordinates": [ [ [ -97.850296020507798, 21.277570724487401 ], [ -97.888031005859403, 21.244268417358299 ], [ -97.911537170410099, 21.2832984924318 ], [ -97.94522857666, 21.390941619873001 ], [ -97.981163024902301, 21.422960281372099 ], [ -97.977752685546903, 21.448961257934599 ], [ -97.949752807617202, 21.4341926574706 ], [ -97.868980407714801, 21.452489852905298 ], [ -97.883316040039006, 21.394090652465799 ], [ -97.875488281249901, 21.358169555664201 ], [ -97.846046447753807, 21.316591262817401 ], [ -97.850296020507798, 21.277570724487401 ] ] ] } },
{ "type": "Feature", "properties": { "NAME_1": "Veracruz", "NAME_2": "Coacoatzintla" }, "geometry": { "type": "Polygon", "coordinates": [ [ [ -96.881729125976605, 19.669380187988398 ], [ -96.904899597167997, 19.673692703247099 ], [ -96.914497375488196, 19.6840305328369 ], [ -96.888259887695298, 19.719539642333999 ], [ -96.876808166503807, 19.7050304412843 ], [ -96.861633300781193, 19.704338073730501 ], [ -96.852333068847699, 19.689680099487401 ], [ -96.853675842285199, 19.6757411956788 ], [ -96.881729125976605, 19.669380187988398 ] ] ] } },
{ "type": "Feature", "properties": { "NAME_1": "Veracruz", "NAME_2": "Coatepec" }, "geometry": { "type": "Polygon", "coordinates": [ [ [ -96.905426025390597, 19.373989105224702 ], [ -96.851921081542898, 19.371559143066399 ], [ -96.857353210449205, 19.391330718994201 ], [ -96.923522949218693, 19.488090515136701 ], [ -96.924423217773395, 19.5352802276612 ], [ -96.890823364257798, 19.538589477539102 ], [ -96.843742370605497, 19.519670486450298 ], [ -96.834861755370994, 19.494552612304702 ], [ -96.729827880859403, 19.4137706756593 ], [ -96.736412048339801, 19.3998699188232 ], [ -96.758522033691406, 19.404731750488299 ], [ -96.770637512207003, 19.398599624633899 ], [ -96.780120849609304, 19.362350463867202 ], [ -96.840270996093693, 19.320140838623001 ], [ -96.905426025390597, 19.373989105224702 ] ] ] } },
{ "type": "Feature", "properties": { "NAME_1": "Veracruz", "NAME_2": "Coatzacoalcos" }, "geometry": { "type": "Polygon", "coordinates": [ [ [ -94.099716186523395, 18.071411132812599 ], [ -94.202301025390597, 18.0861511230469 ], [ -94.314926147460895, 18.0848102569581 ], [ -94.357231140136705, 18.094499588012798 ], [ -94.380729675292997, 18.1139011383057 ], [ -94.405746459960895, 18.1167507171632 ], [ -94.420227050781193, 18.113479614257798 ], [ -94.429939270019503, 18.095029830932699 ], [ -94.427337646484403, 18.0594196319581 ], [ -94.434432983398395, 18.0455627441406 ], [ -94.462486267089801, 18.043910980224599 ], [ -94.473037719726605, 18.0260410308838 ], [ -94.465759277343807, 18.0070495605469 ], [ -94.491569519042898, 18.0041103363037 ], [ -94.583137512207003, 18.034549713134702 ], [ -94.595123291015597, 18.0837707519532 ], [ -94.586456298828097, 18.0889606475831 ], [ -94.634231567382798, 18.135179519653398 ], [ -94.637428283691406, 18.164569854736399 ], [ -94.626502990722599, 18.1646709442138 ], [ -94.637481689453097, 18.193332672119201 ], [ -94.624511718749901, 18.1998596191406 ], [ -94.596649169921903, 18.1686496734619 ], [ -94.582107543945298, 18.182083129882798 ], [ -94.531806945800696, 18.159305572509801 ], [ -94.465141296386705, 18.149858474731602 ], [ -94.417083740234304, 18.157361984253001 ], [ -94.415969848632699, 18.166528701782202 ], [ -94.414863586425795, 18.157361984253001 ], [ -94.407363891601506, 18.158750534057599 ], [ -94.413192749023395, 18.1670837402344 ], [ -94.395416259765597, 18.159305572509801 ], [ -94.295135498046804, 18.174304962158299 ], [ -94.004379272460895, 18.252361297607401 ], [ -94.128570556640597, 18.2075595855713 ], [ -94.130668640136705, 18.190879821777301 ], [ -94.110755920410099, 18.188699722290099 ], [ -94.0947265625, 18.200628280639702 ], [ -94.055007934570298, 18.182010650634801 ], [ -94.030097961425696, 18.1869411468507 ], [ -94.006996154785099, 18.156631469726602 ], [ -94.013092041015597, 18.1520595550538 ], [ -94.029762268066406, 18.168670654296999 ], [ -94.032752990722599, 18.182640075683501 ], [ -94.050071716308594, 18.174150466918899 ], [ -94.090789794921903, 18.195020675659201 ], [ -94.100311279296903, 18.193822860717901 ], [ -94.104393005370994, 18.180030822753899 ], [ -94.131050109863295, 18.177740097046001 ], [ -94.101150512695298, 18.144990921020501 ], [ -94.106002807617102, 18.116880416870199 ], [ -94.096038818359403, 18.0888900756837 ], [ -94.099716186523395, 18.071411132812599 ] ] ] } },
{ "type": "Feature", "properties": { "NAME_1": "Veracruz", "NAME_2": "Coatzintla" }, "geometry": { "type": "Polygon", "coordinates": [ [ [ -97.415359497070298, 20.5186996459962 ], [ -97.416152954101605, 20.483829498291001 ], [ -97.439460754394503, 20.410842895507798 ], [ -97.470275878906193, 20.390090942382901 ], [ -97.499809265136705, 20.3836898803712 ], [ -97.520301818847699, 20.3590927124025 ], [ -97.597366333007798, 20.451602935791101 ], [ -97.537490844726605, 20.530920028686499 ], [ -97.549026489257798, 20.578210830688501 ], [ -97.565277099609304, 20.589969635009901 ], [ -97.556831359863295, 20.5973300933838 ], [ -97.519508361816307, 20.5820007324219 ], [ -97.523193359374901, 20.540290832519599 ], [ -97.511787414550795, 20.519880294799801 ], [ -97.487068176269503, 20.519781112671001 ], [ -97.452476501464801, 20.5352897644043 ], [ -97.415359497070298, 20.5186996459962 ] ] ] } },
{ "type": "Feature", "properties": { "NAME_1": "Veracruz", "NAME_2": "Coetzala" }, "geometry": { "type": "Polygon", "coordinates": [ [ [ -96.810081481933594, 18.790180206298899 ], [ -96.8037109375, 18.764400482177798 ], [ -96.875343322753906, 18.770570755004901 ], [ -96.847991943359304, 18.809320449829102 ], [ -96.810081481933594, 18.790180206298899 ] ] ] } },
{ "type": "Feature", "properties": { "NAME_1": "Veracruz", "NAME_2": "Colipa" }, "geometry": { "type": "Polygon", "coordinates": [ [ [ -96.637306213378906, 19.877559661865298 ], [ -96.652046203613196, 19.838569641113398 ], [ -96.699401855468807, 19.898731231689599 ], [ -96.690666198730398, 19.9208583831788 ], [ -96.652046203613196, 19.954599380493299 ], [ -96.637168884277202, 19.9492702484131 ], [ -96.630767822265597, 19.934089660644599 ], [ -96.629737854003906, 19.896650314331101 ], [ -96.637306213378906, 19.877559661865298 ] ] ] } },
{ "type": "Feature", "properties": { "NAME_1": "Veracruz", "NAME_2": "Comapa" }, "geometry": { "type": "Polygon", "coordinates": [ [ [ -96.571929931640597, 19.079210281372099 ], [ -96.672706604003807, 19.098609924316399 ], [ -96.719627380370994, 19.134170532226701 ], [ -96.818977355957003, 19.150680541992202 ], [ -96.782463073730497, 19.172550201416101 ], [ -96.754913330078097, 19.156681060791001 ], [ -96.717987060546903, 19.1702194213868 ], [ -96.631996154785099, 19.162570953369102 ], [ -96.537277221679702, 19.205070495605501 ], [ -96.513107299804702, 19.1485614776612 ], [ -96.505638122558494, 19.146930694580099 ], [ -96.500556945800795, 19.0590000152588 ], [ -96.562797546386705, 19.083499908447301 ], [ -96.571929931640597, 19.079210281372099 ] ] ] } },
{ "type": "Feature", "properties": { "NAME_1": "Veracruz", "NAME_2": "Córdoba" }, "geometry": { "type": "Polygon", "coordinates": [ [ [ -96.865982055664105, 18.8684310913087 ], [ -96.895622253417997, 18.950862884521499 ], [ -96.919860839843807, 18.985639572143601 ], [ -96.913986206054602, 18.998792648315401 ], [ -96.884986877441406, 18.980180740356399 ], [ -96.841667175292997, 18.972410202026499 ], [ -96.8130264282225, 18.9255294799806 ], [ -96.813102722167898, 18.897039413452301 ], [ -96.842262268066406, 18.869421005249102 ], [ -96.865982055664105, 18.8684310913087 ] ] ] } },
{ "type": "Feature", "properties": { "NAME_1": "Veracruz", "NAME_2": "Cosamaloapan" }, "geometry": { "type": "Polygon", "coordinates": [ [ [ -95.917579650878906, 18.287670135498001 ], [ -95.959213256835895, 18.302249908447301 ], [ -95.976547241210895, 18.2743911743163 ], [ -95.993530273437401, 18.281919479370199 ], [ -96.010208129882798, 18.2718296051025 ], [ -96.0325927734375, 18.271980285644499 ], [ -96.061347961425795, 18.255092620849599 ], [ -96.081886291503906, 18.219730377197401 ], [ -96.104339599609304, 18.221820831298899 ], [ -96.150428771972699, 18.194660186767599 ], [ -96.180831909179602, 18.189569473266499 ], [ -96.210868835449205, 18.207380294799901 ], [ -96.1884765625, 18.2400302886963 ], [ -96.208358764648395, 18.2451400756837 ], [ -96.238388061523395, 18.237379074096701 ], [ -96.282951354980398, 18.312919616699201 ], [ -96.338180541992102, 18.344079971313501 ], [ -96.339378356933594, 18.352689743042099 ], [ -96.275611877441307, 18.405492782592798 ], [ -96.150527954101605, 18.416099548339801 ], [ -96.115173339843807, 18.428960800171001 ], [ -96.077362060546804, 18.4622611999512 ], [ -96.044868469238295, 18.456769943237401 ], [ -96.020118713378807, 18.4664402008057 ], [ -95.989639282226605, 18.452472686767599 ], [ -95.951210021972699, 18.462440490722798 ], [ -95.856056213378906, 18.449399948120199 ], [ -95.844757080078097, 18.4457302093506 ], [ -95.820426940917898, 18.412290573120099 ], [ -95.795211791992202, 18.423522949218899 ], [ -95.787109375, 18.4388103485107 ], [ -95.741806030273395, 18.4037895202638 ], [ -95.735305786132798, 18.364030838012798 ], [ -95.740760803222699, 18.344100952148501 ], [ -95.813369750976506, 18.3456707000732 ], [ -95.854690551757798, 18.366521835327099 ], [ -95.864418029785199, 18.3572807312012 ], [ -95.870552062988295, 18.331300735473601 ], [ -95.928878784179602, 18.3266410827637 ], [ -95.932373046874901, 18.309251785278398 ], [ -95.917579650878906, 18.287670135498001 ] ] ] } },
{ "type": "Feature", "properties": { "NAME_1": "Veracruz", "NAME_2": "Cosautlán de Carvajal" }, "geometry": { "type": "Polygon", "coordinates": [ [ [ -96.840270996093693, 19.320140838623001 ], [ -96.895606994628807, 19.279760360717798 ], [ -96.965591430664006, 19.303329467773501 ], [ -97.001251220703097, 19.331510543823299 ], [ -96.976097106933494, 19.374490737915099 ], [ -96.947746276855398, 19.382261276245199 ], [ -96.927078247070298, 19.3985404968262 ], [ -96.917396545410199, 19.377820968628001 ], [ -96.840270996093693, 19.320140838623001 ] ] ] } },
{ "type": "Feature", "properties": { "NAME_1": "Veracruz", "NAME_2": "Coscomatepec" }, "geometry": { "type": "Polygon", "coordinates": [ [ [ -97.051345825195298, 18.979099273681602 ], [ -97.065216064453097, 18.977140426635899 ], [ -97.071022033691406, 18.984281539916999 ], [ -97.100891113281193, 19.0565700531006 ], [ -97.103202819824205, 19.076950073242301 ], [ -97.094017028808594, 19.088830947876101 ], [ -97.073501586914105, 19.099809646606399 ], [ -97.047752380371094, 19.090030670166101 ], [ -96.983078002929702, 19.099391937256001 ], [ -96.932556152343807, 19.086200714111399 ], [ -96.915626525878807, 19.069919586181701 ], [ -96.922592163085895, 19.0560607910156 ], [ -96.968757629394503, 19.053831100463999 ], [ -96.9954833984375, 19.0305404663087 ], [ -97.035079956054702, 19.012100219726701 ], [ -97.048812866210895, 19.000980377197401 ], [ -97.051345825195298, 18.979099273681602 ] ] ] } },
{ "type": "Feature", "properties": { "NAME_1": "Veracruz", "NAME_2": "Cosoleacaque" }, "geometry": { "type": "Polygon", "coordinates": [ [ [ -94.583137512207003, 18.034549713134702 ], [ -94.559196472167898, 17.972499847412202 ], [ -94.575828552246094, 17.911390304565401 ], [ -94.568626403808494, 17.889118194580099 ], [ -94.584350585937401, 17.881692886352699 ], [ -94.601486206054702, 17.887149810791001 ], [ -94.630355834960795, 17.880741119384801 ], [ -94.658226013183594, 17.938230514526499 ], [ -94.691383361816307, 17.9811305999757 ], [ -94.663139343261705, 18.013669967651399 ], [ -94.626701354980398, 18.0394401550294 ], [ -94.604682922363196, 18.085760116577099 ], [ -94.595123291015597, 18.0837707519532 ], [ -94.583137512207003, 18.034549713134702 ] ] ] } },
{ "type": "Feature", "properties": { "NAME_1": "Veracruz", "NAME_2": "Cotaxtla" }, "geometry": { "type": "Polygon", "coordinates": [ [ [ -96.582122802734304, 18.758520126342798 ], [ -96.564506530761705, 18.773242950439599 ], [ -96.559661865234403, 18.791679382324201 ], [ -96.532211303710895, 18.7865104675294 ], [ -96.490028381347699, 18.795919418335 ], [ -96.415435791015597, 18.850812911987301 ], [ -96.408676147460895, 18.908758163452099 ], [ -96.456703186035099, 18.982681274414102 ], [ -96.404769897460895, 19.002540588378999 ], [ -96.322296142578097, 19.013130187988299 ], [ -96.276390075683494, 18.958690643310501 ], [ -96.263320922851506, 18.954669952392599 ], [ -96.172988891601506, 18.9795227050782 ], [ -96.187126159667898, 18.930950164795 ], [ -96.316726684570298, 18.806209564209102 ], [ -96.366607666015597, 18.803159713745199 ], [ -96.439208984375, 18.771530151367202 ], [ -96.533882141113196, 18.7471809387207 ], [ -96.589797973632798, 18.7423801422119 ], [ -96.582122802734304, 18.758520126342798 ] ] ] } },
{ "type": "Feature", "properties": { "NAME_1": "Veracruz", "NAME_2": "Coxquihi" }, "geometry": { "type": "Polygon", "coordinates": [ [ [ -97.572837829589801, 20.195859909057599 ], [ -97.544296264648395, 20.210901260376001 ], [ -97.540100097656193, 20.2281208038331 ], [ -97.516151428222599, 20.255929946899499 ], [ -97.517807006835895, 20.276969909668001 ], [ -97.477340698242102, 20.287900924682699 ], [ -97.481925964355398, 20.2086696624756 ], [ -97.518470764160199, 20.200149536132901 ], [ -97.559593200683594, 20.1622200012207 ], [ -97.572837829589801, 20.195859909057599 ] ] ] } },
{ "type": "Feature", "properties": { "NAME_1": "Veracruz", "NAME_2": "Coyutla" }, "geometry": { "type": "Polygon", "coordinates": [ [ [ -97.520301818847699, 20.3590927124025 ], [ -97.523956298828097, 20.3471183776856 ], [ -97.50830078125, 20.2795295715332 ], [ -97.615211486816406, 20.2699718475343 ], [ -97.624267578125, 20.2859497070313 ], [ -97.643119812011705, 20.2918796539307 ], [ -97.655860900878807, 20.326240539550799 ], [ -97.674446105957003, 20.331592559814499 ], [ -97.707366943359304, 20.3260726928712 ], [ -97.714866638183594, 20.386600494384801 ], [ -97.708648681640597, 20.4576301574706 ], [ -97.680747985839801, 20.479852676391701 ], [ -97.656318664550795, 20.485429763793899 ], [ -97.624732971191406, 20.4586505889893 ], [ -97.597366333007798, 20.451602935791101 ], [ -97.581169128417997, 20.4385795593262 ], [ -97.520301818847699, 20.3590927124025 ] ] ] } },
{ "type": "Feature", "properties": { "NAME_1": "Veracruz", "NAME_2": "Cuichapa" }, "geometry": { "type": "Polygon", "coordinates": [ [ [ -96.810081481933594, 18.790180206298899 ], [ -96.801033020019503, 18.8024196624756 ], [ -96.760009765625, 18.783941268921001 ], [ -96.710708618164105, 18.777250289916999 ], [ -96.711326599121094, 18.770210266113299 ], [ -96.735733032226605, 18.752809524536101 ], [ -96.787040710449205, 18.760190963745099 ], [ -96.8037109375, 18.764400482177798 ], [ -96.810081481933594, 18.790180206298899 ] ] ] } },
{ "type": "Feature", "properties": { "NAME_1": "Veracruz", "NAME_2": "Cuitláhuac" }, "geometry": { "type": "Polygon", "coordinates": [ [ [ -96.582122802734304, 18.758520126342798 ], [ -96.634040832519503, 18.778640747070401 ], [ -96.710708618164105, 18.777250289916999 ], [ -96.681968688964801, 18.841831207275401 ], [ -96.657432556152301, 18.868139266967798 ], [ -96.634330749511705, 18.8636798858643 ], [ -96.603302001953097, 18.842769622802798 ], [ -96.561531066894503, 18.794879913330099 ], [ -96.563072204589702, 18.7755126953125 ], [ -96.582122802734304, 18.758520126342798 ] ] ] } },
{ "type": "Feature", "properties": { "NAME_1": "Veracruz", "NAME_2": "Emiliano Zapata" }, "geometry": { "type": "Polygon", "coordinates": [ [ [ -96.629852294921903, 19.354101181030298 ], [ -96.676132202148395, 19.388269424438601 ], [ -96.729476928710895, 19.4062309265137 ], [ -96.738166809081903, 19.4240608215332 ], [ -96.834861755370994, 19.494552612304702 ], [ -96.843742370605497, 19.519670486450298 ], [ -96.808586120605497, 19.514110565185501 ], [ -96.740859985351605, 19.553501129150501 ], [ -96.617828369140597, 19.481590270996101 ], [ -96.580589294433494, 19.471939086914102 ], [ -96.530296325683594, 19.4711608886719 ], [ -96.489967346191406, 19.481140136718899 ], [ -96.477691650390597, 19.466960906982401 ], [ -96.447517395019503, 19.461780548095799 ], [ -96.514678955078097, 19.351221084594801 ], [ -96.557647705078097, 19.3058700561525 ], [ -96.576232910156094, 19.350019454956101 ], [ -96.629852294921903, 19.354101181030298 ] ] ] } },
{ "type": "Feature", "properties": { "NAME_1": "Veracruz", "NAME_2": "Espinal" }, "geometry": { "type": "Polygon", "coordinates": [ [ [ -97.439079284667898, 20.203861236572301 ], [ -97.445709228515597, 20.1947326660156 ], [ -97.481925964355398, 20.2086696624756 ], [ -97.477340698242102, 20.287900924682699 ], [ -97.50830078125, 20.2795295715332 ], [ -97.523956298828097, 20.3471183776856 ], [ -97.506347656249901, 20.379390716552798 ], [ -97.455093383789105, 20.398429870605501 ], [ -97.435119628906193, 20.418619155883899 ], [ -97.404869079589801, 20.409490585327099 ], [ -97.354278564453097, 20.375909805298001 ], [ -97.283737182617102, 20.373989105224702 ], [ -97.286026000976506, 20.291858673095799 ], [ -97.388298034667997, 20.277950286865298 ], [ -97.439079284667898, 20.203861236572301 ] ] ] } },
{ "type": "Feature", "properties": { "NAME_1": "Veracruz", "NAME_2": "Filomeno Mata" }, "geometry": { "type": "Polygon", "coordinates": [ [ [ -97.648597717285199, 20.1968727111818 ], [ -97.682357788085895, 20.2091598510743 ], [ -97.694976806640597, 20.255069732666001 ], [ -97.666122436523395, 20.246799468994201 ], [ -97.646270751953097, 20.222101211547901 ], [ -97.603401184082003, 20.208072662353601 ], [ -97.648597717285199, 20.1968727111818 ] ] ] } },
{ "type": "Feature", "properties": { "NAME_1": "Veracruz", "NAME_2": "Fortín" }, "geometry": { "type": "Polygon", "coordinates": [ [ [ -96.873809814453097, 18.8354606628418 ], [ -96.902786254882798, 18.820619583129901 ], [ -96.914047241210895, 18.8678302764893 ], [ -96.946426391601506, 18.908359527587901 ], [ -96.973991394042898, 18.960010528564499 ], [ -96.988243103027301, 18.963291168212901 ], [ -97.026016235351605, 18.951259613037099 ], [ -97.065216064453097, 18.977140426635899 ], [ -97.019012451171804, 18.9729309082032 ], [ -96.919860839843807, 18.985639572143601 ], [ -96.898147583007798, 18.956110000610501 ], [ -96.870185852050795, 18.893512725830099 ], [ -96.865982055664105, 18.8684310913087 ], [ -96.873809814453097, 18.8354606628418 ] ] ] } },
{ "type": "Feature", "properties": { "NAME_1": "Veracruz", "NAME_2": "Gutiérrez Zamora" }, "geometry": { "type": "Polygon", "coordinates": [ [ [ -97.117446899414105, 20.378330230712901 ], [ -97.122009277343693, 20.452169418335 ], [ -97.103248596191406, 20.489049911499102 ], [ -97.080886840820298, 20.4639797210693 ], [ -97.038047790527301, 20.459140777588001 ], [ -97.050292968749901, 20.435888290405401 ], [ -97.056259155273395, 20.3960990905762 ], [ -97.111740112304702, 20.387580871581999 ], [ -97.117446899414105, 20.378330230712901 ] ] ] } },
{ "type": "Feature", "properties": { "NAME_1": "Veracruz", "NAME_2": "Hidalgotitlán" }, "geometry": { "type": "Polygon", "coordinates": [ [ [ -94.568626403808494, 17.889118194580099 ], [ -94.563919067382798, 17.8568210601807 ], [ -94.577857971191406, 17.807319641113299 ], [ -94.611763000488295, 17.770452499389599 ], [ -94.619651794433494, 17.716222763061602 ], [ -94.582489013671903, 17.660121917724599 ], [ -94.540969848632798, 17.671649932861399 ], [ -94.491966247558494, 17.637830734253001 ], [ -94.527832031249901, 17.53955078125 ], [ -94.513236999511705, 17.454980850219801 ], [ -94.546859741210895, 17.430049896240298 ], [ -94.601486206054702, 17.359340667724599 ], [ -94.592651367187401, 17.3331108093262 ], [ -94.612716674804702, 17.255090713501001 ], [ -94.596397399902301, 17.193710327148398 ], [ -94.775726318359403, 17.2040004730225 ], [ -94.783912658691406, 17.2287406921387 ], [ -94.773056030273395, 17.252700805664102 ], [ -94.785110473632798, 17.271949768066399 ], [ -94.766647338867202, 17.286872863769599 ], [ -94.822052001953097, 17.3164997100831 ], [ -94.845352172851605, 17.385078430175799 ], [ -94.802192687988196, 17.437892913818501 ], [ -94.753196716308594, 17.5328903198243 ], [ -94.753143310546903, 17.5618705749513 ], [ -94.785552978515597, 17.579841613769599 ], [ -94.794242858886705, 17.597419738769599 ], [ -94.763465881347599, 17.618299484253001 ], [ -94.772338867187401, 17.644889831543001 ], [ -94.736457824707003, 17.6668510437012 ], [ -94.737815856933494, 17.685079574585 ], [ -94.722702026367202, 17.6969203948975 ], [ -94.723228454589801, 17.7352695465088 ], [ -94.748146057128906, 17.738540649414102 ], [ -94.726753234863196, 17.753259658813501 ], [ -94.695877075195298, 17.757400512695401 ], [ -94.696746826171903, 17.777959823608501 ], [ -94.660552978515597, 17.822822570800799 ], [ -94.654571533203097, 17.843370437621999 ], [ -94.670677185058494, 17.859741210937401 ], [ -94.650009155273395, 17.8761501312256 ], [ -94.568626403808494, 17.889118194580099 ] ] ] } },
{ "type": "Feature", "properties": { "NAME_1": "Veracruz", "NAME_2": "Huatusco" }, "geometry": { "type": "Polygon", "coordinates": [ [ [ -97.011291503906193, 19.22585105896 ], [ -96.973480224609403, 19.225629806518601 ], [ -96.949378967285099, 19.2026481628418 ], [ -96.864898681640597, 19.175428390502901 ], [ -96.831642150878906, 19.149959564208899 ], [ -96.779716491699205, 19.147672653198399 ], [ -96.708190917968693, 19.126140594482401 ], [ -96.726409912109304, 19.1191425323487 ], [ -96.785270690917898, 19.136289596557599 ], [ -96.789405822753906, 19.125129699706999 ], [ -96.771301269531193, 19.086729049682599 ], [ -96.781578063964801, 19.0719509124757 ], [ -96.809097290039006, 19.090330123901399 ], [ -96.856521606445298, 19.092170715332099 ], [ -96.917259216308494, 19.072210311889599 ], [ -96.92813873291, 19.083440780639599 ], [ -96.913146972656193, 19.103181838989201 ], [ -96.976951599120994, 19.172910690307599 ], [ -97.011291503906193, 19.22585105896 ] ] ] } },
{ "type": "Feature", "properties": { "NAME_1": "Veracruz", "NAME_2": "Huayacocotla" }, "geometry": { "type": "Polygon", "coordinates": [ [ [ -98.36572265625, 20.390638351440501 ], [ -98.406051635742202, 20.344141006469702 ], [ -98.430717468261705, 20.338331222534201 ], [ -98.461288452148395, 20.376520156860298 ], [ -98.509071350097699, 20.4809799194337 ], [ -98.502716064453097, 20.5381298065187 ], [ -98.474845886230497, 20.601488113403398 ], [ -98.465888977050795, 20.6745319366456 ], [ -98.438537597656193, 20.683080673217901 ], [ -98.378143310546903, 20.7386894226075 ], [ -98.325988769531193, 20.7298793792725 ], [ -98.308853149414006, 20.714900970459102 ], [ -98.364578247070298, 20.6650905609131 ], [ -98.402175903320298, 20.564870834350501 ], [ -98.420211791992202, 20.5388698577881 ], [ -98.417655944824205, 20.522569656372202 ], [ -98.407028198242202, 20.514410018921001 ], [ -98.384216308593807, 20.457860946655401 ], [ -98.362663269042997, 20.426820755005 ], [ -98.354843139648395, 20.401380538940501 ], [ -98.36572265625, 20.390638351440501 ] ] ] } },
{ "type": "Feature", "properties": { "NAME_1": "Veracruz", "NAME_2": "Hueyapan de Ocampo" }, "geometry": { "type": "Polygon", "coordinates": [ [ [ -95.266899108886705, 18.085380554199201 ], [ -95.289253234863295, 18.1124191284181 ], [ -95.354919433593693, 18.135631561279201 ], [ -95.379615783691406, 18.1643581390381 ], [ -95.410392761230497, 18.1821804046632 ], [ -95.359275817871094, 18.223382949829102 ], [ -95.273376464843807, 18.237039566040199 ], [ -95.213836669921903, 18.264411926269599 ], [ -95.195449829101605, 18.303279876708899 ], [ -95.146881103515597, 18.284530639648398 ], [ -95.064376831054702, 18.2902297973632 ], [ -94.987998962402301, 18.269001007080099 ], [ -94.991081237792997, 18.194099426269499 ], [ -94.927490234374901, 18.095699310302798 ], [ -94.892669677734403, 18.065610885620199 ], [ -94.887580871582003, 18.039962768554801 ], [ -94.929008483886705, 18.0471496582032 ], [ -94.986328124999901, 18.071830749511701 ], [ -95.102935791015597, 18.082218170166001 ], [ -95.140701293945298, 18.100072860717798 ], [ -95.266899108886705, 18.085380554199201 ] ] ] } },
{ "type": "Feature", "properties": { "NAME_1": "Veracruz", "NAME_2": "Huiloapan de Cuauhtémoc" }, "geometry": { "type": "Polygon", "coordinates": [ [ [ -97.113746643066406, 18.7659511566163 ], [ -97.050872802734304, 18.808040618896499 ], [ -97.028762817382798, 18.772830963134901 ], [ -97.075546264648395, 18.723171234130898 ], [ -97.102508544921903, 18.740671157836999 ], [ -97.113746643066406, 18.7659511566163 ] ] ] } },
{ "type": "Feature", "properties": { "NAME_1": "Veracruz", "NAME_2": "Ignacio de la Llave" }, "geometry": { "type": "Polygon", "coordinates": [ [ [ -95.895095825195298, 18.727109909057699 ], [ -95.912521362304702, 18.619810104370099 ], [ -95.921257019042997, 18.612400054931701 ], [ -95.937370300292997, 18.614122390747202 ], [ -95.932395935058494, 18.643110275268601 ], [ -95.919868469238295, 18.643039703369102 ], [ -95.903869628906193, 18.674650192260899 ], [ -95.904571533203097, 18.711349487304801 ], [ -95.912940979003807, 18.7062683105469 ], [ -95.913513183593693, 18.675149917602699 ], [ -95.925903320312401, 18.6496181488038 ], [ -95.976722717285099, 18.691022872924901 ], [ -96.002517700195298, 18.690160751342798 ], [ -96.010223388671804, 18.681888580322202 ], [ -96.033432006835895, 18.702119827270501 ], [ -96.002571105957003, 18.8018894195557 ], [ -95.967796325683594, 18.8103218078613 ], [ -95.965087890624901, 18.830690383911101 ], [ -95.934692382812401, 18.816480636596701 ], [ -95.909233093261605, 18.7807712554932 ], [ -95.868179321289105, 18.7587394714357 ], [ -95.866790771484304, 18.752820968628001 ], [ -95.892593383789105, 18.748012542724702 ], [ -95.895095825195298, 18.727109909057699 ] ] ] } },
{ "type": "Feature", "properties": { "NAME_1": "Veracruz", "NAME_2": "Ilamatlán" }, "geometry": { "type": "Polygon", "coordinates": [ [ [ -98.386398315429602, 20.8219108581544 ], [ -98.321731567382798, 20.874151229858501 ], [ -98.303451538085895, 20.8685226440431 ], [ -98.267822265624901, 20.832080841064499 ], [ -98.438537597656193, 20.683080673217901 ], [ -98.465888977050795, 20.6745319366456 ], [ -98.461959838867202, 20.738870620727699 ], [ -98.435882568359304, 20.759241104126001 ], [ -98.418968200683594, 20.796501159668001 ], [ -98.386398315429602, 20.8219108581544 ] ] ] } },
{ "type": "Feature", "properties": { "NAME_1": "Veracruz", "NAME_2": "Isla" }, "geometry": { "type": "Polygon", "coordinates": [ [ [ -95.698440551757798, 17.984390258789102 ], [ -95.664047241210895, 17.989910125732401 ], [ -95.653846740722699, 18.006690979003999 ], [ -95.629592895507798, 18.011968612671001 ], [ -95.614540100097599, 18.025449752807599 ], [ -95.617477416992102, 18.054710388183601 ], [ -95.610916137695298, 18.074640274047901 ], [ -95.647430419921804, 18.104469299316399 ], [ -95.638748168945298, 18.126960754394499 ], [ -95.683166503906193, 18.145959854126001 ], [ -95.679260253906193, 18.219501495361399 ], [ -95.613265991210895, 18.263719558715898 ], [ -95.591140747070298, 18.297489166259801 ], [ -95.624015808105497, 18.334379196167099 ], [ -95.626892089843807, 18.370969772338899 ], [ -95.642288208007798, 18.406639099121101 ], [ -95.622985839843807, 18.417730331421001 ], [ -95.601600646972699, 18.416349411010799 ], [ -95.587570190429702, 18.426958084106499 ], [ -95.550720214843693, 18.3579196929932 ], [ -95.551902770996094, 18.336402893066399 ], [ -95.531768798827997, 18.3133010864257 ], [ -95.532623291015497, 18.261110305786101 ], [ -95.518142700195298, 18.254938125610501 ], [ -95.499526977539006, 18.2670707702637 ], [ -95.481246948242202, 18.2635612487794 ], [ -95.448196411132798, 18.209030151367202 ], [ -95.387619018554702, 18.168970108032202 ], [ -95.401878356933494, 18.152299880981499 ], [ -95.427848815917997, 18.149381637573399 ], [ -95.476150512695298, 18.121789932251001 ], [ -95.468132019042898, 18.056760787963899 ], [ -95.448013305664006, 18.045810699462901 ], [ -95.466247558593594, 18.020771026611399 ], [ -95.471702575683594, 17.993761062622099 ], [ -95.498947143554602, 17.975070953369102 ], [ -95.528289794921903, 17.959680557251101 ], [ -95.570747375488196, 17.971279144287099 ], [ -95.633071899414105, 17.953250885009901 ], [ -95.670776367187401, 17.962280273437599 ], [ -95.698440551757798, 17.984390258789102 ] ] ] } },
{ "type": "Feature", "properties": { "NAME_1": "Veracruz", "NAME_2": "Ixcatepec" }, "geometry": { "type": "Polygon", "coordinates": [ [ [ -97.908836364746094, 21.234781265258899 ], [ -97.945846557617202, 21.159498214721701 ], [ -97.959793090820298, 21.150369644165 ], [ -97.974021911620994, 21.153642654418899 ], [ -98.033599853515597, 21.2259311676025 ], [ -98.105278015136705, 21.2592506408693 ], [ -98.103836059570298, 21.2670803070069 ], [ -98.083999633789105, 21.268590927124102 ], [ -98.065696716308594, 21.295940399169901 ], [ -98.045570373535199, 21.308460235595799 ], [ -98.083999633789105, 21.353530883789102 ], [ -98.029411315917898, 21.3419799804687 ], [ -97.954170227050696, 21.244350433349702 ], [ -97.908836364746094, 21.234781265258899 ] ] ] } },
{ "type": "Feature", "properties": { "NAME_1": "Veracruz", "NAME_2": "Ixhuacán de los Reyes" }, "geometry": { "type": "Polygon", "coordinates": [ [ [ -97.001251220703097, 19.331510543823299 ], [ -97.082946777343807, 19.363702774048001 ], [ -97.058059692382798, 19.3719596862794 ], [ -97.039993286132798, 19.365859985351602 ], [ -97.058921813964801, 19.432609558105501 ], [ -97.038566589355398, 19.4433517456056 ], [ -96.986846923828097, 19.431690216064499 ], [ -96.936546325683594, 19.393569946289201 ], [ -96.947746276855398, 19.382261276245199 ], [ -96.976097106933494, 19.374490737915099 ], [ -97.001251220703097, 19.331510543823299 ] ] ] } },
{ "type": "Feature", "properties": { "NAME_1": "Veracruz", "NAME_2": "Ixhuatlán de Madero" }, "geometry": { "type": "Polygon", "coordinates": [ [ [ -98.060333251953097, 20.609319686889599 ], [ -98.074531555175696, 20.592929840087901 ], [ -98.065727233886705, 20.771472930908299 ], [ -98.085639953613295, 20.836378097534201 ], [ -98.067115783691406, 20.8814296722413 ], [ -98.068908691406193, 20.926580429077202 ], [ -98.033638000488295, 20.9243907928468 ], [ -98.020980834960895, 20.938022613525401 ], [ -97.988082885742202, 20.845359802246101 ], [ -97.963996887207003, 20.815248489379901 ], [ -97.954696655273395, 20.780242919921999 ], [ -97.903419494628906, 20.7240200042725 ], [ -97.925247192382798, 20.688270568847798 ], [ -97.937957763671804, 20.623001098632901 ], [ -97.956047058105497, 20.625690460205099 ], [ -98.005157470703097, 20.660768508911101 ], [ -98.029411315917898, 20.645280838012699 ], [ -98.060333251953097, 20.609319686889599 ] ] ] } },
{ "type": "Feature", "properties": { "NAME_1": "Veracruz", "NAME_2": "Ixhuatlán del Café" }, "geometry": { "type": "Polygon", "coordinates": [ [ [ -96.913986206054602, 18.998792648315401 ], [ -96.906280517578097, 19.027490615844702 ], [ -96.917259216308494, 19.072210311889599 ], [ -96.856521606445298, 19.092170715332099 ], [ -96.809097290039006, 19.090330123901399 ], [ -96.781578063964801, 19.0719509124757 ], [ -96.775558471679702, 19.002599716186499 ], [ -96.828407287597699, 18.9835090637207 ], [ -96.846397399902301, 18.969480514526399 ], [ -96.889190673828097, 18.981809616088899 ], [ -96.913986206054602, 18.998792648315401 ] ] ] } },
{ "type": "Feature", "properties": { "NAME_1": "Veracruz", "NAME_2": "Ixhuatlán del Sureste" }, "geometry": { "type": "Polygon", "coordinates": [ [ [ -94.448181152343693, 17.943170547485401 ], [ -94.492492675781193, 18.001819610595799 ], [ -94.465759277343807, 18.0070495605469 ], [ -94.473037719726605, 18.0260410308838 ], [ -94.462486267089801, 18.043910980224599 ], [ -94.437767028808594, 18.042760848999102 ], [ -94.429359436035199, 18.0526618957519 ], [ -94.432212829589801, 18.088499069213899 ], [ -94.420227050781193, 18.113479614257798 ], [ -94.383430480957003, 18.114730834961101 ], [ -94.357231140136705, 18.094499588012798 ], [ -94.308326721191406, 18.084760665893501 ], [ -94.358261108398395, 18.0371799468994 ], [ -94.415817260742202, 17.961219787597699 ], [ -94.448181152343693, 17.943170547485401 ] ] ] } },
{ "type": "Feature", "properties": { "NAME_1": "Veracruz", "NAME_2": "Ixhuatlancillo" }, "geometry": { "type": "Polygon", "coordinates": [ [ [ -97.052696228027301, 18.859260559082099 ], [ -97.061691284179702, 18.847721099853601 ], [ -97.076202392578097, 18.849941253662099 ], [ -97.138877868652301, 18.928249359130898 ], [ -97.117851257324205, 18.9705810546875 ], [ -97.106369018554602, 18.968370437622099 ], [ -97.068519592285, 18.922590255737401 ], [ -97.0657958984375, 18.912460327148398 ], [ -97.077247619628906, 18.9172897338868 ], [ -97.084632873535, 18.906440734863398 ], [ -97.052696228027301, 18.859260559082099 ] ] ] } },
{ "type": "Feature", "properties": { "NAME_1": "Veracruz", "NAME_2": "Ixmatlahuacan" }, "geometry": { "type": "GeometryCollection", "geometries": [ { "type": "Polygon", "coordinates": [ [ [ -96.077362060546804, 18.4622611999512 ], [ -96.048316955566406, 18.539382934570298 ], [ -95.998878479003807, 18.529199600219801 ], [ -95.993179321289105, 18.562191009521499 ], [ -95.959671020507798, 18.578050613403398 ], [ -95.948478698730497, 18.612199783325298 ], [ -95.935890197753906, 18.5968208312988 ], [ -95.907501220703097, 18.6101894378663 ], [ -95.896507263183594, 18.654350280761701 ], [ -95.890686035156193, 18.611589431762798 ], [ -95.880218505859304, 18.608251571655298 ], [ -95.875740051269503, 18.5966911315918 ], [ -95.865615844726506, 18.597450256347798 ], [ -95.881019592285199, 18.619018554687599 ], [ -95.885299682617202, 18.6621208190918 ], [ -95.904739379882798, 18.6616306304931 ], [ -95.895095825195298, 18.727109909057699 ], [ -95.888557434082003, 18.723150253295799 ], [ -95.860908508300795, 18.6879692077638 ], [ -95.843719482421903, 18.6467304229737 ], [ -95.797515869140597, 18.597000122070401 ], [ -95.797508239746094, 18.5656509399413 ], [ -95.810096740722699, 18.5377101898194 ], [ -95.788421630859403, 18.4604301452638 ], [ -95.789482116699205, 18.429319381713899 ], [ -95.820426940917898, 18.412290573120099 ], [ -95.844757080078097, 18.4457302093506 ], [ -95.856056213378906, 18.449399948120199 ], [ -95.951210021972699, 18.462440490722798 ], [ -95.989639282226605, 18.452472686767599 ], [ -96.020118713378807, 18.4664402008057 ], [ -96.044868469238295, 18.456769943237401 ], [ -96.077362060546804, 18.4622611999512 ] ] ] }, { "type": "Polygon", "coordinates": [ [ [ -96.039146423339801, 18.567632675171001 ], [ -96.039482116699205, 18.583320617675799 ], [ -96.000198364257798, 18.566741943359499 ], [ -96.002998352050795, 18.559118270873999 ], [ -96.039146423339801, 18.567632675171001 ] ] ] } ] } },
{ "type": "Feature", "properties": { "NAME_1": "Veracruz", "NAME_2": "Ixtaczoquitlán" }, "geometry": { "type": "Polygon", "coordinates": [ [ [ -96.902786254882798, 18.820619583129901 ], [ -96.885437011718807, 18.768360137939499 ], [ -96.890670776367202, 18.762252807617301 ], [ -96.936042785644503, 18.799230575561602 ], [ -96.973258972167997, 18.801771163940401 ], [ -96.981117248535199, 18.835752487182699 ], [ -97.013687133789105, 18.876270294189499 ], [ -96.986587524414006, 18.8968009948732 ], [ -96.984062194824205, 18.936170578003001 ], [ -96.962509155273395, 18.939210891723601 ], [ -96.914047241210895, 18.8678302764893 ], [ -96.902786254882798, 18.820619583129901 ] ] ] } },
{ "type": "Feature", "properties": { "NAME_1": "Veracruz", "NAME_2": "Jalancingo" }, "geometry": { "type": "Polygon", "coordinates": [ [ [ -97.201705932617202, 19.667770385742202 ], [ -97.277000427246094, 19.658819198608501 ], [ -97.312896728515597, 19.6662902832032 ], [ -97.277519226074205, 19.756811141967798 ], [ -97.239143371582003, 19.816198348999102 ], [ -97.248626708984403, 19.8714199066162 ], [ -97.210746765136705, 19.968561172485401 ], [ -97.169258117675795, 19.979858398437599 ], [ -97.162666320800795, 19.933000564575298 ], [ -97.180061340332003, 19.861129760742202 ], [ -97.178047180175795, 19.816759109497099 ], [ -97.203788757324205, 19.822940826416101 ], [ -97.213142395019503, 19.804529190063501 ], [ -97.203742980957003, 19.758560180664102 ], [ -97.189079284667997, 19.7328186035157 ], [ -97.201705932617202, 19.667770385742202 ] ] ] } },
{ "type": "Feature", "properties": { "NAME_1": "Veracruz", "NAME_2": "Jalcomulco" }, "geometry": { "type": "Polygon", "coordinates": [ [ [ -96.656593322753807, 19.309448242187599 ], [ -96.710807800292997, 19.313739776611399 ], [ -96.723548889160099, 19.345510482788001 ], [ -96.770919799804702, 19.378980636596701 ], [ -96.773750305175795, 19.395420074463001 ], [ -96.763252258300795, 19.4038314819337 ], [ -96.736412048339801, 19.3998699188232 ], [ -96.725227355957003, 19.405990600586101 ], [ -96.635841369628906, 19.364620208740298 ], [ -96.629852294921903, 19.354101181030298 ], [ -96.655189514160099, 19.3231391906738 ], [ -96.656593322753807, 19.309448242187599 ] ] ] } },
{ "type": "Feature", "properties": { "NAME_1": "Veracruz", "NAME_2": "Jáltipan" }, "geometry": { "type": "Polygon", "coordinates": [ [ [ -94.753776550292997, 17.739078521728601 ], [ -94.778892517089801, 17.781221389770501 ], [ -94.779090881347599, 17.7929706573487 ], [ -94.755653381347599, 17.8319911956788 ], [ -94.775833129882798, 17.874082565307699 ], [ -94.783287048339801, 17.951799392700298 ], [ -94.730186462402301, 17.963159561157202 ], [ -94.714027404785199, 17.914579391479599 ], [ -94.681343078613196, 17.898458480835 ], [ -94.636810302734304, 17.901889801025401 ], [ -94.629913330078097, 17.882789611816499 ], [ -94.670677185058494, 17.859741210937401 ], [ -94.655006408691406, 17.840190887451101 ], [ -94.684730529785199, 17.7866306304932 ], [ -94.696746826171903, 17.777959823608501 ], [ -94.695877075195298, 17.757400512695401 ], [ -94.726753234863196, 17.753259658813501 ], [ -94.753776550292997, 17.739078521728601 ] ] ] } },
{ "type": "Feature", "properties": { "NAME_1": "Veracruz", "NAME_2": "Jamapa" }, "geometry": { "type": "Polygon", "coordinates": [ [ [ -96.158691406249901, 18.9946002960206 ], [ -96.180152893066307, 18.975360870361399 ], [ -96.232978820800696, 18.9681510925294 ], [ -96.263320922851506, 18.954669952392599 ], [ -96.279029846191307, 18.961441040039102 ], [ -96.323455810546903, 19.019567489623999 ], [ -96.290657043457003, 19.056230545044102 ], [ -96.283477783203097, 19.093769073486399 ], [ -96.265373229980497, 19.119268417358501 ], [ -96.244659423828097, 19.1215000152588 ], [ -96.222389221191307, 19.098770141601602 ], [ -96.202590942382798, 19.1073303222656 ], [ -96.194618225097699, 19.101089477539102 ], [ -96.180023193359403, 19.064519882202301 ], [ -96.159149169921903, 19.045211791992202 ], [ -96.158691406249901, 18.9946002960206 ] ] ] } },
{ "type": "Feature", "properties": { "NAME_1": "Veracruz", "NAME_2": "Jesús Carranza" }, "geometry": { "type": "Polygon", "coordinates": [ [ [ -95.3023681640625, 17.6201190948487 ], [ -95.299476623535199, 17.641902923583999 ], [ -95.290512084960895, 17.6508407592775 ], [ -95.230880737304602, 17.675939559936602 ], [ -95.221672058105497, 17.697050094604499 ], [ -95.208221435546903, 17.704780578613299 ], [ -95.204399108886705, 17.724821090698399 ], [ -95.142150878906193, 17.746818542480401 ], [ -95.049217224121094, 17.732200622558601 ], [ -95.020851135253807, 17.719760894775401 ], [ -94.952957153320298, 17.730699539184599 ], [ -94.723228454589801, 17.7352695465088 ], [ -94.722702026367202, 17.6969203948975 ], [ -94.737815856933494, 17.685079574585 ], [ -94.736457824707003, 17.6668510437012 ], [ -94.772338867187401, 17.644889831543001 ], [ -94.763465881347599, 17.618299484253001 ], [ -94.794242858886705, 17.597419738769599 ], [ -94.785552978515597, 17.579841613769599 ], [ -94.751876831054702, 17.559650421142599 ], [ -94.754776000976506, 17.527692794799901 ], [ -94.804771423339801, 17.433801651001001 ], [ -94.845352172851605, 17.385078430175799 ], [ -94.822052001953097, 17.3164997100831 ], [ -94.766647338867202, 17.286872863769599 ], [ -94.785110473632798, 17.271949768066399 ], [ -94.773056030273395, 17.252700805664102 ], [ -94.783912658691406, 17.2287406921387 ], [ -94.775726318359403, 17.2040004730225 ], [ -95.021110534667997, 17.220069885253899 ], [ -95.002571105956903, 17.2712802886963 ], [ -95.027961730957003, 17.2929992675782 ], [ -95.027603149414105, 17.331359863281399 ], [ -95.036270141601605, 17.3450412750244 ], [ -95.165176391601406, 17.438081741333001 ], [ -95.289230346679602, 17.591739654541101 ], [ -95.3023681640625, 17.6201190948487 ] ] ] } },
{ "type": "Feature", "properties": { "NAME_1": "Veracruz", "NAME_2": "Jilotepec" }, "geometry": { "type": "Polygon", "coordinates": [ [ [ -96.853675842285199, 19.6757411956788 ], [ -96.789787292480497, 19.635889053344801 ], [ -96.772537231445298, 19.609859466552699 ], [ -96.835952758789105, 19.615150451660199 ], [ -96.851028442382798, 19.641468048095799 ], [ -96.872756958007798, 19.646631240844702 ], [ -96.878547668456903, 19.658292770385899 ], [ -96.881729125976605, 19.669380187988398 ], [ -96.853675842285199, 19.6757411956788 ] ] ] } },
{ "type": "Feature", "properties": { "NAME_1": "Veracruz", "NAME_2": "José Azueta" }, "geometry": { "type": "Polygon", "coordinates": [ [ [ -95.881736755370994, 18.177709579467798 ], [ -95.833717346191406, 18.1956481933594 ], [ -95.811950683593693, 18.174728393554702 ], [ -95.800941467285199, 18.1758518218994 ], [ -95.726287841796804, 18.233121871948399 ], [ -95.759185791015597, 18.245389938354499 ], [ -95.705856323242202, 18.268020629882901 ], [ -95.740760803222699, 18.344100952148501 ], [ -95.7386474609375, 18.3836383819581 ], [ -95.718017578124901, 18.4021301269532 ], [ -95.652046203613295, 18.435489654541001 ], [ -95.651756286621094, 18.414342880248999 ], [ -95.626892089843807, 18.370969772338899 ], [ -95.624015808105497, 18.334379196167099 ], [ -95.591140747070298, 18.297489166259801 ], [ -95.613265991210895, 18.263719558715898 ], [ -95.678352355957003, 18.221679687500099 ], [ -95.683166503906193, 18.145959854126001 ], [ -95.638748168945298, 18.126960754394499 ], [ -95.647430419921804, 18.104469299316399 ], [ -95.610916137695298, 18.074640274047901 ], [ -95.615951538085895, 18.022342681884702 ], [ -95.653846740722699, 18.006690979003999 ], [ -95.664047241210895, 17.989910125732401 ], [ -95.698440551757798, 17.984390258789102 ], [ -95.740379333496094, 18.001831054687401 ], [ -95.759567260742102, 17.9924201965332 ], [ -95.8386611938475, 18.008680343627901 ], [ -95.840988159179702, 18.049730300903398 ], [ -95.865722656249901, 18.1492099761963 ], [ -95.881736755370994, 18.177709579467798 ] ] ] } },
{ "type": "Feature", "properties": { "NAME_1": "Veracruz", "NAME_2": "Juan Rodríguez Clara" }, "geometry": { "type": "Polygon", "coordinates": [ [ [ -95.191078186035099, 17.977119445800799 ], [ -95.182937622070298, 17.955890655517599 ], [ -95.214317321777301, 17.901060104370199 ], [ -95.222198486328097, 17.834230422973601 ], [ -95.239891052246094, 17.807819366455099 ], [ -95.240997314453097, 17.7105007171632 ], [ -95.278152465820298, 17.7339801788331 ], [ -95.295120239257798, 17.7365398406982 ], [ -95.358810424804702, 17.686830520629901 ], [ -95.440277099609304, 17.673139572143501 ], [ -95.436012268066307, 17.7547397613525 ], [ -95.442436218261705, 17.7930011749269 ], [ -95.471305847167898, 17.843410491943501 ], [ -95.499938964843807, 17.867200851440501 ], [ -95.514427185058594, 17.8997707366943 ], [ -95.498947143554602, 17.975070953369102 ], [ -95.471702575683594, 17.993761062622099 ], [ -95.466247558593594, 18.020771026611399 ], [ -95.448013305664006, 18.045810699462901 ], [ -95.468132019042898, 18.056760787963899 ], [ -95.476150512695298, 18.121789932251001 ], [ -95.427848815917997, 18.149381637573399 ], [ -95.401878356933494, 18.152299880981499 ], [ -95.387619018554702, 18.168970108032202 ], [ -95.354919433593693, 18.135631561279201 ], [ -95.318168640136705, 18.127170562744201 ], [ -95.313209533691406, 18.117660522460898 ], [ -95.296318054199205, 18.1167812347413 ], [ -95.273139953613295, 18.099079132080099 ], [ -95.234863281249901, 18.0153484344482 ], [ -95.219436645507699, 17.997699737548899 ], [ -95.193412780761705, 17.986530303955099 ], [ -95.191078186035099, 17.977119445800799 ] ] ] } },
{ "type": "Feature", "properties": { "NAME_1": "Veracruz", "NAME_2": "Juchique de Ferrer" }, "geometry": { "type": "Polygon", "coordinates": [ [ [ -96.765380859375, 19.741569519043001 ], [ -96.730567932128906, 19.767879486084102 ], [ -96.731903076171903, 19.801099777221701 ], [ -96.672599792480497, 19.841020584106499 ], [ -96.652046203613196, 19.838569641113398 ], [ -96.637306213378906, 19.877559661865298 ], [ -96.575897216796903, 19.838718414306602 ], [ -96.546485900878906, 19.785850524902401 ], [ -96.567321777343807, 19.7553405761719 ], [ -96.585983276367202, 19.7551498413087 ], [ -96.609992980956903, 19.7352409362794 ], [ -96.671333312988295, 19.705760955810501 ], [ -96.683982849120994, 19.726640701294102 ], [ -96.711669921875, 19.738561630249102 ], [ -96.755538940429702, 19.7276706695557 ], [ -96.765380859375, 19.741569519043001 ] ] ] } },
{ "type": "Feature", "properties": { "NAME_1": "Veracruz", "NAME_2": "La Antigua" }, "geometry": { "type": "GeometryCollection", "geometries": [ { "type": "Polygon", "coordinates": [ [ [ -98.342910766601406, 22.158920288085898 ], [ -98.321678161621094, 22.1434001922607 ], [ -98.3282470703125, 22.1095695495607 ], [ -98.339157104492102, 22.105319976806701 ], [ -98.374046325683594, 22.114089965820298 ], [ -98.333381652832003, 22.1202125549318 ], [ -98.342910766601406, 22.158920288085898 ] ] ] }, { "type": "Polygon", "coordinates": [ [ [ -96.302146911620994, 19.272119522094801 ], [ -96.374008178710895, 19.371580123901499 ], [ -96.372009277343807, 19.406129837036101 ], [ -96.322326660156193, 19.4145832061768 ], [ -96.306808471679602, 19.372638702392599 ], [ -96.306861877441406, 19.340116500854599 ], [ -96.289024353027301, 19.310138702392699 ], [ -96.294860839843693, 19.309305191040199 ], [ -96.303749084472599, 19.313749313354499 ], [ -96.312080383300795, 19.315416336059702 ], [ -96.314025878906193, 19.3148612976075 ], [ -96.295135498046903, 19.307083129882798 ], [ -96.282081604003807, 19.307638168335 ], [ -96.227363586425696, 19.264585494995199 ], [ -96.193191528320298, 19.251359939575298 ], [ -96.203826904296903, 19.230939865112301 ], [ -96.215042114257798, 19.226198196411101 ], [ -96.269050598144403, 19.2770900726318 ], [ -96.302146911620994, 19.272119522094801 ] ] ] } ] } },
{ "type": "Feature", "properties": { "NAME_1": "Veracruz", "NAME_2": "La Perla" }, "geometry": { "type": "Polygon", "coordinates": [ [ [ -97.030197143554702, 18.910081863403398 ], [ -97.048057556152301, 18.900949478149499 ], [ -97.058349609375, 18.905149459838899 ], [ -97.114082336425696, 18.971870422363398 ], [ -97.133552551269503, 18.946620941162202 ], [ -97.147880554199205, 18.887180328369102 ], [ -97.163017272949205, 18.909519195556701 ], [ -97.170036315917997, 18.942281723022599 ], [ -97.168556213378807, 19.0672626495362 ], [ -97.148498535156193, 19.0636100769043 ], [ -97.103202819824205, 19.076950073242301 ], [ -97.074707031249901, 18.991069793701101 ], [ -97.034309387207003, 18.9427299499512 ], [ -97.030197143554702, 18.910081863403398 ] ] ] } },
{ "type": "Feature", "properties": { "NAME_1": "Veracruz", "NAME_2": "Landero y Coss" }, "geometry": { "type": "Polygon", "coordinates": [ [ [ -96.839813232421804, 19.763170242309599 ], [ -96.853576660156193, 19.803800582885899 ], [ -96.809516906738295, 19.815900802612301 ], [ -96.779258728027301, 19.801389694213899 ], [ -96.800888061523395, 19.7633476257325 ], [ -96.839813232421804, 19.763170242309599 ] ] ] } },
{ "type": "Feature", "properties": { "NAME_1": "Veracruz", "NAME_2": "Las Choapas" }, "geometry": { "type": "Polygon", "coordinates": [ [ [ -93.873916625976605, 17.1514282226563 ], [ -94.174491882324205, 17.168369293213001 ], [ -94.174201965332003, 17.1926593780518 ], [ -94.162147521972699, 17.1927795410156 ], [ -94.159690856933494, 17.200250625610401 ], [ -94.183288574218807, 17.214370727539102 ], [ -94.187980651855497, 17.2451705932618 ], [ -94.242660522460895, 17.262649536132901 ], [ -94.212989807128807, 17.288171768188501 ], [ -94.227737426757798, 17.364652633666999 ], [ -94.213783264160099, 17.4049606323243 ], [ -94.238822937011705, 17.419958114624102 ], [ -94.260246276855497, 17.454130172729599 ], [ -94.26700592041, 17.5311603546143 ], [ -94.245002746582003, 17.542089462280401 ], [ -94.228401184082003, 17.561630249023398 ], [ -94.178657531738196, 17.5643310546875 ], [ -94.148323059082003, 17.591640472412202 ], [ -94.156448364257798, 17.601301193237301 ], [ -94.172348022460895, 17.599750518798899 ], [ -94.180686950683494, 17.6078395843506 ], [ -94.170928955078097, 17.6350612640381 ], [ -94.195808410644503, 17.6562099456787 ], [ -94.211563110351506, 17.658710479736399 ], [ -94.199752807617102, 17.6833095550537 ], [ -94.235237121582003, 17.727390289306701 ], [ -94.237052917480398, 17.7505493164063 ], [ -94.226158142089801, 17.7742595672607 ], [ -94.2410888671875, 17.783800125122099 ], [ -94.216018676757798, 17.8297805786132 ], [ -94.236701965332003, 17.9004211425781 ], [ -94.209060668945298, 17.957229614257798 ], [ -94.199195861816307, 18.042049407958999 ], [ -94.173667907714801, 18.083482742309702 ], [ -94.099716186523395, 18.071411132812599 ], [ -94.094535827636705, 18.0287094116212 ], [ -94.0711669921875, 17.965959548950298 ], [ -94.071678161620994, 17.944351196289102 ], [ -94.081779479980398, 17.933599472046001 ], [ -94.071609497070298, 17.934461593627901 ], [ -94.079437255859403, 17.878780364990199 ], [ -94.056297302246094, 17.842269897461001 ], [ -93.962776184082003, 17.805360794067401 ], [ -93.932502746582003, 17.7417926788331 ], [ -93.872802734375, 17.7342529296875 ], [ -93.855781555175696, 17.7122116088868 ], [ -93.769729614257798, 17.682302474975501 ], [ -93.738136291503906, 17.656419754028398 ], [ -93.693550109863196, 17.538700103759801 ], [ -93.686988830566406, 17.490779876708999 ], [ -93.701705932617202, 17.452699661255 ], [ -93.686531066894503, 17.404689788818501 ], [ -93.683921813964801, 17.359899520874102 ], [ -93.609413146972599, 17.339082717895501 ], [ -93.627952575683594, 17.321601867675799 ], [ -93.6956787109375, 17.285341262817401 ], [ -93.758636474609403, 17.228061676025501 ], [ -93.846359252929702, 17.1887912750244 ], [ -93.873916625976605, 17.1514282226563 ] ] ] } },
{ "type": "Feature", "properties": { "NAME_1": "Veracruz", "NAME_2": "Las Minas" }, "geometry": { "type": "Polygon", "coordinates": [ [ [ -97.077766418456903, 19.707281112671001 ], [ -97.115562438964801, 19.7221794128418 ], [ -97.047531127929602, 19.762308120727699 ], [ -97.064750671386705, 19.7092895507812 ], [ -97.077766418456903, 19.707281112671001 ] ] ] } },
{ "type": "Feature", "properties": { "NAME_1": "Veracruz", "NAME_2": "Las Vigas de Ramírez" }, "geometry": { "type": "Polygon", "coordinates": [ [ [ -97.106819152832003, 19.648839950561499 ], [ -97.091873168945298, 19.657220840454201 ], [ -97.089607238769503, 19.6745204925537 ], [ -97.078887939453097, 19.6845111846925 ], [ -97.077766418456903, 19.707281112671001 ], [ -97.049667358398395, 19.701509475708001 ], [ -96.991493225097699, 19.730300903320298 ], [ -96.971290588378906, 19.7118225097656 ], [ -96.990882873535099, 19.669612884521499 ], [ -97.006080627441406, 19.661199569702099 ], [ -97.020256042480398, 19.636430740356602 ], [ -97.047126770019503, 19.6404628753663 ], [ -97.071578979492202, 19.623001098632901 ], [ -97.106819152832003, 19.648839950561499 ] ] ] } },
{ "type": "Feature", "properties": { "NAME_1": "Veracruz", "NAME_2": "Lerdo de Tejada" }, "geometry": { "type": "Polygon", "coordinates": [ [ [ -95.492256164550696, 18.625791549682699 ], [ -95.527969360351605, 18.6037406921387 ], [ -95.616630554199205, 18.639738082885899 ], [ -95.621940612792997, 18.6933097839357 ], [ -95.604316711425696, 18.690248489379801 ], [ -95.604148864745994, 18.676099777221701 ], [ -95.599662780761705, 18.6687908172607 ], [ -95.601669311523295, 18.679170608520501 ], [ -95.589836120605398, 18.675132751464801 ], [ -95.599571228027202, 18.6878890991212 ], [ -95.585105895996094, 18.68217086792 ], [ -95.600517272949205, 18.701271057128899 ], [ -95.587974548339801, 18.721805572509801 ], [ -95.482635498046804, 18.712083816528398 ], [ -95.471206665038906, 18.639820098876999 ], [ -95.492256164550696, 18.625791549682699 ] ] ] } },
{ "type": "Feature", "properties": { "NAME_1": "Veracruz", "NAME_2": "Los Reyes" }, "geometry": { "type": "Polygon", "coordinates": [ [ [ -96.971687316894503, 18.608631134033299 ], [ -96.994766235351506, 18.652240753173899 ], [ -96.988121032714702, 18.6622009277344 ], [ -96.961807250976605, 18.669719696044901 ], [ -96.950691223144503, 18.687820434570401 ], [ -96.927307128906193, 18.672409057617301 ], [ -96.925827026367102, 18.653970718383899 ], [ -96.940429687499901, 18.617929458618299 ], [ -96.956771850585895, 18.627830505371001 ], [ -96.971687316894503, 18.608631134033299 ] ] ] } },
{ "type": "Feature", "properties": { "NAME_1": "Veracruz", "NAME_2": "Magdalena" }, "geometry": { "type": "Polygon", "coordinates": [ [ [ -96.890670776367202, 18.762252807617301 ], [ -96.932312011718693, 18.747531890869102 ], [ -96.976127624511705, 18.763999938964801 ], [ -96.939315795898395, 18.799699783325298 ], [ -96.890670776367202, 18.762252807617301 ] ] ] } },
{ "type": "Feature", "properties": { "NAME_1": "Veracruz", "NAME_2": "Maltrata" }, "geometry": { "type": "Polygon", "coordinates": [ [ [ -97.220481872558594, 18.882970809936499 ], [ -97.202880859374901, 18.911920547485401 ], [ -97.170036315917997, 18.942281723022599 ], [ -97.163017272949205, 18.909519195556701 ], [ -97.146980285644503, 18.887540817260899 ], [ -97.160026550292997, 18.8707008361818 ], [ -97.169357299804702, 18.823999404907202 ], [ -97.184371948242102, 18.826431274414102 ], [ -97.198867797851506, 18.860010147094702 ], [ -97.220481872558594, 18.882970809936499 ] ] ] } },
{ "type": "Feature", "properties": { "NAME_1": "Veracruz", "NAME_2": "Manlio Fabio Altamirano" }, "geometry": { "type": "Polygon", "coordinates": [ [ [ -96.286247253417997, 19.069389343261701 ], [ -96.312812805175696, 19.086788177490298 ], [ -96.359352111816307, 19.082519531250099 ], [ -96.392608642578097, 19.1372795104981 ], [ -96.420059204101605, 19.1433506011963 ], [ -96.428810119628906, 19.163579940795898 ], [ -96.362663269042997, 19.221981048583999 ], [ -96.307907104492202, 19.228469848632798 ], [ -96.279777526855497, 19.201538085937599 ], [ -96.234626770019403, 19.193170547485501 ], [ -96.200431823730497, 19.147672653198399 ], [ -96.160507202148395, 19.141931533813501 ], [ -96.189582824707003, 19.104049682617301 ], [ -96.202590942382798, 19.1073303222656 ], [ -96.222389221191307, 19.098770141601602 ], [ -96.244659423828097, 19.1215000152588 ], [ -96.263229370117102, 19.120590209961001 ], [ -96.283477783203097, 19.093769073486399 ], [ -96.286247253417997, 19.069389343261701 ] ] ] } },
{ "type": "Feature", "properties": { "NAME_1": "Veracruz", "NAME_2": "Mariano Escobedo" }, "geometry": { "type": "Polygon", "coordinates": [ [ [ -97.013687133789105, 18.876270294189499 ], [ -97.037117004394503, 18.872800827026399 ], [ -97.052696228027301, 18.859260559082099 ], [ -97.083869934081903, 18.911132812500099 ], [ -97.074432373046804, 18.917411804199201 ], [ -97.048057556152301, 18.900949478149499 ], [ -97.022727966308494, 18.909109115600501 ], [ -97.004806518554602, 18.888801574706999 ], [ -97.013687133789105, 18.876270294189499 ] ] ] } },
{ "type": "Feature", "properties": { "NAME_1": "Veracruz", "NAME_2": "Martínez de la Torre" }, "geometry": { "type": "Polygon", "coordinates": [ [ [ -97.046646118164006, 20.076179504394599 ], [ -97.097938537597699, 20.1601085662843 ], [ -97.086906433105398, 20.174900054931701 ], [ -97.089302062988196, 20.1851406097412 ], [ -97.188430786132798, 20.2228298187257 ], [ -97.256530761718807, 20.237180709838999 ], [ -97.224128723144503, 20.249591827392599 ], [ -97.198211669921804, 20.275180816650401 ], [ -97.167259216308594, 20.263950347900401 ], [ -97.092597961425795, 20.261489868164102 ], [ -97.086479187011705, 20.253299713134901 ], [ -97.096588134765597, 20.238630294799901 ], [ -97.089820861816406, 20.235240936279201 ], [ -97.067947387695199, 20.254739761352599 ], [ -97.023727416992202, 20.2471828460694 ], [ -96.976036071777301, 20.207830429077099 ], [ -96.929443359374901, 20.199110031127901 ], [ -96.878898620605398, 20.225139617919901 ], [ -96.849540710449205, 20.2163600921632 ], [ -96.823677062988196, 20.218669891357401 ], [ -96.7928466796875, 20.1981506347656 ], [ -96.805206298827997, 20.181711196899499 ], [ -96.822830200195298, 20.201631546020501 ], [ -96.832336425781193, 20.200910568237401 ], [ -96.823455810546903, 20.158470153808501 ], [ -96.841445922851406, 20.143938064575298 ], [ -96.861289978027301, 20.151559829711999 ], [ -96.888290405273395, 20.1427116394044 ], [ -96.930847167968807, 20.094671249389801 ], [ -96.917671203613295, 20.058879852295 ], [ -96.880447387695298, 20.003391265869201 ], [ -96.880760192871094, 19.975400924682699 ], [ -96.896072387695298, 19.977098464965898 ], [ -96.925636291503807, 19.998010635376001 ], [ -96.972526550292997, 20.008640289306602 ], [ -97.021728515625, 20.0767402648925 ], [ -97.046646118164006, 20.076179504394599 ] ] ] } },
{ "type": "Feature", "properties": { "NAME_1": "Veracruz", "NAME_2": "Mecatlán" }, "geometry": { "type": "Polygon", "coordinates": [ [ [ -97.578239440917898, 20.203729629516602 ], [ -97.642036437988196, 20.220581054687599 ], [ -97.657661437988196, 20.231861114501999 ], [ -97.666122436523395, 20.246799468994201 ], [ -97.654907226562401, 20.255491256713999 ], [ -97.643119812011705, 20.2918796539307 ], [ -97.624267578125, 20.2859497070313 ], [ -97.612670898437401, 20.269130706787202 ], [ -97.560043334960895, 20.270969390869102 ], [ -97.563507080078097, 20.2252807617188 ], [ -97.578239440917898, 20.203729629516602 ] ] ] } },
{ "type": "Feature", "properties": { "NAME_1": "Veracruz", "NAME_2": "Mecayapan" }, "geometry": { "type": "Polygon", "coordinates": [ [ [ -94.673225402832003, 18.343471527099702 ], [ -94.689781188964801, 18.303449630737401 ], [ -94.750808715820298, 18.259992599487401 ], [ -94.749549865722599, 18.228990554809702 ], [ -94.783279418945298, 18.185930252075099 ], [ -94.782058715820298, 18.141170501708899 ], [ -94.764480590820298, 18.1160106658937 ], [ -94.834526062011705, 18.1426696777344 ], [ -94.866836547851506, 18.188011169433601 ], [ -94.876815795898395, 18.248500823974702 ], [ -94.904586791992202, 18.277570724487401 ], [ -94.847427368164105, 18.2987384796143 ], [ -94.806266784667997, 18.3253898620607 ], [ -94.780426025390597, 18.358049392700199 ], [ -94.775901794433594, 18.377101898193299 ], [ -94.777397155761705, 18.397518157958899 ], [ -94.804527282714801, 18.3950004577638 ], [ -94.767143249511705, 18.4418048858643 ], [ -94.743751525878906, 18.4226379394531 ], [ -94.745414733886705, 18.411527633666999 ], [ -94.730697631835895, 18.3865261077881 ], [ -94.673225402832003, 18.343471527099702 ] ] ] } },
{ "type": "Feature", "properties": { "NAME_1": "Veracruz", "NAME_2": "Medellín" }, "geometry": { "type": "Polygon", "coordinates": [ [ [ -96.061492919921903, 19.0152893066407 ], [ -96.119827270507798, 18.978330612182699 ], [ -96.138313293457003, 18.979209899902301 ], [ -96.158691406249901, 18.9946002960206 ], [ -96.159149169921903, 19.045211791992202 ], [ -96.177757263183494, 19.060960769653398 ], [ -96.197517395019503, 19.1047897338868 ], [ -96.184280395507798, 19.107379913330199 ], [ -96.164451599121094, 19.137701034546001 ], [ -96.145889282226605, 19.151060104370199 ], [ -96.133460998535199, 19.179252624511701 ], [ -96.119583129882798, 19.168680191040099 ], [ -96.117279052734403, 19.131040573120199 ], [ -96.0999755859375, 19.1023635864257 ], [ -96.109863281249901, 19.0995826721193 ], [ -96.115692138671804, 19.094028472900501 ], [ -96.100135803222599, 19.0995826721193 ], [ -96.061492919921903, 19.0152893066407 ] ] ] } },
{ "type": "Feature", "properties": { "NAME_1": "Veracruz", "NAME_2": "Mihuatlán" }, "geometry": { "type": "Polygon", "coordinates": [ [ [ -96.794982910156193, 19.699579238891701 ], [ -96.806655883789105, 19.6944675445557 ], [ -96.822586059570298, 19.701658248901399 ], [ -96.831077575683594, 19.7239685058593 ], [ -96.851531982421804, 19.740959167480501 ], [ -96.839813232421804, 19.763170242309599 ], [ -96.807601928710895, 19.761350631713899 ], [ -96.807380676269503, 19.7298908233644 ], [ -96.785263061523395, 19.714830398559702 ], [ -96.794982910156193, 19.699579238891701 ] ] ] } },
{ "type": "Feature", "properties": { "NAME_1": "Veracruz", "NAME_2": "Minatitlán" }, "geometry": { "type": "Polygon", "coordinates": [ [ [ -94.448181152343693, 17.943170547485401 ], [ -94.399398803710895, 17.877098083496001 ], [ -94.380203247070199, 17.8694381713868 ], [ -94.356117248535199, 17.840429306030199 ], [ -94.300537109374901, 17.835300445556701 ], [ -94.282188415527301, 17.824480056762798 ], [ -94.216972351074205, 17.8390102386475 ], [ -94.224967956542997, 17.805189132690401 ], [ -94.2410888671875, 17.783800125122099 ], [ -94.226158142089801, 17.7742595672607 ], [ -94.237052917480398, 17.7505493164063 ], [ -94.235237121582003, 17.727390289306701 ], [ -94.201347351074205, 17.6879997253418 ], [ -94.209518432617202, 17.6556205749512 ], [ -94.195808410644503, 17.6562099456787 ], [ -94.169616699218693, 17.632400512695298 ], [ -94.180686950683494, 17.6078395843506 ], [ -94.172348022460895, 17.599750518798899 ], [ -94.156448364257798, 17.601301193237301 ], [ -94.148323059082003, 17.591640472412202 ], [ -94.178657531738196, 17.5643310546875 ], [ -94.228401184082003, 17.561630249023398 ], [ -94.245002746582003, 17.542089462280401 ], [ -94.264389038085895, 17.533929824829201 ], [ -94.265426635742202, 17.4786701202394 ], [ -94.260246276855497, 17.454130172729599 ], [ -94.238822937011705, 17.419958114624102 ], [ -94.213783264160099, 17.4049606323243 ], [ -94.227737426757798, 17.364652633666999 ], [ -94.212989807128807, 17.288171768188501 ], [ -94.242660522460895, 17.262649536132901 ], [ -94.187980651855497, 17.2451705932618 ], [ -94.183288574218807, 17.214370727539102 ], [ -94.159690856933494, 17.200250625610401 ], [ -94.162147521972699, 17.1927795410156 ], [ -94.174201965332003, 17.1926593780518 ], [ -94.174491882324205, 17.168369293213001 ], [ -94.596397399902301, 17.193710327148398 ], [ -94.612716674804702, 17.255090713501001 ], [ -94.592651367187401, 17.3331108093262 ], [ -94.601486206054702, 17.359340667724599 ], [ -94.546859741210895, 17.430049896240298 ], [ -94.513236999511705, 17.454980850219801 ], [ -94.527832031249901, 17.53955078125 ], [ -94.491470336914006, 17.6279411315918 ], [ -94.497009277343693, 17.644231796264702 ], [ -94.538513183593594, 17.6710395812988 ], [ -94.582489013671903, 17.660121917724599 ], [ -94.619651794433494, 17.716222763061602 ], [ -94.611763000488295, 17.770452499389599 ], [ -94.577857971191406, 17.807319641113299 ], [ -94.563919067382798, 17.8568210601807 ], [ -94.575828552246094, 17.911390304565401 ], [ -94.559196472167898, 17.972499847412202 ], [ -94.583137512207003, 18.034549713134702 ], [ -94.491569519042898, 18.0041103363037 ], [ -94.491340637207003, 17.993719100952301 ], [ -94.471527099609403, 17.979539871215898 ], [ -94.448181152343693, 17.943170547485401 ] ] ] } },
{ "type": "Feature", "properties": { "NAME_1": "Veracruz", "NAME_2": "Misantla" }, "geometry": { "type": "Polygon", "coordinates": [ [ [ -96.809516906738295, 19.815900802612301 ], [ -96.8094482421875, 19.8590698242188 ], [ -96.824966430664105, 19.882350921631001 ], [ -96.833473205566406, 19.9196395874025 ], [ -96.878860473632798, 19.970760345458999 ], [ -96.880447387695298, 20.003391265869201 ], [ -96.931198120117202, 20.088180541992202 ], [ -96.888290405273395, 20.1427116394044 ], [ -96.861289978027301, 20.151559829711999 ], [ -96.841445922851406, 20.143938064575298 ], [ -96.828361511230398, 20.1492195129394 ], [ -96.836036682128906, 20.125829696655298 ], [ -96.834365844726506, 20.0589294433594 ], [ -96.811828613281193, 20.027429580688601 ], [ -96.783821105957003, 20.016300201416001 ], [ -96.777938842773395, 19.992759704589801 ], [ -96.760246276855497, 19.983100891113299 ], [ -96.757026672363196, 19.991041183471701 ], [ -96.737716674804702, 19.991371154785298 ], [ -96.715858459472699, 20.016620635986399 ], [ -96.698020935058594, 20.023799896240298 ], [ -96.696968078613196, 20.017461776733299 ], [ -96.686111450195298, 19.9239902496338 ], [ -96.699401855468807, 19.898731231689599 ], [ -96.736846923828097, 19.8715705871582 ], [ -96.763153076171804, 19.807079315185501 ], [ -96.779258728027301, 19.801389694213899 ], [ -96.809516906738295, 19.815900802612301 ] ] ] } },
{ "type": "Feature", "properties": { "NAME_1": "Veracruz", "NAME_2": "Mixtla de Altamirano" }, "geometry": { "type": "Polygon", "coordinates": [ [ [ -96.876441955566307, 18.5624103546144 ], [ -96.975006103515597, 18.5411605834962 ], [ -96.981002807617202, 18.5571098327638 ], [ -96.971755981445298, 18.5702209472656 ], [ -96.941017150878906, 18.5699691772462 ], [ -96.928382873535199, 18.597141265869201 ], [ -96.915199279785199, 18.600900650024499 ], [ -96.890083312988196, 18.5979804992675 ], [ -96.888107299804702, 18.5765991210938 ], [ -96.876441955566307, 18.5624103546144 ] ] ] } },
{ "type": "Feature", "properties": { "NAME_1": "Veracruz", "NAME_2": "Moloacán" }, "geometry": { "type": "Polygon", "coordinates": [ [ [ -94.448181152343693, 17.943170547485401 ], [ -94.415817260742202, 17.961219787597699 ], [ -94.358261108398395, 18.0371799468994 ], [ -94.308326721191406, 18.084760665893501 ], [ -94.173667907714801, 18.083482742309702 ], [ -94.199195861816307, 18.042049407958999 ], [ -94.209060668945298, 17.957229614257798 ], [ -94.236701965332003, 17.9004211425781 ], [ -94.218246459960895, 17.841459274291999 ], [ -94.282188415527301, 17.824480056762798 ], [ -94.300537109374901, 17.835300445556701 ], [ -94.356117248535199, 17.840429306030199 ], [ -94.380203247070199, 17.8694381713868 ], [ -94.399398803710895, 17.877098083496001 ], [ -94.448181152343693, 17.943170547485401 ] ] ] } },
{ "type": "Feature", "properties": { "NAME_1": "Veracruz", "NAME_2": "Naolinco" }, "geometry": { "type": "Polygon", "coordinates": [ [ [ -96.764877319335895, 19.656660079956101 ], [ -96.740692138671903, 19.606870651245099 ], [ -96.750961303710895, 19.588830947876001 ], [ -96.765586853027301, 19.5947494506837 ], [ -96.789787292480497, 19.635889053344801 ], [ -96.851829528808494, 19.6716403961182 ], [ -96.852333068847699, 19.689680099487401 ], [ -96.827476501464801, 19.709720611572401 ], [ -96.810516357421804, 19.695360183715898 ], [ -96.794982910156193, 19.699579238891701 ], [ -96.764877319335895, 19.656660079956101 ] ] ] } },
{ "type": "Feature", "properties": { "NAME_1": "Veracruz", "NAME_2": "Naranjal" }, "geometry": { "type": "Polygon", "coordinates": [ [ [ -96.902786254882798, 18.820619583129901 ], [ -96.877555847167898, 18.83616065979 ], [ -96.848663330078097, 18.8136501312256 ], [ -96.850646972656193, 18.800460815429702 ], [ -96.877937316894503, 18.768310546875099 ], [ -96.890792846679702, 18.774999618530401 ], [ -96.902786254882798, 18.820619583129901 ] ] ] } },
{ "type": "Feature", "properties": { "NAME_1": "Veracruz", "NAME_2": "Nautla" }, "geometry": { "type": "Polygon", "coordinates": [ [ [ -96.687919616699205, 20.134027481079201 ], [ -96.6768798828125, 20.122360229492301 ], [ -96.689453125, 20.091030120849702 ], [ -96.698020935058594, 20.023799896240298 ], [ -96.721382141113196, 20.013231277465799 ], [ -96.7418212890625, 19.989089965820298 ], [ -96.757026672363196, 19.991041183471701 ], [ -96.760246276855497, 19.983100891113299 ], [ -96.777938842773395, 19.992759704589801 ], [ -96.783821105957003, 20.016300201416001 ], [ -96.811828613281193, 20.027429580688601 ], [ -96.834365844726506, 20.0589294433594 ], [ -96.836036682128906, 20.125829696655298 ], [ -96.822532653808494, 20.164421081543001 ], [ -96.832336425781193, 20.200910568237401 ], [ -96.822830200195298, 20.201631546020501 ], [ -96.805206298827997, 20.181711196899499 ], [ -96.781593322753906, 20.219251632690501 ], [ -96.771858215332003, 20.2216205596925 ], [ -96.718475341796903, 20.174861907958999 ], [ -96.712638854980497, 20.1679172515869 ], [ -96.717086791992102, 20.1618041992188 ], [ -96.710418701171903, 20.1634731292725 ], [ -96.687919616699205, 20.134027481079201 ] ] ] } },
{ "type": "Feature", "properties": { "NAME_1": "Veracruz", "NAME_2": "Nogales" }, "geometry": { "type": "Polygon", "coordinates": [ [ [ -97.090660095214801, 18.779689788818501 ], [ -97.098236083984304, 18.798019409179702 ], [ -97.115997314453097, 18.8043403625488 ], [ -97.126396179199205, 18.797649383545 ], [ -97.120132446289105, 18.778419494628999 ], [ -97.138282775878906, 18.780559539794901 ], [ -97.201110839843807, 18.818250656128001 ], [ -97.199516296386705, 18.838069915771602 ], [ -97.190551757812401, 18.844430923461999 ], [ -97.182037353515597, 18.8238506317138 ], [ -97.169357299804702, 18.823999404907202 ], [ -97.160026550292997, 18.8707008361818 ], [ -97.146980285644503, 18.887540817260899 ], [ -97.078109741210895, 18.818719863891701 ], [ -97.052749633789006, 18.807380676269599 ], [ -97.090660095214801, 18.779689788818501 ] ] ] } },
{ "type": "Feature", "properties": { "NAME_1": "Veracruz", "NAME_2": "Oluta" }, "geometry": { "type": "Polygon", "coordinates": [ [ [ -94.89599609375, 17.9605312347413 ], [ -94.877410888671903, 17.9143810272218 ], [ -94.913917541503906, 17.891530990600501 ], [ -94.928176879882798, 17.862188339233398 ], [ -94.982398986816406, 17.909070968628001 ], [ -94.950119018554602, 17.944530487060501 ], [ -94.89599609375, 17.9605312347413 ] ] ] } },
{ "type": "Feature", "properties": { "NAME_1": "Veracruz", "NAME_2": "Omealca" }, "geometry": { "type": "Polygon", "coordinates": [ [ [ -96.589797973632798, 18.7423801422119 ], [ -96.654602050781193, 18.705850601196399 ], [ -96.730293273925795, 18.724990844726602 ], [ -96.837692260742102, 18.705539703369102 ], [ -96.853950500488295, 18.744239807128899 ], [ -96.877937316894503, 18.768310546875099 ], [ -96.826477050781094, 18.769330978393601 ], [ -96.735733032226605, 18.752809524536101 ], [ -96.714675903320298, 18.762031555175799 ], [ -96.710708618164105, 18.777250289916999 ], [ -96.634040832519503, 18.778640747070401 ], [ -96.582122802734304, 18.758520126342798 ], [ -96.589797973632798, 18.7423801422119 ] ] ] } },
{ "type": "Feature", "properties": { "NAME_1": "Veracruz", "NAME_2": "Orizaba" }, "geometry": { "type": "Polygon", "coordinates": [ [ [ -97.046516418457003, 18.8218898773194 ], [ -97.056716918945298, 18.854051589965898 ], [ -97.040176391601506, 18.871231079101602 ], [ -97.013687133789105, 18.876270294189499 ], [ -96.992240905761705, 18.846750259399499 ], [ -97.024986267089801, 18.823778152465799 ], [ -97.046516418457003, 18.8218898773194 ] ] ] } },
{ "type": "Feature", "properties": { "NAME_1": "Veracruz", "NAME_2": "Otatitlán" }, "geometry": { "type": "Polygon", "coordinates": [ [ [ -96.081886291503906, 18.219730377197401 ], [ -96.061347961425795, 18.255092620849599 ], [ -96.0325927734375, 18.271980285644499 ], [ -96.010208129882798, 18.2718296051025 ], [ -95.990913391113295, 18.2822780609131 ], [ -95.976547241210895, 18.2743911743163 ], [ -95.977333068847699, 18.207090377807699 ], [ -96.030326843261705, 18.200321197509801 ], [ -96.081886291503906, 18.219730377197401 ] ] ] } },
{ "type": "Feature", "properties": { "NAME_1": "Veracruz", "NAME_2": "Oteapan" }, "geometry": { "type": "Polygon", "coordinates": [ [ [ -94.783287048339801, 17.951799392700298 ], [ -94.764671325683594, 18.0176506042481 ], [ -94.723686218261705, 18.006830215453999 ], [ -94.668380737304602, 18.008350372314499 ], [ -94.703056335449205, 17.9704399108888 ], [ -94.783287048339801, 17.951799392700298 ] ] ] } },
{ "type": "Feature", "properties": { "NAME_1": "Veracruz", "NAME_2": "Ozuluama" }, "geometry": { "type": "Polygon", "coordinates": [ [ [ -97.646804809570298, 21.608533859253001 ], [ -97.655242919921903, 21.618009567260799 ], [ -97.654022216796903, 21.605360031127901 ], [ -97.672492980957003, 21.591161727905401 ], [ -97.693946838378906, 21.5977783203125 ], [ -97.718849182128906, 21.5895404815675 ], [ -97.722862243652301, 21.561599731445401 ], [ -97.714248657226406, 21.550359725952301 ], [ -97.755638122558494, 21.505121231079102 ], [ -97.772590637207003, 21.5088119506837 ], [ -97.780242919921804, 21.493150711059599 ], [ -97.798446655273395, 21.4964199066162 ], [ -97.868980407714801, 21.452489852905298 ], [ -97.908836364746094, 21.439121246338001 ], [ -97.949752807617202, 21.4341926574706 ], [ -97.968063354492202, 21.439500808715799 ], [ -97.983749389648395, 21.461349487304801 ], [ -97.991737365722599, 21.503467559814499 ], [ -97.993621826171903, 21.6109294891357 ], [ -98.025856018066406, 21.632879257202202 ], [ -98.032867431640597, 21.649419784545898 ], [ -98.066696166992102, 21.662700653076101 ], [ -98.118942260742202, 21.651529312133899 ], [ -98.144271850585895, 21.6704006195068 ], [ -98.145317077636705, 21.6861896514893 ], [ -98.155113220214801, 21.695499420166001 ], [ -98.156661987304702, 21.730302810669102 ], [ -98.127746582031193, 21.790670394897599 ], [ -98.129928588867102, 21.8341808319093 ], [ -98.106292724609304, 21.8459281921387 ], [ -98.095146179199105, 21.866579055786101 ], [ -98.123001098632798, 21.929981231689499 ], [ -98.109062194824205, 21.936851501465 ], [ -98.101112365722699, 21.958259582519499 ], [ -98.026252746582003, 21.953428268432599 ], [ -98.002159118652301, 21.961309432983398 ], [ -97.987579345703097, 21.942529678344801 ], [ -97.939071655273395, 21.963111877441499 ], [ -97.900871276855398, 21.9362106323243 ], [ -97.888526916503906, 21.935119628906399 ], [ -97.861633300781193, 21.9491710662843 ], [ -97.836952209472599, 21.945608139038001 ], [ -97.811759948730497, 21.978490829467798 ], [ -97.800903320312401, 21.977661132812599 ], [ -97.787071228027301, 21.957511901855501 ], [ -97.792030334472699, 21.919439315796001 ], [ -97.728836059570298, 21.920801162719801 ], [ -97.712226867675696, 21.888301849365298 ], [ -97.710807800292898, 21.8409729003906 ], [ -97.722915649414006, 21.8293056488037 ], [ -97.706802368164006, 21.803749084472599 ], [ -97.707641601562401, 21.790971755981602 ], [ -97.697082519531094, 21.7831935882569 ], [ -97.702079772949205, 21.774583816528398 ], [ -97.691528320312401, 21.7406959533693 ], [ -97.695137023925795, 21.712085723877099 ], [ -97.680419921875, 21.6620826721193 ], [ -97.663475036621094, 21.632917404174901 ], [ -97.647361755370994, 21.6273612976075 ], [ -97.649024963378906, 21.620136260986399 ], [ -97.643753051757798, 21.626249313354499 ], [ -97.646804809570298, 21.608533859253001 ] ] ] } },
{ "type": "Feature", "properties": { "NAME_1": "Veracruz", "NAME_2": "Pajapan" }, "geometry": { "type": "Polygon", "coordinates": [ [ [ -94.604682922363196, 18.085760116577099 ], [ -94.656005859374901, 18.101539611816499 ], [ -94.719436645507798, 18.083820343017599 ], [ -94.746307373046804, 18.0652599334718 ], [ -94.760108947753906, 18.085239410400501 ], [ -94.760757446289105, 18.1106395721437 ], [ -94.782058715820298, 18.141170501708899 ], [ -94.783279418945298, 18.185930252075099 ], [ -94.749549865722599, 18.228990554809702 ], [ -94.750808715820298, 18.259992599487401 ], [ -94.689781188964801, 18.303449630737401 ], [ -94.673225402832003, 18.343471527099702 ], [ -94.663192749023395, 18.3384723663331 ], [ -94.656524658203097, 18.309583663940501 ], [ -94.623191833495994, 18.288194656372099 ], [ -94.625694274902301, 18.256526947021602 ], [ -94.60986328125, 18.209583282470799 ], [ -94.582107543945298, 18.182083129882798 ], [ -94.596649169921903, 18.1686496734619 ], [ -94.624511718749901, 18.1998596191406 ], [ -94.637481689453097, 18.193332672119201 ], [ -94.626502990722599, 18.1646709442138 ], [ -94.637428283691406, 18.164569854736399 ], [ -94.630676269531193, 18.127559661865298 ], [ -94.586456298828097, 18.0889606475831 ], [ -94.604682922363196, 18.085760116577099 ] ] ] } },
{ "type": "Feature", "properties": { "NAME_1": "Veracruz", "NAME_2": "Pánuco" }, "geometry": { "type": "Polygon", "coordinates": [ [ [ -98.028526306152301, 22.076248168945401 ], [ -98.038726806640597, 22.053501129150501 ], [ -98.062072753906193, 22.0476608276368 ], [ -98.051727294921804, 22.007419586181602 ], [ -98.058876037597599, 21.991029739379901 ], [ -98.070556640625, 21.986629486083999 ], [ -98.094963073730497, 21.994569778442401 ], [ -98.104438781738295, 21.9880809783937 ], [ -98.101387023925795, 21.955970764160199 ], [ -98.124076843261705, 21.923130035400401 ], [ -98.095146179199105, 21.866579055786101 ], [ -98.106292724609304, 21.8459281921387 ], [ -98.129928588867102, 21.8341808319093 ], [ -98.127746582031193, 21.790670394897599 ], [ -98.156661987304702, 21.730302810669102 ], [ -98.154266357421804, 21.7035007476807 ], [ -98.185791015625, 21.6921405792237 ], [ -98.196037292480398, 21.7439994812012 ], [ -98.209686279296903, 21.761150360107401 ], [ -98.198593139648395, 21.779260635376001 ], [ -98.207252502441406, 21.799079895019599 ], [ -98.330467224121094, 21.832960128784201 ], [ -98.382896423339801, 21.9161701202393 ], [ -98.420509338378807, 21.895080566406399 ], [ -98.453727722167898, 21.848100662231399 ], [ -98.458786010742202, 21.828130722045898 ], [ -98.466156005859403, 21.8455600738525 ], [ -98.518722534179702, 21.8392009735107 ], [ -98.542648315429702, 21.865850448608501 ], [ -98.548545837402301, 21.890230178833001 ], [ -98.535636901855398, 21.907712936401399 ], [ -98.550941467285199, 21.921789169311499 ], [ -98.541282653808594, 21.929700851440501 ], [ -98.534736633300795, 21.905899047851602 ], [ -98.527061462402301, 21.907060623168999 ], [ -98.520759582519503, 21.932001113891602 ], [ -98.534332275390597, 21.943548202514599 ], [ -98.573165893554702, 21.941659927368299 ], [ -98.588226318359403, 21.9554882049562 ], [ -98.583496093749901, 21.970209121704201 ], [ -98.495910644531193, 21.9605617523194 ], [ -98.4686279296875, 21.9774494171143 ], [ -98.470329284667997, 22.075410842895501 ], [ -98.477867126464801, 22.088209152221701 ], [ -98.4490966796875, 22.111991882324201 ], [ -98.401252746582003, 22.123928070068398 ], [ -98.3453369140625, 22.106061935424801 ], [ -98.3282470703125, 22.1095695495607 ], [ -98.321678161621094, 22.1434001922607 ], [ -98.363151550292997, 22.178310394287099 ], [ -98.374588012695298, 22.233350753784201 ], [ -98.389846801757798, 22.264377593994201 ], [ -98.439056396484403, 22.295211791992301 ], [ -98.571876525878807, 22.328720092773501 ], [ -98.691192626952997, 22.3325595855713 ], [ -98.706550598144503, 22.3472995758057 ], [ -98.711471557617102, 22.3731594085694 ], [ -98.680931091308594, 22.382331848144599 ], [ -98.640426635742102, 22.411090850830199 ], [ -98.595527648925696, 22.408269882202301 ], [ -98.474403381347599, 22.420000076294102 ], [ -98.423316955566406, 22.4102497100831 ], [ -98.404281616210895, 22.3908805847169 ], [ -98.384666442870994, 22.396921157836999 ], [ -98.378532409667997, 22.374891281128001 ], [ -98.366889953613295, 22.3713703155519 ], [ -98.295127868652301, 22.393978118896399 ], [ -98.307426452636705, 22.4167499542237 ], [ -98.291946411132798, 22.442991256713999 ], [ -98.255241394042898, 22.440670013427798 ], [ -98.223648071289105, 22.453660964965799 ], [ -98.190422058105497, 22.453710556030401 ], [ -98.161338806152301, 22.405300140380898 ], [ -98.115402221679702, 22.390869140625 ], [ -98.052581787109304, 22.346290588378999 ], [ -98.005012512207003, 22.344070434570401 ], [ -97.963058471679602, 22.312751770019599 ], [ -97.946456909179602, 22.2941493988038 ], [ -97.933647155761705, 22.2582111358643 ], [ -97.880187988281094, 22.202939987182599 ], [ -97.996498107910199, 22.1876316070557 ], [ -98.011917114257798, 22.165161132812599 ], [ -98.000785827636705, 22.147569656372099 ], [ -98.006668090820298, 22.134140014648398 ], [ -98.023651123046903, 22.123390197753999 ], [ -98.050827026367202, 22.1260795593262 ], [ -98.032302856445298, 22.107011795044102 ], [ -98.031997680664006, 22.093261718750099 ], [ -98.062088012695298, 22.1001300811768 ], [ -98.071083068847599, 22.094312667846701 ], [ -98.028526306152301, 22.076248168945401 ] ] ] } },
{ "type": "Feature", "properties": { "NAME_1": "Veracruz", "NAME_2": "Papantla" }, "geometry": { "type": "Polygon", "coordinates": [ [ [ -97.435119628906193, 20.418619155883899 ], [ -97.416152954101605, 20.483829498291001 ], [ -97.416908264160199, 20.515991210937599 ], [ -97.406150817871094, 20.518369674682599 ], [ -97.395507812499901, 20.5341510772706 ], [ -97.401420593261705, 20.557340621948299 ], [ -97.393882751464801, 20.580022811889702 ], [ -97.403907775878807, 20.598270416259801 ], [ -97.382659912109304, 20.6291313171387 ], [ -97.358757019042997, 20.625869750976602 ], [ -97.316116333007798, 20.600629806518601 ], [ -97.309516906738295, 20.576320648193398 ], [ -97.294036865234304, 20.596361160278398 ], [ -97.245903015136605, 20.5948200225831 ], [ -97.214607238769503, 20.626340866088899 ], [ -97.172966003417997, 20.6002407073975 ], [ -97.119026184082003, 20.587083816528398 ], [ -97.101028442382798, 20.567361831665099 ], [ -97.109786987304602, 20.526481628418001 ], [ -97.101806640625, 20.494699478149499 ], [ -97.124076843261705, 20.432630538940501 ], [ -97.117446899414105, 20.378330230712901 ], [ -97.161605834960895, 20.307020187377901 ], [ -97.227470397949205, 20.247991561889702 ], [ -97.256530761718807, 20.237180709838999 ], [ -97.357749938964801, 20.278160095214901 ], [ -97.286026000976506, 20.291858673095799 ], [ -97.283737182617102, 20.373989105224702 ], [ -97.354278564453097, 20.375909805298001 ], [ -97.404869079589801, 20.409490585327099 ], [ -97.435119628906193, 20.418619155883899 ] ] ] } },
{ "type": "Feature", "properties": { "NAME_1": "Veracruz", "NAME_2": "Paso de Ovejas" }, "geometry": { "type": "Polygon", "coordinates": [ [ [ -96.429626464843693, 19.161119461059702 ], [ -96.460510253906193, 19.161340713501101 ], [ -96.511779785156193, 19.147180557251101 ], [ -96.537277221679702, 19.205070495605501 ], [ -96.478309631347699, 19.2518596649169 ], [ -96.410575866699105, 19.325691223144599 ], [ -96.363731384277301, 19.358640670776499 ], [ -96.302146911620994, 19.272119522094801 ], [ -96.297782897949205, 19.247970581054702 ], [ -96.307907104492202, 19.228469848632798 ], [ -96.364509582519503, 19.2209796905518 ], [ -96.429626464843693, 19.161119461059702 ] ] ] } },
{ "type": "Feature", "properties": { "NAME_1": "Veracruz", "NAME_2": "Paso del Macho" }, "geometry": { "type": "Polygon", "coordinates": [ [ [ -96.748321533203097, 18.996990203857401 ], [ -96.723182678222599, 19.0347194671631 ], [ -96.622810363769503, 19.027191162109499 ], [ -96.607040405273395, 19.000181198120199 ], [ -96.577171325683494, 18.9804210662843 ], [ -96.578712463378807, 18.950759887695298 ], [ -96.612297058105497, 18.897550582885799 ], [ -96.655342102050795, 18.891162872314499 ], [ -96.7100830078125, 18.938640594482401 ], [ -96.748321533203097, 18.996990203857401 ] ] ] } },
{ "type": "Feature", "properties": { "NAME_1": "Veracruz", "NAME_2": "Perote" }, "geometry": { "type": "Polygon", "coordinates": [ [ [ -97.294227600097599, 19.435071945190501 ], [ -97.316146850585895, 19.456539154052798 ], [ -97.295318603515597, 19.488500595092901 ], [ -97.293975830078097, 19.508529663086001 ], [ -97.349266052245994, 19.621658325195401 ], [ -97.344398498535099, 19.645572662353601 ], [ -97.326110839843807, 19.6461200714112 ], [ -97.312896728515597, 19.6662902832032 ], [ -97.277000427246094, 19.658819198608501 ], [ -97.201705932617202, 19.667770385742202 ], [ -97.156570434570298, 19.6369323730469 ], [ -97.106819152832003, 19.648839950561499 ], [ -97.069221496582003, 19.622770309448299 ], [ -97.047126770019503, 19.6404628753663 ], [ -97.017662048339801, 19.635780334472699 ], [ -97.037696838378807, 19.586900711059599 ], [ -97.125907897949205, 19.4387607574463 ], [ -97.149353027343693, 19.3807811737062 ], [ -97.238555908202997, 19.400041580200298 ], [ -97.294227600097599, 19.435071945190501 ] ] ] } },
{ "type": "Feature", "properties": { "NAME_1": "Veracruz", "NAME_2": "Platón Sánchez" }, "geometry": { "type": "Polygon", "coordinates": [ [ [ -98.424842834472699, 21.296199798583999 ], [ -98.46337890625, 21.353830337524499 ], [ -98.488006591796903, 21.359420776367202 ], [ -98.500282287597699, 21.4002704620362 ], [ -98.424423217773395, 21.418069839477699 ], [ -98.406501770019503, 21.425561904907202 ], [ -98.402893066406193, 21.435670852661101 ], [ -98.394561767578097, 21.429531097412202 ], [ -98.378883361816406, 21.434730529785199 ], [ -98.391822814941307, 21.403802871704201 ], [ -98.385620117187401, 21.391809463500898 ], [ -98.374107360839801, 21.391799926757798 ], [ -98.363296508789006, 21.379341125488398 ], [ -98.367050170898395, 21.3436298370362 ], [ -98.381370544433594, 21.3377990722656 ], [ -98.368637084960895, 21.3294410705568 ], [ -98.366203308105497, 21.3179607391357 ], [ -98.376373291015597, 21.321939468383899 ], [ -98.378799438476605, 21.313980102539102 ], [ -98.364982604980497, 21.3065605163575 ], [ -98.341636657714801, 21.319721221923899 ], [ -98.3294677734375, 21.307279586791999 ], [ -98.3209228515625, 21.3111381530763 ], [ -98.302177429199205, 21.303340911865298 ], [ -98.288246154785099, 21.286859512329201 ], [ -98.283943176269503, 21.261720657348601 ], [ -98.271636962890597, 21.2524700164794 ], [ -98.270278930664105, 21.217550277710099 ], [ -98.289466857910199, 21.218999862671001 ], [ -98.337669372558594, 21.2600612640382 ], [ -98.363533020019503, 21.263999938964801 ], [ -98.388626098632798, 21.295690536499102 ], [ -98.424842834472699, 21.296199798583999 ] ] ] } },
{ "type": "Feature", "properties": { "NAME_1": "Veracruz", "NAME_2": "Playa Vicente" }, "geometry": { "type": "Polygon", "coordinates": [ [ [ -95.440277099609304, 17.673139572143501 ], [ -95.489952087402301, 17.6599311828613 ], [ -95.609878540039105, 17.579362869262798 ], [ -95.667358398437401, 17.567569732666101 ], [ -95.739723205566406, 17.569761276245099 ], [ -95.774742126464801, 17.547611236572301 ], [ -95.819412231445298, 17.557849884033299 ], [ -95.853240966796804, 17.569770812988398 ], [ -95.869361877441307, 17.590179443359499 ], [ -95.896125793457003, 17.6645393371582 ], [ -95.940048217773395, 17.739711761474599 ], [ -95.932861328124901, 17.7819328308106 ], [ -95.946662902832003, 17.8118705749512 ], [ -95.917709350585895, 17.837970733642599 ], [ -95.878059387207003, 17.936508178711001 ], [ -95.845642089843807, 17.9792709350587 ], [ -95.8386611938475, 18.008680343627901 ], [ -95.759567260742102, 17.9924201965332 ], [ -95.740379333496094, 18.001831054687401 ], [ -95.679077148437401, 17.9745101928712 ], [ -95.670776367187401, 17.962280273437599 ], [ -95.633071899414105, 17.953250885009901 ], [ -95.570747375488196, 17.971279144287099 ], [ -95.528289794921903, 17.959680557251101 ], [ -95.501220703124901, 17.976980209350501 ], [ -95.501007080078097, 17.941219329834102 ], [ -95.513893127441406, 17.895299911499102 ], [ -95.497222900390597, 17.863410949706999 ], [ -95.471305847167898, 17.843410491943501 ], [ -95.442436218261705, 17.7930011749269 ], [ -95.436012268066307, 17.7547397613525 ], [ -95.440277099609304, 17.673139572143501 ] ] ] } },
{ "type": "Feature", "properties": { "NAME_1": "Veracruz", "NAME_2": "Poza Rica de Hidalgo" }, "geometry": { "type": "Polygon", "coordinates": [ [ [ -97.415359497070298, 20.5186996459962 ], [ -97.452476501464801, 20.5352897644043 ], [ -97.439025878906193, 20.565690994262798 ], [ -97.403907775878807, 20.598270416259801 ], [ -97.393882751464801, 20.580022811889702 ], [ -97.401420593261705, 20.557340621948299 ], [ -97.395507812499901, 20.5341510772706 ], [ -97.406150817871094, 20.518369674682599 ], [ -97.415359497070298, 20.5186996459962 ] ] ] } },
{ "type": "Feature", "properties": { "NAME_1": "Veracruz", "NAME_2": "Progreso de Zaragoza" }, "geometry": { "type": "Polygon", "coordinates": [ [ [ -97.666122436523395, 20.246799468994201 ], [ -97.694976806640597, 20.255069732666001 ], [ -97.707366943359304, 20.3260726928712 ], [ -97.674446105957003, 20.331592559814499 ], [ -97.651077270507798, 20.320480346679702 ], [ -97.644378662109403, 20.2841701507568 ], [ -97.654907226562401, 20.255491256713999 ], [ -97.666122436523395, 20.246799468994201 ] ] ] } },
{ "type": "Feature", "properties": { "NAME_1": "Veracruz", "NAME_2": "Pueblo Viejo" }, "geometry": { "type": "GeometryCollection", "geometries": [ { "type": "Polygon", "coordinates": [ [ [ -97.880187988281094, 22.202939987182599 ], [ -97.864738464355398, 22.197040557861399 ], [ -97.848487854003906, 22.203111648559599 ], [ -97.793197631835895, 22.249610900878999 ], [ -97.784858703613295, 22.1639003753663 ], [ -97.823455810546903, 22.15731048584 ], [ -97.929702758789105, 22.083740234374901 ], [ -98.018196105957003, 22.071519851684599 ], [ -98.070861816406193, 22.091779708862401 ], [ -98.062088012695298, 22.1001300811768 ], [ -98.031997680664006, 22.093261718750099 ], [ -98.032302856445298, 22.107011795044102 ], [ -98.050827026367202, 22.1260795593262 ], [ -98.023651123046903, 22.123390197753999 ], [ -98.006668090820298, 22.134140014648398 ], [ -98.000785827636705, 22.147569656372099 ], [ -98.011917114257798, 22.165161132812599 ], [ -97.993240356445298, 22.190099716186602 ], [ -97.880187988281094, 22.202939987182599 ] ] ] }, { "type": "Polygon", "coordinates": [ [ [ -96.048316955566406, 18.539382934570298 ], [ -96.057373046875, 18.564939498901399 ], [ -96.026306152343693, 18.568571090698299 ], [ -96.000862121582003, 18.561029434204201 ], [ -96.001213073730497, 18.5695896148682 ], [ -96.039726257324205, 18.583450317382798 ], [ -96.033226013183594, 18.596530914306701 ], [ -96.017456054687401, 18.596031188964801 ], [ -95.986473083495994, 18.575410842895501 ], [ -95.964622497558494, 18.5850105285644 ], [ -95.942962646484304, 18.647880554199201 ], [ -95.922447204589801, 18.6503295898437 ], [ -95.912940979003807, 18.7062683105469 ], [ -95.904571533203097, 18.711349487304801 ], [ -95.903869628906193, 18.674650192260899 ], [ -95.919868469238295, 18.643039703369102 ], [ -95.932395935058494, 18.643110275268601 ], [ -95.937232971191307, 18.611810684204201 ], [ -95.916076660156193, 18.6142101287843 ], [ -95.9097061157225, 18.658670425415099 ], [ -95.887336730957003, 18.663200378418001 ], [ -95.881019592285199, 18.619018554687599 ], [ -95.865615844726506, 18.597450256347798 ], [ -95.875740051269503, 18.5966911315918 ], [ -95.880218505859304, 18.608251571655298 ], [ -95.890686035156193, 18.611589431762798 ], [ -95.896507263183594, 18.654350280761701 ], [ -95.907501220703097, 18.6101894378663 ], [ -95.935890197753906, 18.5968208312988 ], [ -95.948478698730497, 18.612199783325298 ], [ -95.959671020507798, 18.578050613403398 ], [ -95.993179321289105, 18.562191009521499 ], [ -95.998878479003807, 18.529199600219801 ], [ -96.048316955566406, 18.539382934570298 ] ] ] } ] } },
{ "type": "Feature", "properties": { "NAME_1": "Veracruz", "NAME_2": "Puente Nacional" }, "geometry": { "type": "Polygon", "coordinates": [ [ [ -96.537277221679702, 19.205070495605501 ], [ -96.583602905273395, 19.1799411773682 ], [ -96.631996154785099, 19.162570953369102 ], [ -96.643768310546903, 19.165809631347699 ], [ -96.624076843261705, 19.21755027771 ], [ -96.642372131347699, 19.232460021972699 ], [ -96.607086181640597, 19.2524127960206 ], [ -96.599693298339702, 19.2704181671144 ], [ -96.528480529785199, 19.332920074462901 ], [ -96.447517395019503, 19.461780548095799 ], [ -96.426498413085895, 19.425199508667099 ], [ -96.372009277343807, 19.406129837036101 ], [ -96.374717712402202, 19.374160766601499 ], [ -96.363731384277301, 19.358640670776499 ], [ -96.410575866699105, 19.325691223144599 ], [ -96.478309631347699, 19.2518596649169 ], [ -96.537277221679702, 19.205070495605501 ] ] ] } },
{ "type": "Feature", "properties": { "NAME_1": "Veracruz", "NAME_2": "Rafael Delgado" }, "geometry": { "type": "Polygon", "coordinates": [ [ [ -96.973258972167997, 18.801771163940401 ], [ -96.999542236328097, 18.7946796417237 ], [ -97.004089355468807, 18.807460784912099 ], [ -97.049659729003906, 18.811899185180799 ], [ -97.046516418457003, 18.8218898773194 ], [ -97.024986267089801, 18.823778152465799 ], [ -96.992240905761705, 18.846750259399499 ], [ -96.980209350585795, 18.8336906433107 ], [ -96.973258972167997, 18.801771163940401 ] ] ] } },
{ "type": "Feature", "properties": { "NAME_1": "Veracruz", "NAME_2": "Rafael Lucio" }, "geometry": { "type": "Polygon", "coordinates": [ [ [ -96.880546569824105, 19.608770370483398 ], [ -96.893836975097699, 19.605712890624901 ], [ -96.933837890624901, 19.625970840454201 ], [ -96.921829223632798, 19.642789840698299 ], [ -96.920867919921804, 19.6652297973632 ], [ -96.907966613769503, 19.675310134887798 ], [ -96.881729125976605, 19.669380187988398 ], [ -96.872756958007798, 19.646631240844702 ], [ -96.884910583495994, 19.6202411651612 ], [ -96.880546569824105, 19.608770370483398 ] ] ] } },
{ "type": "Feature", "properties": { "NAME_1": "Veracruz", "NAME_2": "Río Blanco" }, "geometry": { "type": "Polygon", "coordinates": [ [ [ -97.049659729003906, 18.811899185180799 ], [ -97.072082519531193, 18.814350128173899 ], [ -97.132125854492102, 18.868129730224702 ], [ -97.146980285644503, 18.887540817260899 ], [ -97.138877868652301, 18.928249359130898 ], [ -97.076202392578097, 18.849941253662099 ], [ -97.067077636718693, 18.846391677856499 ], [ -97.056716918945298, 18.854051589965898 ], [ -97.046485900878807, 18.825532913208001 ], [ -97.049659729003906, 18.811899185180799 ] ] ] } },
{ "type": "Feature", "properties": { "NAME_1": "Veracruz", "NAME_2": "Saltabarranca" }, "geometry": { "type": "Polygon", "coordinates": [ [ [ -95.495376586914105, 18.525930404663001 ], [ -95.571083068847699, 18.499330520629901 ], [ -95.603309631347699, 18.507881164550799 ], [ -95.625137329101605, 18.557050704956101 ], [ -95.615821838378906, 18.5802211761475 ], [ -95.616630554199205, 18.639738082885899 ], [ -95.527969360351605, 18.6037406921387 ], [ -95.492256164550696, 18.625791549682699 ], [ -95.487586975097599, 18.614820480346701 ], [ -95.498741149902301, 18.548152923584102 ], [ -95.495376586914105, 18.525930404663001 ] ] ] } },
{ "type": "Feature", "properties": { "NAME_1": "Veracruz", "NAME_2": "San Andrés Tenejapan" }, "geometry": { "type": "Polygon", "coordinates": [ [ [ -97.031272888183594, 18.778770446777401 ], [ -97.012062072753807, 18.7818107604982 ], [ -96.98779296875, 18.7996006011963 ], [ -96.946586608886705, 18.7979412078857 ], [ -96.951416015625, 18.783630371093899 ], [ -96.978080749511705, 18.763120651245199 ], [ -97.013412475585895, 18.763851165771499 ], [ -97.031272888183594, 18.778770446777401 ] ] ] } },
{ "type": "Feature", "properties": { "NAME_1": "Veracruz", "NAME_2": "San Andrés Tuxtla" }, "geometry": { "type": "GeometryCollection", "geometries": [ { "type": "Polygon", "coordinates": [ [ [ -95.290069580078097, 18.7137680053712 ], [ -95.251251220703097, 18.702917098998999 ], [ -95.181526184082003, 18.707361221313601 ], [ -95.177360534667898, 18.692916870117202 ], [ -95.14013671875, 18.672359466552699 ], [ -95.130973815917997, 18.674303054809599 ], [ -95.122642517089702, 18.653194427490298 ], [ -95.098747253417997, 18.642084121704201 ], [ -95.084587097167898, 18.644859313964801 ], [ -95.077362060546903, 18.6256942749025 ], [ -95.064857482910199, 18.622360229492202 ], [ -95.059303283691307, 18.604858398437599 ], [ -95.049308776855497, 18.600139617919901 ], [ -95.047080993652301, 18.579584121704201 ], [ -94.994857788085895, 18.558483123779201 ], [ -95.017150878906193, 18.551509857177798 ], [ -95.016731262207003, 18.530691146850501 ], [ -95.066047668457003, 18.479530334472699 ], [ -95.180961608886705, 18.4020080566406 ], [ -95.194808959960895, 18.367031097412099 ], [ -95.197875976562401, 18.3025207519532 ], [ -95.210258483886705, 18.267650604248001 ], [ -95.273376464843807, 18.237039566040199 ], [ -95.359275817871094, 18.223382949829102 ], [ -95.410392761230497, 18.1821804046632 ], [ -95.369102478027301, 18.268339157104499 ], [ -95.342613220214801, 18.351921081543001 ], [ -95.291007995605497, 18.354911804199201 ], [ -95.254417419433494, 18.343191146850501 ], [ -95.227691650390597, 18.350280761718899 ], [ -95.238616943359403, 18.396690368652301 ], [ -95.264007568359403, 18.400241851806602 ], [ -95.296722412109403, 18.461360931396602 ], [ -95.346588134765597, 18.5042228698731 ], [ -95.329216003417997, 18.532831192016701 ], [ -95.314079284667997, 18.5400295257568 ], [ -95.315116882324205, 18.5477695465087 ], [ -95.365936279296903, 18.580930709838899 ], [ -95.316017150878807, 18.632881164550799 ], [ -95.290069580078097, 18.7137680053712 ] ] ] }, { "type": "Polygon", "coordinates": [ [ [ -95.205696105957003, 18.710138320922901 ], [ -95.205696105957003, 18.7087497711181 ], [ -95.204582214355497, 18.7079162597657 ], [ -95.207084655761705, 18.709028244018501 ], [ -95.205696105957003, 18.710138320922901 ] ] ] } ] } },
{ "type": "Feature", "properties": { "NAME_1": "Veracruz", "NAME_2": "San Juan Evangelista" }, "geometry": { "type": "Polygon", "coordinates": [ [ [ -95.221672058105497, 17.697050094604499 ], [ -95.240997314453097, 17.7105007171632 ], [ -95.241203308105497, 17.7995109558107 ], [ -95.222198486328097, 17.834230422973601 ], [ -95.214317321777301, 17.901060104370199 ], [ -95.182937622070298, 17.955890655517599 ], [ -95.191078186035099, 17.977119445800799 ], [ -95.113327026367202, 17.9654006958007 ], [ -95.0894775390625, 17.9734001159669 ], [ -95.031066894531193, 17.911779403686499 ], [ -95.026847839355497, 17.872562408447401 ], [ -95.043922424316406, 17.838792800903299 ], [ -95.040786743164006, 17.812740325927699 ], [ -95.101036071777301, 17.739650726318501 ], [ -95.133682250976506, 17.748041152954102 ], [ -95.178413391113196, 17.737890243530298 ], [ -95.206069946289006, 17.7234592437744 ], [ -95.208221435546903, 17.704780578613299 ], [ -95.221672058105497, 17.697050094604499 ] ] ] } },
{ "type": "Feature", "properties": { "NAME_1": "Veracruz", "NAME_2": "Santiago Tuxtla" }, "geometry": { "type": "Polygon", "coordinates": [ [ [ -95.410392761230497, 18.1821804046632 ], [ -95.450386047363196, 18.211530685424901 ], [ -95.481246948242202, 18.2635612487794 ], [ -95.499526977539006, 18.2670707702637 ], [ -95.518142700195298, 18.254938125610501 ], [ -95.534782409667898, 18.2648105621338 ], [ -95.531768798827997, 18.3133010864257 ], [ -95.551902770996094, 18.336402893066399 ], [ -95.550720214843693, 18.3579196929932 ], [ -95.587570190429702, 18.426958084106499 ], [ -95.565086364746094, 18.4339694976807 ], [ -95.571083068847699, 18.499330520629901 ], [ -95.535148620605497, 18.516660690307699 ], [ -95.480216979980497, 18.526430130004901 ], [ -95.406349182128807, 18.518899917602599 ], [ -95.369026184082003, 18.499719619751001 ], [ -95.346588134765597, 18.5042228698731 ], [ -95.296722412109403, 18.461360931396602 ], [ -95.264007568359403, 18.400241851806602 ], [ -95.237136840820298, 18.3937702178956 ], [ -95.227096557617202, 18.360021591186499 ], [ -95.230796813964801, 18.3472709655762 ], [ -95.259483337402301, 18.3433227539063 ], [ -95.320228576660099, 18.357072830200199 ], [ -95.342613220214801, 18.351921081543001 ], [ -95.369102478027301, 18.268339157104499 ], [ -95.410392761230497, 18.1821804046632 ] ] ] } },
{ "type": "Feature", "properties": { "NAME_1": "Veracruz", "NAME_2": "Sayula de Alemán" }, "geometry": { "type": "Polygon", "coordinates": [ [ [ -94.928176879882798, 17.862188339233398 ], [ -94.929389953613196, 17.849100112915 ], [ -94.920196533203097, 17.838218688964801 ], [ -94.921913146972699, 17.8102111816406 ], [ -94.908042907714801, 17.77885055542 ], [ -94.952957153320298, 17.730699539184599 ], [ -95.024009704589801, 17.7199382781982 ], [ -95.049217224121094, 17.732200622558601 ], [ -95.101036071777301, 17.739650726318501 ], [ -95.040786743164006, 17.812740325927699 ], [ -95.043922424316406, 17.838792800903299 ], [ -95.026336669921903, 17.8831176757813 ], [ -95.032867431640597, 17.9162406921388 ], [ -95.050086975097699, 17.9374694824219 ], [ -94.992942810058494, 17.923700332641602 ], [ -94.982841491699205, 17.907039642333999 ], [ -94.928176879882798, 17.862188339233398 ] ] ] } },
{ "type": "Feature", "properties": { "NAME_1": "Veracruz", "NAME_2": "Sochiapa" }, "geometry": { "type": "Polygon", "coordinates": [ [ [ -96.902580261230398, 19.184049606323299 ], [ -96.886909484863196, 19.199710845947401 ], [ -96.866493225097599, 19.199832916259801 ], [ -96.842376708984304, 19.174640655517599 ], [ -96.847419738769503, 19.164859771728501 ], [ -96.902580261230398, 19.184049606323299 ] ] ] } },
{ "type": "Feature", "properties": { "NAME_1": "Veracruz", "NAME_2": "Soconusco" }, "geometry": { "type": "Polygon", "coordinates": [ [ [ -94.843399047851506, 18.039211273193398 ], [ -94.7952880859375, 18.045669555664201 ], [ -94.764671325683594, 18.0176506042481 ], [ -94.783287048339801, 17.951799392700298 ], [ -94.831268310546804, 17.951709747314599 ], [ -94.858512878417997, 17.9605007171631 ], [ -94.916603088378906, 17.957149505615199 ], [ -94.928146362304702, 17.972179412841701 ], [ -94.925552368164105, 17.986621856689599 ], [ -94.870277404785099, 18.015569686889599 ], [ -94.843399047851506, 18.039211273193398 ] ] ] } },
{ "type": "Feature", "properties": { "NAME_1": "Veracruz", "NAME_2": "Soledad Atzompa" }, "geometry": { "type": "Polygon", "coordinates": [ [ [ -97.168296813964801, 18.662559509277301 ], [ -97.173820495605497, 18.684030532836999 ], [ -97.157546997070298, 18.693290710449201 ], [ -97.125740051269403, 18.73637008667 ], [ -97.102508544921903, 18.740671157836999 ], [ -97.043861389160199, 18.7103996276856 ], [ -97.057220458984403, 18.6827697753906 ], [ -97.100692749023395, 18.636592864990298 ], [ -97.168296813964801, 18.662559509277301 ] ] ] } },
{ "type": "Feature", "properties": { "NAME_1": "Veracruz", "NAME_2": "Soledad de Doblado" }, "geometry": { "type": "Polygon", "coordinates": [ [ [ -96.500556945800795, 19.0590000152588 ], [ -96.505638122558494, 19.146930694580099 ], [ -96.443916320800795, 19.163551330566499 ], [ -96.429626464843693, 19.161119461059702 ], [ -96.417098999023395, 19.141201019287099 ], [ -96.392608642578097, 19.1372795104981 ], [ -96.359352111816307, 19.082519531250099 ], [ -96.312812805175696, 19.086788177490298 ], [ -96.286247253417997, 19.069389343261701 ], [ -96.293220520019503, 19.0523395538331 ], [ -96.321136474609403, 19.024990081787202 ], [ -96.322296142578097, 19.013130187988299 ], [ -96.404769897460895, 19.002540588378999 ], [ -96.456703186035099, 18.982681274414102 ], [ -96.445777893066406, 19.029830932617301 ], [ -96.500556945800795, 19.0590000152588 ] ] ] } },
{ "type": "Feature", "properties": { "NAME_1": "Veracruz", "NAME_2": "Soteapan" }, "geometry": { "type": "Polygon", "coordinates": [ [ [ -94.987998962402301, 18.269001007080099 ], [ -94.985382080078097, 18.295259475708001 ], [ -94.952438354492202, 18.327659606933601 ], [ -94.907730102539105, 18.4098606109619 ], [ -94.909973144531094, 18.4339294433594 ], [ -94.924156188964801, 18.447219848632798 ], [ -94.928260803222599, 18.466930389404201 ], [ -94.943153381347599, 18.477930068969801 ], [ -94.900619506835895, 18.546300888061602 ], [ -94.906806945800696, 18.5476379394532 ], [ -94.873748779296903, 18.548749923706101 ], [ -94.813194274902301, 18.5362472534181 ], [ -94.786804199218807, 18.505416870117202 ], [ -94.775413513183594, 18.450696945190501 ], [ -94.767143249511705, 18.4418048858643 ], [ -94.804527282714801, 18.3950004577638 ], [ -94.777397155761705, 18.397518157958899 ], [ -94.777893066406193, 18.363550186157202 ], [ -94.818519592285199, 18.3147411346437 ], [ -94.905036926269503, 18.275510787963899 ], [ -94.876815795898395, 18.248500823974702 ], [ -94.866836547851506, 18.188011169433601 ], [ -94.834526062011705, 18.1426696777344 ], [ -94.760757446289105, 18.1106395721437 ], [ -94.796676635742102, 18.042699813842798 ], [ -94.887580871582003, 18.039962768554801 ], [ -94.892669677734403, 18.065610885620199 ], [ -94.927490234374901, 18.095699310302798 ], [ -94.991081237792997, 18.194099426269499 ], [ -94.987998962402301, 18.269001007080099 ] ] ] } },
{ "type": "Feature", "properties": { "NAME_1": "Veracruz", "NAME_2": "Tamalín" }, "geometry": { "type": "Polygon", "coordinates": [ [ [ -97.762069702148395, 21.330560684204201 ], [ -97.774177551269503, 21.298669815063601 ], [ -97.806831359863196, 21.289100646972798 ], [ -97.821701049804602, 21.296409606933601 ], [ -97.782012939453097, 21.348899841308601 ], [ -97.721946716308494, 21.388360977173001 ], [ -97.681587219238295, 21.395179748535298 ], [ -97.578765869140597, 21.3918991088868 ], [ -97.567008972167997, 21.410470962524499 ], [ -97.580238342285099, 21.4379997253419 ], [ -97.621742248535, 21.478031158447401 ], [ -97.644493103027301, 21.458990097046001 ], [ -97.673233032226506, 21.4546298980713 ], [ -97.740959167480497, 21.465370178222798 ], [ -97.782287597656193, 21.4815597534181 ], [ -97.798446655273395, 21.4964199066162 ], [ -97.780242919921804, 21.493150711059599 ], [ -97.772590637207003, 21.5088119506837 ], [ -97.755638122558494, 21.505121231079102 ], [ -97.714248657226406, 21.550359725952301 ], [ -97.722862243652301, 21.561599731445401 ], [ -97.718849182128906, 21.5895404815675 ], [ -97.693946838378906, 21.5977783203125 ], [ -97.672492980957003, 21.591161727905401 ], [ -97.654022216796903, 21.605360031127901 ], [ -97.655242919921903, 21.618009567260799 ], [ -97.644859313964801, 21.607639312744102 ], [ -97.647918701171903, 21.599582672119102 ], [ -97.642639160156193, 21.602361679077202 ], [ -97.643753051757798, 21.5856952667237 ], [ -97.631248474120994, 21.558750152587798 ], [ -97.597640991210895, 21.517915725708001 ], [ -97.594306945800795, 21.495693206787202 ], [ -97.575416564941406, 21.46875 ], [ -97.546524047851605, 21.464860916137599 ], [ -97.509582519531193, 21.476528167724702 ], [ -97.490417480468693, 21.4523601531982 ], [ -97.489303588867202, 21.439027786254901 ], [ -97.492706298828097, 21.432346343994102 ], [ -97.508758544921903, 21.4546203613282 ], [ -97.535865783691406, 21.365230560302798 ], [ -97.572135925292898, 21.379489898681602 ], [ -97.667030334472599, 21.377040863037099 ], [ -97.728332519531193, 21.3665695190431 ], [ -97.762069702148395, 21.330560684204201 ] ] ] } },
{ "type": "Feature", "properties": { "NAME_1": "Veracruz", "NAME_2": "Tamiahua" }, "geometry": { "type": "GeometryCollection", "geometries": [ { "type": "Polygon", "coordinates": [ [ [ -97.703689575195298, 21.178390502929702 ], [ -97.670722961425795, 21.189741134643601 ], [ -97.643409729003906, 21.241300582885799 ], [ -97.607872009277301, 21.257970809936602 ], [ -97.590522766113196, 21.275039672851602 ], [ -97.573616027832003, 21.277940750121999 ], [ -97.567970275878906, 21.293518066406399 ], [ -97.551658630371094, 21.3038005828857 ], [ -97.547897338867102, 21.354721069336101 ], [ -97.525146484375, 21.386600494384801 ], [ -97.524917602539006, 21.409910202026399 ], [ -97.504707336425696, 21.4534702301025 ], [ -97.492706298828097, 21.432346343994102 ], [ -97.504302978515597, 21.401527404785199 ], [ -97.488746643066406, 21.343194961547901 ], [ -97.444580078125, 21.304859161377099 ], [ -97.444862365722699, 21.2740287780762 ], [ -97.433456420898395, 21.258750915527401 ], [ -97.431182861328097, 21.231880187988398 ], [ -97.424499511718693, 21.225429534912202 ], [ -97.420417785644503, 21.2310485839844 ], [ -97.398475646972599, 21.162361145019499 ], [ -97.293746948242102, 20.940210342407202 ], [ -97.304229736328097, 20.936050415039201 ], [ -97.368927001952997, 21.0046195983888 ], [ -97.364646911621094, 21.0148105621338 ], [ -97.344436645507798, 21.0198783874513 ], [ -97.361343383789105, 21.0607395172119 ], [ -97.432716369628807, 21.061599731445298 ], [ -97.457618713378906, 21.072629928588899 ], [ -97.478073120117202, 21.0601406097413 ], [ -97.521369934082003, 21.058740615844801 ], [ -97.542793273925795, 21.109817504882901 ], [ -97.572219848632798, 21.12380027771 ], [ -97.614807128906193, 21.125749588012699 ], [ -97.692138671875, 21.107931137085 ], [ -97.687927246093594, 21.131050109863299 ], [ -97.703689575195298, 21.178390502929702 ] ] ] }, { "type": "Polygon", "coordinates": [ [ [ -97.438430786132798, 21.269863128662202 ], [ -97.442085266113295, 21.274305343628001 ], [ -97.442901611328097, 21.280702590942401 ], [ -97.439712524414105, 21.274829864501999 ], [ -97.438430786132798, 21.269863128662202 ] ] ] }, { "type": "Polygon", "coordinates": [ [ [ -97.272361755371094, 21.1443061828613 ], [ -97.269027709960895, 21.142084121704201 ], [ -97.268470764160099, 21.140693664550898 ], [ -97.275138854980497, 21.143749237060501 ], [ -97.272361755371094, 21.1443061828613 ] ] ] } ] } },
{ "type": "Feature", "properties": { "NAME_1": "Veracruz", "NAME_2": "Tampico Alto" }, "geometry": { "type": "GeometryCollection", "geometries": [ { "type": "Polygon", "coordinates": [ [ [ -97.767639160156193, 22.075696945190401 ], [ -97.772087097167997, 22.083194732666101 ], [ -97.771530151367102, 22.069860458374102 ], [ -97.760971069335895, 22.06569480896 ], [ -97.767913818359304, 22.049861907959102 ], [ -97.750419616699205, 22.028194427490199 ], [ -97.731529235839801, 21.970136642456101 ], [ -97.717636108398395, 21.9534721374512 ], [ -97.724861145019503, 21.9451408386232 ], [ -97.723472595214801, 21.9234714508057 ], [ -97.702079772949205, 21.880416870117099 ], [ -97.710693359374901, 21.8409729003906 ], [ -97.709457397460895, 21.881250381469702 ], [ -97.728836059570298, 21.920801162719801 ], [ -97.792030334472699, 21.919439315796001 ], [ -97.787071228027301, 21.957511901855501 ], [ -97.800903320312401, 21.977661132812599 ], [ -97.811759948730497, 21.978490829467798 ], [ -97.836952209472599, 21.945608139038001 ], [ -97.861633300781193, 21.9491710662843 ], [ -97.893722534179602, 21.934511184692401 ], [ -97.935356140136705, 21.9628314971925 ], [ -97.987579345703097, 21.942529678344801 ], [ -98.002159118652301, 21.961309432983398 ], [ -98.026252746582003, 21.953428268432599 ], [ -98.075210571289006, 21.9532699584962 ], [ -98.101112365722699, 21.958259582519499 ], [ -98.106651306152301, 21.970020294189499 ], [ -98.098602294921903, 21.9795112609863 ], [ -98.104438781738295, 21.9880809783937 ], [ -98.099662780761705, 21.993730545044102 ], [ -98.067596435546903, 21.9863605499268 ], [ -98.058876037597599, 21.991029739379901 ], [ -98.051727294921804, 22.007419586181602 ], [ -98.062072753906193, 22.0476608276368 ], [ -98.038726806640597, 22.053501129150501 ], [ -98.028526306152301, 22.076248168945401 ], [ -98.013748168945298, 22.0714511871338 ], [ -97.9903564453125, 22.080270767211999 ], [ -97.923233032226605, 22.085939407348601 ], [ -97.823455810546903, 22.15731048584 ], [ -97.784858703613295, 22.1639003753663 ], [ -97.752357482910199, 22.060972213745199 ], [ -97.707641601562401, 21.9706935882569 ], [ -97.734077453613196, 21.999860763549901 ], [ -97.736808776855497, 22.016250610351602 ], [ -97.768196105957003, 22.080694198608398 ], [ -97.767639160156193, 22.075696945190401 ] ] ] }, { "type": "Polygon", "coordinates": [ [ [ -97.709304809570298, 21.968471527099599 ], [ -97.708473205566406, 21.966527938842901 ], [ -97.712638854980497, 21.964305877685501 ], [ -97.711524963378906, 21.967361450195401 ], [ -97.709304809570298, 21.968471527099599 ] ] ] }, { "type": "Polygon", "coordinates": [ [ [ -97.450973510742202, 21.591804504394599 ], [ -97.489585876464801, 21.632360458374102 ], [ -97.506530761718693, 21.667917251586999 ], [ -97.545417785644503, 21.699304580688501 ], [ -97.560691833495994, 21.7295837402344 ], [ -97.585975646972599, 21.742916107177798 ], [ -97.605140686035099, 21.772083282470799 ], [ -97.620697021484403, 21.779861450195401 ], [ -97.627914428710895, 21.811250686645501 ], [ -97.638191223144503, 21.822639465331999 ], [ -97.637359619140597, 21.8418064117432 ], [ -97.674308776855497, 21.9162502288818 ], [ -97.697364807128807, 21.9179172515869 ], [ -97.693191528320298, 21.946250915527301 ], [ -97.706253051757798, 21.967361450195401 ], [ -97.560691833495994, 21.764583587646499 ], [ -97.438751220703097, 21.655138015747099 ], [ -97.344306945800696, 21.58736038208 ], [ -97.3279190063475, 21.5665283203125 ], [ -97.333747863769503, 21.5476379394531 ], [ -97.329307556152301, 21.517084121704201 ], [ -97.350418090820298, 21.4554157257081 ], [ -97.414863586425696, 21.3268051147462 ], [ -97.421806335449205, 21.288194656372202 ], [ -97.417915344238196, 21.259860992431602 ], [ -97.435142517089801, 21.260694503784201 ], [ -97.442901611328097, 21.280702590942401 ], [ -97.437637329101605, 21.324583053588899 ], [ -97.449584960937401, 21.353195190429801 ], [ -97.418472290039105, 21.401805877685501 ], [ -97.423469543457003, 21.4081935882569 ], [ -97.415695190429702, 21.4118061065675 ], [ -97.417083740234304, 21.430414199829201 ], [ -97.380691528320298, 21.475694656372202 ], [ -97.379028320312401, 21.497917175293001 ], [ -97.393470764160199, 21.545139312744201 ], [ -97.446807861328097, 21.586526870727699 ], [ -97.444580078125, 21.59375 ], [ -97.450973510742202, 21.591804504394599 ] ] ] }, { "type": "Polygon", "coordinates": [ [ [ -97.610137939453097, 21.718471527099702 ], [ -97.632362365722699, 21.7406959533693 ], [ -97.653747558593807, 21.74680519104 ], [ -97.654304504394503, 21.756805419921999 ], [ -97.675971984863196, 21.772916793823299 ], [ -97.6673583984375, 21.774860382080099 ], [ -97.690414428710895, 21.8048610687256 ], [ -97.684585571289006, 21.809583663940501 ], [ -97.697364807128807, 21.8345832824707 ], [ -97.691802978515597, 21.8495826721193 ], [ -97.701805114746094, 21.862361907959102 ], [ -97.700691223144503, 21.874025344848601 ], [ -97.669860839843807, 21.821525573730501 ], [ -97.667083740234403, 21.7965297698975 ], [ -97.651527404785199, 21.7865276336669 ], [ -97.636802673339801, 21.760694503784201 ], [ -97.611808776855398, 21.745138168334901 ], [ -97.602638244628807, 21.72513961792 ], [ -97.616806030273395, 21.7379169464112 ], [ -97.610137939453097, 21.718471527099702 ] ] ] }, { "type": "Polygon", "coordinates": [ [ [ -97.664306640625, 21.809860229492202 ], [ -97.662918090820298, 21.807636260986399 ], [ -97.662918090820298, 21.805139541626001 ], [ -97.665695190429602, 21.808750152588001 ], [ -97.664306640625, 21.809860229492202 ] ] ] }, { "type": "Polygon", "coordinates": [ [ [ -97.653198242187401, 21.806249618530298 ], [ -97.651802062988295, 21.805414199829201 ], [ -97.647361755370994, 21.800416946411101 ], [ -97.658195495605497, 21.803472518921001 ], [ -97.653198242187401, 21.806249618530298 ] ] ] }, { "type": "Polygon", "coordinates": [ [ [ -97.646804809570298, 21.799861907958999 ], [ -97.634864807128906, 21.7912502288819 ], [ -97.642364501953097, 21.7818069458007 ], [ -97.643470764160099, 21.794307708740199 ], [ -97.646804809570298, 21.799861907958999 ] ] ] }, { "type": "Polygon", "coordinates": [ [ [ -97.647636413574205, 21.7965297698975 ], [ -97.6451416015625, 21.794025421142599 ], [ -97.645416259765597, 21.7931938171387 ], [ -97.648750305175795, 21.7948608398438 ], [ -97.647636413574205, 21.7965297698975 ] ] ] }, { "type": "Polygon", "coordinates": [ [ [ -97.630691528320298, 21.762638092041001 ], [ -97.616249084472699, 21.761806488037202 ], [ -97.613197326660199, 21.7595825195313 ], [ -97.611808776855398, 21.756805419921999 ], [ -97.630691528320298, 21.762638092041001 ] ] ] }, { "type": "Polygon", "coordinates": [ [ [ -97.603195190429702, 21.7151393890382 ], [ -97.590415954589801, 21.7118034362794 ], [ -97.587364196777301, 21.707361221313501 ], [ -97.605697631835895, 21.712085723877099 ], [ -97.603195190429702, 21.7151393890382 ] ] ] }, { "type": "Polygon", "coordinates": [ [ [ -97.497917175292997, 21.550693511963001 ], [ -97.510414123535099, 21.552639007568299 ], [ -97.530693054199205, 21.580972671508899 ], [ -97.488471984863295, 21.576250076293899 ], [ -97.487915039062401, 21.568195343017599 ], [ -97.518753051757798, 21.575971603393601 ], [ -97.502357482910199, 21.552360534667901 ], [ -97.489860534667997, 21.549303054809702 ], [ -97.497917175292997, 21.550693511963001 ] ] ] }, { "type": "Polygon", "coordinates": [ [ [ -97.492080688476605, 21.5590286254882 ], [ -97.489585876464801, 21.553747177124102 ], [ -97.497642517089801, 21.5568046569825 ], [ -97.496803283691307, 21.557916641235501 ], [ -97.492080688476605, 21.5590286254882 ] ] ] }, { "type": "Polygon", "coordinates": [ [ [ -97.483192443847699, 21.549585342407202 ], [ -97.482917785644503, 21.547361373901399 ], [ -97.485694885253906, 21.546249389648398 ], [ -97.485420227050795, 21.549585342407202 ], [ -97.483192443847699, 21.549585342407202 ] ] ] }, { "type": "Polygon", "coordinates": [ [ [ -97.277915954589801, 21.5459728240968 ], [ -97.275970458984403, 21.540695190429801 ], [ -97.277084350585795, 21.5379142761232 ], [ -97.278198242187401, 21.5381965637207 ], [ -97.277915954589801, 21.5459728240968 ] ] ] }, { "type": "Polygon", "coordinates": [ [ [ -97.252357482910099, 21.5159721374513 ], [ -97.250137329101605, 21.513471603393601 ], [ -97.250137329101605, 21.507917404174801 ], [ -97.253471374511705, 21.5151386260987 ], [ -97.252357482910099, 21.5159721374513 ] ] ] }, { "type": "Polygon", "coordinates": [ [ [ -97.452079772949205, 21.5143051147462 ], [ -97.450973510742202, 21.5123615264893 ], [ -97.455413818359304, 21.5098609924318 ], [ -97.454582214355497, 21.5140285491943 ], [ -97.452079772949205, 21.5143051147462 ] ] ] }, { "type": "Polygon", "coordinates": [ [ [ -97.225975036621094, 21.486249923706101 ], [ -97.219024658203097, 21.4795837402344 ], [ -97.217361450195298, 21.474861145019599 ], [ -97.217636108398395, 21.469028472900401 ], [ -97.221252441406193, 21.4659729003906 ], [ -97.218475341796903, 21.4745826721193 ], [ -97.225975036621094, 21.486249923706101 ] ] ] }, { "type": "Polygon", "coordinates": [ [ [ -97.465415954589801, 21.443750381469702 ], [ -97.419303894042997, 21.475694656372202 ], [ -97.400138854980497, 21.480138778686602 ], [ -97.4254150390625, 21.434028625488299 ], [ -97.431526184082003, 21.4043064117432 ], [ -97.456802368164105, 21.367639541626001 ], [ -97.451805114746094, 21.370695114135899 ], [ -97.454582214355497, 21.356250762939499 ], [ -97.458473205566307, 21.367916107177798 ], [ -97.469024658203097, 21.3640251159668 ], [ -97.472640991210895, 21.380695343017599 ], [ -97.467086791992202, 21.404861450195401 ], [ -97.473472595214801, 21.417917251586999 ], [ -97.464859008789006, 21.420972824096701 ], [ -97.470695495605497, 21.4234714508056 ], [ -97.482635498046903, 21.410417556762798 ], [ -97.487640380859304, 21.414863586425799 ], [ -97.486251831054702, 21.4315280914307 ], [ -97.465415954589801, 21.443750381469702 ] ] ] }, { "type": "Polygon", "coordinates": [ [ [ -97.220970153808594, 21.477638244628899 ], [ -97.224586486816406, 21.469068527221701 ], [ -97.228469848632798, 21.4670810699463 ], [ -97.231529235839801, 21.4681930541993 ], [ -97.220970153808594, 21.477638244628899 ] ] ] }, { "type": "Polygon", "coordinates": [ [ [ -97.433456420898395, 21.258750915527401 ], [ -97.419029235839801, 21.259027481079201 ], [ -97.424499511718693, 21.225429534912202 ], [ -97.434791564941307, 21.244960784912202 ], [ -97.433456420898395, 21.258750915527401 ] ] ] } ] } },
{ "type": "Feature", "properties": { "NAME_1": "Veracruz", "NAME_2": "Tancoco" }, "geometry": { "type": "Polygon", "coordinates": [ [ [ -97.814697265625, 21.194749832153398 ], [ -97.875167846679702, 21.2203598022462 ], [ -97.8922119140625, 21.214941024780298 ], [ -97.903556823730497, 21.238622665405298 ], [ -97.880012512207003, 21.2470512390138 ], [ -97.821701049804602, 21.296409606933601 ], [ -97.806831359863196, 21.289100646972798 ], [ -97.766708374023395, 21.301500320434599 ], [ -97.737579345703097, 21.281879425048899 ], [ -97.692459106445298, 21.274610519409201 ], [ -97.675918579101605, 21.278169631958001 ], [ -97.657676696777301, 21.302270889282301 ], [ -97.567970275878906, 21.293518066406399 ], [ -97.573616027832003, 21.277940750121999 ], [ -97.590522766113196, 21.275039672851602 ], [ -97.607872009277301, 21.257970809936602 ], [ -97.643409729003906, 21.241300582885799 ], [ -97.674713134765597, 21.186809539794901 ], [ -97.720336914062401, 21.177600860595799 ], [ -97.814697265625, 21.194749832153398 ] ] ] } },
{ "type": "Feature", "properties": { "NAME_1": "Veracruz", "NAME_2": "Tantima" }, "geometry": { "type": "Polygon", "coordinates": [ [ [ -97.850296020507798, 21.277570724487401 ], [ -97.846046447753807, 21.316591262817401 ], [ -97.875488281249901, 21.358169555664201 ], [ -97.883018493652301, 21.413330078125 ], [ -97.866119384765597, 21.444530487060501 ], [ -97.868980407714801, 21.452489852905298 ], [ -97.798446655273395, 21.4964199066162 ], [ -97.782287597656193, 21.4815597534181 ], [ -97.740959167480497, 21.465370178222798 ], [ -97.673233032226506, 21.4546298980713 ], [ -97.644493103027301, 21.458990097046001 ], [ -97.621742248535, 21.478031158447401 ], [ -97.575126647949205, 21.430519104003899 ], [ -97.567008972167997, 21.410470962524499 ], [ -97.578765869140597, 21.3918991088868 ], [ -97.681587219238295, 21.395179748535298 ], [ -97.721946716308494, 21.388360977173001 ], [ -97.776268005371094, 21.354150772094801 ], [ -97.824752807617102, 21.2918014526368 ], [ -97.850296020507798, 21.277570724487401 ] ] ] } },
{ "type": "Feature", "properties": { "NAME_1": "Veracruz", "NAME_2": "Tantoyuca" }, "geometry": { "type": "Polygon", "coordinates": [ [ [ -98.219688415527301, 21.199171066284201 ], [ -98.270278930664105, 21.217550277710099 ], [ -98.271636962890597, 21.2524700164794 ], [ -98.283943176269503, 21.261720657348601 ], [ -98.288246154785099, 21.286859512329201 ], [ -98.302177429199205, 21.303340911865298 ], [ -98.3209228515625, 21.3111381530763 ], [ -98.3294677734375, 21.307279586791999 ], [ -98.341636657714801, 21.319721221923899 ], [ -98.364982604980497, 21.3065605163575 ], [ -98.378799438476605, 21.313980102539102 ], [ -98.376373291015597, 21.321939468383899 ], [ -98.366203308105497, 21.3179607391357 ], [ -98.368637084960895, 21.3294410705568 ], [ -98.381370544433594, 21.3377990722656 ], [ -98.367050170898395, 21.3436298370362 ], [ -98.363296508789006, 21.379341125488398 ], [ -98.374107360839801, 21.391799926757798 ], [ -98.385620117187401, 21.391809463500898 ], [ -98.391822814941307, 21.403802871704201 ], [ -98.378883361816406, 21.434730529785199 ], [ -98.394561767578097, 21.429531097412202 ], [ -98.417427062988295, 21.439172744751001 ], [ -98.401252746582003, 21.4474105834962 ], [ -98.412635803222699, 21.463211059570401 ], [ -98.396728515625, 21.468000411987202 ], [ -98.395378112792997, 21.476528167724702 ], [ -98.417205810546903, 21.472761154174901 ], [ -98.421066284179702, 21.4788303375244 ], [ -98.277656555175696, 21.531959533691399 ], [ -98.268272399902301, 21.540880203247099 ], [ -98.255157470703097, 21.588859558105501 ], [ -98.241302490234403, 21.5883598327637 ], [ -98.223396301269503, 21.5579223632812 ], [ -98.213142395019503, 21.560230255127099 ], [ -98.1961669921875, 21.5442008972169 ], [ -98.177619934082003, 21.599420547485401 ], [ -98.155677795410099, 21.614070892333999 ], [ -98.090278625488196, 21.635129928588899 ], [ -98.100273132324205, 21.659389495849702 ], [ -98.066696166992102, 21.662700653076101 ], [ -98.032867431640597, 21.649419784545898 ], [ -98.025856018066406, 21.632879257202202 ], [ -97.993621826171903, 21.6109294891357 ], [ -97.988960266113295, 21.584421157836999 ], [ -97.996536254882699, 21.5661010742188 ], [ -98.022178649902301, 21.5564899444581 ], [ -98.031936645507798, 21.534950256347798 ], [ -98.018669128417997, 21.514551162719801 ], [ -98.021606445312401, 21.4539909362794 ], [ -98.051216125488295, 21.432060241699201 ], [ -98.068328857421804, 21.4031295776368 ], [ -98.092697143554702, 21.384410858154201 ], [ -98.081428527832003, 21.343940734863299 ], [ -98.045570373535199, 21.308460235595799 ], [ -98.065696716308594, 21.295940399169901 ], [ -98.083999633789105, 21.268590927124102 ], [ -98.103836059570298, 21.2670803070069 ], [ -98.105278015136705, 21.2592506408693 ], [ -98.033599853515597, 21.2259311676025 ], [ -97.987846374511705, 21.1697502136231 ], [ -98.026069641113196, 21.173151016235401 ], [ -98.058898925781193, 21.191890716552798 ], [ -98.108551025390597, 21.206449508667099 ], [ -98.172416687011705, 21.173730850219801 ], [ -98.188690185546804, 21.1756496429443 ], [ -98.219688415527301, 21.199171066284201 ] ] ] } },
{ "type": "Feature", "properties": { "NAME_1": "Veracruz", "NAME_2": "Tatatila" }, "geometry": { "type": "Polygon", "coordinates": [ [ [ -97.047531127929602, 19.762308120727699 ], [ -96.975860595703097, 19.805711746215799 ], [ -96.962226867675795, 19.789270401001001 ], [ -96.971450805664105, 19.7689094543457 ], [ -96.967323303222599, 19.7553405761719 ], [ -96.982681274414006, 19.734001159668001 ], [ -97.056068420410199, 19.701299667358501 ], [ -97.065170288085895, 19.715900421142599 ], [ -97.049591064453097, 19.7411308288575 ], [ -97.047531127929602, 19.762308120727699 ] ] ] } },
{ "type": "Feature", "properties": { "NAME_1": "Veracruz", "NAME_2": "Tecolutla" }, "geometry": { "type": "GeometryCollection", "geometries": [ { "type": "Polygon", "coordinates": [ [ [ -97.101028442382798, 20.567361831665099 ], [ -97.099861145019503, 20.56569480896 ], [ -97.099861145019503, 20.5629158020019 ], [ -97.100212097167997, 20.562900543213001 ], [ -97.101028442382798, 20.567361831665099 ] ] ] }, { "type": "Polygon", "coordinates": [ [ [ -96.869857788085895, 20.327640533447301 ], [ -96.761528015136605, 20.2157001495362 ], [ -96.778976440429602, 20.221410751342798 ], [ -96.797607421875, 20.198089599609499 ], [ -96.823677062988196, 20.218669891357401 ], [ -96.849540710449205, 20.2163600921632 ], [ -96.878898620605398, 20.225139617919901 ], [ -96.929443359374901, 20.199110031127901 ], [ -96.980422973632798, 20.209182739257901 ], [ -97.023727416992202, 20.2471828460694 ], [ -97.067947387695199, 20.254739761352599 ], [ -97.089820861816406, 20.235240936279201 ], [ -97.096588134765597, 20.238630294799901 ], [ -97.086479187011705, 20.253299713134901 ], [ -97.092597961425795, 20.261489868164102 ], [ -97.167259216308594, 20.263950347900401 ], [ -97.198211669921804, 20.275180816650401 ], [ -97.157531738281193, 20.3118495941163 ], [ -97.111740112304702, 20.387580871581999 ], [ -97.056259155273395, 20.3960990905762 ], [ -97.050292968749901, 20.435888290405401 ], [ -97.037292480468807, 20.457160949706999 ], [ -97.080886840820298, 20.4639797210693 ], [ -97.102020263671903, 20.485242843628001 ], [ -97.109786987304602, 20.526481628418001 ], [ -97.098472595214801, 20.563472747802798 ], [ -97.046249389648395, 20.513471603393601 ], [ -97.053749084472699, 20.512636184692401 ], [ -97.052085876464801, 20.5068054199219 ], [ -97.038475036620994, 20.5059738159181 ], [ -96.990417480468807, 20.469861984253001 ], [ -96.925140380859403, 20.3793048858643 ], [ -96.869857788085895, 20.327640533447301 ] ] ] } ] } },
{ "type": "Feature", "properties": { "NAME_1": "Veracruz", "NAME_2": "Tehuipango" }, "geometry": { "type": "Polygon", "coordinates": [ [ [ -96.880943298339801, 18.512710571289102 ], [ -96.919425964355398, 18.472969055175799 ], [ -96.944107055664105, 18.4650402069093 ], [ -96.976081848144503, 18.476890563964901 ], [ -97.008026123046804, 18.514232635498001 ], [ -96.975006103515597, 18.5411605834962 ], [ -96.876441955566307, 18.5624103546144 ], [ -96.842239379882798, 18.5318698883057 ], [ -96.880943298339801, 18.512710571289102 ] ] ] } },
{ "type": "Feature", "properties": { "NAME_1": "Veracruz", "NAME_2": "Temapache" }, "geometry": { "type": "Polygon", "coordinates": [ [ [ -97.521369934082003, 21.058740615844801 ], [ -97.548759460449205, 21.005060195922901 ], [ -97.547225952148395, 20.9874801635743 ], [ -97.472618103027301, 20.911380767822401 ], [ -97.438468933105497, 20.857500076294102 ], [ -97.442131042480398, 20.753080368042099 ], [ -97.527976989745994, 20.7895698547363 ], [ -97.555038452148395, 20.829362869262699 ], [ -97.567703247070298, 20.834831237793001 ], [ -97.582450866699105, 20.833618164062599 ], [ -97.612686157226605, 20.8131599426269 ], [ -97.639877319335895, 20.817850112915199 ], [ -97.636161804199205, 20.8300895690919 ], [ -97.641777038574205, 20.833349227905298 ], [ -97.698020935058494, 20.8049411773682 ], [ -97.702247619628906, 20.813350677490199 ], [ -97.692092895507798, 20.8443603515625 ], [ -97.705139160156193, 20.852291107177699 ], [ -97.768775939941307, 20.8372097015382 ], [ -97.820602416992202, 20.8532104492188 ], [ -97.834976196289006, 20.8089694976807 ], [ -97.867988586425795, 20.778440475463999 ], [ -97.871597290039006, 20.747310638427798 ], [ -97.903419494628906, 20.7240200042725 ], [ -97.946502685546903, 20.7666912078857 ], [ -97.963996887207003, 20.815248489379901 ], [ -97.988082885742202, 20.845359802246101 ], [ -98.020980834960895, 20.938022613525401 ], [ -97.936607360839801, 21.002090454101499 ], [ -97.884346008300795, 21.028121948242202 ], [ -97.899627685546804, 21.13450050354 ], [ -97.821823120117102, 21.089050292968899 ], [ -97.809066772460895, 21.0909309387207 ], [ -97.796066284179602, 21.107469558715799 ], [ -97.780693054199205, 21.109319686889702 ], [ -97.769416809082003, 21.083419799804702 ], [ -97.731216430664006, 21.052749633789102 ], [ -97.712341308593594, 21.0837707519531 ], [ -97.687461853027301, 21.082149505615199 ], [ -97.692138671875, 21.107931137085 ], [ -97.614807128906193, 21.125749588012699 ], [ -97.572219848632798, 21.12380027771 ], [ -97.542793273925795, 21.109817504882901 ], [ -97.521369934082003, 21.058740615844801 ] ] ] } },
{ "type": "Feature", "properties": { "NAME_1": "Veracruz", "NAME_2": "Tempoal" }, "geometry": { "type": "Polygon", "coordinates": [ [ [ -98.611778259277301, 21.580158233642599 ], [ -98.630340576171804, 21.665830612182599 ], [ -98.622116088867102, 21.699678421020501 ], [ -98.571670532226506, 21.699821472168001 ], [ -98.571868896484304, 21.728389739990298 ], [ -98.5552978515625, 21.730791091918899 ], [ -98.535285949707003, 21.720880508422901 ], [ -98.520393371582003, 21.754259109497099 ], [ -98.490959167480497, 21.758050918579102 ], [ -98.479789733886705, 21.7777404785157 ], [ -98.455558776855497, 21.780029296875099 ], [ -98.460212707519403, 21.801481246948299 ], [ -98.499465942382798, 21.825351715088001 ], [ -98.498756408691406, 21.8407707214356 ], [ -98.466156005859403, 21.8455600738525 ], [ -98.458786010742202, 21.828130722045898 ], [ -98.453727722167898, 21.848100662231399 ], [ -98.422515869140597, 21.8926010131837 ], [ -98.388076782226605, 21.9174003601075 ], [ -98.330467224121094, 21.832960128784201 ], [ -98.207252502441406, 21.799079895019599 ], [ -98.198593139648395, 21.779260635376001 ], [ -98.209686279296903, 21.761150360107401 ], [ -98.193908691406193, 21.737319946289201 ], [ -98.188499450683494, 21.693550109863299 ], [ -98.168457031249901, 21.693901062011701 ], [ -98.162635803222599, 21.705688476562599 ], [ -98.154266357421804, 21.7035007476807 ], [ -98.144271850585895, 21.6704006195068 ], [ -98.116950988769503, 21.650800704956101 ], [ -98.102890014648395, 21.657489776611399 ], [ -98.090278625488196, 21.635129928588899 ], [ -98.155677795410099, 21.614070892333999 ], [ -98.177619934082003, 21.599420547485401 ], [ -98.1961669921875, 21.5442008972169 ], [ -98.213142395019503, 21.560230255127099 ], [ -98.223396301269503, 21.5579223632812 ], [ -98.241302490234403, 21.5883598327637 ], [ -98.255157470703097, 21.588859558105501 ], [ -98.268272399902301, 21.540880203247099 ], [ -98.277656555175696, 21.531959533691399 ], [ -98.420310974121094, 21.4800701141357 ], [ -98.417205810546903, 21.472761154174901 ], [ -98.395378112792997, 21.476528167724702 ], [ -98.396728515625, 21.468000411987202 ], [ -98.412635803222699, 21.463211059570401 ], [ -98.401672363281193, 21.451950073242202 ], [ -98.417137145996094, 21.441949844360501 ], [ -98.405647277832003, 21.433689117431602 ], [ -98.406501770019503, 21.425561904907202 ], [ -98.490249633789006, 21.3993911743163 ], [ -98.509033203124901, 21.410671234130898 ], [ -98.535980224609403, 21.410989761352599 ], [ -98.541267395019503, 21.536359786987401 ], [ -98.552398681640597, 21.542299270629801 ], [ -98.587997436523395, 21.5376911163331 ], [ -98.611778259277301, 21.580158233642599 ] ] ] } },
{ "type": "Feature", "properties": { "NAME_1": "Veracruz", "NAME_2": "Tenampa" }, "geometry": { "type": "Polygon", "coordinates": [ [ [ -96.808036804199205, 19.248388290405401 ], [ -96.822799682617202, 19.217201232910199 ], [ -96.837738037109403, 19.207229614257901 ], [ -96.852516174316406, 19.208440780639702 ], [ -96.863082885742102, 19.2463397979737 ], [ -96.856788635253807, 19.2611293792725 ], [ -96.808036804199205, 19.248388290405401 ] ] ] } },
{ "type": "Feature", "properties": { "NAME_1": "Veracruz", "NAME_2": "Tenochtitlán" }, "geometry": { "type": "Polygon", "coordinates": [ [ [ -96.853576660156193, 19.803800582885899 ], [ -96.885910034179702, 19.785640716552798 ], [ -96.900299072265597, 19.766870498657301 ], [ -96.926887512207003, 19.7659606933594 ], [ -96.952896118164006, 19.751188278198399 ], [ -96.969871520995994, 19.760910034179702 ], [ -96.961791992187401, 19.7866306304932 ], [ -96.975860595703097, 19.805711746215799 ], [ -96.935333251953097, 19.820629119873001 ], [ -96.808036804199205, 19.8401699066163 ], [ -96.809516906738295, 19.815900802612301 ], [ -96.853576660156193, 19.803800582885899 ] ] ] } },
{ "type": "Feature", "properties": { "NAME_1": "Veracruz", "NAME_2": "Teocelo" }, "geometry": { "type": "Polygon", "coordinates": [ [ [ -96.905426025390597, 19.373989105224702 ], [ -96.917396545410199, 19.377820968628001 ], [ -96.923812866210895, 19.395820617675799 ], [ -96.8865966796875, 19.434101104736399 ], [ -96.851921081542898, 19.371559143066399 ], [ -96.905426025390597, 19.373989105224702 ] ] ] } },
{ "type": "Feature", "properties": { "NAME_1": "Veracruz", "NAME_2": "Tepatlaxco" }, "geometry": { "type": "Polygon", "coordinates": [ [ [ -96.748321533203097, 18.996990203857401 ], [ -96.775558471679702, 19.002599716186499 ], [ -96.784500122070298, 19.063531875610401 ], [ -96.771301269531193, 19.086729049682599 ], [ -96.723182678222599, 19.0347194671631 ], [ -96.748321533203097, 18.996990203857401 ] ] ] } },
{ "type": "Feature", "properties": { "NAME_1": "Veracruz", "NAME_2": "Tepetlán" }, "geometry": { "type": "Polygon", "coordinates": [ [ [ -96.764877319335895, 19.656660079956101 ], [ -96.730041503906193, 19.677860260009901 ], [ -96.733192443847599, 19.697240829467798 ], [ -96.755538940429702, 19.7276706695557 ], [ -96.713912963867102, 19.738981246948399 ], [ -96.680847167968594, 19.7240905761719 ], [ -96.672317504882798, 19.6951904296875 ], [ -96.685768127441406, 19.6744995117188 ], [ -96.694183349609304, 19.638910293579201 ], [ -96.724555969238295, 19.6007308959962 ], [ -96.739906311035199, 19.598699569702202 ], [ -96.764877319335895, 19.656660079956101 ] ] ] } },
{ "type": "Feature", "properties": { "NAME_1": "Veracruz", "NAME_2": "Tepetzintla" }, "geometry": { "type": "Polygon", "coordinates": [ [ [ -97.945846557617202, 21.159498214721701 ], [ -97.919242858886705, 21.2229328155518 ], [ -97.903556823730497, 21.238622665405298 ], [ -97.8922119140625, 21.214941024780298 ], [ -97.875167846679702, 21.2203598022462 ], [ -97.814697265625, 21.194749832153398 ], [ -97.783187866210895, 21.141550064086999 ], [ -97.712341308593594, 21.0837707519531 ], [ -97.731216430664006, 21.052749633789102 ], [ -97.769416809082003, 21.083419799804702 ], [ -97.780693054199205, 21.109319686889702 ], [ -97.796066284179602, 21.107469558715799 ], [ -97.809066772460895, 21.0909309387207 ], [ -97.821823120117102, 21.089050292968899 ], [ -97.945846557617202, 21.159498214721701 ] ] ] } },
{ "type": "Feature", "properties": { "NAME_1": "Veracruz", "NAME_2": "Tequila" }, "geometry": { "type": "Polygon", "coordinates": [ [ [ -97.047203063964801, 18.754102706909201 ], [ -97.028762817382798, 18.772830963134901 ], [ -96.932312011718693, 18.747531890869102 ], [ -96.877937316894503, 18.768310546875099 ], [ -96.853950500488295, 18.744239807128899 ], [ -96.837692260742102, 18.705539703369102 ], [ -96.931770324707003, 18.6733493804932 ], [ -97.047203063964801, 18.754102706909201 ] ] ] } },
{ "type": "Feature", "properties": { "NAME_1": "Veracruz", "NAME_2": "Texcatepec" }, "geometry": { "type": "Polygon", "coordinates": [ [ [ -98.308853149414006, 20.714900970459102 ], [ -98.197135925292997, 20.708719253540099 ], [ -98.238426208496094, 20.597101211547901 ], [ -98.322380065917898, 20.5541305541993 ], [ -98.367576599120994, 20.539890289306602 ], [ -98.394203186035099, 20.540870666503999 ], [ -98.408332824706903, 20.5553703308106 ], [ -98.372856140136605, 20.650560379028398 ], [ -98.352096557617202, 20.680280685424801 ], [ -98.308853149414006, 20.714900970459102 ] ] ] } },
{ "type": "Feature", "properties": { "NAME_1": "Veracruz", "NAME_2": "Texhuacán" }, "geometry": { "type": "Polygon", "coordinates": [ [ [ -96.980216979980497, 18.597330093383899 ], [ -96.958892822265597, 18.626712799072301 ], [ -96.935249328613295, 18.619018554687599 ], [ -96.883842468261705, 18.649330139160298 ], [ -96.918716430664105, 18.6007003784181 ], [ -96.928382873535199, 18.597141265869201 ], [ -96.941017150878906, 18.5699691772462 ], [ -96.966346740722599, 18.571771621704201 ], [ -96.980216979980497, 18.597330093383899 ] ] ] } },
{ "type": "Feature", "properties": { "NAME_1": "Veracruz", "NAME_2": "Texistepec" }, "geometry": { "type": "Polygon", "coordinates": [ [ [ -94.928176879882798, 17.862188339233398 ], [ -94.913917541503906, 17.891530990600501 ], [ -94.877410888671903, 17.9143810272218 ], [ -94.89599609375, 17.9605312347413 ], [ -94.783287048339801, 17.951799392700298 ], [ -94.775833129882798, 17.874082565307699 ], [ -94.755653381347599, 17.8319911956788 ], [ -94.779090881347599, 17.7929706573487 ], [ -94.778892517089801, 17.781221389770501 ], [ -94.753776550292997, 17.739078521728601 ], [ -94.952957153320298, 17.730699539184599 ], [ -94.908042907714801, 17.77885055542 ], [ -94.921913146972699, 17.8102111816406 ], [ -94.920196533203097, 17.838218688964801 ], [ -94.929389953613196, 17.849100112915 ], [ -94.928176879882798, 17.862188339233398 ] ] ] } },
{ "type": "Feature", "properties": { "NAME_1": "Veracruz", "NAME_2": "Tezonapa" }, "geometry": { "type": "Polygon", "coordinates": [ [ [ -96.790863037109403, 18.537969589233398 ], [ -96.790046691894403, 18.633640289306602 ], [ -96.806793212890597, 18.668582916259801 ], [ -96.837692260742102, 18.705539703369102 ], [ -96.737831115722699, 18.7241306304932 ], [ -96.707878112792997, 18.723030090331999 ], [ -96.654602050781193, 18.705850601196399 ], [ -96.640327453613295, 18.678211212158299 ], [ -96.571998596191307, 18.655992507934599 ], [ -96.580986022949205, 18.632869720458899 ], [ -96.594978332519503, 18.63161277771 ], [ -96.605812072753906, 18.616580963134801 ], [ -96.611122131347599, 18.582878112793001 ], [ -96.589950561523395, 18.544389724731399 ], [ -96.630760192870994, 18.451959609985501 ], [ -96.648506164550696, 18.429378509521499 ], [ -96.649726867675696, 18.441959381103501 ], [ -96.698806762695298, 18.494300842285099 ], [ -96.732292175292997, 18.5170307159425 ], [ -96.790863037109403, 18.537969589233398 ] ] ] } },
{ "type": "Feature", "properties": { "NAME_1": "Veracruz", "NAME_2": "Tierra Blanca" }, "geometry": { "type": "Polygon", "coordinates": [ [ [ -96.048316955566406, 18.539382934570298 ], [ -96.077362060546804, 18.4622611999512 ], [ -96.115173339843807, 18.428960800171001 ], [ -96.158851623535199, 18.413721084594702 ], [ -96.275611877441307, 18.405492782592798 ], [ -96.334068298339801, 18.3614826202393 ], [ -96.338180541992102, 18.344079971313501 ], [ -96.366889953613196, 18.327001571655298 ], [ -96.390930175781094, 18.329401016235401 ], [ -96.469245910644503, 18.388910293579102 ], [ -96.494766235351506, 18.4232501983643 ], [ -96.500190734863196, 18.477239608764801 ], [ -96.518577575683594, 18.527479171752901 ], [ -96.495346069335895, 18.575679779052699 ], [ -96.547782897949205, 18.597101211547901 ], [ -96.580986022949205, 18.632869720458899 ], [ -96.574600219726506, 18.659021377563501 ], [ -96.643630981445298, 18.680049896240199 ], [ -96.654342651367202, 18.708580017089901 ], [ -96.582443237304702, 18.7453117370606 ], [ -96.530090332031193, 18.747890472412099 ], [ -96.439208984375, 18.771530151367202 ], [ -96.372077941894503, 18.801610946655298 ], [ -96.324638366699205, 18.808599472045799 ], [ -96.301483154296903, 18.7899799346925 ], [ -96.272949218749901, 18.7829494476319 ], [ -96.237922668457003, 18.745340347290199 ], [ -96.207443237304602, 18.6657009124757 ], [ -96.074157714843807, 18.642288208007901 ], [ -96.002517700195298, 18.690160751342798 ], [ -95.976722717285099, 18.691022872924901 ], [ -95.934432983398395, 18.657190322876101 ], [ -95.9461669921875, 18.642391204834102 ], [ -95.964622497558494, 18.5850105285644 ], [ -95.975791931152301, 18.575870513916001 ], [ -95.988639831542898, 18.576330184936499 ], [ -96.020179748535199, 18.597030639648501 ], [ -96.037368774414006, 18.593589782714901 ], [ -96.039146423339801, 18.567632675171001 ], [ -96.058876037597699, 18.563888549804801 ], [ -96.048316955566406, 18.539382934570298 ] ] ] } },
{ "type": "Feature", "properties": { "NAME_1": "Veracruz", "NAME_2": "Tihuatlán" }, "geometry": { "type": "Polygon", "coordinates": [ [ [ -97.627220153808594, 20.6220302581788 ], [ -97.603813171386605, 20.658740997314499 ], [ -97.584136962890597, 20.7303695678712 ], [ -97.545616149902301, 20.758680343627901 ], [ -97.5234375, 20.787290573120099 ], [ -97.440116882324205, 20.7516403198243 ], [ -97.430870056152301, 20.7210083007812 ], [ -97.398323059082003, 20.702148437500099 ], [ -97.390190124511605, 20.683969497680799 ], [ -97.374862670898395, 20.679620742797901 ], [ -97.367095947265597, 20.648920059204102 ], [ -97.403907775878807, 20.598270416259801 ], [ -97.439025878906193, 20.565690994262798 ], [ -97.448837280273395, 20.538549423217699 ], [ -97.492530822753906, 20.518899917602599 ], [ -97.511787414550795, 20.519880294799801 ], [ -97.521301269531193, 20.535648345947202 ], [ -97.516777038574205, 20.573829650878999 ], [ -97.523262023925795, 20.585279464721602 ], [ -97.550567626953097, 20.597900390625099 ], [ -97.565277099609304, 20.589969635009901 ], [ -97.627220153808594, 20.6220302581788 ] ] ] } },
{ "type": "Feature", "properties": { "NAME_1": "Veracruz", "NAME_2": "Tlachichilco" }, "geometry": { "type": "Polygon", "coordinates": [ [ [ -98.074531555175696, 20.592929840087901 ], [ -98.108757019042898, 20.560590744018601 ], [ -98.167053222656094, 20.5395412445068 ], [ -98.221786499023395, 20.481180191040199 ], [ -98.240859985351506, 20.556699752807599 ], [ -98.239646911621094, 20.591619491577099 ], [ -98.185096740722699, 20.737489700317401 ], [ -98.068511962890597, 20.721700668335 ], [ -98.074531555175696, 20.592929840087901 ] ] ] } },
{ "type": "Feature", "properties": { "NAME_1": "Veracruz", "NAME_2": "Tlacolulan" }, "geometry": { "type": "Polygon", "coordinates": [ [ [ -96.907966613769503, 19.675310134887798 ], [ -96.922805786132798, 19.660480499267599 ], [ -96.937911987304702, 19.6656303405762 ], [ -96.991493225097699, 19.730300903320298 ], [ -96.967323303222599, 19.7553405761719 ], [ -96.952896118164006, 19.751188278198399 ], [ -96.926887512207003, 19.7659606933594 ], [ -96.895095825195298, 19.765220642089801 ], [ -96.8778076171875, 19.740381240844801 ], [ -96.913459777832003, 19.6921501159669 ], [ -96.907966613769503, 19.675310134887798 ] ] ] } },
{ "type": "Feature", "properties": { "NAME_1": "Veracruz", "NAME_2": "Tlacotalpan" }, "geometry": { "type": "Polygon", "coordinates": [ [ [ -95.587570190429702, 18.426958084106499 ], [ -95.601600646972699, 18.416349411010799 ], [ -95.648582458495994, 18.410261154174901 ], [ -95.666007995605398, 18.491489410400501 ], [ -95.7086181640625, 18.5342712402344 ], [ -95.722396850585895, 18.527570724487401 ], [ -95.732887268066307, 18.5353012084962 ], [ -95.744346618652301, 18.5820026397706 ], [ -95.715927124023395, 18.587530136108299 ], [ -95.713539123535, 18.634830474853501 ], [ -95.687828063964801, 18.638389587402401 ], [ -95.678848266601605, 18.6508312225343 ], [ -95.616630554199205, 18.639738082885899 ], [ -95.615821838378906, 18.5802211761475 ], [ -95.623970031738196, 18.547611236572202 ], [ -95.603309631347699, 18.507881164550799 ], [ -95.571083068847699, 18.499330520629901 ], [ -95.567710876464801, 18.492210388183501 ], [ -95.571968078613295, 18.4735012054443 ], [ -95.565086364746094, 18.4339694976807 ], [ -95.587570190429702, 18.426958084106499 ] ] ] } },
{ "type": "Feature", "properties": { "NAME_1": "Veracruz", "NAME_2": "Tlacotepec de Mejía" }, "geometry": { "type": "Polygon", "coordinates": [ [ [ -96.643768310546903, 19.165809631347699 ], [ -96.721771240234403, 19.170009613037099 ], [ -96.754913330078097, 19.156681060791001 ], [ -96.774559020995994, 19.164979934692301 ], [ -96.784019470214801, 19.179391860961999 ], [ -96.76416015625, 19.204629898071399 ], [ -96.687118530273395, 19.205688476562599 ], [ -96.661529541015597, 19.213590621948299 ], [ -96.642372131347699, 19.232460021972699 ], [ -96.624076843261705, 19.21755027771 ], [ -96.643768310546903, 19.165809631347699 ] ] ] } },
{ "type": "Feature", "properties": { "NAME_1": "Veracruz", "NAME_2": "Tlajocalpan" }, "geometry": { "type": "Polygon", "coordinates": [ [ [ -95.917579650878906, 18.287670135498001 ], [ -95.906883239746094, 18.230310440063501 ], [ -95.910041809082003, 18.1916904449463 ], [ -95.944831848144503, 18.1921195983887 ], [ -95.977333068847699, 18.207090377807699 ], [ -95.972526550292898, 18.247430801391701 ], [ -95.977706909179602, 18.269859313964801 ], [ -95.963676452636705, 18.298620223998999 ], [ -95.956626892089702, 18.302789688110401 ], [ -95.917579650878906, 18.287670135498001 ] ] ] } },
{ "type": "Feature", "properties": { "NAME_1": "Veracruz", "NAME_2": "Tlalixcoyan" }, "geometry": { "type": "Polygon", "coordinates": [ [ [ -96.172988891601506, 18.9795227050782 ], [ -96.155113220214801, 18.9946308135987 ], [ -96.138313293457003, 18.979209899902301 ], [ -96.119827270507798, 18.978330612182699 ], [ -96.061492919921903, 19.0152893066407 ], [ -96.044929504394503, 18.969409942626999 ], [ -96.0570068359375, 18.9314498901368 ], [ -96.051231384277202, 18.9069118499756 ], [ -96.024406433105398, 18.9058017730713 ], [ -95.999427795410099, 18.859489440918001 ], [ -95.965087890624901, 18.830690383911101 ], [ -95.965309143066307, 18.812740325927699 ], [ -95.999282836914105, 18.805210113525401 ], [ -96.014778137207003, 18.772388458251999 ], [ -96.023033142089801, 18.720769882202202 ], [ -96.033432006835895, 18.702119827270501 ], [ -96.010223388671804, 18.681888580322202 ], [ -96.069473266601605, 18.643011093139801 ], [ -96.212600708007798, 18.6681518554688 ], [ -96.219978332519503, 18.709531784057699 ], [ -96.237922668457003, 18.745340347290199 ], [ -96.272949218749901, 18.7829494476319 ], [ -96.301483154296903, 18.7899799346925 ], [ -96.316726684570298, 18.806209564209102 ], [ -96.187126159667898, 18.930950164795 ], [ -96.172988891601506, 18.9795227050782 ] ] ] } },
{ "type": "Feature", "properties": { "NAME_1": "Veracruz", "NAME_2": "Tlalnelhuayocan" }, "geometry": { "type": "Polygon", "coordinates": [ [ [ -96.924423217773395, 19.5352802276612 ], [ -96.973899841308494, 19.591779708862301 ], [ -96.986976623535, 19.6314907073975 ], [ -96.944442749023295, 19.6302890777588 ], [ -96.893836975097699, 19.605712890624901 ], [ -96.884216308593807, 19.537281036377099 ], [ -96.924423217773395, 19.5352802276612 ] ] ] } },
{ "type": "Feature", "properties": { "NAME_1": "Veracruz", "NAME_2": "Tlaltetela" }, "geometry": { "type": "Polygon", "coordinates": [ [ [ -96.76416015625, 19.204629898071399 ], [ -96.767822265624901, 19.213090896606399 ], [ -96.734100341796903, 19.233951568603601 ], [ -96.740966796875, 19.248580932617202 ], [ -96.816757202148395, 19.248420715332099 ], [ -96.851142883300696, 19.262020111083999 ], [ -96.860862731933594, 19.255001068115298 ], [ -96.863876342773395, 19.239040374755898 ], [ -96.886138916015597, 19.223409652710099 ], [ -96.886909484863196, 19.199710845947401 ], [ -96.902580261230398, 19.184049606323299 ], [ -96.949378967285099, 19.2026481628418 ], [ -96.973480224609403, 19.225629806518601 ], [ -96.962287902832003, 19.232080459594801 ], [ -96.965591430664006, 19.303329467773501 ], [ -96.892082214355398, 19.2801227569581 ], [ -96.874893188476506, 19.300912857055799 ], [ -96.850273132324205, 19.3102703094482 ], [ -96.780120849609304, 19.362350463867202 ], [ -96.770919799804702, 19.378980636596701 ], [ -96.727951049804602, 19.350540161132798 ], [ -96.707305908203097, 19.3112201690675 ], [ -96.656593322753807, 19.309448242187599 ], [ -96.600959777832003, 19.268600463867202 ], [ -96.607086181640597, 19.2524127960206 ], [ -96.661529541015597, 19.213590621948299 ], [ -96.701530456542898, 19.2030124664307 ], [ -96.76416015625, 19.204629898071399 ] ] ] } },
{ "type": "Feature", "properties": { "NAME_1": "Veracruz", "NAME_2": "Tlapacoyan" }, "geometry": { "type": "Polygon", "coordinates": [ [ [ -97.210746765136705, 19.968561172485401 ], [ -97.176071166992102, 20.0561008453369 ], [ -97.097938537597699, 20.1601085662843 ], [ -97.046646118164006, 20.076179504394599 ], [ -97.054878234863196, 20.060478210449201 ], [ -97.077232360839801, 20.032060623168899 ], [ -97.126419067382798, 19.992101669311499 ], [ -97.210746765136705, 19.968561172485401 ] ] ] } },
{ "type": "Feature", "properties": { "NAME_1": "Veracruz", "NAME_2": "Tlaquilpan" }, "geometry": { "type": "Polygon", "coordinates": [ [ [ -96.980216979980497, 18.597330093383899 ], [ -97.035446166992202, 18.5696411132812 ], [ -97.050476074218693, 18.596250534057699 ], [ -97.043548583984403, 18.622129440307699 ], [ -96.993789672851605, 18.655870437622202 ], [ -96.971687316894503, 18.608631134033299 ], [ -96.980216979980497, 18.597330093383899 ] ] ] } },
{ "type": "Feature", "properties": { "NAME_1": "Veracruz", "NAME_2": "Tlilapan" }, "geometry": { "type": "Polygon", "coordinates": [ [ [ -97.031272888183594, 18.778770446777401 ], [ -97.049659729003906, 18.811899185180799 ], [ -97.004089355468807, 18.807460784912099 ], [ -96.999542236328097, 18.7946796417237 ], [ -97.008308410644503, 18.7840480804443 ], [ -97.031272888183594, 18.778770446777401 ] ] ] } },
{ "type": "Feature", "properties": { "NAME_1": "Veracruz", "NAME_2": "Tomatlán" }, "geometry": { "type": "Polygon", "coordinates": [ [ [ -96.912216186523395, 19.0400505065919 ], [ -96.906295776367102, 19.0247497558594 ], [ -96.913986206054602, 18.998792648315401 ], [ -96.927398681640597, 19.003000259399499 ], [ -96.930992126464801, 19.016920089721701 ], [ -96.912216186523395, 19.0400505065919 ] ] ] } },
{ "type": "Feature", "properties": { "NAME_1": "Veracruz", "NAME_2": "Tonayán" }, "geometry": { "type": "Polygon", "coordinates": [ [ [ -96.827476501464801, 19.709720611572401 ], [ -96.852333068847699, 19.689680099487401 ], [ -96.861633300781193, 19.704338073730501 ], [ -96.876808166503807, 19.7050304412843 ], [ -96.888259887695298, 19.719539642333999 ], [ -96.879142761230497, 19.7487106323243 ], [ -96.900299072265597, 19.766870498657301 ], [ -96.885910034179702, 19.785640716552798 ], [ -96.855621337890597, 19.803409576416001 ], [ -96.839889526367102, 19.768331527710099 ], [ -96.851531982421804, 19.740959167480501 ], [ -96.831077575683594, 19.7239685058593 ], [ -96.827476501464801, 19.709720611572401 ] ] ] } },
{ "type": "Feature", "properties": { "NAME_1": "Veracruz", "NAME_2": "Totutla" }, "geometry": { "type": "Polygon", "coordinates": [ [ [ -96.886909484863196, 19.199710845947401 ], [ -96.888542175292898, 19.2193202972413 ], [ -96.8626708984375, 19.2417812347412 ], [ -96.846679687499901, 19.205898284912099 ], [ -96.815177917480497, 19.224920272827301 ], [ -96.808036804199205, 19.248388290405401 ], [ -96.742835998535, 19.2492694854737 ], [ -96.734275817871094, 19.2380599975587 ], [ -96.767822265624901, 19.213090896606399 ], [ -96.76416015625, 19.204629898071399 ], [ -96.781295776367202, 19.189870834350501 ], [ -96.782463073730497, 19.172550201416101 ], [ -96.821777343749901, 19.1490001678468 ], [ -96.847419738769503, 19.164859771728501 ], [ -96.843460083007798, 19.181940078735501 ], [ -96.855270385742102, 19.1949901580812 ], [ -96.886909484863196, 19.199710845947401 ] ] ] } },
{ "type": "Feature", "properties": { "NAME_1": "Veracruz", "NAME_2": "Tuxpan" }, "geometry": { "type": "Polygon", "coordinates": [ [ [ -97.521369934082003, 21.058740615844801 ], [ -97.478073120117202, 21.0601406097413 ], [ -97.457618713378906, 21.072629928588899 ], [ -97.432716369628807, 21.061599731445298 ], [ -97.361343383789105, 21.0607395172119 ], [ -97.344436645507798, 21.0198783874513 ], [ -97.364646911621094, 21.0148105621338 ], [ -97.368927001952997, 21.0046195983888 ], [ -97.304229736328097, 20.936050415039201 ], [ -97.292640686035199, 20.939582824706999 ], [ -97.227363586425696, 20.828750610351602 ], [ -97.218475341796903, 20.7981948852538 ], [ -97.224861145019503, 20.7940273284913 ], [ -97.217086791992102, 20.7951374053956 ], [ -97.205139160156193, 20.776527404785199 ], [ -97.203750610351406, 20.758346557617202 ], [ -97.279167175292898, 20.761030197143601 ], [ -97.364288330078097, 20.726762771606399 ], [ -97.396011352538906, 20.6993427276612 ], [ -97.430870056152301, 20.7210083007812 ], [ -97.446472167968807, 20.767581939697202 ], [ -97.438468933105497, 20.857500076294102 ], [ -97.472618103027301, 20.911380767822401 ], [ -97.546401977538906, 20.984331130981499 ], [ -97.548759460449205, 21.005060195922901 ], [ -97.521369934082003, 21.058740615844801 ] ] ] } },
{ "type": "Feature", "properties": { "NAME_1": "Veracruz", "NAME_2": "Tuxtilla" }, "geometry": { "type": "Polygon", "coordinates": [ [ [ -95.881736755370994, 18.177709579467798 ], [ -95.910041809082003, 18.1916904449463 ], [ -95.907646179199205, 18.238540649413999 ], [ -95.923156738281094, 18.298040390014599 ], [ -95.912467956542898, 18.3018703460693 ], [ -95.889938354492102, 18.297950744628999 ], [ -95.879615783691406, 18.273881912231399 ], [ -95.871849060058494, 18.224342346191499 ], [ -95.873886108398395, 18.183210372924801 ], [ -95.881736755370994, 18.177709579467798 ] ] ] } },
{ "type": "Feature", "properties": { "NAME_1": "Veracruz", "NAME_2": "Úrsulo Galván" }, "geometry": { "type": "GeometryCollection", "geometries": [ { "type": "Polygon", "coordinates": [ [ [ -96.447517395019503, 19.461780548095799 ], [ -96.410316467285199, 19.4857692718506 ], [ -96.329437255859403, 19.490341186523398 ], [ -96.331504821777301, 19.500974655151399 ], [ -96.314308166503906, 19.4823608398438 ], [ -96.311248779296903, 19.462917327881001 ], [ -96.320755004882798, 19.446273803710898 ], [ -96.322364807128807, 19.417638778686499 ], [ -96.375251770019503, 19.406021118163999 ], [ -96.426498413085895, 19.425199508667099 ], [ -96.447517395019503, 19.461780548095799 ] ] ] }, { "type": "Polygon", "coordinates": [ [ [ -96.322326660156193, 19.4145832061768 ], [ -96.321807861328097, 19.4145832061768 ], [ -96.321807861328097, 19.413791656494102 ], [ -96.322326660156193, 19.4145832061768 ] ] ] } ] } },
{ "type": "Feature", "properties": { "NAME_1": "Veracruz", "NAME_2": "Vega de Alatorre" }, "geometry": { "type": "Polygon", "coordinates": [ [ [ -96.686111450195298, 19.9239902496338 ], [ -96.698020935058594, 20.023799896240298 ], [ -96.689453125, 20.091030120849702 ], [ -96.676803588867202, 20.122360229492301 ], [ -96.621246337890497, 20.0501384735107 ], [ -96.612640380859304, 20.0484714508057 ], [ -96.619026184082003, 20.0368061065675 ], [ -96.609024047851506, 20.043750762939499 ], [ -96.607917785644503, 20.033472061157301 ], [ -96.602363586425696, 20.036527633667099 ], [ -96.574584960937401, 20.005418777465799 ], [ -96.560691833496094, 19.965694427490298 ], [ -96.505416870117202, 19.903194427490199 ], [ -96.541847229003906, 19.789201736450298 ], [ -96.551956176757798, 19.7871799468994 ], [ -96.575897216796903, 19.838718414306602 ], [ -96.637306213378906, 19.877559661865298 ], [ -96.629280090332003, 19.9131793975831 ], [ -96.637168884277202, 19.9492702484131 ], [ -96.657821655273395, 19.952659606933501 ], [ -96.686111450195298, 19.9239902496338 ] ] ] } },
{ "type": "Feature", "properties": { "NAME_1": "Veracruz", "NAME_2": "Veracruz" }, "geometry": { "type": "Polygon", "coordinates": [ [ [ -96.122642517089801, 19.185417175293001 ], [ -96.117080688476605, 19.170692443847699 ], [ -96.089584350585895, 19.153194427490199 ], [ -96.087364196777301, 19.145971298217901 ], [ -96.131446838378906, 19.179452896118299 ], [ -96.145889282226605, 19.151060104370199 ], [ -96.160507202148395, 19.141931533813501 ], [ -96.194732666015597, 19.144580841064599 ], [ -96.234626770019403, 19.193170547485501 ], [ -96.273002624511705, 19.199020385742301 ], [ -96.299575805664105, 19.2156295776368 ], [ -96.308097839355497, 19.2305507659912 ], [ -96.296882629394503, 19.250709533691499 ], [ -96.302146911620994, 19.272119522094801 ], [ -96.269050598144403, 19.2770900726318 ], [ -96.215042114257798, 19.226198196411101 ], [ -96.203826904296903, 19.230939865112301 ], [ -96.194610595703097, 19.251010894775501 ], [ -96.181251525878906, 19.249305725097699 ], [ -96.163475036620994, 19.215694427490298 ], [ -96.146530151367202, 19.212638854980501 ], [ -96.123748779296903, 19.221250534057699 ], [ -96.123191833496094, 19.205972671508899 ], [ -96.1370849609375, 19.213472366333001 ], [ -96.139579772949205, 19.207639694213899 ], [ -96.123191833496094, 19.194583892822202 ], [ -96.122642517089801, 19.185417175293001 ] ] ] } },
{ "type": "Feature", "properties": { "NAME_1": "Veracruz", "NAME_2": "Villa Aldama" }, "geometry": { "type": "Polygon", "coordinates": [ [ [ -97.106819152832003, 19.648839950561499 ], [ -97.156570434570298, 19.6369323730469 ], [ -97.195953369140597, 19.661090850830199 ], [ -97.158782958984403, 19.7079486846925 ], [ -97.115562438964801, 19.7221794128418 ], [ -97.077766418456903, 19.707281112671001 ], [ -97.078887939453097, 19.6845111846925 ], [ -97.089607238769503, 19.6745204925537 ], [ -97.091873168945298, 19.657220840454201 ], [ -97.106819152832003, 19.648839950561499 ] ] ] } },
{ "type": "Feature", "properties": { "NAME_1": "Veracruz", "NAME_2": "Xalapa" }, "geometry": { "type": "Polygon", "coordinates": [ [ [ -96.893836975097699, 19.605712890624901 ], [ -96.859802246093807, 19.601789474487401 ], [ -96.824790954589801, 19.617101669311602 ], [ -96.778411865234304, 19.612230300903398 ], [ -96.743316650390497, 19.553770065307699 ], [ -96.808586120605497, 19.514110565185501 ], [ -96.834976196289105, 19.522899627685501 ], [ -96.852760314941307, 19.518711090087901 ], [ -96.882843017578097, 19.5341606140137 ], [ -96.893836975097699, 19.605712890624901 ] ] ] } },
{ "type": "Feature", "properties": { "NAME_1": "Veracruz", "NAME_2": "Xico" }, "geometry": { "type": "Polygon", "coordinates": [ [ [ -96.923812866210895, 19.395820617675799 ], [ -96.936546325683594, 19.393569946289201 ], [ -96.986846923828097, 19.431690216064499 ], [ -97.024902343749901, 19.443040847778398 ], [ -97.062683105468693, 19.433471679687599 ], [ -97.080276489257798, 19.464292526245199 ], [ -97.110862731933494, 19.464418411255 ], [ -97.037696838378807, 19.586900711059599 ], [ -97.017662048339801, 19.635780334472699 ], [ -96.986976623535, 19.6314907073975 ], [ -96.973899841308494, 19.591779708862301 ], [ -96.924423217773395, 19.5352802276612 ], [ -96.923522949218693, 19.488090515136701 ], [ -96.8865966796875, 19.434101104736399 ], [ -96.923812866210895, 19.395820617675799 ] ] ] } },
{ "type": "Feature", "properties": { "NAME_1": "Veracruz", "NAME_2": "Xoxocotla" }, "geometry": { "type": "Polygon", "coordinates": [ [ [ -97.043548583984403, 18.622129440307699 ], [ -97.057701110839801, 18.633541107177798 ], [ -97.100692749023395, 18.636592864990298 ], [ -97.032333374023395, 18.7168998718262 ], [ -97.002700805664006, 18.655260086059599 ], [ -97.017852783203097, 18.635839462280298 ], [ -97.043548583984403, 18.622129440307699 ] ] ] } },
{ "type": "Feature", "properties": { "NAME_1": "Veracruz", "NAME_2": "Yanga" }, "geometry": { "type": "Polygon", "coordinates": [ [ [ -96.710708618164105, 18.777250289916999 ], [ -96.760009765625, 18.783941268921001 ], [ -96.801033020019503, 18.8024196624756 ], [ -96.753273010253906, 18.8296909332275 ], [ -96.725456237792898, 18.8833198547363 ], [ -96.700988769531193, 18.878400802612202 ], [ -96.679977416992102, 18.8529796600343 ], [ -96.710708618164105, 18.777250289916999 ] ] ] } },
{ "type": "Feature", "properties": { "NAME_1": "Veracruz", "NAME_2": "Yecuatla" }, "geometry": { "type": "Polygon", "coordinates": [ [ [ -96.734100341796903, 19.798620223999102 ], [ -96.764312744140597, 19.793880462646399 ], [ -96.779258728027301, 19.801389694213899 ], [ -96.760719299316406, 19.810350418090898 ], [ -96.748497009277301, 19.853591918945401 ], [ -96.733978271484403, 19.8750305175781 ], [ -96.696701049804702, 19.898450851440401 ], [ -96.652046203613196, 19.838569641113398 ], [ -96.672599792480497, 19.841020584106499 ], [ -96.734100341796903, 19.798620223999102 ] ] ] } },
{ "type": "Feature", "properties": { "NAME_1": "Veracruz", "NAME_2": "Zacualpan" }, "geometry": { "type": "Polygon", "coordinates": [ [ [ -98.354843139648395, 20.401380538940501 ], [ -98.405296325683594, 20.5111694335938 ], [ -98.417655944824205, 20.522569656372202 ], [ -98.419059753417997, 20.541580200195401 ], [ -98.408332824706903, 20.5553703308106 ], [ -98.388298034667898, 20.5388298034669 ], [ -98.363456726074205, 20.540979385376001 ], [ -98.304542541503807, 20.561862945556701 ], [ -98.238426208496094, 20.597101211547901 ], [ -98.240859985351506, 20.556699752807599 ], [ -98.221786499023395, 20.481180191040199 ], [ -98.254096984863196, 20.4464302062988 ], [ -98.2869873046875, 20.424852371215898 ], [ -98.354843139648395, 20.401380538940501 ] ] ] } },
{ "type": "Feature", "properties": { "NAME_1": "Veracruz", "NAME_2": "Zaragoza" }, "geometry": { "type": "Polygon", "coordinates": [ [ [ -94.730186462402301, 17.963159561157202 ], [ -94.691383361816307, 17.9811305999757 ], [ -94.638481140136705, 17.8991298675538 ], [ -94.681343078613196, 17.898458480835 ], [ -94.714027404785199, 17.914579391479599 ], [ -94.730186462402301, 17.963159561157202 ] ] ] } },
{ "type": "Feature", "properties": { "NAME_1": "Veracruz", "NAME_2": "Zentla" }, "geometry": { "type": "Polygon", "coordinates": [ [ [ -96.622810363769503, 19.027191162109499 ], [ -96.723182678222599, 19.0347194671631 ], [ -96.771301269531193, 19.086729049682599 ], [ -96.789405822753906, 19.125129699706999 ], [ -96.785270690917898, 19.136289596557599 ], [ -96.740989685058494, 19.121259689331101 ], [ -96.709640502929602, 19.123409271240298 ], [ -96.668006896972699, 19.096990585327099 ], [ -96.571929931640597, 19.079210281372099 ], [ -96.590072631835895, 19.035480499267699 ], [ -96.622810363769503, 19.027191162109499 ] ] ] } },
{ "type": "Feature", "properties": { "NAME_1": "Veracruz", "NAME_2": "Zongolica" }, "geometry": { "type": "Polygon", "coordinates": [ [ [ -96.790863037109403, 18.537969589233398 ], [ -96.825653076171903, 18.543621063232401 ], [ -96.842239379882798, 18.5318698883057 ], [ -96.885337829589801, 18.569982528686499 ], [ -96.891479492187401, 18.599359512329201 ], [ -96.918716430664105, 18.6007003784181 ], [ -96.883842468261705, 18.649330139160298 ], [ -96.940429687499901, 18.617929458618299 ], [ -96.925827026367102, 18.653970718383899 ], [ -96.927307128906193, 18.672409057617301 ], [ -96.837692260742102, 18.705539703369102 ], [ -96.806793212890597, 18.668582916259801 ], [ -96.790046691894403, 18.633640289306602 ], [ -96.790863037109403, 18.537969589233398 ] ] ] } },
{ "type": "Feature", "properties": { "NAME_1": "Veracruz", "NAME_2": "Zontecomatlán" }, "geometry": { "type": "Polygon", "coordinates": [ [ [ -98.378143310546903, 20.7386894226075 ], [ -98.267822265624901, 20.832080841064499 ], [ -98.221000671386705, 20.795570373535199 ], [ -98.183258056640597, 20.747480392456101 ], [ -98.197135925292997, 20.708719253540099 ], [ -98.304397583007798, 20.710781097412099 ], [ -98.325988769531193, 20.7298793792725 ], [ -98.378143310546903, 20.7386894226075 ] ] ] } },
{ "type": "Feature", "properties": { "NAME_1": "Veracruz", "NAME_2": "Zozocolco de Hidalgo" }, "geometry": { "type": "Polygon", "coordinates": [ [ [ -97.534690856933594, 20.131690979003999 ], [ -97.559593200683594, 20.1622200012207 ], [ -97.518470764160199, 20.200149536132901 ], [ -97.481925964355398, 20.2086696624756 ], [ -97.445709228515597, 20.1947326660156 ], [ -97.495536804199205, 20.144050598144599 ], [ -97.521209716796804, 20.130550384521499 ], [ -97.534690856933594, 20.131690979003999 ] ] ] } }
]
}
