{
"type": "FeatureCollection",
"name": "yucatan",
"crs": { "type": "name", "properties": { "name": "urn:ogc:def:crs:OGC:1.3:CRS84" } },
"features": [
{ "type": "Feature", "properties": { "NAME_1": "Yucatán", "NAME_2": "Abalá" }, "geometry": { "type": "Polygon", "coordinates": [ [ [ -89.570442199706903, 20.5178527832031 ], [ -89.603446960449205, 20.542690277099702 ], [ -89.655326843261705, 20.553550720214901 ], [ -89.729988098144503, 20.5344009399413 ], [ -89.758377075195298, 20.502700805664201 ], [ -89.782707214355398, 20.509901046753001 ], [ -89.790557861328097, 20.5205898284913 ], [ -89.788558959960895, 20.5641593933106 ], [ -89.814529418945298, 20.605079650878999 ], [ -89.811073303222699, 20.636180877685501 ], [ -89.857116699218594, 20.683050155639702 ], [ -89.826721191406193, 20.6916809082032 ], [ -89.800277709960795, 20.689540863037202 ], [ -89.787620544433594, 20.709091186523601 ], [ -89.769111633300795, 20.701530456543001 ], [ -89.756942749023395, 20.718868255615298 ], [ -89.737617492675696, 20.710700988769499 ], [ -89.718597412109403, 20.720630645752099 ], [ -89.679573059082003, 20.7181797027588 ], [ -89.642791748046804, 20.773370742797901 ], [ -89.608177185058494, 20.803550720214801 ], [ -89.596260070800696, 20.759090423583999 ], [ -89.628120422363196, 20.706621170043999 ], [ -89.6295166015625, 20.6762409210206 ], [ -89.597076416015597, 20.6366577148438 ], [ -89.590927124023395, 20.609350204467798 ], [ -89.579582214355398, 20.604200363159201 ], [ -89.564903259277301, 20.611530303955199 ], [ -89.556556701660199, 20.6020603179932 ], [ -89.567276000976506, 20.5678806304932 ], [ -89.570442199706903, 20.5178527832031 ] ] ] } },
{ "type": "Feature", "properties": { "NAME_1": "Yucatán", "NAME_2": "Acanceh" }, "geometry": { "type": "Polygon", "coordinates": [ [ [ -89.523246765136705, 20.760892868042099 ], [ -89.521766662597699, 20.807369232177798 ], [ -89.541023254394503, 20.8229694366456 ], [ -89.538085937499901, 20.839830398559599 ], [ -89.546180725097699, 20.8531398773193 ], [ -89.560333251952997, 20.860000610351602 ], [ -89.556213378906193, 20.8847980499269 ], [ -89.539642333984304, 20.888700485229599 ], [ -89.529647827148395, 20.923589706421001 ], [ -89.439376831054602, 20.886520385742202 ], [ -89.418609619140597, 20.826450347900401 ], [ -89.429946899414006, 20.805339813232401 ], [ -89.493270874023395, 20.760009765625099 ], [ -89.523246765136705, 20.760892868042099 ] ] ] } },
{ "type": "Feature", "properties": { "NAME_1": "Yucatán", "NAME_2": "Akil" }, "geometry": { "type": "Polygon", "coordinates": [ [ [ -89.397605895995994, 20.213670730590799 ], [ -89.401626586914006, 20.242969512939499 ], [ -89.4111328125, 20.253919601440501 ], [ -89.406433105468807, 20.2936096191407 ], [ -89.331138610839801, 20.3035984039307 ], [ -89.342613220214702, 20.2901802062988 ], [ -89.361991882324205, 20.2270908355713 ], [ -89.397605895995994, 20.213670730590799 ] ] ] } },
{ "type": "Feature", "properties": { "NAME_1": "Yucatán", "NAME_2": "Baca" }, "geometry": { "type": "Polygon", "coordinates": [ [ [ -89.399047851562401, 21.0899181365968 ], [ -89.443626403808594, 21.074020385742202 ], [ -89.449256896972699, 21.0895900726318 ], [ -89.412208557128807, 21.152650833129901 ], [ -89.357452392578097, 21.1320705413819 ], [ -89.362373352050795, 21.1031703948975 ], [ -89.399047851562401, 21.0899181365968 ] ] ] } },
{ "type": "Feature", "properties": { "NAME_1": "Yucatán", "NAME_2": "Bokobá" }, "geometry": { "type": "Polygon", "coordinates": [ [ [ -89.166976928710895, 21.056880950927798 ], [ -89.153610229492202, 21.0111904144287 ], [ -89.176162719726506, 20.969802856445401 ], [ -89.184722900390597, 20.977859497070298 ], [ -89.215438842773395, 20.975009918212901 ], [ -89.236907958984304, 20.983720779418999 ], [ -89.187896728515597, 21.056140899658299 ], [ -89.166976928710895, 21.056880950927798 ] ] ] } },
{ "type": "Feature", "properties": { "NAME_1": "Yucatán", "NAME_2": "Buctzotz" }, "geometry": { "type": "Polygon", "coordinates": [ [ [ -88.826072692870994, 21.157161712646499 ], [ -88.844291687011705, 21.243141174316499 ], [ -88.811187744140597, 21.290649414062599 ], [ -88.792877197265597, 21.284889221191499 ], [ -88.772453308105497, 21.2999801635743 ], [ -88.707206726074205, 21.307790756225501 ], [ -88.619293212890597, 21.3000507354737 ], [ -88.589469909667898, 21.3201198577881 ], [ -88.574577331542997, 21.350959777831999 ], [ -88.555099487304702, 21.358079910278299 ], [ -88.545677185058594, 21.4109706878662 ], [ -88.526206970214801, 21.413511276245099 ], [ -88.514801025390597, 21.4345798492432 ], [ -88.495536804199205, 21.434640884399499 ], [ -88.460739135742102, 21.3672695159913 ], [ -88.462051391601506, 21.355430603027401 ], [ -88.526939392089801, 21.295528411865199 ], [ -88.499160766601506, 21.283931732177699 ], [ -88.482666015624901, 21.253070831298899 ], [ -88.486137390136705, 21.219779968261701 ], [ -88.499931335449205, 21.205499649047901 ], [ -88.499557495117102, 21.195520401001101 ], [ -88.594223022460895, 21.1710529327393 ], [ -88.654212951660099, 21.164091110229499 ], [ -88.727500915527301, 21.144081115722699 ], [ -88.743446350097699, 21.129949569702202 ], [ -88.771026611328097, 21.1367511749269 ], [ -88.778053283691406, 21.159570693969801 ], [ -88.807540893554702, 21.167539596557699 ], [ -88.826072692870994, 21.157161712646499 ] ] ] } },
{ "type": "Feature", "properties": { "NAME_1": "Yucatán", "NAME_2": "Cacalchén" }, "geometry": { "type": "Polygon", "coordinates": [ [ [ -89.236907958984304, 20.983720779418999 ], [ -89.255157470702997, 20.9658508300781 ], [ -89.323196411132798, 20.973329544067301 ], [ -89.339591979980497, 20.985450744628999 ], [ -89.332946777343693, 21.0165023803712 ], [ -89.293106079101506, 21.031299591064499 ], [ -89.295677185058494, 21.048610687255898 ], [ -89.288726806640497, 21.054651260376001 ], [ -89.220352172851406, 21.019811630248999 ], [ -89.236907958984304, 20.983720779418999 ] ] ] } },
{ "type": "Feature", "properties": { "NAME_1": "Yucatán", "NAME_2": "Calotmul" }, "geometry": { "type": "Polygon", "coordinates": [ [ [ -88.274192810058494, 20.935609817504901 ], [ -88.257797241210895, 20.983869552612401 ], [ -88.257347106933594, 21.033069610595799 ], [ -88.249122619628807, 21.059169769287202 ], [ -88.216102600097599, 21.1055603027344 ], [ -88.192260742187401, 21.114519119262699 ], [ -88.191581726074205, 21.0812702178956 ], [ -88.168685913085895, 21.112140655517599 ], [ -88.153236389160199, 21.1120109558107 ], [ -88.089942932128807, 21.042892456054801 ], [ -88.036308288574205, 21.022590637207099 ], [ -87.995498657226605, 20.992509841918999 ], [ -88.004066467285199, 20.982450485229499 ], [ -88.068016052245994, 21.008119583129901 ], [ -88.113716125488295, 21.0024299621582 ], [ -88.153266906738196, 20.983419418335 ], [ -88.159118652343807, 20.970422744751101 ], [ -88.153717041015597, 20.947631835937599 ], [ -88.197242736816307, 20.956340789795 ], [ -88.242446899414006, 20.937931060791001 ], [ -88.274192810058494, 20.935609817504901 ] ] ] } },
{ "type": "Feature", "properties": { "NAME_1": "Yucatán", "NAME_2": "Cansahcab" }, "geometry": { "type": "Polygon", "coordinates": [ [ [ -89.197380065917997, 21.111270904541101 ], [ -89.192337036132798, 21.153480529785298 ], [ -89.207427978515597, 21.167509078979499 ], [ -89.212951660156193, 21.199079513549801 ], [ -89.161209106445298, 21.1938800811768 ], [ -89.155960083007798, 21.1768302917481 ], [ -89.107597351074205, 21.193510055542099 ], [ -89.093162536621094, 21.189380645751999 ], [ -89.074539184570298, 21.2050495147706 ], [ -89.072273254394503, 21.146551132202202 ], [ -89.096450805664006, 21.120668411254901 ], [ -89.099639892578097, 21.105211257934599 ], [ -89.139053344726605, 21.1044597625732 ], [ -89.165390014648395, 21.123779296874901 ], [ -89.197380065917997, 21.111270904541101 ] ] ] } },
{ "type": "Feature", "properties": { "NAME_1": "Yucatán", "NAME_2": "Cantamayec" }, "geometry": { "type": "Polygon", "coordinates": [ [ [ -88.886360168457003, 20.322458267211999 ], [ -88.895797729492102, 20.320390701294102 ], [ -88.955673217773395, 20.3607997894287 ], [ -89.035308837890597, 20.3284606933594 ], [ -89.079147338867202, 20.343059539794901 ], [ -89.093147277832003, 20.340681076049901 ], [ -89.092910766601506, 20.355829238891701 ], [ -89.101181030273395, 20.361160278320401 ], [ -89.124816894531193, 20.320230484008899 ], [ -89.155700683593807, 20.309249877929702 ], [ -89.217033386230497, 20.343349456787202 ], [ -89.191070556640497, 20.365209579467798 ], [ -89.181922912597699, 20.383518218994201 ], [ -89.200408935546804, 20.383569717407301 ], [ -89.212898254394503, 20.3990917205812 ], [ -89.211647033691307, 20.4149894714356 ], [ -89.202140808105497, 20.435159683227599 ], [ -89.142112731933494, 20.451192855834901 ], [ -89.117767333984403, 20.469680786132901 ], [ -89.068153381347699, 20.460010528564499 ], [ -88.976066589355497, 20.4758205413818 ], [ -88.952857971191406, 20.448101043701101 ], [ -88.895622253417898, 20.4268112182618 ], [ -88.895683288574205, 20.390251159668001 ], [ -88.883018493652301, 20.357618331909201 ], [ -88.886360168457003, 20.322458267211999 ] ] ] } },
{ "type": "Feature", "properties": { "NAME_1": "Yucatán", "NAME_2": "Celestún" }, "geometry": { "type": "GeometryCollection", "geometries": [ { "type": "Polygon", "coordinates": [ [ [ -91.396804809570298, 22.116247177124102 ], [ -91.396804809570298, 22.113193511963001 ], [ -91.399864196777301, 22.113193511963001 ], [ -91.399307250976406, 22.115972518920898 ], [ -91.396804809570298, 22.116247177124102 ] ] ] }, { "type": "Polygon", "coordinates": [ [ [ -90.999862670898395, 21.999860763549901 ], [ -91.000137329101605, 21.999860763549901 ], [ -91.000137329101605, 22.000139236450298 ], [ -90.999862670898395, 22.000139236450298 ], [ -90.999862670898395, 21.999860763549901 ] ] ] }, { "type": "Polygon", "coordinates": [ [ [ -90.335418701171903, 20.9568061828613 ], [ -90.341804504394503, 20.9615268707275 ], [ -90.347358703613295, 20.950416564941399 ], [ -90.361526489257798, 20.8854179382325 ], [ -90.385696411132798, 20.853473663330099 ], [ -90.388191223144503, 20.827638626098601 ], [ -90.393196105957003, 20.836248397827301 ], [ -90.39013671875, 20.824306488037202 ], [ -90.400138854980398, 20.8229160308838 ], [ -90.401252746582003, 20.804582595825199 ], [ -90.404304504394503, 20.810693740844702 ], [ -90.410415649414006, 20.804307937622202 ], [ -90.414306640625, 20.7756958007812 ], [ -90.415969848632699, 20.812084197998001 ], [ -90.369857788085895, 20.951250076293899 ], [ -90.327079772949205, 21.017084121704201 ], [ -90.161247253417898, 21.118495941162202 ], [ -90.128143310546804, 21.060310363769499 ], [ -90.074508666992202, 21.027389526367202 ], [ -90.087371826171903, 20.9505500793457 ], [ -90.111839294433494, 20.903749465942401 ], [ -90.106361389160199, 20.887451171874901 ], [ -90.090011596679702, 20.873781204223601 ], [ -90.121009826660199, 20.848411560058601 ], [ -90.107276916503906, 20.819330215454201 ], [ -90.225433349609403, 20.768560409546001 ], [ -90.269668579101506, 20.764949798583999 ], [ -90.290016174316406, 20.781431198120199 ], [ -90.383796691894503, 20.8009357452393 ], [ -90.389305114746094, 20.811527252197301 ], [ -90.381248474120994, 20.8523635864257 ], [ -90.356803894042997, 20.874584197998001 ], [ -90.344581604003906, 20.899026870727599 ], [ -90.340415954589801, 20.9234714508057 ], [ -90.328193664550795, 20.939027786254901 ], [ -90.335418701171903, 20.9568061828613 ] ] ] } ] } },
{ "type": "Feature", "properties": { "NAME_1": "Yucatán", "NAME_2": "Cenotillo" }, "geometry": { "type": "Polygon", "coordinates": [ [ [ -88.467437744140597, 21.010219573974599 ], [ -88.486862182617102, 20.9850997924806 ], [ -88.487869262695298, 20.967121124267599 ], [ -88.466293334960895, 20.9581699371338 ], [ -88.475326538085895, 20.927158355712901 ], [ -88.518997192382798, 20.934839248657202 ], [ -88.536666870117202, 20.926610946655298 ], [ -88.562286376953097, 20.897010803222699 ], [ -88.607719421386705, 20.928012847900401 ], [ -88.674217224121094, 20.889602661132798 ], [ -88.647407531738295, 20.951408386230501 ], [ -88.664657592773395, 20.9865226745607 ], [ -88.719627380371094, 20.997390747070401 ], [ -88.760848999023395, 20.970220565795898 ], [ -88.798522949218693, 20.976600646972699 ], [ -88.794250488281094, 21.006080627441499 ], [ -88.765762329101605, 21.0116996765138 ], [ -88.728401184082003, 21.059930801391499 ], [ -88.736686706542997, 21.101310729980501 ], [ -88.749961853027301, 21.107620239257798 ], [ -88.768829345703097, 21.096260070800898 ], [ -88.771026611328097, 21.1367511749269 ], [ -88.743446350097699, 21.129949569702202 ], [ -88.727500915527301, 21.144081115722699 ], [ -88.654212951660099, 21.164091110229499 ], [ -88.594223022460895, 21.1710529327393 ], [ -88.499557495117102, 21.195520401001101 ], [ -88.457122802734304, 21.1804008483887 ], [ -88.466712951660199, 21.124269485473601 ], [ -88.462776184082003, 21.099210739135799 ], [ -88.474266052245994, 21.0730495452881 ], [ -88.468818664550696, 21.058031082153299 ], [ -88.474807739257798, 21.024061203003001 ], [ -88.467437744140597, 21.010219573974599 ] ] ] } },
{ "type": "Feature", "properties": { "NAME_1": "Yucatán", "NAME_2": "Chacsinkín" }, "geometry": { "type": "Polygon", "coordinates": [ [ [ -88.974571228027301, 20.1738395690918 ], [ -89.003807067871094, 20.139570236206101 ], [ -89.042388916015597, 20.134141921997099 ], [ -89.064407348632798, 20.143531799316499 ], [ -89.087821960449205, 20.1216106414794 ], [ -89.118171691894503, 20.137960433960099 ], [ -89.116737365722699, 20.161870956420898 ], [ -89.128341674804702, 20.178520202636701 ], [ -89.107803344726506, 20.1904697418213 ], [ -89.053443908691307, 20.256650924682599 ], [ -89.052085876464801, 20.286720275878999 ], [ -89.01220703125, 20.2916793823243 ], [ -89.014717102050696, 20.229009628295898 ], [ -89.000129699707003, 20.2022304534913 ], [ -88.980827331542997, 20.191770553588999 ], [ -88.974571228027301, 20.1738395690918 ] ] ] } },
{ "type": "Feature", "properties": { "NAME_1": "Yucatán", "NAME_2": "Chankom" }, "geometry": { "type": "Polygon", "coordinates": [ [ [ -88.633041381835895, 20.354200363159201 ], [ -88.630989074707003, 20.403760910034201 ], [ -88.64892578125, 20.415180206298899 ], [ -88.672500610351605, 20.401590347290099 ], [ -88.678787231445298, 20.424480438232401 ], [ -88.611152648925795, 20.532470703125099 ], [ -88.603767395019503, 20.560819625854599 ], [ -88.604507446289105, 20.61602973938 ], [ -88.591423034667997, 20.612859725952202 ], [ -88.572418212890597, 20.626831054687599 ], [ -88.558647155761705, 20.6173610687256 ], [ -88.532341003417898, 20.620431900024499 ], [ -88.527297973632798, 20.605709075927699 ], [ -88.512718200683494, 20.6060905456543 ], [ -88.494621276855497, 20.5926704406738 ], [ -88.456848144531193, 20.615129470825099 ], [ -88.445503234863295, 20.601160049438601 ], [ -88.434791564941307, 20.529621124267599 ], [ -88.522163391113196, 20.443050384521499 ], [ -88.589225769042997, 20.3414001464844 ], [ -88.633041381835895, 20.354200363159201 ] ] ] } },
{ "type": "Feature", "properties": { "NAME_1": "Yucatán", "NAME_2": "Chapab" }, "geometry": { "type": "Polygon", "coordinates": [ [ [ -89.515701293945199, 20.3939609527588 ], [ -89.535438537597599, 20.426700592041101 ], [ -89.546768188476506, 20.427141189575298 ], [ -89.565856933593693, 20.410842895507798 ], [ -89.561042785644503, 20.451539993286101 ], [ -89.573013305664006, 20.461900711059599 ], [ -89.565567016601506, 20.503700256347599 ], [ -89.513175964355497, 20.493970870971701 ], [ -89.477676391601605, 20.5058917999268 ], [ -89.443550109863295, 20.496650695800799 ], [ -89.448272705078097, 20.471250534057599 ], [ -89.434577941894503, 20.459989547729499 ], [ -89.437149047851605, 20.446971893310501 ], [ -89.409233093261705, 20.423959732055799 ], [ -89.478706359863295, 20.3780212402344 ], [ -89.499572753906193, 20.3955001831056 ], [ -89.515701293945199, 20.3939609527588 ] ] ] } },
{ "type": "Feature", "properties": { "NAME_1": "Yucatán", "NAME_2": "Chemax" }, "geometry": { "type": "Polygon", "coordinates": [ [ [ -87.958442687988196, 20.456150054931602 ], [ -87.996276855468693, 20.528100967407301 ], [ -87.996665954589801, 20.542278289795 ], [ -87.9844970703125, 20.561479568481602 ], [ -87.988098144531193, 20.584730148315401 ], [ -88.030265808105497, 20.619060516357401 ], [ -88.035949707031193, 20.637939453125099 ], [ -88.025016784667898, 20.653049468994201 ], [ -88.030548095702997, 20.675399780273398 ], [ -88.063941955566406, 20.700580596923899 ], [ -88.068756103515597, 20.7129211425782 ], [ -88.060958862304602, 20.742309570312401 ], [ -88.033058166503906, 20.787450790405401 ], [ -88.001007080078097, 20.788841247558501 ], [ -87.956062316894403, 20.776260375976499 ], [ -87.936279296875, 20.781089782714801 ], [ -87.924911499023395, 20.790849685668899 ], [ -87.920440673828097, 20.824279785156399 ], [ -87.899757385253906, 20.8418903350831 ], [ -87.860015869140597, 20.899280548095799 ], [ -87.848030090332003, 20.896980285644599 ], [ -87.831306457519503, 20.8778381347657 ], [ -87.793518066406193, 20.866529464721701 ], [ -87.753532409667997, 20.889570236206101 ], [ -87.743156433105497, 20.9115390777587 ], [ -87.714782714843594, 20.922878265380898 ], [ -87.687316894531094, 20.919490814208999 ], [ -87.643829345702997, 20.891149520874102 ], [ -87.611473083495994, 20.927909851074201 ], [ -87.548423767089801, 20.9314403533937 ], [ -87.596298217773395, 20.841171264648398 ], [ -87.600807189941307, 20.783220291137699 ], [ -87.635490417480497, 20.742570877075199 ], [ -87.651367187499901, 20.670209884643601 ], [ -87.690086364745994, 20.630609512329102 ], [ -87.748992919921804, 20.608089447021602 ], [ -87.874076843261705, 20.506759643554702 ], [ -87.958442687988196, 20.456150054931602 ] ] ] } },
{ "type": "Feature", "properties": { "NAME_1": "Yucatán", "NAME_2": "Chichimilá" }, "geometry": { "type": "Polygon", "coordinates": [ [ [ -88.256401062011705, 20.373189926147401 ], [ -88.2669677734375, 20.3982028961182 ], [ -88.264137268066406, 20.434169769287099 ], [ -88.282707214355497, 20.468481063842798 ], [ -88.259178161621094, 20.514669418335099 ], [ -88.273567199707003, 20.558122634887699 ], [ -88.268081665039006, 20.595399856567401 ], [ -88.248466491699205, 20.6101894378663 ], [ -88.234352111816406, 20.641059875488299 ], [ -88.221687316894503, 20.646469116211001 ], [ -88.184326171875, 20.5920505523681 ], [ -88.173393249511705, 20.545520782470799 ], [ -88.121437072753906, 20.487840652465898 ], [ -88.147987365722699, 20.456300735473601 ], [ -88.165138244628906, 20.462560653686602 ], [ -88.212158203125, 20.441560745239201 ], [ -88.256401062011705, 20.373189926147401 ] ] ] } },
{ "type": "Feature", "properties": { "NAME_1": "Yucatán", "NAME_2": "Chicxulub Pueblo" }, "geometry": { "type": "Polygon", "coordinates": [ [ [ -89.540962219238196, 21.309303283691499 ], [ -89.546867370605398, 21.265661239623999 ], [ -89.532836914062401, 21.2103195190431 ], [ -89.542640686035199, 21.150882720947301 ], [ -89.533149719238196, 21.125810623168999 ], [ -89.572441101074205, 21.113451004028398 ], [ -89.611312866210895, 21.128339767456101 ], [ -89.607200622558594, 21.195461273193398 ], [ -89.617736816406193, 21.219110488891701 ], [ -89.606369018554602, 21.251581192016701 ], [ -89.6378173828125, 21.2904167175293 ], [ -89.540962219238196, 21.309303283691499 ] ] ] } },
{ "type": "Feature", "properties": { "NAME_1": "Yucatán", "NAME_2": "Chikindzonot" }, "geometry": { "type": "Polygon", "coordinates": [ [ [ -88.603462219238295, 20.2488193511963 ], [ -88.642356872558594, 20.347410202026499 ], [ -88.629692077636705, 20.3544406890869 ], [ -88.589225769042997, 20.3414001464844 ], [ -88.526657104492202, 20.4374008178712 ], [ -88.502616882324105, 20.460599899291999 ], [ -88.505477905273295, 20.379610061645501 ], [ -88.471740722656193, 20.411701202392599 ], [ -88.459068298339801, 20.441350936889702 ], [ -88.442222595214801, 20.457910537719801 ], [ -88.440505981445298, 20.4264526367187 ], [ -88.460617065429602, 20.369750976562599 ], [ -88.459220886230398, 20.338779449463001 ], [ -88.445739746093693, 20.318901062011701 ], [ -88.476753234863196, 20.2983798980713 ], [ -88.504081726074205, 20.2954807281494 ], [ -88.538970947265597, 20.2670803070069 ], [ -88.547897338867102, 20.2488327026368 ], [ -88.603462219238295, 20.2488193511963 ] ] ] } },
{ "type": "Feature", "properties": { "NAME_1": "Yucatán", "NAME_2": "Chocholá" }, "geometry": { "type": "Polygon", "coordinates": [ [ [ -89.857116699218594, 20.683050155639702 ], [ -89.896026611327997, 20.6697483062744 ], [ -89.930892944335895, 20.6910610198975 ], [ -90.022743225097599, 20.642650604248001 ], [ -90.036056518554702, 20.618362426757798 ], [ -90.059341430664105, 20.612340927124102 ], [ -90.101013183593807, 20.634378433227699 ], [ -90.076408386230497, 20.698980331420898 ], [ -90.057678222656094, 20.702302932739201 ], [ -90.013236999511605, 20.737379074096701 ], [ -89.954483032226506, 20.755029678344801 ], [ -89.934600830078097, 20.752620697021499 ], [ -89.884109497070199, 20.784032821655199 ], [ -89.882263183593693, 20.760820388794102 ], [ -89.834449768066406, 20.7188396453857 ], [ -89.818717956542997, 20.719768524169901 ], [ -89.813690185546804, 20.706190109253001 ], [ -89.813102722167997, 20.692449569702301 ], [ -89.857116699218594, 20.683050155639702 ] ] ] } },
{ "type": "Feature", "properties": { "NAME_1": "Yucatán", "NAME_2": "Chumayel" }, "geometry": { "type": "Polygon", "coordinates": [ [ [ -89.292259216308494, 20.4057006835938 ], [ -89.327667236328097, 20.375410079956101 ], [ -89.352386474609403, 20.385160446167099 ], [ -89.379386901855398, 20.3819503784181 ], [ -89.39640045166, 20.4267902374268 ], [ -89.377922058105497, 20.449050903320401 ], [ -89.361167907714801, 20.454349517822401 ], [ -89.323020935058594, 20.4268798828125 ], [ -89.297515869140597, 20.437231063842901 ], [ -89.292259216308494, 20.4057006835938 ] ] ] } },
{ "type": "Feature", "properties": { "NAME_1": "Yucatán", "NAME_2": "Conkal" }, "geometry": { "type": "Polygon", "coordinates": [ [ [ -89.511611938476605, 21.084190368652401 ], [ -89.546966552734304, 21.043500900268601 ], [ -89.571090698242102, 21.035539627075199 ], [ -89.588096618652301, 21.0660095214844 ], [ -89.613067626953097, 21.075620651245199 ], [ -89.620056152343807, 21.123720169067401 ], [ -89.605812072753807, 21.1296310424806 ], [ -89.563606262207003, 21.113399505615199 ], [ -89.511466979980497, 21.1287307739257 ], [ -89.502937316894503, 21.108261108398501 ], [ -89.511611938476605, 21.084190368652401 ] ] ] } },
{ "type": "Feature", "properties": { "NAME_1": "Yucatán", "NAME_2": "Cuncunul" }, "geometry": { "type": "Polygon", "coordinates": [ [ [ -88.396507263183594, 20.539131164550898 ], [ -88.411827087402202, 20.565080642700298 ], [ -88.411788940429602, 20.624771118164201 ], [ -88.376213073730497, 20.636859893798899 ], [ -88.366256713867202, 20.689470291137798 ], [ -88.315956115722599, 20.6909294128418 ], [ -88.317451477050795, 20.678319931030401 ], [ -88.299507141113295, 20.638200759887798 ], [ -88.324226379394503, 20.572280883789102 ], [ -88.318771362304702, 20.564910888671999 ], [ -88.369056701660199, 20.5571098327637 ], [ -88.381027221679702, 20.538089752197401 ], [ -88.396507263183594, 20.539131164550898 ] ] ] } },
{ "type": "Feature", "properties": { "NAME_1": "Yucatán", "NAME_2": "Cuzamá" }, "geometry": { "type": "Polygon", "coordinates": [ [ [ -89.357749938964801, 20.769670486450199 ], [ -89.315780639648395, 20.676620483398501 ], [ -89.286453247070298, 20.6585998535156 ], [ -89.279586791992202, 20.6332607269288 ], [ -89.314987182617202, 20.593492507934599 ], [ -89.334991455078097, 20.602310180663999 ], [ -89.357666015624901, 20.590030670166001 ], [ -89.375877380370994, 20.594619750976701 ], [ -89.387992858886705, 20.6212482452393 ], [ -89.353210449218807, 20.6764106750488 ], [ -89.354339599609304, 20.687810897827202 ], [ -89.393592834472699, 20.687191009521499 ], [ -89.414527893066406, 20.699409484863299 ], [ -89.357749938964801, 20.769670486450199 ] ] ] } },
{ "type": "Feature", "properties": { "NAME_1": "Yucatán", "NAME_2": "Dzan" }, "geometry": { "type": "Polygon", "coordinates": [ [ [ -89.469017028808594, 20.3114929199219 ], [ -89.532516479492202, 20.354650497436602 ], [ -89.515701293945199, 20.3939609527588 ], [ -89.496612548828097, 20.394220352173001 ], [ -89.481140136718807, 20.3779392242432 ], [ -89.469017028808594, 20.3114929199219 ] ] ] } },
{ "type": "Feature", "properties": { "NAME_1": "Yucatán", "NAME_2": "Dzemul" }, "geometry": { "type": "Polygon", "coordinates": [ [ [ -89.294067382812401, 21.2671298980713 ], [ -89.297500610351406, 21.232059478759801 ], [ -89.325271606445298, 21.208421707153398 ], [ -89.312828063964801, 21.1639499664307 ], [ -89.323699951171804, 21.158590316772599 ], [ -89.346488952636705, 21.162849426269599 ], [ -89.370475769042997, 21.206090927124102 ], [ -89.421287536620994, 21.238040924072301 ], [ -89.432083129882798, 21.277679443359499 ], [ -89.428260803222699, 21.325416564941399 ], [ -89.387191772460895, 21.331249237060501 ], [ -89.381271362304702, 21.308059692382798 ], [ -89.359222412109403, 21.2825527191163 ], [ -89.340911865234403, 21.274101257324201 ], [ -89.303047180175795, 21.285779953003001 ], [ -89.294067382812401, 21.2671298980713 ] ] ] } },
{ "type": "Feature", "properties": { "NAME_1": "Yucatán", "NAME_2": "Dzidzantún" }, "geometry": { "type": "Polygon", "coordinates": [ [ [ -89.074539184570298, 21.2050495147706 ], [ -89.083580017089801, 21.230659484863299 ], [ -89.0703125, 21.259729385376001 ], [ -89.075256347656193, 21.283220291137798 ], [ -89.050651550292997, 21.329839706421001 ], [ -89.064117431640597, 21.367916107177798 ], [ -88.969169616699205, 21.382638931274499 ], [ -88.983680725097699, 21.351089477539201 ], [ -89.006401062011705, 21.3283195495607 ], [ -88.968322753906193, 21.310300827026399 ], [ -88.969551086425795, 21.2865390777588 ], [ -88.951927185058594, 21.2794094085693 ], [ -88.949958801269503, 21.250999450683501 ], [ -88.957466125488295, 21.250860214233501 ], [ -88.970481872558494, 21.225170135498001 ], [ -89.001472473144503, 21.209661483764702 ], [ -89.012863159179702, 21.1906719207763 ], [ -89.028213500976605, 21.1934318542482 ], [ -89.056549072265597, 21.165941238403398 ], [ -89.072456359863295, 21.174512863159201 ], [ -89.074539184570298, 21.2050495147706 ] ] ] } },
{ "type": "Feature", "properties": { "NAME_1": "Yucatán", "NAME_2": "Dzilam de Bravo" }, "geometry": { "type": "Polygon", "coordinates": [ [ [ -88.782081604003906, 21.423194885253999 ], [ -88.7379150390625, 21.430414199829201 ], [ -88.698471069335895, 21.4509716033937 ], [ -88.694305419921804, 21.4506950378419 ], [ -88.732360839843807, 21.4226398468018 ], [ -88.726806640624901, 21.423194885253999 ], [ -88.677421569824105, 21.459621429443398 ], [ -88.640693664550696, 21.468471527099702 ], [ -88.627639770507699, 21.486528396606499 ], [ -88.633468627929702, 21.497085571289102 ], [ -88.651527404785199, 21.472917556762699 ], [ -88.665695190429602, 21.4723606109619 ], [ -88.693748474121094, 21.454582214355501 ], [ -88.628753662109304, 21.5148620605469 ], [ -88.608192443847699, 21.524585723877099 ], [ -88.5244522094725, 21.534027099609499 ], [ -88.497673034667997, 21.512130737304702 ], [ -88.527336120605497, 21.482282638549901 ], [ -88.514678955078097, 21.441280364990199 ], [ -88.526206970214801, 21.413511276245099 ], [ -88.545677185058594, 21.4109706878662 ], [ -88.562652587890597, 21.4251518249512 ], [ -88.583312988281193, 21.417789459228501 ], [ -88.603431701660199, 21.423601150512798 ], [ -88.631202697753906, 21.419090270996101 ], [ -88.650207519531193, 21.429082870483501 ], [ -88.666778564453097, 21.410720825195401 ], [ -88.684501647949205, 21.406669616699201 ], [ -88.665946960449205, 21.3756198883057 ], [ -88.685760498046903, 21.355119705200298 ], [ -88.705825805664006, 21.356119155883899 ], [ -88.735977172851406, 21.342390060424901 ], [ -88.793289184570298, 21.350929260253999 ], [ -88.894309997558594, 21.351539611816399 ], [ -88.919860839843807, 21.3873920440675 ], [ -88.840972900390597, 21.3981952667237 ], [ -88.782081604003906, 21.423194885253999 ] ] ] } },
{ "type": "Feature", "properties": { "NAME_1": "Yucatán", "NAME_2": "Dzilam González" }, "geometry": { "type": "Polygon", "coordinates": [ [ [ -88.844306945800696, 21.239549636840898 ], [ -88.916969299316307, 21.259620666503899 ], [ -88.948799133300795, 21.255140304565401 ], [ -88.951927185058594, 21.2794094085693 ], [ -88.969551086425795, 21.2865390777588 ], [ -88.968322753906193, 21.310300827026399 ], [ -89.006401062011705, 21.3283195495607 ], [ -88.983680725097699, 21.351089477539201 ], [ -88.969169616699205, 21.382638931274499 ], [ -88.919860839843807, 21.3873920440675 ], [ -88.894309997558594, 21.351539611816399 ], [ -88.793289184570298, 21.350929260253999 ], [ -88.735977172851406, 21.342390060424901 ], [ -88.676536560058494, 21.361539840698399 ], [ -88.666236877441307, 21.380010604858501 ], [ -88.684501647949205, 21.406669616699201 ], [ -88.666778564453097, 21.410720825195401 ], [ -88.650207519531193, 21.429082870483501 ], [ -88.631202697753906, 21.419090270996101 ], [ -88.603431701660199, 21.423601150512798 ], [ -88.583312988281193, 21.417789459228501 ], [ -88.559516906738196, 21.424760818481602 ], [ -88.542976379394503, 21.406421661376999 ], [ -88.555099487304702, 21.358079910278299 ], [ -88.574577331542997, 21.350959777831999 ], [ -88.589469909667898, 21.3201198577881 ], [ -88.619293212890597, 21.3000507354737 ], [ -88.707206726074205, 21.307790756225501 ], [ -88.772453308105497, 21.2999801635743 ], [ -88.792877197265597, 21.284889221191499 ], [ -88.809181213378906, 21.292060852050799 ], [ -88.844306945800696, 21.239549636840898 ] ] ] } },
{ "type": "Feature", "properties": { "NAME_1": "Yucatán", "NAME_2": "Dzitás" }, "geometry": { "type": "Polygon", "coordinates": [ [ [ -88.563316345214801, 20.8159694671631 ], [ -88.564407348632798, 20.8530807495118 ], [ -88.534858703613295, 20.889980316162202 ], [ -88.562286376953097, 20.897010803222699 ], [ -88.551887512207003, 20.9109497070312 ], [ -88.518997192382798, 20.934839248657202 ], [ -88.481101989746094, 20.9256706237794 ], [ -88.472946166992102, 20.9311828613281 ], [ -88.466293334960895, 20.9581699371338 ], [ -88.487869262695298, 20.967121124267599 ], [ -88.480041503906193, 20.999691009521602 ], [ -88.467437744140597, 21.010219573974599 ], [ -88.460662841796903, 21.003839492798001 ], [ -88.439666748046804, 21.0104598999025 ], [ -88.417900085449205, 20.995929718017599 ], [ -88.394706726074205, 21.018529891967798 ], [ -88.382667541503906, 21.016679763793899 ], [ -88.376480102539105, 20.994211196899499 ], [ -88.359336853027301, 20.972681045532301 ], [ -88.401359558105497, 20.920080184936499 ], [ -88.448150634765597, 20.910129547119201 ], [ -88.451522827148395, 20.8939094543457 ], [ -88.438949584960895, 20.867940902710099 ], [ -88.451416015625, 20.846389770507901 ], [ -88.462150573730398, 20.792140960693501 ], [ -88.481788635253807, 20.7677326202393 ], [ -88.517776489257699, 20.756229400634801 ], [ -88.531517028808594, 20.7888107299806 ], [ -88.563316345214801, 20.8159694671631 ] ] ] } },
{ "type": "Feature", "properties": { "NAME_1": "Yucatán", "NAME_2": "Dzoncauich" }, "geometry": { "type": "Polygon", "coordinates": [ [ [ -88.894515991210895, 20.970870971679702 ], [ -88.886306762695298, 21.004938125610501 ], [ -88.910217285156094, 21.0441417694093 ], [ -88.913116455078097, 21.084339141845799 ], [ -88.940193176269503, 21.120929718017599 ], [ -88.938507080078097, 21.131099700927798 ], [ -88.823280334472699, 21.157190322876101 ], [ -88.807540893554702, 21.167539596557699 ], [ -88.778053283691406, 21.159570693969801 ], [ -88.766517639160199, 21.130100250244201 ], [ -88.768829345703097, 21.096260070800898 ], [ -88.749961853027301, 21.107620239257798 ], [ -88.736686706542997, 21.101310729980501 ], [ -88.728401184082003, 21.059930801391499 ], [ -88.765762329101605, 21.0116996765138 ], [ -88.794250488281094, 21.006080627441499 ], [ -88.798522949218693, 20.976600646972699 ], [ -88.834381103515597, 20.981178283691499 ], [ -88.839996337890597, 20.958431243896499 ], [ -88.852058410644503, 20.9664707183837 ], [ -88.894515991210895, 20.970870971679702 ] ] ] } },
{ "type": "Feature", "properties": { "NAME_1": "Yucatán", "NAME_2": "Espita" }, "geometry": { "type": "Polygon", "coordinates": [ [ [ -88.391830444335895, 20.809040069580099 ], [ -88.408676147460795, 20.846389770507901 ], [ -88.426338195800795, 20.8543796539307 ], [ -88.438171386718807, 20.845689773559702 ], [ -88.449996948242202, 20.849220275878999 ], [ -88.438049316406094, 20.872400283813601 ], [ -88.452110290527301, 20.9016227722169 ], [ -88.434906005859304, 20.9179306030275 ], [ -88.401359558105497, 20.920080184936499 ], [ -88.359436035156193, 20.9764308929444 ], [ -88.376480102539105, 20.994211196899499 ], [ -88.385406494140497, 21.017972946166999 ], [ -88.394706726074205, 21.018529891967798 ], [ -88.417900085449205, 20.995929718017599 ], [ -88.437309265136705, 21.0100612640381 ], [ -88.460662841796903, 21.003839492798001 ], [ -88.469879150390597, 21.013900756836101 ], [ -88.474456787109304, 21.069780349731499 ], [ -88.462776184082003, 21.099210739135799 ], [ -88.464279174804602, 21.134580612182699 ], [ -88.399353027343807, 21.109741210937599 ], [ -88.380859375, 21.111450195312599 ], [ -88.355735778808494, 21.1319599151612 ], [ -88.324928283691307, 21.117580413818299 ], [ -88.305496215820298, 21.122739791870199 ], [ -88.2674560546875, 21.109188079833899 ], [ -88.266006469726406, 21.081031799316499 ], [ -88.246856689453097, 21.063249588012798 ], [ -88.257347106933594, 21.033069610595799 ], [ -88.258346557617102, 20.981258392333999 ], [ -88.276016235351506, 20.924940109253001 ], [ -88.269569396972699, 20.901760101318398 ], [ -88.296592712402301, 20.872310638427699 ], [ -88.298477172851605, 20.841089248657301 ], [ -88.335418701171804, 20.801540374755898 ], [ -88.391830444335895, 20.809040069580099 ] ] ] } },
{ "type": "Feature", "properties": { "NAME_1": "Yucatán", "NAME_2": "Halachó" }, "geometry": { "type": "Polygon", "coordinates": [ [ [ -89.765586853027301, 20.4439792633057 ], [ -89.800727844238196, 20.366401672363299 ], [ -89.868629455566307, 20.348270416259801 ], [ -89.913932800292898, 20.349971771240298 ], [ -89.951568603515597, 20.335939407348601 ], [ -89.954536437988295, 20.3507595062256 ], [ -89.966590881347599, 20.358238220214901 ], [ -89.966598510742102, 20.403480529785199 ], [ -89.994659423828097, 20.426591873168999 ], [ -90.010307312011705, 20.467420578002901 ], [ -90.037872314453097, 20.4605598449707 ], [ -90.067680358886705, 20.403650283813501 ], [ -90.078292846679702, 20.3974914550781 ], [ -90.135162353515597, 20.440980911255 ], [ -90.180618286132798, 20.4256706237794 ], [ -90.218940734863196, 20.500810623168999 ], [ -90.243927001952997, 20.513099670410199 ], [ -90.233551025390597, 20.5506706237794 ], [ -90.219871520995994, 20.555280685424901 ], [ -90.164405822753906, 20.524101257324201 ], [ -90.069946289062401, 20.532659530639599 ], [ -90.030708312988295, 20.4901428222657 ], [ -89.990928649902301, 20.5059108734132 ], [ -89.961441040039006, 20.4845905303956 ], [ -89.918663024902301, 20.488397598266701 ], [ -89.893127441406193, 20.4416809082032 ], [ -89.8665771484375, 20.423959732055799 ], [ -89.831703186035199, 20.417251586914201 ], [ -89.780601501464801, 20.446680068969801 ], [ -89.765586853027301, 20.4439792633057 ] ] ] } },
{ "type": "Feature", "properties": { "NAME_1": "Yucatán", "NAME_2": "Hocabá" }, "geometry": { "type": "Polygon", "coordinates": [ [ [ -89.090316772460895, 20.7952785491943 ], [ -89.099800109863196, 20.744440078735501 ], [ -89.128082275390597, 20.743709564209102 ], [ -89.164436340332003, 20.7260017395019 ], [ -89.205368041992102, 20.725389480590799 ], [ -89.222328186035099, 20.7276306152344 ], [ -89.217247009277301, 20.760839462280298 ], [ -89.224037170410099, 20.7823810577394 ], [ -89.237411499023395, 20.780218124389599 ], [ -89.274246215820298, 20.798089981079102 ], [ -89.294273376464801, 20.797021865844801 ], [ -89.300132751464801, 20.8094997406006 ], [ -89.261047363281193, 20.851028442382798 ], [ -89.234931945800696, 20.845792770385899 ], [ -89.230926513671804, 20.821479797363299 ], [ -89.185661315917997, 20.835069656372099 ], [ -89.090316772460895, 20.7952785491943 ] ] ] } },
{ "type": "Feature", "properties": { "NAME_1": "Yucatán", "NAME_2": "Hoctún" }, "geometry": { "type": "Polygon", "coordinates": [ [ [ -89.250869750976406, 20.848770141601602 ], [ -89.245391845703097, 20.879369735717901 ], [ -89.2174072265625, 20.899850845336999 ], [ -89.220108032226605, 20.910720825195298 ], [ -89.242256164550696, 20.923589706421001 ], [ -89.255157470702997, 20.9658508300781 ], [ -89.236907958984304, 20.983720779418999 ], [ -89.219131469726605, 20.975460052490298 ], [ -89.181831359863295, 20.976720809936499 ], [ -89.170066833495994, 20.931200027465799 ], [ -89.141929626464801, 20.9227008819581 ], [ -89.130096435546804, 20.9051418304443 ], [ -89.109580993652301, 20.898242950439499 ], [ -89.112167358398395, 20.875320434570401 ], [ -89.130065917968807, 20.867429733276399 ], [ -89.162452697753807, 20.861118316650401 ], [ -89.199806213378906, 20.868431091308601 ], [ -89.232276916503906, 20.846771240234499 ], [ -89.250869750976406, 20.848770141601602 ] ] ] } },
{ "type": "Feature", "properties": { "NAME_1": "Yucatán", "NAME_2": "Homún" }, "geometry": { "type": "Polygon", "coordinates": [ [ [ -89.162322998046903, 20.625209808349702 ], [ -89.212509155273395, 20.6014709472657 ], [ -89.237525939941406, 20.610141754150401 ], [ -89.282646179199205, 20.576169967651399 ], [ -89.314987182617202, 20.593492507934599 ], [ -89.279586791992202, 20.6332607269288 ], [ -89.286453247070298, 20.6585998535156 ], [ -89.315780639648395, 20.676620483398501 ], [ -89.328163146972699, 20.715179443359499 ], [ -89.343399047851605, 20.733930587768601 ], [ -89.357749938964801, 20.769670486450199 ], [ -89.352836608886705, 20.796680450439499 ], [ -89.271141052246094, 20.796960830688501 ], [ -89.266319274902202, 20.7849216461182 ], [ -89.281608581542997, 20.759290695190401 ], [ -89.248069763183494, 20.732362747192401 ], [ -89.222328186035099, 20.7276306152344 ], [ -89.226593017578097, 20.716459274292099 ], [ -89.190269470214801, 20.6922512054444 ], [ -89.173736572265597, 20.636779785156399 ], [ -89.162322998046903, 20.625209808349702 ] ] ] } },
{ "type": "Feature", "properties": { "NAME_1": "Yucatán", "NAME_2": "Huhí" }, "geometry": { "type": "Polygon", "coordinates": [ [ [ -89.222328186035099, 20.7276306152344 ], [ -89.164436340332003, 20.7260017395019 ], [ -89.128082275390597, 20.743709564209102 ], [ -89.099800109863196, 20.744440078735501 ], [ -89.092880249023395, 20.715681076049901 ], [ -89.074066162109403, 20.6850605010987 ], [ -89.076568603515597, 20.658821105956999 ], [ -89.066970825195298, 20.646520614623999 ], [ -89.068733215332003, 20.633970260620099 ], [ -89.114433288574205, 20.646240234375 ], [ -89.162322998046903, 20.625209808349702 ], [ -89.173736572265597, 20.636779785156399 ], [ -89.186386108398395, 20.686460494995199 ], [ -89.226593017578097, 20.716459274292099 ], [ -89.222328186035099, 20.7276306152344 ] ] ] } },
{ "type": "Feature", "properties": { "NAME_1": "Yucatán", "NAME_2": "Hunucmá" }, "geometry": { "type": "GeometryCollection", "geometries": [ { "type": "Polygon", "coordinates": [ [ [ -89.871932983398395, 21.233749389648501 ], [ -89.888473510742102, 21.2312507629394 ], [ -89.890419006347699, 21.233472824096701 ], [ -89.874862670898395, 21.239027023315501 ], [ -89.871932983398395, 21.233749389648501 ] ] ] }, { "type": "Polygon", "coordinates": [ [ [ -89.828453063964801, 21.0990600585938 ], [ -89.832336425781193, 21.031190872192401 ], [ -89.796592712402301, 21.000020980835 ], [ -89.802940368652301, 20.946500778198399 ], [ -89.796089172363295, 20.928390502929702 ], [ -89.809829711914105, 20.9179706573487 ], [ -89.867385864257798, 20.916671752929702 ], [ -89.903388977050795, 20.906761169433601 ], [ -89.959991455078097, 20.967100143432699 ], [ -90.003616333007798, 21.041360855102599 ], [ -90.027496337890597, 21.0423603057862 ], [ -90.064598083496094, 21.0276603698731 ], [ -90.086906433105497, 21.031650543212901 ], [ -90.128143310546804, 21.060310363769499 ], [ -90.161247253417898, 21.118749618530401 ], [ -90.095443725585795, 21.155471801757798 ], [ -89.997360229492202, 21.175695419311602 ], [ -89.890693664550795, 21.2331943511963 ], [ -89.901252746582003, 21.224859237670898 ], [ -89.889030456542898, 21.226249694824201 ], [ -89.891525268554602, 21.224859237670898 ], [ -89.885696411132798, 21.216249465942401 ], [ -89.873191833496094, 21.2215270996094 ], [ -89.880142211914105, 21.225694656372099 ], [ -89.868408203125, 21.2248859405519 ], [ -89.830093383789006, 21.133430480957099 ], [ -89.828453063964801, 21.0990600585938 ] ] ] }, { "type": "Polygon", "coordinates": [ [ [ -89.874862670898395, 21.2323608398438 ], [ -89.874031066894503, 21.229028701782301 ], [ -89.876808166503906, 21.2270812988282 ], [ -89.877639770507798, 21.231807708740298 ], [ -89.874862670898395, 21.2323608398438 ] ] ] }, { "type": "Polygon", "coordinates": [ [ [ -89.870277404785, 21.2295856475831 ], [ -89.870414733886705, 21.2295856475831 ], [ -89.870414733886705, 21.229930877685501 ], [ -89.870277404785, 21.2295856475831 ] ] ] }, { "type": "Polygon", "coordinates": [ [ [ -89.889030456542898, 21.2298603057862 ], [ -89.883193969726605, 21.2279167175294 ], [ -89.887641906738295, 21.2215270996094 ], [ -89.885696411132798, 21.226528167724599 ], [ -89.889030456542898, 21.2298603057862 ] ] ] } ] } },
{ "type": "Feature", "properties": { "NAME_1": "Yucatán", "NAME_2": "Ixil" }, "geometry": { "type": "Polygon", "coordinates": [ [ [ -89.540962219238196, 21.309303283691499 ], [ -89.428260803222699, 21.325416564941399 ], [ -89.432083129882798, 21.277679443359499 ], [ -89.421127319335895, 21.228801727294901 ], [ -89.437705993652301, 21.1898307800294 ], [ -89.453979492187401, 21.172548294067401 ], [ -89.467117309570298, 21.127759933471701 ], [ -89.505218505859403, 21.1197395324707 ], [ -89.518096923828097, 21.128379821777301 ], [ -89.534446716308594, 21.120920181274499 ], [ -89.542793273925795, 21.167791366577099 ], [ -89.532775878906094, 21.219810485839901 ], [ -89.546867370605398, 21.265661239623999 ], [ -89.540962219238196, 21.309303283691499 ] ] ] } },
{ "type": "Feature", "properties": { "NAME_1": "Yucatán", "NAME_2": "Izamal" }, "geometry": { "type": "Polygon", "coordinates": [ [ [ -88.845397949218807, 20.890230178833001 ], [ -88.942855834960895, 20.869039535522599 ], [ -89.010398864746094, 20.9096775054932 ], [ -89.048240661621094, 20.894130706787202 ], [ -89.021026611328097, 20.865230560302699 ], [ -89.076393127441406, 20.8501281738281 ], [ -89.112167358398395, 20.875320434570401 ], [ -89.109580993652301, 20.898242950439499 ], [ -89.130096435546804, 20.9051418304443 ], [ -89.141929626464801, 20.9227008819581 ], [ -89.170066833495994, 20.931200027465799 ], [ -89.172157287597599, 20.958021163940401 ], [ -89.122886657714702, 20.999000549316499 ], [ -89.051208496093807, 20.9988708496094 ], [ -89.049957275390597, 20.9815406799318 ], [ -89.039497375488196, 20.975549697876001 ], [ -89.011405944824205, 20.982530593872099 ], [ -88.988868713378807, 20.977029800415099 ], [ -88.968406677246094, 20.99049949646 ], [ -88.858016967773395, 20.964120864868299 ], [ -88.845397949218807, 20.890230178833001 ] ] ] } },
{ "type": "Feature", "properties": { "NAME_1": "Yucatán", "NAME_2": "Kanasín" }, "geometry": { "type": "Polygon", "coordinates": [ [ [ -89.560333251952997, 20.860000610351602 ], [ -89.596969604492202, 20.866661071777301 ], [ -89.599540710449205, 20.903190612793001 ], [ -89.622390747070298, 20.924180984497099 ], [ -89.620086669921903, 20.9352111816407 ], [ -89.548736572265597, 20.952449798583999 ], [ -89.529647827148395, 20.923589706421001 ], [ -89.539642333984304, 20.888700485229599 ], [ -89.556213378906193, 20.8847980499269 ], [ -89.560333251952997, 20.860000610351602 ] ] ] } },
{ "type": "Feature", "properties": { "NAME_1": "Yucatán", "NAME_2": "Kantunil" }, "geometry": { "type": "Polygon", "coordinates": [ [ [ -89.090316772460895, 20.7952785491943 ], [ -89.075866699218594, 20.822570800781399 ], [ -89.076393127441406, 20.8501281738281 ], [ -89.021026611328097, 20.865230560302699 ], [ -88.998481750488295, 20.855060577392599 ], [ -88.932395935058594, 20.8029804229737 ], [ -88.928886413574205, 20.7765407562257 ], [ -88.937927246093807, 20.7252426147462 ], [ -88.985786437988295, 20.724531173706101 ], [ -89.009117126464801, 20.737979888916101 ], [ -89.031745910644503, 20.7312526702881 ], [ -89.056396484374901, 20.744470596313501 ], [ -89.099800109863196, 20.744440078735501 ], [ -89.090316772460895, 20.7952785491943 ] ] ] } },
{ "type": "Feature", "properties": { "NAME_1": "Yucatán", "NAME_2": "Kaua" }, "geometry": { "type": "Polygon", "coordinates": [ [ [ -88.532341003417898, 20.620431900024499 ], [ -88.531005859374901, 20.648790359497099 ], [ -88.486297607421804, 20.655391693115298 ], [ -88.469856262207003, 20.673650741577099 ], [ -88.434600830078097, 20.692138671874901 ], [ -88.430610656738196, 20.682090759277301 ], [ -88.417190551757798, 20.6923503875732 ], [ -88.366256713867202, 20.689470291137798 ], [ -88.376213073730497, 20.636859893798899 ], [ -88.390617370605398, 20.6273899078369 ], [ -88.410369873046804, 20.6273708343506 ], [ -88.413406372070298, 20.619819641113398 ], [ -88.411827087402202, 20.565080642700298 ], [ -88.396507263183594, 20.539131164550898 ], [ -88.410400390625, 20.523260116577301 ], [ -88.436782836914006, 20.532190322876001 ], [ -88.445503234863295, 20.601160049438601 ], [ -88.456848144531193, 20.615129470825099 ], [ -88.494621276855497, 20.5926704406738 ], [ -88.512718200683494, 20.6060905456543 ], [ -88.527297973632798, 20.605709075927699 ], [ -88.532341003417898, 20.620431900024499 ] ] ] } },
{ "type": "Feature", "properties": { "NAME_1": "Yucatán", "NAME_2": "Kinchil" }, "geometry": { "type": "Polygon", "coordinates": [ [ [ -89.904190063476605, 20.907762527465799 ], [ -89.910842895507798, 20.888492584228601 ], [ -89.938766479492202, 20.868000030517599 ], [ -89.976806640624901, 20.816970825195401 ], [ -90.030708312988295, 20.809099197387798 ], [ -90.077980041503807, 20.787879943847798 ], [ -90.084747314453097, 20.7865085601807 ], [ -90.104766845703097, 20.806901931762798 ], [ -90.121009826660199, 20.848411560058601 ], [ -90.090011596679702, 20.873781204223601 ], [ -90.111938476562401, 20.8990383148193 ], [ -90.095947265625, 20.936559677124102 ], [ -90.069908142089801, 20.913650512695298 ], [ -89.992477416992202, 20.9054698944093 ], [ -89.937347412109403, 20.9439411163331 ], [ -89.904190063476605, 20.907762527465799 ] ] ] } },
{ "type": "Feature", "properties": { "NAME_1": "Yucatán", "NAME_2": "Kopomá" }, "geometry": { "type": "Polygon", "coordinates": [ [ [ -89.837646484374901, 20.6624984741212 ], [ -89.897956848144503, 20.5955200195313 ], [ -89.938186645507798, 20.581680297851701 ], [ -89.961578369140597, 20.6057224273682 ], [ -89.983650207519503, 20.602800369262699 ], [ -89.993286132812401, 20.610002517700199 ], [ -89.972633361816406, 20.640949249267599 ], [ -89.971458435058494, 20.6679496765137 ], [ -89.930892944335895, 20.6910610198975 ], [ -89.896026611327997, 20.6697483062744 ], [ -89.857116699218594, 20.683050155639702 ], [ -89.837646484374901, 20.6624984741212 ] ] ] } },
{ "type": "Feature", "properties": { "NAME_1": "Yucatán", "NAME_2": "Mama" }, "geometry": { "type": "Polygon", "coordinates": [ [ [ -89.39640045166, 20.4267902374268 ], [ -89.409233093261705, 20.423959732055799 ], [ -89.437149047851605, 20.446971893310501 ], [ -89.434577941894503, 20.459989547729499 ], [ -89.448272705078097, 20.471250534057599 ], [ -89.443550109863295, 20.496650695800799 ], [ -89.398246765136705, 20.500129699706999 ], [ -89.347633361816307, 20.4912204742432 ], [ -89.314247131347699, 20.4628524780275 ], [ -89.315376281738295, 20.428831100463999 ], [ -89.323020935058594, 20.4268798828125 ], [ -89.366386413574205, 20.454450607299801 ], [ -89.39640045166, 20.4267902374268 ] ] ] } },
{ "type": "Feature", "properties": { "NAME_1": "Yucatán", "NAME_2": "Maní" }, "geometry": { "type": "Polygon", "coordinates": [ [ [ -89.324485778808494, 20.305580139160199 ], [ -89.406433105468807, 20.2936096191407 ], [ -89.469017028808594, 20.3114929199219 ], [ -89.481140136718807, 20.3779392242432 ], [ -89.39640045166, 20.4267902374268 ], [ -89.379386901855398, 20.3819503784181 ], [ -89.352386474609403, 20.385160446167099 ], [ -89.327667236328097, 20.375410079956101 ], [ -89.337486267089801, 20.362279891967901 ], [ -89.324485778808494, 20.305580139160199 ] ] ] } },
{ "type": "Feature", "properties": { "NAME_1": "Yucatán", "NAME_2": "Maxcanú" }, "geometry": { "type": "Polygon", "coordinates": [ [ [ -90.383796691894503, 20.8009357452393 ], [ -90.367507934570298, 20.8023204803468 ], [ -90.349418640136705, 20.789209365844801 ], [ -90.290016174316406, 20.781431198120199 ], [ -90.269668579101506, 20.764949798583999 ], [ -90.248222351074105, 20.764879226684599 ], [ -90.195777893066406, 20.777612686157301 ], [ -90.107276916503906, 20.819330215454201 ], [ -90.083999633788906, 20.784250259399499 ], [ -90.101387023925795, 20.7320995330812 ], [ -90.093772888183594, 20.7264118194581 ], [ -90.070503234863295, 20.730632781982401 ], [ -90.099197387695298, 20.629850387573299 ], [ -90.066131591796804, 20.613449096679702 ], [ -90.039169311523395, 20.617080688476602 ], [ -90.022743225097599, 20.642650604248001 ], [ -89.971458435058494, 20.6679496765137 ], [ -89.970886230468693, 20.6457328796387 ], [ -89.992012023925795, 20.607521057128899 ], [ -89.961578369140597, 20.6057224273682 ], [ -89.942466735839801, 20.580978393554702 ], [ -89.897148132324205, 20.592990875244201 ], [ -89.901351928710895, 20.580169677734499 ], [ -89.926048278808494, 20.564701080322301 ], [ -89.956329345703097, 20.5153408050537 ], [ -89.935676574707003, 20.505388259887798 ], [ -89.926582336425795, 20.486000061035199 ], [ -89.961441040039006, 20.4845905303956 ], [ -89.990928649902301, 20.5059108734132 ], [ -90.030708312988295, 20.4901428222657 ], [ -90.069946289062401, 20.532659530639599 ], [ -90.164405822753906, 20.524101257324201 ], [ -90.223747253417997, 20.555820465088001 ], [ -90.233551025390597, 20.5506706237794 ], [ -90.243927001952997, 20.513099670410199 ], [ -90.384529113769503, 20.520429611206001 ], [ -90.390357971191406, 20.526460647583001 ], [ -90.383796691894503, 20.8009357452393 ] ] ] } },
{ "type": "Feature", "properties": { "NAME_1": "Yucatán", "NAME_2": "Mayapán" }, "geometry": { "type": "Polygon", "coordinates": [ [ [ -89.311981201171804, 20.431539535522599 ], [ -89.314247131347699, 20.4628524780275 ], [ -89.289268493652301, 20.469379425048899 ], [ -89.282577514648395, 20.492389678955099 ], [ -89.243827819824205, 20.522020339965898 ], [ -89.243072509765597, 20.484460830688601 ], [ -89.205352783203097, 20.454492568969801 ], [ -89.195610046386705, 20.436378479003899 ], [ -89.206809997558494, 20.4304504394531 ], [ -89.212898254394503, 20.3990917205812 ], [ -89.226966857910199, 20.396589279174901 ], [ -89.251632690429602, 20.414281845092798 ], [ -89.2894287109375, 20.402919769287099 ], [ -89.297515869140597, 20.437231063842901 ], [ -89.311981201171804, 20.431539535522599 ] ] ] } },
{ "type": "Feature", "properties": { "NAME_1": "Yucatán", "NAME_2": "Mérida" }, "geometry": { "type": "Polygon", "coordinates": [ [ [ -89.596969604492202, 20.866661071777301 ], [ -89.594696044921903, 20.851320266723601 ], [ -89.609573364257798, 20.800519943237401 ], [ -89.647071838378906, 20.7681903839112 ], [ -89.675521850585895, 20.720190048217798 ], [ -89.721206665039006, 20.720262527465799 ], [ -89.737617492675696, 20.710700988769499 ], [ -89.756942749023395, 20.718868255615298 ], [ -89.748077392578097, 20.731399536132901 ], [ -89.740997314453097, 20.7813205718994 ], [ -89.699623107910199, 20.805549621582099 ], [ -89.693626403808494, 20.899721145629901 ], [ -89.700576782226605, 20.923810958862401 ], [ -89.733711242675696, 20.913379669189499 ], [ -89.756072998046903, 20.932050704956101 ], [ -89.774772644042997, 20.922981262206999 ], [ -89.796089172363295, 20.928390502929702 ], [ -89.801086425781193, 20.9374904632569 ], [ -89.800956726074205, 20.9856681823731 ], [ -89.796592712402301, 21.000020980835 ], [ -89.778831481933594, 21.009521484374901 ], [ -89.777877807617202, 21.0281295776368 ], [ -89.810768127441307, 21.0983104705812 ], [ -89.755256652832003, 21.145709991455099 ], [ -89.730369567870994, 21.148181915283299 ], [ -89.706993103027301, 21.1345119476319 ], [ -89.676933288574205, 21.131927490234499 ], [ -89.649963378906193, 21.143142700195401 ], [ -89.633537292480497, 21.1767501831056 ], [ -89.610237121582003, 21.1819381713868 ], [ -89.609809875488196, 21.1320896148682 ], [ -89.622062683105497, 21.115781784057599 ], [ -89.614067077636705, 21.0779113769532 ], [ -89.588096618652301, 21.0660095214844 ], [ -89.571090698242102, 21.035539627075199 ], [ -89.548995971679702, 21.0364894866944 ], [ -89.537231445312401, 21.0100612640381 ], [ -89.551216125488295, 20.949829101562401 ], [ -89.622268676757798, 20.932350158691499 ], [ -89.620162963867202, 20.921230316162202 ], [ -89.599540710449205, 20.903190612793001 ], [ -89.596969604492202, 20.866661071777301 ] ] ] } },
{ "type": "Feature", "properties": { "NAME_1": "Yucatán", "NAME_2": "Mocochá" }, "geometry": { "type": "Polygon", "coordinates": [ [ [ -89.505218505859403, 21.1197395324707 ], [ -89.467117309570298, 21.127759933471701 ], [ -89.448211669921903, 21.179080963134801 ], [ -89.433158874511705, 21.159370422363299 ], [ -89.412208557128807, 21.152650833129901 ], [ -89.450218200683594, 21.095830917358501 ], [ -89.480445861816406, 21.079210281372099 ], [ -89.511611938476605, 21.084190368652401 ], [ -89.503517150878906, 21.099451065063501 ], [ -89.505218505859403, 21.1197395324707 ] ] ] } },
{ "type": "Feature", "properties": { "NAME_1": "Yucatán", "NAME_2": "Motul" }, "geometry": { "type": "Polygon", "coordinates": [ [ [ -89.197380065917997, 21.111270904541101 ], [ -89.184722900390597, 21.082450866699201 ], [ -89.188232421875, 21.052219390869102 ], [ -89.218063354492102, 21.01589012146 ], [ -89.351348876953097, 21.08962059021 ], [ -89.364128112792898, 21.106849670410199 ], [ -89.361312866210895, 21.137590408325199 ], [ -89.428520202636705, 21.1568794250488 ], [ -89.448211669921903, 21.179080963134801 ], [ -89.437705993652301, 21.1898307800294 ], [ -89.421287536620994, 21.238040924072301 ], [ -89.370475769042997, 21.206090927124102 ], [ -89.342048645019503, 21.161260604858501 ], [ -89.323699951171804, 21.158590316772599 ], [ -89.312530517578097, 21.166259765625099 ], [ -89.294258117675696, 21.156650543213001 ], [ -89.279052734375, 21.166629791259801 ], [ -89.239067077636705, 21.1579895019532 ], [ -89.207427978515597, 21.167509078979499 ], [ -89.192337036132798, 21.153480529785298 ], [ -89.197380065917997, 21.111270904541101 ] ] ] } },
{ "type": "Feature", "properties": { "NAME_1": "Yucatán", "NAME_2": "Muna" }, "geometry": { "type": "Polygon", "coordinates": [ [ [ -89.649307250976506, 20.552270889282301 ], [ -89.635276794433494, 20.5093517303468 ], [ -89.652336120605398, 20.504011154174901 ], [ -89.694168090820298, 20.469890594482401 ], [ -89.656227111816406, 20.464349746704201 ], [ -89.642677307128906, 20.422649383545 ], [ -89.658554077148395, 20.3961505889894 ], [ -89.660186767577997, 20.373970031738398 ], [ -89.681236267089801, 20.354850769043001 ], [ -89.699790954589801, 20.366439819336001 ], [ -89.726921081542898, 20.366401672363299 ], [ -89.741851806640597, 20.380010604858501 ], [ -89.752647399902301, 20.431390762329201 ], [ -89.786491394042997, 20.455410003662099 ], [ -89.788825988769503, 20.477951049804599 ], [ -89.808341979980497, 20.490449905395501 ], [ -89.784431457519503, 20.5111694335938 ], [ -89.758377075195298, 20.502700805664201 ], [ -89.729988098144503, 20.5344009399413 ], [ -89.649307250976506, 20.552270889282301 ] ] ] } },
{ "type": "Feature", "properties": { "NAME_1": "Yucatán", "NAME_2": "Muxupip" }, "geometry": { "type": "Polygon", "coordinates": [ [ [ -89.336288452148395, 21.0035305023194 ], [ -89.364456176757798, 21.0023708343507 ], [ -89.381752014160199, 21.0098400115968 ], [ -89.383819580078097, 21.046831130981399 ], [ -89.396652221679602, 21.057340621948399 ], [ -89.399047851562401, 21.0899181365968 ], [ -89.362373352050795, 21.1031703948975 ], [ -89.351348876953097, 21.08962059021 ], [ -89.288726806640497, 21.054651260376001 ], [ -89.295677185058494, 21.048610687255898 ], [ -89.293106079101506, 21.031299591064499 ], [ -89.332946777343693, 21.0165023803712 ], [ -89.336288452148395, 21.0035305023194 ] ] ] } },
{ "type": "Feature", "properties": { "NAME_1": "Yucatán", "NAME_2": "Opichén" }, "geometry": { "type": "Polygon", "coordinates": [ [ [ -89.777336120605497, 20.4474391937256 ], [ -89.831703186035199, 20.417251586914201 ], [ -89.874412536621094, 20.426160812378001 ], [ -89.895408630371094, 20.4445705413818 ], [ -89.913436889648395, 20.484481811523398 ], [ -89.926582336425795, 20.486000061035199 ], [ -89.935676574707003, 20.505388259887798 ], [ -89.955986022949205, 20.512140274047798 ], [ -89.926048278808494, 20.564701080322301 ], [ -89.901351928710895, 20.580169677734499 ], [ -89.896186828613196, 20.598028182983501 ], [ -89.837646484374901, 20.6624984741212 ], [ -89.811073303222699, 20.636180877685501 ], [ -89.814529418945298, 20.605079650878999 ], [ -89.788558959960895, 20.5641593933106 ], [ -89.790557861328097, 20.5205898284913 ], [ -89.784431457519503, 20.5111694335938 ], [ -89.808471679687401, 20.488309860229499 ], [ -89.788825988769503, 20.477951049804599 ], [ -89.788017272949205, 20.457639694213999 ], [ -89.777336120605497, 20.4474391937256 ] ] ] } },
{ "type": "Feature", "properties": { "NAME_1": "Yucatán", "NAME_2": "Oxkutzcab" }, "geometry": { "type": "Polygon", "coordinates": [ [ [ -89.702507019042898, 20.0698680877687 ], [ -89.664115905761705, 20.143238067626999 ], [ -89.637451171874901, 20.1762409210206 ], [ -89.605133056640597, 20.2058811187744 ], [ -89.575836181640597, 20.204660415649499 ], [ -89.553848266601406, 20.2205696105957 ], [ -89.532058715820298, 20.2586994171143 ], [ -89.490463256835895, 20.280361175537202 ], [ -89.470657348632798, 20.3102703094482 ], [ -89.408248901367202, 20.296079635620199 ], [ -89.4111328125, 20.253919601440501 ], [ -89.401626586914006, 20.242969512939499 ], [ -89.397605895995994, 20.213670730590799 ], [ -89.419258117675696, 20.180250167846701 ], [ -89.463630676269403, 20.163650512695298 ], [ -89.535659790039105, 20.117958068847699 ], [ -89.553512573242202, 20.096572875976602 ], [ -89.580818176269503, 20.111169815063601 ], [ -89.615402221679702, 20.108940124511701 ], [ -89.621650695800696, 20.064491271972699 ], [ -89.637496948242202, 20.027910232543899 ], [ -89.702507019042898, 20.0698680877687 ] ] ] } },
{ "type": "Feature", "properties": { "NAME_1": "Yucatán", "NAME_2": "Panabá" }, "geometry": { "type": "Polygon", "coordinates": [ [ [ -88.169319152832003, 21.4980182647706 ], [ -88.120910644531193, 21.460010528564499 ], [ -88.112266540527301, 21.437740325927798 ], [ -88.131072998046903, 21.407680511474599 ], [ -88.167236328125, 21.387580871581999 ], [ -88.172660827636705, 21.35671043396 ], [ -88.197189331054702, 21.320749282836999 ], [ -88.214706420898395, 21.322830200195401 ], [ -88.2303466796875, 21.311292648315501 ], [ -88.259826660156193, 21.322269439697301 ], [ -88.269706726074205, 21.3112697601318 ], [ -88.284400939941307, 21.3155307769775 ], [ -88.293617248535199, 21.297559738159201 ], [ -88.289115905761705, 21.281080245971602 ], [ -88.305236816406193, 21.2699394226075 ], [ -88.323951721191406, 21.284620285034201 ], [ -88.346748352050696, 21.2773208618163 ], [ -88.369476318359304, 21.290210723876999 ], [ -88.389442443847699, 21.286090850830099 ], [ -88.417106628417997, 21.295860290527301 ], [ -88.421676635742202, 21.2924404144288 ], [ -88.410285949707003, 21.256679534912099 ], [ -88.442237854003807, 21.271970748901399 ], [ -88.446998596191307, 21.3017196655275 ], [ -88.491172790527202, 21.299209594726701 ], [ -88.515396118163906, 21.307849884033299 ], [ -88.462051391601506, 21.355430603027401 ], [ -88.436286926269503, 21.35724067688 ], [ -88.423255920410099, 21.349390029907301 ], [ -88.397895812988196, 21.361280441284201 ], [ -88.378273010253906, 21.346830368042099 ], [ -88.358062744140597, 21.383790969848601 ], [ -88.360412597656193, 21.406570434570401 ], [ -88.320381164550795, 21.3865680694581 ], [ -88.3228759765625, 21.3578205108644 ], [ -88.304519653320298, 21.3632202148438 ], [ -88.282356262207003, 21.414140701293899 ], [ -88.284080505371094, 21.479440689086999 ], [ -88.169319152832003, 21.4980182647706 ] ] ] } },
{ "type": "Feature", "properties": { "NAME_1": "Yucatán", "NAME_2": "Peto" }, "geometry": { "type": "Polygon", "coordinates": [ [ [ -88.974571228027301, 20.1738395690918 ], [ -88.889205932617102, 20.163480758666999 ], [ -88.889198303222599, 20.218389511108501 ], [ -88.862709045410099, 20.207452774047901 ], [ -88.837997436523395, 20.233747482299901 ], [ -88.829948425292997, 20.254859924316499 ], [ -88.808509826660199, 20.252799987793001 ], [ -88.800926208495994, 20.2618827819825 ], [ -88.745666503906193, 20.222549438476499 ], [ -88.665390014648395, 20.225809097290199 ], [ -88.634162902832003, 20.204040527343899 ], [ -88.607826232910199, 20.248359680175799 ], [ -88.547897338867102, 20.2488327026368 ], [ -88.527893066406193, 20.157051086425799 ], [ -88.557327270507798, 20.1373500823975 ], [ -88.643859863281193, 20.118629455566399 ], [ -88.690162658691406, 20.085870742797901 ], [ -88.715187072753807, 20.0795593261719 ], [ -88.782760620117202, 20.0288906097413 ], [ -88.789993286132798, 20.019029617309702 ], [ -88.779159545898395, 19.993341445922798 ], [ -88.791442871093807, 19.981250762939499 ], [ -88.805206298828097, 19.9863605499268 ], [ -88.822486877441406, 20.015399932861399 ], [ -88.834472656249901, 20.016069412231399 ], [ -88.911132812499901, 19.9487495422363 ], [ -88.958526611328097, 19.933139801025401 ], [ -88.988716125488295, 19.933130264282202 ], [ -88.989471435546903, 19.965520858764702 ], [ -89.022491455078097, 20.0131015777588 ], [ -88.984336853027301, 20.068630218505898 ], [ -89.003807067871094, 20.139570236206101 ], [ -88.974571228027301, 20.1738395690918 ] ] ] } },
{ "type": "Feature", "properties": { "NAME_1": "Yucatán", "NAME_2": "Progreso" }, "geometry": { "type": "GeometryCollection", "geometries": [ { "type": "Polygon", "coordinates": [ [ [ -89.764305114745994, 22.5287494659425 ], [ -89.76513671875, 22.524860382080099 ], [ -89.7781982421875, 22.518747329711999 ], [ -89.776527404785099, 22.5209693908693 ], [ -89.764305114745994, 22.5287494659425 ] ] ] }, { "type": "Polygon", "coordinates": [ [ [ -89.715972900390497, 22.4218063354493 ], [ -89.712913513183494, 22.420415878296001 ], [ -89.711807250976605, 22.417638778686602 ], [ -89.717918395996094, 22.417638778686602 ], [ -89.715972900390497, 22.4218063354493 ] ] ] }, { "type": "Polygon", "coordinates": [ [ [ -89.682640075683594, 22.387638092041101 ], [ -89.682083129882798, 22.379861831665 ], [ -89.685974121093807, 22.377082824707099 ], [ -89.686805725097699, 22.3809719085694 ], [ -89.682640075683594, 22.387638092041101 ] ] ] }, { "type": "Polygon", "coordinates": [ [ [ -89.657638549804702, 22.373193740844702 ], [ -89.657913208007798, 22.367914199829201 ], [ -89.660140991210895, 22.367914199829201 ], [ -89.658752441406094, 22.373193740844702 ], [ -89.657638549804702, 22.373193740844702 ] ] ] }, { "type": "Polygon", "coordinates": [ [ [ -89.677917480468693, 21.3493041992188 ], [ -89.670417785644503, 21.346250534057699 ], [ -89.665412902832003, 21.2951393127443 ], [ -89.671249389648295, 21.344583511352599 ], [ -89.6834716796875, 21.347917556762798 ], [ -89.677917480468693, 21.3493041992188 ] ] ] }, { "type": "Polygon", "coordinates": [ [ [ -89.674583435058494, 21.339860916137798 ], [ -89.674026489257798, 21.3384723663331 ], [ -89.672920227050795, 21.339307785034201 ], [ -89.671524047851506, 21.3384723663331 ], [ -89.675415039062401, 21.337638854980501 ], [ -89.674583435058494, 21.339860916137798 ] ] ] }, { "type": "Polygon", "coordinates": [ [ [ -89.8682861328125, 21.224582672119102 ], [ -89.850975036621094, 21.229303359985298 ], [ -89.867080688476605, 21.2270812988282 ], [ -89.874031066894503, 21.239305496215898 ], [ -89.845138549804702, 21.248193740844702 ], [ -89.844863891601605, 21.241249084472798 ], [ -89.839584350585895, 21.240974426269599 ], [ -89.845695495605497, 21.250972747802798 ], [ -89.703193664550696, 21.280971527099702 ], [ -89.707916259765597, 21.275693893432699 ], [ -89.699859619140497, 21.268474578857401 ], [ -89.708190917968807, 21.263748168945401 ], [ -89.732360839843693, 21.2668056488037 ], [ -89.747642517089801, 21.255416870117202 ], [ -89.779861450195298, 21.2479171752931 ], [ -89.787086486816307, 21.253194808960099 ], [ -89.796249389648395, 21.244306564331101 ], [ -89.742637634277301, 21.245971679687599 ], [ -89.674583435058494, 21.266527175903299 ], [ -89.675971984863295, 21.277082443237202 ], [ -89.697639465332003, 21.268192291259801 ], [ -89.702919006347699, 21.285139083862301 ], [ -89.640419006347599, 21.290695190429702 ], [ -89.605621337890597, 21.246030807495099 ], [ -89.617736816406193, 21.219110488891701 ], [ -89.607437133789006, 21.198240280151399 ], [ -89.610237121582003, 21.1819381713868 ], [ -89.633537292480497, 21.1767501831056 ], [ -89.653686523437401, 21.139789581298899 ], [ -89.684837341308594, 21.131000518798899 ], [ -89.730369567870994, 21.148181915283299 ], [ -89.751861572265597, 21.147449493408299 ], [ -89.810768127441307, 21.0983104705812 ], [ -89.828453063964801, 21.0990600585938 ], [ -89.830093383789006, 21.133430480957099 ], [ -89.8682861328125, 21.224582672119102 ] ] ] }, { "type": "Polygon", "coordinates": [ [ [ -89.6995849609375, 21.265693664550799 ], [ -89.700416564941307, 21.264860153198399 ], [ -89.701530456542997, 21.266250610351499 ], [ -89.698471069335895, 21.267082214355501 ], [ -89.6995849609375, 21.265693664550799 ] ] ] } ] } },
{ "type": "Feature", "properties": { "NAME_1": "Yucatán", "NAME_2": "Quintana Roo" }, "geometry": { "type": "Polygon", "coordinates": [ [ [ -88.563316345214801, 20.8159694671631 ], [ -88.596496582031193, 20.8124599456787 ], [ -88.618415832519503, 20.834350585937599 ], [ -88.651107788085895, 20.824630737304702 ], [ -88.674728393554602, 20.830890655517699 ], [ -88.674217224121094, 20.889602661132798 ], [ -88.603042602539105, 20.928319931030298 ], [ -88.560317993164105, 20.895868301391701 ], [ -88.536857604980497, 20.894849777221602 ], [ -88.565856933593807, 20.848859786987401 ], [ -88.563316345214801, 20.8159694671631 ] ] ] } },
{ "type": "Feature", "properties": { "NAME_1": "Yucatán", "NAME_2": "Río Lagartos" }, "geometry": { "type": "GeometryCollection", "geometries": [ { "type": "Polygon", "coordinates": [ [ [ -87.950416564941307, 21.561973571777401 ], [ -88.003578186035199, 21.553190231323299 ], [ -88.048286437988196, 21.5644226074219 ], [ -88.082267761230497, 21.562320709228601 ], [ -88.116020202636705, 21.5477905273438 ], [ -88.101325988769503, 21.503721237182599 ], [ -88.134109497070298, 21.506130218505898 ], [ -88.167007446289006, 21.5234603881837 ], [ -88.174842834472699, 21.513280868530298 ], [ -88.169319152832003, 21.4980182647706 ], [ -88.206565856933494, 21.487300872802798 ], [ -88.2099609375, 21.5179328918456 ], [ -88.223739624023395, 21.5394096374512 ], [ -88.215606689453097, 21.552629470825199 ], [ -88.220832824707003, 21.5701408386232 ], [ -88.211524963378807, 21.5729160308838 ], [ -88.210975646972599, 21.584028244018601 ], [ -88.197639465332003, 21.5765285491943 ], [ -88.158470153808594, 21.599861145019499 ], [ -88.139579772949205, 21.599027633667099 ], [ -88.129302978515597, 21.6090297698975 ], [ -88.161804199218807, 21.601249694824201 ], [ -88.176803588867102, 21.612361907958999 ], [ -88.139579772949205, 21.624305725097699 ], [ -88.047920227050795, 21.610694885253999 ], [ -87.960418701171804, 21.6093063354493 ], [ -88.041809082031193, 21.6073608398438 ], [ -88.048194885253906, 21.590696334838899 ], [ -88.054306030273395, 21.592084884643601 ], [ -88.055137634277301, 21.5909748077393 ], [ -87.950416564941307, 21.561973571777401 ] ] ] }, { "type": "Polygon", "coordinates": [ [ [ -88.231803894042997, 21.5820827484131 ], [ -88.190971374511705, 21.604028701782301 ], [ -88.173469543457003, 21.608472824096701 ], [ -88.166809082031193, 21.603471755981602 ], [ -88.197082519531193, 21.596250534057699 ], [ -88.199859619140597, 21.583471298217798 ], [ -88.212081909179702, 21.585971832275501 ], [ -88.235137939453097, 21.573471069336101 ], [ -88.231803894042997, 21.5820827484131 ] ] ] }, { "type": "Polygon", "coordinates": [ [ [ -88.169303894042898, 21.597360610961999 ], [ -88.170692443847699, 21.5965270996094 ], [ -88.17569732666, 21.5965270996094 ], [ -88.165138244628906, 21.601528167724599 ], [ -88.169303894042898, 21.597360610961999 ] ] ] }, { "type": "Polygon", "coordinates": [ [ [ -88.234580993652301, 21.577085494995199 ], [ -88.23486328125, 21.5756931304932 ], [ -88.239028930664105, 21.5740280151368 ], [ -88.238471984863295, 21.5765285491943 ], [ -88.234580993652301, 21.577085494995199 ] ] ] } ] } },
{ "type": "Feature", "properties": { "NAME_1": "Yucatán", "NAME_2": "Sacalum" }, "geometry": { "type": "Polygon", "coordinates": [ [ [ -89.565856933593693, 20.410842895507798 ], [ -89.594009399414105, 20.386560440063501 ], [ -89.605262756347699, 20.385248184204201 ], [ -89.647560119628807, 20.430059432983398 ], [ -89.657775878906193, 20.466831207275401 ], [ -89.694168090820298, 20.469890594482401 ], [ -89.652336120605398, 20.504011154174901 ], [ -89.635276794433494, 20.5093517303468 ], [ -89.649307250976506, 20.552270889282301 ], [ -89.59561920166, 20.539310455322301 ], [ -89.570442199706903, 20.5178527832031 ], [ -89.565567016601506, 20.503700256347599 ], [ -89.573013305664006, 20.461900711059599 ], [ -89.561042785644503, 20.451539993286101 ], [ -89.565856933593693, 20.410842895507798 ] ] ] } },
{ "type": "Feature", "properties": { "NAME_1": "Yucatán", "NAME_2": "Samahil" }, "geometry": { "type": "Polygon", "coordinates": [ [ [ -90.076408386230497, 20.698980331420898 ], [ -90.070503234863295, 20.730632781982401 ], [ -90.093772888183594, 20.7264118194581 ], [ -90.101387023925795, 20.7320995330812 ], [ -90.084747314453097, 20.7865085601807 ], [ -90.030708312988295, 20.809099197387798 ], [ -89.976806640624901, 20.816970825195401 ], [ -89.938766479492202, 20.868000030517599 ], [ -89.910842895507798, 20.888492584228601 ], [ -89.904190063476605, 20.907762527465799 ], [ -89.856430053710895, 20.916482925415199 ], [ -89.822288513183494, 20.896511077880799 ], [ -89.822402954101406, 20.872350692748999 ], [ -89.865066528320298, 20.8240890502931 ], [ -89.884109497070199, 20.784032821655199 ], [ -89.934600830078097, 20.752620697021499 ], [ -89.954483032226506, 20.755029678344801 ], [ -90.013236999511605, 20.737379074096701 ], [ -90.057678222656094, 20.702302932739201 ], [ -90.076408386230497, 20.698980331420898 ] ] ] } },
{ "type": "Feature", "properties": { "NAME_1": "Yucatán", "NAME_2": "San Felipe" }, "geometry": { "type": "GeometryCollection", "geometries": [ { "type": "Polygon", "coordinates": [ [ [ -88.5244522094725, 21.534027099609499 ], [ -88.397918701171903, 21.565414428711001 ], [ -88.369857788085895, 21.5665283203125 ], [ -88.321807861328097, 21.550973892211999 ], [ -88.220832824707003, 21.5701408386232 ], [ -88.215606689453097, 21.552629470825199 ], [ -88.223739624023395, 21.5394096374512 ], [ -88.2099609375, 21.5179328918456 ], [ -88.206565856933494, 21.487300872802798 ], [ -88.243232727050795, 21.490789413452202 ], [ -88.284080505371094, 21.479440689086999 ], [ -88.282356262207003, 21.414140701293899 ], [ -88.304519653320298, 21.3632202148438 ], [ -88.3228759765625, 21.3578205108644 ], [ -88.320381164550795, 21.3865680694581 ], [ -88.360412597656193, 21.406570434570401 ], [ -88.358062744140597, 21.383790969848601 ], [ -88.378273010253906, 21.346830368042099 ], [ -88.397895812988196, 21.361280441284201 ], [ -88.423255920410099, 21.349390029907301 ], [ -88.436286926269503, 21.35724067688 ], [ -88.459060668945298, 21.353441238403398 ], [ -88.461799621581903, 21.3737106323243 ], [ -88.490036010742202, 21.413770675659201 ], [ -88.493415832519503, 21.431930541992202 ], [ -88.514801025390597, 21.4345798492432 ], [ -88.528656005859403, 21.477172851562599 ], [ -88.497673034667997, 21.512130737304702 ], [ -88.5244522094725, 21.534027099609499 ] ] ] }, { "type": "Polygon", "coordinates": [ [ [ -88.284027099609304, 21.565139770507798 ], [ -88.282913208007798, 21.563474655151399 ], [ -88.284858703613196, 21.562360763549901 ], [ -88.285697937011705, 21.564027786255 ], [ -88.284027099609304, 21.565139770507798 ] ] ] } ] } },
{ "type": "Feature", "properties": { "NAME_1": "Yucatán", "NAME_2": "Sanahcat" }, "geometry": { "type": "Polygon", "coordinates": [ [ [ -89.267295837402301, 20.7902526855469 ], [ -89.221458435058494, 20.780071258545 ], [ -89.222328186035099, 20.7276306152344 ], [ -89.242370605468693, 20.729368209838899 ], [ -89.279296875, 20.7558212280275 ], [ -89.267295837402301, 20.7902526855469 ] ] ] } },
{ "type": "Feature", "properties": { "NAME_1": "Yucatán", "NAME_2": "Santa Elena" }, "geometry": { "type": "Polygon", "coordinates": [ [ [ -89.660186767577997, 20.373970031738398 ], [ -89.650932312011605, 20.311832427978601 ], [ -89.616447448730497, 20.339401245117202 ], [ -89.611007690429702, 20.330869674682599 ], [ -89.611839294433594, 20.291200637817401 ], [ -89.622787475585895, 20.251592636108501 ], [ -89.605133056640597, 20.2058811187744 ], [ -89.664115905761705, 20.143238067626999 ], [ -89.702507019042898, 20.0698680877687 ], [ -89.779098510742102, 20.096492767333999 ], [ -89.791801452636705, 20.107328414916999 ], [ -89.812736511230398, 20.137510299682699 ], [ -89.856147766113196, 20.257280349731602 ], [ -89.881019592285099, 20.283138275146499 ], [ -89.944038391113295, 20.319070816040199 ], [ -89.951568603515597, 20.335939407348601 ], [ -89.913932800292898, 20.349971771240298 ], [ -89.868629455566307, 20.348270416259801 ], [ -89.800727844238196, 20.366401672363299 ], [ -89.765586853027301, 20.4439792633057 ], [ -89.752647399902301, 20.431390762329201 ], [ -89.741851806640597, 20.380010604858501 ], [ -89.730796813964801, 20.368190765380898 ], [ -89.699790954589801, 20.366439819336001 ], [ -89.681236267089801, 20.354850769043001 ], [ -89.660186767577997, 20.373970031738398 ] ] ] } },
{ "type": "Feature", "properties": { "NAME_1": "Yucatán", "NAME_2": "Seyé" }, "geometry": { "type": "Polygon", "coordinates": [ [ [ -89.357749938964801, 20.769670486450199 ], [ -89.377899169921804, 20.7504405975343 ], [ -89.443557739257798, 20.794139862060501 ], [ -89.418609619140597, 20.826450347900401 ], [ -89.439376831054602, 20.886520385742202 ], [ -89.471046447753807, 20.900840759277301 ], [ -89.420646667480497, 20.971450805664102 ], [ -89.391799926757798, 20.896471023559499 ], [ -89.361526489257798, 20.8826808929443 ], [ -89.329887390136705, 20.927219390869102 ], [ -89.309051513671903, 20.909561157226701 ], [ -89.305152893066406, 20.8709011077881 ], [ -89.275657653808494, 20.833789825439499 ], [ -89.299552917480497, 20.814609527587901 ], [ -89.299972534179602, 20.7965106964112 ], [ -89.316047668457003, 20.792190551757901 ], [ -89.350776672363196, 20.7987880706788 ], [ -89.357749938964801, 20.769670486450199 ] ] ] } },
{ "type": "Feature", "properties": { "NAME_1": "Yucatán", "NAME_2": "Sinanché" }, "geometry": { "type": "Polygon", "coordinates": [ [ [ -89.158668518066406, 21.355138778686499 ], [ -89.175796508789006, 21.3129997253419 ], [ -89.144912719726406, 21.272489547729599 ], [ -89.168266296386705, 21.230739593505898 ], [ -89.161209106445298, 21.1938800811768 ], [ -89.221656799316307, 21.200220108032301 ], [ -89.238746643066307, 21.2382202148437 ], [ -89.2557373046875, 21.251779556274499 ], [ -89.254837036132798, 21.275760650634801 ], [ -89.272491455078097, 21.280559539795 ], [ -89.273635864257798, 21.292781829833999 ], [ -89.252136230468807, 21.3195705413819 ], [ -89.248626708984403, 21.345138549804702 ], [ -89.158668518066406, 21.355138778686499 ] ] ] } },
{ "type": "Feature", "properties": { "NAME_1": "Yucatán", "NAME_2": "Sotuta" }, "geometry": { "type": "Polygon", "coordinates": [ [ [ -88.833160400390497, 20.701419830322301 ], [ -88.862541198730497, 20.625320434570401 ], [ -88.894920349120994, 20.590660095215 ], [ -88.905426025390597, 20.557870864868299 ], [ -88.944602966308594, 20.531620025634901 ], [ -88.946052551269503, 20.498590469360298 ], [ -88.967430114745994, 20.468360900878999 ], [ -88.982650756835895, 20.476530075073399 ], [ -89.068153381347699, 20.460010528564499 ], [ -89.112861633300696, 20.470872879028398 ], [ -89.142112731933494, 20.451192855834901 ], [ -89.195610046386705, 20.436378479003899 ], [ -89.205352783203097, 20.454492568969801 ], [ -89.243072509765597, 20.484460830688601 ], [ -89.254531860351605, 20.559921264648601 ], [ -89.235900878906193, 20.590368270874102 ], [ -89.124702453613295, 20.644132614135799 ], [ -89.104171752929602, 20.645790100097599 ], [ -89.079299926757699, 20.632112503051701 ], [ -89.068733215332003, 20.633970260620099 ], [ -89.066970825195298, 20.646520614623999 ], [ -89.076568603515597, 20.658821105956999 ], [ -89.074066162109403, 20.6850605010987 ], [ -89.092880249023395, 20.715681076049901 ], [ -89.099800109863196, 20.744440078735501 ], [ -89.056396484374901, 20.744470596313501 ], [ -89.031745910644503, 20.7312526702881 ], [ -89.009117126464801, 20.737979888916101 ], [ -88.985786437988295, 20.724531173706101 ], [ -88.941421508789105, 20.722450256347798 ], [ -88.937896728515597, 20.743579864501999 ], [ -88.928581237792997, 20.7482204437256 ], [ -88.846847534179702, 20.7141819000244 ], [ -88.833160400390497, 20.701419830322301 ] ] ] } },
{ "type": "Feature", "properties": { "NAME_1": "Yucatán", "NAME_2": "Sucilá" }, "geometry": { "type": "Polygon", "coordinates": [ [ [ -88.289115905761705, 21.281080245971602 ], [ -88.275230407714801, 21.256200790405298 ], [ -88.274726867675795, 21.142639160156399 ], [ -88.2674560546875, 21.109188079833899 ], [ -88.305496215820298, 21.122739791870199 ], [ -88.324928283691307, 21.117580413818299 ], [ -88.355735778808494, 21.1319599151612 ], [ -88.380859375, 21.111450195312599 ], [ -88.399353027343807, 21.109741210937599 ], [ -88.464279174804602, 21.134580612182699 ], [ -88.457122802734304, 21.1804008483887 ], [ -88.502227783203097, 21.198020935058601 ], [ -88.486137390136705, 21.219779968261701 ], [ -88.482666015624901, 21.253070831298899 ], [ -88.499160766601506, 21.283931732177699 ], [ -88.526939392089801, 21.295528411865199 ], [ -88.515396118163906, 21.307849884033299 ], [ -88.491172790527202, 21.299209594726701 ], [ -88.446998596191307, 21.3017196655275 ], [ -88.442237854003807, 21.271970748901399 ], [ -88.412277221679602, 21.256599426269599 ], [ -88.407623291015597, 21.264209747314599 ], [ -88.421157836914006, 21.289672851562599 ], [ -88.417106628417997, 21.295860290527301 ], [ -88.389442443847699, 21.286090850830099 ], [ -88.369476318359304, 21.290210723876999 ], [ -88.346748352050696, 21.2773208618163 ], [ -88.323951721191406, 21.284620285034201 ], [ -88.308647155761705, 21.2695617675781 ], [ -88.289115905761705, 21.281080245971602 ] ] ] } },
{ "type": "Feature", "properties": { "NAME_1": "Yucatán", "NAME_2": "Sudzal" }, "geometry": { "type": "Polygon", "coordinates": [ [ [ -88.746566772460795, 20.8225498199463 ], [ -88.764381408691307, 20.805908203125099 ], [ -88.783805847167997, 20.763229370117301 ], [ -88.82421875, 20.726789474487401 ], [ -88.833160400390497, 20.701419830322301 ], [ -88.846847534179702, 20.7141819000244 ], [ -88.932540893554702, 20.7482204437256 ], [ -88.9344482421875, 20.806921005248999 ], [ -88.983306884765597, 20.8467311859132 ], [ -89.018173217773295, 20.862911224365298 ], [ -89.048240661621094, 20.894130706787202 ], [ -89.006706237792898, 20.909450531006001 ], [ -88.938659667968807, 20.868810653686602 ], [ -88.880790710449205, 20.887531280517699 ], [ -88.845397949218807, 20.890230178833001 ], [ -88.809387207031193, 20.870239257812599 ], [ -88.797943115234304, 20.8535881042482 ], [ -88.778648376464801, 20.854408264160298 ], [ -88.769058227539006, 20.831701278686602 ], [ -88.746566772460795, 20.8225498199463 ] ] ] } },
{ "type": "Feature", "properties": { "NAME_1": "Yucatán", "NAME_2": "Suma" }, "geometry": { "type": "Polygon", "coordinates": [ [ [ -89.122009277343693, 21.0557975769043 ], [ -89.187896728515597, 21.056140899658299 ], [ -89.185188293457003, 21.0854511260987 ], [ -89.197380065917997, 21.111270904541101 ], [ -89.165390014648395, 21.123779296874901 ], [ -89.139053344726605, 21.1044597625732 ], [ -89.099639892578097, 21.105211257934599 ], [ -89.118103027343693, 21.0791110992432 ], [ -89.122009277343693, 21.0557975769043 ] ] ] } },
{ "type": "Feature", "properties": { "NAME_1": "Yucatán", "NAME_2": "Tahdziú" }, "geometry": { "type": "Polygon", "coordinates": [ [ [ -89.008850097656193, 20.290279388427798 ], [ -89.020393371582003, 20.333602905273398 ], [ -88.959075927734403, 20.361270904541101 ], [ -88.895797729492102, 20.320390701294102 ], [ -88.867691040039105, 20.3284606933594 ], [ -88.846809387207003, 20.308610916137798 ], [ -88.812759399414105, 20.2994194030762 ], [ -88.8028564453125, 20.287740707397401 ], [ -88.800926208495994, 20.2618827819825 ], [ -88.808509826660199, 20.252799987793001 ], [ -88.829948425292997, 20.254859924316499 ], [ -88.837997436523395, 20.233747482299901 ], [ -88.862709045410099, 20.207452774047901 ], [ -88.889198303222599, 20.218389511108501 ], [ -88.889205932617102, 20.163480758666999 ], [ -88.974571228027301, 20.1738395690918 ], [ -88.980827331542997, 20.191770553588999 ], [ -89.000129699707003, 20.2022304534913 ], [ -89.014717102050696, 20.229009628295898 ], [ -89.008850097656193, 20.290279388427798 ] ] ] } },
{ "type": "Feature", "properties": { "NAME_1": "Yucatán", "NAME_2": "Tahmek" }, "geometry": { "type": "Polygon", "coordinates": [ [ [ -89.275657653808494, 20.833789825439499 ], [ -89.305152893066406, 20.8709011077881 ], [ -89.309051513671903, 20.909561157226701 ], [ -89.339370727538906, 20.938489913940501 ], [ -89.339591979980497, 20.985450744628999 ], [ -89.323196411132798, 20.973329544067301 ], [ -89.255157470702997, 20.9658508300781 ], [ -89.242256164550696, 20.923589706421001 ], [ -89.220108032226605, 20.910720825195298 ], [ -89.2174072265625, 20.899850845336999 ], [ -89.238128662109403, 20.8895893096925 ], [ -89.247833251953097, 20.874490737915199 ], [ -89.250869750976406, 20.848770141601602 ], [ -89.267326354980497, 20.849611282348601 ], [ -89.275657653808494, 20.833789825439499 ] ] ] } },
{ "type": "Feature", "properties": { "NAME_1": "Yucatán", "NAME_2": "Teabo" }, "geometry": { "type": "Polygon", "coordinates": [ [ [ -89.327667236328097, 20.375410079956101 ], [ -89.292259216308494, 20.4057006835938 ], [ -89.249130249023395, 20.4133815765382 ], [ -89.235427856445298, 20.397661209106602 ], [ -89.212898254394503, 20.3990917205812 ], [ -89.197586059570298, 20.3815002441406 ], [ -89.183242797851506, 20.385839462280298 ], [ -89.191070556640497, 20.365209579467798 ], [ -89.217033386230497, 20.343349456787202 ], [ -89.165580749511705, 20.314769744873001 ], [ -89.177032470703097, 20.2970180511475 ], [ -89.218490600585895, 20.315050125122202 ], [ -89.282402038574205, 20.315572738647599 ], [ -89.302299499511705, 20.305599212646602 ], [ -89.324485778808494, 20.305580139160199 ], [ -89.337486267089801, 20.362279891967901 ], [ -89.327667236328097, 20.375410079956101 ] ] ] } },
{ "type": "Feature", "properties": { "NAME_1": "Yucatán", "NAME_2": "Tecoh" }, "geometry": { "type": "Polygon", "coordinates": [ [ [ -89.570442199706903, 20.5178527832031 ], [ -89.567276000976506, 20.5678806304932 ], [ -89.556556701660199, 20.6020603179932 ], [ -89.564903259277301, 20.611530303955199 ], [ -89.579582214355398, 20.604200363159201 ], [ -89.590927124023395, 20.609350204467798 ], [ -89.597076416015597, 20.6366577148438 ], [ -89.6295166015625, 20.6762409210206 ], [ -89.628120422363196, 20.706621170043999 ], [ -89.596069335937401, 20.7623100280762 ], [ -89.561943054199205, 20.7714519500732 ], [ -89.500602722167898, 20.756799697876101 ], [ -89.443557739257798, 20.794139862060501 ], [ -89.377899169921804, 20.7504405975343 ], [ -89.414527893066406, 20.699409484863299 ], [ -89.393592834472699, 20.687191009521499 ], [ -89.364486694335895, 20.69162940979 ], [ -89.353042602539105, 20.684110641479499 ], [ -89.387992858886705, 20.6212482452393 ], [ -89.375877380370994, 20.594619750976701 ], [ -89.408088684082003, 20.608699798583899 ], [ -89.422721862792898, 20.604070663452202 ], [ -89.456581115722699, 20.5576896667481 ], [ -89.481636047363196, 20.5606994628907 ], [ -89.493789672851605, 20.5263595581056 ], [ -89.511177062988295, 20.532222747802699 ], [ -89.524017333984403, 20.5270175933837 ], [ -89.516036987304702, 20.506771087646499 ], [ -89.523086547851605, 20.498041152954102 ], [ -89.561126708984403, 20.501091003418001 ], [ -89.570442199706903, 20.5178527832031 ] ] ] } },
{ "type": "Feature", "properties": { "NAME_1": "Yucatán", "NAME_2": "Tekal de Venegas" }, "geometry": { "type": "Polygon", "coordinates": [ [ [ -88.894515991210895, 20.970870971679702 ], [ -88.979400634765597, 20.992549896240298 ], [ -88.977355957031094, 21.020521163940501 ], [ -88.989906311035099, 21.055830001831001 ], [ -88.935043334960895, 21.054651260376001 ], [ -88.932296752929702, 21.065290451049901 ], [ -88.912757873535099, 21.0707111358643 ], [ -88.910217285156094, 21.0441417694093 ], [ -88.886306762695298, 21.004938125610501 ], [ -88.894515991210895, 20.970870971679702 ] ] ] } },
{ "type": "Feature", "properties": { "NAME_1": "Yucatán", "NAME_2": "Tekantó" }, "geometry": { "type": "Polygon", "coordinates": [ [ [ -89.166976928710895, 21.056880950927798 ], [ -89.122009277343693, 21.0557975769043 ], [ -89.127166748046804, 21.035480499267599 ], [ -89.075736999511705, 21.028171539306602 ], [ -89.051208496093807, 20.9988708496094 ], [ -89.128211975097599, 20.997600555419901 ], [ -89.172157287597599, 20.958021163940401 ], [ -89.176162719726506, 20.969802856445401 ], [ -89.153610229492202, 21.0111904144287 ], [ -89.166976928710895, 21.056880950927798 ] ] ] } },
{ "type": "Feature", "properties": { "NAME_1": "Yucatán", "NAME_2": "Tekax" }, "geometry": { "type": "Polygon", "coordinates": [ [ [ -89.141036987304702, 20.184312820434599 ], [ -89.208992004394503, 20.116331100463899 ], [ -89.231658935546903, 20.1362609863282 ], [ -89.238990783691406, 20.132450103759801 ], [ -89.206298828124901, 20.045019149780298 ], [ -89.209381103515497, 20.0290718078613 ], [ -89.178253173828097, 19.998380661010899 ], [ -89.177101135253906, 19.9346008300781 ], [ -89.1490478515625, 19.894100189208999 ], [ -89.182975769042997, 19.8524608612062 ], [ -89.208412170410099, 19.839351654052798 ], [ -89.326339721679702, 19.8270797729493 ], [ -89.349822998046804, 19.833400726318398 ], [ -89.368011474609403, 19.825910568237401 ], [ -89.365341186523395, 19.782060623168899 ], [ -89.378311157226605, 19.727119445800799 ], [ -89.411521911621094, 19.656549453735401 ], [ -89.423492431640597, 19.6536598205568 ], [ -89.432907104492102, 19.668361663818501 ], [ -89.445549011230497, 19.750429153442401 ], [ -89.464118957519503, 19.7984104156494 ], [ -89.580078124999901, 19.918159484863299 ], [ -89.613296508789105, 19.994920730590799 ], [ -89.637496948242202, 20.027910232543899 ], [ -89.621650695800696, 20.064491271972699 ], [ -89.615402221679702, 20.108940124511701 ], [ -89.580818176269503, 20.111169815063601 ], [ -89.553512573242202, 20.096572875976602 ], [ -89.535659790039105, 20.117958068847699 ], [ -89.463630676269403, 20.163650512695298 ], [ -89.419258117675696, 20.180250167846701 ], [ -89.397605895995994, 20.213670730590799 ], [ -89.361991882324205, 20.2270908355713 ], [ -89.342613220214702, 20.2901802062988 ], [ -89.331138610839801, 20.3035984039307 ], [ -89.282402038574205, 20.315572738647599 ], [ -89.218490600585895, 20.315050125122202 ], [ -89.177032470703097, 20.2970180511475 ], [ -89.165580749511705, 20.314769744873001 ], [ -89.150436401367102, 20.308130264282301 ], [ -89.126777648925696, 20.318580627441499 ], [ -89.105712890624901, 20.358341217041101 ], [ -89.097602844238196, 20.360710144043001 ], [ -89.095947265625, 20.328540802001999 ], [ -89.085487365722599, 20.314359664916999 ], [ -89.158889770507798, 20.2576904296875 ], [ -89.149269104003807, 20.2398796081543 ], [ -89.151832580566406, 20.199790954589901 ], [ -89.141036987304702, 20.184312820434599 ] ] ] } },
{ "type": "Feature", "properties": { "NAME_1": "Yucatán", "NAME_2": "Tekit" }, "geometry": { "type": "Polygon", "coordinates": [ [ [ -89.519729614257798, 20.499771118164102 ], [ -89.5164794921875, 20.512952804565501 ], [ -89.524017333984403, 20.5270175933837 ], [ -89.511177062988295, 20.532222747802699 ], [ -89.493789672851605, 20.5263595581056 ], [ -89.481636047363196, 20.5606994628907 ], [ -89.456581115722699, 20.5576896667481 ], [ -89.427299499511605, 20.60032081604 ], [ -89.412292480468693, 20.609319686889599 ], [ -89.361366271972599, 20.5895004272462 ], [ -89.334991455078097, 20.602310180663999 ], [ -89.282646179199205, 20.576169967651399 ], [ -89.237525939941406, 20.610141754150401 ], [ -89.2202529907225, 20.6007308959962 ], [ -89.253067016601605, 20.566459655761701 ], [ -89.243827819824205, 20.522020339965898 ], [ -89.282577514648395, 20.492389678955099 ], [ -89.289268493652301, 20.469379425048899 ], [ -89.314247131347699, 20.4628524780275 ], [ -89.347633361816307, 20.4912204742432 ], [ -89.398246765136705, 20.500129699706999 ], [ -89.443550109863295, 20.496650695800799 ], [ -89.477676391601605, 20.5058917999268 ], [ -89.50830078125, 20.494319915771499 ], [ -89.519729614257798, 20.499771118164102 ] ] ] } },
{ "type": "Feature", "properties": { "NAME_1": "Yucatán", "NAME_2": "Tekom" }, "geometry": { "type": "Polygon", "coordinates": [ [ [ -88.434791564941307, 20.529621124267599 ], [ -88.410400390625, 20.523260116577301 ], [ -88.396507263183594, 20.539131164550898 ], [ -88.381027221679702, 20.538089752197401 ], [ -88.369056701660199, 20.5571098327637 ], [ -88.320549011230398, 20.561759948730501 ], [ -88.318260192870994, 20.59428024292 ], [ -88.299507141113295, 20.638200759887798 ], [ -88.242294311523395, 20.625699996948399 ], [ -88.248466491699205, 20.6101894378663 ], [ -88.2689208984375, 20.593460083007901 ], [ -88.274078369140597, 20.5512104034425 ], [ -88.289596557617202, 20.548589706421001 ], [ -88.340980529785199, 20.5058002471925 ], [ -88.377899169921903, 20.49813079834 ], [ -88.407890319824205, 20.4699211120606 ], [ -88.448570251464801, 20.453638076782202 ], [ -88.471740722656193, 20.411701202392599 ], [ -88.508232116699205, 20.379129409790099 ], [ -88.502616882324105, 20.460599899291999 ], [ -88.434791564941307, 20.529621124267599 ] ] ] } },
{ "type": "Feature", "properties": { "NAME_1": "Yucatán", "NAME_2": "Telchac Pueblo" }, "geometry": { "type": "Polygon", "coordinates": [ [ [ -89.294067382812401, 21.2671298980713 ], [ -89.283760070800696, 21.268079757690501 ], [ -89.276397705078097, 21.284469604492202 ], [ -89.254837036132798, 21.275760650634801 ], [ -89.2557373046875, 21.251779556274499 ], [ -89.238746643066307, 21.2382202148437 ], [ -89.227386474609304, 21.205280303955199 ], [ -89.212951660156193, 21.199079513549801 ], [ -89.207427978515597, 21.167509078979499 ], [ -89.239067077636705, 21.1579895019532 ], [ -89.279052734375, 21.166629791259801 ], [ -89.297676086425696, 21.1564025878906 ], [ -89.312530517578097, 21.166259765625099 ], [ -89.325271606445298, 21.208421707153398 ], [ -89.297500610351406, 21.232059478759801 ], [ -89.294067382812401, 21.2671298980713 ] ] ] } },
{ "type": "Feature", "properties": { "NAME_1": "Yucatán", "NAME_2": "Telchac Puerto" }, "geometry": { "type": "Polygon", "coordinates": [ [ [ -89.387191772460895, 21.331249237060501 ], [ -89.309585571289006, 21.343748092651399 ], [ -89.246490478515597, 21.3412075042725 ], [ -89.252136230468807, 21.3195705413819 ], [ -89.288803100585895, 21.266910552978601 ], [ -89.303047180175795, 21.285779953003001 ], [ -89.340911865234403, 21.274101257324201 ], [ -89.359222412109403, 21.2825527191163 ], [ -89.381271362304702, 21.308059692382798 ], [ -89.387191772460895, 21.331249237060501 ] ] ] } },
{ "type": "Feature", "properties": { "NAME_1": "Yucatán", "NAME_2": "Temax" }, "geometry": { "type": "Polygon", "coordinates": [ [ [ -88.912757873535099, 21.0707111358643 ], [ -88.932296752929702, 21.065290451049901 ], [ -88.935043334960895, 21.054651260376001 ], [ -88.989906311035099, 21.055830001831001 ], [ -88.987518310546903, 21.0747795104981 ], [ -89.021476745605398, 21.067750930786101 ], [ -89.000785827636705, 21.0978202819825 ], [ -89.003295898437401, 21.1049709320069 ], [ -89.069549560546804, 21.090269088745199 ], [ -89.099639892578097, 21.105211257934599 ], [ -89.0997314453125, 21.114671707153299 ], [ -89.072273254394503, 21.146551132202202 ], [ -89.072456359863295, 21.174512863159201 ], [ -89.056549072265597, 21.165941238403398 ], [ -89.028213500976605, 21.1934318542482 ], [ -89.012863159179702, 21.1906719207763 ], [ -88.999313354492202, 21.211708068847599 ], [ -88.964073181152301, 21.230400085449201 ], [ -88.957466125488295, 21.250860214233501 ], [ -88.948799133300795, 21.255140304565401 ], [ -88.902671813964801, 21.257169723510799 ], [ -88.844306945800696, 21.239549636840898 ], [ -88.826072692870994, 21.157161712646499 ], [ -88.938507080078097, 21.131099700927798 ], [ -88.940193176269503, 21.120929718017599 ], [ -88.914878845214801, 21.088720321655298 ], [ -88.912757873535099, 21.0707111358643 ] ] ] } },
{ "type": "Feature", "properties": { "NAME_1": "Yucatán", "NAME_2": "Temozón" }, "geometry": { "type": "Polygon", "coordinates": [ [ [ -88.035537719726605, 20.779779434204102 ], [ -88.063072204589801, 20.7948818206788 ], [ -88.128318786621094, 20.8082580566407 ], [ -88.138702392578097, 20.7953491210938 ], [ -88.171386718749901, 20.780960083007901 ], [ -88.279808044433494, 20.776920318603501 ], [ -88.298492431640597, 20.766019821166999 ], [ -88.318328857421804, 20.7742500305175 ], [ -88.339447021484403, 20.8001804351807 ], [ -88.324562072753807, 20.807001113891701 ], [ -88.298477172851605, 20.841089248657301 ], [ -88.296592712402301, 20.872310638427699 ], [ -88.269569396972699, 20.901760101318398 ], [ -88.274192810058494, 20.935609817504901 ], [ -88.242446899414006, 20.937931060791001 ], [ -88.197242736816307, 20.956340789795 ], [ -88.153717041015597, 20.947631835937599 ], [ -88.159118652343807, 20.970422744751101 ], [ -88.153266906738196, 20.983419418335 ], [ -88.117073059082003, 21.001279830932599 ], [ -88.092468261718807, 21.000280380249102 ], [ -88.080360412597699, 21.0087203979493 ], [ -88.004066467285199, 20.982450485229499 ], [ -87.979789733886705, 21.0011405944825 ], [ -87.921081542968807, 20.979570388794102 ], [ -87.858436584472699, 20.998821258545 ], [ -87.849403381347699, 20.993869781494201 ], [ -87.843505859374901, 20.964370727539102 ], [ -87.801216125488295, 20.9303207397462 ], [ -87.756980895996094, 20.966579437255898 ], [ -87.684181213378906, 20.947689056396499 ], [ -87.673027038574205, 20.9584693908693 ], [ -87.656799316406094, 20.959060668945401 ], [ -87.652847290039105, 20.9740905761719 ], [ -87.632347106933594, 20.976089477539201 ], [ -87.602111816406193, 20.994859695434702 ], [ -87.589492797851605, 20.9860610961913 ], [ -87.575965881347699, 20.9487419128419 ], [ -87.546157836914006, 20.935541152954201 ], [ -87.611473083495994, 20.927909851074201 ], [ -87.643829345702997, 20.891149520874102 ], [ -87.687316894531094, 20.919490814208999 ], [ -87.714782714843594, 20.922878265380898 ], [ -87.743156433105497, 20.9115390777587 ], [ -87.753532409667997, 20.889570236206101 ], [ -87.793518066406193, 20.866529464721701 ], [ -87.831306457519503, 20.8778381347657 ], [ -87.848030090332003, 20.896980285644599 ], [ -87.860015869140597, 20.899280548095799 ], [ -87.899757385253906, 20.8418903350831 ], [ -87.920440673828097, 20.824279785156399 ], [ -87.927139282226506, 20.787229537963999 ], [ -87.951583862304602, 20.776100158691399 ], [ -88.027458190917898, 20.7905998229982 ], [ -88.035537719726605, 20.779779434204102 ] ] ] } },
{ "type": "Feature", "properties": { "NAME_1": "Yucatán", "NAME_2": "Tepakán" }, "geometry": { "type": "Polygon", "coordinates": [ [ [ -88.973663330078097, 20.9904804229737 ], [ -88.992301940917898, 20.9763298034669 ], [ -89.011405944824205, 20.982530593872099 ], [ -89.04736328125, 20.9787693023682 ], [ -89.050888061523395, 21.001880645751999 ], [ -89.069236755371094, 21.022630691528398 ], [ -89.083427429199205, 21.068321228027301 ], [ -89.075599670410199, 21.091640472412099 ], [ -89.003295898437401, 21.1049709320069 ], [ -89.000785827636705, 21.0978202819825 ], [ -89.021476745605398, 21.067750930786101 ], [ -88.987518310546903, 21.0747795104981 ], [ -88.992500305175696, 21.057899475097699 ], [ -88.973663330078097, 20.9904804229737 ] ] ] } },
{ "type": "Feature", "properties": { "NAME_1": "Yucatán", "NAME_2": "Tetiz" }, "geometry": { "type": "Polygon", "coordinates": [ [ [ -90.095947265625, 20.936559677124102 ], [ -90.087371826171903, 20.9505500793457 ], [ -90.074508666992202, 21.027389526367202 ], [ -90.013397216796804, 21.0449409484863 ], [ -90.000442504882798, 21.037611007690501 ], [ -89.959991455078097, 20.967100143432699 ], [ -89.937347412109403, 20.9439411163331 ], [ -89.992477416992202, 20.9054698944093 ], [ -90.069908142089801, 20.913650512695298 ], [ -90.095947265625, 20.936559677124102 ] ] ] } },
{ "type": "Feature", "properties": { "NAME_1": "Yucatán", "NAME_2": "Teya" }, "geometry": { "type": "Polygon", "coordinates": [ [ [ -89.069236755371094, 21.022630691528398 ], [ -89.128433227539105, 21.038709640502901 ], [ -89.118103027343693, 21.0791110992432 ], [ -89.099639892578097, 21.105211257934599 ], [ -89.075599670410199, 21.091640472412099 ], [ -89.083427429199205, 21.068321228027301 ], [ -89.069236755371094, 21.022630691528398 ] ] ] } },
{ "type": "Feature", "properties": { "NAME_1": "Yucatán", "NAME_2": "Ticul" }, "geometry": { "type": "Polygon", "coordinates": [ [ [ -89.472511291503906, 20.308799743652301 ], [ -89.490463256835895, 20.280361175537202 ], [ -89.532058715820298, 20.2586994171143 ], [ -89.553848266601406, 20.2205696105957 ], [ -89.575836181640597, 20.204660415649499 ], [ -89.605133056640597, 20.2058811187744 ], [ -89.622787475585895, 20.251592636108501 ], [ -89.611839294433594, 20.291200637817401 ], [ -89.611007690429702, 20.330869674682599 ], [ -89.616447448730497, 20.339401245117202 ], [ -89.650932312011605, 20.311832427978601 ], [ -89.658554077148395, 20.3961505889894 ], [ -89.637931823730398, 20.422092437744201 ], [ -89.598846435546804, 20.384559631347699 ], [ -89.549102783203097, 20.4256401062012 ], [ -89.535438537597599, 20.426700592041101 ], [ -89.515701293945199, 20.3939609527588 ], [ -89.532516479492202, 20.354650497436602 ], [ -89.472511291503906, 20.308799743652301 ] ] ] } },
{ "type": "Feature", "properties": { "NAME_1": "Yucatán", "NAME_2": "Timucuy" }, "geometry": { "type": "Polygon", "coordinates": [ [ [ -89.523246765136705, 20.760892868042099 ], [ -89.561943054199205, 20.7714519500732 ], [ -89.596069335937401, 20.7623100280762 ], [ -89.608177185058494, 20.803550720214801 ], [ -89.596969604492202, 20.866661071777301 ], [ -89.546180725097699, 20.8531398773193 ], [ -89.538085937499901, 20.839830398559599 ], [ -89.541023254394503, 20.8229694366456 ], [ -89.518386840820298, 20.797189712524499 ], [ -89.523246765136705, 20.760892868042099 ] ] ] } },
{ "type": "Feature", "properties": { "NAME_1": "Yucatán", "NAME_2": "Tinúm" }, "geometry": { "type": "Polygon", "coordinates": [ [ [ -88.532341003417898, 20.620431900024499 ], [ -88.558647155761705, 20.6173610687256 ], [ -88.572418212890597, 20.626831054687599 ], [ -88.596450805664006, 20.612110137939599 ], [ -88.604507446289105, 20.61602973938 ], [ -88.618621826171903, 20.6533298492432 ], [ -88.614112854003906, 20.6863307952882 ], [ -88.633979797363295, 20.697130203247202 ], [ -88.618263244628807, 20.772260665893601 ], [ -88.600936889648295, 20.807970046996999 ], [ -88.563316345214801, 20.8159694671631 ], [ -88.531517028808594, 20.7888107299806 ], [ -88.527175903320298, 20.766870498657301 ], [ -88.514602661132798, 20.7565097808838 ], [ -88.485397338867202, 20.764869689941399 ], [ -88.462150573730398, 20.792140960693501 ], [ -88.449996948242202, 20.849220275878999 ], [ -88.438171386718807, 20.845689773559702 ], [ -88.426338195800795, 20.8543796539307 ], [ -88.408676147460795, 20.846389770507901 ], [ -88.391830444335895, 20.809040069580099 ], [ -88.390846252441307, 20.7519016265869 ], [ -88.428977966308494, 20.728111267089901 ], [ -88.434600830078097, 20.692138671874901 ], [ -88.469856262207003, 20.673650741577099 ], [ -88.486297607421804, 20.655391693115298 ], [ -88.531005859374901, 20.648790359497099 ], [ -88.532341003417898, 20.620431900024499 ] ] ] } },
{ "type": "Feature", "properties": { "NAME_1": "Yucatán", "NAME_2": "Tixcacalcupul" }, "geometry": { "type": "Polygon", "coordinates": [ [ [ -88.463195800781193, 20.181230545043899 ], [ -88.527893066406193, 20.157051086425799 ], [ -88.547698974609304, 20.229650497436602 ], [ -88.542793273925795, 20.262861251831101 ], [ -88.504081726074205, 20.2954807281494 ], [ -88.476753234863196, 20.2983798980713 ], [ -88.445739746093693, 20.318901062011701 ], [ -88.459220886230398, 20.338779449463001 ], [ -88.460617065429602, 20.369750976562599 ], [ -88.440505981445298, 20.4264526367187 ], [ -88.442222595214801, 20.457910537719801 ], [ -88.407890319824205, 20.4699211120606 ], [ -88.377899169921903, 20.49813079834 ], [ -88.340980529785199, 20.5058002471925 ], [ -88.289596557617202, 20.548589706421001 ], [ -88.274078369140597, 20.5512104034425 ], [ -88.259056091308594, 20.5184726715088 ], [ -88.282707214355497, 20.468481063842798 ], [ -88.264137268066406, 20.434169769287099 ], [ -88.2669677734375, 20.3982028961182 ], [ -88.256401062011705, 20.373189926147401 ], [ -88.272399902343594, 20.343458175659201 ], [ -88.260200500488295, 20.310768127441499 ], [ -88.261962890625, 20.254810333251999 ], [ -88.276168823242202, 20.2529296875 ], [ -88.304283142089801, 20.3108100891113 ], [ -88.320693969726605, 20.318550109863299 ], [ -88.353729248046804, 20.316909790039201 ], [ -88.381889343261705, 20.285219192504901 ], [ -88.412849426269503, 20.200559616088999 ], [ -88.463195800781193, 20.181230545043899 ] ] ] } },
{ "type": "Feature", "properties": { "NAME_1": "Yucatán", "NAME_2": "Tixkokob" }, "geometry": { "type": "Polygon", "coordinates": [ [ [ -89.420646667480497, 20.971450805664102 ], [ -89.431816101074205, 20.988428115844702 ], [ -89.493309020996094, 20.9939708709718 ], [ -89.508987426757798, 21.0036525726319 ], [ -89.509696960449105, 21.012689590454102 ], [ -89.489517211914105, 21.0325107574463 ], [ -89.438552856445199, 21.034420013427699 ], [ -89.443626403808594, 21.074020385742202 ], [ -89.399047851562401, 21.0899181365968 ], [ -89.396652221679602, 21.057340621948399 ], [ -89.383819580078097, 21.046831130981399 ], [ -89.381752014160199, 21.0098400115968 ], [ -89.364456176757798, 21.0023708343507 ], [ -89.336288452148395, 21.0035305023194 ], [ -89.344047546386705, 20.956739425659201 ], [ -89.329887390136705, 20.927219390869102 ], [ -89.361526489257798, 20.8826808929443 ], [ -89.387207031249901, 20.8925895690919 ], [ -89.399162292480398, 20.907281875610501 ], [ -89.420646667480497, 20.971450805664102 ] ] ] } },
{ "type": "Feature", "properties": { "NAME_1": "Yucatán", "NAME_2": "Tixméhuac" }, "geometry": { "type": "Polygon", "coordinates": [ [ [ -89.127716064453097, 20.1821308135987 ], [ -89.143081665039006, 20.185270309448399 ], [ -89.150695800781193, 20.196130752563501 ], [ -89.149269104003807, 20.2398796081543 ], [ -89.157272338867202, 20.2611293792725 ], [ -89.087707519531193, 20.311550140380898 ], [ -89.093147277832003, 20.340681076049901 ], [ -89.079147338867202, 20.343059539794901 ], [ -89.040206909179702, 20.328689575195401 ], [ -89.020393371582003, 20.333602905273398 ], [ -89.008850097656193, 20.290279388427798 ], [ -89.052085876464801, 20.286720275878999 ], [ -89.053443908691307, 20.256650924682599 ], [ -89.110198974609304, 20.187971115112401 ], [ -89.127716064453097, 20.1821308135987 ] ] ] } },
{ "type": "Feature", "properties": { "NAME_1": "Yucatán", "NAME_2": "Tixpéhual" }, "geometry": { "type": "Polygon", "coordinates": [ [ [ -89.548736572265597, 20.952449798583999 ], [ -89.548301696777301, 20.982427597045898 ], [ -89.537231445312401, 21.0100612640381 ], [ -89.552757263183594, 21.039199829101602 ], [ -89.537338256835895, 21.054821014404201 ], [ -89.502510070800696, 21.030200958252099 ], [ -89.510482788085895, 21.008268356323299 ], [ -89.504188537597699, 20.999570846557599 ], [ -89.438728332519503, 20.990890502929702 ], [ -89.420646667480497, 20.971450805664102 ], [ -89.471046447753807, 20.900840759277301 ], [ -89.527893066406193, 20.921079635620199 ], [ -89.548736572265597, 20.952449798583999 ] ] ] } },
{ "type": "Feature", "properties": { "NAME_1": "Yucatán", "NAME_2": "Tizimín" }, "geometry": { "type": "Polygon", "coordinates": [ [ [ -88.169319152832003, 21.4980182647706 ], [ -88.174842834472699, 21.513280868530298 ], [ -88.167007446289006, 21.5234603881837 ], [ -88.134109497070298, 21.506130218505898 ], [ -88.101325988769503, 21.503721237182599 ], [ -88.116020202636705, 21.5477905273438 ], [ -88.082267761230497, 21.562320709228601 ], [ -88.048286437988196, 21.5644226074219 ], [ -88.003578186035199, 21.553190231323299 ], [ -87.944030761718693, 21.566806793212901 ], [ -87.918746948242102, 21.558195114135899 ], [ -87.900695800781193, 21.567918777465799 ], [ -87.885696411132798, 21.560417175293001 ], [ -87.876808166503807, 21.5659713745118 ], [ -87.859306335449205, 21.557361602783299 ], [ -87.837913513183594, 21.55930519104 ], [ -87.815414428710895, 21.5259723663331 ], [ -87.772087097167898, 21.5043048858644 ], [ -87.724586486816307, 21.497638702392599 ], [ -87.719863891601605, 21.5034713745118 ], [ -87.686248779296804, 21.5023612976075 ], [ -87.675971984863196, 21.4904174804688 ], [ -87.661529541015597, 21.488193511962901 ], [ -87.658195495605398, 21.495693206787202 ], [ -87.651802062988295, 21.498195648193398 ], [ -87.655136108398395, 21.4895839691162 ], [ -87.613746643066406, 21.482082366943398 ], [ -87.591247558593693, 21.493749618530199 ], [ -87.763191223144503, 21.529306411743299 ], [ -87.832359313964801, 21.555416107177798 ], [ -87.837081909179702, 21.560693740844801 ], [ -87.892913818359304, 21.585138320922901 ], [ -87.960693359375, 21.604303359985401 ], [ -87.957359313964801, 21.608472824096701 ], [ -87.735420227050795, 21.528749465942301 ], [ -87.514305114745994, 21.488471984863299 ], [ -87.538398742675795, 21.486421585083001 ], [ -87.526947021484403, 21.386680603027401 ], [ -87.527816772460895, 21.2713508605957 ], [ -87.530967712402301, 21.2594394683837 ], [ -87.569396972656193, 21.220018386840799 ], [ -87.566581726074105, 21.195629119873001 ], [ -87.587730407714801, 21.130670547485501 ], [ -87.585220336914105, 21.1084804534912 ], [ -87.556579589843807, 21.056739807128999 ], [ -87.528846740722699, 20.977371215820401 ], [ -87.546157836914006, 20.935541152954201 ], [ -87.575965881347699, 20.9487419128419 ], [ -87.589492797851605, 20.9860610961913 ], [ -87.602111816406193, 20.994859695434702 ], [ -87.632347106933594, 20.976089477539201 ], [ -87.652847290039105, 20.9740905761719 ], [ -87.656799316406094, 20.959060668945401 ], [ -87.673027038574205, 20.9584693908693 ], [ -87.684181213378906, 20.947689056396499 ], [ -87.756980895996094, 20.966579437255898 ], [ -87.792137145996094, 20.932489395141701 ], [ -87.808326721191307, 20.930538177490298 ], [ -87.845619201660099, 20.9670314788819 ], [ -87.8525390625, 20.996797561645501 ], [ -87.870140075683494, 20.99928855896 ], [ -87.921081542968807, 20.979570388794102 ], [ -87.975212097167898, 21.000892639160298 ], [ -87.995498657226605, 20.992509841918999 ], [ -88.036308288574205, 21.022590637207099 ], [ -88.089942932128807, 21.042892456054801 ], [ -88.160850524902301, 21.115110397338999 ], [ -88.188377380370994, 21.081130981445401 ], [ -88.194992065429702, 21.088142395019499 ], [ -88.189758300781193, 21.114820480346701 ], [ -88.211959838867202, 21.108739852905298 ], [ -88.246856689453097, 21.063249588012798 ], [ -88.266006469726406, 21.081031799316499 ], [ -88.274726867675795, 21.142639160156399 ], [ -88.275230407714801, 21.256200790405298 ], [ -88.293617248535199, 21.297559738159201 ], [ -88.284400939941307, 21.3155307769775 ], [ -88.269706726074205, 21.3112697601318 ], [ -88.262680053710895, 21.322160720825298 ], [ -88.2303466796875, 21.311292648315501 ], [ -88.214706420898395, 21.322830200195401 ], [ -88.195152282714702, 21.3219509124756 ], [ -88.170677185058594, 21.361339569091701 ], [ -88.167236328125, 21.387580871581999 ], [ -88.127319335937401, 21.412849426269599 ], [ -88.112266540527301, 21.437740325927798 ], [ -88.117271423339801, 21.454561233520501 ], [ -88.169319152832003, 21.4980182647706 ] ] ] } },
{ "type": "Feature", "properties": { "NAME_1": "Yucatán", "NAME_2": "Tunkás" }, "geometry": { "type": "Polygon", "coordinates": [ [ [ -88.678497314453097, 20.834108352661101 ], [ -88.690406799316406, 20.807430267334102 ], [ -88.725990295410199, 20.804559707641602 ], [ -88.749877929687401, 20.826950073242301 ], [ -88.769058227539006, 20.831701278686602 ], [ -88.778648376464801, 20.854408264160298 ], [ -88.797943115234304, 20.8535881042482 ], [ -88.809387207031193, 20.870239257812599 ], [ -88.845397949218807, 20.890230178833001 ], [ -88.858016967773395, 20.964120864868299 ], [ -88.837677001953097, 20.958681106567401 ], [ -88.831275939941406, 20.981901168823299 ], [ -88.765426635742102, 20.969020843505898 ], [ -88.724662780761705, 20.996860504150401 ], [ -88.661430358886705, 20.985170364379901 ], [ -88.647407531738295, 20.951408386230501 ], [ -88.673233032226605, 20.900781631469801 ], [ -88.678497314453097, 20.834108352661101 ] ] ] } },
{ "type": "Feature", "properties": { "NAME_1": "Yucatán", "NAME_2": "Tzucacab" }, "geometry": { "type": "Polygon", "coordinates": [ [ [ -89.1490478515625, 19.894100189208999 ], [ -89.177101135253906, 19.9346008300781 ], [ -89.178253173828097, 19.998380661010899 ], [ -89.209381103515497, 20.0290718078613 ], [ -89.206298828124901, 20.045019149780298 ], [ -89.238990783691406, 20.132450103759801 ], [ -89.231658935546903, 20.1362609863282 ], [ -89.208992004394503, 20.116331100463899 ], [ -89.141036987304702, 20.184312820434599 ], [ -89.127716064453097, 20.1821308135987 ], [ -89.116737365722699, 20.161870956420898 ], [ -89.118171691894503, 20.137960433960099 ], [ -89.091361999511705, 20.1226196289062 ], [ -89.064407348632798, 20.143531799316499 ], [ -89.042388916015597, 20.134141921997099 ], [ -89.003807067871094, 20.139570236206101 ], [ -88.983062744140597, 20.073730468750099 ], [ -89.022491455078097, 20.0131015777588 ], [ -88.989471435546903, 19.965520858764702 ], [ -88.986526489257798, 19.9450492858887 ], [ -88.988716125488295, 19.933130264282202 ], [ -89.055732727050696, 19.931819915771499 ], [ -89.087593078613196, 19.912469863891499 ], [ -89.1490478515625, 19.894100189208999 ] ] ] } },
{ "type": "Feature", "properties": { "NAME_1": "Yucatán", "NAME_2": "Uayma" }, "geometry": { "type": "Polygon", "coordinates": [ [ [ -88.298492431640597, 20.766019821166999 ], [ -88.291542053222599, 20.725000381469702 ], [ -88.3111572265625, 20.715040206909201 ], [ -88.315956115722599, 20.6909294128418 ], [ -88.414787292480497, 20.692619323730501 ], [ -88.432556152343807, 20.683008193969801 ], [ -88.430877685546804, 20.725032806396602 ], [ -88.390846252441307, 20.7519016265869 ], [ -88.391830444335895, 20.809040069580099 ], [ -88.343818664550696, 20.803287506103501 ], [ -88.318328857421804, 20.7742500305175 ], [ -88.298492431640597, 20.766019821166999 ] ] ] } },
{ "type": "Feature", "properties": { "NAME_1": "Yucatán", "NAME_2": "Ucú" }, "geometry": { "type": "Polygon", "coordinates": [ [ [ -89.828453063964801, 21.0990600585938 ], [ -89.810768127441307, 21.0983104705812 ], [ -89.779182434082003, 21.0348205566407 ], [ -89.778831481933594, 21.009521484374901 ], [ -89.786468505859403, 21.0024929046631 ], [ -89.796592712402301, 21.000020980835 ], [ -89.830062866210895, 21.024999618530298 ], [ -89.828453063964801, 21.0990600585938 ] ] ] } },
{ "type": "Feature", "properties": { "NAME_1": "Yucatán", "NAME_2": "Umán" }, "geometry": { "type": "Polygon", "coordinates": [ [ [ -89.884109497070199, 20.784032821655199 ], [ -89.865066528320298, 20.8240890502931 ], [ -89.822402954101406, 20.872350692748999 ], [ -89.822288513183494, 20.896511077880799 ], [ -89.846786499023395, 20.9121608734132 ], [ -89.807212829589801, 20.918800354003899 ], [ -89.796089172363295, 20.928390502929702 ], [ -89.771636962890597, 20.92333984375 ], [ -89.758743286132798, 20.931949615478601 ], [ -89.733711242675696, 20.913379669189499 ], [ -89.713241577148395, 20.9244194030762 ], [ -89.6988525390625, 20.922241210937599 ], [ -89.693626403808494, 20.899721145629901 ], [ -89.698249816894503, 20.8095397949219 ], [ -89.705947875976506, 20.796501159668001 ], [ -89.740997314453097, 20.7813205718994 ], [ -89.748077392578097, 20.731399536132901 ], [ -89.766777038574205, 20.702421188354499 ], [ -89.784812927245994, 20.7097911834718 ], [ -89.800277709960795, 20.689540863037202 ], [ -89.813102722167997, 20.692449569702301 ], [ -89.818717956542997, 20.719768524169901 ], [ -89.834449768066406, 20.7188396453857 ], [ -89.882263183593693, 20.760820388794102 ], [ -89.884109497070199, 20.784032821655199 ] ] ] } },
{ "type": "Feature", "properties": { "NAME_1": "Yucatán", "NAME_2": "Valladolid" }, "geometry": { "type": "Polygon", "coordinates": [ [ [ -87.958442687988196, 20.456150054931602 ], [ -88.008140563964801, 20.434930801391602 ], [ -88.058502197265597, 20.441400527954102 ], [ -88.108558654785, 20.426080703735501 ], [ -88.128005981445298, 20.4309406280518 ], [ -88.147987365722699, 20.456300735473601 ], [ -88.121978759765597, 20.4899597167968 ], [ -88.139801025390597, 20.512060165405298 ], [ -88.156036376953097, 20.518882751464901 ], [ -88.173393249511705, 20.545520782470799 ], [ -88.184326171875, 20.5920505523681 ], [ -88.219673156738295, 20.645389556884801 ], [ -88.232208251953097, 20.643070220947301 ], [ -88.242294311523395, 20.625699996948399 ], [ -88.301589965820298, 20.6402301788331 ], [ -88.318489074707003, 20.6834812164307 ], [ -88.3111572265625, 20.715040206909201 ], [ -88.291542053222599, 20.725000381469702 ], [ -88.3008193969725, 20.7618808746338 ], [ -88.295272827148395, 20.769729614257901 ], [ -88.226150512695298, 20.782579421997202 ], [ -88.171386718749901, 20.780960083007901 ], [ -88.138702392578097, 20.7953491210938 ], [ -88.128318786621094, 20.8082580566407 ], [ -88.063072204589801, 20.7948818206788 ], [ -88.035537719726605, 20.779779434204102 ], [ -88.060958862304602, 20.742309570312401 ], [ -88.068756103515597, 20.7129211425782 ], [ -88.063941955566406, 20.700580596923899 ], [ -88.030548095702997, 20.675399780273398 ], [ -88.025016784667898, 20.653049468994201 ], [ -88.035949707031193, 20.637939453125099 ], [ -88.030265808105497, 20.619060516357401 ], [ -87.988098144531193, 20.584730148315401 ], [ -87.9844970703125, 20.561479568481602 ], [ -87.996665954589801, 20.542278289795 ], [ -87.996276855468693, 20.528100967407301 ], [ -87.958442687988196, 20.456150054931602 ] ] ] } },
{ "type": "Feature", "properties": { "NAME_1": "Yucatán", "NAME_2": "Xocchel" }, "geometry": { "type": "Polygon", "coordinates": [ [ [ -89.090316772460895, 20.7952785491943 ], [ -89.185661315917997, 20.835069656372099 ], [ -89.230926513671804, 20.821479797363299 ], [ -89.234931945800696, 20.845792770385899 ], [ -89.199806213378906, 20.868431091308601 ], [ -89.159011840820298, 20.8613605499269 ], [ -89.112167358398395, 20.875320434570401 ], [ -89.074913024902202, 20.844800949096701 ], [ -89.075866699218594, 20.822570800781399 ], [ -89.090316772460895, 20.7952785491943 ] ] ] } },
{ "type": "Feature", "properties": { "NAME_1": "Yucatán", "NAME_2": "Yaxcabá" }, "geometry": { "type": "Polygon", "coordinates": [ [ [ -88.970596313476605, 20.468601226806701 ], [ -88.946052551269503, 20.498590469360298 ], [ -88.944602966308594, 20.531620025634901 ], [ -88.905426025390597, 20.557870864868299 ], [ -88.894920349120994, 20.590660095215 ], [ -88.862541198730497, 20.625320434570401 ], [ -88.82421875, 20.726789474487401 ], [ -88.783805847167997, 20.763229370117301 ], [ -88.755577087402301, 20.816911697387798 ], [ -88.746566772460795, 20.8225498199463 ], [ -88.725990295410199, 20.804559707641602 ], [ -88.692947387695298, 20.806480407714901 ], [ -88.678497314453097, 20.834108352661101 ], [ -88.658126831054602, 20.824550628662202 ], [ -88.611961364746094, 20.831640243530298 ], [ -88.596496582031193, 20.8124599456787 ], [ -88.618263244628807, 20.772260665893601 ], [ -88.633979797363295, 20.697130203247202 ], [ -88.614112854003906, 20.6863307952882 ], [ -88.619628906249901, 20.6579895019532 ], [ -88.604759216308594, 20.622341156005898 ], [ -88.603767395019503, 20.560819625854599 ], [ -88.611152648925795, 20.532470703125099 ], [ -88.675079345703097, 20.4391994476318 ], [ -88.679100036621094, 20.418870925903299 ], [ -88.672500610351605, 20.401590347290099 ], [ -88.64892578125, 20.415180206298899 ], [ -88.629707336425696, 20.400020599365298 ], [ -88.633041381835895, 20.354200363159201 ], [ -88.643936157226506, 20.342269897461001 ], [ -88.602676391601605, 20.2511596679687 ], [ -88.629753112792997, 20.2040309906006 ], [ -88.665390014648395, 20.225809097290199 ], [ -88.745666503906193, 20.222549438476499 ], [ -88.797286987304602, 20.255580902099702 ], [ -88.808853149414105, 20.296850204467901 ], [ -88.846809387207003, 20.308610916137798 ], [ -88.867691040039105, 20.3284606933594 ], [ -88.886360168457003, 20.322458267211999 ], [ -88.883018493652301, 20.357618331909201 ], [ -88.895683288574205, 20.390251159668001 ], [ -88.895622253417898, 20.4268112182618 ], [ -88.941856384277301, 20.441560745239201 ], [ -88.970596313476605, 20.468601226806701 ] ] ] } },
{ "type": "Feature", "properties": { "NAME_1": "Yucatán", "NAME_2": "Yaxkukul" }, "geometry": { "type": "Polygon", "coordinates": [ [ [ -89.500762939453097, 21.025369644165199 ], [ -89.537338256835895, 21.054821014404201 ], [ -89.511611938476605, 21.084190368652401 ], [ -89.480445861816406, 21.079210281372099 ], [ -89.450218200683594, 21.095830917358501 ], [ -89.435935974121094, 21.037229537963899 ], [ -89.489517211914105, 21.0325107574463 ], [ -89.500762939453097, 21.025369644165199 ] ] ] } },
{ "type": "Feature", "properties": { "NAME_1": "Yucatán", "NAME_2": "Yobaín" }, "geometry": { "type": "Polygon", "coordinates": [ [ [ -89.158668518066406, 21.355138778686499 ], [ -89.064117431640597, 21.367916107177798 ], [ -89.050651550292997, 21.329839706421001 ], [ -89.075256347656193, 21.283220291137798 ], [ -89.0703125, 21.259729385376001 ], [ -89.083580017089801, 21.230659484863299 ], [ -89.074539184570298, 21.2050495147706 ], [ -89.093162536621094, 21.189380645751999 ], [ -89.107597351074205, 21.193510055542099 ], [ -89.155960083007798, 21.1768302917481 ], [ -89.168846130370994, 21.227281570434599 ], [ -89.144912719726406, 21.272489547729599 ], [ -89.175796508789006, 21.3129997253419 ], [ -89.158668518066406, 21.355138778686499 ] ] ] } }
]
}
